#This file was generated using SimGrid-3.35.0
#[bin/runner topo/2Dmesh/platform_2dmesh_8x16.xml mpi 4194304 512 0 mpi_2Dmesh_N128_MSG4194304_R0.json ]
%EventDef PajeDefineContainerType 0
%       Alias string
%       Type string
%       Name string
%EndEventDef
%EventDef PajeDefineVariableType 1
%       Alias string
%       Type string
%       Name string
%       Color color
%EndEventDef
%EventDef PajeDefineStateType 2
%       Alias string
%       Type string
%       Name string
%EndEventDef
%EventDef PajeDefineEventType 3
%       Alias string
%       Type string
%       Name string
%EndEventDef
%EventDef PajeDefineLinkType 4
%       Alias string
%       Type string
%       StartContainerType string
%       EndContainerType string
%       Name string
%EndEventDef
%EventDef PajeDefineEntityValue 5
%       Alias string
%       Type string
%       Name string
%       Color color
%EndEventDef
%EventDef PajeCreateContainer 6
%       Time date
%       Alias string
%       Type string
%       Container string
%       Name string
%EndEventDef
%EventDef PajeDestroyContainer 7
%       Time date
%       Type string
%       Name string
%EndEventDef
%EventDef PajeSetVariable 8
%       Time date
%       Type string
%       Container string
%       Value double
%EndEventDef
%EventDef PajeAddVariable 9
%       Time date
%       Type string
%       Container string
%       Value double
%EndEventDef
%EventDef PajeSubVariable 10
%       Time date
%       Type string
%       Container string
%       Value double
%EndEventDef
%EventDef PajeSetState 11
%       Time date
%       Type string
%       Container string
%       Value string
%EndEventDef
%EventDef PajePushState 12
%       Time date
%       Type string
%       Container string
%       Value string
%       Size int
%EndEventDef
%EventDef PajePopState 13
%       Time date
%       Type string
%       Container string
%EndEventDef
%EventDef PajeResetState 14
%       Time date
%       Type string
%       Container string
%EndEventDef
%EventDef PajeStartLink 15
%       Time date
%       Type string
%       Container string
%       Value string
%       StartContainer string
%       Key string
%       Size int
%EndEventDef
%EventDef PajeEndLink 16
%       Time date
%       Type string
%       Container string
%       Value string
%       EndContainer string
%       Key string
%EndEventDef
%EventDef PajeNewEvent 17
%       Time date
%       Type string
%       Container string
%       Value string
%EndEventDef
0 1 0 MPI
2 2 1 MPI_STATE
4 3 0 1 1 MPI_LINK
4 4 0 1 1 MIGRATE_LINK
2 5 1 MIGRATE_STATE
6 0.000000 1 1 0 "rank-0"
6 0.000000 2 1 0 "rank-1"
6 0.000000 3 1 0 "rank-2"
6 0.000000 4 1 0 "rank-3"
6 0.000000 5 1 0 "rank-4"
6 0.000000 6 1 0 "rank-5"
6 0.000000 7 1 0 "rank-6"
6 0.000000 8 1 0 "rank-7"
6 0.000000 9 1 0 "rank-8"
6 0.000000 10 1 0 "rank-9"
6 0.000000 11 1 0 "rank-10"
6 0.000000 12 1 0 "rank-11"
6 0.000000 13 1 0 "rank-12"
6 0.000000 14 1 0 "rank-13"
6 0.000000 15 1 0 "rank-14"
6 0.000000 16 1 0 "rank-15"
6 0.000000 17 1 0 "rank-16"
6 0.000000 18 1 0 "rank-17"
6 0.000000 19 1 0 "rank-18"
6 0.000000 20 1 0 "rank-19"
6 0.000000 21 1 0 "rank-20"
6 0.000000 22 1 0 "rank-21"
6 0.000000 23 1 0 "rank-22"
6 0.000000 24 1 0 "rank-23"
6 0.000000 25 1 0 "rank-24"
6 0.000000 26 1 0 "rank-25"
6 0.000000 27 1 0 "rank-26"
6 0.000000 28 1 0 "rank-27"
6 0.000000 29 1 0 "rank-28"
6 0.000000 30 1 0 "rank-29"
6 0.000000 31 1 0 "rank-30"
6 0.000000 32 1 0 "rank-31"
6 0.000000 33 1 0 "rank-32"
6 0.000000 34 1 0 "rank-33"
6 0.000000 35 1 0 "rank-34"
6 0.000000 36 1 0 "rank-35"
6 0.000000 37 1 0 "rank-36"
6 0.000000 38 1 0 "rank-37"
6 0.000000 39 1 0 "rank-38"
6 0.000000 40 1 0 "rank-39"
6 0.000000 41 1 0 "rank-40"
6 0.000000 42 1 0 "rank-41"
6 0.000000 43 1 0 "rank-42"
6 0.000000 44 1 0 "rank-43"
6 0.000000 45 1 0 "rank-44"
6 0.000000 46 1 0 "rank-45"
6 0.000000 47 1 0 "rank-46"
6 0.000000 48 1 0 "rank-47"
6 0.000000 49 1 0 "rank-48"
6 0.000000 50 1 0 "rank-49"
6 0.000000 51 1 0 "rank-50"
6 0.000000 52 1 0 "rank-51"
6 0.000000 53 1 0 "rank-52"
6 0.000000 54 1 0 "rank-53"
6 0.000000 55 1 0 "rank-54"
6 0.000000 56 1 0 "rank-55"
6 0.000000 57 1 0 "rank-56"
6 0.000000 58 1 0 "rank-57"
6 0.000000 59 1 0 "rank-58"
6 0.000000 60 1 0 "rank-59"
6 0.000000 61 1 0 "rank-60"
6 0.000000 62 1 0 "rank-61"
6 0.000000 63 1 0 "rank-62"
6 0.000000 64 1 0 "rank-63"
6 0.000000 65 1 0 "rank-64"
6 0.000000 66 1 0 "rank-65"
6 0.000000 67 1 0 "rank-66"
6 0.000000 68 1 0 "rank-67"
6 0.000000 69 1 0 "rank-68"
6 0.000000 70 1 0 "rank-69"
6 0.000000 71 1 0 "rank-70"
6 0.000000 72 1 0 "rank-71"
6 0.000000 73 1 0 "rank-72"
6 0.000000 74 1 0 "rank-73"
6 0.000000 75 1 0 "rank-74"
6 0.000000 76 1 0 "rank-75"
6 0.000000 77 1 0 "rank-76"
6 0.000000 78 1 0 "rank-77"
6 0.000000 79 1 0 "rank-78"
6 0.000000 80 1 0 "rank-79"
6 0.000000 81 1 0 "rank-80"
6 0.000000 82 1 0 "rank-81"
6 0.000000 83 1 0 "rank-82"
6 0.000000 84 1 0 "rank-83"
6 0.000000 85 1 0 "rank-84"
6 0.000000 86 1 0 "rank-85"
6 0.000000 87 1 0 "rank-86"
6 0.000000 88 1 0 "rank-87"
6 0.000000 89 1 0 "rank-88"
6 0.000000 90 1 0 "rank-89"
6 0.000000 91 1 0 "rank-90"
6 0.000000 92 1 0 "rank-91"
6 0.000000 93 1 0 "rank-92"
6 0.000000 94 1 0 "rank-93"
6 0.000000 95 1 0 "rank-94"
6 0.000000 96 1 0 "rank-95"
6 0.000000 97 1 0 "rank-96"
6 0.000000 98 1 0 "rank-97"
6 0.000000 99 1 0 "rank-98"
6 0.000000 100 1 0 "rank-99"
6 0.000000 101 1 0 "rank-100"
6 0.000000 102 1 0 "rank-101"
6 0.000000 103 1 0 "rank-102"
6 0.000000 104 1 0 "rank-103"
6 0.000000 105 1 0 "rank-104"
6 0.000000 106 1 0 "rank-105"
6 0.000000 107 1 0 "rank-106"
6 0.000000 108 1 0 "rank-107"
6 0.000000 109 1 0 "rank-108"
6 0.000000 110 1 0 "rank-109"
6 0.000000 111 1 0 "rank-110"
6 0.000000 112 1 0 "rank-111"
6 0.000000 113 1 0 "rank-112"
6 0.000000 114 1 0 "rank-113"
6 0.000000 115 1 0 "rank-114"
6 0.000000 116 1 0 "rank-115"
6 0.000000 117 1 0 "rank-116"
6 0.000000 118 1 0 "rank-117"
6 0.000000 119 1 0 "rank-118"
6 0.000000 120 1 0 "rank-119"
6 0.000000 121 1 0 "rank-120"
6 0.000000 122 1 0 "rank-121"
6 0.000000 123 1 0 "rank-122"
6 0.000000 124 1 0 "rank-123"
6 0.000000 125 1 0 "rank-124"
6 0.000000 126 1 0 "rank-125"
6 0.000000 127 1 0 "rank-126"
6 0.000000 128 1 0 "rank-127"
5 6 2 PMPI_Init "0 1 0"
5 7 2 PMPI_Barrier "0 0.39 0.78"
12 0.000000 2 1 6 NA
13 0.000000 2 1 
12 0.000000 2 2 6 NA
13 0.000000 2 2 
12 0.000000 2 3 6 NA
13 0.000000 2 3 
12 0.000000 2 4 6 NA
13 0.000000 2 4 
12 0.000000 2 5 6 NA
13 0.000000 2 5 
12 0.000000 2 6 6 NA
13 0.000000 2 6 
12 0.000000 2 7 6 NA
13 0.000000 2 7 
12 0.000000 2 8 6 NA
13 0.000000 2 8 
12 0.000000 2 9 6 NA
13 0.000000 2 9 
12 0.000000 2 10 6 NA
13 0.000000 2 10 
12 0.000000 2 11 6 NA
13 0.000000 2 11 
12 0.000000 2 12 6 NA
13 0.000000 2 12 
12 0.000000 2 13 6 NA
13 0.000000 2 13 
12 0.000000 2 14 6 NA
13 0.000000 2 14 
12 0.000000 2 15 6 NA
13 0.000000 2 15 
12 0.000000 2 16 6 NA
13 0.000000 2 16 
12 0.000000 2 17 6 NA
13 0.000000 2 17 
12 0.000000 2 18 6 NA
13 0.000000 2 18 
12 0.000000 2 19 6 NA
13 0.000000 2 19 
12 0.000000 2 20 6 NA
13 0.000000 2 20 
12 0.000000 2 21 6 NA
13 0.000000 2 21 
12 0.000000 2 22 6 NA
13 0.000000 2 22 
12 0.000000 2 23 6 NA
13 0.000000 2 23 
12 0.000000 2 24 6 NA
13 0.000000 2 24 
12 0.000000 2 25 6 NA
13 0.000000 2 25 
12 0.000000 2 26 6 NA
13 0.000000 2 26 
12 0.000000 2 27 6 NA
13 0.000000 2 27 
12 0.000000 2 28 6 NA
13 0.000000 2 28 
12 0.000000 2 29 6 NA
13 0.000000 2 29 
12 0.000000 2 30 6 NA
13 0.000000 2 30 
12 0.000000 2 31 6 NA
13 0.000000 2 31 
12 0.000000 2 32 6 NA
13 0.000000 2 32 
12 0.000000 2 33 6 NA
13 0.000000 2 33 
12 0.000000 2 34 6 NA
13 0.000000 2 34 
12 0.000000 2 35 6 NA
13 0.000000 2 35 
12 0.000000 2 36 6 NA
13 0.000000 2 36 
12 0.000000 2 37 6 NA
13 0.000000 2 37 
12 0.000000 2 38 6 NA
13 0.000000 2 38 
12 0.000000 2 39 6 NA
13 0.000000 2 39 
12 0.000000 2 40 6 NA
13 0.000000 2 40 
12 0.000000 2 41 6 NA
13 0.000000 2 41 
12 0.000000 2 42 6 NA
13 0.000000 2 42 
12 0.000000 2 43 6 NA
13 0.000000 2 43 
12 0.000000 2 44 6 NA
13 0.000000 2 44 
12 0.000000 2 45 6 NA
13 0.000000 2 45 
12 0.000000 2 46 6 NA
13 0.000000 2 46 
12 0.000000 2 47 6 NA
13 0.000000 2 47 
12 0.000000 2 48 6 NA
13 0.000000 2 48 
12 0.000000 2 49 6 NA
13 0.000000 2 49 
12 0.000000 2 50 6 NA
13 0.000000 2 50 
12 0.000000 2 51 6 NA
13 0.000000 2 51 
12 0.000000 2 52 6 NA
13 0.000000 2 52 
12 0.000000 2 53 6 NA
13 0.000000 2 53 
12 0.000000 2 54 6 NA
13 0.000000 2 54 
12 0.000000 2 55 6 NA
13 0.000000 2 55 
12 0.000000 2 56 6 NA
13 0.000000 2 56 
12 0.000000 2 57 6 NA
13 0.000000 2 57 
12 0.000000 2 58 6 NA
13 0.000000 2 58 
12 0.000000 2 59 6 NA
13 0.000000 2 59 
12 0.000000 2 60 6 NA
13 0.000000 2 60 
12 0.000000 2 61 6 NA
13 0.000000 2 61 
12 0.000000 2 62 6 NA
13 0.000000 2 62 
12 0.000000 2 63 6 NA
13 0.000000 2 63 
12 0.000000 2 64 6 NA
13 0.000000 2 64 
12 0.000000 2 65 6 NA
13 0.000000 2 65 
12 0.000000 2 66 6 NA
13 0.000000 2 66 
12 0.000000 2 67 6 NA
13 0.000000 2 67 
12 0.000000 2 68 6 NA
13 0.000000 2 68 
12 0.000000 2 69 6 NA
13 0.000000 2 69 
12 0.000000 2 70 6 NA
13 0.000000 2 70 
12 0.000000 2 71 6 NA
13 0.000000 2 71 
12 0.000000 2 72 6 NA
13 0.000000 2 72 
12 0.000000 2 73 6 NA
13 0.000000 2 73 
12 0.000000 2 74 6 NA
13 0.000000 2 74 
12 0.000000 2 75 6 NA
13 0.000000 2 75 
12 0.000000 2 76 6 NA
13 0.000000 2 76 
12 0.000000 2 77 6 NA
13 0.000000 2 77 
12 0.000000 2 78 6 NA
13 0.000000 2 78 
12 0.000000 2 79 6 NA
13 0.000000 2 79 
12 0.000000 2 80 6 NA
13 0.000000 2 80 
12 0.000000 2 81 6 NA
13 0.000000 2 81 
12 0.000000 2 82 6 NA
13 0.000000 2 82 
12 0.000000 2 83 6 NA
13 0.000000 2 83 
12 0.000000 2 84 6 NA
13 0.000000 2 84 
12 0.000000 2 85 6 NA
13 0.000000 2 85 
12 0.000000 2 86 6 NA
13 0.000000 2 86 
12 0.000000 2 87 6 NA
13 0.000000 2 87 
12 0.000000 2 88 6 NA
13 0.000000 2 88 
12 0.000000 2 89 6 NA
13 0.000000 2 89 
12 0.000000 2 90 6 NA
13 0.000000 2 90 
12 0.000000 2 91 6 NA
13 0.000000 2 91 
12 0.000000 2 92 6 NA
13 0.000000 2 92 
12 0.000000 2 93 6 NA
13 0.000000 2 93 
12 0.000000 2 94 6 NA
13 0.000000 2 94 
12 0.000000 2 95 6 NA
13 0.000000 2 95 
12 0.000000 2 96 6 NA
13 0.000000 2 96 
12 0.000000 2 97 6 NA
13 0.000000 2 97 
12 0.000000 2 98 6 NA
13 0.000000 2 98 
12 0.000000 2 99 6 NA
13 0.000000 2 99 
12 0.000000 2 100 6 NA
13 0.000000 2 100 
12 0.000000 2 101 6 NA
13 0.000000 2 101 
12 0.000000 2 102 6 NA
13 0.000000 2 102 
12 0.000000 2 103 6 NA
13 0.000000 2 103 
12 0.000000 2 104 6 NA
13 0.000000 2 104 
12 0.000000 2 105 6 NA
13 0.000000 2 105 
12 0.000000 2 106 6 NA
13 0.000000 2 106 
12 0.000000 2 107 6 NA
13 0.000000 2 107 
12 0.000000 2 108 6 NA
13 0.000000 2 108 
12 0.000000 2 109 6 NA
13 0.000000 2 109 
12 0.000000 2 110 6 NA
13 0.000000 2 110 
12 0.000000 2 111 6 NA
13 0.000000 2 111 
12 0.000000 2 112 6 NA
13 0.000000 2 112 
12 0.000000 2 113 6 NA
13 0.000000 2 113 
12 0.000000 2 114 6 NA
13 0.000000 2 114 
12 0.000000 2 115 6 NA
13 0.000000 2 115 
12 0.000000 2 116 6 NA
13 0.000000 2 116 
12 0.000000 2 117 6 NA
13 0.000000 2 117 
12 0.000000 2 118 6 NA
13 0.000000 2 118 
12 0.000000 2 119 6 NA
13 0.000000 2 119 
12 0.000000 2 120 6 NA
13 0.000000 2 120 
12 0.000000 2 121 6 NA
13 0.000000 2 121 
12 0.000000 2 122 6 NA
13 0.000000 2 122 
12 0.000000 2 123 6 NA
13 0.000000 2 123 
12 0.000000 2 124 6 NA
13 0.000000 2 124 
12 0.000000 2 125 6 NA
13 0.000000 2 125 
12 0.000000 2 126 6 NA
13 0.000000 2 126 
12 0.000000 2 127 6 NA
13 0.000000 2 127 
12 0.000000 2 128 6 NA
13 0.000000 2 128 
12 0.000000 2 1 7 NA
12 0.000000 2 2 7 NA
15 0.000000 3 0 PTP 2 2_1_-778_1 0
12 0.000000 2 3 7 NA
15 0.000000 3 0 PTP 3 3_1_-778_2 0
12 0.000000 2 4 7 NA
15 0.000000 3 0 PTP 4 4_1_-778_3 0
12 0.000000 2 5 7 NA
15 0.000000 3 0 PTP 5 5_1_-778_4 0
12 0.000000 2 6 7 NA
15 0.000000 3 0 PTP 6 6_1_-778_5 0
12 0.000000 2 7 7 NA
15 0.000000 3 0 PTP 7 7_1_-778_6 0
12 0.000000 2 8 7 NA
15 0.000000 3 0 PTP 8 8_1_-778_7 0
12 0.000000 2 9 7 NA
15 0.000000 3 0 PTP 9 9_1_-778_8 0
12 0.000000 2 10 7 NA
15 0.000000 3 0 PTP 10 10_1_-778_9 0
12 0.000000 2 11 7 NA
15 0.000000 3 0 PTP 11 11_1_-778_10 0
12 0.000000 2 12 7 NA
15 0.000000 3 0 PTP 12 12_1_-778_11 0
12 0.000000 2 13 7 NA
15 0.000000 3 0 PTP 13 13_1_-778_12 0
12 0.000000 2 14 7 NA
15 0.000000 3 0 PTP 14 14_1_-778_13 0
12 0.000000 2 15 7 NA
15 0.000000 3 0 PTP 15 15_1_-778_14 0
12 0.000000 2 16 7 NA
15 0.000000 3 0 PTP 16 16_1_-778_15 0
12 0.000000 2 17 7 NA
15 0.000000 3 0 PTP 17 17_1_-778_16 0
12 0.000000 2 18 7 NA
15 0.000000 3 0 PTP 18 18_1_-778_17 0
12 0.000000 2 19 7 NA
15 0.000000 3 0 PTP 19 19_1_-778_18 0
12 0.000000 2 20 7 NA
15 0.000000 3 0 PTP 20 20_1_-778_19 0
12 0.000000 2 21 7 NA
15 0.000000 3 0 PTP 21 21_1_-778_20 0
12 0.000000 2 22 7 NA
15 0.000000 3 0 PTP 22 22_1_-778_21 0
12 0.000000 2 23 7 NA
15 0.000000 3 0 PTP 23 23_1_-778_22 0
12 0.000000 2 24 7 NA
15 0.000000 3 0 PTP 24 24_1_-778_23 0
12 0.000000 2 25 7 NA
15 0.000000 3 0 PTP 25 25_1_-778_24 0
12 0.000000 2 26 7 NA
15 0.000000 3 0 PTP 26 26_1_-778_25 0
12 0.000000 2 27 7 NA
15 0.000000 3 0 PTP 27 27_1_-778_26 0
12 0.000000 2 28 7 NA
15 0.000000 3 0 PTP 28 28_1_-778_27 0
12 0.000000 2 29 7 NA
15 0.000000 3 0 PTP 29 29_1_-778_28 0
12 0.000000 2 30 7 NA
15 0.000000 3 0 PTP 30 30_1_-778_29 0
12 0.000000 2 31 7 NA
15 0.000000 3 0 PTP 31 31_1_-778_30 0
12 0.000000 2 32 7 NA
15 0.000000 3 0 PTP 32 32_1_-778_31 0
12 0.000000 2 33 7 NA
15 0.000000 3 0 PTP 33 33_1_-778_32 0
12 0.000000 2 34 7 NA
15 0.000000 3 0 PTP 34 34_1_-778_33 0
12 0.000000 2 35 7 NA
15 0.000000 3 0 PTP 35 35_1_-778_34 0
12 0.000000 2 36 7 NA
15 0.000000 3 0 PTP 36 36_1_-778_35 0
12 0.000000 2 37 7 NA
15 0.000000 3 0 PTP 37 37_1_-778_36 0
12 0.000000 2 38 7 NA
15 0.000000 3 0 PTP 38 38_1_-778_37 0
12 0.000000 2 39 7 NA
15 0.000000 3 0 PTP 39 39_1_-778_38 0
12 0.000000 2 40 7 NA
15 0.000000 3 0 PTP 40 40_1_-778_39 0
12 0.000000 2 41 7 NA
15 0.000000 3 0 PTP 41 41_1_-778_40 0
12 0.000000 2 42 7 NA
15 0.000000 3 0 PTP 42 42_1_-778_41 0
12 0.000000 2 43 7 NA
15 0.000000 3 0 PTP 43 43_1_-778_42 0
12 0.000000 2 44 7 NA
15 0.000000 3 0 PTP 44 44_1_-778_43 0
12 0.000000 2 45 7 NA
15 0.000000 3 0 PTP 45 45_1_-778_44 0
12 0.000000 2 46 7 NA
15 0.000000 3 0 PTP 46 46_1_-778_45 0
12 0.000000 2 47 7 NA
15 0.000000 3 0 PTP 47 47_1_-778_46 0
12 0.000000 2 48 7 NA
15 0.000000 3 0 PTP 48 48_1_-778_47 0
12 0.000000 2 49 7 NA
15 0.000000 3 0 PTP 49 49_1_-778_48 0
12 0.000000 2 50 7 NA
15 0.000000 3 0 PTP 50 50_1_-778_49 0
12 0.000000 2 51 7 NA
15 0.000000 3 0 PTP 51 51_1_-778_50 0
12 0.000000 2 52 7 NA
15 0.000000 3 0 PTP 52 52_1_-778_51 0
12 0.000000 2 53 7 NA
15 0.000000 3 0 PTP 53 53_1_-778_52 0
12 0.000000 2 54 7 NA
15 0.000000 3 0 PTP 54 54_1_-778_53 0
12 0.000000 2 55 7 NA
15 0.000000 3 0 PTP 55 55_1_-778_54 0
12 0.000000 2 56 7 NA
15 0.000000 3 0 PTP 56 56_1_-778_55 0
12 0.000000 2 57 7 NA
15 0.000000 3 0 PTP 57 57_1_-778_56 0
12 0.000000 2 58 7 NA
15 0.000000 3 0 PTP 58 58_1_-778_57 0
12 0.000000 2 59 7 NA
15 0.000000 3 0 PTP 59 59_1_-778_58 0
12 0.000000 2 60 7 NA
15 0.000000 3 0 PTP 60 60_1_-778_59 0
12 0.000000 2 61 7 NA
15 0.000000 3 0 PTP 61 61_1_-778_60 0
12 0.000000 2 62 7 NA
15 0.000000 3 0 PTP 62 62_1_-778_61 0
12 0.000000 2 63 7 NA
15 0.000000 3 0 PTP 63 63_1_-778_62 0
12 0.000000 2 64 7 NA
15 0.000000 3 0 PTP 64 64_1_-778_63 0
12 0.000000 2 65 7 NA
15 0.000000 3 0 PTP 65 65_1_-778_64 0
12 0.000000 2 66 7 NA
15 0.000000 3 0 PTP 66 66_1_-778_65 0
12 0.000000 2 67 7 NA
15 0.000000 3 0 PTP 67 67_1_-778_66 0
12 0.000000 2 68 7 NA
15 0.000000 3 0 PTP 68 68_1_-778_67 0
12 0.000000 2 69 7 NA
15 0.000000 3 0 PTP 69 69_1_-778_68 0
12 0.000000 2 70 7 NA
15 0.000000 3 0 PTP 70 70_1_-778_69 0
12 0.000000 2 71 7 NA
15 0.000000 3 0 PTP 71 71_1_-778_70 0
12 0.000000 2 72 7 NA
15 0.000000 3 0 PTP 72 72_1_-778_71 0
12 0.000000 2 73 7 NA
15 0.000000 3 0 PTP 73 73_1_-778_72 0
12 0.000000 2 74 7 NA
15 0.000000 3 0 PTP 74 74_1_-778_73 0
12 0.000000 2 75 7 NA
15 0.000000 3 0 PTP 75 75_1_-778_74 0
12 0.000000 2 76 7 NA
15 0.000000 3 0 PTP 76 76_1_-778_75 0
12 0.000000 2 77 7 NA
15 0.000000 3 0 PTP 77 77_1_-778_76 0
12 0.000000 2 78 7 NA
15 0.000000 3 0 PTP 78 78_1_-778_77 0
12 0.000000 2 79 7 NA
15 0.000000 3 0 PTP 79 79_1_-778_78 0
12 0.000000 2 80 7 NA
15 0.000000 3 0 PTP 80 80_1_-778_79 0
12 0.000000 2 81 7 NA
15 0.000000 3 0 PTP 81 81_1_-778_80 0
12 0.000000 2 82 7 NA
15 0.000000 3 0 PTP 82 82_1_-778_81 0
12 0.000000 2 83 7 NA
15 0.000000 3 0 PTP 83 83_1_-778_82 0
12 0.000000 2 84 7 NA
15 0.000000 3 0 PTP 84 84_1_-778_83 0
12 0.000000 2 85 7 NA
15 0.000000 3 0 PTP 85 85_1_-778_84 0
12 0.000000 2 86 7 NA
15 0.000000 3 0 PTP 86 86_1_-778_85 0
12 0.000000 2 87 7 NA
15 0.000000 3 0 PTP 87 87_1_-778_86 0
12 0.000000 2 88 7 NA
15 0.000000 3 0 PTP 88 88_1_-778_87 0
12 0.000000 2 89 7 NA
15 0.000000 3 0 PTP 89 89_1_-778_88 0
12 0.000000 2 90 7 NA
15 0.000000 3 0 PTP 90 90_1_-778_89 0
12 0.000000 2 91 7 NA
15 0.000000 3 0 PTP 91 91_1_-778_90 0
12 0.000000 2 92 7 NA
15 0.000000 3 0 PTP 92 92_1_-778_91 0
12 0.000000 2 93 7 NA
15 0.000000 3 0 PTP 93 93_1_-778_92 0
12 0.000000 2 94 7 NA
15 0.000000 3 0 PTP 94 94_1_-778_93 0
12 0.000000 2 95 7 NA
15 0.000000 3 0 PTP 95 95_1_-778_94 0
12 0.000000 2 96 7 NA
15 0.000000 3 0 PTP 96 96_1_-778_95 0
12 0.000000 2 97 7 NA
15 0.000000 3 0 PTP 97 97_1_-778_96 0
12 0.000000 2 98 7 NA
15 0.000000 3 0 PTP 98 98_1_-778_97 0
12 0.000000 2 99 7 NA
15 0.000000 3 0 PTP 99 99_1_-778_98 0
12 0.000000 2 100 7 NA
15 0.000000 3 0 PTP 100 100_1_-778_99 0
12 0.000000 2 101 7 NA
15 0.000000 3 0 PTP 101 101_1_-778_100 0
12 0.000000 2 102 7 NA
15 0.000000 3 0 PTP 102 102_1_-778_101 0
12 0.000000 2 103 7 NA
15 0.000000 3 0 PTP 103 103_1_-778_102 0
12 0.000000 2 104 7 NA
15 0.000000 3 0 PTP 104 104_1_-778_103 0
12 0.000000 2 105 7 NA
15 0.000000 3 0 PTP 105 105_1_-778_104 0
12 0.000000 2 106 7 NA
15 0.000000 3 0 PTP 106 106_1_-778_105 0
12 0.000000 2 107 7 NA
15 0.000000 3 0 PTP 107 107_1_-778_106 0
12 0.000000 2 108 7 NA
15 0.000000 3 0 PTP 108 108_1_-778_107 0
12 0.000000 2 109 7 NA
15 0.000000 3 0 PTP 109 109_1_-778_108 0
12 0.000000 2 110 7 NA
15 0.000000 3 0 PTP 110 110_1_-778_109 0
12 0.000000 2 111 7 NA
15 0.000000 3 0 PTP 111 111_1_-778_110 0
12 0.000000 2 112 7 NA
15 0.000000 3 0 PTP 112 112_1_-778_111 0
12 0.000000 2 113 7 NA
15 0.000000 3 0 PTP 113 113_1_-778_112 0
12 0.000000 2 114 7 NA
15 0.000000 3 0 PTP 114 114_1_-778_113 0
12 0.000000 2 115 7 NA
15 0.000000 3 0 PTP 115 115_1_-778_114 0
12 0.000000 2 116 7 NA
15 0.000000 3 0 PTP 116 116_1_-778_115 0
12 0.000000 2 117 7 NA
15 0.000000 3 0 PTP 117 117_1_-778_116 0
12 0.000000 2 118 7 NA
15 0.000000 3 0 PTP 118 118_1_-778_117 0
12 0.000000 2 119 7 NA
15 0.000000 3 0 PTP 119 119_1_-778_118 0
12 0.000000 2 120 7 NA
15 0.000000 3 0 PTP 120 120_1_-778_119 0
12 0.000000 2 121 7 NA
15 0.000000 3 0 PTP 121 121_1_-778_120 0
12 0.000000 2 122 7 NA
15 0.000000 3 0 PTP 122 122_1_-778_121 0
12 0.000000 2 123 7 NA
15 0.000000 3 0 PTP 123 123_1_-778_122 0
12 0.000000 2 124 7 NA
15 0.000000 3 0 PTP 124 124_1_-778_123 0
12 0.000000 2 125 7 NA
15 0.000000 3 0 PTP 125 125_1_-778_124 0
12 0.000000 2 126 7 NA
15 0.000000 3 0 PTP 126 126_1_-778_125 0
12 0.000000 2 127 7 NA
15 0.000000 3 0 PTP 127 127_1_-778_126 0
12 0.000000 2 128 7 NA
15 0.000000 3 0 PTP 128 128_1_-778_127 0
5 8 2 PMPI_Bcast "0 0.78 0.39"
5 9 2 PMPI_Reduce "0 1 0"
5 10 2 PMPI_Finalize "0 1 0"
16 0.000000 3 0 PTP 1 2_1_-778_1
16 0.000000 3 0 PTP 1 17_1_-778_16
16 0.000000 3 0 PTP 1 33_1_-778_32
16 0.000000 3 0 PTP 1 3_1_-778_2
16 0.000000 3 0 PTP 1 18_1_-778_17
16 0.000001 3 0 PTP 1 49_1_-778_48
16 0.000001 3 0 PTP 1 4_1_-778_3
16 0.000001 3 0 PTP 1 19_1_-778_18
16 0.000001 3 0 PTP 1 34_1_-778_33
16 0.000001 3 0 PTP 1 65_1_-778_64
16 0.000001 3 0 PTP 1 5_1_-778_4
16 0.000001 3 0 PTP 1 20_1_-778_19
16 0.000001 3 0 PTP 1 35_1_-778_34
16 0.000001 3 0 PTP 1 50_1_-778_49
16 0.000001 3 0 PTP 1 81_1_-778_80
16 0.000001 3 0 PTP 1 6_1_-778_5
16 0.000001 3 0 PTP 1 21_1_-778_20
16 0.000001 3 0 PTP 1 36_1_-778_35
16 0.000001 3 0 PTP 1 51_1_-778_50
16 0.000001 3 0 PTP 1 66_1_-778_65
16 0.000001 3 0 PTP 1 97_1_-778_96
16 0.000001 3 0 PTP 1 7_1_-778_6
16 0.000001 3 0 PTP 1 22_1_-778_21
16 0.000001 3 0 PTP 1 37_1_-778_36
16 0.000001 3 0 PTP 1 52_1_-778_51
16 0.000001 3 0 PTP 1 67_1_-778_66
16 0.000001 3 0 PTP 1 82_1_-778_81
16 0.000001 3 0 PTP 1 113_1_-778_112
16 0.000001 3 0 PTP 1 8_1_-778_7
16 0.000001 3 0 PTP 1 23_1_-778_22
16 0.000001 3 0 PTP 1 38_1_-778_37
16 0.000001 3 0 PTP 1 53_1_-778_52
16 0.000001 3 0 PTP 1 68_1_-778_67
16 0.000001 3 0 PTP 1 83_1_-778_82
16 0.000001 3 0 PTP 1 98_1_-778_97
16 0.000002 3 0 PTP 1 9_1_-778_8
16 0.000002 3 0 PTP 1 24_1_-778_23
16 0.000002 3 0 PTP 1 39_1_-778_38
16 0.000002 3 0 PTP 1 54_1_-778_53
16 0.000002 3 0 PTP 1 69_1_-778_68
16 0.000002 3 0 PTP 1 84_1_-778_83
16 0.000002 3 0 PTP 1 99_1_-778_98
16 0.000002 3 0 PTP 1 114_1_-778_113
16 0.000002 3 0 PTP 1 10_1_-778_9
16 0.000002 3 0 PTP 1 25_1_-778_24
16 0.000002 3 0 PTP 1 40_1_-778_39
16 0.000002 3 0 PTP 1 55_1_-778_54
16 0.000002 3 0 PTP 1 70_1_-778_69
16 0.000002 3 0 PTP 1 85_1_-778_84
16 0.000002 3 0 PTP 1 100_1_-778_99
16 0.000002 3 0 PTP 1 115_1_-778_114
16 0.000002 3 0 PTP 1 11_1_-778_10
16 0.000002 3 0 PTP 1 26_1_-778_25
16 0.000002 3 0 PTP 1 41_1_-778_40
16 0.000002 3 0 PTP 1 56_1_-778_55
16 0.000002 3 0 PTP 1 71_1_-778_70
16 0.000002 3 0 PTP 1 86_1_-778_85
16 0.000002 3 0 PTP 1 101_1_-778_100
16 0.000002 3 0 PTP 1 116_1_-778_115
16 0.000002 3 0 PTP 1 12_1_-778_11
16 0.000002 3 0 PTP 1 27_1_-778_26
16 0.000002 3 0 PTP 1 42_1_-778_41
16 0.000002 3 0 PTP 1 57_1_-778_56
16 0.000002 3 0 PTP 1 72_1_-778_71
16 0.000002 3 0 PTP 1 87_1_-778_86
16 0.000002 3 0 PTP 1 102_1_-778_101
16 0.000002 3 0 PTP 1 117_1_-778_116
16 0.000002 3 0 PTP 1 13_1_-778_12
16 0.000002 3 0 PTP 1 28_1_-778_27
16 0.000002 3 0 PTP 1 43_1_-778_42
16 0.000002 3 0 PTP 1 58_1_-778_57
16 0.000002 3 0 PTP 1 73_1_-778_72
16 0.000002 3 0 PTP 1 88_1_-778_87
16 0.000002 3 0 PTP 1 103_1_-778_102
16 0.000002 3 0 PTP 1 118_1_-778_117
16 0.000003 3 0 PTP 1 14_1_-778_13
16 0.000003 3 0 PTP 1 29_1_-778_28
16 0.000003 3 0 PTP 1 44_1_-778_43
16 0.000003 3 0 PTP 1 59_1_-778_58
16 0.000003 3 0 PTP 1 74_1_-778_73
16 0.000003 3 0 PTP 1 89_1_-778_88
16 0.000003 3 0 PTP 1 104_1_-778_103
16 0.000003 3 0 PTP 1 119_1_-778_118
16 0.000003 3 0 PTP 1 15_1_-778_14
16 0.000003 3 0 PTP 1 30_1_-778_29
16 0.000003 3 0 PTP 1 45_1_-778_44
16 0.000003 3 0 PTP 1 60_1_-778_59
16 0.000003 3 0 PTP 1 75_1_-778_74
16 0.000003 3 0 PTP 1 90_1_-778_89
16 0.000003 3 0 PTP 1 105_1_-778_104
16 0.000003 3 0 PTP 1 120_1_-778_119
16 0.000003 3 0 PTP 1 16_1_-778_15
16 0.000003 3 0 PTP 1 31_1_-778_30
16 0.000003 3 0 PTP 1 46_1_-778_45
16 0.000003 3 0 PTP 1 61_1_-778_60
16 0.000003 3 0 PTP 1 76_1_-778_75
16 0.000003 3 0 PTP 1 91_1_-778_90
16 0.000003 3 0 PTP 1 106_1_-778_105
16 0.000003 3 0 PTP 1 121_1_-778_120
16 0.000003 3 0 PTP 1 32_1_-778_31
16 0.000003 3 0 PTP 1 47_1_-778_46
16 0.000003 3 0 PTP 1 62_1_-778_61
16 0.000003 3 0 PTP 1 77_1_-778_76
16 0.000003 3 0 PTP 1 92_1_-778_91
16 0.000003 3 0 PTP 1 107_1_-778_106
16 0.000003 3 0 PTP 1 122_1_-778_121
16 0.000003 3 0 PTP 1 48_1_-778_47
16 0.000003 3 0 PTP 1 63_1_-778_62
16 0.000003 3 0 PTP 1 78_1_-778_77
16 0.000003 3 0 PTP 1 93_1_-778_92
16 0.000003 3 0 PTP 1 108_1_-778_107
16 0.000003 3 0 PTP 1 123_1_-778_122
16 0.000004 3 0 PTP 1 64_1_-778_63
16 0.000004 3 0 PTP 1 79_1_-778_78
16 0.000004 3 0 PTP 1 94_1_-778_93
16 0.000004 3 0 PTP 1 109_1_-778_108
16 0.000004 3 0 PTP 1 124_1_-778_123
16 0.000004 3 0 PTP 1 80_1_-778_79
16 0.000004 3 0 PTP 1 95_1_-778_94
16 0.000004 3 0 PTP 1 110_1_-778_109
16 0.000004 3 0 PTP 1 125_1_-778_124
16 0.000004 3 0 PTP 1 96_1_-778_95
16 0.000004 3 0 PTP 1 111_1_-778_110
16 0.000004 3 0 PTP 1 126_1_-778_125
16 0.000004 3 0 PTP 1 112_1_-778_111
16 0.000004 3 0 PTP 1 127_1_-778_126
16 0.000004 3 0 PTP 1 128_1_-778_127
15 0.000004 3 0 PTP 1 1_2_-778_128 0
15 0.000004 3 0 PTP 1 1_3_-778_129 0
15 0.000004 3 0 PTP 1 1_4_-778_130 0
15 0.000004 3 0 PTP 1 1_5_-778_131 0
15 0.000004 3 0 PTP 1 1_6_-778_132 0
15 0.000004 3 0 PTP 1 1_7_-778_133 0
15 0.000004 3 0 PTP 1 1_8_-778_134 0
15 0.000004 3 0 PTP 1 1_9_-778_135 0
15 0.000004 3 0 PTP 1 1_10_-778_136 0
15 0.000004 3 0 PTP 1 1_11_-778_137 0
15 0.000004 3 0 PTP 1 1_12_-778_138 0
15 0.000004 3 0 PTP 1 1_13_-778_139 0
15 0.000004 3 0 PTP 1 1_14_-778_140 0
15 0.000004 3 0 PTP 1 1_15_-778_141 0
15 0.000004 3 0 PTP 1 1_16_-778_142 0
15 0.000004 3 0 PTP 1 1_17_-778_143 0
15 0.000004 3 0 PTP 1 1_18_-778_144 0
15 0.000004 3 0 PTP 1 1_19_-778_145 0
15 0.000004 3 0 PTP 1 1_20_-778_146 0
15 0.000004 3 0 PTP 1 1_21_-778_147 0
15 0.000004 3 0 PTP 1 1_22_-778_148 0
15 0.000004 3 0 PTP 1 1_23_-778_149 0
15 0.000004 3 0 PTP 1 1_24_-778_150 0
15 0.000004 3 0 PTP 1 1_25_-778_151 0
15 0.000004 3 0 PTP 1 1_26_-778_152 0
15 0.000004 3 0 PTP 1 1_27_-778_153 0
15 0.000004 3 0 PTP 1 1_28_-778_154 0
15 0.000004 3 0 PTP 1 1_29_-778_155 0
15 0.000004 3 0 PTP 1 1_30_-778_156 0
15 0.000004 3 0 PTP 1 1_31_-778_157 0
15 0.000004 3 0 PTP 1 1_32_-778_158 0
15 0.000004 3 0 PTP 1 1_33_-778_159 0
15 0.000004 3 0 PTP 1 1_34_-778_160 0
15 0.000004 3 0 PTP 1 1_35_-778_161 0
15 0.000004 3 0 PTP 1 1_36_-778_162 0
15 0.000004 3 0 PTP 1 1_37_-778_163 0
15 0.000004 3 0 PTP 1 1_38_-778_164 0
15 0.000004 3 0 PTP 1 1_39_-778_165 0
15 0.000004 3 0 PTP 1 1_40_-778_166 0
15 0.000004 3 0 PTP 1 1_41_-778_167 0
15 0.000004 3 0 PTP 1 1_42_-778_168 0
15 0.000004 3 0 PTP 1 1_43_-778_169 0
15 0.000004 3 0 PTP 1 1_44_-778_170 0
15 0.000004 3 0 PTP 1 1_45_-778_171 0
15 0.000004 3 0 PTP 1 1_46_-778_172 0
15 0.000004 3 0 PTP 1 1_47_-778_173 0
15 0.000004 3 0 PTP 1 1_48_-778_174 0
15 0.000004 3 0 PTP 1 1_49_-778_175 0
15 0.000004 3 0 PTP 1 1_50_-778_176 0
15 0.000004 3 0 PTP 1 1_51_-778_177 0
15 0.000004 3 0 PTP 1 1_52_-778_178 0
15 0.000004 3 0 PTP 1 1_53_-778_179 0
15 0.000004 3 0 PTP 1 1_54_-778_180 0
15 0.000004 3 0 PTP 1 1_55_-778_181 0
15 0.000004 3 0 PTP 1 1_56_-778_182 0
15 0.000004 3 0 PTP 1 1_57_-778_183 0
15 0.000004 3 0 PTP 1 1_58_-778_184 0
15 0.000004 3 0 PTP 1 1_59_-778_185 0
15 0.000004 3 0 PTP 1 1_60_-778_186 0
15 0.000004 3 0 PTP 1 1_61_-778_187 0
15 0.000004 3 0 PTP 1 1_62_-778_188 0
15 0.000004 3 0 PTP 1 1_63_-778_189 0
15 0.000004 3 0 PTP 1 1_64_-778_190 0
15 0.000004 3 0 PTP 1 1_65_-778_191 0
15 0.000004 3 0 PTP 1 1_66_-778_192 0
15 0.000004 3 0 PTP 1 1_67_-778_193 0
15 0.000004 3 0 PTP 1 1_68_-778_194 0
15 0.000004 3 0 PTP 1 1_69_-778_195 0
15 0.000004 3 0 PTP 1 1_70_-778_196 0
15 0.000004 3 0 PTP 1 1_71_-778_197 0
15 0.000004 3 0 PTP 1 1_72_-778_198 0
15 0.000004 3 0 PTP 1 1_73_-778_199 0
15 0.000004 3 0 PTP 1 1_74_-778_200 0
15 0.000004 3 0 PTP 1 1_75_-778_201 0
15 0.000004 3 0 PTP 1 1_76_-778_202 0
15 0.000004 3 0 PTP 1 1_77_-778_203 0
15 0.000004 3 0 PTP 1 1_78_-778_204 0
15 0.000004 3 0 PTP 1 1_79_-778_205 0
15 0.000004 3 0 PTP 1 1_80_-778_206 0
15 0.000004 3 0 PTP 1 1_81_-778_207 0
15 0.000004 3 0 PTP 1 1_82_-778_208 0
15 0.000004 3 0 PTP 1 1_83_-778_209 0
15 0.000004 3 0 PTP 1 1_84_-778_210 0
15 0.000004 3 0 PTP 1 1_85_-778_211 0
15 0.000004 3 0 PTP 1 1_86_-778_212 0
15 0.000004 3 0 PTP 1 1_87_-778_213 0
15 0.000004 3 0 PTP 1 1_88_-778_214 0
15 0.000004 3 0 PTP 1 1_89_-778_215 0
15 0.000004 3 0 PTP 1 1_90_-778_216 0
15 0.000004 3 0 PTP 1 1_91_-778_217 0
15 0.000004 3 0 PTP 1 1_92_-778_218 0
15 0.000004 3 0 PTP 1 1_93_-778_219 0
15 0.000004 3 0 PTP 1 1_94_-778_220 0
15 0.000004 3 0 PTP 1 1_95_-778_221 0
15 0.000004 3 0 PTP 1 1_96_-778_222 0
15 0.000004 3 0 PTP 1 1_97_-778_223 0
15 0.000004 3 0 PTP 1 1_98_-778_224 0
15 0.000004 3 0 PTP 1 1_99_-778_225 0
15 0.000004 3 0 PTP 1 1_100_-778_226 0
15 0.000004 3 0 PTP 1 1_101_-778_227 0
15 0.000004 3 0 PTP 1 1_102_-778_228 0
15 0.000004 3 0 PTP 1 1_103_-778_229 0
15 0.000004 3 0 PTP 1 1_104_-778_230 0
15 0.000004 3 0 PTP 1 1_105_-778_231 0
15 0.000004 3 0 PTP 1 1_106_-778_232 0
15 0.000004 3 0 PTP 1 1_107_-778_233 0
15 0.000004 3 0 PTP 1 1_108_-778_234 0
15 0.000004 3 0 PTP 1 1_109_-778_235 0
15 0.000004 3 0 PTP 1 1_110_-778_236 0
15 0.000004 3 0 PTP 1 1_111_-778_237 0
15 0.000004 3 0 PTP 1 1_112_-778_238 0
15 0.000004 3 0 PTP 1 1_113_-778_239 0
15 0.000004 3 0 PTP 1 1_114_-778_240 0
15 0.000004 3 0 PTP 1 1_115_-778_241 0
15 0.000004 3 0 PTP 1 1_116_-778_242 0
15 0.000004 3 0 PTP 1 1_117_-778_243 0
15 0.000004 3 0 PTP 1 1_118_-778_244 0
15 0.000004 3 0 PTP 1 1_119_-778_245 0
15 0.000004 3 0 PTP 1 1_120_-778_246 0
15 0.000004 3 0 PTP 1 1_121_-778_247 0
15 0.000004 3 0 PTP 1 1_122_-778_248 0
15 0.000004 3 0 PTP 1 1_123_-778_249 0
15 0.000004 3 0 PTP 1 1_124_-778_250 0
15 0.000004 3 0 PTP 1 1_125_-778_251 0
15 0.000004 3 0 PTP 1 1_126_-778_252 0
15 0.000004 3 0 PTP 1 1_127_-778_253 0
15 0.000004 3 0 PTP 1 1_128_-778_254 0
13 0.000004 2 1 
12 0.000004 2 1 8 4194304
15 0.000004 3 0 PTP 1 1_65_-3334_255 4194304
16 0.000005 3 0 PTP 2 1_2_-778_128
13 0.000005 2 2 
16 0.000005 3 0 PTP 17 1_17_-778_143
13 0.000005 2 17 
12 0.000005 2 17 8 4194304
12 0.000005 2 2 8 4194304
16 0.000005 3 0 PTP 33 1_33_-778_159
13 0.000005 2 33 
16 0.000005 3 0 PTP 18 1_18_-778_144
13 0.000005 2 18 
16 0.000005 3 0 PTP 3 1_3_-778_129
13 0.000005 2 3 
12 0.000005 2 3 8 4194304
12 0.000005 2 18 8 4194304
12 0.000005 2 33 8 4194304
16 0.000005 3 0 PTP 49 1_49_-778_175
13 0.000005 2 49 
16 0.000005 3 0 PTP 34 1_34_-778_160
13 0.000005 2 34 
16 0.000005 3 0 PTP 19 1_19_-778_145
13 0.000005 2 19 
16 0.000005 3 0 PTP 4 1_4_-778_130
13 0.000005 2 4 
12 0.000005 2 4 8 4194304
12 0.000005 2 19 8 4194304
12 0.000005 2 34 8 4194304
12 0.000005 2 49 8 4194304
16 0.000005 3 0 PTP 65 1_65_-778_191
13 0.000005 2 65 
16 0.000005 3 0 PTP 50 1_50_-778_176
13 0.000005 2 50 
16 0.000005 3 0 PTP 35 1_35_-778_161
13 0.000005 2 35 
16 0.000005 3 0 PTP 20 1_20_-778_146
13 0.000005 2 20 
16 0.000005 3 0 PTP 5 1_5_-778_131
13 0.000005 2 5 
12 0.000005 2 65 8 4194304
12 0.000005 2 5 8 4194304
12 0.000005 2 20 8 4194304
12 0.000005 2 35 8 4194304
12 0.000005 2 50 8 4194304
16 0.000005 3 0 PTP 81 1_81_-778_207
13 0.000005 2 81 
16 0.000005 3 0 PTP 66 1_66_-778_192
13 0.000005 2 66 
16 0.000005 3 0 PTP 51 1_51_-778_177
13 0.000005 2 51 
16 0.000005 3 0 PTP 36 1_36_-778_162
13 0.000005 2 36 
16 0.000005 3 0 PTP 21 1_21_-778_147
13 0.000005 2 21 
16 0.000005 3 0 PTP 6 1_6_-778_132
13 0.000005 2 6 
12 0.000005 2 81 8 4194304
12 0.000005 2 6 8 4194304
12 0.000005 2 21 8 4194304
12 0.000005 2 36 8 4194304
12 0.000005 2 51 8 4194304
12 0.000005 2 66 8 4194304
16 0.000006 3 0 PTP 97 1_97_-778_223
13 0.000006 2 97 
16 0.000006 3 0 PTP 82 1_82_-778_208
13 0.000006 2 82 
16 0.000006 3 0 PTP 67 1_67_-778_193
13 0.000006 2 67 
16 0.000006 3 0 PTP 52 1_52_-778_178
13 0.000006 2 52 
16 0.000006 3 0 PTP 37 1_37_-778_163
13 0.000006 2 37 
16 0.000006 3 0 PTP 22 1_22_-778_148
13 0.000006 2 22 
16 0.000006 3 0 PTP 7 1_7_-778_133
13 0.000006 2 7 
12 0.000006 2 97 8 4194304
12 0.000006 2 7 8 4194304
12 0.000006 2 22 8 4194304
12 0.000006 2 37 8 4194304
12 0.000006 2 52 8 4194304
12 0.000006 2 67 8 4194304
12 0.000006 2 82 8 4194304
16 0.000006 3 0 PTP 113 1_113_-778_239
13 0.000006 2 113 
16 0.000006 3 0 PTP 98 1_98_-778_224
13 0.000006 2 98 
16 0.000006 3 0 PTP 83 1_83_-778_209
13 0.000006 2 83 
16 0.000006 3 0 PTP 68 1_68_-778_194
13 0.000006 2 68 
16 0.000006 3 0 PTP 53 1_53_-778_179
13 0.000006 2 53 
16 0.000006 3 0 PTP 38 1_38_-778_164
13 0.000006 2 38 
16 0.000006 3 0 PTP 23 1_23_-778_149
13 0.000006 2 23 
16 0.000006 3 0 PTP 8 1_8_-778_134
13 0.000006 2 8 
12 0.000006 2 113 8 4194304
12 0.000006 2 8 8 4194304
12 0.000006 2 23 8 4194304
12 0.000006 2 38 8 4194304
12 0.000006 2 53 8 4194304
12 0.000006 2 68 8 4194304
12 0.000006 2 83 8 4194304
12 0.000006 2 98 8 4194304
16 0.000006 3 0 PTP 114 1_114_-778_240
13 0.000006 2 114 
16 0.000006 3 0 PTP 99 1_99_-778_225
13 0.000006 2 99 
16 0.000006 3 0 PTP 84 1_84_-778_210
13 0.000006 2 84 
16 0.000006 3 0 PTP 69 1_69_-778_195
13 0.000006 2 69 
16 0.000006 3 0 PTP 54 1_54_-778_180
13 0.000006 2 54 
16 0.000006 3 0 PTP 39 1_39_-778_165
13 0.000006 2 39 
16 0.000006 3 0 PTP 24 1_24_-778_150
13 0.000006 2 24 
16 0.000006 3 0 PTP 9 1_9_-778_135
13 0.000006 2 9 
12 0.000006 2 9 8 4194304
12 0.000006 2 24 8 4194304
12 0.000006 2 39 8 4194304
12 0.000006 2 54 8 4194304
12 0.000006 2 69 8 4194304
12 0.000006 2 84 8 4194304
12 0.000006 2 99 8 4194304
12 0.000006 2 114 8 4194304
16 0.000006 3 0 PTP 115 1_115_-778_241
13 0.000006 2 115 
16 0.000006 3 0 PTP 100 1_100_-778_226
13 0.000006 2 100 
16 0.000006 3 0 PTP 85 1_85_-778_211
13 0.000006 2 85 
16 0.000006 3 0 PTP 70 1_70_-778_196
13 0.000006 2 70 
16 0.000006 3 0 PTP 55 1_55_-778_181
13 0.000006 2 55 
16 0.000006 3 0 PTP 40 1_40_-778_166
13 0.000006 2 40 
16 0.000006 3 0 PTP 25 1_25_-778_151
13 0.000006 2 25 
16 0.000006 3 0 PTP 10 1_10_-778_136
13 0.000006 2 10 
12 0.000006 2 10 8 4194304
12 0.000006 2 25 8 4194304
12 0.000006 2 40 8 4194304
12 0.000006 2 55 8 4194304
12 0.000006 2 70 8 4194304
12 0.000006 2 85 8 4194304
12 0.000006 2 100 8 4194304
12 0.000006 2 115 8 4194304
16 0.000006 3 0 PTP 116 1_116_-778_242
13 0.000006 2 116 
16 0.000006 3 0 PTP 101 1_101_-778_227
13 0.000006 2 101 
16 0.000006 3 0 PTP 86 1_86_-778_212
13 0.000006 2 86 
16 0.000006 3 0 PTP 71 1_71_-778_197
13 0.000006 2 71 
16 0.000006 3 0 PTP 56 1_56_-778_182
13 0.000006 2 56 
16 0.000006 3 0 PTP 41 1_41_-778_167
13 0.000006 2 41 
16 0.000006 3 0 PTP 26 1_26_-778_152
13 0.000006 2 26 
16 0.000006 3 0 PTP 11 1_11_-778_137
13 0.000006 2 11 
12 0.000006 2 11 8 4194304
12 0.000006 2 26 8 4194304
12 0.000006 2 41 8 4194304
12 0.000006 2 56 8 4194304
12 0.000006 2 71 8 4194304
12 0.000006 2 86 8 4194304
12 0.000006 2 101 8 4194304
12 0.000006 2 116 8 4194304
16 0.000007 3 0 PTP 117 1_117_-778_243
13 0.000007 2 117 
16 0.000007 3 0 PTP 102 1_102_-778_228
13 0.000007 2 102 
16 0.000007 3 0 PTP 87 1_87_-778_213
13 0.000007 2 87 
16 0.000007 3 0 PTP 72 1_72_-778_198
13 0.000007 2 72 
16 0.000007 3 0 PTP 57 1_57_-778_183
13 0.000007 2 57 
16 0.000007 3 0 PTP 42 1_42_-778_168
13 0.000007 2 42 
16 0.000007 3 0 PTP 27 1_27_-778_153
13 0.000007 2 27 
16 0.000007 3 0 PTP 12 1_12_-778_138
13 0.000007 2 12 
12 0.000007 2 12 8 4194304
12 0.000007 2 27 8 4194304
12 0.000007 2 42 8 4194304
12 0.000007 2 57 8 4194304
12 0.000007 2 72 8 4194304
12 0.000007 2 87 8 4194304
12 0.000007 2 102 8 4194304
12 0.000007 2 117 8 4194304
16 0.000007 3 0 PTP 118 1_118_-778_244
13 0.000007 2 118 
16 0.000007 3 0 PTP 103 1_103_-778_229
13 0.000007 2 103 
16 0.000007 3 0 PTP 88 1_88_-778_214
13 0.000007 2 88 
16 0.000007 3 0 PTP 73 1_73_-778_199
13 0.000007 2 73 
16 0.000007 3 0 PTP 58 1_58_-778_184
13 0.000007 2 58 
16 0.000007 3 0 PTP 43 1_43_-778_169
13 0.000007 2 43 
16 0.000007 3 0 PTP 28 1_28_-778_154
13 0.000007 2 28 
16 0.000007 3 0 PTP 13 1_13_-778_139
13 0.000007 2 13 
12 0.000007 2 13 8 4194304
12 0.000007 2 28 8 4194304
12 0.000007 2 43 8 4194304
12 0.000007 2 58 8 4194304
12 0.000007 2 73 8 4194304
12 0.000007 2 88 8 4194304
12 0.000007 2 103 8 4194304
12 0.000007 2 118 8 4194304
16 0.000007 3 0 PTP 119 1_119_-778_245
13 0.000007 2 119 
16 0.000007 3 0 PTP 104 1_104_-778_230
13 0.000007 2 104 
16 0.000007 3 0 PTP 89 1_89_-778_215
13 0.000007 2 89 
16 0.000007 3 0 PTP 74 1_74_-778_200
13 0.000007 2 74 
16 0.000007 3 0 PTP 59 1_59_-778_185
13 0.000007 2 59 
16 0.000007 3 0 PTP 44 1_44_-778_170
13 0.000007 2 44 
16 0.000007 3 0 PTP 29 1_29_-778_155
13 0.000007 2 29 
16 0.000007 3 0 PTP 14 1_14_-778_140
13 0.000007 2 14 
12 0.000007 2 14 8 4194304
12 0.000007 2 29 8 4194304
12 0.000007 2 44 8 4194304
12 0.000007 2 59 8 4194304
12 0.000007 2 74 8 4194304
12 0.000007 2 89 8 4194304
12 0.000007 2 104 8 4194304
12 0.000007 2 119 8 4194304
16 0.000007 3 0 PTP 120 1_120_-778_246
13 0.000007 2 120 
16 0.000007 3 0 PTP 105 1_105_-778_231
13 0.000007 2 105 
16 0.000007 3 0 PTP 90 1_90_-778_216
13 0.000007 2 90 
16 0.000007 3 0 PTP 75 1_75_-778_201
13 0.000007 2 75 
16 0.000007 3 0 PTP 60 1_60_-778_186
13 0.000007 2 60 
16 0.000007 3 0 PTP 45 1_45_-778_171
13 0.000007 2 45 
16 0.000007 3 0 PTP 30 1_30_-778_156
13 0.000007 2 30 
16 0.000007 3 0 PTP 15 1_15_-778_141
13 0.000007 2 15 
12 0.000007 2 15 8 4194304
12 0.000007 2 30 8 4194304
12 0.000007 2 45 8 4194304
12 0.000007 2 60 8 4194304
12 0.000007 2 75 8 4194304
12 0.000007 2 90 8 4194304
12 0.000007 2 105 8 4194304
12 0.000007 2 120 8 4194304
16 0.000007 3 0 PTP 121 1_121_-778_247
13 0.000007 2 121 
16 0.000007 3 0 PTP 106 1_106_-778_232
13 0.000007 2 106 
16 0.000007 3 0 PTP 91 1_91_-778_217
13 0.000007 2 91 
16 0.000007 3 0 PTP 76 1_76_-778_202
13 0.000007 2 76 
16 0.000007 3 0 PTP 61 1_61_-778_187
13 0.000007 2 61 
16 0.000007 3 0 PTP 46 1_46_-778_172
13 0.000007 2 46 
16 0.000007 3 0 PTP 31 1_31_-778_157
13 0.000007 2 31 
16 0.000007 3 0 PTP 16 1_16_-778_142
13 0.000007 2 16 
12 0.000007 2 16 8 4194304
12 0.000007 2 31 8 4194304
12 0.000007 2 46 8 4194304
12 0.000007 2 61 8 4194304
12 0.000007 2 76 8 4194304
12 0.000007 2 91 8 4194304
12 0.000007 2 106 8 4194304
12 0.000007 2 121 8 4194304
16 0.000008 3 0 PTP 122 1_122_-778_248
13 0.000008 2 122 
16 0.000008 3 0 PTP 107 1_107_-778_233
13 0.000008 2 107 
16 0.000008 3 0 PTP 92 1_92_-778_218
13 0.000008 2 92 
16 0.000008 3 0 PTP 77 1_77_-778_203
13 0.000008 2 77 
16 0.000008 3 0 PTP 62 1_62_-778_188
13 0.000008 2 62 
16 0.000008 3 0 PTP 47 1_47_-778_173
13 0.000008 2 47 
16 0.000008 3 0 PTP 32 1_32_-778_158
13 0.000008 2 32 
12 0.000008 2 32 8 4194304
12 0.000008 2 47 8 4194304
12 0.000008 2 62 8 4194304
12 0.000008 2 77 8 4194304
12 0.000008 2 92 8 4194304
12 0.000008 2 107 8 4194304
12 0.000008 2 122 8 4194304
16 0.000008 3 0 PTP 123 1_123_-778_249
13 0.000008 2 123 
16 0.000008 3 0 PTP 108 1_108_-778_234
13 0.000008 2 108 
16 0.000008 3 0 PTP 93 1_93_-778_219
13 0.000008 2 93 
16 0.000008 3 0 PTP 78 1_78_-778_204
13 0.000008 2 78 
16 0.000008 3 0 PTP 63 1_63_-778_189
13 0.000008 2 63 
16 0.000008 3 0 PTP 48 1_48_-778_174
13 0.000008 2 48 
12 0.000008 2 48 8 4194304
12 0.000008 2 63 8 4194304
12 0.000008 2 78 8 4194304
12 0.000008 2 93 8 4194304
12 0.000008 2 108 8 4194304
12 0.000008 2 123 8 4194304
16 0.000008 3 0 PTP 124 1_124_-778_250
13 0.000008 2 124 
16 0.000008 3 0 PTP 109 1_109_-778_235
13 0.000008 2 109 
16 0.000008 3 0 PTP 94 1_94_-778_220
13 0.000008 2 94 
16 0.000008 3 0 PTP 79 1_79_-778_205
13 0.000008 2 79 
16 0.000008 3 0 PTP 64 1_64_-778_190
13 0.000008 2 64 
12 0.000008 2 64 8 4194304
12 0.000008 2 79 8 4194304
12 0.000008 2 94 8 4194304
12 0.000008 2 109 8 4194304
12 0.000008 2 124 8 4194304
16 0.000008 3 0 PTP 125 1_125_-778_251
13 0.000008 2 125 
16 0.000008 3 0 PTP 110 1_110_-778_236
13 0.000008 2 110 
16 0.000008 3 0 PTP 95 1_95_-778_221
13 0.000008 2 95 
16 0.000008 3 0 PTP 80 1_80_-778_206
13 0.000008 2 80 
12 0.000008 2 80 8 4194304
12 0.000008 2 95 8 4194304
12 0.000008 2 110 8 4194304
12 0.000008 2 125 8 4194304
16 0.000008 3 0 PTP 126 1_126_-778_252
13 0.000008 2 126 
16 0.000008 3 0 PTP 111 1_111_-778_237
13 0.000008 2 111 
16 0.000008 3 0 PTP 96 1_96_-778_222
13 0.000008 2 96 
12 0.000008 2 96 8 4194304
12 0.000008 2 111 8 4194304
12 0.000008 2 126 8 4194304
16 0.000009 3 0 PTP 127 1_127_-778_253
13 0.000009 2 127 
16 0.000009 3 0 PTP 112 1_112_-778_238
13 0.000009 2 112 
12 0.000009 2 112 8 4194304
12 0.000009 2 127 8 4194304
16 0.000009 3 0 PTP 128 1_128_-778_254
13 0.000009 2 128 
12 0.000009 2 128 8 4194304
15 0.000104 3 0 PTP 1 1_33_-3334_256 4194304
16 0.000104 3 0 PTP 65 1_65_-3334_255
15 0.000104 3 0 PTP 65 65_97_-3334_257 4194304
16 0.000200 3 0 PTP 33 1_33_-3334_256
15 0.000200 3 0 PTP 33 33_49_-3334_258 4194304
15 0.000200 3 0 PTP 1 1_17_-3334_259 4194304
16 0.000200 3 0 PTP 97 65_97_-3334_257
15 0.000200 3 0 PTP 97 97_113_-3334_260 4194304
15 0.000200 3 0 PTP 65 65_81_-3334_261 4194304
16 0.000294 3 0 PTP 49 33_49_-3334_258
15 0.000294 3 0 PTP 49 49_57_-3334_262 4194304
15 0.000294 3 0 PTP 33 33_41_-3334_263 4194304
16 0.000294 3 0 PTP 17 1_17_-3334_259
15 0.000294 3 0 PTP 17 17_25_-3334_264 4194304
15 0.000294 3 0 PTP 1 1_9_-3334_265 4194304
16 0.000294 3 0 PTP 113 97_113_-3334_260
15 0.000294 3 0 PTP 113 113_121_-3334_266 4194304
15 0.000294 3 0 PTP 97 97_105_-3334_267 4194304
16 0.000294 3 0 PTP 81 65_81_-3334_261
15 0.000294 3 0 PTP 81 81_89_-3334_268 4194304
15 0.000294 3 0 PTP 65 65_73_-3334_269 4194304
16 0.000397 3 0 PTP 57 49_57_-3334_262
15 0.000397 3 0 PTP 57 57_61_-3334_270 4194304
15 0.000397 3 0 PTP 49 49_53_-3334_271 4194304
16 0.000397 3 0 PTP 41 33_41_-3334_263
15 0.000397 3 0 PTP 41 41_45_-3334_272 4194304
15 0.000397 3 0 PTP 33 33_37_-3334_273 4194304
16 0.000397 3 0 PTP 25 17_25_-3334_264
15 0.000397 3 0 PTP 25 25_29_-3334_274 4194304
15 0.000397 3 0 PTP 17 17_21_-3334_275 4194304
16 0.000397 3 0 PTP 9 1_9_-3334_265
15 0.000397 3 0 PTP 9 9_13_-3334_276 4194304
15 0.000397 3 0 PTP 1 1_5_-3334_277 4194304
16 0.000397 3 0 PTP 121 113_121_-3334_266
15 0.000397 3 0 PTP 121 121_125_-3334_278 4194304
15 0.000397 3 0 PTP 113 113_117_-3334_279 4194304
16 0.000397 3 0 PTP 105 97_105_-3334_267
15 0.000397 3 0 PTP 105 105_109_-3334_280 4194304
15 0.000397 3 0 PTP 97 97_101_-3334_281 4194304
16 0.000397 3 0 PTP 89 81_89_-3334_268
15 0.000397 3 0 PTP 89 89_93_-3334_282 4194304
15 0.000397 3 0 PTP 81 81_85_-3334_283 4194304
16 0.000397 3 0 PTP 73 65_73_-3334_269
15 0.000397 3 0 PTP 73 73_77_-3334_284 4194304
15 0.000397 3 0 PTP 65 65_69_-3334_285 4194304
16 0.000496 3 0 PTP 61 57_61_-3334_270
15 0.000496 3 0 PTP 61 61_63_-3334_286 4194304
15 0.000496 3 0 PTP 57 57_59_-3334_287 4194304
16 0.000496 3 0 PTP 53 49_53_-3334_271
15 0.000496 3 0 PTP 53 53_55_-3334_288 4194304
15 0.000496 3 0 PTP 49 49_51_-3334_289 4194304
16 0.000496 3 0 PTP 45 41_45_-3334_272
15 0.000496 3 0 PTP 45 45_47_-3334_290 4194304
15 0.000496 3 0 PTP 41 41_43_-3334_291 4194304
16 0.000496 3 0 PTP 37 33_37_-3334_273
15 0.000496 3 0 PTP 37 37_39_-3334_292 4194304
15 0.000496 3 0 PTP 33 33_35_-3334_293 4194304
16 0.000496 3 0 PTP 29 25_29_-3334_274
15 0.000496 3 0 PTP 29 29_31_-3334_294 4194304
15 0.000496 3 0 PTP 25 25_27_-3334_295 4194304
16 0.000496 3 0 PTP 21 17_21_-3334_275
15 0.000496 3 0 PTP 21 21_23_-3334_296 4194304
15 0.000496 3 0 PTP 17 17_19_-3334_297 4194304
16 0.000496 3 0 PTP 13 9_13_-3334_276
15 0.000496 3 0 PTP 13 13_15_-3334_298 4194304
15 0.000496 3 0 PTP 9 9_11_-3334_299 4194304
16 0.000496 3 0 PTP 5 1_5_-3334_277
15 0.000496 3 0 PTP 5 5_7_-3334_300 4194304
15 0.000496 3 0 PTP 1 1_3_-3334_301 4194304
16 0.000496 3 0 PTP 125 121_125_-3334_278
15 0.000496 3 0 PTP 125 125_127_-3334_302 4194304
15 0.000496 3 0 PTP 121 121_123_-3334_303 4194304
16 0.000496 3 0 PTP 117 113_117_-3334_279
15 0.000496 3 0 PTP 117 117_119_-3334_304 4194304
15 0.000496 3 0 PTP 113 113_115_-3334_305 4194304
16 0.000496 3 0 PTP 109 105_109_-3334_280
15 0.000496 3 0 PTP 109 109_111_-3334_306 4194304
15 0.000496 3 0 PTP 105 105_107_-3334_307 4194304
16 0.000496 3 0 PTP 101 97_101_-3334_281
15 0.000496 3 0 PTP 101 101_103_-3334_308 4194304
15 0.000496 3 0 PTP 97 97_99_-3334_309 4194304
16 0.000496 3 0 PTP 93 89_93_-3334_282
15 0.000496 3 0 PTP 93 93_95_-3334_310 4194304
15 0.000496 3 0 PTP 89 89_91_-3334_311 4194304
16 0.000496 3 0 PTP 85 81_85_-3334_283
15 0.000496 3 0 PTP 85 85_87_-3334_312 4194304
15 0.000496 3 0 PTP 81 81_83_-3334_313 4194304
16 0.000496 3 0 PTP 77 73_77_-3334_284
15 0.000496 3 0 PTP 77 77_79_-3334_314 4194304
15 0.000496 3 0 PTP 73 73_75_-3334_315 4194304
16 0.000496 3 0 PTP 69 65_69_-3334_285
15 0.000496 3 0 PTP 69 69_71_-3334_316 4194304
15 0.000496 3 0 PTP 65 65_67_-3334_317 4194304
16 0.000592 3 0 PTP 63 61_63_-3334_286
15 0.000592 3 0 PTP 63 63_64_-3334_318 4194304
15 0.000592 3 0 PTP 61 61_62_-3334_319 4194304
16 0.000592 3 0 PTP 59 57_59_-3334_287
15 0.000592 3 0 PTP 59 59_60_-3334_320 4194304
15 0.000592 3 0 PTP 57 57_58_-3334_321 4194304
16 0.000592 3 0 PTP 55 53_55_-3334_288
15 0.000592 3 0 PTP 55 55_56_-3334_322 4194304
15 0.000592 3 0 PTP 53 53_54_-3334_323 4194304
16 0.000592 3 0 PTP 51 49_51_-3334_289
15 0.000592 3 0 PTP 51 51_52_-3334_324 4194304
15 0.000592 3 0 PTP 49 49_50_-3334_325 4194304
16 0.000592 3 0 PTP 47 45_47_-3334_290
15 0.000592 3 0 PTP 47 47_48_-3334_326 4194304
15 0.000592 3 0 PTP 45 45_46_-3334_327 4194304
16 0.000592 3 0 PTP 43 41_43_-3334_291
15 0.000592 3 0 PTP 43 43_44_-3334_328 4194304
15 0.000592 3 0 PTP 41 41_42_-3334_329 4194304
16 0.000592 3 0 PTP 39 37_39_-3334_292
15 0.000592 3 0 PTP 39 39_40_-3334_330 4194304
15 0.000592 3 0 PTP 37 37_38_-3334_331 4194304
16 0.000592 3 0 PTP 35 33_35_-3334_293
15 0.000592 3 0 PTP 35 35_36_-3334_332 4194304
15 0.000592 3 0 PTP 33 33_34_-3334_333 4194304
16 0.000592 3 0 PTP 31 29_31_-3334_294
15 0.000592 3 0 PTP 31 31_32_-3334_334 4194304
15 0.000592 3 0 PTP 29 29_30_-3334_335 4194304
16 0.000592 3 0 PTP 27 25_27_-3334_295
15 0.000592 3 0 PTP 27 27_28_-3334_336 4194304
15 0.000592 3 0 PTP 25 25_26_-3334_337 4194304
16 0.000592 3 0 PTP 23 21_23_-3334_296
15 0.000592 3 0 PTP 23 23_24_-3334_338 4194304
15 0.000592 3 0 PTP 21 21_22_-3334_339 4194304
16 0.000592 3 0 PTP 19 17_19_-3334_297
15 0.000592 3 0 PTP 19 19_20_-3334_340 4194304
15 0.000592 3 0 PTP 17 17_18_-3334_341 4194304
16 0.000592 3 0 PTP 15 13_15_-3334_298
15 0.000592 3 0 PTP 15 15_16_-3334_342 4194304
15 0.000592 3 0 PTP 13 13_14_-3334_343 4194304
16 0.000592 3 0 PTP 11 9_11_-3334_299
15 0.000592 3 0 PTP 11 11_12_-3334_344 4194304
15 0.000592 3 0 PTP 9 9_10_-3334_345 4194304
16 0.000592 3 0 PTP 7 5_7_-3334_300
15 0.000592 3 0 PTP 7 7_8_-3334_346 4194304
15 0.000592 3 0 PTP 5 5_6_-3334_347 4194304
16 0.000592 3 0 PTP 3 1_3_-3334_301
15 0.000592 3 0 PTP 3 3_4_-3334_348 4194304
15 0.000592 3 0 PTP 1 1_2_-3334_349 4194304
16 0.000592 3 0 PTP 127 125_127_-3334_302
15 0.000592 3 0 PTP 127 127_128_-3334_350 4194304
15 0.000592 3 0 PTP 125 125_126_-3334_351 4194304
16 0.000592 3 0 PTP 123 121_123_-3334_303
15 0.000592 3 0 PTP 123 123_124_-3334_352 4194304
15 0.000592 3 0 PTP 121 121_122_-3334_353 4194304
16 0.000592 3 0 PTP 119 117_119_-3334_304
15 0.000592 3 0 PTP 119 119_120_-3334_354 4194304
15 0.000592 3 0 PTP 117 117_118_-3334_355 4194304
16 0.000592 3 0 PTP 115 113_115_-3334_305
15 0.000592 3 0 PTP 115 115_116_-3334_356 4194304
15 0.000592 3 0 PTP 113 113_114_-3334_357 4194304
16 0.000592 3 0 PTP 111 109_111_-3334_306
15 0.000592 3 0 PTP 111 111_112_-3334_358 4194304
15 0.000592 3 0 PTP 109 109_110_-3334_359 4194304
16 0.000592 3 0 PTP 107 105_107_-3334_307
15 0.000592 3 0 PTP 107 107_108_-3334_360 4194304
15 0.000592 3 0 PTP 105 105_106_-3334_361 4194304
16 0.000592 3 0 PTP 103 101_103_-3334_308
15 0.000592 3 0 PTP 103 103_104_-3334_362 4194304
15 0.000592 3 0 PTP 101 101_102_-3334_363 4194304
16 0.000592 3 0 PTP 99 97_99_-3334_309
15 0.000592 3 0 PTP 99 99_100_-3334_364 4194304
15 0.000592 3 0 PTP 97 97_98_-3334_365 4194304
16 0.000592 3 0 PTP 95 93_95_-3334_310
15 0.000592 3 0 PTP 95 95_96_-3334_366 4194304
15 0.000592 3 0 PTP 93 93_94_-3334_367 4194304
16 0.000592 3 0 PTP 91 89_91_-3334_311
15 0.000592 3 0 PTP 91 91_92_-3334_368 4194304
15 0.000592 3 0 PTP 89 89_90_-3334_369 4194304
16 0.000592 3 0 PTP 87 85_87_-3334_312
15 0.000592 3 0 PTP 87 87_88_-3334_370 4194304
15 0.000592 3 0 PTP 85 85_86_-3334_371 4194304
16 0.000592 3 0 PTP 83 81_83_-3334_313
15 0.000592 3 0 PTP 83 83_84_-3334_372 4194304
15 0.000592 3 0 PTP 81 81_82_-3334_373 4194304
16 0.000592 3 0 PTP 79 77_79_-3334_314
15 0.000592 3 0 PTP 79 79_80_-3334_374 4194304
15 0.000592 3 0 PTP 77 77_78_-3334_375 4194304
16 0.000592 3 0 PTP 75 73_75_-3334_315
15 0.000592 3 0 PTP 75 75_76_-3334_376 4194304
15 0.000592 3 0 PTP 73 73_74_-3334_377 4194304
16 0.000592 3 0 PTP 71 69_71_-3334_316
15 0.000592 3 0 PTP 71 71_72_-3334_378 4194304
15 0.000592 3 0 PTP 69 69_70_-3334_379 4194304
16 0.000592 3 0 PTP 67 65_67_-3334_317
15 0.000592 3 0 PTP 67 67_68_-3334_380 4194304
15 0.000592 3 0 PTP 65 65_66_-3334_381 4194304
16 0.000686 3 0 PTP 64 63_64_-3334_318
13 0.000686 2 64 
13 0.000686 2 63 
16 0.000686 3 0 PTP 62 61_62_-3334_319
13 0.000686 2 62 
13 0.000686 2 61 
16 0.000686 3 0 PTP 60 59_60_-3334_320
13 0.000686 2 60 
13 0.000686 2 59 
16 0.000686 3 0 PTP 58 57_58_-3334_321
13 0.000686 2 58 
13 0.000686 2 57 
16 0.000686 3 0 PTP 56 55_56_-3334_322
13 0.000686 2 56 
13 0.000686 2 55 
16 0.000686 3 0 PTP 54 53_54_-3334_323
13 0.000686 2 54 
13 0.000686 2 53 
16 0.000686 3 0 PTP 52 51_52_-3334_324
13 0.000686 2 52 
13 0.000686 2 51 
16 0.000686 3 0 PTP 50 49_50_-3334_325
13 0.000686 2 50 
13 0.000686 2 49 
16 0.000686 3 0 PTP 48 47_48_-3334_326
13 0.000686 2 48 
13 0.000686 2 47 
16 0.000686 3 0 PTP 46 45_46_-3334_327
13 0.000686 2 46 
13 0.000686 2 45 
16 0.000686 3 0 PTP 44 43_44_-3334_328
13 0.000686 2 44 
13 0.000686 2 43 
16 0.000686 3 0 PTP 42 41_42_-3334_329
13 0.000686 2 42 
13 0.000686 2 41 
16 0.000686 3 0 PTP 40 39_40_-3334_330
13 0.000686 2 40 
13 0.000686 2 39 
16 0.000686 3 0 PTP 38 37_38_-3334_331
13 0.000686 2 38 
13 0.000686 2 37 
16 0.000686 3 0 PTP 36 35_36_-3334_332
13 0.000686 2 36 
13 0.000686 2 35 
16 0.000686 3 0 PTP 34 33_34_-3334_333
13 0.000686 2 34 
13 0.000686 2 33 
16 0.000686 3 0 PTP 32 31_32_-3334_334
13 0.000686 2 32 
13 0.000686 2 31 
16 0.000686 3 0 PTP 30 29_30_-3334_335
13 0.000686 2 30 
13 0.000686 2 29 
16 0.000686 3 0 PTP 28 27_28_-3334_336
13 0.000686 2 28 
13 0.000686 2 27 
16 0.000686 3 0 PTP 26 25_26_-3334_337
13 0.000686 2 26 
13 0.000686 2 25 
16 0.000686 3 0 PTP 24 23_24_-3334_338
13 0.000686 2 24 
13 0.000686 2 23 
16 0.000686 3 0 PTP 22 21_22_-3334_339
13 0.000686 2 22 
13 0.000686 2 21 
16 0.000686 3 0 PTP 20 19_20_-3334_340
13 0.000686 2 20 
13 0.000686 2 19 
16 0.000686 3 0 PTP 18 17_18_-3334_341
13 0.000686 2 18 
13 0.000686 2 17 
16 0.000686 3 0 PTP 16 15_16_-3334_342
13 0.000686 2 16 
13 0.000686 2 15 
16 0.000686 3 0 PTP 14 13_14_-3334_343
13 0.000686 2 14 
13 0.000686 2 13 
16 0.000686 3 0 PTP 12 11_12_-3334_344
13 0.000686 2 12 
13 0.000686 2 11 
16 0.000686 3 0 PTP 10 9_10_-3334_345
13 0.000686 2 10 
13 0.000686 2 9 
16 0.000686 3 0 PTP 8 7_8_-3334_346
13 0.000686 2 8 
13 0.000686 2 7 
16 0.000686 3 0 PTP 6 5_6_-3334_347
13 0.000686 2 6 
13 0.000686 2 5 
16 0.000686 3 0 PTP 4 3_4_-3334_348
13 0.000686 2 4 
13 0.000686 2 3 
16 0.000686 3 0 PTP 2 1_2_-3334_349
13 0.000686 2 2 
13 0.000686 2 1 
16 0.000686 3 0 PTP 128 127_128_-3334_350
13 0.000686 2 128 
13 0.000686 2 127 
16 0.000686 3 0 PTP 126 125_126_-3334_351
13 0.000686 2 126 
13 0.000686 2 125 
16 0.000686 3 0 PTP 124 123_124_-3334_352
13 0.000686 2 124 
13 0.000686 2 123 
16 0.000686 3 0 PTP 122 121_122_-3334_353
13 0.000686 2 122 
13 0.000686 2 121 
16 0.000686 3 0 PTP 120 119_120_-3334_354
13 0.000686 2 120 
13 0.000686 2 119 
16 0.000686 3 0 PTP 118 117_118_-3334_355
13 0.000686 2 118 
13 0.000686 2 117 
16 0.000686 3 0 PTP 116 115_116_-3334_356
13 0.000686 2 116 
13 0.000686 2 115 
16 0.000686 3 0 PTP 114 113_114_-3334_357
13 0.000686 2 114 
13 0.000686 2 113 
16 0.000686 3 0 PTP 112 111_112_-3334_358
13 0.000686 2 112 
13 0.000686 2 111 
16 0.000686 3 0 PTP 110 109_110_-3334_359
13 0.000686 2 110 
13 0.000686 2 109 
16 0.000686 3 0 PTP 108 107_108_-3334_360
13 0.000686 2 108 
13 0.000686 2 107 
16 0.000686 3 0 PTP 106 105_106_-3334_361
13 0.000686 2 106 
13 0.000686 2 105 
16 0.000686 3 0 PTP 104 103_104_-3334_362
13 0.000686 2 104 
13 0.000686 2 103 
16 0.000686 3 0 PTP 102 101_102_-3334_363
13 0.000686 2 102 
13 0.000686 2 101 
16 0.000686 3 0 PTP 100 99_100_-3334_364
13 0.000686 2 100 
13 0.000686 2 99 
16 0.000686 3 0 PTP 98 97_98_-3334_365
13 0.000686 2 98 
13 0.000686 2 97 
16 0.000686 3 0 PTP 96 95_96_-3334_366
13 0.000686 2 96 
13 0.000686 2 95 
16 0.000686 3 0 PTP 94 93_94_-3334_367
13 0.000686 2 94 
13 0.000686 2 93 
16 0.000686 3 0 PTP 92 91_92_-3334_368
13 0.000686 2 92 
13 0.000686 2 91 
16 0.000686 3 0 PTP 90 89_90_-3334_369
13 0.000686 2 90 
13 0.000686 2 89 
16 0.000686 3 0 PTP 88 87_88_-3334_370
13 0.000686 2 88 
13 0.000686 2 87 
16 0.000686 3 0 PTP 86 85_86_-3334_371
13 0.000686 2 86 
13 0.000686 2 85 
16 0.000686 3 0 PTP 84 83_84_-3334_372
13 0.000686 2 84 
13 0.000686 2 83 
16 0.000686 3 0 PTP 82 81_82_-3334_373
13 0.000686 2 82 
13 0.000686 2 81 
16 0.000686 3 0 PTP 80 79_80_-3334_374
13 0.000686 2 80 
13 0.000686 2 79 
16 0.000686 3 0 PTP 78 77_78_-3334_375
13 0.000686 2 78 
13 0.000686 2 77 
16 0.000686 3 0 PTP 76 75_76_-3334_376
13 0.000686 2 76 
13 0.000686 2 75 
16 0.000686 3 0 PTP 74 73_74_-3334_377
13 0.000686 2 74 
13 0.000686 2 73 
16 0.000686 3 0 PTP 72 71_72_-3334_378
13 0.000686 2 72 
13 0.000686 2 71 
16 0.000686 3 0 PTP 70 69_70_-3334_379
13 0.000686 2 70 
13 0.000686 2 69 
16 0.000686 3 0 PTP 68 67_68_-3334_380
13 0.000686 2 68 
13 0.000686 2 67 
16 0.000686 3 0 PTP 66 65_66_-3334_381
13 0.000686 2 66 
13 0.000686 2 65 
12 0.000686 2 65 9 1
15 0.000686 3 0 PTP 65 65_1_-112_382 8
12 0.000686 2 66 9 1
15 0.000686 3 0 PTP 66 66_1_-112_383 8
12 0.000686 2 67 9 1
15 0.000686 3 0 PTP 67 67_1_-112_384 8
12 0.000686 2 68 9 1
15 0.000686 3 0 PTP 68 68_1_-112_385 8
12 0.000686 2 69 9 1
15 0.000686 3 0 PTP 69 69_1_-112_386 8
12 0.000686 2 70 9 1
15 0.000686 3 0 PTP 70 70_1_-112_387 8
12 0.000686 2 71 9 1
15 0.000686 3 0 PTP 71 71_1_-112_388 8
12 0.000686 2 72 9 1
15 0.000686 3 0 PTP 72 72_1_-112_389 8
12 0.000686 2 73 9 1
15 0.000686 3 0 PTP 73 73_1_-112_390 8
12 0.000686 2 74 9 1
15 0.000686 3 0 PTP 74 74_1_-112_391 8
12 0.000686 2 75 9 1
15 0.000686 3 0 PTP 75 75_1_-112_392 8
12 0.000686 2 76 9 1
15 0.000686 3 0 PTP 76 76_1_-112_393 8
12 0.000686 2 77 9 1
15 0.000686 3 0 PTP 77 77_1_-112_394 8
12 0.000686 2 78 9 1
15 0.000686 3 0 PTP 78 78_1_-112_395 8
12 0.000686 2 79 9 1
15 0.000686 3 0 PTP 79 79_1_-112_396 8
12 0.000686 2 80 9 1
15 0.000686 3 0 PTP 80 80_1_-112_397 8
12 0.000686 2 81 9 1
15 0.000686 3 0 PTP 81 81_1_-112_398 8
12 0.000686 2 82 9 1
15 0.000686 3 0 PTP 82 82_1_-112_399 8
12 0.000686 2 83 9 1
15 0.000686 3 0 PTP 83 83_1_-112_400 8
12 0.000686 2 84 9 1
15 0.000686 3 0 PTP 84 84_1_-112_401 8
12 0.000686 2 85 9 1
15 0.000686 3 0 PTP 85 85_1_-112_402 8
12 0.000686 2 86 9 1
15 0.000686 3 0 PTP 86 86_1_-112_403 8
12 0.000686 2 87 9 1
15 0.000686 3 0 PTP 87 87_1_-112_404 8
12 0.000686 2 88 9 1
15 0.000686 3 0 PTP 88 88_1_-112_405 8
12 0.000686 2 89 9 1
15 0.000686 3 0 PTP 89 89_1_-112_406 8
12 0.000686 2 90 9 1
15 0.000686 3 0 PTP 90 90_1_-112_407 8
12 0.000686 2 91 9 1
15 0.000686 3 0 PTP 91 91_1_-112_408 8
12 0.000686 2 92 9 1
15 0.000686 3 0 PTP 92 92_1_-112_409 8
12 0.000686 2 93 9 1
15 0.000686 3 0 PTP 93 93_1_-112_410 8
12 0.000686 2 94 9 1
15 0.000686 3 0 PTP 94 94_1_-112_411 8
12 0.000686 2 95 9 1
15 0.000686 3 0 PTP 95 95_1_-112_412 8
12 0.000686 2 96 9 1
15 0.000686 3 0 PTP 96 96_1_-112_413 8
12 0.000686 2 97 9 1
15 0.000686 3 0 PTP 97 97_1_-112_414 8
12 0.000686 2 98 9 1
15 0.000686 3 0 PTP 98 98_1_-112_415 8
12 0.000686 2 99 9 1
15 0.000686 3 0 PTP 99 99_1_-112_416 8
12 0.000686 2 100 9 1
15 0.000686 3 0 PTP 100 100_1_-112_417 8
12 0.000686 2 101 9 1
15 0.000686 3 0 PTP 101 101_1_-112_418 8
12 0.000686 2 102 9 1
15 0.000686 3 0 PTP 102 102_1_-112_419 8
12 0.000686 2 103 9 1
15 0.000686 3 0 PTP 103 103_1_-112_420 8
12 0.000686 2 104 9 1
15 0.000686 3 0 PTP 104 104_1_-112_421 8
12 0.000686 2 105 9 1
15 0.000686 3 0 PTP 105 105_1_-112_422 8
12 0.000686 2 106 9 1
15 0.000686 3 0 PTP 106 106_1_-112_423 8
12 0.000686 2 107 9 1
15 0.000686 3 0 PTP 107 107_1_-112_424 8
12 0.000686 2 108 9 1
15 0.000686 3 0 PTP 108 108_1_-112_425 8
12 0.000686 2 109 9 1
15 0.000686 3 0 PTP 109 109_1_-112_426 8
12 0.000686 2 110 9 1
15 0.000686 3 0 PTP 110 110_1_-112_427 8
12 0.000686 2 111 9 1
15 0.000686 3 0 PTP 111 111_1_-112_428 8
12 0.000686 2 112 9 1
15 0.000686 3 0 PTP 112 112_1_-112_429 8
12 0.000686 2 113 9 1
15 0.000686 3 0 PTP 113 113_1_-112_430 8
12 0.000686 2 114 9 1
15 0.000686 3 0 PTP 114 114_1_-112_431 8
12 0.000686 2 115 9 1
15 0.000686 3 0 PTP 115 115_1_-112_432 8
12 0.000686 2 116 9 1
15 0.000686 3 0 PTP 116 116_1_-112_433 8
12 0.000686 2 117 9 1
15 0.000686 3 0 PTP 117 117_1_-112_434 8
12 0.000686 2 118 9 1
15 0.000686 3 0 PTP 118 118_1_-112_435 8
12 0.000686 2 119 9 1
15 0.000686 3 0 PTP 119 119_1_-112_436 8
12 0.000686 2 120 9 1
15 0.000686 3 0 PTP 120 120_1_-112_437 8
12 0.000686 2 121 9 1
15 0.000686 3 0 PTP 121 121_1_-112_438 8
12 0.000686 2 122 9 1
15 0.000686 3 0 PTP 122 122_1_-112_439 8
12 0.000686 2 123 9 1
15 0.000686 3 0 PTP 123 123_1_-112_440 8
12 0.000686 2 124 9 1
15 0.000686 3 0 PTP 124 124_1_-112_441 8
12 0.000686 2 125 9 1
15 0.000686 3 0 PTP 125 125_1_-112_442 8
12 0.000686 2 126 9 1
15 0.000686 3 0 PTP 126 126_1_-112_443 8
12 0.000686 2 127 9 1
15 0.000686 3 0 PTP 127 127_1_-112_444 8
12 0.000686 2 128 9 1
15 0.000686 3 0 PTP 128 128_1_-112_445 8
12 0.000686 2 1 9 1
12 0.000686 2 2 9 1
15 0.000686 3 0 PTP 2 2_1_-112_446 8
12 0.000686 2 3 9 1
15 0.000686 3 0 PTP 3 3_1_-112_447 8
12 0.000686 2 4 9 1
15 0.000686 3 0 PTP 4 4_1_-112_448 8
12 0.000686 2 5 9 1
15 0.000686 3 0 PTP 5 5_1_-112_449 8
12 0.000686 2 6 9 1
15 0.000686 3 0 PTP 6 6_1_-112_450 8
12 0.000686 2 7 9 1
15 0.000686 3 0 PTP 7 7_1_-112_451 8
12 0.000686 2 8 9 1
15 0.000686 3 0 PTP 8 8_1_-112_452 8
12 0.000686 2 9 9 1
15 0.000686 3 0 PTP 9 9_1_-112_453 8
12 0.000686 2 10 9 1
15 0.000686 3 0 PTP 10 10_1_-112_454 8
12 0.000686 2 11 9 1
15 0.000686 3 0 PTP 11 11_1_-112_455 8
12 0.000686 2 12 9 1
15 0.000686 3 0 PTP 12 12_1_-112_456 8
12 0.000686 2 13 9 1
15 0.000686 3 0 PTP 13 13_1_-112_457 8
12 0.000686 2 14 9 1
15 0.000686 3 0 PTP 14 14_1_-112_458 8
12 0.000686 2 15 9 1
15 0.000686 3 0 PTP 15 15_1_-112_459 8
12 0.000686 2 16 9 1
15 0.000686 3 0 PTP 16 16_1_-112_460 8
12 0.000686 2 17 9 1
15 0.000686 3 0 PTP 17 17_1_-112_461 8
12 0.000686 2 18 9 1
15 0.000686 3 0 PTP 18 18_1_-112_462 8
12 0.000686 2 19 9 1
15 0.000686 3 0 PTP 19 19_1_-112_463 8
12 0.000686 2 20 9 1
15 0.000686 3 0 PTP 20 20_1_-112_464 8
12 0.000686 2 21 9 1
15 0.000686 3 0 PTP 21 21_1_-112_465 8
12 0.000686 2 22 9 1
15 0.000686 3 0 PTP 22 22_1_-112_466 8
12 0.000686 2 23 9 1
15 0.000686 3 0 PTP 23 23_1_-112_467 8
12 0.000686 2 24 9 1
15 0.000686 3 0 PTP 24 24_1_-112_468 8
12 0.000686 2 25 9 1
15 0.000686 3 0 PTP 25 25_1_-112_469 8
12 0.000686 2 26 9 1
15 0.000686 3 0 PTP 26 26_1_-112_470 8
12 0.000686 2 27 9 1
15 0.000686 3 0 PTP 27 27_1_-112_471 8
12 0.000686 2 28 9 1
15 0.000686 3 0 PTP 28 28_1_-112_472 8
12 0.000686 2 29 9 1
15 0.000686 3 0 PTP 29 29_1_-112_473 8
12 0.000686 2 30 9 1
15 0.000686 3 0 PTP 30 30_1_-112_474 8
12 0.000686 2 31 9 1
15 0.000686 3 0 PTP 31 31_1_-112_475 8
12 0.000686 2 32 9 1
15 0.000686 3 0 PTP 32 32_1_-112_476 8
12 0.000686 2 33 9 1
15 0.000686 3 0 PTP 33 33_1_-112_477 8
12 0.000686 2 34 9 1
15 0.000686 3 0 PTP 34 34_1_-112_478 8
12 0.000686 2 35 9 1
15 0.000686 3 0 PTP 35 35_1_-112_479 8
12 0.000686 2 36 9 1
15 0.000686 3 0 PTP 36 36_1_-112_480 8
12 0.000686 2 37 9 1
15 0.000686 3 0 PTP 37 37_1_-112_481 8
12 0.000686 2 38 9 1
15 0.000686 3 0 PTP 38 38_1_-112_482 8
12 0.000686 2 39 9 1
15 0.000686 3 0 PTP 39 39_1_-112_483 8
12 0.000686 2 40 9 1
15 0.000686 3 0 PTP 40 40_1_-112_484 8
12 0.000686 2 41 9 1
15 0.000686 3 0 PTP 41 41_1_-112_485 8
12 0.000686 2 42 9 1
15 0.000686 3 0 PTP 42 42_1_-112_486 8
12 0.000686 2 43 9 1
15 0.000686 3 0 PTP 43 43_1_-112_487 8
12 0.000686 2 44 9 1
15 0.000686 3 0 PTP 44 44_1_-112_488 8
12 0.000686 2 45 9 1
15 0.000686 3 0 PTP 45 45_1_-112_489 8
12 0.000686 2 46 9 1
15 0.000686 3 0 PTP 46 46_1_-112_490 8
12 0.000686 2 47 9 1
15 0.000686 3 0 PTP 47 47_1_-112_491 8
12 0.000686 2 48 9 1
15 0.000686 3 0 PTP 48 48_1_-112_492 8
12 0.000686 2 49 9 1
15 0.000686 3 0 PTP 49 49_1_-112_493 8
12 0.000686 2 50 9 1
15 0.000686 3 0 PTP 50 50_1_-112_494 8
12 0.000686 2 51 9 1
15 0.000686 3 0 PTP 51 51_1_-112_495 8
12 0.000686 2 52 9 1
15 0.000686 3 0 PTP 52 52_1_-112_496 8
12 0.000686 2 53 9 1
15 0.000686 3 0 PTP 53 53_1_-112_497 8
12 0.000686 2 54 9 1
15 0.000686 3 0 PTP 54 54_1_-112_498 8
12 0.000686 2 55 9 1
15 0.000686 3 0 PTP 55 55_1_-112_499 8
12 0.000686 2 56 9 1
15 0.000686 3 0 PTP 56 56_1_-112_500 8
12 0.000686 2 57 9 1
15 0.000686 3 0 PTP 57 57_1_-112_501 8
12 0.000686 2 58 9 1
15 0.000686 3 0 PTP 58 58_1_-112_502 8
12 0.000686 2 59 9 1
15 0.000686 3 0 PTP 59 59_1_-112_503 8
12 0.000686 2 60 9 1
15 0.000686 3 0 PTP 60 60_1_-112_504 8
12 0.000686 2 61 9 1
15 0.000686 3 0 PTP 61 61_1_-112_505 8
12 0.000686 2 62 9 1
15 0.000686 3 0 PTP 62 62_1_-112_506 8
12 0.000686 2 63 9 1
15 0.000686 3 0 PTP 63 63_1_-112_507 8
12 0.000686 2 64 9 1
15 0.000686 3 0 PTP 64 64_1_-112_508 8
13 0.000686 2 65 
12 0.000686 2 65 9 1
15 0.000686 3 0 PTP 65 65_1_-112_509 4
13 0.000686 2 66 
12 0.000686 2 66 9 1
15 0.000686 3 0 PTP 66 66_1_-112_510 4
13 0.000686 2 67 
12 0.000686 2 67 9 1
15 0.000686 3 0 PTP 67 67_1_-112_511 4
13 0.000686 2 68 
12 0.000686 2 68 9 1
15 0.000686 3 0 PTP 68 68_1_-112_512 4
13 0.000686 2 69 
12 0.000686 2 69 9 1
15 0.000686 3 0 PTP 69 69_1_-112_513 4
13 0.000686 2 70 
12 0.000686 2 70 9 1
15 0.000686 3 0 PTP 70 70_1_-112_514 4
13 0.000686 2 71 
12 0.000686 2 71 9 1
15 0.000686 3 0 PTP 71 71_1_-112_515 4
13 0.000686 2 72 
12 0.000686 2 72 9 1
15 0.000686 3 0 PTP 72 72_1_-112_516 4
13 0.000686 2 73 
12 0.000686 2 73 9 1
15 0.000686 3 0 PTP 73 73_1_-112_517 4
13 0.000686 2 74 
12 0.000686 2 74 9 1
15 0.000686 3 0 PTP 74 74_1_-112_518 4
13 0.000686 2 75 
12 0.000686 2 75 9 1
15 0.000686 3 0 PTP 75 75_1_-112_519 4
13 0.000686 2 76 
12 0.000686 2 76 9 1
15 0.000686 3 0 PTP 76 76_1_-112_520 4
13 0.000686 2 77 
12 0.000686 2 77 9 1
15 0.000686 3 0 PTP 77 77_1_-112_521 4
13 0.000686 2 78 
12 0.000686 2 78 9 1
15 0.000686 3 0 PTP 78 78_1_-112_522 4
13 0.000686 2 79 
12 0.000686 2 79 9 1
15 0.000686 3 0 PTP 79 79_1_-112_523 4
13 0.000686 2 80 
12 0.000686 2 80 9 1
15 0.000686 3 0 PTP 80 80_1_-112_524 4
13 0.000686 2 81 
12 0.000686 2 81 9 1
15 0.000686 3 0 PTP 81 81_1_-112_525 4
13 0.000686 2 82 
12 0.000686 2 82 9 1
15 0.000686 3 0 PTP 82 82_1_-112_526 4
13 0.000686 2 83 
12 0.000686 2 83 9 1
15 0.000686 3 0 PTP 83 83_1_-112_527 4
13 0.000686 2 84 
12 0.000686 2 84 9 1
15 0.000686 3 0 PTP 84 84_1_-112_528 4
13 0.000686 2 85 
12 0.000686 2 85 9 1
15 0.000686 3 0 PTP 85 85_1_-112_529 4
13 0.000686 2 86 
12 0.000686 2 86 9 1
15 0.000686 3 0 PTP 86 86_1_-112_530 4
13 0.000686 2 87 
12 0.000686 2 87 9 1
15 0.000686 3 0 PTP 87 87_1_-112_531 4
13 0.000686 2 88 
12 0.000686 2 88 9 1
15 0.000686 3 0 PTP 88 88_1_-112_532 4
13 0.000686 2 89 
12 0.000686 2 89 9 1
15 0.000686 3 0 PTP 89 89_1_-112_533 4
13 0.000686 2 90 
12 0.000686 2 90 9 1
15 0.000686 3 0 PTP 90 90_1_-112_534 4
13 0.000686 2 91 
12 0.000686 2 91 9 1
15 0.000686 3 0 PTP 91 91_1_-112_535 4
13 0.000686 2 92 
12 0.000686 2 92 9 1
15 0.000686 3 0 PTP 92 92_1_-112_536 4
13 0.000686 2 93 
12 0.000686 2 93 9 1
15 0.000686 3 0 PTP 93 93_1_-112_537 4
13 0.000686 2 94 
12 0.000686 2 94 9 1
15 0.000686 3 0 PTP 94 94_1_-112_538 4
13 0.000686 2 95 
12 0.000686 2 95 9 1
15 0.000686 3 0 PTP 95 95_1_-112_539 4
13 0.000686 2 96 
12 0.000686 2 96 9 1
15 0.000686 3 0 PTP 96 96_1_-112_540 4
13 0.000686 2 97 
12 0.000686 2 97 9 1
15 0.000686 3 0 PTP 97 97_1_-112_541 4
13 0.000686 2 98 
12 0.000686 2 98 9 1
15 0.000686 3 0 PTP 98 98_1_-112_542 4
13 0.000686 2 99 
12 0.000686 2 99 9 1
15 0.000686 3 0 PTP 99 99_1_-112_543 4
13 0.000686 2 100 
12 0.000686 2 100 9 1
15 0.000686 3 0 PTP 100 100_1_-112_544 4
13 0.000686 2 101 
12 0.000686 2 101 9 1
15 0.000686 3 0 PTP 101 101_1_-112_545 4
13 0.000686 2 102 
12 0.000686 2 102 9 1
15 0.000686 3 0 PTP 102 102_1_-112_546 4
13 0.000686 2 103 
12 0.000686 2 103 9 1
15 0.000686 3 0 PTP 103 103_1_-112_547 4
13 0.000686 2 104 
12 0.000686 2 104 9 1
15 0.000686 3 0 PTP 104 104_1_-112_548 4
13 0.000686 2 105 
12 0.000686 2 105 9 1
15 0.000686 3 0 PTP 105 105_1_-112_549 4
13 0.000686 2 106 
12 0.000686 2 106 9 1
15 0.000686 3 0 PTP 106 106_1_-112_550 4
13 0.000686 2 107 
12 0.000686 2 107 9 1
15 0.000686 3 0 PTP 107 107_1_-112_551 4
13 0.000686 2 108 
12 0.000686 2 108 9 1
15 0.000686 3 0 PTP 108 108_1_-112_552 4
13 0.000686 2 109 
12 0.000686 2 109 9 1
15 0.000686 3 0 PTP 109 109_1_-112_553 4
13 0.000686 2 110 
12 0.000686 2 110 9 1
15 0.000686 3 0 PTP 110 110_1_-112_554 4
13 0.000686 2 111 
12 0.000686 2 111 9 1
15 0.000686 3 0 PTP 111 111_1_-112_555 4
13 0.000686 2 112 
12 0.000686 2 112 9 1
15 0.000686 3 0 PTP 112 112_1_-112_556 4
13 0.000686 2 113 
12 0.000686 2 113 9 1
15 0.000686 3 0 PTP 113 113_1_-112_557 4
13 0.000686 2 114 
12 0.000686 2 114 9 1
15 0.000686 3 0 PTP 114 114_1_-112_558 4
13 0.000686 2 115 
12 0.000686 2 115 9 1
15 0.000686 3 0 PTP 115 115_1_-112_559 4
13 0.000686 2 116 
12 0.000686 2 116 9 1
15 0.000686 3 0 PTP 116 116_1_-112_560 4
13 0.000686 2 117 
12 0.000686 2 117 9 1
15 0.000686 3 0 PTP 117 117_1_-112_561 4
13 0.000686 2 118 
12 0.000686 2 118 9 1
15 0.000686 3 0 PTP 118 118_1_-112_562 4
13 0.000686 2 119 
12 0.000686 2 119 9 1
15 0.000686 3 0 PTP 119 119_1_-112_563 4
13 0.000686 2 120 
12 0.000686 2 120 9 1
15 0.000686 3 0 PTP 120 120_1_-112_564 4
13 0.000686 2 121 
12 0.000686 2 121 9 1
15 0.000686 3 0 PTP 121 121_1_-112_565 4
13 0.000686 2 122 
12 0.000686 2 122 9 1
15 0.000686 3 0 PTP 122 122_1_-112_566 4
13 0.000686 2 123 
12 0.000686 2 123 9 1
15 0.000686 3 0 PTP 123 123_1_-112_567 4
13 0.000686 2 124 
12 0.000686 2 124 9 1
15 0.000686 3 0 PTP 124 124_1_-112_568 4
13 0.000686 2 125 
12 0.000686 2 125 9 1
15 0.000686 3 0 PTP 125 125_1_-112_569 4
13 0.000686 2 126 
12 0.000686 2 126 9 1
15 0.000686 3 0 PTP 126 126_1_-112_570 4
13 0.000686 2 127 
12 0.000686 2 127 9 1
15 0.000686 3 0 PTP 127 127_1_-112_571 4
13 0.000686 2 128 
12 0.000686 2 128 9 1
15 0.000686 3 0 PTP 128 128_1_-112_572 4
13 0.000686 2 2 
12 0.000686 2 2 9 1
15 0.000686 3 0 PTP 2 2_1_-112_573 4
13 0.000686 2 3 
12 0.000686 2 3 9 1
15 0.000686 3 0 PTP 3 3_1_-112_574 4
13 0.000686 2 4 
12 0.000686 2 4 9 1
15 0.000686 3 0 PTP 4 4_1_-112_575 4
13 0.000686 2 5 
12 0.000686 2 5 9 1
15 0.000686 3 0 PTP 5 5_1_-112_576 4
13 0.000686 2 6 
12 0.000686 2 6 9 1
15 0.000686 3 0 PTP 6 6_1_-112_577 4
13 0.000686 2 7 
12 0.000686 2 7 9 1
15 0.000686 3 0 PTP 7 7_1_-112_578 4
13 0.000686 2 8 
12 0.000686 2 8 9 1
15 0.000686 3 0 PTP 8 8_1_-112_579 4
13 0.000686 2 9 
12 0.000686 2 9 9 1
15 0.000686 3 0 PTP 9 9_1_-112_580 4
13 0.000686 2 10 
12 0.000686 2 10 9 1
15 0.000686 3 0 PTP 10 10_1_-112_581 4
13 0.000686 2 11 
12 0.000686 2 11 9 1
15 0.000686 3 0 PTP 11 11_1_-112_582 4
13 0.000686 2 12 
12 0.000686 2 12 9 1
15 0.000686 3 0 PTP 12 12_1_-112_583 4
13 0.000686 2 13 
12 0.000686 2 13 9 1
15 0.000686 3 0 PTP 13 13_1_-112_584 4
13 0.000686 2 14 
12 0.000686 2 14 9 1
15 0.000686 3 0 PTP 14 14_1_-112_585 4
13 0.000686 2 15 
12 0.000686 2 15 9 1
15 0.000686 3 0 PTP 15 15_1_-112_586 4
13 0.000686 2 16 
12 0.000686 2 16 9 1
15 0.000686 3 0 PTP 16 16_1_-112_587 4
13 0.000686 2 17 
12 0.000686 2 17 9 1
15 0.000686 3 0 PTP 17 17_1_-112_588 4
13 0.000686 2 18 
12 0.000686 2 18 9 1
15 0.000686 3 0 PTP 18 18_1_-112_589 4
13 0.000686 2 19 
12 0.000686 2 19 9 1
15 0.000686 3 0 PTP 19 19_1_-112_590 4
13 0.000686 2 20 
12 0.000686 2 20 9 1
15 0.000686 3 0 PTP 20 20_1_-112_591 4
13 0.000686 2 21 
12 0.000686 2 21 9 1
15 0.000686 3 0 PTP 21 21_1_-112_592 4
13 0.000686 2 22 
12 0.000686 2 22 9 1
15 0.000686 3 0 PTP 22 22_1_-112_593 4
13 0.000686 2 23 
12 0.000686 2 23 9 1
15 0.000686 3 0 PTP 23 23_1_-112_594 4
13 0.000686 2 24 
12 0.000686 2 24 9 1
15 0.000686 3 0 PTP 24 24_1_-112_595 4
13 0.000686 2 25 
12 0.000686 2 25 9 1
15 0.000686 3 0 PTP 25 25_1_-112_596 4
13 0.000686 2 26 
12 0.000686 2 26 9 1
15 0.000686 3 0 PTP 26 26_1_-112_597 4
13 0.000686 2 27 
12 0.000686 2 27 9 1
15 0.000686 3 0 PTP 27 27_1_-112_598 4
13 0.000686 2 28 
12 0.000686 2 28 9 1
15 0.000686 3 0 PTP 28 28_1_-112_599 4
13 0.000686 2 29 
12 0.000686 2 29 9 1
15 0.000686 3 0 PTP 29 29_1_-112_600 4
13 0.000686 2 30 
12 0.000686 2 30 9 1
15 0.000686 3 0 PTP 30 30_1_-112_601 4
13 0.000686 2 31 
12 0.000686 2 31 9 1
15 0.000686 3 0 PTP 31 31_1_-112_602 4
13 0.000686 2 32 
12 0.000686 2 32 9 1
15 0.000686 3 0 PTP 32 32_1_-112_603 4
13 0.000686 2 33 
12 0.000686 2 33 9 1
15 0.000686 3 0 PTP 33 33_1_-112_604 4
13 0.000686 2 34 
12 0.000686 2 34 9 1
15 0.000686 3 0 PTP 34 34_1_-112_605 4
13 0.000686 2 35 
12 0.000686 2 35 9 1
15 0.000686 3 0 PTP 35 35_1_-112_606 4
13 0.000686 2 36 
12 0.000686 2 36 9 1
15 0.000686 3 0 PTP 36 36_1_-112_607 4
13 0.000686 2 37 
12 0.000686 2 37 9 1
15 0.000686 3 0 PTP 37 37_1_-112_608 4
13 0.000686 2 38 
12 0.000686 2 38 9 1
15 0.000686 3 0 PTP 38 38_1_-112_609 4
13 0.000686 2 39 
12 0.000686 2 39 9 1
15 0.000686 3 0 PTP 39 39_1_-112_610 4
13 0.000686 2 40 
12 0.000686 2 40 9 1
15 0.000686 3 0 PTP 40 40_1_-112_611 4
13 0.000686 2 41 
12 0.000686 2 41 9 1
15 0.000686 3 0 PTP 41 41_1_-112_612 4
13 0.000686 2 42 
12 0.000686 2 42 9 1
15 0.000686 3 0 PTP 42 42_1_-112_613 4
13 0.000686 2 43 
12 0.000686 2 43 9 1
15 0.000686 3 0 PTP 43 43_1_-112_614 4
13 0.000686 2 44 
12 0.000686 2 44 9 1
15 0.000686 3 0 PTP 44 44_1_-112_615 4
13 0.000686 2 45 
12 0.000686 2 45 9 1
15 0.000686 3 0 PTP 45 45_1_-112_616 4
13 0.000686 2 46 
12 0.000686 2 46 9 1
15 0.000686 3 0 PTP 46 46_1_-112_617 4
13 0.000686 2 47 
12 0.000686 2 47 9 1
15 0.000686 3 0 PTP 47 47_1_-112_618 4
13 0.000686 2 48 
12 0.000686 2 48 9 1
15 0.000686 3 0 PTP 48 48_1_-112_619 4
13 0.000686 2 49 
12 0.000686 2 49 9 1
15 0.000686 3 0 PTP 49 49_1_-112_620 4
13 0.000686 2 50 
12 0.000686 2 50 9 1
15 0.000686 3 0 PTP 50 50_1_-112_621 4
13 0.000686 2 51 
12 0.000686 2 51 9 1
15 0.000686 3 0 PTP 51 51_1_-112_622 4
13 0.000686 2 52 
12 0.000686 2 52 9 1
15 0.000686 3 0 PTP 52 52_1_-112_623 4
13 0.000686 2 53 
12 0.000686 2 53 9 1
15 0.000686 3 0 PTP 53 53_1_-112_624 4
13 0.000686 2 54 
12 0.000686 2 54 9 1
15 0.000686 3 0 PTP 54 54_1_-112_625 4
13 0.000686 2 55 
12 0.000686 2 55 9 1
15 0.000686 3 0 PTP 55 55_1_-112_626 4
13 0.000686 2 56 
12 0.000686 2 56 9 1
15 0.000686 3 0 PTP 56 56_1_-112_627 4
13 0.000686 2 57 
12 0.000686 2 57 9 1
15 0.000686 3 0 PTP 57 57_1_-112_628 4
13 0.000686 2 58 
12 0.000686 2 58 9 1
15 0.000686 3 0 PTP 58 58_1_-112_629 4
13 0.000686 2 59 
12 0.000686 2 59 9 1
15 0.000686 3 0 PTP 59 59_1_-112_630 4
13 0.000686 2 60 
12 0.000686 2 60 9 1
15 0.000686 3 0 PTP 60 60_1_-112_631 4
13 0.000686 2 61 
12 0.000686 2 61 9 1
15 0.000686 3 0 PTP 61 61_1_-112_632 4
13 0.000686 2 62 
12 0.000686 2 62 9 1
15 0.000686 3 0 PTP 62 62_1_-112_633 4
13 0.000686 2 63 
12 0.000686 2 63 9 1
15 0.000686 3 0 PTP 63 63_1_-112_634 4
13 0.000686 2 64 
12 0.000686 2 64 9 1
15 0.000686 3 0 PTP 64 64_1_-112_635 4
13 0.000686 2 65 
12 0.000686 2 65 7 NA
15 0.000686 3 0 PTP 65 65_1_-778_636 0
13 0.000686 2 66 
12 0.000686 2 66 7 NA
15 0.000686 3 0 PTP 66 66_1_-778_637 0
13 0.000686 2 67 
12 0.000686 2 67 7 NA
15 0.000686 3 0 PTP 67 67_1_-778_638 0
13 0.000686 2 68 
12 0.000686 2 68 7 NA
15 0.000686 3 0 PTP 68 68_1_-778_639 0
13 0.000686 2 69 
12 0.000686 2 69 7 NA
15 0.000686 3 0 PTP 69 69_1_-778_640 0
13 0.000686 2 70 
12 0.000686 2 70 7 NA
15 0.000686 3 0 PTP 70 70_1_-778_641 0
13 0.000686 2 71 
12 0.000686 2 71 7 NA
15 0.000686 3 0 PTP 71 71_1_-778_642 0
13 0.000686 2 72 
12 0.000686 2 72 7 NA
15 0.000686 3 0 PTP 72 72_1_-778_643 0
13 0.000686 2 73 
12 0.000686 2 73 7 NA
15 0.000686 3 0 PTP 73 73_1_-778_644 0
13 0.000686 2 74 
12 0.000686 2 74 7 NA
15 0.000686 3 0 PTP 74 74_1_-778_645 0
13 0.000686 2 75 
12 0.000686 2 75 7 NA
15 0.000686 3 0 PTP 75 75_1_-778_646 0
13 0.000686 2 76 
12 0.000686 2 76 7 NA
15 0.000686 3 0 PTP 76 76_1_-778_647 0
13 0.000686 2 77 
12 0.000686 2 77 7 NA
15 0.000686 3 0 PTP 77 77_1_-778_648 0
13 0.000686 2 78 
12 0.000686 2 78 7 NA
15 0.000686 3 0 PTP 78 78_1_-778_649 0
13 0.000686 2 79 
12 0.000686 2 79 7 NA
15 0.000686 3 0 PTP 79 79_1_-778_650 0
13 0.000686 2 80 
12 0.000686 2 80 7 NA
15 0.000686 3 0 PTP 80 80_1_-778_651 0
13 0.000686 2 81 
12 0.000686 2 81 7 NA
15 0.000686 3 0 PTP 81 81_1_-778_652 0
13 0.000686 2 82 
12 0.000686 2 82 7 NA
15 0.000686 3 0 PTP 82 82_1_-778_653 0
13 0.000686 2 83 
12 0.000686 2 83 7 NA
15 0.000686 3 0 PTP 83 83_1_-778_654 0
13 0.000686 2 84 
12 0.000686 2 84 7 NA
15 0.000686 3 0 PTP 84 84_1_-778_655 0
13 0.000686 2 85 
12 0.000686 2 85 7 NA
15 0.000686 3 0 PTP 85 85_1_-778_656 0
13 0.000686 2 86 
12 0.000686 2 86 7 NA
15 0.000686 3 0 PTP 86 86_1_-778_657 0
13 0.000686 2 87 
12 0.000686 2 87 7 NA
15 0.000686 3 0 PTP 87 87_1_-778_658 0
13 0.000686 2 88 
12 0.000686 2 88 7 NA
15 0.000686 3 0 PTP 88 88_1_-778_659 0
13 0.000686 2 89 
12 0.000686 2 89 7 NA
15 0.000686 3 0 PTP 89 89_1_-778_660 0
13 0.000686 2 90 
12 0.000686 2 90 7 NA
15 0.000686 3 0 PTP 90 90_1_-778_661 0
13 0.000686 2 91 
12 0.000686 2 91 7 NA
15 0.000686 3 0 PTP 91 91_1_-778_662 0
13 0.000686 2 92 
12 0.000686 2 92 7 NA
15 0.000686 3 0 PTP 92 92_1_-778_663 0
13 0.000686 2 93 
12 0.000686 2 93 7 NA
15 0.000686 3 0 PTP 93 93_1_-778_664 0
13 0.000686 2 94 
12 0.000686 2 94 7 NA
15 0.000686 3 0 PTP 94 94_1_-778_665 0
13 0.000686 2 95 
12 0.000686 2 95 7 NA
15 0.000686 3 0 PTP 95 95_1_-778_666 0
13 0.000686 2 96 
12 0.000686 2 96 7 NA
15 0.000686 3 0 PTP 96 96_1_-778_667 0
13 0.000686 2 97 
12 0.000686 2 97 7 NA
15 0.000686 3 0 PTP 97 97_1_-778_668 0
13 0.000686 2 98 
12 0.000686 2 98 7 NA
15 0.000686 3 0 PTP 98 98_1_-778_669 0
13 0.000686 2 99 
12 0.000686 2 99 7 NA
15 0.000686 3 0 PTP 99 99_1_-778_670 0
13 0.000686 2 100 
12 0.000686 2 100 7 NA
15 0.000686 3 0 PTP 100 100_1_-778_671 0
13 0.000686 2 101 
12 0.000686 2 101 7 NA
15 0.000686 3 0 PTP 101 101_1_-778_672 0
13 0.000686 2 102 
12 0.000686 2 102 7 NA
15 0.000686 3 0 PTP 102 102_1_-778_673 0
13 0.000686 2 103 
12 0.000686 2 103 7 NA
15 0.000686 3 0 PTP 103 103_1_-778_674 0
13 0.000686 2 104 
12 0.000686 2 104 7 NA
15 0.000686 3 0 PTP 104 104_1_-778_675 0
13 0.000686 2 105 
12 0.000686 2 105 7 NA
15 0.000686 3 0 PTP 105 105_1_-778_676 0
13 0.000686 2 106 
12 0.000686 2 106 7 NA
15 0.000686 3 0 PTP 106 106_1_-778_677 0
13 0.000686 2 107 
12 0.000686 2 107 7 NA
15 0.000686 3 0 PTP 107 107_1_-778_678 0
13 0.000686 2 108 
12 0.000686 2 108 7 NA
15 0.000686 3 0 PTP 108 108_1_-778_679 0
13 0.000686 2 109 
12 0.000686 2 109 7 NA
15 0.000686 3 0 PTP 109 109_1_-778_680 0
13 0.000686 2 110 
12 0.000686 2 110 7 NA
15 0.000686 3 0 PTP 110 110_1_-778_681 0
13 0.000686 2 111 
12 0.000686 2 111 7 NA
15 0.000686 3 0 PTP 111 111_1_-778_682 0
13 0.000686 2 112 
12 0.000686 2 112 7 NA
15 0.000686 3 0 PTP 112 112_1_-778_683 0
13 0.000686 2 113 
12 0.000686 2 113 7 NA
15 0.000686 3 0 PTP 113 113_1_-778_684 0
13 0.000686 2 114 
12 0.000686 2 114 7 NA
15 0.000686 3 0 PTP 114 114_1_-778_685 0
13 0.000686 2 115 
12 0.000686 2 115 7 NA
15 0.000686 3 0 PTP 115 115_1_-778_686 0
13 0.000686 2 116 
12 0.000686 2 116 7 NA
15 0.000686 3 0 PTP 116 116_1_-778_687 0
13 0.000686 2 117 
12 0.000686 2 117 7 NA
15 0.000686 3 0 PTP 117 117_1_-778_688 0
13 0.000686 2 118 
12 0.000686 2 118 7 NA
15 0.000686 3 0 PTP 118 118_1_-778_689 0
13 0.000686 2 119 
12 0.000686 2 119 7 NA
15 0.000686 3 0 PTP 119 119_1_-778_690 0
13 0.000686 2 120 
12 0.000686 2 120 7 NA
15 0.000686 3 0 PTP 120 120_1_-778_691 0
13 0.000686 2 121 
12 0.000686 2 121 7 NA
15 0.000686 3 0 PTP 121 121_1_-778_692 0
13 0.000686 2 122 
12 0.000686 2 122 7 NA
15 0.000686 3 0 PTP 122 122_1_-778_693 0
13 0.000686 2 123 
12 0.000686 2 123 7 NA
15 0.000686 3 0 PTP 123 123_1_-778_694 0
13 0.000686 2 124 
12 0.000686 2 124 7 NA
15 0.000686 3 0 PTP 124 124_1_-778_695 0
13 0.000686 2 125 
12 0.000686 2 125 7 NA
15 0.000686 3 0 PTP 125 125_1_-778_696 0
13 0.000686 2 126 
12 0.000686 2 126 7 NA
15 0.000686 3 0 PTP 126 126_1_-778_697 0
13 0.000686 2 127 
12 0.000686 2 127 7 NA
15 0.000686 3 0 PTP 127 127_1_-778_698 0
13 0.000686 2 128 
12 0.000686 2 128 7 NA
15 0.000686 3 0 PTP 128 128_1_-778_699 0
13 0.000686 2 2 
12 0.000686 2 2 7 NA
15 0.000686 3 0 PTP 2 2_1_-778_700 0
13 0.000686 2 3 
12 0.000686 2 3 7 NA
15 0.000686 3 0 PTP 3 3_1_-778_701 0
13 0.000686 2 4 
12 0.000686 2 4 7 NA
15 0.000686 3 0 PTP 4 4_1_-778_702 0
13 0.000686 2 5 
12 0.000686 2 5 7 NA
15 0.000686 3 0 PTP 5 5_1_-778_703 0
13 0.000686 2 6 
12 0.000686 2 6 7 NA
15 0.000686 3 0 PTP 6 6_1_-778_704 0
13 0.000686 2 7 
12 0.000686 2 7 7 NA
15 0.000686 3 0 PTP 7 7_1_-778_705 0
13 0.000686 2 8 
12 0.000686 2 8 7 NA
15 0.000686 3 0 PTP 8 8_1_-778_706 0
13 0.000686 2 9 
12 0.000686 2 9 7 NA
15 0.000686 3 0 PTP 9 9_1_-778_707 0
13 0.000686 2 10 
12 0.000686 2 10 7 NA
15 0.000686 3 0 PTP 10 10_1_-778_708 0
13 0.000686 2 11 
12 0.000686 2 11 7 NA
15 0.000686 3 0 PTP 11 11_1_-778_709 0
13 0.000686 2 12 
12 0.000686 2 12 7 NA
15 0.000686 3 0 PTP 12 12_1_-778_710 0
13 0.000686 2 13 
12 0.000686 2 13 7 NA
15 0.000686 3 0 PTP 13 13_1_-778_711 0
13 0.000686 2 14 
12 0.000686 2 14 7 NA
15 0.000686 3 0 PTP 14 14_1_-778_712 0
13 0.000686 2 15 
12 0.000686 2 15 7 NA
15 0.000686 3 0 PTP 15 15_1_-778_713 0
13 0.000686 2 16 
12 0.000686 2 16 7 NA
15 0.000686 3 0 PTP 16 16_1_-778_714 0
13 0.000686 2 17 
12 0.000686 2 17 7 NA
15 0.000686 3 0 PTP 17 17_1_-778_715 0
13 0.000686 2 18 
12 0.000686 2 18 7 NA
15 0.000686 3 0 PTP 18 18_1_-778_716 0
13 0.000686 2 19 
12 0.000686 2 19 7 NA
15 0.000686 3 0 PTP 19 19_1_-778_717 0
13 0.000686 2 20 
12 0.000686 2 20 7 NA
15 0.000686 3 0 PTP 20 20_1_-778_718 0
13 0.000686 2 21 
12 0.000686 2 21 7 NA
15 0.000686 3 0 PTP 21 21_1_-778_719 0
13 0.000686 2 22 
12 0.000686 2 22 7 NA
15 0.000686 3 0 PTP 22 22_1_-778_720 0
13 0.000686 2 23 
12 0.000686 2 23 7 NA
15 0.000686 3 0 PTP 23 23_1_-778_721 0
13 0.000686 2 24 
12 0.000686 2 24 7 NA
15 0.000686 3 0 PTP 24 24_1_-778_722 0
13 0.000686 2 25 
12 0.000686 2 25 7 NA
15 0.000686 3 0 PTP 25 25_1_-778_723 0
13 0.000686 2 26 
12 0.000686 2 26 7 NA
15 0.000686 3 0 PTP 26 26_1_-778_724 0
13 0.000686 2 27 
12 0.000686 2 27 7 NA
15 0.000686 3 0 PTP 27 27_1_-778_725 0
13 0.000686 2 28 
12 0.000686 2 28 7 NA
15 0.000686 3 0 PTP 28 28_1_-778_726 0
13 0.000686 2 29 
12 0.000686 2 29 7 NA
15 0.000686 3 0 PTP 29 29_1_-778_727 0
13 0.000686 2 30 
12 0.000686 2 30 7 NA
15 0.000686 3 0 PTP 30 30_1_-778_728 0
13 0.000686 2 31 
12 0.000686 2 31 7 NA
15 0.000686 3 0 PTP 31 31_1_-778_729 0
13 0.000686 2 32 
12 0.000686 2 32 7 NA
15 0.000686 3 0 PTP 32 32_1_-778_730 0
13 0.000686 2 33 
12 0.000686 2 33 7 NA
15 0.000686 3 0 PTP 33 33_1_-778_731 0
13 0.000686 2 34 
12 0.000686 2 34 7 NA
15 0.000686 3 0 PTP 34 34_1_-778_732 0
13 0.000686 2 35 
12 0.000686 2 35 7 NA
15 0.000686 3 0 PTP 35 35_1_-778_733 0
13 0.000686 2 36 
12 0.000686 2 36 7 NA
15 0.000686 3 0 PTP 36 36_1_-778_734 0
13 0.000686 2 37 
12 0.000686 2 37 7 NA
15 0.000686 3 0 PTP 37 37_1_-778_735 0
13 0.000686 2 38 
12 0.000686 2 38 7 NA
15 0.000686 3 0 PTP 38 38_1_-778_736 0
13 0.000686 2 39 
12 0.000686 2 39 7 NA
15 0.000686 3 0 PTP 39 39_1_-778_737 0
13 0.000686 2 40 
12 0.000686 2 40 7 NA
15 0.000686 3 0 PTP 40 40_1_-778_738 0
13 0.000686 2 41 
12 0.000686 2 41 7 NA
15 0.000686 3 0 PTP 41 41_1_-778_739 0
13 0.000686 2 42 
12 0.000686 2 42 7 NA
15 0.000686 3 0 PTP 42 42_1_-778_740 0
13 0.000686 2 43 
12 0.000686 2 43 7 NA
15 0.000686 3 0 PTP 43 43_1_-778_741 0
13 0.000686 2 44 
12 0.000686 2 44 7 NA
15 0.000686 3 0 PTP 44 44_1_-778_742 0
13 0.000686 2 45 
12 0.000686 2 45 7 NA
15 0.000686 3 0 PTP 45 45_1_-778_743 0
13 0.000686 2 46 
12 0.000686 2 46 7 NA
15 0.000686 3 0 PTP 46 46_1_-778_744 0
13 0.000686 2 47 
12 0.000686 2 47 7 NA
15 0.000686 3 0 PTP 47 47_1_-778_745 0
13 0.000686 2 48 
12 0.000686 2 48 7 NA
15 0.000686 3 0 PTP 48 48_1_-778_746 0
13 0.000686 2 49 
12 0.000686 2 49 7 NA
15 0.000686 3 0 PTP 49 49_1_-778_747 0
13 0.000686 2 50 
12 0.000686 2 50 7 NA
15 0.000686 3 0 PTP 50 50_1_-778_748 0
13 0.000686 2 51 
12 0.000686 2 51 7 NA
15 0.000686 3 0 PTP 51 51_1_-778_749 0
13 0.000686 2 52 
12 0.000686 2 52 7 NA
15 0.000686 3 0 PTP 52 52_1_-778_750 0
13 0.000686 2 53 
12 0.000686 2 53 7 NA
15 0.000686 3 0 PTP 53 53_1_-778_751 0
13 0.000686 2 54 
12 0.000686 2 54 7 NA
15 0.000686 3 0 PTP 54 54_1_-778_752 0
13 0.000686 2 55 
12 0.000686 2 55 7 NA
15 0.000686 3 0 PTP 55 55_1_-778_753 0
13 0.000686 2 56 
12 0.000686 2 56 7 NA
15 0.000686 3 0 PTP 56 56_1_-778_754 0
13 0.000686 2 57 
12 0.000686 2 57 7 NA
15 0.000686 3 0 PTP 57 57_1_-778_755 0
13 0.000686 2 58 
12 0.000686 2 58 7 NA
15 0.000686 3 0 PTP 58 58_1_-778_756 0
13 0.000686 2 59 
12 0.000686 2 59 7 NA
15 0.000686 3 0 PTP 59 59_1_-778_757 0
13 0.000686 2 60 
12 0.000686 2 60 7 NA
15 0.000686 3 0 PTP 60 60_1_-778_758 0
13 0.000686 2 61 
12 0.000686 2 61 7 NA
15 0.000686 3 0 PTP 61 61_1_-778_759 0
13 0.000686 2 62 
12 0.000686 2 62 7 NA
15 0.000686 3 0 PTP 62 62_1_-778_760 0
13 0.000686 2 63 
12 0.000686 2 63 7 NA
15 0.000686 3 0 PTP 63 63_1_-778_761 0
13 0.000686 2 64 
12 0.000686 2 64 7 NA
15 0.000686 3 0 PTP 64 64_1_-778_762 0
16 0.000687 3 0 PTP 1 2_1_-112_446
16 0.000687 3 0 PTP 1 17_1_-112_461
16 0.000687 3 0 PTP 1 33_1_-112_477
16 0.000687 3 0 PTP 1 3_1_-112_447
16 0.000687 3 0 PTP 1 18_1_-112_462
16 0.000687 3 0 PTP 1 49_1_-112_493
16 0.000687 3 0 PTP 1 4_1_-112_448
16 0.000687 3 0 PTP 1 19_1_-112_463
16 0.000687 3 0 PTP 1 34_1_-112_478
16 0.000687 3 0 PTP 1 65_1_-112_382
16 0.000687 3 0 PTP 1 5_1_-112_449
16 0.000687 3 0 PTP 1 20_1_-112_464
16 0.000687 3 0 PTP 1 35_1_-112_479
16 0.000687 3 0 PTP 1 50_1_-112_494
16 0.000687 3 0 PTP 1 81_1_-112_398
16 0.000687 3 0 PTP 1 6_1_-112_450
16 0.000687 3 0 PTP 1 21_1_-112_465
16 0.000687 3 0 PTP 1 36_1_-112_480
16 0.000687 3 0 PTP 1 51_1_-112_495
16 0.000687 3 0 PTP 1 66_1_-112_383
16 0.000688 3 0 PTP 1 97_1_-112_414
16 0.000688 3 0 PTP 1 7_1_-112_451
16 0.000688 3 0 PTP 1 22_1_-112_466
16 0.000688 3 0 PTP 1 37_1_-112_481
16 0.000688 3 0 PTP 1 52_1_-112_496
16 0.000688 3 0 PTP 1 67_1_-112_384
16 0.000688 3 0 PTP 1 82_1_-112_399
16 0.000688 3 0 PTP 1 113_1_-112_430
16 0.000688 3 0 PTP 1 8_1_-112_452
16 0.000688 3 0 PTP 1 23_1_-112_467
16 0.000688 3 0 PTP 1 38_1_-112_482
16 0.000688 3 0 PTP 1 53_1_-112_497
16 0.000688 3 0 PTP 1 68_1_-112_385
16 0.000688 3 0 PTP 1 83_1_-112_400
16 0.000688 3 0 PTP 1 98_1_-112_415
16 0.000688 3 0 PTP 1 9_1_-112_453
16 0.000688 3 0 PTP 1 24_1_-112_468
16 0.000688 3 0 PTP 1 39_1_-112_483
16 0.000688 3 0 PTP 1 54_1_-112_498
16 0.000688 3 0 PTP 1 69_1_-112_386
16 0.000688 3 0 PTP 1 84_1_-112_401
16 0.000688 3 0 PTP 1 99_1_-112_416
16 0.000688 3 0 PTP 1 114_1_-112_431
16 0.000688 3 0 PTP 1 10_1_-112_454
16 0.000688 3 0 PTP 1 25_1_-112_469
16 0.000688 3 0 PTP 1 40_1_-112_484
16 0.000688 3 0 PTP 1 55_1_-112_499
16 0.000688 3 0 PTP 1 70_1_-112_387
16 0.000688 3 0 PTP 1 85_1_-112_402
16 0.000688 3 0 PTP 1 100_1_-112_417
16 0.000688 3 0 PTP 1 115_1_-112_432
16 0.000688 3 0 PTP 1 11_1_-112_455
16 0.000688 3 0 PTP 1 26_1_-112_470
16 0.000688 3 0 PTP 1 41_1_-112_485
16 0.000688 3 0 PTP 1 56_1_-112_500
16 0.000688 3 0 PTP 1 71_1_-112_388
16 0.000688 3 0 PTP 1 86_1_-112_403
16 0.000688 3 0 PTP 1 101_1_-112_418
16 0.000688 3 0 PTP 1 116_1_-112_433
16 0.000689 3 0 PTP 1 12_1_-112_456
16 0.000689 3 0 PTP 1 27_1_-112_471
16 0.000689 3 0 PTP 1 42_1_-112_486
16 0.000689 3 0 PTP 1 57_1_-112_501
16 0.000689 3 0 PTP 1 72_1_-112_389
16 0.000689 3 0 PTP 1 87_1_-112_404
16 0.000689 3 0 PTP 1 102_1_-112_419
16 0.000689 3 0 PTP 1 117_1_-112_434
16 0.000689 3 0 PTP 1 13_1_-112_457
16 0.000689 3 0 PTP 1 28_1_-112_472
16 0.000689 3 0 PTP 1 43_1_-112_487
16 0.000689 3 0 PTP 1 58_1_-112_502
16 0.000689 3 0 PTP 1 73_1_-112_390
16 0.000689 3 0 PTP 1 88_1_-112_405
16 0.000689 3 0 PTP 1 103_1_-112_420
16 0.000689 3 0 PTP 1 118_1_-112_435
16 0.000689 3 0 PTP 1 14_1_-112_458
16 0.000689 3 0 PTP 1 29_1_-112_473
16 0.000689 3 0 PTP 1 44_1_-112_488
16 0.000689 3 0 PTP 1 59_1_-112_503
16 0.000689 3 0 PTP 1 74_1_-112_391
16 0.000689 3 0 PTP 1 89_1_-112_406
16 0.000689 3 0 PTP 1 104_1_-112_421
16 0.000689 3 0 PTP 1 119_1_-112_436
16 0.000689 3 0 PTP 1 15_1_-112_459
16 0.000689 3 0 PTP 1 30_1_-112_474
16 0.000689 3 0 PTP 1 45_1_-112_489
16 0.000689 3 0 PTP 1 60_1_-112_504
16 0.000689 3 0 PTP 1 75_1_-112_392
16 0.000689 3 0 PTP 1 90_1_-112_407
16 0.000689 3 0 PTP 1 105_1_-112_422
16 0.000689 3 0 PTP 1 120_1_-112_437
16 0.000689 3 0 PTP 1 16_1_-112_460
16 0.000689 3 0 PTP 1 31_1_-112_475
16 0.000689 3 0 PTP 1 46_1_-112_490
16 0.000689 3 0 PTP 1 61_1_-112_505
16 0.000689 3 0 PTP 1 76_1_-112_393
16 0.000689 3 0 PTP 1 91_1_-112_408
16 0.000689 3 0 PTP 1 106_1_-112_423
16 0.000689 3 0 PTP 1 121_1_-112_438
16 0.000690 3 0 PTP 1 32_1_-112_476
16 0.000690 3 0 PTP 1 47_1_-112_491
16 0.000690 3 0 PTP 1 62_1_-112_506
16 0.000690 3 0 PTP 1 77_1_-112_394
16 0.000690 3 0 PTP 1 92_1_-112_409
16 0.000690 3 0 PTP 1 107_1_-112_424
16 0.000690 3 0 PTP 1 122_1_-112_439
16 0.000690 3 0 PTP 1 48_1_-112_492
16 0.000690 3 0 PTP 1 63_1_-112_507
16 0.000690 3 0 PTP 1 78_1_-112_395
16 0.000690 3 0 PTP 1 93_1_-112_410
16 0.000690 3 0 PTP 1 108_1_-112_425
16 0.000690 3 0 PTP 1 123_1_-112_440
16 0.000690 3 0 PTP 1 64_1_-112_508
16 0.000690 3 0 PTP 1 79_1_-112_396
16 0.000690 3 0 PTP 1 94_1_-112_411
16 0.000690 3 0 PTP 1 109_1_-112_426
16 0.000690 3 0 PTP 1 124_1_-112_441
16 0.000690 3 0 PTP 1 80_1_-112_397
16 0.000690 3 0 PTP 1 95_1_-112_412
16 0.000690 3 0 PTP 1 110_1_-112_427
16 0.000690 3 0 PTP 1 125_1_-112_442
16 0.000690 3 0 PTP 1 96_1_-112_413
16 0.000690 3 0 PTP 1 111_1_-112_428
16 0.000690 3 0 PTP 1 126_1_-112_443
16 0.000691 3 0 PTP 1 112_1_-112_429
16 0.000691 3 0 PTP 1 127_1_-112_444
16 0.000691 3 0 PTP 1 128_1_-112_445
13 0.000691 2 1 
12 0.000691 2 1 9 1
16 0.000691 3 0 PTP 1 2_1_-112_573
16 0.000691 3 0 PTP 1 17_1_-112_588
16 0.000691 3 0 PTP 1 33_1_-112_604
16 0.000691 3 0 PTP 1 3_1_-112_574
16 0.000691 3 0 PTP 1 18_1_-112_589
16 0.000691 3 0 PTP 1 49_1_-112_620
16 0.000691 3 0 PTP 1 4_1_-112_575
16 0.000691 3 0 PTP 1 19_1_-112_590
16 0.000691 3 0 PTP 1 34_1_-112_605
16 0.000692 3 0 PTP 1 65_1_-112_509
16 0.000692 3 0 PTP 1 5_1_-112_576
16 0.000692 3 0 PTP 1 20_1_-112_591
16 0.000692 3 0 PTP 1 35_1_-112_606
16 0.000692 3 0 PTP 1 50_1_-112_621
16 0.000692 3 0 PTP 1 81_1_-112_525
16 0.000692 3 0 PTP 1 6_1_-112_577
16 0.000692 3 0 PTP 1 21_1_-112_592
16 0.000692 3 0 PTP 1 36_1_-112_607
16 0.000692 3 0 PTP 1 51_1_-112_622
16 0.000692 3 0 PTP 1 66_1_-112_510
16 0.000692 3 0 PTP 1 97_1_-112_541
16 0.000692 3 0 PTP 1 7_1_-112_578
16 0.000692 3 0 PTP 1 22_1_-112_593
16 0.000692 3 0 PTP 1 37_1_-112_608
16 0.000692 3 0 PTP 1 52_1_-112_623
16 0.000692 3 0 PTP 1 67_1_-112_511
16 0.000692 3 0 PTP 1 82_1_-112_526
16 0.000692 3 0 PTP 1 113_1_-112_557
16 0.000692 3 0 PTP 1 8_1_-112_579
16 0.000692 3 0 PTP 1 23_1_-112_594
16 0.000692 3 0 PTP 1 38_1_-112_609
16 0.000692 3 0 PTP 1 53_1_-112_624
16 0.000692 3 0 PTP 1 68_1_-112_512
16 0.000692 3 0 PTP 1 83_1_-112_527
16 0.000692 3 0 PTP 1 98_1_-112_542
16 0.000692 3 0 PTP 1 9_1_-112_580
16 0.000692 3 0 PTP 1 24_1_-112_595
16 0.000692 3 0 PTP 1 39_1_-112_610
16 0.000692 3 0 PTP 1 54_1_-112_625
16 0.000692 3 0 PTP 1 69_1_-112_513
16 0.000692 3 0 PTP 1 84_1_-112_528
16 0.000692 3 0 PTP 1 99_1_-112_543
16 0.000692 3 0 PTP 1 114_1_-112_558
16 0.000693 3 0 PTP 1 10_1_-112_581
16 0.000693 3 0 PTP 1 25_1_-112_596
16 0.000693 3 0 PTP 1 40_1_-112_611
16 0.000693 3 0 PTP 1 55_1_-112_626
16 0.000693 3 0 PTP 1 70_1_-112_514
16 0.000693 3 0 PTP 1 85_1_-112_529
16 0.000693 3 0 PTP 1 100_1_-112_544
16 0.000693 3 0 PTP 1 115_1_-112_559
16 0.000693 3 0 PTP 1 11_1_-112_582
16 0.000693 3 0 PTP 1 26_1_-112_597
16 0.000693 3 0 PTP 1 41_1_-112_612
16 0.000693 3 0 PTP 1 56_1_-112_627
16 0.000693 3 0 PTP 1 71_1_-112_515
16 0.000693 3 0 PTP 1 86_1_-112_530
16 0.000693 3 0 PTP 1 101_1_-112_545
16 0.000693 3 0 PTP 1 116_1_-112_560
16 0.000693 3 0 PTP 1 12_1_-112_583
16 0.000693 3 0 PTP 1 27_1_-112_598
16 0.000693 3 0 PTP 1 42_1_-112_613
16 0.000693 3 0 PTP 1 57_1_-112_628
16 0.000693 3 0 PTP 1 72_1_-112_516
16 0.000693 3 0 PTP 1 87_1_-112_531
16 0.000693 3 0 PTP 1 102_1_-112_546
16 0.000693 3 0 PTP 1 117_1_-112_561
16 0.000693 3 0 PTP 1 13_1_-112_584
16 0.000693 3 0 PTP 1 28_1_-112_599
16 0.000693 3 0 PTP 1 43_1_-112_614
16 0.000693 3 0 PTP 1 58_1_-112_629
16 0.000693 3 0 PTP 1 73_1_-112_517
16 0.000693 3 0 PTP 1 88_1_-112_532
16 0.000693 3 0 PTP 1 103_1_-112_547
16 0.000693 3 0 PTP 1 118_1_-112_562
16 0.000693 3 0 PTP 1 14_1_-112_585
16 0.000693 3 0 PTP 1 29_1_-112_600
16 0.000693 3 0 PTP 1 44_1_-112_615
16 0.000693 3 0 PTP 1 59_1_-112_630
16 0.000693 3 0 PTP 1 74_1_-112_518
16 0.000693 3 0 PTP 1 89_1_-112_533
16 0.000693 3 0 PTP 1 104_1_-112_548
16 0.000693 3 0 PTP 1 119_1_-112_563
16 0.000694 3 0 PTP 1 15_1_-112_586
16 0.000694 3 0 PTP 1 30_1_-112_601
16 0.000694 3 0 PTP 1 45_1_-112_616
16 0.000694 3 0 PTP 1 60_1_-112_631
16 0.000694 3 0 PTP 1 75_1_-112_519
16 0.000694 3 0 PTP 1 90_1_-112_534
16 0.000694 3 0 PTP 1 105_1_-112_549
16 0.000694 3 0 PTP 1 120_1_-112_564
16 0.000694 3 0 PTP 1 16_1_-112_587
16 0.000694 3 0 PTP 1 31_1_-112_602
16 0.000694 3 0 PTP 1 46_1_-112_617
16 0.000694 3 0 PTP 1 61_1_-112_632
16 0.000694 3 0 PTP 1 76_1_-112_520
16 0.000694 3 0 PTP 1 91_1_-112_535
16 0.000694 3 0 PTP 1 106_1_-112_550
16 0.000694 3 0 PTP 1 121_1_-112_565
16 0.000694 3 0 PTP 1 32_1_-112_603
16 0.000694 3 0 PTP 1 47_1_-112_618
16 0.000694 3 0 PTP 1 62_1_-112_633
16 0.000694 3 0 PTP 1 77_1_-112_521
16 0.000694 3 0 PTP 1 92_1_-112_536
16 0.000694 3 0 PTP 1 107_1_-112_551
16 0.000694 3 0 PTP 1 122_1_-112_566
16 0.000694 3 0 PTP 1 48_1_-112_619
16 0.000694 3 0 PTP 1 63_1_-112_634
16 0.000694 3 0 PTP 1 78_1_-112_522
16 0.000694 3 0 PTP 1 93_1_-112_537
16 0.000694 3 0 PTP 1 108_1_-112_552
16 0.000694 3 0 PTP 1 123_1_-112_567
16 0.000694 3 0 PTP 1 64_1_-112_635
16 0.000694 3 0 PTP 1 79_1_-112_523
16 0.000694 3 0 PTP 1 94_1_-112_538
16 0.000694 3 0 PTP 1 109_1_-112_553
16 0.000694 3 0 PTP 1 124_1_-112_568
16 0.000695 3 0 PTP 1 80_1_-112_524
16 0.000695 3 0 PTP 1 95_1_-112_539
16 0.000695 3 0 PTP 1 110_1_-112_554
16 0.000695 3 0 PTP 1 125_1_-112_569
16 0.000695 3 0 PTP 1 96_1_-112_540
16 0.000695 3 0 PTP 1 111_1_-112_555
16 0.000695 3 0 PTP 1 126_1_-112_570
16 0.000695 3 0 PTP 1 112_1_-112_556
16 0.000695 3 0 PTP 1 127_1_-112_571
16 0.000695 3 0 PTP 1 128_1_-112_572
13 0.000695 2 1 
12 0.000695 2 1 7 NA
16 0.000695 3 0 PTP 1 2_1_-778_700
16 0.000695 3 0 PTP 1 17_1_-778_715
16 0.000696 3 0 PTP 1 33_1_-778_731
16 0.000696 3 0 PTP 1 3_1_-778_701
16 0.000696 3 0 PTP 1 18_1_-778_716
16 0.000696 3 0 PTP 1 49_1_-778_747
16 0.000696 3 0 PTP 1 4_1_-778_702
16 0.000696 3 0 PTP 1 19_1_-778_717
16 0.000696 3 0 PTP 1 34_1_-778_732
16 0.000696 3 0 PTP 1 65_1_-778_636
16 0.000696 3 0 PTP 1 5_1_-778_703
16 0.000696 3 0 PTP 1 20_1_-778_718
16 0.000696 3 0 PTP 1 35_1_-778_733
16 0.000696 3 0 PTP 1 50_1_-778_748
16 0.000696 3 0 PTP 1 81_1_-778_652
16 0.000696 3 0 PTP 1 6_1_-778_704
16 0.000696 3 0 PTP 1 21_1_-778_719
16 0.000696 3 0 PTP 1 36_1_-778_734
16 0.000696 3 0 PTP 1 51_1_-778_749
16 0.000696 3 0 PTP 1 66_1_-778_637
16 0.000696 3 0 PTP 1 97_1_-778_668
16 0.000696 3 0 PTP 1 7_1_-778_705
16 0.000696 3 0 PTP 1 22_1_-778_720
16 0.000696 3 0 PTP 1 37_1_-778_735
16 0.000696 3 0 PTP 1 52_1_-778_750
16 0.000696 3 0 PTP 1 67_1_-778_638
16 0.000696 3 0 PTP 1 82_1_-778_653
16 0.000697 3 0 PTP 1 113_1_-778_684
16 0.000697 3 0 PTP 1 8_1_-778_706
16 0.000697 3 0 PTP 1 23_1_-778_721
16 0.000697 3 0 PTP 1 38_1_-778_736
16 0.000697 3 0 PTP 1 53_1_-778_751
16 0.000697 3 0 PTP 1 68_1_-778_639
16 0.000697 3 0 PTP 1 83_1_-778_654
16 0.000697 3 0 PTP 1 98_1_-778_669
16 0.000697 3 0 PTP 1 9_1_-778_707
16 0.000697 3 0 PTP 1 24_1_-778_722
16 0.000697 3 0 PTP 1 39_1_-778_737
16 0.000697 3 0 PTP 1 54_1_-778_752
16 0.000697 3 0 PTP 1 69_1_-778_640
16 0.000697 3 0 PTP 1 84_1_-778_655
16 0.000697 3 0 PTP 1 99_1_-778_670
16 0.000697 3 0 PTP 1 114_1_-778_685
16 0.000697 3 0 PTP 1 10_1_-778_708
16 0.000697 3 0 PTP 1 25_1_-778_723
16 0.000697 3 0 PTP 1 40_1_-778_738
16 0.000697 3 0 PTP 1 55_1_-778_753
16 0.000697 3 0 PTP 1 70_1_-778_641
16 0.000697 3 0 PTP 1 85_1_-778_656
16 0.000697 3 0 PTP 1 100_1_-778_671
16 0.000697 3 0 PTP 1 115_1_-778_686
16 0.000697 3 0 PTP 1 11_1_-778_709
16 0.000697 3 0 PTP 1 26_1_-778_724
16 0.000697 3 0 PTP 1 41_1_-778_739
16 0.000697 3 0 PTP 1 56_1_-778_754
16 0.000697 3 0 PTP 1 71_1_-778_642
16 0.000697 3 0 PTP 1 86_1_-778_657
16 0.000697 3 0 PTP 1 101_1_-778_672
16 0.000697 3 0 PTP 1 116_1_-778_687
16 0.000697 3 0 PTP 1 12_1_-778_710
16 0.000697 3 0 PTP 1 27_1_-778_725
16 0.000697 3 0 PTP 1 42_1_-778_740
16 0.000697 3 0 PTP 1 57_1_-778_755
16 0.000697 3 0 PTP 1 72_1_-778_643
16 0.000697 3 0 PTP 1 87_1_-778_658
16 0.000697 3 0 PTP 1 102_1_-778_673
16 0.000697 3 0 PTP 1 117_1_-778_688
16 0.000698 3 0 PTP 1 13_1_-778_711
16 0.000698 3 0 PTP 1 28_1_-778_726
16 0.000698 3 0 PTP 1 43_1_-778_741
16 0.000698 3 0 PTP 1 58_1_-778_756
16 0.000698 3 0 PTP 1 73_1_-778_644
16 0.000698 3 0 PTP 1 88_1_-778_659
16 0.000698 3 0 PTP 1 103_1_-778_674
16 0.000698 3 0 PTP 1 118_1_-778_689
16 0.000698 3 0 PTP 1 14_1_-778_712
16 0.000698 3 0 PTP 1 29_1_-778_727
16 0.000698 3 0 PTP 1 44_1_-778_742
16 0.000698 3 0 PTP 1 59_1_-778_757
16 0.000698 3 0 PTP 1 74_1_-778_645
16 0.000698 3 0 PTP 1 89_1_-778_660
16 0.000698 3 0 PTP 1 104_1_-778_675
16 0.000698 3 0 PTP 1 119_1_-778_690
16 0.000698 3 0 PTP 1 15_1_-778_713
16 0.000698 3 0 PTP 1 30_1_-778_728
16 0.000698 3 0 PTP 1 45_1_-778_743
16 0.000698 3 0 PTP 1 60_1_-778_758
16 0.000698 3 0 PTP 1 75_1_-778_646
16 0.000698 3 0 PTP 1 90_1_-778_661
16 0.000698 3 0 PTP 1 105_1_-778_676
16 0.000698 3 0 PTP 1 120_1_-778_691
16 0.000698 3 0 PTP 1 16_1_-778_714
16 0.000698 3 0 PTP 1 31_1_-778_729
16 0.000698 3 0 PTP 1 46_1_-778_744
16 0.000698 3 0 PTP 1 61_1_-778_759
16 0.000698 3 0 PTP 1 76_1_-778_647
16 0.000698 3 0 PTP 1 91_1_-778_662
16 0.000698 3 0 PTP 1 106_1_-778_677
16 0.000698 3 0 PTP 1 121_1_-778_692
16 0.000698 3 0 PTP 1 32_1_-778_730
16 0.000698 3 0 PTP 1 47_1_-778_745
16 0.000698 3 0 PTP 1 62_1_-778_760
16 0.000698 3 0 PTP 1 77_1_-778_648
16 0.000698 3 0 PTP 1 92_1_-778_663
16 0.000698 3 0 PTP 1 107_1_-778_678
16 0.000698 3 0 PTP 1 122_1_-778_693
16 0.000699 3 0 PTP 1 48_1_-778_746
16 0.000699 3 0 PTP 1 63_1_-778_761
16 0.000699 3 0 PTP 1 78_1_-778_649
16 0.000699 3 0 PTP 1 93_1_-778_664
16 0.000699 3 0 PTP 1 108_1_-778_679
16 0.000699 3 0 PTP 1 123_1_-778_694
16 0.000699 3 0 PTP 1 64_1_-778_762
16 0.000699 3 0 PTP 1 79_1_-778_650
16 0.000699 3 0 PTP 1 94_1_-778_665
16 0.000699 3 0 PTP 1 109_1_-778_680
16 0.000699 3 0 PTP 1 124_1_-778_695
16 0.000699 3 0 PTP 1 80_1_-778_651
16 0.000699 3 0 PTP 1 95_1_-778_666
16 0.000699 3 0 PTP 1 110_1_-778_681
16 0.000699 3 0 PTP 1 125_1_-778_696
16 0.000699 3 0 PTP 1 96_1_-778_667
16 0.000699 3 0 PTP 1 111_1_-778_682
16 0.000699 3 0 PTP 1 126_1_-778_697
16 0.000699 3 0 PTP 1 112_1_-778_683
16 0.000699 3 0 PTP 1 127_1_-778_698
16 0.000700 3 0 PTP 1 128_1_-778_699
15 0.000700 3 0 PTP 1 1_2_-778_763 0
15 0.000700 3 0 PTP 1 1_3_-778_764 0
15 0.000700 3 0 PTP 1 1_4_-778_765 0
15 0.000700 3 0 PTP 1 1_5_-778_766 0
15 0.000700 3 0 PTP 1 1_6_-778_767 0
15 0.000700 3 0 PTP 1 1_7_-778_768 0
15 0.000700 3 0 PTP 1 1_8_-778_769 0
15 0.000700 3 0 PTP 1 1_9_-778_770 0
15 0.000700 3 0 PTP 1 1_10_-778_771 0
15 0.000700 3 0 PTP 1 1_11_-778_772 0
15 0.000700 3 0 PTP 1 1_12_-778_773 0
15 0.000700 3 0 PTP 1 1_13_-778_774 0
15 0.000700 3 0 PTP 1 1_14_-778_775 0
15 0.000700 3 0 PTP 1 1_15_-778_776 0
15 0.000700 3 0 PTP 1 1_16_-778_777 0
15 0.000700 3 0 PTP 1 1_17_-778_778 0
15 0.000700 3 0 PTP 1 1_18_-778_779 0
15 0.000700 3 0 PTP 1 1_19_-778_780 0
15 0.000700 3 0 PTP 1 1_20_-778_781 0
15 0.000700 3 0 PTP 1 1_21_-778_782 0
15 0.000700 3 0 PTP 1 1_22_-778_783 0
15 0.000700 3 0 PTP 1 1_23_-778_784 0
15 0.000700 3 0 PTP 1 1_24_-778_785 0
15 0.000700 3 0 PTP 1 1_25_-778_786 0
15 0.000700 3 0 PTP 1 1_26_-778_787 0
15 0.000700 3 0 PTP 1 1_27_-778_788 0
15 0.000700 3 0 PTP 1 1_28_-778_789 0
15 0.000700 3 0 PTP 1 1_29_-778_790 0
15 0.000700 3 0 PTP 1 1_30_-778_791 0
15 0.000700 3 0 PTP 1 1_31_-778_792 0
15 0.000700 3 0 PTP 1 1_32_-778_793 0
15 0.000700 3 0 PTP 1 1_33_-778_794 0
15 0.000700 3 0 PTP 1 1_34_-778_795 0
15 0.000700 3 0 PTP 1 1_35_-778_796 0
15 0.000700 3 0 PTP 1 1_36_-778_797 0
15 0.000700 3 0 PTP 1 1_37_-778_798 0
15 0.000700 3 0 PTP 1 1_38_-778_799 0
15 0.000700 3 0 PTP 1 1_39_-778_800 0
15 0.000700 3 0 PTP 1 1_40_-778_801 0
15 0.000700 3 0 PTP 1 1_41_-778_802 0
15 0.000700 3 0 PTP 1 1_42_-778_803 0
15 0.000700 3 0 PTP 1 1_43_-778_804 0
15 0.000700 3 0 PTP 1 1_44_-778_805 0
15 0.000700 3 0 PTP 1 1_45_-778_806 0
15 0.000700 3 0 PTP 1 1_46_-778_807 0
15 0.000700 3 0 PTP 1 1_47_-778_808 0
15 0.000700 3 0 PTP 1 1_48_-778_809 0
15 0.000700 3 0 PTP 1 1_49_-778_810 0
15 0.000700 3 0 PTP 1 1_50_-778_811 0
15 0.000700 3 0 PTP 1 1_51_-778_812 0
15 0.000700 3 0 PTP 1 1_52_-778_813 0
15 0.000700 3 0 PTP 1 1_53_-778_814 0
15 0.000700 3 0 PTP 1 1_54_-778_815 0
15 0.000700 3 0 PTP 1 1_55_-778_816 0
15 0.000700 3 0 PTP 1 1_56_-778_817 0
15 0.000700 3 0 PTP 1 1_57_-778_818 0
15 0.000700 3 0 PTP 1 1_58_-778_819 0
15 0.000700 3 0 PTP 1 1_59_-778_820 0
15 0.000700 3 0 PTP 1 1_60_-778_821 0
15 0.000700 3 0 PTP 1 1_61_-778_822 0
15 0.000700 3 0 PTP 1 1_62_-778_823 0
15 0.000700 3 0 PTP 1 1_63_-778_824 0
15 0.000700 3 0 PTP 1 1_64_-778_825 0
15 0.000700 3 0 PTP 1 1_65_-778_826 0
15 0.000700 3 0 PTP 1 1_66_-778_827 0
15 0.000700 3 0 PTP 1 1_67_-778_828 0
15 0.000700 3 0 PTP 1 1_68_-778_829 0
15 0.000700 3 0 PTP 1 1_69_-778_830 0
15 0.000700 3 0 PTP 1 1_70_-778_831 0
15 0.000700 3 0 PTP 1 1_71_-778_832 0
15 0.000700 3 0 PTP 1 1_72_-778_833 0
15 0.000700 3 0 PTP 1 1_73_-778_834 0
15 0.000700 3 0 PTP 1 1_74_-778_835 0
15 0.000700 3 0 PTP 1 1_75_-778_836 0
15 0.000700 3 0 PTP 1 1_76_-778_837 0
15 0.000700 3 0 PTP 1 1_77_-778_838 0
15 0.000700 3 0 PTP 1 1_78_-778_839 0
15 0.000700 3 0 PTP 1 1_79_-778_840 0
15 0.000700 3 0 PTP 1 1_80_-778_841 0
15 0.000700 3 0 PTP 1 1_81_-778_842 0
15 0.000700 3 0 PTP 1 1_82_-778_843 0
15 0.000700 3 0 PTP 1 1_83_-778_844 0
15 0.000700 3 0 PTP 1 1_84_-778_845 0
15 0.000700 3 0 PTP 1 1_85_-778_846 0
15 0.000700 3 0 PTP 1 1_86_-778_847 0
15 0.000700 3 0 PTP 1 1_87_-778_848 0
15 0.000700 3 0 PTP 1 1_88_-778_849 0
15 0.000700 3 0 PTP 1 1_89_-778_850 0
15 0.000700 3 0 PTP 1 1_90_-778_851 0
15 0.000700 3 0 PTP 1 1_91_-778_852 0
15 0.000700 3 0 PTP 1 1_92_-778_853 0
15 0.000700 3 0 PTP 1 1_93_-778_854 0
15 0.000700 3 0 PTP 1 1_94_-778_855 0
15 0.000700 3 0 PTP 1 1_95_-778_856 0
15 0.000700 3 0 PTP 1 1_96_-778_857 0
15 0.000700 3 0 PTP 1 1_97_-778_858 0
15 0.000700 3 0 PTP 1 1_98_-778_859 0
15 0.000700 3 0 PTP 1 1_99_-778_860 0
15 0.000700 3 0 PTP 1 1_100_-778_861 0
15 0.000700 3 0 PTP 1 1_101_-778_862 0
15 0.000700 3 0 PTP 1 1_102_-778_863 0
15 0.000700 3 0 PTP 1 1_103_-778_864 0
15 0.000700 3 0 PTP 1 1_104_-778_865 0
15 0.000700 3 0 PTP 1 1_105_-778_866 0
15 0.000700 3 0 PTP 1 1_106_-778_867 0
15 0.000700 3 0 PTP 1 1_107_-778_868 0
15 0.000700 3 0 PTP 1 1_108_-778_869 0
15 0.000700 3 0 PTP 1 1_109_-778_870 0
15 0.000700 3 0 PTP 1 1_110_-778_871 0
15 0.000700 3 0 PTP 1 1_111_-778_872 0
15 0.000700 3 0 PTP 1 1_112_-778_873 0
15 0.000700 3 0 PTP 1 1_113_-778_874 0
15 0.000700 3 0 PTP 1 1_114_-778_875 0
15 0.000700 3 0 PTP 1 1_115_-778_876 0
15 0.000700 3 0 PTP 1 1_116_-778_877 0
15 0.000700 3 0 PTP 1 1_117_-778_878 0
15 0.000700 3 0 PTP 1 1_118_-778_879 0
15 0.000700 3 0 PTP 1 1_119_-778_880 0
15 0.000700 3 0 PTP 1 1_120_-778_881 0
15 0.000700 3 0 PTP 1 1_121_-778_882 0
15 0.000700 3 0 PTP 1 1_122_-778_883 0
15 0.000700 3 0 PTP 1 1_123_-778_884 0
15 0.000700 3 0 PTP 1 1_124_-778_885 0
15 0.000700 3 0 PTP 1 1_125_-778_886 0
15 0.000700 3 0 PTP 1 1_126_-778_887 0
15 0.000700 3 0 PTP 1 1_127_-778_888 0
15 0.000700 3 0 PTP 1 1_128_-778_889 0
13 0.000700 2 1 
12 0.000700 2 1 10 NA
13 0.000700 2 1 
7 0.000700 1 1
16 0.000700 3 0 PTP 2 1_2_-778_763
13 0.000700 2 2 
12 0.000700 2 2 10 NA
13 0.000700 2 2 
7 0.000700 1 2
16 0.000700 3 0 PTP 17 1_17_-778_778
13 0.000700 2 17 
12 0.000700 2 17 10 NA
13 0.000700 2 17 
7 0.000700 1 17
16 0.000700 3 0 PTP 33 1_33_-778_794
13 0.000700 2 33 
12 0.000700 2 33 10 NA
13 0.000700 2 33 
7 0.000700 1 33
16 0.000700 3 0 PTP 18 1_18_-778_779
13 0.000700 2 18 
12 0.000700 2 18 10 NA
13 0.000700 2 18 
7 0.000700 1 18
16 0.000700 3 0 PTP 3 1_3_-778_764
13 0.000700 2 3 
12 0.000700 2 3 10 NA
13 0.000700 2 3 
7 0.000700 1 3
16 0.000700 3 0 PTP 49 1_49_-778_810
13 0.000700 2 49 
12 0.000700 2 49 10 NA
13 0.000700 2 49 
7 0.000700 1 49
16 0.000700 3 0 PTP 34 1_34_-778_795
13 0.000700 2 34 
12 0.000700 2 34 10 NA
13 0.000700 2 34 
7 0.000700 1 34
16 0.000700 3 0 PTP 19 1_19_-778_780
13 0.000700 2 19 
12 0.000700 2 19 10 NA
13 0.000700 2 19 
7 0.000700 1 19
16 0.000700 3 0 PTP 4 1_4_-778_765
13 0.000700 2 4 
12 0.000700 2 4 10 NA
13 0.000700 2 4 
7 0.000700 1 4
16 0.000700 3 0 PTP 65 1_65_-778_826
13 0.000700 2 65 
12 0.000700 2 65 10 NA
13 0.000700 2 65 
7 0.000700 1 65
16 0.000700 3 0 PTP 50 1_50_-778_811
13 0.000700 2 50 
12 0.000700 2 50 10 NA
13 0.000700 2 50 
7 0.000700 1 50
16 0.000700 3 0 PTP 35 1_35_-778_796
13 0.000700 2 35 
12 0.000700 2 35 10 NA
13 0.000700 2 35 
7 0.000700 1 35
16 0.000700 3 0 PTP 20 1_20_-778_781
13 0.000700 2 20 
12 0.000700 2 20 10 NA
13 0.000700 2 20 
7 0.000700 1 20
16 0.000700 3 0 PTP 5 1_5_-778_766
13 0.000700 2 5 
12 0.000700 2 5 10 NA
13 0.000700 2 5 
7 0.000700 1 5
16 0.000701 3 0 PTP 81 1_81_-778_842
13 0.000701 2 81 
12 0.000701 2 81 10 NA
13 0.000701 2 81 
7 0.000701 1 81
16 0.000701 3 0 PTP 66 1_66_-778_827
13 0.000701 2 66 
12 0.000701 2 66 10 NA
13 0.000701 2 66 
7 0.000701 1 66
16 0.000701 3 0 PTP 51 1_51_-778_812
13 0.000701 2 51 
12 0.000701 2 51 10 NA
13 0.000701 2 51 
7 0.000701 1 51
16 0.000701 3 0 PTP 36 1_36_-778_797
13 0.000701 2 36 
12 0.000701 2 36 10 NA
13 0.000701 2 36 
7 0.000701 1 36
16 0.000701 3 0 PTP 21 1_21_-778_782
13 0.000701 2 21 
12 0.000701 2 21 10 NA
13 0.000701 2 21 
7 0.000701 1 21
16 0.000701 3 0 PTP 6 1_6_-778_767
13 0.000701 2 6 
12 0.000701 2 6 10 NA
13 0.000701 2 6 
7 0.000701 1 6
16 0.000701 3 0 PTP 97 1_97_-778_858
13 0.000701 2 97 
12 0.000701 2 97 10 NA
13 0.000701 2 97 
7 0.000701 1 97
16 0.000701 3 0 PTP 82 1_82_-778_843
13 0.000701 2 82 
12 0.000701 2 82 10 NA
13 0.000701 2 82 
7 0.000701 1 82
16 0.000701 3 0 PTP 67 1_67_-778_828
13 0.000701 2 67 
12 0.000701 2 67 10 NA
13 0.000701 2 67 
7 0.000701 1 67
16 0.000701 3 0 PTP 52 1_52_-778_813
13 0.000701 2 52 
12 0.000701 2 52 10 NA
13 0.000701 2 52 
7 0.000701 1 52
16 0.000701 3 0 PTP 37 1_37_-778_798
13 0.000701 2 37 
12 0.000701 2 37 10 NA
13 0.000701 2 37 
7 0.000701 1 37
16 0.000701 3 0 PTP 22 1_22_-778_783
13 0.000701 2 22 
12 0.000701 2 22 10 NA
13 0.000701 2 22 
7 0.000701 1 22
16 0.000701 3 0 PTP 7 1_7_-778_768
13 0.000701 2 7 
12 0.000701 2 7 10 NA
13 0.000701 2 7 
7 0.000701 1 7
16 0.000701 3 0 PTP 113 1_113_-778_874
13 0.000701 2 113 
12 0.000701 2 113 10 NA
13 0.000701 2 113 
7 0.000701 1 113
16 0.000701 3 0 PTP 98 1_98_-778_859
13 0.000701 2 98 
12 0.000701 2 98 10 NA
13 0.000701 2 98 
7 0.000701 1 98
16 0.000701 3 0 PTP 83 1_83_-778_844
13 0.000701 2 83 
12 0.000701 2 83 10 NA
13 0.000701 2 83 
7 0.000701 1 83
16 0.000701 3 0 PTP 68 1_68_-778_829
13 0.000701 2 68 
12 0.000701 2 68 10 NA
13 0.000701 2 68 
7 0.000701 1 68
16 0.000701 3 0 PTP 53 1_53_-778_814
13 0.000701 2 53 
12 0.000701 2 53 10 NA
13 0.000701 2 53 
7 0.000701 1 53
16 0.000701 3 0 PTP 38 1_38_-778_799
13 0.000701 2 38 
12 0.000701 2 38 10 NA
13 0.000701 2 38 
7 0.000701 1 38
16 0.000701 3 0 PTP 23 1_23_-778_784
13 0.000701 2 23 
12 0.000701 2 23 10 NA
13 0.000701 2 23 
7 0.000701 1 23
16 0.000701 3 0 PTP 8 1_8_-778_769
13 0.000701 2 8 
12 0.000701 2 8 10 NA
13 0.000701 2 8 
7 0.000701 1 8
16 0.000701 3 0 PTP 114 1_114_-778_875
13 0.000701 2 114 
12 0.000701 2 114 10 NA
13 0.000701 2 114 
7 0.000701 1 114
16 0.000701 3 0 PTP 99 1_99_-778_860
13 0.000701 2 99 
12 0.000701 2 99 10 NA
13 0.000701 2 99 
7 0.000701 1 99
16 0.000701 3 0 PTP 84 1_84_-778_845
13 0.000701 2 84 
12 0.000701 2 84 10 NA
13 0.000701 2 84 
7 0.000701 1 84
16 0.000701 3 0 PTP 69 1_69_-778_830
13 0.000701 2 69 
12 0.000701 2 69 10 NA
13 0.000701 2 69 
7 0.000701 1 69
16 0.000701 3 0 PTP 54 1_54_-778_815
13 0.000701 2 54 
12 0.000701 2 54 10 NA
13 0.000701 2 54 
7 0.000701 1 54
16 0.000701 3 0 PTP 39 1_39_-778_800
13 0.000701 2 39 
12 0.000701 2 39 10 NA
13 0.000701 2 39 
7 0.000701 1 39
16 0.000701 3 0 PTP 24 1_24_-778_785
13 0.000701 2 24 
12 0.000701 2 24 10 NA
13 0.000701 2 24 
7 0.000701 1 24
16 0.000701 3 0 PTP 9 1_9_-778_770
13 0.000701 2 9 
12 0.000701 2 9 10 NA
13 0.000701 2 9 
7 0.000701 1 9
16 0.000701 3 0 PTP 115 1_115_-778_876
13 0.000701 2 115 
12 0.000701 2 115 10 NA
13 0.000701 2 115 
7 0.000701 1 115
16 0.000701 3 0 PTP 100 1_100_-778_861
13 0.000701 2 100 
12 0.000701 2 100 10 NA
13 0.000701 2 100 
7 0.000701 1 100
16 0.000701 3 0 PTP 85 1_85_-778_846
13 0.000701 2 85 
12 0.000701 2 85 10 NA
13 0.000701 2 85 
7 0.000701 1 85
16 0.000701 3 0 PTP 70 1_70_-778_831
13 0.000701 2 70 
12 0.000701 2 70 10 NA
13 0.000701 2 70 
7 0.000701 1 70
16 0.000701 3 0 PTP 55 1_55_-778_816
13 0.000701 2 55 
12 0.000701 2 55 10 NA
13 0.000701 2 55 
7 0.000701 1 55
16 0.000701 3 0 PTP 40 1_40_-778_801
13 0.000701 2 40 
12 0.000701 2 40 10 NA
13 0.000701 2 40 
7 0.000701 1 40
16 0.000701 3 0 PTP 25 1_25_-778_786
13 0.000701 2 25 
12 0.000701 2 25 10 NA
13 0.000701 2 25 
7 0.000701 1 25
16 0.000701 3 0 PTP 10 1_10_-778_771
13 0.000701 2 10 
12 0.000701 2 10 10 NA
13 0.000701 2 10 
7 0.000701 1 10
16 0.000702 3 0 PTP 116 1_116_-778_877
13 0.000702 2 116 
12 0.000702 2 116 10 NA
13 0.000702 2 116 
7 0.000702 1 116
16 0.000702 3 0 PTP 101 1_101_-778_862
13 0.000702 2 101 
12 0.000702 2 101 10 NA
13 0.000702 2 101 
7 0.000702 1 101
16 0.000702 3 0 PTP 86 1_86_-778_847
13 0.000702 2 86 
12 0.000702 2 86 10 NA
13 0.000702 2 86 
7 0.000702 1 86
16 0.000702 3 0 PTP 71 1_71_-778_832
13 0.000702 2 71 
12 0.000702 2 71 10 NA
13 0.000702 2 71 
7 0.000702 1 71
16 0.000702 3 0 PTP 56 1_56_-778_817
13 0.000702 2 56 
12 0.000702 2 56 10 NA
13 0.000702 2 56 
7 0.000702 1 56
16 0.000702 3 0 PTP 41 1_41_-778_802
13 0.000702 2 41 
12 0.000702 2 41 10 NA
13 0.000702 2 41 
7 0.000702 1 41
16 0.000702 3 0 PTP 26 1_26_-778_787
13 0.000702 2 26 
12 0.000702 2 26 10 NA
13 0.000702 2 26 
7 0.000702 1 26
16 0.000702 3 0 PTP 11 1_11_-778_772
13 0.000702 2 11 
12 0.000702 2 11 10 NA
13 0.000702 2 11 
7 0.000702 1 11
16 0.000702 3 0 PTP 117 1_117_-778_878
13 0.000702 2 117 
12 0.000702 2 117 10 NA
13 0.000702 2 117 
7 0.000702 1 117
16 0.000702 3 0 PTP 102 1_102_-778_863
13 0.000702 2 102 
12 0.000702 2 102 10 NA
13 0.000702 2 102 
7 0.000702 1 102
16 0.000702 3 0 PTP 87 1_87_-778_848
13 0.000702 2 87 
12 0.000702 2 87 10 NA
13 0.000702 2 87 
7 0.000702 1 87
16 0.000702 3 0 PTP 72 1_72_-778_833
13 0.000702 2 72 
12 0.000702 2 72 10 NA
13 0.000702 2 72 
7 0.000702 1 72
16 0.000702 3 0 PTP 57 1_57_-778_818
13 0.000702 2 57 
12 0.000702 2 57 10 NA
13 0.000702 2 57 
7 0.000702 1 57
16 0.000702 3 0 PTP 42 1_42_-778_803
13 0.000702 2 42 
12 0.000702 2 42 10 NA
13 0.000702 2 42 
7 0.000702 1 42
16 0.000702 3 0 PTP 27 1_27_-778_788
13 0.000702 2 27 
12 0.000702 2 27 10 NA
13 0.000702 2 27 
7 0.000702 1 27
16 0.000702 3 0 PTP 12 1_12_-778_773
13 0.000702 2 12 
12 0.000702 2 12 10 NA
13 0.000702 2 12 
7 0.000702 1 12
16 0.000702 3 0 PTP 118 1_118_-778_879
13 0.000702 2 118 
12 0.000702 2 118 10 NA
13 0.000702 2 118 
7 0.000702 1 118
16 0.000702 3 0 PTP 103 1_103_-778_864
13 0.000702 2 103 
12 0.000702 2 103 10 NA
13 0.000702 2 103 
7 0.000702 1 103
16 0.000702 3 0 PTP 88 1_88_-778_849
13 0.000702 2 88 
12 0.000702 2 88 10 NA
13 0.000702 2 88 
7 0.000702 1 88
16 0.000702 3 0 PTP 73 1_73_-778_834
13 0.000702 2 73 
12 0.000702 2 73 10 NA
13 0.000702 2 73 
7 0.000702 1 73
16 0.000702 3 0 PTP 58 1_58_-778_819
13 0.000702 2 58 
12 0.000702 2 58 10 NA
13 0.000702 2 58 
7 0.000702 1 58
16 0.000702 3 0 PTP 43 1_43_-778_804
13 0.000702 2 43 
12 0.000702 2 43 10 NA
13 0.000702 2 43 
7 0.000702 1 43
16 0.000702 3 0 PTP 28 1_28_-778_789
13 0.000702 2 28 
12 0.000702 2 28 10 NA
13 0.000702 2 28 
7 0.000702 1 28
16 0.000702 3 0 PTP 13 1_13_-778_774
13 0.000702 2 13 
12 0.000702 2 13 10 NA
13 0.000702 2 13 
7 0.000702 1 13
16 0.000702 3 0 PTP 119 1_119_-778_880
13 0.000702 2 119 
12 0.000702 2 119 10 NA
13 0.000702 2 119 
7 0.000702 1 119
16 0.000702 3 0 PTP 104 1_104_-778_865
13 0.000702 2 104 
12 0.000702 2 104 10 NA
13 0.000702 2 104 
7 0.000702 1 104
16 0.000702 3 0 PTP 89 1_89_-778_850
13 0.000702 2 89 
12 0.000702 2 89 10 NA
13 0.000702 2 89 
7 0.000702 1 89
16 0.000702 3 0 PTP 74 1_74_-778_835
13 0.000702 2 74 
12 0.000702 2 74 10 NA
13 0.000702 2 74 
7 0.000702 1 74
16 0.000702 3 0 PTP 59 1_59_-778_820
13 0.000702 2 59 
12 0.000702 2 59 10 NA
13 0.000702 2 59 
7 0.000702 1 59
16 0.000702 3 0 PTP 44 1_44_-778_805
13 0.000702 2 44 
12 0.000702 2 44 10 NA
13 0.000702 2 44 
7 0.000702 1 44
16 0.000702 3 0 PTP 29 1_29_-778_790
13 0.000702 2 29 
12 0.000702 2 29 10 NA
13 0.000702 2 29 
7 0.000702 1 29
16 0.000702 3 0 PTP 14 1_14_-778_775
13 0.000702 2 14 
12 0.000702 2 14 10 NA
13 0.000702 2 14 
7 0.000702 1 14
16 0.000702 3 0 PTP 120 1_120_-778_881
13 0.000702 2 120 
12 0.000702 2 120 10 NA
13 0.000702 2 120 
7 0.000702 1 120
16 0.000702 3 0 PTP 105 1_105_-778_866
13 0.000702 2 105 
12 0.000702 2 105 10 NA
13 0.000702 2 105 
7 0.000702 1 105
16 0.000702 3 0 PTP 90 1_90_-778_851
13 0.000702 2 90 
12 0.000702 2 90 10 NA
13 0.000702 2 90 
7 0.000702 1 90
16 0.000702 3 0 PTP 75 1_75_-778_836
13 0.000702 2 75 
12 0.000702 2 75 10 NA
13 0.000702 2 75 
7 0.000702 1 75
16 0.000702 3 0 PTP 60 1_60_-778_821
13 0.000702 2 60 
12 0.000702 2 60 10 NA
13 0.000702 2 60 
7 0.000702 1 60
16 0.000702 3 0 PTP 45 1_45_-778_806
13 0.000702 2 45 
12 0.000702 2 45 10 NA
13 0.000702 2 45 
7 0.000702 1 45
16 0.000702 3 0 PTP 30 1_30_-778_791
13 0.000702 2 30 
12 0.000702 2 30 10 NA
13 0.000702 2 30 
7 0.000702 1 30
16 0.000702 3 0 PTP 15 1_15_-778_776
13 0.000702 2 15 
12 0.000702 2 15 10 NA
13 0.000702 2 15 
7 0.000702 1 15
16 0.000703 3 0 PTP 121 1_121_-778_882
13 0.000703 2 121 
12 0.000703 2 121 10 NA
13 0.000703 2 121 
7 0.000703 1 121
16 0.000703 3 0 PTP 106 1_106_-778_867
13 0.000703 2 106 
12 0.000703 2 106 10 NA
13 0.000703 2 106 
7 0.000703 1 106
16 0.000703 3 0 PTP 91 1_91_-778_852
13 0.000703 2 91 
12 0.000703 2 91 10 NA
13 0.000703 2 91 
7 0.000703 1 91
16 0.000703 3 0 PTP 76 1_76_-778_837
13 0.000703 2 76 
12 0.000703 2 76 10 NA
13 0.000703 2 76 
7 0.000703 1 76
16 0.000703 3 0 PTP 61 1_61_-778_822
13 0.000703 2 61 
12 0.000703 2 61 10 NA
13 0.000703 2 61 
7 0.000703 1 61
16 0.000703 3 0 PTP 46 1_46_-778_807
13 0.000703 2 46 
12 0.000703 2 46 10 NA
13 0.000703 2 46 
7 0.000703 1 46
16 0.000703 3 0 PTP 31 1_31_-778_792
13 0.000703 2 31 
12 0.000703 2 31 10 NA
13 0.000703 2 31 
7 0.000703 1 31
16 0.000703 3 0 PTP 16 1_16_-778_777
13 0.000703 2 16 
12 0.000703 2 16 10 NA
13 0.000703 2 16 
7 0.000703 1 16
16 0.000703 3 0 PTP 122 1_122_-778_883
13 0.000703 2 122 
12 0.000703 2 122 10 NA
13 0.000703 2 122 
7 0.000703 1 122
16 0.000703 3 0 PTP 107 1_107_-778_868
13 0.000703 2 107 
12 0.000703 2 107 10 NA
13 0.000703 2 107 
7 0.000703 1 107
16 0.000703 3 0 PTP 92 1_92_-778_853
13 0.000703 2 92 
12 0.000703 2 92 10 NA
13 0.000703 2 92 
7 0.000703 1 92
16 0.000703 3 0 PTP 77 1_77_-778_838
13 0.000703 2 77 
12 0.000703 2 77 10 NA
13 0.000703 2 77 
7 0.000703 1 77
16 0.000703 3 0 PTP 62 1_62_-778_823
13 0.000703 2 62 
12 0.000703 2 62 10 NA
13 0.000703 2 62 
7 0.000703 1 62
16 0.000703 3 0 PTP 47 1_47_-778_808
13 0.000703 2 47 
12 0.000703 2 47 10 NA
13 0.000703 2 47 
7 0.000703 1 47
16 0.000703 3 0 PTP 32 1_32_-778_793
13 0.000703 2 32 
12 0.000703 2 32 10 NA
13 0.000703 2 32 
7 0.000703 1 32
16 0.000703 3 0 PTP 123 1_123_-778_884
13 0.000703 2 123 
12 0.000703 2 123 10 NA
13 0.000703 2 123 
7 0.000703 1 123
16 0.000703 3 0 PTP 108 1_108_-778_869
13 0.000703 2 108 
12 0.000703 2 108 10 NA
13 0.000703 2 108 
7 0.000703 1 108
16 0.000703 3 0 PTP 93 1_93_-778_854
13 0.000703 2 93 
12 0.000703 2 93 10 NA
13 0.000703 2 93 
7 0.000703 1 93
16 0.000703 3 0 PTP 78 1_78_-778_839
13 0.000703 2 78 
12 0.000703 2 78 10 NA
13 0.000703 2 78 
7 0.000703 1 78
16 0.000703 3 0 PTP 63 1_63_-778_824
13 0.000703 2 63 
12 0.000703 2 63 10 NA
13 0.000703 2 63 
7 0.000703 1 63
16 0.000703 3 0 PTP 48 1_48_-778_809
13 0.000703 2 48 
12 0.000703 2 48 10 NA
13 0.000703 2 48 
7 0.000703 1 48
16 0.000703 3 0 PTP 124 1_124_-778_885
13 0.000703 2 124 
12 0.000703 2 124 10 NA
13 0.000703 2 124 
7 0.000703 1 124
16 0.000703 3 0 PTP 109 1_109_-778_870
13 0.000703 2 109 
12 0.000703 2 109 10 NA
13 0.000703 2 109 
7 0.000703 1 109
16 0.000703 3 0 PTP 94 1_94_-778_855
13 0.000703 2 94 
12 0.000703 2 94 10 NA
13 0.000703 2 94 
7 0.000703 1 94
16 0.000703 3 0 PTP 79 1_79_-778_840
13 0.000703 2 79 
12 0.000703 2 79 10 NA
13 0.000703 2 79 
7 0.000703 1 79
16 0.000703 3 0 PTP 64 1_64_-778_825
13 0.000703 2 64 
12 0.000703 2 64 10 NA
13 0.000703 2 64 
7 0.000703 1 64
16 0.000703 3 0 PTP 125 1_125_-778_886
13 0.000703 2 125 
12 0.000703 2 125 10 NA
13 0.000703 2 125 
7 0.000703 1 125
16 0.000703 3 0 PTP 110 1_110_-778_871
13 0.000703 2 110 
12 0.000703 2 110 10 NA
13 0.000703 2 110 
7 0.000703 1 110
16 0.000703 3 0 PTP 95 1_95_-778_856
13 0.000703 2 95 
12 0.000703 2 95 10 NA
13 0.000703 2 95 
7 0.000703 1 95
16 0.000703 3 0 PTP 80 1_80_-778_841
13 0.000703 2 80 
12 0.000703 2 80 10 NA
13 0.000703 2 80 
7 0.000703 1 80
16 0.000704 3 0 PTP 126 1_126_-778_887
13 0.000704 2 126 
12 0.000704 2 126 10 NA
13 0.000704 2 126 
7 0.000704 1 126
16 0.000704 3 0 PTP 111 1_111_-778_872
13 0.000704 2 111 
12 0.000704 2 111 10 NA
13 0.000704 2 111 
7 0.000704 1 111
16 0.000704 3 0 PTP 96 1_96_-778_857
13 0.000704 2 96 
12 0.000704 2 96 10 NA
13 0.000704 2 96 
7 0.000704 1 96
16 0.000704 3 0 PTP 127 1_127_-778_888
13 0.000704 2 127 
12 0.000704 2 127 10 NA
13 0.000704 2 127 
7 0.000704 1 127
16 0.000704 3 0 PTP 112 1_112_-778_873
13 0.000704 2 112 
12 0.000704 2 112 10 NA
13 0.000704 2 112 
7 0.000704 1 112
16 0.000704 3 0 PTP 128 1_128_-778_889
13 0.000704 2 128 
12 0.000704 2 128 10 NA
13 0.000704 2 128 
7 0.000704 1 128
