State, "rank-98", MPI_STATE, 0.000000, 0.000000, 0.000000, 0.000000, PMPI_Init
State, "rank-98", MPI_STATE, 0.000065, 0.000657, 0.000592, 0.000000, PMPI_Bcast
State, "rank-98", MPI_STATE, 0.000659, 0.000661, 0.000002, 0.000000, PMPI_Bcast
State, "rank-98", MPI_STATE, 0.000665, 0.000675, 0.000010, 0.000000, PMPI_Barrier
State, "rank-98", MPI_STATE, 0.000679, 0.000764, 0.000085, 0.000000, PMPI_Recv
State, "rank-98", MPI_STATE, 0.000770, 0.000770, 0.000000, 0.000000, PMPI_Reduce
State, "rank-98", MPI_STATE, 0.000771, 0.000771, 0.000000, 0.000000, PMPI_Reduce
State, "rank-98", MPI_STATE, 0.000772, 0.000866, 0.000094, 0.000000, PMPI_Barrier
State, "rank-98", MPI_STATE, 0.000868, 0.000868, 0.000000, 0.000000, PMPI_Finalize
State, "rank-97", MPI_STATE, 0.000000, 0.000000, 0.000000, 0.000000, PMPI_Init
State, "rank-97", MPI_STATE, 0.000070, 0.000656, 0.000586, 0.000000, PMPI_Bcast
State, "rank-97", MPI_STATE, 0.000659, 0.000661, 0.000002, 0.000000, PMPI_Bcast
State, "rank-97", MPI_STATE, 0.000664, 0.000675, 0.000011, 0.000000, PMPI_Barrier
State, "rank-97", MPI_STATE, 0.000678, 0.000760, 0.000082, 0.000000, PMPI_Recv
State, "rank-97", MPI_STATE, 0.000762, 0.000762, 0.000000, 0.000000, PMPI_Isend
State, "rank-97", MPI_STATE, 0.000764, 0.000764, 0.000000, 0.000000, PMPI_Waitall
State, "rank-97", MPI_STATE, 0.000768, 0.000768, 0.000000, 0.000000, PMPI_Reduce
State, "rank-97", MPI_STATE, 0.000770, 0.000770, 0.000000, 0.000000, PMPI_Reduce
State, "rank-97", MPI_STATE, 0.000772, 0.000866, 0.000094, 0.000000, PMPI_Barrier
State, "rank-97", MPI_STATE, 0.000868, 0.000868, 0.000000, 0.000000, PMPI_Finalize
State, "rank-96", MPI_STATE, 0.000000, 0.000000, 0.000000, 0.000000, PMPI_Init
State, "rank-96", MPI_STATE, 0.000066, 0.000656, 0.000590, 0.000000, PMPI_Bcast
State, "rank-96", MPI_STATE, 0.000659, 0.000661, 0.000002, 0.000000, PMPI_Bcast
State, "rank-96", MPI_STATE, 0.000665, 0.000674, 0.000009, 0.000000, PMPI_Barrier
State, "rank-96", MPI_STATE, 0.000681, 0.000759, 0.000078, 0.000000, PMPI_Recv
State, "rank-96", MPI_STATE, 0.000761, 0.000761, 0.000000, 0.000000, PMPI_Isend
State, "rank-96", MPI_STATE, 0.000763, 0.000763, 0.000000, 0.000000, PMPI_Isend
State, "rank-96", MPI_STATE, 0.000766, 0.000766, 0.000000, 0.000000, PMPI_Waitall
State, "rank-96", MPI_STATE, 0.000771, 0.000771, 0.000000, 0.000000, PMPI_Reduce
State, "rank-96", MPI_STATE, 0.000773, 0.000773, 0.000000, 0.000000, PMPI_Reduce
State, "rank-96", MPI_STATE, 0.000775, 0.000866, 0.000091, 0.000000, PMPI_Barrier
State, "rank-96", MPI_STATE, 0.000868, 0.000868, 0.000000, 0.000000, PMPI_Finalize
State, "rank-95", MPI_STATE, 0.000000, 0.000000, 0.000000, 0.000000, PMPI_Init
State, "rank-95", MPI_STATE, 0.000063, 0.000659, 0.000596, 0.000000, PMPI_Bcast
State, "rank-95", MPI_STATE, 0.000661, 0.000664, 0.000003, 0.000000, PMPI_Bcast
State, "rank-95", MPI_STATE, 0.000668, 0.000677, 0.000009, 0.000000, PMPI_Barrier
State, "rank-95", MPI_STATE, 0.000681, 0.000753, 0.000072, 0.000000, PMPI_Recv
State, "rank-95", MPI_STATE, 0.000755, 0.000755, 0.000000, 0.000000, PMPI_Isend
State, "rank-95", MPI_STATE, 0.000757, 0.000757, 0.000000, 0.000000, PMPI_Isend
State, "rank-95", MPI_STATE, 0.000759, 0.000759, 0.000000, 0.000000, PMPI_Isend
State, "rank-95", MPI_STATE, 0.000761, 0.000761, 0.000000, 0.000000, PMPI_Isend
State, "rank-95", MPI_STATE, 0.000763, 0.000763, 0.000000, 0.000000, PMPI_Waitall
State, "rank-95", MPI_STATE, 0.000768, 0.000768, 0.000000, 0.000000, PMPI_Reduce
State, "rank-95", MPI_STATE, 0.000770, 0.000770, 0.000000, 0.000000, PMPI_Reduce
State, "rank-95", MPI_STATE, 0.000773, 0.000869, 0.000096, 0.000000, PMPI_Barrier
State, "rank-95", MPI_STATE, 0.000872, 0.000872, 0.000000, 0.000000, PMPI_Finalize
State, "rank-94", MPI_STATE, 0.000000, 0.000000, 0.000000, 0.000000, PMPI_Init
State, "rank-94", MPI_STATE, 0.000061, 0.000659, 0.000598, 0.000000, PMPI_Bcast
State, "rank-94", MPI_STATE, 0.000660, 0.000664, 0.000004, 0.000000, PMPI_Bcast
State, "rank-94", MPI_STATE, 0.000669, 0.000677, 0.000008, 0.000000, PMPI_Barrier
State, "rank-94", MPI_STATE, 0.000679, 0.000753, 0.000074, 0.000000, PMPI_Recv
State, "rank-94", MPI_STATE, 0.000755, 0.000755, 0.000000, 0.000000, PMPI_Isend
State, "rank-94", MPI_STATE, 0.000756, 0.000756, 0.000000, 0.000000, PMPI_Isend
State, "rank-94", MPI_STATE, 0.000757, 0.000757, 0.000000, 0.000000, PMPI_Isend
State, "rank-94", MPI_STATE, 0.000759, 0.000759, 0.000000, 0.000000, PMPI_Waitall
State, "rank-94", MPI_STATE, 0.000764, 0.000764, 0.000000, 0.000000, PMPI_Reduce
State, "rank-94", MPI_STATE, 0.000766, 0.000766, 0.000000, 0.000000, PMPI_Reduce
State, "rank-94", MPI_STATE, 0.000768, 0.000869, 0.000101, 0.000000, PMPI_Barrier
State, "rank-94", MPI_STATE, 0.000871, 0.000871, 0.000000, 0.000000, PMPI_Finalize
State, "rank-93", MPI_STATE, 0.000000, 0.000000, 0.000000, 0.000000, PMPI_Init
State, "rank-93", MPI_STATE, 0.000066, 0.000659, 0.000593, 0.000000, PMPI_Bcast
State, "rank-93", MPI_STATE, 0.000661, 0.000663, 0.000002, 0.000000, PMPI_Bcast
State, "rank-93", MPI_STATE, 0.000666, 0.000677, 0.000011, 0.000000, PMPI_Barrier
State, "rank-93", MPI_STATE, 0.000681, 0.000828, 0.000147, 0.000000, PMPI_Recv
State, "rank-93", MPI_STATE, 0.000831, 0.000831, 0.000000, 0.000000, PMPI_Isend
State, "rank-93", MPI_STATE, 0.000834, 0.000834, 0.000000, 0.000000, PMPI_Isend
State, "rank-93", MPI_STATE, 0.000837, 0.000837, 0.000000, 0.000000, PMPI_Waitall
State, "rank-93", MPI_STATE, 0.000842, 0.000842, 0.000000, 0.000000, PMPI_Reduce
State, "rank-93", MPI_STATE, 0.000844, 0.000844, 0.000000, 0.000000, PMPI_Reduce
State, "rank-93", MPI_STATE, 0.000846, 0.000868, 0.000022, 0.000000, PMPI_Barrier
State, "rank-93", MPI_STATE, 0.000870, 0.000870, 0.000000, 0.000000, PMPI_Finalize
State, "rank-92", MPI_STATE, 0.000000, 0.000000, 0.000000, 0.000000, PMPI_Init
State, "rank-92", MPI_STATE, 0.000069, 0.000658, 0.000589, 0.000000, PMPI_Bcast
State, "rank-92", MPI_STATE, 0.000660, 0.000663, 0.000003, 0.000000, PMPI_Bcast
State, "rank-92", MPI_STATE, 0.000668, 0.000677, 0.000009, 0.000000, PMPI_Barrier
State, "rank-92", MPI_STATE, 0.000680, 0.000756, 0.000076, 0.000000, PMPI_Recv
State, "rank-92", MPI_STATE, 0.000758, 0.000758, 0.000000, 0.000000, PMPI_Isend
State, "rank-92", MPI_STATE, 0.000760, 0.000760, 0.000000, 0.000000, PMPI_Waitall
State, "rank-92", MPI_STATE, 0.000764, 0.000764, 0.000000, 0.000000, PMPI_Reduce
State, "rank-92", MPI_STATE, 0.000765, 0.000765, 0.000000, 0.000000, PMPI_Reduce
State, "rank-92", MPI_STATE, 0.000766, 0.000868, 0.000102, 0.000000, PMPI_Barrier
State, "rank-92", MPI_STATE, 0.000870, 0.000870, 0.000000, 0.000000, PMPI_Finalize
State, "rank-91", MPI_STATE, 0.000000, 0.000000, 0.000000, 0.000000, PMPI_Init
State, "rank-91", MPI_STATE, 0.000062, 0.000658, 0.000596, 0.000000, PMPI_Bcast
State, "rank-91", MPI_STATE, 0.000661, 0.000663, 0.000002, 0.000000, PMPI_Bcast
State, "rank-91", MPI_STATE, 0.000665, 0.000676, 0.000011, 0.000000, PMPI_Barrier
State, "rank-91", MPI_STATE, 0.000678, 0.000760, 0.000082, 0.000000, PMPI_Recv
State, "rank-91", MPI_STATE, 0.000765, 0.000765, 0.000000, 0.000000, PMPI_Reduce
State, "rank-91", MPI_STATE, 0.000767, 0.000767, 0.000000, 0.000000, PMPI_Reduce
State, "rank-91", MPI_STATE, 0.000769, 0.000868, 0.000099, 0.000000, PMPI_Barrier
State, "rank-91", MPI_STATE, 0.000870, 0.000870, 0.000000, 0.000000, PMPI_Finalize
State, "rank-90", MPI_STATE, 0.000000, 0.000000, 0.000000, 0.000000, PMPI_Init
State, "rank-90", MPI_STATE, 0.000067, 0.000658, 0.000591, 0.000000, PMPI_Bcast
State, "rank-90", MPI_STATE, 0.000660, 0.000663, 0.000003, 0.000000, PMPI_Bcast
State, "rank-90", MPI_STATE, 0.000665, 0.000676, 0.000011, 0.000000, PMPI_Barrier
State, "rank-90", MPI_STATE, 0.000679, 0.000758, 0.000079, 0.000000, PMPI_Recv
State, "rank-90", MPI_STATE, 0.000762, 0.000762, 0.000000, 0.000000, PMPI_Reduce
State, "rank-90", MPI_STATE, 0.000765, 0.000765, 0.000000, 0.000000, PMPI_Reduce
State, "rank-90", MPI_STATE, 0.000767, 0.000868, 0.000101, 0.000000, PMPI_Barrier
State, "rank-90", MPI_STATE, 0.000870, 0.000870, 0.000000, 0.000000, PMPI_Finalize
State, "rank-89", MPI_STATE, 0.000000, 0.000000, 0.000000, 0.000000, PMPI_Init
State, "rank-89", MPI_STATE, 0.000078, 0.000658, 0.000580, 0.000000, PMPI_Bcast
State, "rank-89", MPI_STATE, 0.000660, 0.000663, 0.000003, 0.000000, PMPI_Bcast
State, "rank-89", MPI_STATE, 0.000667, 0.000676, 0.000009, 0.000000, PMPI_Barrier
State, "rank-89", MPI_STATE, 0.000679, 0.000756, 0.000077, 0.000000, PMPI_Recv
State, "rank-89", MPI_STATE, 0.000760, 0.000760, 0.000000, 0.000000, PMPI_Reduce
State, "rank-89", MPI_STATE, 0.000762, 0.000762, 0.000000, 0.000000, PMPI_Reduce
State, "rank-89", MPI_STATE, 0.000764, 0.000868, 0.000104, 0.000000, PMPI_Barrier
State, "rank-89", MPI_STATE, 0.000870, 0.000870, 0.000000, 0.000000, PMPI_Finalize
State, "rank-8", MPI_STATE, 0.000000, 0.000000, 0.000000, 0.000000, PMPI_Init
State, "rank-8", MPI_STATE, 0.000085, 0.000657, 0.000572, 0.000000, PMPI_Bcast
State, "rank-8", MPI_STATE, 0.000661, 0.000662, 0.000001, 0.000000, PMPI_Bcast
State, "rank-8", MPI_STATE, 0.000664, 0.000675, 0.000011, 0.000000, PMPI_Barrier
State, "rank-8", MPI_STATE, 0.000678, 0.000836, 0.000158, 0.000000, PMPI_Recv
State, "rank-8", MPI_STATE, 0.000843, 0.000843, 0.000000, 0.000000, PMPI_Reduce
State, "rank-8", MPI_STATE, 0.000844, 0.000844, 0.000000, 0.000000, PMPI_Reduce
State, "rank-8", MPI_STATE, 0.000846, 0.000866, 0.000020, 0.000000, PMPI_Barrier
State, "rank-8", MPI_STATE, 0.000868, 0.000868, 0.000000, 0.000000, PMPI_Finalize
State, "rank-88", MPI_STATE, 0.000000, 0.000000, 0.000000, 0.000000, PMPI_Init
State, "rank-88", MPI_STATE, 0.000065, 0.000658, 0.000593, 0.000000, PMPI_Bcast
State, "rank-88", MPI_STATE, 0.000660, 0.000662, 0.000002, 0.000000, PMPI_Bcast
State, "rank-88", MPI_STATE, 0.000665, 0.000676, 0.000011, 0.000000, PMPI_Barrier
State, "rank-88", MPI_STATE, 0.000679, 0.000764, 0.000085, 0.000000, PMPI_Recv
State, "rank-88", MPI_STATE, 0.000771, 0.000771, 0.000000, 0.000000, PMPI_Reduce
State, "rank-88", MPI_STATE, 0.000773, 0.000773, 0.000000, 0.000000, PMPI_Reduce
State, "rank-88", MPI_STATE, 0.000774, 0.000867, 0.000093, 0.000000, PMPI_Barrier
State, "rank-88", MPI_STATE, 0.000869, 0.000869, 0.000000, 0.000000, PMPI_Finalize
State, "rank-87", MPI_STATE, 0.000000, 0.000000, 0.000000, 0.000000, PMPI_Init
State, "rank-87", MPI_STATE, 0.000067, 0.000658, 0.000591, 0.000000, PMPI_Bcast
State, "rank-87", MPI_STATE, 0.000660, 0.000662, 0.000002, 0.000000, PMPI_Bcast
State, "rank-87", MPI_STATE, 0.000664, 0.000676, 0.000012, 0.000000, PMPI_Barrier
State, "rank-87", MPI_STATE, 0.000679, 0.000760, 0.000081, 0.000000, PMPI_Recv
State, "rank-87", MPI_STATE, 0.000766, 0.000766, 0.000000, 0.000000, PMPI_Reduce
State, "rank-87", MPI_STATE, 0.000767, 0.000767, 0.000000, 0.000000, PMPI_Reduce
State, "rank-87", MPI_STATE, 0.000768, 0.000867, 0.000099, 0.000000, PMPI_Barrier
State, "rank-87", MPI_STATE, 0.000869, 0.000869, 0.000000, 0.000000, PMPI_Finalize
State, "rank-86", MPI_STATE, 0.000000, 0.000000, 0.000000, 0.000000, PMPI_Init
State, "rank-86", MPI_STATE, 0.000062, 0.000657, 0.000595, 0.000000, PMPI_Bcast
State, "rank-86", MPI_STATE, 0.000660, 0.000662, 0.000002, 0.000000, PMPI_Bcast
State, "rank-86", MPI_STATE, 0.000665, 0.000675, 0.000010, 0.000000, PMPI_Barrier
State, "rank-86", MPI_STATE, 0.000678, 0.000753, 0.000075, 0.000000, PMPI_Recv
State, "rank-86", MPI_STATE, 0.000758, 0.000758, 0.000000, 0.000000, PMPI_Reduce
State, "rank-86", MPI_STATE, 0.000760, 0.000760, 0.000000, 0.000000, PMPI_Reduce
State, "rank-86", MPI_STATE, 0.000761, 0.000867, 0.000106, 0.000000, PMPI_Barrier
State, "rank-86", MPI_STATE, 0.000869, 0.000869, 0.000000, 0.000000, PMPI_Finalize
State, "rank-85", MPI_STATE, 0.000000, 0.000000, 0.000000, 0.000000, PMPI_Init
State, "rank-85", MPI_STATE, 0.000064, 0.000657, 0.000593, 0.000000, PMPI_Bcast
State, "rank-85", MPI_STATE, 0.000659, 0.000662, 0.000003, 0.000000, PMPI_Bcast
State, "rank-85", MPI_STATE, 0.000664, 0.000675, 0.000011, 0.000000, PMPI_Barrier
State, "rank-85", MPI_STATE, 0.000679, 0.000771, 0.000092, 0.000000, PMPI_Recv
State, "rank-85", MPI_STATE, 0.000781, 0.000781, 0.000000, 0.000000, PMPI_Reduce
State, "rank-85", MPI_STATE, 0.000783, 0.000783, 0.000000, 0.000000, PMPI_Reduce
State, "rank-85", MPI_STATE, 0.000785, 0.000867, 0.000082, 0.000000, PMPI_Barrier
State, "rank-85", MPI_STATE, 0.000869, 0.000869, 0.000000, 0.000000, PMPI_Finalize
State, "rank-84", MPI_STATE, 0.000000, 0.000000, 0.000000, 0.000000, PMPI_Init
State, "rank-84", MPI_STATE, 0.000066, 0.000657, 0.000591, 0.000000, PMPI_Bcast
State, "rank-84", MPI_STATE, 0.000659, 0.000662, 0.000003, 0.000000, PMPI_Bcast
State, "rank-84", MPI_STATE, 0.000664, 0.000675, 0.000011, 0.000000, PMPI_Barrier
State, "rank-84", MPI_STATE, 0.000678, 0.000761, 0.000083, 0.000000, PMPI_Recv
State, "rank-84", MPI_STATE, 0.000766, 0.000766, 0.000000, 0.000000, PMPI_Reduce
State, "rank-84", MPI_STATE, 0.000768, 0.000768, 0.000000, 0.000000, PMPI_Reduce
State, "rank-84", MPI_STATE, 0.000771, 0.000867, 0.000096, 0.000000, PMPI_Barrier
State, "rank-84", MPI_STATE, 0.000869, 0.000869, 0.000000, 0.000000, PMPI_Finalize
State, "rank-83", MPI_STATE, 0.000000, 0.000000, 0.000000, 0.000000, PMPI_Init
State, "rank-83", MPI_STATE, 0.000065, 0.000657, 0.000592, 0.000000, PMPI_Bcast
State, "rank-83", MPI_STATE, 0.000659, 0.000662, 0.000003, 0.000000, PMPI_Bcast
State, "rank-83", MPI_STATE, 0.000664, 0.000675, 0.000011, 0.000000, PMPI_Barrier
State, "rank-83", MPI_STATE, 0.000679, 0.000759, 0.000080, 0.000000, PMPI_Recv
State, "rank-83", MPI_STATE, 0.000766, 0.000766, 0.000000, 0.000000, PMPI_Reduce
State, "rank-83", MPI_STATE, 0.000768, 0.000768, 0.000000, 0.000000, PMPI_Reduce
State, "rank-83", MPI_STATE, 0.000769, 0.000866, 0.000097, 0.000000, PMPI_Barrier
State, "rank-83", MPI_STATE, 0.000868, 0.000868, 0.000000, 0.000000, PMPI_Finalize
State, "rank-82", MPI_STATE, 0.000000, 0.000000, 0.000000, 0.000000, PMPI_Init
State, "rank-82", MPI_STATE, 0.000064, 0.000656, 0.000592, 0.000000, PMPI_Bcast
State, "rank-82", MPI_STATE, 0.000657, 0.000661, 0.000004, 0.000000, PMPI_Bcast
State, "rank-82", MPI_STATE, 0.000665, 0.000675, 0.000010, 0.000000, PMPI_Barrier
State, "rank-82", MPI_STATE, 0.000679, 0.000766, 0.000087, 0.000000, PMPI_Recv
State, "rank-82", MPI_STATE, 0.000774, 0.000774, 0.000000, 0.000000, PMPI_Reduce
State, "rank-82", MPI_STATE, 0.000776, 0.000776, 0.000000, 0.000000, PMPI_Reduce
State, "rank-82", MPI_STATE, 0.000777, 0.000866, 0.000089, 0.000000, PMPI_Barrier
State, "rank-82", MPI_STATE, 0.000868, 0.000868, 0.000000, 0.000000, PMPI_Finalize
State, "rank-81", MPI_STATE, 0.000000, 0.000000, 0.000000, 0.000000, PMPI_Init
State, "rank-81", MPI_STATE, 0.000066, 0.000656, 0.000590, 0.000000, PMPI_Bcast
State, "rank-81", MPI_STATE, 0.000660, 0.000661, 0.000001, 0.000000, PMPI_Bcast
State, "rank-81", MPI_STATE, 0.000664, 0.000674, 0.000010, 0.000000, PMPI_Barrier
State, "rank-81", MPI_STATE, 0.000677, 0.000759, 0.000082, 0.000000, PMPI_Recv
State, "rank-81", MPI_STATE, 0.000760, 0.000760, 0.000000, 0.000000, PMPI_Isend
State, "rank-81", MPI_STATE, 0.000762, 0.000762, 0.000000, 0.000000, PMPI_Waitall
State, "rank-81", MPI_STATE, 0.000768, 0.000768, 0.000000, 0.000000, PMPI_Reduce
State, "rank-81", MPI_STATE, 0.000770, 0.000770, 0.000000, 0.000000, PMPI_Reduce
State, "rank-81", MPI_STATE, 0.000771, 0.000866, 0.000095, 0.000000, PMPI_Barrier
State, "rank-81", MPI_STATE, 0.000869, 0.000869, 0.000000, 0.000000, PMPI_Finalize
State, "rank-80", MPI_STATE, 0.000000, 0.000000, 0.000000, 0.000000, PMPI_Init
State, "rank-80", MPI_STATE, 0.000069, 0.000656, 0.000587, 0.000000, PMPI_Bcast
State, "rank-80", MPI_STATE, 0.000658, 0.000661, 0.000003, 0.000000, PMPI_Bcast
State, "rank-80", MPI_STATE, 0.000664, 0.000674, 0.000010, 0.000000, PMPI_Barrier
State, "rank-80", MPI_STATE, 0.000678, 0.000760, 0.000082, 0.000000, PMPI_Recv
State, "rank-80", MPI_STATE, 0.000762, 0.000762, 0.000000, 0.000000, PMPI_Isend
State, "rank-80", MPI_STATE, 0.000765, 0.000765, 0.000000, 0.000000, PMPI_Waitall
State, "rank-80", MPI_STATE, 0.000774, 0.000774, 0.000000, 0.000000, PMPI_Reduce
State, "rank-80", MPI_STATE, 0.000775, 0.000775, 0.000000, 0.000000, PMPI_Reduce
State, "rank-80", MPI_STATE, 0.000778, 0.000866, 0.000088, 0.000000, PMPI_Barrier
State, "rank-80", MPI_STATE, 0.000868, 0.000868, 0.000000, 0.000000, PMPI_Finalize
State, "rank-79", MPI_STATE, 0.000000, 0.000000, 0.000000, 0.000000, PMPI_Init
State, "rank-79", MPI_STATE, 0.000066, 0.000659, 0.000593, 0.000000, PMPI_Bcast
State, "rank-79", MPI_STATE, 0.000662, 0.000664, 0.000002, 0.000000, PMPI_Bcast
State, "rank-79", MPI_STATE, 0.000668, 0.000677, 0.000009, 0.000000, PMPI_Barrier
State, "rank-79", MPI_STATE, 0.000681, 0.000753, 0.000072, 0.000000, PMPI_Recv
State, "rank-79", MPI_STATE, 0.000755, 0.000755, 0.000000, 0.000000, PMPI_Isend
State, "rank-79", MPI_STATE, 0.000757, 0.000757, 0.000000, 0.000000, PMPI_Isend
State, "rank-79", MPI_STATE, 0.000759, 0.000759, 0.000000, 0.000000, PMPI_Isend
State, "rank-79", MPI_STATE, 0.000761, 0.000761, 0.000000, 0.000000, PMPI_Waitall
State, "rank-79", MPI_STATE, 0.000768, 0.000768, 0.000000, 0.000000, PMPI_Reduce
State, "rank-79", MPI_STATE, 0.000771, 0.000771, 0.000000, 0.000000, PMPI_Reduce
State, "rank-79", MPI_STATE, 0.000772, 0.000869, 0.000097, 0.000000, PMPI_Barrier
State, "rank-79", MPI_STATE, 0.000871, 0.000871, 0.000000, 0.000000, PMPI_Finalize
State, "rank-7", MPI_STATE, 0.000000, 0.000000, 0.000000, 0.000000, PMPI_Init
State, "rank-7", MPI_STATE, 0.000065, 0.000656, 0.000591, 0.000000, PMPI_Bcast
State, "rank-7", MPI_STATE, 0.000660, 0.000661, 0.000001, 0.000000, PMPI_Bcast
State, "rank-7", MPI_STATE, 0.000664, 0.000675, 0.000011, 0.000000, PMPI_Barrier
State, "rank-7", MPI_STATE, 0.000677, 0.000756, 0.000079, 0.000000, PMPI_Recv
State, "rank-7", MPI_STATE, 0.000760, 0.000760, 0.000000, 0.000000, PMPI_Reduce
State, "rank-7", MPI_STATE, 0.000763, 0.000763, 0.000000, 0.000000, PMPI_Reduce
State, "rank-7", MPI_STATE, 0.000765, 0.000866, 0.000101, 0.000000, PMPI_Barrier
State, "rank-7", MPI_STATE, 0.000868, 0.000868, 0.000000, 0.000000, PMPI_Finalize
State, "rank-78", MPI_STATE, 0.000000, 0.000000, 0.000000, 0.000000, PMPI_Init
State, "rank-78", MPI_STATE, 0.000075, 0.000659, 0.000584, 0.000000, PMPI_Bcast
State, "rank-78", MPI_STATE, 0.000663, 0.000663, 0.000000, 0.000000, PMPI_Bcast
State, "rank-78", MPI_STATE, 0.000669, 0.000677, 0.000008, 0.000000, PMPI_Barrier
State, "rank-78", MPI_STATE, 0.000680, 0.000754, 0.000074, 0.000000, PMPI_Recv
State, "rank-78", MPI_STATE, 0.000756, 0.000756, 0.000000, 0.000000, PMPI_Isend
State, "rank-78", MPI_STATE, 0.000757, 0.000757, 0.000000, 0.000000, PMPI_Isend
State, "rank-78", MPI_STATE, 0.000759, 0.000759, 0.000000, 0.000000, PMPI_Waitall
State, "rank-78", MPI_STATE, 0.000764, 0.000764, 0.000000, 0.000000, PMPI_Reduce
State, "rank-78", MPI_STATE, 0.000766, 0.000766, 0.000000, 0.000000, PMPI_Reduce
State, "rank-78", MPI_STATE, 0.000768, 0.000868, 0.000100, 0.000000, PMPI_Barrier
State, "rank-78", MPI_STATE, 0.000870, 0.000870, 0.000000, 0.000000, PMPI_Finalize
State, "rank-77", MPI_STATE, 0.000000, 0.000000, 0.000000, 0.000000, PMPI_Init
State, "rank-77", MPI_STATE, 0.000069, 0.000658, 0.000589, 0.000000, PMPI_Bcast
State, "rank-77", MPI_STATE, 0.000662, 0.000663, 0.000001, 0.000000, PMPI_Bcast
State, "rank-77", MPI_STATE, 0.000666, 0.000677, 0.000011, 0.000000, PMPI_Barrier
State, "rank-77", MPI_STATE, 0.000681, 0.000757, 0.000076, 0.000000, PMPI_Recv
State, "rank-77", MPI_STATE, 0.000758, 0.000758, 0.000000, 0.000000, PMPI_Isend
State, "rank-77", MPI_STATE, 0.000759, 0.000759, 0.000000, 0.000000, PMPI_Waitall
State, "rank-77", MPI_STATE, 0.000767, 0.000767, 0.000000, 0.000000, PMPI_Reduce
State, "rank-77", MPI_STATE, 0.000769, 0.000769, 0.000000, 0.000000, PMPI_Reduce
State, "rank-77", MPI_STATE, 0.000771, 0.000868, 0.000097, 0.000000, PMPI_Barrier
State, "rank-77", MPI_STATE, 0.000870, 0.000870, 0.000000, 0.000000, PMPI_Finalize
State, "rank-76", MPI_STATE, 0.000000, 0.000000, 0.000000, 0.000000, PMPI_Init
State, "rank-76", MPI_STATE, 0.000074, 0.000658, 0.000584, 0.000000, PMPI_Bcast
State, "rank-76", MPI_STATE, 0.000662, 0.000663, 0.000001, 0.000000, PMPI_Bcast
State, "rank-76", MPI_STATE, 0.000665, 0.000676, 0.000011, 0.000000, PMPI_Barrier
State, "rank-76", MPI_STATE, 0.000680, 0.000750, 0.000070, 0.000000, PMPI_Recv
State, "rank-76", MPI_STATE, 0.000757, 0.000757, 0.000000, 0.000000, PMPI_Reduce
State, "rank-76", MPI_STATE, 0.000758, 0.000758, 0.000000, 0.000000, PMPI_Reduce
State, "rank-76", MPI_STATE, 0.000760, 0.000868, 0.000108, 0.000000, PMPI_Barrier
State, "rank-76", MPI_STATE, 0.000870, 0.000870, 0.000000, 0.000000, PMPI_Finalize
State, "rank-75", MPI_STATE, 0.000000, 0.000000, 0.000000, 0.000000, PMPI_Init
State, "rank-75", MPI_STATE, 0.000078, 0.000658, 0.000580, 0.000000, PMPI_Bcast
State, "rank-75", MPI_STATE, 0.000661, 0.000663, 0.000002, 0.000000, PMPI_Bcast
State, "rank-75", MPI_STATE, 0.000665, 0.000676, 0.000011, 0.000000, PMPI_Barrier
State, "rank-75", MPI_STATE, 0.000680, 0.000758, 0.000078, 0.000000, PMPI_Recv
State, "rank-75", MPI_STATE, 0.000765, 0.000765, 0.000000, 0.000000, PMPI_Reduce
State, "rank-75", MPI_STATE, 0.000766, 0.000766, 0.000000, 0.000000, PMPI_Reduce
State, "rank-75", MPI_STATE, 0.000768, 0.000868, 0.000100, 0.000000, PMPI_Barrier
State, "rank-75", MPI_STATE, 0.000870, 0.000870, 0.000000, 0.000000, PMPI_Finalize
State, "rank-74", MPI_STATE, 0.000000, 0.000000, 0.000000, 0.000000, PMPI_Init
State, "rank-74", MPI_STATE, 0.000126, 0.000658, 0.000532, 0.000000, PMPI_Bcast
State, "rank-74", MPI_STATE, 0.000659, 0.000663, 0.000004, 0.000000, PMPI_Bcast
State, "rank-74", MPI_STATE, 0.000666, 0.000676, 0.000010, 0.000000, PMPI_Barrier
State, "rank-74", MPI_STATE, 0.000680, 0.000837, 0.000157, 0.000000, PMPI_Recv
State, "rank-74", MPI_STATE, 0.000845, 0.000845, 0.000000, 0.000000, PMPI_Reduce
State, "rank-74", MPI_STATE, 0.000847, 0.000847, 0.000000, 0.000000, PMPI_Reduce
State, "rank-74", MPI_STATE, 0.000849, 0.000868, 0.000019, 0.000000, PMPI_Barrier
State, "rank-74", MPI_STATE, 0.000870, 0.000870, 0.000000, 0.000000, PMPI_Finalize
State, "rank-73", MPI_STATE, 0.000000, 0.000000, 0.000000, 0.000000, PMPI_Init
State, "rank-73", MPI_STATE, 0.000084, 0.000658, 0.000574, 0.000000, PMPI_Bcast
State, "rank-73", MPI_STATE, 0.000660, 0.000662, 0.000002, 0.000000, PMPI_Bcast
State, "rank-73", MPI_STATE, 0.000665, 0.000676, 0.000011, 0.000000, PMPI_Barrier
State, "rank-73", MPI_STATE, 0.000680, 0.000753, 0.000073, 0.000000, PMPI_Recv
State, "rank-73", MPI_STATE, 0.000758, 0.000758, 0.000000, 0.000000, PMPI_Reduce
State, "rank-73", MPI_STATE, 0.000760, 0.000760, 0.000000, 0.000000, PMPI_Reduce
State, "rank-73", MPI_STATE, 0.000762, 0.000867, 0.000105, 0.000000, PMPI_Barrier
State, "rank-73", MPI_STATE, 0.000869, 0.000869, 0.000000, 0.000000, PMPI_Finalize
State, "rank-72", MPI_STATE, 0.000000, 0.000000, 0.000000, 0.000000, PMPI_Init
State, "rank-72", MPI_STATE, 0.000087, 0.000657, 0.000570, 0.000000, PMPI_Bcast
State, "rank-72", MPI_STATE, 0.000659, 0.000662, 0.000003, 0.000000, PMPI_Bcast
State, "rank-72", MPI_STATE, 0.000665, 0.000676, 0.000011, 0.000000, PMPI_Barrier
State, "rank-72", MPI_STATE, 0.000680, 0.000766, 0.000086, 0.000000, PMPI_Recv
State, "rank-72", MPI_STATE, 0.000770, 0.000770, 0.000000, 0.000000, PMPI_Reduce
State, "rank-72", MPI_STATE, 0.000772, 0.000772, 0.000000, 0.000000, PMPI_Reduce
State, "rank-72", MPI_STATE, 0.000773, 0.000867, 0.000094, 0.000000, PMPI_Barrier
State, "rank-72", MPI_STATE, 0.000869, 0.000869, 0.000000, 0.000000, PMPI_Finalize
State, "rank-71", MPI_STATE, 0.000000, 0.000000, 0.000000, 0.000000, PMPI_Init
State, "rank-71", MPI_STATE, 0.000080, 0.000657, 0.000577, 0.000000, PMPI_Bcast
State, "rank-71", MPI_STATE, 0.000660, 0.000663, 0.000003, 0.000000, PMPI_Bcast
State, "rank-71", MPI_STATE, 0.000666, 0.000675, 0.000009, 0.000000, PMPI_Barrier
State, "rank-71", MPI_STATE, 0.000678, 0.000832, 0.000154, 0.000000, PMPI_Recv
State, "rank-71", MPI_STATE, 0.000837, 0.000837, 0.000000, 0.000000, PMPI_Reduce
State, "rank-71", MPI_STATE, 0.000840, 0.000840, 0.000000, 0.000000, PMPI_Reduce
State, "rank-71", MPI_STATE, 0.000843, 0.000867, 0.000024, 0.000000, PMPI_Barrier
State, "rank-71", MPI_STATE, 0.000870, 0.000870, 0.000000, 0.000000, PMPI_Finalize
State, "rank-70", MPI_STATE, 0.000000, 0.000000, 0.000000, 0.000000, PMPI_Init
State, "rank-70", MPI_STATE, 0.000133, 0.000657, 0.000524, 0.000000, PMPI_Bcast
State, "rank-70", MPI_STATE, 0.000659, 0.000663, 0.000004, 0.000000, PMPI_Bcast
State, "rank-70", MPI_STATE, 0.000666, 0.000675, 0.000009, 0.000000, PMPI_Barrier
State, "rank-70", MPI_STATE, 0.000678, 0.000762, 0.000084, 0.000000, PMPI_Recv
State, "rank-70", MPI_STATE, 0.000767, 0.000767, 0.000000, 0.000000, PMPI_Reduce
State, "rank-70", MPI_STATE, 0.000768, 0.000768, 0.000000, 0.000000, PMPI_Reduce
State, "rank-70", MPI_STATE, 0.000770, 0.000867, 0.000097, 0.000000, PMPI_Barrier
State, "rank-70", MPI_STATE, 0.000869, 0.000869, 0.000000, 0.000000, PMPI_Finalize
State, "rank-69", MPI_STATE, 0.000000, 0.000000, 0.000000, 0.000000, PMPI_Init
State, "rank-69", MPI_STATE, 0.000068, 0.000657, 0.000589, 0.000000, PMPI_Bcast
State, "rank-69", MPI_STATE, 0.000659, 0.000663, 0.000004, 0.000000, PMPI_Bcast
State, "rank-69", MPI_STATE, 0.000666, 0.000675, 0.000009, 0.000000, PMPI_Barrier
State, "rank-69", MPI_STATE, 0.000678, 0.000759, 0.000081, 0.000000, PMPI_Recv
State, "rank-69", MPI_STATE, 0.000764, 0.000764, 0.000000, 0.000000, PMPI_Reduce
State, "rank-69", MPI_STATE, 0.000765, 0.000765, 0.000000, 0.000000, PMPI_Reduce
State, "rank-69", MPI_STATE, 0.000767, 0.000867, 0.000100, 0.000000, PMPI_Barrier
State, "rank-69", MPI_STATE, 0.000869, 0.000869, 0.000000, 0.000000, PMPI_Finalize
State, "rank-6", MPI_STATE, 0.000000, 0.000000, 0.000000, 0.000000, PMPI_Init
State, "rank-6", MPI_STATE, 0.000065, 0.000656, 0.000591, 0.000000, PMPI_Bcast
State, "rank-6", MPI_STATE, 0.000659, 0.000661, 0.000002, 0.000000, PMPI_Bcast
State, "rank-6", MPI_STATE, 0.000665, 0.000674, 0.000009, 0.000000, PMPI_Barrier
State, "rank-6", MPI_STATE, 0.000677, 0.000833, 0.000156, 0.000000, PMPI_Recv
State, "rank-6", MPI_STATE, 0.000835, 0.000835, 0.000000, 0.000000, PMPI_Isend
State, "rank-6", MPI_STATE, 0.000837, 0.000837, 0.000000, 0.000000, PMPI_Waitall
State, "rank-6", MPI_STATE, 0.000843, 0.000843, 0.000000, 0.000000, PMPI_Reduce
State, "rank-6", MPI_STATE, 0.000845, 0.000845, 0.000000, 0.000000, PMPI_Reduce
State, "rank-6", MPI_STATE, 0.000847, 0.000866, 0.000019, 0.000000, PMPI_Barrier
State, "rank-6", MPI_STATE, 0.000868, 0.000868, 0.000000, 0.000000, PMPI_Finalize
State, "rank-68", MPI_STATE, 0.000000, 0.000000, 0.000000, 0.000000, PMPI_Init
State, "rank-68", MPI_STATE, 0.000075, 0.000657, 0.000582, 0.000000, PMPI_Bcast
State, "rank-68", MPI_STATE, 0.000662, 0.000662, 0.000000, 0.000000, PMPI_Bcast
State, "rank-68", MPI_STATE, 0.000665, 0.000675, 0.000010, 0.000000, PMPI_Barrier
State, "rank-68", MPI_STATE, 0.000678, 0.000762, 0.000084, 0.000000, PMPI_Recv
State, "rank-68", MPI_STATE, 0.000768, 0.000768, 0.000000, 0.000000, PMPI_Reduce
State, "rank-68", MPI_STATE, 0.000769, 0.000769, 0.000000, 0.000000, PMPI_Reduce
State, "rank-68", MPI_STATE, 0.000770, 0.000866, 0.000096, 0.000000, PMPI_Barrier
State, "rank-68", MPI_STATE, 0.000868, 0.000868, 0.000000, 0.000000, PMPI_Finalize
State, "rank-67", MPI_STATE, 0.000000, 0.000000, 0.000000, 0.000000, PMPI_Init
State, "rank-67", MPI_STATE, 0.000076, 0.000656, 0.000580, 0.000000, PMPI_Bcast
State, "rank-67", MPI_STATE, 0.000659, 0.000661, 0.000002, 0.000000, PMPI_Bcast
State, "rank-67", MPI_STATE, 0.000663, 0.000675, 0.000012, 0.000000, PMPI_Barrier
State, "rank-67", MPI_STATE, 0.000679, 0.000754, 0.000075, 0.000000, PMPI_Recv
State, "rank-67", MPI_STATE, 0.000760, 0.000760, 0.000000, 0.000000, PMPI_Reduce
State, "rank-67", MPI_STATE, 0.000761, 0.000761, 0.000000, 0.000000, PMPI_Reduce
State, "rank-67", MPI_STATE, 0.000763, 0.000866, 0.000103, 0.000000, PMPI_Barrier
State, "rank-67", MPI_STATE, 0.000868, 0.000868, 0.000000, 0.000000, PMPI_Finalize
State, "rank-66", MPI_STATE, 0.000000, 0.000000, 0.000000, 0.000000, PMPI_Init
State, "rank-66", MPI_STATE, 0.000074, 0.000656, 0.000582, 0.000000, PMPI_Bcast
State, "rank-66", MPI_STATE, 0.000658, 0.000661, 0.000003, 0.000000, PMPI_Bcast
State, "rank-66", MPI_STATE, 0.000664, 0.000674, 0.000010, 0.000000, PMPI_Barrier
State, "rank-66", MPI_STATE, 0.000678, 0.000761, 0.000083, 0.000000, PMPI_Recv
State, "rank-66", MPI_STATE, 0.000763, 0.000763, 0.000000, 0.000000, PMPI_Isend
State, "rank-66", MPI_STATE, 0.000765, 0.000765, 0.000000, 0.000000, PMPI_Waitall
State, "rank-66", MPI_STATE, 0.000770, 0.000770, 0.000000, 0.000000, PMPI_Reduce
State, "rank-66", MPI_STATE, 0.000772, 0.000772, 0.000000, 0.000000, PMPI_Reduce
State, "rank-66", MPI_STATE, 0.000774, 0.000866, 0.000092, 0.000000, PMPI_Barrier
State, "rank-66", MPI_STATE, 0.000868, 0.000868, 0.000000, 0.000000, PMPI_Finalize
State, "rank-65", MPI_STATE, 0.000000, 0.000000, 0.000000, 0.000000, PMPI_Init
State, "rank-65", MPI_STATE, 0.000077, 0.000656, 0.000579, 0.000000, PMPI_Bcast
State, "rank-65", MPI_STATE, 0.000658, 0.000661, 0.000003, 0.000000, PMPI_Bcast
State, "rank-65", MPI_STATE, 0.000665, 0.000674, 0.000009, 0.000000, PMPI_Barrier
State, "rank-65", MPI_STATE, 0.000678, 0.000763, 0.000085, 0.000000, PMPI_Recv
State, "rank-65", MPI_STATE, 0.000765, 0.000765, 0.000000, 0.000000, PMPI_Isend
State, "rank-65", MPI_STATE, 0.000767, 0.000767, 0.000000, 0.000000, PMPI_Waitall
State, "rank-65", MPI_STATE, 0.000774, 0.000774, 0.000000, 0.000000, PMPI_Reduce
State, "rank-65", MPI_STATE, 0.000776, 0.000776, 0.000000, 0.000000, PMPI_Reduce
State, "rank-65", MPI_STATE, 0.000777, 0.000866, 0.000089, 0.000000, PMPI_Barrier
State, "rank-65", MPI_STATE, 0.000868, 0.000868, 0.000000, 0.000000, PMPI_Finalize
State, "rank-64", MPI_STATE, 0.000000, 0.000000, 0.000000, 0.000000, PMPI_Init
State, "rank-64", MPI_STATE, 0.000133, 0.000656, 0.000523, 0.000000, PMPI_Bcast
State, "rank-64", MPI_STATE, 0.000660, 0.000661, 0.000001, 0.000000, PMPI_Bcast
State, "rank-64", MPI_STATE, 0.000664, 0.000674, 0.000010, 0.000000, PMPI_Barrier
State, "rank-64", MPI_STATE, 0.000678, 0.000754, 0.000076, 0.000000, PMPI_Recv
State, "rank-64", MPI_STATE, 0.000755, 0.000755, 0.000000, 0.000000, PMPI_Isend
State, "rank-64", MPI_STATE, 0.000757, 0.000757, 0.000000, 0.000000, PMPI_Waitall
State, "rank-64", MPI_STATE, 0.000762, 0.000762, 0.000000, 0.000000, PMPI_Reduce
State, "rank-64", MPI_STATE, 0.000763, 0.000763, 0.000000, 0.000000, PMPI_Reduce
State, "rank-64", MPI_STATE, 0.000764, 0.000865, 0.000101, 0.000000, PMPI_Barrier
State, "rank-64", MPI_STATE, 0.000868, 0.000868, 0.000000, 0.000000, PMPI_Finalize
State, "rank-63", MPI_STATE, 0.000000, 0.000000, 0.000000, 0.000000, PMPI_Init
State, "rank-63", MPI_STATE, 0.000072, 0.000659, 0.000587, 0.000000, PMPI_Bcast
State, "rank-63", MPI_STATE, 0.000661, 0.000664, 0.000003, 0.000000, PMPI_Bcast
State, "rank-63", MPI_STATE, 0.000669, 0.000677, 0.000008, 0.000000, PMPI_Barrier
State, "rank-63", MPI_STATE, 0.000681, 0.000755, 0.000074, 0.000000, PMPI_Recv
State, "rank-63", MPI_STATE, 0.000757, 0.000757, 0.000000, 0.000000, PMPI_Isend
State, "rank-63", MPI_STATE, 0.000759, 0.000759, 0.000000, 0.000000, PMPI_Isend
State, "rank-63", MPI_STATE, 0.000761, 0.000761, 0.000000, 0.000000, PMPI_Waitall
State, "rank-63", MPI_STATE, 0.000766, 0.000766, 0.000000, 0.000000, PMPI_Reduce
State, "rank-63", MPI_STATE, 0.000768, 0.000768, 0.000000, 0.000000, PMPI_Reduce
State, "rank-63", MPI_STATE, 0.000769, 0.000868, 0.000099, 0.000000, PMPI_Barrier
State, "rank-63", MPI_STATE, 0.000870, 0.000870, 0.000000, 0.000000, PMPI_Finalize
State, "rank-62", MPI_STATE, 0.000000, 0.000000, 0.000000, 0.000000, PMPI_Init
State, "rank-62", MPI_STATE, 0.000070, 0.000658, 0.000588, 0.000000, PMPI_Bcast
State, "rank-62", MPI_STATE, 0.000660, 0.000663, 0.000003, 0.000000, PMPI_Bcast
State, "rank-62", MPI_STATE, 0.000667, 0.000677, 0.000010, 0.000000, PMPI_Barrier
State, "rank-62", MPI_STATE, 0.000680, 0.000758, 0.000078, 0.000000, PMPI_Recv
State, "rank-62", MPI_STATE, 0.000760, 0.000760, 0.000000, 0.000000, PMPI_Isend
State, "rank-62", MPI_STATE, 0.000762, 0.000762, 0.000000, 0.000000, PMPI_Waitall
State, "rank-62", MPI_STATE, 0.000766, 0.000766, 0.000000, 0.000000, PMPI_Reduce
State, "rank-62", MPI_STATE, 0.000768, 0.000768, 0.000000, 0.000000, PMPI_Reduce
State, "rank-62", MPI_STATE, 0.000769, 0.000868, 0.000099, 0.000000, PMPI_Barrier
State, "rank-62", MPI_STATE, 0.000870, 0.000870, 0.000000, 0.000000, PMPI_Finalize
State, "rank-61", MPI_STATE, 0.000000, 0.000000, 0.000000, 0.000000, PMPI_Init
State, "rank-61", MPI_STATE, 0.000084, 0.000658, 0.000574, 0.000000, PMPI_Bcast
State, "rank-61", MPI_STATE, 0.000661, 0.000663, 0.000002, 0.000000, PMPI_Bcast
State, "rank-61", MPI_STATE, 0.000666, 0.000676, 0.000010, 0.000000, PMPI_Barrier
State, "rank-61", MPI_STATE, 0.000680, 0.000762, 0.000082, 0.000000, PMPI_Recv
State, "rank-61", MPI_STATE, 0.000765, 0.000765, 0.000000, 0.000000, PMPI_Isend
State, "rank-61", MPI_STATE, 0.000767, 0.000767, 0.000000, 0.000000, PMPI_Waitall
State, "rank-61", MPI_STATE, 0.000772, 0.000772, 0.000000, 0.000000, PMPI_Reduce
State, "rank-61", MPI_STATE, 0.000774, 0.000774, 0.000000, 0.000000, PMPI_Reduce
State, "rank-61", MPI_STATE, 0.000776, 0.000868, 0.000092, 0.000000, PMPI_Barrier
State, "rank-61", MPI_STATE, 0.000870, 0.000870, 0.000000, 0.000000, PMPI_Finalize
State, "rank-60", MPI_STATE, 0.000000, 0.000000, 0.000000, 0.000000, PMPI_Init
State, "rank-60", MPI_STATE, 0.000071, 0.000658, 0.000587, 0.000000, PMPI_Bcast
State, "rank-60", MPI_STATE, 0.000662, 0.000663, 0.000001, 0.000000, PMPI_Bcast
State, "rank-60", MPI_STATE, 0.000666, 0.000676, 0.000010, 0.000000, PMPI_Barrier
State, "rank-60", MPI_STATE, 0.000679, 0.000759, 0.000080, 0.000000, PMPI_Recv
State, "rank-60", MPI_STATE, 0.000763, 0.000763, 0.000000, 0.000000, PMPI_Reduce
State, "rank-60", MPI_STATE, 0.000765, 0.000765, 0.000000, 0.000000, PMPI_Reduce
State, "rank-60", MPI_STATE, 0.000766, 0.000868, 0.000102, 0.000000, PMPI_Barrier
State, "rank-60", MPI_STATE, 0.000870, 0.000870, 0.000000, 0.000000, PMPI_Finalize
State, "rank-59", MPI_STATE, 0.000000, 0.000000, 0.000000, 0.000000, PMPI_Init
State, "rank-59", MPI_STATE, 0.000073, 0.000658, 0.000585, 0.000000, PMPI_Bcast
State, "rank-59", MPI_STATE, 0.000661, 0.000662, 0.000001, 0.000000, PMPI_Bcast
State, "rank-59", MPI_STATE, 0.000664, 0.000676, 0.000012, 0.000000, PMPI_Barrier
State, "rank-59", MPI_STATE, 0.000680, 0.000755, 0.000075, 0.000000, PMPI_Recv
State, "rank-59", MPI_STATE, 0.000760, 0.000760, 0.000000, 0.000000, PMPI_Reduce
State, "rank-59", MPI_STATE, 0.000762, 0.000762, 0.000000, 0.000000, PMPI_Reduce
State, "rank-59", MPI_STATE, 0.000763, 0.000868, 0.000105, 0.000000, PMPI_Barrier
State, "rank-59", MPI_STATE, 0.000870, 0.000870, 0.000000, 0.000000, PMPI_Finalize
State, "rank-5", MPI_STATE, 0.000000, 0.000000, 0.000000, 0.000000, PMPI_Init
State, "rank-5", MPI_STATE, 0.000061, 0.000656, 0.000595, 0.000000, PMPI_Bcast
State, "rank-5", MPI_STATE, 0.000660, 0.000661, 0.000001, 0.000000, PMPI_Bcast
State, "rank-5", MPI_STATE, 0.000664, 0.000674, 0.000010, 0.000000, PMPI_Barrier
State, "rank-5", MPI_STATE, 0.000678, 0.000751, 0.000073, 0.000000, PMPI_Recv
State, "rank-5", MPI_STATE, 0.000753, 0.000753, 0.000000, 0.000000, PMPI_Isend
State, "rank-5", MPI_STATE, 0.000755, 0.000755, 0.000000, 0.000000, PMPI_Waitall
State, "rank-5", MPI_STATE, 0.000759, 0.000759, 0.000000, 0.000000, PMPI_Reduce
State, "rank-5", MPI_STATE, 0.000762, 0.000762, 0.000000, 0.000000, PMPI_Reduce
State, "rank-5", MPI_STATE, 0.000763, 0.000866, 0.000103, 0.000000, PMPI_Barrier
State, "rank-5", MPI_STATE, 0.000868, 0.000868, 0.000000, 0.000000, PMPI_Finalize
State, "rank-58", MPI_STATE, 0.000000, 0.000000, 0.000000, 0.000000, PMPI_Init
State, "rank-58", MPI_STATE, 0.000070, 0.000658, 0.000588, 0.000000, PMPI_Bcast
State, "rank-58", MPI_STATE, 0.000660, 0.000662, 0.000002, 0.000000, PMPI_Bcast
State, "rank-58", MPI_STATE, 0.000664, 0.000676, 0.000012, 0.000000, PMPI_Barrier
State, "rank-58", MPI_STATE, 0.000680, 0.000762, 0.000082, 0.000000, PMPI_Recv
State, "rank-58", MPI_STATE, 0.000767, 0.000767, 0.000000, 0.000000, PMPI_Reduce
State, "rank-58", MPI_STATE, 0.000768, 0.000768, 0.000000, 0.000000, PMPI_Reduce
State, "rank-58", MPI_STATE, 0.000770, 0.000867, 0.000097, 0.000000, PMPI_Barrier
State, "rank-58", MPI_STATE, 0.000873, 0.000873, 0.000000, 0.000000, PMPI_Finalize
State, "rank-57", MPI_STATE, 0.000000, 0.000000, 0.000000, 0.000000, PMPI_Init
State, "rank-57", MPI_STATE, 0.000071, 0.000657, 0.000586, 0.000000, PMPI_Bcast
State, "rank-57", MPI_STATE, 0.000659, 0.000662, 0.000003, 0.000000, PMPI_Bcast
State, "rank-57", MPI_STATE, 0.000665, 0.000676, 0.000011, 0.000000, PMPI_Barrier
State, "rank-57", MPI_STATE, 0.000679, 0.000765, 0.000086, 0.000000, PMPI_Recv
State, "rank-57", MPI_STATE, 0.000772, 0.000772, 0.000000, 0.000000, PMPI_Reduce
State, "rank-57", MPI_STATE, 0.000774, 0.000774, 0.000000, 0.000000, PMPI_Reduce
State, "rank-57", MPI_STATE, 0.000775, 0.000867, 0.000092, 0.000000, PMPI_Barrier
State, "rank-57", MPI_STATE, 0.000870, 0.000870, 0.000000, 0.000000, PMPI_Finalize
State, "rank-56", MPI_STATE, 0.000000, 0.000000, 0.000000, 0.000000, PMPI_Init
State, "rank-56", MPI_STATE, 0.000073, 0.000657, 0.000584, 0.000000, PMPI_Bcast
State, "rank-56", MPI_STATE, 0.000659, 0.000662, 0.000003, 0.000000, PMPI_Bcast
State, "rank-56", MPI_STATE, 0.000665, 0.000675, 0.000010, 0.000000, PMPI_Barrier
State, "rank-56", MPI_STATE, 0.000679, 0.000762, 0.000083, 0.000000, PMPI_Recv
State, "rank-56", MPI_STATE, 0.000767, 0.000767, 0.000000, 0.000000, PMPI_Reduce
State, "rank-56", MPI_STATE, 0.000769, 0.000769, 0.000000, 0.000000, PMPI_Reduce
State, "rank-56", MPI_STATE, 0.000771, 0.000867, 0.000096, 0.000000, PMPI_Barrier
State, "rank-56", MPI_STATE, 0.000869, 0.000869, 0.000000, 0.000000, PMPI_Finalize
State, "rank-55", MPI_STATE, 0.000000, 0.000000, 0.000000, 0.000000, PMPI_Init
State, "rank-55", MPI_STATE, 0.000075, 0.000657, 0.000582, 0.000000, PMPI_Bcast
State, "rank-55", MPI_STATE, 0.000660, 0.000664, 0.000004, 0.000000, PMPI_Bcast
State, "rank-55", MPI_STATE, 0.000667, 0.000675, 0.000008, 0.000000, PMPI_Barrier
State, "rank-55", MPI_STATE, 0.000679, 0.000764, 0.000085, 0.000000, PMPI_Recv
State, "rank-55", MPI_STATE, 0.000771, 0.000771, 0.000000, 0.000000, PMPI_Reduce
State, "rank-55", MPI_STATE, 0.000773, 0.000773, 0.000000, 0.000000, PMPI_Reduce
State, "rank-55", MPI_STATE, 0.000775, 0.000867, 0.000092, 0.000000, PMPI_Barrier
State, "rank-55", MPI_STATE, 0.000869, 0.000869, 0.000000, 0.000000, PMPI_Finalize
State, "rank-54", MPI_STATE, 0.000000, 0.000000, 0.000000, 0.000000, PMPI_Init
State, "rank-54", MPI_STATE, 0.000078, 0.000657, 0.000579, 0.000000, PMPI_Bcast
State, "rank-54", MPI_STATE, 0.000660, 0.000664, 0.000004, 0.000000, PMPI_Bcast
State, "rank-54", MPI_STATE, 0.000666, 0.000675, 0.000009, 0.000000, PMPI_Barrier
State, "rank-54", MPI_STATE, 0.000679, 0.000759, 0.000080, 0.000000, PMPI_Recv
State, "rank-54", MPI_STATE, 0.000764, 0.000764, 0.000000, 0.000000, PMPI_Reduce
State, "rank-54", MPI_STATE, 0.000766, 0.000766, 0.000000, 0.000000, PMPI_Reduce
State, "rank-54", MPI_STATE, 0.000767, 0.000867, 0.000100, 0.000000, PMPI_Barrier
State, "rank-54", MPI_STATE, 0.000869, 0.000869, 0.000000, 0.000000, PMPI_Finalize
State, "rank-53", MPI_STATE, 0.000000, 0.000000, 0.000000, 0.000000, PMPI_Init
State, "rank-53", MPI_STATE, 0.000077, 0.000657, 0.000580, 0.000000, PMPI_Bcast
State, "rank-53", MPI_STATE, 0.000663, 0.000664, 0.000001, 0.000000, PMPI_Bcast
State, "rank-53", MPI_STATE, 0.000667, 0.000675, 0.000008, 0.000000, PMPI_Barrier
State, "rank-53", MPI_STATE, 0.000679, 0.000760, 0.000081, 0.000000, PMPI_Recv
State, "rank-53", MPI_STATE, 0.000765, 0.000765, 0.000000, 0.000000, PMPI_Reduce
State, "rank-53", MPI_STATE, 0.000767, 0.000767, 0.000000, 0.000000, PMPI_Reduce
State, "rank-53", MPI_STATE, 0.000769, 0.000866, 0.000097, 0.000000, PMPI_Barrier
State, "rank-53", MPI_STATE, 0.000868, 0.000868, 0.000000, 0.000000, PMPI_Finalize
State, "rank-52", MPI_STATE, 0.000000, 0.000000, 0.000000, 0.000000, PMPI_Init
State, "rank-52", MPI_STATE, 0.000074, 0.000656, 0.000582, 0.000000, PMPI_Bcast
State, "rank-52", MPI_STATE, 0.000662, 0.000663, 0.000001, 0.000000, PMPI_Bcast
State, "rank-52", MPI_STATE, 0.000665, 0.000675, 0.000010, 0.000000, PMPI_Barrier
State, "rank-52", MPI_STATE, 0.000678, 0.000759, 0.000081, 0.000000, PMPI_Recv
State, "rank-52", MPI_STATE, 0.000764, 0.000764, 0.000000, 0.000000, PMPI_Reduce
State, "rank-52", MPI_STATE, 0.000765, 0.000765, 0.000000, 0.000000, PMPI_Reduce
State, "rank-52", MPI_STATE, 0.000766, 0.000866, 0.000100, 0.000000, PMPI_Barrier
State, "rank-52", MPI_STATE, 0.000868, 0.000868, 0.000000, 0.000000, PMPI_Finalize
State, "rank-51", MPI_STATE, 0.000000, 0.000000, 0.000000, 0.000000, PMPI_Init
State, "rank-51", MPI_STATE, 0.000089, 0.000656, 0.000567, 0.000000, PMPI_Bcast
State, "rank-51", MPI_STATE, 0.000662, 0.000663, 0.000001, 0.000000, PMPI_Bcast
State, "rank-51", MPI_STATE, 0.000666, 0.000674, 0.000008, 0.000000, PMPI_Barrier
State, "rank-51", MPI_STATE, 0.000677, 0.000758, 0.000081, 0.000000, PMPI_Recv
State, "rank-51", MPI_STATE, 0.000760, 0.000760, 0.000000, 0.000000, PMPI_Isend
State, "rank-51", MPI_STATE, 0.000761, 0.000761, 0.000000, 0.000000, PMPI_Waitall
State, "rank-51", MPI_STATE, 0.000768, 0.000768, 0.000000, 0.000000, PMPI_Reduce
State, "rank-51", MPI_STATE, 0.000770, 0.000770, 0.000000, 0.000000, PMPI_Reduce
State, "rank-51", MPI_STATE, 0.000772, 0.000866, 0.000094, 0.000000, PMPI_Barrier
State, "rank-51", MPI_STATE, 0.000868, 0.000868, 0.000000, 0.000000, PMPI_Finalize
State, "rank-50", MPI_STATE, 0.000000, 0.000000, 0.000000, 0.000000, PMPI_Init
State, "rank-50", MPI_STATE, 0.000079, 0.000656, 0.000577, 0.000000, PMPI_Bcast
State, "rank-50", MPI_STATE, 0.000659, 0.000660, 0.000001, 0.000000, PMPI_Bcast
State, "rank-50", MPI_STATE, 0.000663, 0.000674, 0.000011, 0.000000, PMPI_Barrier
State, "rank-50", MPI_STATE, 0.000678, 0.000752, 0.000074, 0.000000, PMPI_Recv
State, "rank-50", MPI_STATE, 0.000753, 0.000753, 0.000000, 0.000000, PMPI_Isend
State, "rank-50", MPI_STATE, 0.000755, 0.000755, 0.000000, 0.000000, PMPI_Waitall
State, "rank-50", MPI_STATE, 0.000760, 0.000760, 0.000000, 0.000000, PMPI_Reduce
State, "rank-50", MPI_STATE, 0.000762, 0.000762, 0.000000, 0.000000, PMPI_Reduce
State, "rank-50", MPI_STATE, 0.000763, 0.000866, 0.000103, 0.000000, PMPI_Barrier
State, "rank-50", MPI_STATE, 0.000869, 0.000869, 0.000000, 0.000000, PMPI_Finalize
State, "rank-49", MPI_STATE, 0.000000, 0.000000, 0.000000, 0.000000, PMPI_Init
State, "rank-49", MPI_STATE, 0.000082, 0.000656, 0.000574, 0.000000, PMPI_Bcast
State, "rank-49", MPI_STATE, 0.000658, 0.000660, 0.000002, 0.000000, PMPI_Bcast
State, "rank-49", MPI_STATE, 0.000664, 0.000674, 0.000010, 0.000000, PMPI_Barrier
State, "rank-49", MPI_STATE, 0.000678, 0.000761, 0.000083, 0.000000, PMPI_Recv
State, "rank-49", MPI_STATE, 0.000763, 0.000763, 0.000000, 0.000000, PMPI_Isend
State, "rank-49", MPI_STATE, 0.000766, 0.000766, 0.000000, 0.000000, PMPI_Isend
State, "rank-49", MPI_STATE, 0.000768, 0.000768, 0.000000, 0.000000, PMPI_Waitall
State, "rank-49", MPI_STATE, 0.000773, 0.000773, 0.000000, 0.000000, PMPI_Reduce
State, "rank-49", MPI_STATE, 0.000776, 0.000776, 0.000000, 0.000000, PMPI_Reduce
State, "rank-49", MPI_STATE, 0.000779, 0.000865, 0.000086, 0.000000, PMPI_Barrier
State, "rank-49", MPI_STATE, 0.000867, 0.000867, 0.000000, 0.000000, PMPI_Finalize
State, "rank-4", MPI_STATE, 0.000000, 0.000000, 0.000000, 0.000000, PMPI_Init
State, "rank-4", MPI_STATE, 0.000064, 0.000656, 0.000592, 0.000000, PMPI_Bcast
State, "rank-4", MPI_STATE, 0.000660, 0.000661, 0.000001, 0.000000, PMPI_Bcast
State, "rank-4", MPI_STATE, 0.000665, 0.000674, 0.000009, 0.000000, PMPI_Barrier
State, "rank-4", MPI_STATE, 0.000678, 0.000751, 0.000073, 0.000000, PMPI_Recv
State, "rank-4", MPI_STATE, 0.000753, 0.000753, 0.000000, 0.000000, PMPI_Isend
State, "rank-4", MPI_STATE, 0.000756, 0.000756, 0.000000, 0.000000, PMPI_Isend
State, "rank-4", MPI_STATE, 0.000758, 0.000758, 0.000000, 0.000000, PMPI_Waitall
State, "rank-4", MPI_STATE, 0.000764, 0.000764, 0.000000, 0.000000, PMPI_Reduce
State, "rank-4", MPI_STATE, 0.000766, 0.000766, 0.000000, 0.000000, PMPI_Reduce
State, "rank-4", MPI_STATE, 0.000768, 0.000865, 0.000097, 0.000000, PMPI_Barrier
State, "rank-4", MPI_STATE, 0.000867, 0.000867, 0.000000, 0.000000, PMPI_Finalize
State, "rank-48", MPI_STATE, 0.000000, 0.000000, 0.000000, 0.000000, PMPI_Init
State, "rank-48", MPI_STATE, 0.000102, 0.000656, 0.000554, 0.000000, PMPI_Bcast
State, "rank-48", MPI_STATE, 0.000660, 0.000660, 0.000000, 0.000000, PMPI_Bcast
State, "rank-48", MPI_STATE, 0.000664, 0.000674, 0.000010, 0.000000, PMPI_Barrier
State, "rank-48", MPI_STATE, 0.000677, 0.000751, 0.000074, 0.000000, PMPI_Recv
State, "rank-48", MPI_STATE, 0.000753, 0.000753, 0.000000, 0.000000, PMPI_Isend
State, "rank-48", MPI_STATE, 0.000755, 0.000755, 0.000000, 0.000000, PMPI_Isend
State, "rank-48", MPI_STATE, 0.000757, 0.000757, 0.000000, 0.000000, PMPI_Waitall
State, "rank-48", MPI_STATE, 0.000763, 0.000763, 0.000000, 0.000000, PMPI_Reduce
State, "rank-48", MPI_STATE, 0.000765, 0.000765, 0.000000, 0.000000, PMPI_Reduce
State, "rank-48", MPI_STATE, 0.000766, 0.000865, 0.000099, 0.000000, PMPI_Barrier
State, "rank-48", MPI_STATE, 0.000868, 0.000868, 0.000000, 0.000000, PMPI_Finalize
State, "rank-47", MPI_STATE, 0.000000, 0.000000, 0.000000, 0.000000, PMPI_Init
State, "rank-47", MPI_STATE, 0.000071, 0.000658, 0.000587, 0.000000, PMPI_Bcast
State, "rank-47", MPI_STATE, 0.000660, 0.000663, 0.000003, 0.000000, PMPI_Bcast
State, "rank-47", MPI_STATE, 0.000666, 0.000677, 0.000011, 0.000000, PMPI_Barrier
State, "rank-47", MPI_STATE, 0.000681, 0.000748, 0.000067, 0.000000, PMPI_Recv
State, "rank-47", MPI_STATE, 0.000750, 0.000750, 0.000000, 0.000000, PMPI_Isend
State, "rank-47", MPI_STATE, 0.000752, 0.000752, 0.000000, 0.000000, PMPI_Waitall
State, "rank-47", MPI_STATE, 0.000762, 0.000762, 0.000000, 0.000000, PMPI_Reduce
State, "rank-47", MPI_STATE, 0.000764, 0.000764, 0.000000, 0.000000, PMPI_Reduce
State, "rank-47", MPI_STATE, 0.000765, 0.000868, 0.000103, 0.000000, PMPI_Barrier
State, "rank-47", MPI_STATE, 0.000870, 0.000870, 0.000000, 0.000000, PMPI_Finalize
State, "rank-46", MPI_STATE, 0.000000, 0.000000, 0.000000, 0.000000, PMPI_Init
State, "rank-46", MPI_STATE, 0.000078, 0.000658, 0.000580, 0.000000, PMPI_Bcast
State, "rank-46", MPI_STATE, 0.000662, 0.000663, 0.000001, 0.000000, PMPI_Bcast
State, "rank-46", MPI_STATE, 0.000666, 0.000676, 0.000010, 0.000000, PMPI_Barrier
State, "rank-46", MPI_STATE, 0.000679, 0.000755, 0.000076, 0.000000, PMPI_Recv
State, "rank-46", MPI_STATE, 0.000757, 0.000757, 0.000000, 0.000000, PMPI_Isend
State, "rank-46", MPI_STATE, 0.000758, 0.000758, 0.000000, 0.000000, PMPI_Waitall
State, "rank-46", MPI_STATE, 0.000765, 0.000765, 0.000000, 0.000000, PMPI_Reduce
State, "rank-46", MPI_STATE, 0.000768, 0.000768, 0.000000, 0.000000, PMPI_Reduce
State, "rank-46", MPI_STATE, 0.000771, 0.000868, 0.000097, 0.000000, PMPI_Barrier
State, "rank-46", MPI_STATE, 0.000870, 0.000870, 0.000000, 0.000000, PMPI_Finalize
State, "rank-45", MPI_STATE, 0.000000, 0.000000, 0.000000, 0.000000, PMPI_Init
State, "rank-45", MPI_STATE, 0.000077, 0.000658, 0.000581, 0.000000, PMPI_Bcast
State, "rank-45", MPI_STATE, 0.000661, 0.000662, 0.000001, 0.000000, PMPI_Bcast
State, "rank-45", MPI_STATE, 0.000664, 0.000676, 0.000012, 0.000000, PMPI_Barrier
State, "rank-45", MPI_STATE, 0.000680, 0.000829, 0.000149, 0.000000, PMPI_Recv
State, "rank-45", MPI_STATE, 0.000835, 0.000835, 0.000000, 0.000000, PMPI_Reduce
State, "rank-45", MPI_STATE, 0.000837, 0.000837, 0.000000, 0.000000, PMPI_Reduce
State, "rank-45", MPI_STATE, 0.000838, 0.000868, 0.000030, 0.000000, PMPI_Barrier
State, "rank-45", MPI_STATE, 0.000870, 0.000870, 0.000000, 0.000000, PMPI_Finalize
State, "rank-44", MPI_STATE, 0.000000, 0.000000, 0.000000, 0.000000, PMPI_Init
State, "rank-44", MPI_STATE, 0.000076, 0.000658, 0.000582, 0.000000, PMPI_Bcast
State, "rank-44", MPI_STATE, 0.000660, 0.000662, 0.000002, 0.000000, PMPI_Bcast
State, "rank-44", MPI_STATE, 0.000664, 0.000676, 0.000012, 0.000000, PMPI_Barrier
State, "rank-44", MPI_STATE, 0.000679, 0.000757, 0.000078, 0.000000, PMPI_Recv
State, "rank-44", MPI_STATE, 0.000761, 0.000761, 0.000000, 0.000000, PMPI_Reduce
State, "rank-44", MPI_STATE, 0.000763, 0.000763, 0.000000, 0.000000, PMPI_Reduce
State, "rank-44", MPI_STATE, 0.000764, 0.000868, 0.000104, 0.000000, PMPI_Barrier
State, "rank-44", MPI_STATE, 0.000870, 0.000870, 0.000000, 0.000000, PMPI_Finalize
State, "rank-43", MPI_STATE, 0.000000, 0.000000, 0.000000, 0.000000, PMPI_Init
State, "rank-43", MPI_STATE, 0.000073, 0.000658, 0.000585, 0.000000, PMPI_Bcast
State, "rank-43", MPI_STATE, 0.000662, 0.000662, 0.000000, 0.000000, PMPI_Bcast
State, "rank-43", MPI_STATE, 0.000666, 0.000676, 0.000010, 0.000000, PMPI_Barrier
State, "rank-43", MPI_STATE, 0.000679, 0.000768, 0.000089, 0.000000, PMPI_Recv
State, "rank-43", MPI_STATE, 0.000774, 0.000774, 0.000000, 0.000000, PMPI_Reduce
State, "rank-43", MPI_STATE, 0.000776, 0.000776, 0.000000, 0.000000, PMPI_Reduce
State, "rank-43", MPI_STATE, 0.000777, 0.000867, 0.000090, 0.000000, PMPI_Barrier
State, "rank-43", MPI_STATE, 0.000869, 0.000869, 0.000000, 0.000000, PMPI_Finalize
State, "rank-42", MPI_STATE, 0.000000, 0.000000, 0.000000, 0.000000, PMPI_Init
State, "rank-42", MPI_STATE, 0.000077, 0.000657, 0.000580, 0.000000, PMPI_Bcast
State, "rank-42", MPI_STATE, 0.000659, 0.000662, 0.000003, 0.000000, PMPI_Bcast
State, "rank-42", MPI_STATE, 0.000664, 0.000676, 0.000012, 0.000000, PMPI_Barrier
State, "rank-42", MPI_STATE, 0.000680, 0.000762, 0.000082, 0.000000, PMPI_Recv
State, "rank-42", MPI_STATE, 0.000767, 0.000767, 0.000000, 0.000000, PMPI_Reduce
State, "rank-42", MPI_STATE, 0.000768, 0.000768, 0.000000, 0.000000, PMPI_Reduce
State, "rank-42", MPI_STATE, 0.000769, 0.000867, 0.000098, 0.000000, PMPI_Barrier
State, "rank-42", MPI_STATE, 0.000869, 0.000869, 0.000000, 0.000000, PMPI_Finalize
State, "rank-41", MPI_STATE, 0.000000, 0.000000, 0.000000, 0.000000, PMPI_Init
State, "rank-41", MPI_STATE, 0.000081, 0.000657, 0.000576, 0.000000, PMPI_Bcast
State, "rank-41", MPI_STATE, 0.000660, 0.000662, 0.000002, 0.000000, PMPI_Bcast
State, "rank-41", MPI_STATE, 0.000665, 0.000675, 0.000010, 0.000000, PMPI_Barrier
State, "rank-41", MPI_STATE, 0.000679, 0.000767, 0.000088, 0.000000, PMPI_Recv
State, "rank-41", MPI_STATE, 0.000773, 0.000773, 0.000000, 0.000000, PMPI_Reduce
State, "rank-41", MPI_STATE, 0.000774, 0.000774, 0.000000, 0.000000, PMPI_Reduce
State, "rank-41", MPI_STATE, 0.000776, 0.000867, 0.000091, 0.000000, PMPI_Barrier
State, "rank-41", MPI_STATE, 0.000869, 0.000869, 0.000000, 0.000000, PMPI_Finalize
State, "rank-40", MPI_STATE, 0.000000, 0.000000, 0.000000, 0.000000, PMPI_Init
State, "rank-40", MPI_STATE, 0.000074, 0.000657, 0.000583, 0.000000, PMPI_Bcast
State, "rank-40", MPI_STATE, 0.000659, 0.000661, 0.000002, 0.000000, PMPI_Bcast
State, "rank-40", MPI_STATE, 0.000663, 0.000675, 0.000012, 0.000000, PMPI_Barrier
State, "rank-40", MPI_STATE, 0.000679, 0.000764, 0.000085, 0.000000, PMPI_Recv
State, "rank-40", MPI_STATE, 0.000769, 0.000769, 0.000000, 0.000000, PMPI_Reduce
State, "rank-40", MPI_STATE, 0.000771, 0.000771, 0.000000, 0.000000, PMPI_Reduce
State, "rank-40", MPI_STATE, 0.000773, 0.000867, 0.000094, 0.000000, PMPI_Barrier
State, "rank-40", MPI_STATE, 0.000870, 0.000870, 0.000000, 0.000000, PMPI_Finalize
State, "rank-39", MPI_STATE, 0.000000, 0.000000, 0.000000, 0.000000, PMPI_Init
State, "rank-39", MPI_STATE, 0.000072, 0.000657, 0.000585, 0.000000, PMPI_Bcast
State, "rank-39", MPI_STATE, 0.000662, 0.000662, 0.000000, 0.000000, PMPI_Bcast
State, "rank-39", MPI_STATE, 0.000664, 0.000675, 0.000011, 0.000000, PMPI_Barrier
State, "rank-39", MPI_STATE, 0.000679, 0.000760, 0.000081, 0.000000, PMPI_Recv
State, "rank-39", MPI_STATE, 0.000769, 0.000769, 0.000000, 0.000000, PMPI_Reduce
State, "rank-39", MPI_STATE, 0.000772, 0.000772, 0.000000, 0.000000, PMPI_Reduce
State, "rank-39", MPI_STATE, 0.000774, 0.000867, 0.000093, 0.000000, PMPI_Barrier
State, "rank-39", MPI_STATE, 0.000869, 0.000869, 0.000000, 0.000000, PMPI_Finalize
State, "rank-3", MPI_STATE, 0.000000, 0.000000, 0.000000, 0.000000, PMPI_Init
State, "rank-3", MPI_STATE, 0.000068, 0.000656, 0.000588, 0.000000, PMPI_Bcast
State, "rank-3", MPI_STATE, 0.000660, 0.000660, 0.000000, 0.000000, PMPI_Bcast
State, "rank-3", MPI_STATE, 0.000664, 0.000674, 0.000010, 0.000000, PMPI_Barrier
State, "rank-3", MPI_STATE, 0.000819, 0.000822, 0.000003, 0.000000, PMPI_Recv
State, "rank-3", MPI_STATE, 0.000825, 0.000825, 0.000000, 0.000000, PMPI_Isend
State, "rank-3", MPI_STATE, 0.000826, 0.000826, 0.000000, 0.000000, PMPI_Isend
State, "rank-3", MPI_STATE, 0.000827, 0.000827, 0.000000, 0.000000, PMPI_Isend
State, "rank-3", MPI_STATE, 0.000829, 0.000829, 0.000000, 0.000000, PMPI_Waitall
State, "rank-3", MPI_STATE, 0.000834, 0.000834, 0.000000, 0.000000, PMPI_Reduce
State, "rank-3", MPI_STATE, 0.000836, 0.000836, 0.000000, 0.000000, PMPI_Reduce
State, "rank-3", MPI_STATE, 0.000838, 0.000865, 0.000027, 0.000000, PMPI_Barrier
State, "rank-3", MPI_STATE, 0.000867, 0.000867, 0.000000, 0.000000, PMPI_Finalize
State, "rank-38", MPI_STATE, 0.000000, 0.000000, 0.000000, 0.000000, PMPI_Init
State, "rank-38", MPI_STATE, 0.000082, 0.000657, 0.000575, 0.000000, PMPI_Bcast
State, "rank-38", MPI_STATE, 0.000661, 0.000661, 0.000000, 0.000000, PMPI_Bcast
State, "rank-38", MPI_STATE, 0.000663, 0.000675, 0.000012, 0.000000, PMPI_Barrier
State, "rank-38", MPI_STATE, 0.000679, 0.000751, 0.000072, 0.000000, PMPI_Recv
State, "rank-38", MPI_STATE, 0.000758, 0.000758, 0.000000, 0.000000, PMPI_Reduce
State, "rank-38", MPI_STATE, 0.000760, 0.000760, 0.000000, 0.000000, PMPI_Reduce
State, "rank-38", MPI_STATE, 0.000761, 0.000866, 0.000105, 0.000000, PMPI_Barrier
State, "rank-38", MPI_STATE, 0.000868, 0.000868, 0.000000, 0.000000, PMPI_Finalize
State, "rank-37", MPI_STATE, 0.000000, 0.000000, 0.000000, 0.000000, PMPI_Init
State, "rank-37", MPI_STATE, 0.000081, 0.000656, 0.000575, 0.000000, PMPI_Bcast
State, "rank-37", MPI_STATE, 0.000659, 0.000661, 0.000002, 0.000000, PMPI_Bcast
State, "rank-37", MPI_STATE, 0.000665, 0.000675, 0.000010, 0.000000, PMPI_Barrier
State, "rank-37", MPI_STATE, 0.000679, 0.000754, 0.000075, 0.000000, PMPI_Recv
State, "rank-37", MPI_STATE, 0.000760, 0.000760, 0.000000, 0.000000, PMPI_Reduce
State, "rank-37", MPI_STATE, 0.000762, 0.000762, 0.000000, 0.000000, PMPI_Reduce
State, "rank-37", MPI_STATE, 0.000763, 0.000866, 0.000103, 0.000000, PMPI_Barrier
State, "rank-37", MPI_STATE, 0.000873, 0.000873, 0.000000, 0.000000, PMPI_Finalize
State, "rank-36", MPI_STATE, 0.000000, 0.000000, 0.000000, 0.000000, PMPI_Init
State, "rank-36", MPI_STATE, 0.000076, 0.000656, 0.000580, 0.000000, PMPI_Bcast
State, "rank-36", MPI_STATE, 0.000658, 0.000661, 0.000003, 0.000000, PMPI_Bcast
State, "rank-36", MPI_STATE, 0.000664, 0.000674, 0.000010, 0.000000, PMPI_Barrier
State, "rank-36", MPI_STATE, 0.000678, 0.000750, 0.000072, 0.000000, PMPI_Recv
State, "rank-36", MPI_STATE, 0.000751, 0.000751, 0.000000, 0.000000, PMPI_Isend
State, "rank-36", MPI_STATE, 0.000753, 0.000753, 0.000000, 0.000000, PMPI_Waitall
State, "rank-36", MPI_STATE, 0.000759, 0.000759, 0.000000, 0.000000, PMPI_Reduce
State, "rank-36", MPI_STATE, 0.000760, 0.000760, 0.000000, 0.000000, PMPI_Reduce
State, "rank-36", MPI_STATE, 0.000761, 0.000866, 0.000105, 0.000000, PMPI_Barrier
State, "rank-36", MPI_STATE, 0.000868, 0.000868, 0.000000, 0.000000, PMPI_Finalize
State, "rank-35", MPI_STATE, 0.000000, 0.000000, 0.000000, 0.000000, PMPI_Init
State, "rank-35", MPI_STATE, 0.000079, 0.000656, 0.000577, 0.000000, PMPI_Bcast
State, "rank-35", MPI_STATE, 0.000662, 0.000662, 0.000000, 0.000000, PMPI_Bcast
State, "rank-35", MPI_STATE, 0.000666, 0.000674, 0.000008, 0.000000, PMPI_Barrier
State, "rank-35", MPI_STATE, 0.000678, 0.000759, 0.000081, 0.000000, PMPI_Recv
State, "rank-35", MPI_STATE, 0.000761, 0.000761, 0.000000, 0.000000, PMPI_Isend
State, "rank-35", MPI_STATE, 0.000762, 0.000762, 0.000000, 0.000000, PMPI_Waitall
State, "rank-35", MPI_STATE, 0.000769, 0.000769, 0.000000, 0.000000, PMPI_Reduce
State, "rank-35", MPI_STATE, 0.000770, 0.000770, 0.000000, 0.000000, PMPI_Reduce
State, "rank-35", MPI_STATE, 0.000772, 0.000866, 0.000094, 0.000000, PMPI_Barrier
State, "rank-35", MPI_STATE, 0.000868, 0.000868, 0.000000, 0.000000, PMPI_Finalize
State, "rank-34", MPI_STATE, 0.000000, 0.000000, 0.000000, 0.000000, PMPI_Init
State, "rank-34", MPI_STATE, 0.000073, 0.000656, 0.000583, 0.000000, PMPI_Bcast
State, "rank-34", MPI_STATE, 0.000660, 0.000660, 0.000000, 0.000000, PMPI_Bcast
State, "rank-34", MPI_STATE, 0.000664, 0.000674, 0.000010, 0.000000, PMPI_Barrier
State, "rank-34", MPI_STATE, 0.000677, 0.000749, 0.000072, 0.000000, PMPI_Recv
State, "rank-34", MPI_STATE, 0.000751, 0.000751, 0.000000, 0.000000, PMPI_Isend
State, "rank-34", MPI_STATE, 0.000752, 0.000752, 0.000000, 0.000000, PMPI_Isend
State, "rank-34", MPI_STATE, 0.000753, 0.000753, 0.000000, 0.000000, PMPI_Waitall
State, "rank-34", MPI_STATE, 0.000763, 0.000763, 0.000000, 0.000000, PMPI_Reduce
State, "rank-34", MPI_STATE, 0.000764, 0.000764, 0.000000, 0.000000, PMPI_Reduce
State, "rank-34", MPI_STATE, 0.000766, 0.000865, 0.000099, 0.000000, PMPI_Barrier
State, "rank-34", MPI_STATE, 0.000867, 0.000867, 0.000000, 0.000000, PMPI_Finalize
State, "rank-33", MPI_STATE, 0.000000, 0.000000, 0.000000, 0.000000, PMPI_Init
State, "rank-33", MPI_STATE, 0.000083, 0.000656, 0.000573, 0.000000, PMPI_Bcast
State, "rank-33", MPI_STATE, 0.000660, 0.000660, 0.000000, 0.000000, PMPI_Bcast
State, "rank-33", MPI_STATE, 0.000663, 0.000674, 0.000011, 0.000000, PMPI_Barrier
State, "rank-33", MPI_STATE, 0.000678, 0.000752, 0.000074, 0.000000, PMPI_Recv
State, "rank-33", MPI_STATE, 0.000753, 0.000753, 0.000000, 0.000000, PMPI_Isend
State, "rank-33", MPI_STATE, 0.000755, 0.000755, 0.000000, 0.000000, PMPI_Isend
State, "rank-33", MPI_STATE, 0.000757, 0.000757, 0.000000, 0.000000, PMPI_Waitall
State, "rank-33", MPI_STATE, 0.000766, 0.000766, 0.000000, 0.000000, PMPI_Reduce
State, "rank-33", MPI_STATE, 0.000769, 0.000769, 0.000000, 0.000000, PMPI_Reduce
State, "rank-33", MPI_STATE, 0.000770, 0.000865, 0.000095, 0.000000, PMPI_Barrier
State, "rank-33", MPI_STATE, 0.000867, 0.000867, 0.000000, 0.000000, PMPI_Finalize
State, "rank-32", MPI_STATE, 0.000000, 0.000000, 0.000000, 0.000000, PMPI_Init
State, "rank-32", MPI_STATE, 0.000072, 0.000655, 0.000583, 0.000000, PMPI_Bcast
State, "rank-32", MPI_STATE, 0.000659, 0.000660, 0.000001, 0.000000, PMPI_Bcast
State, "rank-32", MPI_STATE, 0.000664, 0.000673, 0.000009, 0.000000, PMPI_Barrier
State, "rank-32", MPI_STATE, 0.000678, 0.000750, 0.000072, 0.000000, PMPI_Recv
State, "rank-32", MPI_STATE, 0.000751, 0.000751, 0.000000, 0.000000, PMPI_Isend
State, "rank-32", MPI_STATE, 0.000753, 0.000753, 0.000000, 0.000000, PMPI_Isend
State, "rank-32", MPI_STATE, 0.000755, 0.000755, 0.000000, 0.000000, PMPI_Isend
State, "rank-32", MPI_STATE, 0.000757, 0.000757, 0.000000, 0.000000, PMPI_Waitall
State, "rank-32", MPI_STATE, 0.000763, 0.000763, 0.000000, 0.000000, PMPI_Reduce
State, "rank-32", MPI_STATE, 0.000765, 0.000765, 0.000000, 0.000000, PMPI_Reduce
State, "rank-32", MPI_STATE, 0.000767, 0.000865, 0.000098, 0.000000, PMPI_Barrier
State, "rank-32", MPI_STATE, 0.000871, 0.000871, 0.000000, 0.000000, PMPI_Finalize
State, "rank-31", MPI_STATE, 0.000000, 0.000000, 0.000000, 0.000000, PMPI_Init
State, "rank-31", MPI_STATE, 0.000074, 0.000658, 0.000584, 0.000000, PMPI_Bcast
State, "rank-31", MPI_STATE, 0.000661, 0.000663, 0.000002, 0.000000, PMPI_Bcast
State, "rank-31", MPI_STATE, 0.000667, 0.000676, 0.000009, 0.000000, PMPI_Barrier
State, "rank-31", MPI_STATE, 0.000679, 0.000756, 0.000077, 0.000000, PMPI_Recv
State, "rank-31", MPI_STATE, 0.000758, 0.000758, 0.000000, 0.000000, PMPI_Isend
State, "rank-31", MPI_STATE, 0.000760, 0.000760, 0.000000, 0.000000, PMPI_Waitall
State, "rank-31", MPI_STATE, 0.000767, 0.000767, 0.000000, 0.000000, PMPI_Reduce
State, "rank-31", MPI_STATE, 0.000769, 0.000769, 0.000000, 0.000000, PMPI_Reduce
State, "rank-31", MPI_STATE, 0.000771, 0.000868, 0.000097, 0.000000, PMPI_Barrier
State, "rank-31", MPI_STATE, 0.000870, 0.000870, 0.000000, 0.000000, PMPI_Finalize
State, "rank-30", MPI_STATE, 0.000000, 0.000000, 0.000000, 0.000000, PMPI_Init
State, "rank-30", MPI_STATE, 0.000088, 0.000658, 0.000570, 0.000000, PMPI_Bcast
State, "rank-30", MPI_STATE, 0.000662, 0.000663, 0.000001, 0.000000, PMPI_Bcast
State, "rank-30", MPI_STATE, 0.000667, 0.000676, 0.000009, 0.000000, PMPI_Barrier
State, "rank-30", MPI_STATE, 0.000681, 0.000754, 0.000073, 0.000000, PMPI_Recv
State, "rank-30", MPI_STATE, 0.000756, 0.000756, 0.000000, 0.000000, PMPI_Isend
State, "rank-30", MPI_STATE, 0.000758, 0.000758, 0.000000, 0.000000, PMPI_Waitall
State, "rank-30", MPI_STATE, 0.000764, 0.000764, 0.000000, 0.000000, PMPI_Reduce
State, "rank-30", MPI_STATE, 0.000766, 0.000766, 0.000000, 0.000000, PMPI_Reduce
State, "rank-30", MPI_STATE, 0.000768, 0.000868, 0.000100, 0.000000, PMPI_Barrier
State, "rank-30", MPI_STATE, 0.000870, 0.000870, 0.000000, 0.000000, PMPI_Finalize
State, "rank-29", MPI_STATE, 0.000000, 0.000000, 0.000000, 0.000000, PMPI_Init
State, "rank-29", MPI_STATE, 0.000195, 0.000658, 0.000463, 0.000000, PMPI_Bcast
State, "rank-29", MPI_STATE, 0.000661, 0.000662, 0.000001, 0.000000, PMPI_Bcast
State, "rank-29", MPI_STATE, 0.000665, 0.000676, 0.000011, 0.000000, PMPI_Barrier
State, "rank-29", MPI_STATE, 0.000678, 0.000766, 0.000088, 0.000000, PMPI_Recv
State, "rank-29", MPI_STATE, 0.000768, 0.000768, 0.000000, 0.000000, PMPI_Isend
State, "rank-29", MPI_STATE, 0.000770, 0.000770, 0.000000, 0.000000, PMPI_Waitall
State, "rank-29", MPI_STATE, 0.000774, 0.000774, 0.000000, 0.000000, PMPI_Reduce
State, "rank-29", MPI_STATE, 0.000776, 0.000776, 0.000000, 0.000000, PMPI_Reduce
State, "rank-29", MPI_STATE, 0.000778, 0.000868, 0.000090, 0.000000, PMPI_Barrier
State, "rank-29", MPI_STATE, 0.000871, 0.000871, 0.000000, 0.000000, PMPI_Finalize
State, "rank-2", MPI_STATE, 0.000000, 0.000000, 0.000000, 0.000000, PMPI_Init
State, "rank-2", MPI_STATE, 0.000075, 0.000655, 0.000580, 0.000000, PMPI_Bcast
State, "rank-2", MPI_STATE, 0.000658, 0.000659, 0.000001, 0.000000, PMPI_Bcast
State, "rank-2", MPI_STATE, 0.000662, 0.000673, 0.000011, 0.000000, PMPI_Barrier
State, "rank-2", MPI_STATE, 0.000678, 0.000748, 0.000070, 0.000000, PMPI_Recv
State, "rank-2", MPI_STATE, 0.000750, 0.000750, 0.000000, 0.000000, PMPI_Isend
State, "rank-2", MPI_STATE, 0.000752, 0.000752, 0.000000, 0.000000, PMPI_Isend
State, "rank-2", MPI_STATE, 0.000754, 0.000754, 0.000000, 0.000000, PMPI_Isend
State, "rank-2", MPI_STATE, 0.000755, 0.000755, 0.000000, 0.000000, PMPI_Isend
State, "rank-2", MPI_STATE, 0.000756, 0.000756, 0.000000, 0.000000, PMPI_Waitall
State, "rank-2", MPI_STATE, 0.000761, 0.000761, 0.000000, 0.000000, PMPI_Reduce
State, "rank-2", MPI_STATE, 0.000763, 0.000763, 0.000000, 0.000000, PMPI_Reduce
State, "rank-2", MPI_STATE, 0.000764, 0.000865, 0.000101, 0.000000, PMPI_Barrier
State, "rank-2", MPI_STATE, 0.000868, 0.000868, 0.000000, 0.000000, PMPI_Finalize
State, "rank-28", MPI_STATE, 0.000000, 0.000000, 0.000000, 0.000000, PMPI_Init
State, "rank-28", MPI_STATE, 0.000081, 0.000658, 0.000577, 0.000000, PMPI_Bcast
State, "rank-28", MPI_STATE, 0.000661, 0.000662, 0.000001, 0.000000, PMPI_Bcast
State, "rank-28", MPI_STATE, 0.000665, 0.000676, 0.000011, 0.000000, PMPI_Barrier
State, "rank-28", MPI_STATE, 0.000679, 0.000766, 0.000087, 0.000000, PMPI_Recv
State, "rank-28", MPI_STATE, 0.000768, 0.000768, 0.000000, 0.000000, PMPI_Isend
State, "rank-28", MPI_STATE, 0.000769, 0.000769, 0.000000, 0.000000, PMPI_Waitall
State, "rank-28", MPI_STATE, 0.000775, 0.000775, 0.000000, 0.000000, PMPI_Reduce
State, "rank-28", MPI_STATE, 0.000777, 0.000777, 0.000000, 0.000000, PMPI_Reduce
State, "rank-28", MPI_STATE, 0.000779, 0.000867, 0.000088, 0.000000, PMPI_Barrier
State, "rank-28", MPI_STATE, 0.000869, 0.000869, 0.000000, 0.000000, PMPI_Finalize
State, "rank-27", MPI_STATE, 0.000000, 0.000000, 0.000000, 0.000000, PMPI_Init
State, "rank-27", MPI_STATE, 0.000078, 0.000657, 0.000579, 0.000000, PMPI_Bcast
State, "rank-27", MPI_STATE, 0.000659, 0.000662, 0.000003, 0.000000, PMPI_Bcast
State, "rank-27", MPI_STATE, 0.000665, 0.000676, 0.000011, 0.000000, PMPI_Barrier
State, "rank-27", MPI_STATE, 0.000679, 0.000754, 0.000075, 0.000000, PMPI_Recv
State, "rank-27", MPI_STATE, 0.000760, 0.000760, 0.000000, 0.000000, PMPI_Reduce
State, "rank-27", MPI_STATE, 0.000762, 0.000762, 0.000000, 0.000000, PMPI_Reduce
State, "rank-27", MPI_STATE, 0.000764, 0.000867, 0.000103, 0.000000, PMPI_Barrier
State, "rank-27", MPI_STATE, 0.000869, 0.000869, 0.000000, 0.000000, PMPI_Finalize
State, "rank-26", MPI_STATE, 0.000000, 0.000000, 0.000000, 0.000000, PMPI_Init
State, "rank-26", MPI_STATE, 0.000110, 0.000657, 0.000547, 0.000000, PMPI_Bcast
State, "rank-26", MPI_STATE, 0.000660, 0.000662, 0.000002, 0.000000, PMPI_Bcast
State, "rank-26", MPI_STATE, 0.000664, 0.000675, 0.000011, 0.000000, PMPI_Barrier
State, "rank-26", MPI_STATE, 0.000678, 0.000766, 0.000088, 0.000000, PMPI_Recv
State, "rank-26", MPI_STATE, 0.000771, 0.000771, 0.000000, 0.000000, PMPI_Reduce
State, "rank-26", MPI_STATE, 0.000774, 0.000774, 0.000000, 0.000000, PMPI_Reduce
State, "rank-26", MPI_STATE, 0.000777, 0.000867, 0.000090, 0.000000, PMPI_Barrier
State, "rank-26", MPI_STATE, 0.000869, 0.000869, 0.000000, 0.000000, PMPI_Finalize
State, "rank-25", MPI_STATE, 0.000000, 0.000000, 0.000000, 0.000000, PMPI_Init
State, "rank-25", MPI_STATE, 0.000088, 0.000657, 0.000569, 0.000000, PMPI_Bcast
State, "rank-25", MPI_STATE, 0.000660, 0.000662, 0.000002, 0.000000, PMPI_Bcast
State, "rank-25", MPI_STATE, 0.000665, 0.000675, 0.000010, 0.000000, PMPI_Barrier
State, "rank-25", MPI_STATE, 0.000679, 0.000755, 0.000076, 0.000000, PMPI_Recv
State, "rank-25", MPI_STATE, 0.000761, 0.000761, 0.000000, 0.000000, PMPI_Reduce
State, "rank-25", MPI_STATE, 0.000763, 0.000763, 0.000000, 0.000000, PMPI_Reduce
State, "rank-25", MPI_STATE, 0.000765, 0.000867, 0.000102, 0.000000, PMPI_Barrier
State, "rank-25", MPI_STATE, 0.000869, 0.000869, 0.000000, 0.000000, PMPI_Finalize
State, "rank-24", MPI_STATE, 0.000000, 0.000000, 0.000000, 0.000000, PMPI_Init
State, "rank-24", MPI_STATE, 0.000088, 0.000657, 0.000569, 0.000000, PMPI_Bcast
State, "rank-24", MPI_STATE, 0.000660, 0.000661, 0.000001, 0.000000, PMPI_Bcast
State, "rank-24", MPI_STATE, 0.000663, 0.000675, 0.000012, 0.000000, PMPI_Barrier
State, "rank-24", MPI_STATE, 0.000677, 0.000757, 0.000080, 0.000000, PMPI_Recv
State, "rank-24", MPI_STATE, 0.000763, 0.000763, 0.000000, 0.000000, PMPI_Reduce
State, "rank-24", MPI_STATE, 0.000765, 0.000765, 0.000000, 0.000000, PMPI_Reduce
State, "rank-24", MPI_STATE, 0.000767, 0.000867, 0.000100, 0.000000, PMPI_Barrier
State, "rank-24", MPI_STATE, 0.000870, 0.000870, 0.000000, 0.000000, PMPI_Finalize
State, "rank-23", MPI_STATE, 0.000000, 0.000000, 0.000000, 0.000000, PMPI_Init
State, "rank-23", MPI_STATE, 0.000087, 0.000657, 0.000570, 0.000000, PMPI_Bcast
State, "rank-23", MPI_STATE, 0.000660, 0.000661, 0.000001, 0.000000, PMPI_Bcast
State, "rank-23", MPI_STATE, 0.000664, 0.000675, 0.000011, 0.000000, PMPI_Barrier
State, "rank-23", MPI_STATE, 0.000678, 0.000760, 0.000082, 0.000000, PMPI_Recv
State, "rank-23", MPI_STATE, 0.000766, 0.000766, 0.000000, 0.000000, PMPI_Reduce
State, "rank-23", MPI_STATE, 0.000768, 0.000768, 0.000000, 0.000000, PMPI_Reduce
State, "rank-23", MPI_STATE, 0.000769, 0.000866, 0.000097, 0.000000, PMPI_Barrier
State, "rank-23", MPI_STATE, 0.000868, 0.000868, 0.000000, 0.000000, PMPI_Finalize
State, "rank-22", MPI_STATE, 0.000000, 0.000000, 0.000000, 0.000000, PMPI_Init
State, "rank-22", MPI_STATE, 0.000082, 0.000656, 0.000574, 0.000000, PMPI_Bcast
State, "rank-22", MPI_STATE, 0.000658, 0.000661, 0.000003, 0.000000, PMPI_Bcast
State, "rank-22", MPI_STATE, 0.000663, 0.000675, 0.000012, 0.000000, PMPI_Barrier
State, "rank-22", MPI_STATE, 0.000679, 0.000752, 0.000073, 0.000000, PMPI_Recv
State, "rank-22", MPI_STATE, 0.000757, 0.000757, 0.000000, 0.000000, PMPI_Reduce
State, "rank-22", MPI_STATE, 0.000759, 0.000759, 0.000000, 0.000000, PMPI_Reduce
State, "rank-22", MPI_STATE, 0.000761, 0.000866, 0.000105, 0.000000, PMPI_Barrier
State, "rank-22", MPI_STATE, 0.000868, 0.000868, 0.000000, 0.000000, PMPI_Finalize
State, "rank-21", MPI_STATE, 0.000000, 0.000000, 0.000000, 0.000000, PMPI_Init
State, "rank-21", MPI_STATE, 0.000083, 0.000656, 0.000573, 0.000000, PMPI_Bcast
State, "rank-21", MPI_STATE, 0.000658, 0.000660, 0.000002, 0.000000, PMPI_Bcast
State, "rank-21", MPI_STATE, 0.000664, 0.000674, 0.000010, 0.000000, PMPI_Barrier
State, "rank-21", MPI_STATE, 0.000678, 0.000759, 0.000081, 0.000000, PMPI_Recv
State, "rank-21", MPI_STATE, 0.000761, 0.000761, 0.000000, 0.000000, PMPI_Isend
State, "rank-21", MPI_STATE, 0.000763, 0.000763, 0.000000, 0.000000, PMPI_Waitall
State, "rank-21", MPI_STATE, 0.000770, 0.000770, 0.000000, 0.000000, PMPI_Reduce
State, "rank-21", MPI_STATE, 0.000771, 0.000771, 0.000000, 0.000000, PMPI_Reduce
State, "rank-21", MPI_STATE, 0.000774, 0.000866, 0.000092, 0.000000, PMPI_Barrier
State, "rank-21", MPI_STATE, 0.000868, 0.000868, 0.000000, 0.000000, PMPI_Finalize
State, "rank-20", MPI_STATE, 0.000000, 0.000000, 0.000000, 0.000000, PMPI_Init
State, "rank-20", MPI_STATE, 0.000089, 0.000656, 0.000567, 0.000000, PMPI_Bcast
State, "rank-20", MPI_STATE, 0.000659, 0.000660, 0.000001, 0.000000, PMPI_Bcast
State, "rank-20", MPI_STATE, 0.000664, 0.000674, 0.000010, 0.000000, PMPI_Barrier
State, "rank-20", MPI_STATE, 0.000677, 0.000752, 0.000075, 0.000000, PMPI_Recv
State, "rank-20", MPI_STATE, 0.000754, 0.000754, 0.000000, 0.000000, PMPI_Isend
State, "rank-20", MPI_STATE, 0.000756, 0.000756, 0.000000, 0.000000, PMPI_Waitall
State, "rank-20", MPI_STATE, 0.000760, 0.000760, 0.000000, 0.000000, PMPI_Reduce
State, "rank-20", MPI_STATE, 0.000762, 0.000762, 0.000000, 0.000000, PMPI_Reduce
State, "rank-20", MPI_STATE, 0.000763, 0.000866, 0.000103, 0.000000, PMPI_Barrier
State, "rank-20", MPI_STATE, 0.000868, 0.000868, 0.000000, 0.000000, PMPI_Finalize
State, "rank-19", MPI_STATE, 0.000000, 0.000000, 0.000000, 0.000000, PMPI_Init
State, "rank-19", MPI_STATE, 0.000083, 0.000656, 0.000573, 0.000000, PMPI_Bcast
State, "rank-19", MPI_STATE, 0.000660, 0.000660, 0.000000, 0.000000, PMPI_Bcast
State, "rank-19", MPI_STATE, 0.000662, 0.000674, 0.000012, 0.000000, PMPI_Barrier
State, "rank-19", MPI_STATE, 0.000678, 0.000758, 0.000080, 0.000000, PMPI_Recv
State, "rank-19", MPI_STATE, 0.000760, 0.000760, 0.000000, 0.000000, PMPI_Isend
State, "rank-19", MPI_STATE, 0.000762, 0.000762, 0.000000, 0.000000, PMPI_Isend
State, "rank-19", MPI_STATE, 0.000764, 0.000764, 0.000000, 0.000000, PMPI_Waitall
State, "rank-19", MPI_STATE, 0.000768, 0.000768, 0.000000, 0.000000, PMPI_Reduce
State, "rank-19", MPI_STATE, 0.000770, 0.000770, 0.000000, 0.000000, PMPI_Reduce
State, "rank-19", MPI_STATE, 0.000772, 0.000865, 0.000093, 0.000000, PMPI_Barrier
State, "rank-19", MPI_STATE, 0.000868, 0.000868, 0.000000, 0.000000, PMPI_Finalize
State, "rank-1", MPI_STATE, 0.000000, 0.000000, 0.000000, 0.000000, PMPI_Init
State, "rank-1", MPI_STATE, 0.000099, 0.000655, 0.000556, 0.000000, PMPI_Bcast
State, "rank-1", MPI_STATE, 0.000659, 0.000659, 0.000000, 0.000000, PMPI_Bcast
State, "rank-1", MPI_STATE, 0.000663, 0.000673, 0.000010, 0.000000, PMPI_Barrier
State, "rank-1", MPI_STATE, 0.000678, 0.000747, 0.000069, 0.000000, PMPI_Recv
State, "rank-1", MPI_STATE, 0.000750, 0.000750, 0.000000, 0.000000, PMPI_Isend
State, "rank-1", MPI_STATE, 0.000752, 0.000752, 0.000000, 0.000000, PMPI_Isend
State, "rank-1", MPI_STATE, 0.000753, 0.000753, 0.000000, 0.000000, PMPI_Isend
State, "rank-1", MPI_STATE, 0.000755, 0.000755, 0.000000, 0.000000, PMPI_Isend
State, "rank-1", MPI_STATE, 0.000757, 0.000757, 0.000000, 0.000000, PMPI_Isend
State, "rank-1", MPI_STATE, 0.000759, 0.000759, 0.000000, 0.000000, PMPI_Waitall
State, "rank-1", MPI_STATE, 0.000764, 0.000764, 0.000000, 0.000000, PMPI_Reduce
State, "rank-1", MPI_STATE, 0.000767, 0.000767, 0.000000, 0.000000, PMPI_Reduce
State, "rank-1", MPI_STATE, 0.000768, 0.000865, 0.000097, 0.000000, PMPI_Barrier
State, "rank-1", MPI_STATE, 0.000873, 0.000873, 0.000000, 0.000000, PMPI_Finalize
State, "rank-18", MPI_STATE, 0.000000, 0.000000, 0.000000, 0.000000, PMPI_Init
State, "rank-18", MPI_STATE, 0.000089, 0.000656, 0.000567, 0.000000, PMPI_Bcast
State, "rank-18", MPI_STATE, 0.000659, 0.000660, 0.000001, 0.000000, PMPI_Bcast
State, "rank-18", MPI_STATE, 0.000663, 0.000674, 0.000011, 0.000000, PMPI_Barrier
State, "rank-18", MPI_STATE, 0.000678, 0.000750, 0.000072, 0.000000, PMPI_Recv
State, "rank-18", MPI_STATE, 0.000752, 0.000752, 0.000000, 0.000000, PMPI_Isend
State, "rank-18", MPI_STATE, 0.000755, 0.000755, 0.000000, 0.000000, PMPI_Isend
State, "rank-18", MPI_STATE, 0.000756, 0.000756, 0.000000, 0.000000, PMPI_Isend
State, "rank-18", MPI_STATE, 0.000757, 0.000757, 0.000000, 0.000000, PMPI_Waitall
State, "rank-18", MPI_STATE, 0.000761, 0.000761, 0.000000, 0.000000, PMPI_Reduce
State, "rank-18", MPI_STATE, 0.000763, 0.000763, 0.000000, 0.000000, PMPI_Reduce
State, "rank-18", MPI_STATE, 0.000765, 0.000865, 0.000100, 0.000000, PMPI_Barrier
State, "rank-18", MPI_STATE, 0.000868, 0.000868, 0.000000, 0.000000, PMPI_Finalize
State, "rank-17", MPI_STATE, 0.000000, 0.000000, 0.000000, 0.000000, PMPI_Init
State, "rank-17", MPI_STATE, 0.000081, 0.000655, 0.000574, 0.000000, PMPI_Bcast
State, "rank-17", MPI_STATE, 0.000659, 0.000660, 0.000001, 0.000000, PMPI_Bcast
State, "rank-17", MPI_STATE, 0.000664, 0.000673, 0.000009, 0.000000, PMPI_Barrier
State, "rank-17", MPI_STATE, 0.000677, 0.000750, 0.000073, 0.000000, PMPI_Recv
State, "rank-17", MPI_STATE, 0.000752, 0.000752, 0.000000, 0.000000, PMPI_Isend
State, "rank-17", MPI_STATE, 0.000754, 0.000754, 0.000000, 0.000000, PMPI_Isend
State, "rank-17", MPI_STATE, 0.000756, 0.000756, 0.000000, 0.000000, PMPI_Isend
State, "rank-17", MPI_STATE, 0.000758, 0.000758, 0.000000, 0.000000, PMPI_Waitall
State, "rank-17", MPI_STATE, 0.000762, 0.000762, 0.000000, 0.000000, PMPI_Reduce
State, "rank-17", MPI_STATE, 0.000763, 0.000763, 0.000000, 0.000000, PMPI_Reduce
State, "rank-17", MPI_STATE, 0.000764, 0.000865, 0.000101, 0.000000, PMPI_Barrier
State, "rank-17", MPI_STATE, 0.000867, 0.000867, 0.000000, 0.000000, PMPI_Finalize
State, "rank-16", MPI_STATE, 0.000000, 0.000000, 0.000000, 0.000000, PMPI_Init
State, "rank-16", MPI_STATE, 0.000078, 0.000655, 0.000577, 0.000000, PMPI_Bcast
State, "rank-16", MPI_STATE, 0.000659, 0.000659, 0.000000, 0.000000, PMPI_Bcast
State, "rank-16", MPI_STATE, 0.000663, 0.000673, 0.000010, 0.000000, PMPI_Barrier
State, "rank-16", MPI_STATE, 0.000677, 0.000749, 0.000072, 0.000000, PMPI_Recv
State, "rank-16", MPI_STATE, 0.000750, 0.000750, 0.000000, 0.000000, PMPI_Isend
State, "rank-16", MPI_STATE, 0.000751, 0.000751, 0.000000, 0.000000, PMPI_Isend
State, "rank-16", MPI_STATE, 0.000753, 0.000753, 0.000000, 0.000000, PMPI_Isend
State, "rank-16", MPI_STATE, 0.000754, 0.000754, 0.000000, 0.000000, PMPI_Isend
State, "rank-16", MPI_STATE, 0.000755, 0.000755, 0.000000, 0.000000, PMPI_Waitall
State, "rank-16", MPI_STATE, 0.000760, 0.000760, 0.000000, 0.000000, PMPI_Reduce
State, "rank-16", MPI_STATE, 0.000762, 0.000762, 0.000000, 0.000000, PMPI_Reduce
State, "rank-16", MPI_STATE, 0.000764, 0.000865, 0.000101, 0.000000, PMPI_Barrier
State, "rank-16", MPI_STATE, 0.000868, 0.000868, 0.000000, 0.000000, PMPI_Finalize
State, "rank-15", MPI_STATE, 0.000000, 0.000000, 0.000000, 0.000000, PMPI_Init
State, "rank-15", MPI_STATE, 0.000078, 0.000658, 0.000580, 0.000000, PMPI_Bcast
State, "rank-15", MPI_STATE, 0.000662, 0.000664, 0.000002, 0.000000, PMPI_Bcast
State, "rank-15", MPI_STATE, 0.000668, 0.000676, 0.000008, 0.000000, PMPI_Barrier
State, "rank-15", MPI_STATE, 0.000679, 0.000754, 0.000075, 0.000000, PMPI_Recv
State, "rank-15", MPI_STATE, 0.000756, 0.000756, 0.000000, 0.000000, PMPI_Isend
State, "rank-15", MPI_STATE, 0.000758, 0.000758, 0.000000, 0.000000, PMPI_Isend
State, "rank-15", MPI_STATE, 0.000759, 0.000759, 0.000000, 0.000000, PMPI_Waitall
State, "rank-15", MPI_STATE, 0.000763, 0.000763, 0.000000, 0.000000, PMPI_Reduce
State, "rank-15", MPI_STATE, 0.000764, 0.000764, 0.000000, 0.000000, PMPI_Reduce
State, "rank-15", MPI_STATE, 0.000767, 0.000868, 0.000101, 0.000000, PMPI_Barrier
State, "rank-15", MPI_STATE, 0.000870, 0.000870, 0.000000, 0.000000, PMPI_Finalize
State, "rank-14", MPI_STATE, 0.000000, 0.000000, 0.000000, 0.000000, PMPI_Init
State, "rank-14", MPI_STATE, 0.000079, 0.000658, 0.000579, 0.000000, PMPI_Bcast
State, "rank-14", MPI_STATE, 0.000662, 0.000663, 0.000001, 0.000000, PMPI_Bcast
State, "rank-14", MPI_STATE, 0.000667, 0.000676, 0.000009, 0.000000, PMPI_Barrier
State, "rank-14", MPI_STATE, 0.000680, 0.000757, 0.000077, 0.000000, PMPI_Recv
State, "rank-14", MPI_STATE, 0.000759, 0.000759, 0.000000, 0.000000, PMPI_Isend
State, "rank-14", MPI_STATE, 0.000761, 0.000761, 0.000000, 0.000000, PMPI_Waitall
State, "rank-14", MPI_STATE, 0.000768, 0.000768, 0.000000, 0.000000, PMPI_Reduce
State, "rank-14", MPI_STATE, 0.000769, 0.000769, 0.000000, 0.000000, PMPI_Reduce
State, "rank-14", MPI_STATE, 0.000771, 0.000868, 0.000097, 0.000000, PMPI_Barrier
State, "rank-14", MPI_STATE, 0.000870, 0.000870, 0.000000, 0.000000, PMPI_Finalize
State, "rank-13", MPI_STATE, 0.000000, 0.000000, 0.000000, 0.000000, PMPI_Init
State, "rank-13", MPI_STATE, 0.000080, 0.000658, 0.000578, 0.000000, PMPI_Bcast
State, "rank-13", MPI_STATE, 0.000662, 0.000663, 0.000001, 0.000000, PMPI_Bcast
State, "rank-13", MPI_STATE, 0.000667, 0.000676, 0.000009, 0.000000, PMPI_Barrier
State, "rank-13", MPI_STATE, 0.000680, 0.000756, 0.000076, 0.000000, PMPI_Recv
State, "rank-13", MPI_STATE, 0.000758, 0.000758, 0.000000, 0.000000, PMPI_Isend
State, "rank-13", MPI_STATE, 0.000760, 0.000760, 0.000000, 0.000000, PMPI_Waitall
State, "rank-13", MPI_STATE, 0.000766, 0.000766, 0.000000, 0.000000, PMPI_Reduce
State, "rank-13", MPI_STATE, 0.000767, 0.000767, 0.000000, 0.000000, PMPI_Reduce
State, "rank-13", MPI_STATE, 0.000769, 0.000867, 0.000098, 0.000000, PMPI_Barrier
State, "rank-13", MPI_STATE, 0.000869, 0.000869, 0.000000, 0.000000, PMPI_Finalize
State, "rank-12", MPI_STATE, 0.000000, 0.000000, 0.000000, 0.000000, PMPI_Init
State, "rank-12", MPI_STATE, 0.000084, 0.000657, 0.000573, 0.000000, PMPI_Bcast
State, "rank-12", MPI_STATE, 0.000659, 0.000663, 0.000004, 0.000000, PMPI_Bcast
State, "rank-12", MPI_STATE, 0.000668, 0.000676, 0.000008, 0.000000, PMPI_Barrier
State, "rank-12", MPI_STATE, 0.000680, 0.000756, 0.000076, 0.000000, PMPI_Recv
State, "rank-12", MPI_STATE, 0.000757, 0.000757, 0.000000, 0.000000, PMPI_Isend
State, "rank-12", MPI_STATE, 0.000759, 0.000759, 0.000000, 0.000000, PMPI_Waitall
State, "rank-12", MPI_STATE, 0.000763, 0.000763, 0.000000, 0.000000, PMPI_Reduce
State, "rank-12", MPI_STATE, 0.000765, 0.000765, 0.000000, 0.000000, PMPI_Reduce
State, "rank-12", MPI_STATE, 0.000767, 0.000867, 0.000100, 0.000000, PMPI_Barrier
State, "rank-12", MPI_STATE, 0.000869, 0.000869, 0.000000, 0.000000, PMPI_Finalize
State, "rank-127", MPI_STATE, 0.000000, 0.000000, 0.000000, 0.000000, PMPI_Init
State, "rank-127", MPI_STATE, 0.000060, 0.000660, 0.000600, 0.000000, PMPI_Bcast
State, "rank-127", MPI_STATE, 0.000662, 0.000664, 0.000002, 0.000000, PMPI_Bcast
State, "rank-127", MPI_STATE, 0.000668, 0.000678, 0.000010, 0.000000, PMPI_Barrier
State, "rank-127", MPI_STATE, 0.000683, 0.000740, 0.000057, 0.000000, PMPI_Recv
State, "rank-127", MPI_STATE, 0.000742, 0.000742, 0.000000, 0.000000, PMPI_Isend
State, "rank-127", MPI_STATE, 0.000744, 0.000744, 0.000000, 0.000000, PMPI_Isend
State, "rank-127", MPI_STATE, 0.000746, 0.000746, 0.000000, 0.000000, PMPI_Isend
State, "rank-127", MPI_STATE, 0.000748, 0.000748, 0.000000, 0.000000, PMPI_Isend
State, "rank-127", MPI_STATE, 0.000750, 0.000750, 0.000000, 0.000000, PMPI_Isend
State, "rank-127", MPI_STATE, 0.000753, 0.000753, 0.000000, 0.000000, PMPI_Isend
State, "rank-127", MPI_STATE, 0.000754, 0.000754, 0.000000, 0.000000, PMPI_Waitall
State, "rank-127", MPI_STATE, 0.000762, 0.000762, 0.000000, 0.000000, PMPI_Reduce
State, "rank-127", MPI_STATE, 0.000764, 0.000764, 0.000000, 0.000000, PMPI_Reduce
State, "rank-127", MPI_STATE, 0.000766, 0.000869, 0.000103, 0.000000, PMPI_Barrier
State, "rank-127", MPI_STATE, 0.000872, 0.000872, 0.000000, 0.000000, PMPI_Finalize
State, "rank-126", MPI_STATE, 0.000000, 0.000000, 0.000000, 0.000000, PMPI_Init
State, "rank-126", MPI_STATE, 0.000062, 0.000659, 0.000597, 0.000000, PMPI_Bcast
State, "rank-126", MPI_STATE, 0.000661, 0.000664, 0.000003, 0.000000, PMPI_Bcast
State, "rank-126", MPI_STATE, 0.000667, 0.000677, 0.000010, 0.000000, PMPI_Barrier
State, "rank-126", MPI_STATE, 0.000682, 0.000744, 0.000062, 0.000000, PMPI_Recv
State, "rank-126", MPI_STATE, 0.000746, 0.000746, 0.000000, 0.000000, PMPI_Isend
State, "rank-126", MPI_STATE, 0.000747, 0.000747, 0.000000, 0.000000, PMPI_Isend
State, "rank-126", MPI_STATE, 0.000749, 0.000749, 0.000000, 0.000000, PMPI_Isend
State, "rank-126", MPI_STATE, 0.000751, 0.000751, 0.000000, 0.000000, PMPI_Isend
State, "rank-126", MPI_STATE, 0.000753, 0.000753, 0.000000, 0.000000, PMPI_Waitall
State, "rank-126", MPI_STATE, 0.000760, 0.000760, 0.000000, 0.000000, PMPI_Reduce
State, "rank-126", MPI_STATE, 0.000762, 0.000762, 0.000000, 0.000000, PMPI_Reduce
State, "rank-126", MPI_STATE, 0.000763, 0.000869, 0.000106, 0.000000, PMPI_Barrier
State, "rank-126", MPI_STATE, 0.000871, 0.000871, 0.000000, 0.000000, PMPI_Finalize
State, "rank-125", MPI_STATE, 0.000000, 0.000000, 0.000000, 0.000000, PMPI_Init
State, "rank-125", MPI_STATE, 0.000060, 0.000659, 0.000599, 0.000000, PMPI_Bcast
State, "rank-125", MPI_STATE, 0.000661, 0.000664, 0.000003, 0.000000, PMPI_Bcast
State, "rank-125", MPI_STATE, 0.000669, 0.000677, 0.000008, 0.000000, PMPI_Barrier
State, "rank-125", MPI_STATE, 0.000681, 0.000755, 0.000074, 0.000000, PMPI_Recv
State, "rank-125", MPI_STATE, 0.000758, 0.000758, 0.000000, 0.000000, PMPI_Isend
State, "rank-125", MPI_STATE, 0.000760, 0.000760, 0.000000, 0.000000, PMPI_Isend
State, "rank-125", MPI_STATE, 0.000763, 0.000763, 0.000000, 0.000000, PMPI_Isend
State, "rank-125", MPI_STATE, 0.000764, 0.000764, 0.000000, 0.000000, PMPI_Waitall
State, "rank-125", MPI_STATE, 0.000770, 0.000770, 0.000000, 0.000000, PMPI_Reduce
State, "rank-125", MPI_STATE, 0.000772, 0.000772, 0.000000, 0.000000, PMPI_Reduce
State, "rank-125", MPI_STATE, 0.000773, 0.000869, 0.000096, 0.000000, PMPI_Barrier
State, "rank-125", MPI_STATE, 0.000872, 0.000872, 0.000000, 0.000000, PMPI_Finalize
State, "rank-124", MPI_STATE, 0.000000, 0.000000, 0.000000, 0.000000, PMPI_Init
State, "rank-124", MPI_STATE, 0.000061, 0.000659, 0.000598, 0.000000, PMPI_Bcast
State, "rank-124", MPI_STATE, 0.000662, 0.000664, 0.000002, 0.000000, PMPI_Bcast
State, "rank-124", MPI_STATE, 0.000667, 0.000677, 0.000010, 0.000000, PMPI_Barrier
State, "rank-124", MPI_STATE, 0.000680, 0.000756, 0.000076, 0.000000, PMPI_Recv
State, "rank-124", MPI_STATE, 0.000758, 0.000758, 0.000000, 0.000000, PMPI_Isend
State, "rank-124", MPI_STATE, 0.000760, 0.000760, 0.000000, 0.000000, PMPI_Isend
State, "rank-124", MPI_STATE, 0.000762, 0.000762, 0.000000, 0.000000, PMPI_Waitall
State, "rank-124", MPI_STATE, 0.000768, 0.000768, 0.000000, 0.000000, PMPI_Reduce
State, "rank-124", MPI_STATE, 0.000770, 0.000770, 0.000000, 0.000000, PMPI_Reduce
State, "rank-124", MPI_STATE, 0.000772, 0.000869, 0.000097, 0.000000, PMPI_Barrier
State, "rank-124", MPI_STATE, 0.000871, 0.000871, 0.000000, 0.000000, PMPI_Finalize
State, "rank-123", MPI_STATE, 0.000000, 0.000000, 0.000000, 0.000000, PMPI_Init
State, "rank-123", MPI_STATE, 0.000058, 0.000659, 0.000601, 0.000000, PMPI_Bcast
State, "rank-123", MPI_STATE, 0.000661, 0.000664, 0.000003, 0.000000, PMPI_Bcast
State, "rank-123", MPI_STATE, 0.000667, 0.000677, 0.000010, 0.000000, PMPI_Barrier
State, "rank-123", MPI_STATE, 0.000681, 0.000755, 0.000074, 0.000000, PMPI_Recv
State, "rank-123", MPI_STATE, 0.000756, 0.000756, 0.000000, 0.000000, PMPI_Isend
State, "rank-123", MPI_STATE, 0.000758, 0.000758, 0.000000, 0.000000, PMPI_Isend
State, "rank-123", MPI_STATE, 0.000759, 0.000759, 0.000000, 0.000000, PMPI_Waitall
State, "rank-123", MPI_STATE, 0.000768, 0.000768, 0.000000, 0.000000, PMPI_Reduce
State, "rank-123", MPI_STATE, 0.000770, 0.000770, 0.000000, 0.000000, PMPI_Reduce
State, "rank-123", MPI_STATE, 0.000772, 0.000868, 0.000096, 0.000000, PMPI_Barrier
State, "rank-123", MPI_STATE, 0.000870, 0.000870, 0.000000, 0.000000, PMPI_Finalize
State, "rank-122", MPI_STATE, 0.000000, 0.000000, 0.000000, 0.000000, PMPI_Init
State, "rank-122", MPI_STATE, 0.000056, 0.000658, 0.000602, 0.000000, PMPI_Bcast
State, "rank-122", MPI_STATE, 0.000660, 0.000663, 0.000003, 0.000000, PMPI_Bcast
State, "rank-122", MPI_STATE, 0.000667, 0.000677, 0.000010, 0.000000, PMPI_Barrier
State, "rank-122", MPI_STATE, 0.000681, 0.000757, 0.000076, 0.000000, PMPI_Recv
State, "rank-122", MPI_STATE, 0.000759, 0.000759, 0.000000, 0.000000, PMPI_Isend
State, "rank-122", MPI_STATE, 0.000761, 0.000761, 0.000000, 0.000000, PMPI_Waitall
State, "rank-122", MPI_STATE, 0.000768, 0.000768, 0.000000, 0.000000, PMPI_Reduce
State, "rank-122", MPI_STATE, 0.000770, 0.000770, 0.000000, 0.000000, PMPI_Reduce
State, "rank-122", MPI_STATE, 0.000772, 0.000868, 0.000096, 0.000000, PMPI_Barrier
State, "rank-122", MPI_STATE, 0.000871, 0.000871, 0.000000, 0.000000, PMPI_Finalize
State, "rank-121", MPI_STATE, 0.000000, 0.000000, 0.000000, 0.000000, PMPI_Init
State, "rank-121", MPI_STATE, 0.000057, 0.000658, 0.000601, 0.000000, PMPI_Bcast
State, "rank-121", MPI_STATE, 0.000659, 0.000663, 0.000004, 0.000000, PMPI_Bcast
State, "rank-121", MPI_STATE, 0.000666, 0.000676, 0.000010, 0.000000, PMPI_Barrier
State, "rank-121", MPI_STATE, 0.000680, 0.000757, 0.000077, 0.000000, PMPI_Recv
State, "rank-121", MPI_STATE, 0.000764, 0.000764, 0.000000, 0.000000, PMPI_Reduce
State, "rank-121", MPI_STATE, 0.000766, 0.000766, 0.000000, 0.000000, PMPI_Reduce
State, "rank-121", MPI_STATE, 0.000768, 0.000868, 0.000100, 0.000000, PMPI_Barrier
State, "rank-121", MPI_STATE, 0.000871, 0.000871, 0.000000, 0.000000, PMPI_Finalize
State, "rank-120", MPI_STATE, 0.000000, 0.000000, 0.000000, 0.000000, PMPI_Init
State, "rank-120", MPI_STATE, 0.000063, 0.000658, 0.000595, 0.000000, PMPI_Bcast
State, "rank-120", MPI_STATE, 0.000659, 0.000663, 0.000004, 0.000000, PMPI_Bcast
State, "rank-120", MPI_STATE, 0.000666, 0.000676, 0.000010, 0.000000, PMPI_Barrier
State, "rank-120", MPI_STATE, 0.000680, 0.000764, 0.000084, 0.000000, PMPI_Recv
State, "rank-120", MPI_STATE, 0.000771, 0.000771, 0.000000, 0.000000, PMPI_Reduce
State, "rank-120", MPI_STATE, 0.000773, 0.000773, 0.000000, 0.000000, PMPI_Reduce
State, "rank-120", MPI_STATE, 0.000775, 0.000868, 0.000093, 0.000000, PMPI_Barrier
State, "rank-120", MPI_STATE, 0.000871, 0.000871, 0.000000, 0.000000, PMPI_Finalize
State, "rank-119", MPI_STATE, 0.000000, 0.000000, 0.000000, 0.000000, PMPI_Init
State, "rank-119", MPI_STATE, 0.000063, 0.000658, 0.000595, 0.000000, PMPI_Bcast
State, "rank-119", MPI_STATE, 0.000660, 0.000663, 0.000003, 0.000000, PMPI_Bcast
State, "rank-119", MPI_STATE, 0.000666, 0.000676, 0.000010, 0.000000, PMPI_Barrier
State, "rank-119", MPI_STATE, 0.000680, 0.000761, 0.000081, 0.000000, PMPI_Recv
State, "rank-119", MPI_STATE, 0.000768, 0.000768, 0.000000, 0.000000, PMPI_Reduce
State, "rank-119", MPI_STATE, 0.000770, 0.000770, 0.000000, 0.000000, PMPI_Reduce
State, "rank-119", MPI_STATE, 0.000771, 0.000868, 0.000097, 0.000000, PMPI_Barrier
State, "rank-119", MPI_STATE, 0.000871, 0.000871, 0.000000, 0.000000, PMPI_Finalize
State, "rank-11", MPI_STATE, 0.000000, 0.000000, 0.000000, 0.000000, PMPI_Init
State, "rank-11", MPI_STATE, 0.000082, 0.000657, 0.000575, 0.000000, PMPI_Bcast
State, "rank-11", MPI_STATE, 0.000660, 0.000663, 0.000003, 0.000000, PMPI_Bcast
State, "rank-11", MPI_STATE, 0.000666, 0.000675, 0.000009, 0.000000, PMPI_Barrier
State, "rank-11", MPI_STATE, 0.000677, 0.000764, 0.000087, 0.000000, PMPI_Recv
State, "rank-11", MPI_STATE, 0.000766, 0.000766, 0.000000, 0.000000, PMPI_Isend
State, "rank-11", MPI_STATE, 0.000768, 0.000768, 0.000000, 0.000000, PMPI_Waitall
State, "rank-11", MPI_STATE, 0.000774, 0.000774, 0.000000, 0.000000, PMPI_Reduce
State, "rank-11", MPI_STATE, 0.000775, 0.000775, 0.000000, 0.000000, PMPI_Reduce
State, "rank-11", MPI_STATE, 0.000777, 0.000867, 0.000090, 0.000000, PMPI_Barrier
State, "rank-11", MPI_STATE, 0.000869, 0.000869, 0.000000, 0.000000, PMPI_Finalize
State, "rank-118", MPI_STATE, 0.000000, 0.000000, 0.000000, 0.000000, PMPI_Init
State, "rank-118", MPI_STATE, 0.000062, 0.000658, 0.000596, 0.000000, PMPI_Bcast
State, "rank-118", MPI_STATE, 0.000661, 0.000663, 0.000002, 0.000000, PMPI_Bcast
State, "rank-118", MPI_STATE, 0.000665, 0.000676, 0.000011, 0.000000, PMPI_Barrier
State, "rank-118", MPI_STATE, 0.000680, 0.000771, 0.000091, 0.000000, PMPI_Recv
State, "rank-118", MPI_STATE, 0.000780, 0.000780, 0.000000, 0.000000, PMPI_Reduce
State, "rank-118", MPI_STATE, 0.000781, 0.000781, 0.000000, 0.000000, PMPI_Reduce
State, "rank-118", MPI_STATE, 0.000782, 0.000867, 0.000085, 0.000000, PMPI_Barrier
State, "rank-118", MPI_STATE, 0.000870, 0.000870, 0.000000, 0.000000, PMPI_Finalize
State, "rank-117", MPI_STATE, 0.000000, 0.000000, 0.000000, 0.000000, PMPI_Init
State, "rank-117", MPI_STATE, 0.000057, 0.000658, 0.000601, 0.000000, PMPI_Bcast
State, "rank-117", MPI_STATE, 0.000660, 0.000662, 0.000002, 0.000000, PMPI_Bcast
State, "rank-117", MPI_STATE, 0.000665, 0.000676, 0.000011, 0.000000, PMPI_Barrier
State, "rank-117", MPI_STATE, 0.000680, 0.000760, 0.000080, 0.000000, PMPI_Recv
State, "rank-117", MPI_STATE, 0.000767, 0.000767, 0.000000, 0.000000, PMPI_Reduce
State, "rank-117", MPI_STATE, 0.000769, 0.000769, 0.000000, 0.000000, PMPI_Reduce
State, "rank-117", MPI_STATE, 0.000772, 0.000867, 0.000095, 0.000000, PMPI_Barrier
State, "rank-117", MPI_STATE, 0.000871, 0.000871, 0.000000, 0.000000, PMPI_Finalize
State, "rank-116", MPI_STATE, 0.000000, 0.000000, 0.000000, 0.000000, PMPI_Init
State, "rank-116", MPI_STATE, 0.000060, 0.000657, 0.000597, 0.000000, PMPI_Bcast
State, "rank-116", MPI_STATE, 0.000658, 0.000662, 0.000004, 0.000000, PMPI_Bcast
State, "rank-116", MPI_STATE, 0.000664, 0.000675, 0.000011, 0.000000, PMPI_Barrier
State, "rank-116", MPI_STATE, 0.000679, 0.000762, 0.000083, 0.000000, PMPI_Recv
State, "rank-116", MPI_STATE, 0.000768, 0.000768, 0.000000, 0.000000, PMPI_Reduce
State, "rank-116", MPI_STATE, 0.000770, 0.000770, 0.000000, 0.000000, PMPI_Reduce
State, "rank-116", MPI_STATE, 0.000772, 0.000867, 0.000095, 0.000000, PMPI_Barrier
State, "rank-116", MPI_STATE, 0.000869, 0.000869, 0.000000, 0.000000, PMPI_Finalize
State, "rank-115", MPI_STATE, 0.000000, 0.000000, 0.000000, 0.000000, PMPI_Init
State, "rank-115", MPI_STATE, 0.000056, 0.000657, 0.000601, 0.000000, PMPI_Bcast
State, "rank-115", MPI_STATE, 0.000658, 0.000662, 0.000004, 0.000000, PMPI_Bcast
State, "rank-115", MPI_STATE, 0.000664, 0.000675, 0.000011, 0.000000, PMPI_Barrier
State, "rank-115", MPI_STATE, 0.000679, 0.000762, 0.000083, 0.000000, PMPI_Recv
State, "rank-115", MPI_STATE, 0.000769, 0.000769, 0.000000, 0.000000, PMPI_Reduce
State, "rank-115", MPI_STATE, 0.000770, 0.000770, 0.000000, 0.000000, PMPI_Reduce
State, "rank-115", MPI_STATE, 0.000772, 0.000867, 0.000095, 0.000000, PMPI_Barrier
State, "rank-115", MPI_STATE, 0.000869, 0.000869, 0.000000, 0.000000, PMPI_Finalize
State, "rank-114", MPI_STATE, 0.000000, 0.000000, 0.000000, 0.000000, PMPI_Init
State, "rank-114", MPI_STATE, 0.000111, 0.000657, 0.000546, 0.000000, PMPI_Bcast
State, "rank-114", MPI_STATE, 0.000659, 0.000662, 0.000003, 0.000000, PMPI_Bcast
State, "rank-114", MPI_STATE, 0.000664, 0.000675, 0.000011, 0.000000, PMPI_Barrier
State, "rank-114", MPI_STATE, 0.000678, 0.000760, 0.000082, 0.000000, PMPI_Recv
State, "rank-114", MPI_STATE, 0.000762, 0.000762, 0.000000, 0.000000, PMPI_Isend
State, "rank-114", MPI_STATE, 0.000764, 0.000764, 0.000000, 0.000000, PMPI_Waitall
State, "rank-114", MPI_STATE, 0.000770, 0.000770, 0.000000, 0.000000, PMPI_Reduce
State, "rank-114", MPI_STATE, 0.000773, 0.000773, 0.000000, 0.000000, PMPI_Reduce
State, "rank-114", MPI_STATE, 0.000775, 0.000867, 0.000092, 0.000000, PMPI_Barrier
State, "rank-114", MPI_STATE, 0.000869, 0.000869, 0.000000, 0.000000, PMPI_Finalize
State, "rank-113", MPI_STATE, 0.000000, 0.000000, 0.000000, 0.000000, PMPI_Init
State, "rank-113", MPI_STATE, 0.000069, 0.000657, 0.000588, 0.000000, PMPI_Bcast
State, "rank-113", MPI_STATE, 0.000659, 0.000662, 0.000003, 0.000000, PMPI_Bcast
State, "rank-113", MPI_STATE, 0.000665, 0.000675, 0.000010, 0.000000, PMPI_Barrier
State, "rank-113", MPI_STATE, 0.000678, 0.000762, 0.000084, 0.000000, PMPI_Recv
State, "rank-113", MPI_STATE, 0.000764, 0.000764, 0.000000, 0.000000, PMPI_Isend
State, "rank-113", MPI_STATE, 0.000765, 0.000765, 0.000000, 0.000000, PMPI_Waitall
State, "rank-113", MPI_STATE, 0.000770, 0.000770, 0.000000, 0.000000, PMPI_Reduce
State, "rank-113", MPI_STATE, 0.000772, 0.000772, 0.000000, 0.000000, PMPI_Reduce
State, "rank-113", MPI_STATE, 0.000774, 0.000866, 0.000092, 0.000000, PMPI_Barrier
State, "rank-113", MPI_STATE, 0.000869, 0.000869, 0.000000, 0.000000, PMPI_Finalize
State, "rank-112", MPI_STATE, 0.000000, 0.000000, 0.000000, 0.000000, PMPI_Init
State, "rank-112", MPI_STATE, 0.000072, 0.000656, 0.000584, 0.000000, PMPI_Bcast
State, "rank-112", MPI_STATE, 0.000659, 0.000661, 0.000002, 0.000000, PMPI_Bcast
State, "rank-112", MPI_STATE, 0.000664, 0.000674, 0.000010, 0.000000, PMPI_Barrier
State, "rank-112", MPI_STATE, 0.000678, 0.000761, 0.000083, 0.000000, PMPI_Recv
State, "rank-112", MPI_STATE, 0.000763, 0.000763, 0.000000, 0.000000, PMPI_Isend
State, "rank-112", MPI_STATE, 0.000765, 0.000765, 0.000000, 0.000000, PMPI_Isend
State, "rank-112", MPI_STATE, 0.000766, 0.000766, 0.000000, 0.000000, PMPI_Waitall
State, "rank-112", MPI_STATE, 0.000772, 0.000772, 0.000000, 0.000000, PMPI_Reduce
State, "rank-112", MPI_STATE, 0.000774, 0.000774, 0.000000, 0.000000, PMPI_Reduce
State, "rank-112", MPI_STATE, 0.000775, 0.000866, 0.000091, 0.000000, PMPI_Barrier
State, "rank-112", MPI_STATE, 0.000868, 0.000868, 0.000000, 0.000000, PMPI_Finalize
State, "rank-111", MPI_STATE, 0.000000, 0.000000, 0.000000, 0.000000, PMPI_Init
State, "rank-111", MPI_STATE, 0.000073, 0.000659, 0.000586, 0.000000, PMPI_Bcast
State, "rank-111", MPI_STATE, 0.000662, 0.000664, 0.000002, 0.000000, PMPI_Bcast
State, "rank-111", MPI_STATE, 0.000667, 0.000677, 0.000010, 0.000000, PMPI_Barrier
State, "rank-111", MPI_STATE, 0.000680, 0.000742, 0.000062, 0.000000, PMPI_Recv
State, "rank-111", MPI_STATE, 0.000744, 0.000744, 0.000000, 0.000000, PMPI_Isend
State, "rank-111", MPI_STATE, 0.000746, 0.000746, 0.000000, 0.000000, PMPI_Isend
State, "rank-111", MPI_STATE, 0.000747, 0.000747, 0.000000, 0.000000, PMPI_Isend
State, "rank-111", MPI_STATE, 0.000748, 0.000748, 0.000000, 0.000000, PMPI_Isend
State, "rank-111", MPI_STATE, 0.000749, 0.000749, 0.000000, 0.000000, PMPI_Isend
State, "rank-111", MPI_STATE, 0.000750, 0.000750, 0.000000, 0.000000, PMPI_Waitall
State, "rank-111", MPI_STATE, 0.000755, 0.000755, 0.000000, 0.000000, PMPI_Reduce
State, "rank-111", MPI_STATE, 0.000756, 0.000756, 0.000000, 0.000000, PMPI_Reduce
State, "rank-111", MPI_STATE, 0.000758, 0.000869, 0.000111, 0.000000, PMPI_Barrier
State, "rank-111", MPI_STATE, 0.000871, 0.000871, 0.000000, 0.000000, PMPI_Finalize
State, "rank-110", MPI_STATE, 0.000000, 0.000000, 0.000000, 0.000000, PMPI_Init
State, "rank-110", MPI_STATE, 0.000064, 0.000659, 0.000595, 0.000000, PMPI_Bcast
State, "rank-110", MPI_STATE, 0.000662, 0.000664, 0.000002, 0.000000, PMPI_Bcast
State, "rank-110", MPI_STATE, 0.000668, 0.000677, 0.000009, 0.000000, PMPI_Barrier
State, "rank-110", MPI_STATE, 0.000680, 0.000745, 0.000065, 0.000000, PMPI_Recv
State, "rank-110", MPI_STATE, 0.000746, 0.000746, 0.000000, 0.000000, PMPI_Isend
State, "rank-110", MPI_STATE, 0.000749, 0.000749, 0.000000, 0.000000, PMPI_Isend
State, "rank-110", MPI_STATE, 0.000751, 0.000751, 0.000000, 0.000000, PMPI_Isend
State, "rank-110", MPI_STATE, 0.000753, 0.000753, 0.000000, 0.000000, PMPI_Waitall
State, "rank-110", MPI_STATE, 0.000759, 0.000759, 0.000000, 0.000000, PMPI_Reduce
State, "rank-110", MPI_STATE, 0.000761, 0.000761, 0.000000, 0.000000, PMPI_Reduce
State, "rank-110", MPI_STATE, 0.000762, 0.000869, 0.000107, 0.000000, PMPI_Barrier
State, "rank-110", MPI_STATE, 0.000871, 0.000871, 0.000000, 0.000000, PMPI_Finalize
State, "rank-109", MPI_STATE, 0.000000, 0.000000, 0.000000, 0.000000, PMPI_Init
State, "rank-109", MPI_STATE, 0.000062, 0.000659, 0.000597, 0.000000, PMPI_Bcast
State, "rank-109", MPI_STATE, 0.000661, 0.000664, 0.000003, 0.000000, PMPI_Bcast
State, "rank-109", MPI_STATE, 0.000667, 0.000677, 0.000010, 0.000000, PMPI_Barrier
State, "rank-109", MPI_STATE, 0.000681, 0.000746, 0.000065, 0.000000, PMPI_Recv
State, "rank-109", MPI_STATE, 0.000748, 0.000748, 0.000000, 0.000000, PMPI_Isend
State, "rank-109", MPI_STATE, 0.000749, 0.000749, 0.000000, 0.000000, PMPI_Isend
State, "rank-109", MPI_STATE, 0.000750, 0.000750, 0.000000, 0.000000, PMPI_Waitall
State, "rank-109", MPI_STATE, 0.000795, 0.000795, 0.000000, 0.000000, PMPI_Reduce
State, "rank-109", MPI_STATE, 0.000797, 0.000797, 0.000000, 0.000000, PMPI_Reduce
State, "rank-109", MPI_STATE, 0.000798, 0.000869, 0.000071, 0.000000, PMPI_Barrier
State, "rank-109", MPI_STATE, 0.000871, 0.000871, 0.000000, 0.000000, PMPI_Finalize
State, "rank-10", MPI_STATE, 0.000000, 0.000000, 0.000000, 0.000000, PMPI_Init
State, "rank-10", MPI_STATE, 0.000082, 0.000657, 0.000575, 0.000000, PMPI_Bcast
State, "rank-10", MPI_STATE, 0.000661, 0.000663, 0.000002, 0.000000, PMPI_Bcast
State, "rank-10", MPI_STATE, 0.000665, 0.000675, 0.000010, 0.000000, PMPI_Barrier
State, "rank-10", MPI_STATE, 0.000678, 0.000757, 0.000079, 0.000000, PMPI_Recv
State, "rank-10", MPI_STATE, 0.000762, 0.000762, 0.000000, 0.000000, PMPI_Reduce
State, "rank-10", MPI_STATE, 0.000764, 0.000764, 0.000000, 0.000000, PMPI_Reduce
State, "rank-10", MPI_STATE, 0.000767, 0.000867, 0.000100, 0.000000, PMPI_Barrier
State, "rank-10", MPI_STATE, 0.000869, 0.000869, 0.000000, 0.000000, PMPI_Finalize
State, "rank-108", MPI_STATE, 0.000000, 0.000000, 0.000000, 0.000000, PMPI_Init
State, "rank-108", MPI_STATE, 0.000065, 0.000659, 0.000594, 0.000000, PMPI_Bcast
State, "rank-108", MPI_STATE, 0.000661, 0.000663, 0.000002, 0.000000, PMPI_Bcast
State, "rank-108", MPI_STATE, 0.000666, 0.000677, 0.000011, 0.000000, PMPI_Barrier
State, "rank-108", MPI_STATE, 0.000680, 0.000756, 0.000076, 0.000000, PMPI_Recv
State, "rank-108", MPI_STATE, 0.000757, 0.000757, 0.000000, 0.000000, PMPI_Isend
State, "rank-108", MPI_STATE, 0.000758, 0.000758, 0.000000, 0.000000, PMPI_Isend
State, "rank-108", MPI_STATE, 0.000759, 0.000759, 0.000000, 0.000000, PMPI_Waitall
State, "rank-108", MPI_STATE, 0.000764, 0.000764, 0.000000, 0.000000, PMPI_Reduce
State, "rank-108", MPI_STATE, 0.000766, 0.000766, 0.000000, 0.000000, PMPI_Reduce
State, "rank-108", MPI_STATE, 0.000768, 0.000868, 0.000100, 0.000000, PMPI_Barrier
State, "rank-108", MPI_STATE, 0.000870, 0.000870, 0.000000, 0.000000, PMPI_Finalize
State, "rank-107", MPI_STATE, 0.000000, 0.000000, 0.000000, 0.000000, PMPI_Init
State, "rank-107", MPI_STATE, 0.000064, 0.000658, 0.000594, 0.000000, PMPI_Bcast
State, "rank-107", MPI_STATE, 0.000660, 0.000663, 0.000003, 0.000000, PMPI_Bcast
State, "rank-107", MPI_STATE, 0.000666, 0.000677, 0.000011, 0.000000, PMPI_Barrier
State, "rank-107", MPI_STATE, 0.000680, 0.000829, 0.000149, 0.000000, PMPI_Recv
State, "rank-107", MPI_STATE, 0.000831, 0.000831, 0.000000, 0.000000, PMPI_Isend
State, "rank-107", MPI_STATE, 0.000833, 0.000833, 0.000000, 0.000000, PMPI_Waitall
State, "rank-107", MPI_STATE, 0.000838, 0.000838, 0.000000, 0.000000, PMPI_Reduce
State, "rank-107", MPI_STATE, 0.000840, 0.000840, 0.000000, 0.000000, PMPI_Reduce
State, "rank-107", MPI_STATE, 0.000841, 0.000868, 0.000027, 0.000000, PMPI_Barrier
State, "rank-107", MPI_STATE, 0.000870, 0.000870, 0.000000, 0.000000, PMPI_Finalize
State, "rank-106", MPI_STATE, 0.000000, 0.000000, 0.000000, 0.000000, PMPI_Init
State, "rank-106", MPI_STATE, 0.000062, 0.000658, 0.000596, 0.000000, PMPI_Bcast
State, "rank-106", MPI_STATE, 0.000660, 0.000663, 0.000003, 0.000000, PMPI_Bcast
State, "rank-106", MPI_STATE, 0.000665, 0.000676, 0.000011, 0.000000, PMPI_Barrier
State, "rank-106", MPI_STATE, 0.000679, 0.000758, 0.000079, 0.000000, PMPI_Recv
State, "rank-106", MPI_STATE, 0.000762, 0.000762, 0.000000, 0.000000, PMPI_Reduce
State, "rank-106", MPI_STATE, 0.000764, 0.000764, 0.000000, 0.000000, PMPI_Reduce
State, "rank-106", MPI_STATE, 0.000766, 0.000868, 0.000102, 0.000000, PMPI_Barrier
State, "rank-106", MPI_STATE, 0.000870, 0.000870, 0.000000, 0.000000, PMPI_Finalize
State, "rank-105", MPI_STATE, 0.000000, 0.000000, 0.000000, 0.000000, PMPI_Init
State, "rank-105", MPI_STATE, 0.000063, 0.000658, 0.000595, 0.000000, PMPI_Bcast
State, "rank-105", MPI_STATE, 0.000660, 0.000663, 0.000003, 0.000000, PMPI_Bcast
State, "rank-105", MPI_STATE, 0.000666, 0.000676, 0.000010, 0.000000, PMPI_Barrier
State, "rank-105", MPI_STATE, 0.000678, 0.000758, 0.000080, 0.000000, PMPI_Recv
State, "rank-105", MPI_STATE, 0.000764, 0.000764, 0.000000, 0.000000, PMPI_Reduce
State, "rank-105", MPI_STATE, 0.000766, 0.000766, 0.000000, 0.000000, PMPI_Reduce
State, "rank-105", MPI_STATE, 0.000767, 0.000868, 0.000101, 0.000000, PMPI_Barrier
State, "rank-105", MPI_STATE, 0.000870, 0.000870, 0.000000, 0.000000, PMPI_Finalize
State, "rank-104", MPI_STATE, 0.000000, 0.000000, 0.000000, 0.000000, PMPI_Init
State, "rank-104", MPI_STATE, 0.000064, 0.000658, 0.000594, 0.000000, PMPI_Bcast
State, "rank-104", MPI_STATE, 0.000660, 0.000663, 0.000003, 0.000000, PMPI_Bcast
State, "rank-104", MPI_STATE, 0.000665, 0.000676, 0.000011, 0.000000, PMPI_Barrier
State, "rank-104", MPI_STATE, 0.000680, 0.000762, 0.000082, 0.000000, PMPI_Recv
State, "rank-104", MPI_STATE, 0.000769, 0.000769, 0.000000, 0.000000, PMPI_Reduce
State, "rank-104", MPI_STATE, 0.000771, 0.000771, 0.000000, 0.000000, PMPI_Reduce
State, "rank-104", MPI_STATE, 0.000772, 0.000868, 0.000096, 0.000000, PMPI_Barrier
State, "rank-104", MPI_STATE, 0.000870, 0.000870, 0.000000, 0.000000, PMPI_Finalize
State, "rank-103", MPI_STATE, 0.000000, 0.000000, 0.000000, 0.000000, PMPI_Init
State, "rank-103", MPI_STATE, 0.000064, 0.000658, 0.000594, 0.000000, PMPI_Bcast
State, "rank-103", MPI_STATE, 0.000660, 0.000663, 0.000003, 0.000000, PMPI_Bcast
State, "rank-103", MPI_STATE, 0.000666, 0.000676, 0.000010, 0.000000, PMPI_Barrier
State, "rank-103", MPI_STATE, 0.000680, 0.000767, 0.000087, 0.000000, PMPI_Recv
State, "rank-103", MPI_STATE, 0.000774, 0.000774, 0.000000, 0.000000, PMPI_Reduce
State, "rank-103", MPI_STATE, 0.000776, 0.000776, 0.000000, 0.000000, PMPI_Reduce
State, "rank-103", MPI_STATE, 0.000778, 0.000867, 0.000089, 0.000000, PMPI_Barrier
State, "rank-103", MPI_STATE, 0.000869, 0.000869, 0.000000, 0.000000, PMPI_Finalize
State, "rank-102", MPI_STATE, 0.000000, 0.000000, 0.000000, 0.000000, PMPI_Init
State, "rank-102", MPI_STATE, 0.000068, 0.000657, 0.000589, 0.000000, PMPI_Bcast
State, "rank-102", MPI_STATE, 0.000659, 0.000662, 0.000003, 0.000000, PMPI_Bcast
State, "rank-102", MPI_STATE, 0.000664, 0.000676, 0.000012, 0.000000, PMPI_Barrier
State, "rank-102", MPI_STATE, 0.000680, 0.000758, 0.000078, 0.000000, PMPI_Recv
State, "rank-102", MPI_STATE, 0.000763, 0.000763, 0.000000, 0.000000, PMPI_Reduce
State, "rank-102", MPI_STATE, 0.000765, 0.000765, 0.000000, 0.000000, PMPI_Reduce
State, "rank-102", MPI_STATE, 0.000767, 0.000867, 0.000100, 0.000000, PMPI_Barrier
State, "rank-102", MPI_STATE, 0.000871, 0.000871, 0.000000, 0.000000, PMPI_Finalize
State, "rank-101", MPI_STATE, 0.000000, 0.000000, 0.000000, 0.000000, PMPI_Init
State, "rank-101", MPI_STATE, 0.000065, 0.000657, 0.000592, 0.000000, PMPI_Bcast
State, "rank-101", MPI_STATE, 0.000659, 0.000662, 0.000003, 0.000000, PMPI_Bcast
State, "rank-101", MPI_STATE, 0.000663, 0.000675, 0.000012, 0.000000, PMPI_Barrier
State, "rank-101", MPI_STATE, 0.000678, 0.000762, 0.000084, 0.000000, PMPI_Recv
State, "rank-101", MPI_STATE, 0.000767, 0.000767, 0.000000, 0.000000, PMPI_Reduce
State, "rank-101", MPI_STATE, 0.000769, 0.000769, 0.000000, 0.000000, PMPI_Reduce
State, "rank-101", MPI_STATE, 0.000770, 0.000867, 0.000097, 0.000000, PMPI_Barrier
State, "rank-101", MPI_STATE, 0.000869, 0.000869, 0.000000, 0.000000, PMPI_Finalize
State, "rank-100", MPI_STATE, 0.000000, 0.000000, 0.000000, 0.000000, PMPI_Init
State, "rank-100", MPI_STATE, 0.000071, 0.000657, 0.000586, 0.000000, PMPI_Bcast
State, "rank-100", MPI_STATE, 0.000659, 0.000662, 0.000003, 0.000000, PMPI_Bcast
State, "rank-100", MPI_STATE, 0.000664, 0.000675, 0.000011, 0.000000, PMPI_Barrier
State, "rank-100", MPI_STATE, 0.000678, 0.000769, 0.000091, 0.000000, PMPI_Recv
State, "rank-100", MPI_STATE, 0.000775, 0.000775, 0.000000, 0.000000, PMPI_Reduce
State, "rank-100", MPI_STATE, 0.000776, 0.000776, 0.000000, 0.000000, PMPI_Reduce
State, "rank-100", MPI_STATE, 0.000778, 0.000867, 0.000089, 0.000000, PMPI_Barrier
State, "rank-100", MPI_STATE, 0.000869, 0.000869, 0.000000, 0.000000, PMPI_Finalize
State, "rank-99", MPI_STATE, 0.000000, 0.000000, 0.000000, 0.000000, PMPI_Init
State, "rank-99", MPI_STATE, 0.000072, 0.000657, 0.000585, 0.000000, PMPI_Bcast
State, "rank-99", MPI_STATE, 0.000659, 0.000662, 0.000003, 0.000000, PMPI_Bcast
State, "rank-99", MPI_STATE, 0.000664, 0.000675, 0.000011, 0.000000, PMPI_Barrier
State, "rank-99", MPI_STATE, 0.000679, 0.000762, 0.000083, 0.000000, PMPI_Recv
State, "rank-99", MPI_STATE, 0.000767, 0.000767, 0.000000, 0.000000, PMPI_Reduce
State, "rank-99", MPI_STATE, 0.000769, 0.000769, 0.000000, 0.000000, PMPI_Reduce
State, "rank-99", MPI_STATE, 0.000771, 0.000867, 0.000096, 0.000000, PMPI_Barrier
State, "rank-99", MPI_STATE, 0.000869, 0.000869, 0.000000, 0.000000, PMPI_Finalize
State, "rank-9", MPI_STATE, 0.000000, 0.000000, 0.000000, 0.000000, PMPI_Init
State, "rank-9", MPI_STATE, 0.000095, 0.000657, 0.000562, 0.000000, PMPI_Bcast
State, "rank-9", MPI_STATE, 0.000660, 0.000662, 0.000002, 0.000000, PMPI_Bcast
State, "rank-9", MPI_STATE, 0.000664, 0.000675, 0.000011, 0.000000, PMPI_Barrier
State, "rank-9", MPI_STATE, 0.000678, 0.000769, 0.000091, 0.000000, PMPI_Recv
State, "rank-9", MPI_STATE, 0.000775, 0.000775, 0.000000, 0.000000, PMPI_Reduce
State, "rank-9", MPI_STATE, 0.000777, 0.000777, 0.000000, 0.000000, PMPI_Reduce
State, "rank-9", MPI_STATE, 0.000779, 0.000867, 0.000088, 0.000000, PMPI_Barrier
State, "rank-9", MPI_STATE, 0.000869, 0.000869, 0.000000, 0.000000, PMPI_Finalize
State, "rank-0", MPI_STATE, 0.000000, 0.000000, 0.000000, 0.000000, PMPI_Init
State, "rank-0", MPI_STATE, 0.000655, 0.000655, 0.000000, 0.000000, PMPI_Bcast
State, "rank-0", MPI_STATE, 0.000659, 0.000659, 0.000000, 0.000000, PMPI_Bcast
State, "rank-0", MPI_STATE, 0.000664, 0.000673, 0.000009, 0.000000, PMPI_Barrier
State, "rank-0", MPI_STATE, 0.000736, 0.000736, 0.000000, 0.000000, PMPI_Isend
State, "rank-0", MPI_STATE, 0.000738, 0.000738, 0.000000, 0.000000, PMPI_Isend
State, "rank-0", MPI_STATE, 0.000740, 0.000740, 0.000000, 0.000000, PMPI_Isend
State, "rank-0", MPI_STATE, 0.000741, 0.000741, 0.000000, 0.000000, PMPI_Isend
State, "rank-0", MPI_STATE, 0.000742, 0.000742, 0.000000, 0.000000, PMPI_Isend
State, "rank-0", MPI_STATE, 0.000745, 0.000745, 0.000000, 0.000000, PMPI_Isend
State, "rank-0", MPI_STATE, 0.000747, 0.000747, 0.000000, 0.000000, PMPI_Isend
State, "rank-0", MPI_STATE, 0.000794, 0.000794, 0.000000, 0.000000, PMPI_Waitall
State, "rank-0", MPI_STATE, 0.000801, 0.000848, 0.000047, 0.000000, PMPI_Reduce
State, "rank-0", MPI_STATE, 0.000851, 0.000855, 0.000004, 0.000000, PMPI_Reduce
State, "rank-0", MPI_STATE, 0.000860, 0.000865, 0.000005, 0.000000, PMPI_Barrier
State, "rank-0", MPI_STATE, 0.000929, 0.000929, 0.000000, 0.000000, PMPI_Finalize
