Container, 0, 0, 0, 0.001168, 0.001168, 0
Link, 0, MPI_LINK, 0.000000, 0.000000, 0.000000, PTP, "rank-1", "rank-0", 2_1_-778_1
Link, 0, MPI_LINK, 0.000000, 0.000000, 0.000000, PTP, "rank-16", "rank-0", 17_1_-778_16
Link, 0, MPI_LINK, 0.000000, 0.000000, 0.000000, PTP, "rank-32", "rank-0", 33_1_-778_32
Link, 0, MPI_LINK, 0.000000, 0.000000, 0.000000, PTP, "rank-2", "rank-0", 3_1_-778_2
Link, 0, MPI_LINK, 0.000000, 0.000000, 0.000000, PTP, "rank-17", "rank-0", 18_1_-778_17
Link, 0, MPI_LINK, 0.000000, 0.000001, 0.000001, PTP, "rank-48", "rank-0", 49_1_-778_48
Link, 0, MPI_LINK, 0.000000, 0.000001, 0.000001, PTP, "rank-3", "rank-0", 4_1_-778_3
Link, 0, MPI_LINK, 0.000000, 0.000001, 0.000001, PTP, "rank-18", "rank-0", 19_1_-778_18
Link, 0, MPI_LINK, 0.000000, 0.000001, 0.000001, PTP, "rank-33", "rank-0", 34_1_-778_33
Link, 0, MPI_LINK, 0.000000, 0.000001, 0.000001, PTP, "rank-64", "rank-0", 65_1_-778_64
Link, 0, MPI_LINK, 0.000000, 0.000001, 0.000001, PTP, "rank-4", "rank-0", 5_1_-778_4
Link, 0, MPI_LINK, 0.000000, 0.000001, 0.000001, PTP, "rank-19", "rank-0", 20_1_-778_19
Link, 0, MPI_LINK, 0.000000, 0.000001, 0.000001, PTP, "rank-34", "rank-0", 35_1_-778_34
Link, 0, MPI_LINK, 0.000000, 0.000001, 0.000001, PTP, "rank-49", "rank-0", 50_1_-778_49
Link, 0, MPI_LINK, 0.000000, 0.000001, 0.000001, PTP, "rank-80", "rank-0", 81_1_-778_80
Link, 0, MPI_LINK, 0.000000, 0.000001, 0.000001, PTP, "rank-5", "rank-0", 6_1_-778_5
Link, 0, MPI_LINK, 0.000000, 0.000001, 0.000001, PTP, "rank-20", "rank-0", 21_1_-778_20
Link, 0, MPI_LINK, 0.000000, 0.000001, 0.000001, PTP, "rank-35", "rank-0", 36_1_-778_35
Link, 0, MPI_LINK, 0.000000, 0.000001, 0.000001, PTP, "rank-50", "rank-0", 51_1_-778_50
Link, 0, MPI_LINK, 0.000000, 0.000001, 0.000001, PTP, "rank-65", "rank-0", 66_1_-778_65
Link, 0, MPI_LINK, 0.000000, 0.000001, 0.000001, PTP, "rank-96", "rank-0", 97_1_-778_96
Link, 0, MPI_LINK, 0.000000, 0.000001, 0.000001, PTP, "rank-6", "rank-0", 7_1_-778_6
Link, 0, MPI_LINK, 0.000000, 0.000001, 0.000001, PTP, "rank-21", "rank-0", 22_1_-778_21
Link, 0, MPI_LINK, 0.000000, 0.000001, 0.000001, PTP, "rank-36", "rank-0", 37_1_-778_36
Link, 0, MPI_LINK, 0.000000, 0.000001, 0.000001, PTP, "rank-51", "rank-0", 52_1_-778_51
Link, 0, MPI_LINK, 0.000000, 0.000001, 0.000001, PTP, "rank-66", "rank-0", 67_1_-778_66
Link, 0, MPI_LINK, 0.000000, 0.000001, 0.000001, PTP, "rank-81", "rank-0", 82_1_-778_81
Link, 0, MPI_LINK, 0.000000, 0.000001, 0.000001, PTP, "rank-112", "rank-0", 113_1_-778_112
Link, 0, MPI_LINK, 0.000000, 0.000001, 0.000001, PTP, "rank-7", "rank-0", 8_1_-778_7
Link, 0, MPI_LINK, 0.000000, 0.000001, 0.000001, PTP, "rank-22", "rank-0", 23_1_-778_22
Link, 0, MPI_LINK, 0.000000, 0.000001, 0.000001, PTP, "rank-37", "rank-0", 38_1_-778_37
Link, 0, MPI_LINK, 0.000000, 0.000001, 0.000001, PTP, "rank-52", "rank-0", 53_1_-778_52
Link, 0, MPI_LINK, 0.000000, 0.000001, 0.000001, PTP, "rank-67", "rank-0", 68_1_-778_67
Link, 0, MPI_LINK, 0.000000, 0.000001, 0.000001, PTP, "rank-82", "rank-0", 83_1_-778_82
Link, 0, MPI_LINK, 0.000000, 0.000001, 0.000001, PTP, "rank-97", "rank-0", 98_1_-778_97
Link, 0, MPI_LINK, 0.000000, 0.000002, 0.000002, PTP, "rank-8", "rank-0", 9_1_-778_8
Link, 0, MPI_LINK, 0.000000, 0.000002, 0.000002, PTP, "rank-23", "rank-0", 24_1_-778_23
Link, 0, MPI_LINK, 0.000000, 0.000002, 0.000002, PTP, "rank-38", "rank-0", 39_1_-778_38
Link, 0, MPI_LINK, 0.000000, 0.000002, 0.000002, PTP, "rank-53", "rank-0", 54_1_-778_53
Link, 0, MPI_LINK, 0.000000, 0.000002, 0.000002, PTP, "rank-68", "rank-0", 69_1_-778_68
Link, 0, MPI_LINK, 0.000000, 0.000002, 0.000002, PTP, "rank-83", "rank-0", 84_1_-778_83
Link, 0, MPI_LINK, 0.000000, 0.000002, 0.000002, PTP, "rank-98", "rank-0", 99_1_-778_98
Link, 0, MPI_LINK, 0.000000, 0.000002, 0.000002, PTP, "rank-113", "rank-0", 114_1_-778_113
Link, 0, MPI_LINK, 0.000000, 0.000002, 0.000002, PTP, "rank-9", "rank-0", 10_1_-778_9
Link, 0, MPI_LINK, 0.000000, 0.000002, 0.000002, PTP, "rank-24", "rank-0", 25_1_-778_24
Link, 0, MPI_LINK, 0.000000, 0.000002, 0.000002, PTP, "rank-39", "rank-0", 40_1_-778_39
Link, 0, MPI_LINK, 0.000000, 0.000002, 0.000002, PTP, "rank-54", "rank-0", 55_1_-778_54
Link, 0, MPI_LINK, 0.000000, 0.000002, 0.000002, PTP, "rank-69", "rank-0", 70_1_-778_69
Link, 0, MPI_LINK, 0.000000, 0.000002, 0.000002, PTP, "rank-84", "rank-0", 85_1_-778_84
Link, 0, MPI_LINK, 0.000000, 0.000002, 0.000002, PTP, "rank-99", "rank-0", 100_1_-778_99
Link, 0, MPI_LINK, 0.000000, 0.000002, 0.000002, PTP, "rank-114", "rank-0", 115_1_-778_114
Link, 0, MPI_LINK, 0.000000, 0.000002, 0.000002, PTP, "rank-10", "rank-0", 11_1_-778_10
Link, 0, MPI_LINK, 0.000000, 0.000002, 0.000002, PTP, "rank-25", "rank-0", 26_1_-778_25
Link, 0, MPI_LINK, 0.000000, 0.000002, 0.000002, PTP, "rank-40", "rank-0", 41_1_-778_40
Link, 0, MPI_LINK, 0.000000, 0.000002, 0.000002, PTP, "rank-55", "rank-0", 56_1_-778_55
Link, 0, MPI_LINK, 0.000000, 0.000002, 0.000002, PTP, "rank-70", "rank-0", 71_1_-778_70
Link, 0, MPI_LINK, 0.000000, 0.000002, 0.000002, PTP, "rank-85", "rank-0", 86_1_-778_85
Link, 0, MPI_LINK, 0.000000, 0.000002, 0.000002, PTP, "rank-100", "rank-0", 101_1_-778_100
Link, 0, MPI_LINK, 0.000000, 0.000002, 0.000002, PTP, "rank-115", "rank-0", 116_1_-778_115
Link, 0, MPI_LINK, 0.000000, 0.000002, 0.000002, PTP, "rank-11", "rank-0", 12_1_-778_11
Link, 0, MPI_LINK, 0.000000, 0.000002, 0.000002, PTP, "rank-26", "rank-0", 27_1_-778_26
Link, 0, MPI_LINK, 0.000000, 0.000002, 0.000002, PTP, "rank-41", "rank-0", 42_1_-778_41
Link, 0, MPI_LINK, 0.000000, 0.000002, 0.000002, PTP, "rank-56", "rank-0", 57_1_-778_56
Link, 0, MPI_LINK, 0.000000, 0.000002, 0.000002, PTP, "rank-71", "rank-0", 72_1_-778_71
Link, 0, MPI_LINK, 0.000000, 0.000002, 0.000002, PTP, "rank-86", "rank-0", 87_1_-778_86
Link, 0, MPI_LINK, 0.000000, 0.000002, 0.000002, PTP, "rank-101", "rank-0", 102_1_-778_101
Link, 0, MPI_LINK, 0.000000, 0.000002, 0.000002, PTP, "rank-116", "rank-0", 117_1_-778_116
Link, 0, MPI_LINK, 0.000000, 0.000002, 0.000002, PTP, "rank-12", "rank-0", 13_1_-778_12
Link, 0, MPI_LINK, 0.000000, 0.000002, 0.000002, PTP, "rank-27", "rank-0", 28_1_-778_27
Link, 0, MPI_LINK, 0.000000, 0.000002, 0.000002, PTP, "rank-42", "rank-0", 43_1_-778_42
Link, 0, MPI_LINK, 0.000000, 0.000002, 0.000002, PTP, "rank-57", "rank-0", 58_1_-778_57
Link, 0, MPI_LINK, 0.000000, 0.000002, 0.000002, PTP, "rank-72", "rank-0", 73_1_-778_72
Link, 0, MPI_LINK, 0.000000, 0.000002, 0.000002, PTP, "rank-87", "rank-0", 88_1_-778_87
Link, 0, MPI_LINK, 0.000000, 0.000002, 0.000002, PTP, "rank-102", "rank-0", 103_1_-778_102
Link, 0, MPI_LINK, 0.000000, 0.000002, 0.000002, PTP, "rank-117", "rank-0", 118_1_-778_117
Link, 0, MPI_LINK, 0.000000, 0.000003, 0.000003, PTP, "rank-13", "rank-0", 14_1_-778_13
Link, 0, MPI_LINK, 0.000000, 0.000003, 0.000003, PTP, "rank-28", "rank-0", 29_1_-778_28
Link, 0, MPI_LINK, 0.000000, 0.000003, 0.000003, PTP, "rank-43", "rank-0", 44_1_-778_43
Link, 0, MPI_LINK, 0.000000, 0.000003, 0.000003, PTP, "rank-58", "rank-0", 59_1_-778_58
Link, 0, MPI_LINK, 0.000000, 0.000003, 0.000003, PTP, "rank-73", "rank-0", 74_1_-778_73
Link, 0, MPI_LINK, 0.000000, 0.000003, 0.000003, PTP, "rank-88", "rank-0", 89_1_-778_88
Link, 0, MPI_LINK, 0.000000, 0.000003, 0.000003, PTP, "rank-103", "rank-0", 104_1_-778_103
Link, 0, MPI_LINK, 0.000000, 0.000003, 0.000003, PTP, "rank-118", "rank-0", 119_1_-778_118
Link, 0, MPI_LINK, 0.000000, 0.000003, 0.000003, PTP, "rank-14", "rank-0", 15_1_-778_14
Link, 0, MPI_LINK, 0.000000, 0.000003, 0.000003, PTP, "rank-29", "rank-0", 30_1_-778_29
Link, 0, MPI_LINK, 0.000000, 0.000003, 0.000003, PTP, "rank-44", "rank-0", 45_1_-778_44
Link, 0, MPI_LINK, 0.000000, 0.000003, 0.000003, PTP, "rank-59", "rank-0", 60_1_-778_59
Link, 0, MPI_LINK, 0.000000, 0.000003, 0.000003, PTP, "rank-74", "rank-0", 75_1_-778_74
Link, 0, MPI_LINK, 0.000000, 0.000003, 0.000003, PTP, "rank-89", "rank-0", 90_1_-778_89
Link, 0, MPI_LINK, 0.000000, 0.000003, 0.000003, PTP, "rank-104", "rank-0", 105_1_-778_104
Link, 0, MPI_LINK, 0.000000, 0.000003, 0.000003, PTP, "rank-119", "rank-0", 120_1_-778_119
Link, 0, MPI_LINK, 0.000000, 0.000003, 0.000003, PTP, "rank-15", "rank-0", 16_1_-778_15
Link, 0, MPI_LINK, 0.000000, 0.000003, 0.000003, PTP, "rank-30", "rank-0", 31_1_-778_30
Link, 0, MPI_LINK, 0.000000, 0.000003, 0.000003, PTP, "rank-45", "rank-0", 46_1_-778_45
Link, 0, MPI_LINK, 0.000000, 0.000003, 0.000003, PTP, "rank-60", "rank-0", 61_1_-778_60
Link, 0, MPI_LINK, 0.000000, 0.000003, 0.000003, PTP, "rank-75", "rank-0", 76_1_-778_75
Link, 0, MPI_LINK, 0.000000, 0.000003, 0.000003, PTP, "rank-90", "rank-0", 91_1_-778_90
Link, 0, MPI_LINK, 0.000000, 0.000003, 0.000003, PTP, "rank-105", "rank-0", 106_1_-778_105
Link, 0, MPI_LINK, 0.000000, 0.000003, 0.000003, PTP, "rank-120", "rank-0", 121_1_-778_120
Link, 0, MPI_LINK, 0.000000, 0.000003, 0.000003, PTP, "rank-31", "rank-0", 32_1_-778_31
Link, 0, MPI_LINK, 0.000000, 0.000003, 0.000003, PTP, "rank-46", "rank-0", 47_1_-778_46
Link, 0, MPI_LINK, 0.000000, 0.000003, 0.000003, PTP, "rank-61", "rank-0", 62_1_-778_61
Link, 0, MPI_LINK, 0.000000, 0.000003, 0.000003, PTP, "rank-76", "rank-0", 77_1_-778_76
Link, 0, MPI_LINK, 0.000000, 0.000003, 0.000003, PTP, "rank-91", "rank-0", 92_1_-778_91
Link, 0, MPI_LINK, 0.000000, 0.000003, 0.000003, PTP, "rank-106", "rank-0", 107_1_-778_106
Link, 0, MPI_LINK, 0.000000, 0.000003, 0.000003, PTP, "rank-121", "rank-0", 122_1_-778_121
Link, 0, MPI_LINK, 0.000000, 0.000003, 0.000003, PTP, "rank-47", "rank-0", 48_1_-778_47
Link, 0, MPI_LINK, 0.000000, 0.000003, 0.000003, PTP, "rank-62", "rank-0", 63_1_-778_62
Link, 0, MPI_LINK, 0.000000, 0.000003, 0.000003, PTP, "rank-77", "rank-0", 78_1_-778_77
Link, 0, MPI_LINK, 0.000000, 0.000003, 0.000003, PTP, "rank-92", "rank-0", 93_1_-778_92
Link, 0, MPI_LINK, 0.000000, 0.000003, 0.000003, PTP, "rank-107", "rank-0", 108_1_-778_107
Link, 0, MPI_LINK, 0.000000, 0.000003, 0.000003, PTP, "rank-122", "rank-0", 123_1_-778_122
Link, 0, MPI_LINK, 0.000000, 0.000004, 0.000004, PTP, "rank-63", "rank-0", 64_1_-778_63
Link, 0, MPI_LINK, 0.000000, 0.000004, 0.000004, PTP, "rank-78", "rank-0", 79_1_-778_78
Link, 0, MPI_LINK, 0.000000, 0.000004, 0.000004, PTP, "rank-93", "rank-0", 94_1_-778_93
Link, 0, MPI_LINK, 0.000000, 0.000004, 0.000004, PTP, "rank-108", "rank-0", 109_1_-778_108
Link, 0, MPI_LINK, 0.000000, 0.000004, 0.000004, PTP, "rank-123", "rank-0", 124_1_-778_123
Link, 0, MPI_LINK, 0.000000, 0.000004, 0.000004, PTP, "rank-79", "rank-0", 80_1_-778_79
Link, 0, MPI_LINK, 0.000000, 0.000004, 0.000004, PTP, "rank-94", "rank-0", 95_1_-778_94
Link, 0, MPI_LINK, 0.000000, 0.000004, 0.000004, PTP, "rank-109", "rank-0", 110_1_-778_109
Link, 0, MPI_LINK, 0.000000, 0.000004, 0.000004, PTP, "rank-124", "rank-0", 125_1_-778_124
Link, 0, MPI_LINK, 0.000000, 0.000004, 0.000004, PTP, "rank-95", "rank-0", 96_1_-778_95
Link, 0, MPI_LINK, 0.000000, 0.000004, 0.000004, PTP, "rank-110", "rank-0", 111_1_-778_110
Link, 0, MPI_LINK, 0.000000, 0.000004, 0.000004, PTP, "rank-125", "rank-0", 126_1_-778_125
Link, 0, MPI_LINK, 0.000000, 0.000004, 0.000004, PTP, "rank-111", "rank-0", 112_1_-778_111
Link, 0, MPI_LINK, 0.000000, 0.000004, 0.000004, PTP, "rank-126", "rank-0", 127_1_-778_126
Link, 0, MPI_LINK, 0.000000, 0.000004, 0.000004, PTP, "rank-127", "rank-0", 128_1_-778_127
Link, 0, MPI_LINK, 0.000004, 0.000005, 0.000001, PTP, "rank-0", "rank-1", 1_2_-778_128
Link, 0, MPI_LINK, 0.000004, 0.000005, 0.000001, PTP, "rank-0", "rank-16", 1_17_-778_143
Link, 0, MPI_LINK, 0.000004, 0.000005, 0.000001, PTP, "rank-0", "rank-32", 1_33_-778_159
Link, 0, MPI_LINK, 0.000004, 0.000005, 0.000001, PTP, "rank-0", "rank-17", 1_18_-778_144
Link, 0, MPI_LINK, 0.000004, 0.000005, 0.000001, PTP, "rank-0", "rank-2", 1_3_-778_129
Link, 0, MPI_LINK, 0.000004, 0.000005, 0.000001, PTP, "rank-0", "rank-48", 1_49_-778_175
Link, 0, MPI_LINK, 0.000004, 0.000005, 0.000001, PTP, "rank-0", "rank-33", 1_34_-778_160
Link, 0, MPI_LINK, 0.000004, 0.000005, 0.000001, PTP, "rank-0", "rank-18", 1_19_-778_145
Link, 0, MPI_LINK, 0.000004, 0.000005, 0.000001, PTP, "rank-0", "rank-3", 1_4_-778_130
Link, 0, MPI_LINK, 0.000004, 0.000005, 0.000001, PTP, "rank-0", "rank-64", 1_65_-778_191
Link, 0, MPI_LINK, 0.000004, 0.000005, 0.000001, PTP, "rank-0", "rank-49", 1_50_-778_176
Link, 0, MPI_LINK, 0.000004, 0.000005, 0.000001, PTP, "rank-0", "rank-34", 1_35_-778_161
Link, 0, MPI_LINK, 0.000004, 0.000005, 0.000001, PTP, "rank-0", "rank-19", 1_20_-778_146
Link, 0, MPI_LINK, 0.000004, 0.000005, 0.000001, PTP, "rank-0", "rank-4", 1_5_-778_131
Link, 0, MPI_LINK, 0.000004, 0.000005, 0.000001, PTP, "rank-0", "rank-80", 1_81_-778_207
Link, 0, MPI_LINK, 0.000004, 0.000005, 0.000001, PTP, "rank-0", "rank-65", 1_66_-778_192
Link, 0, MPI_LINK, 0.000004, 0.000005, 0.000001, PTP, "rank-0", "rank-50", 1_51_-778_177
Link, 0, MPI_LINK, 0.000004, 0.000005, 0.000001, PTP, "rank-0", "rank-35", 1_36_-778_162
Link, 0, MPI_LINK, 0.000004, 0.000005, 0.000001, PTP, "rank-0", "rank-20", 1_21_-778_147
Link, 0, MPI_LINK, 0.000004, 0.000005, 0.000001, PTP, "rank-0", "rank-5", 1_6_-778_132
Link, 0, MPI_LINK, 0.000004, 0.000006, 0.000002, PTP, "rank-0", "rank-96", 1_97_-778_223
Link, 0, MPI_LINK, 0.000004, 0.000006, 0.000002, PTP, "rank-0", "rank-81", 1_82_-778_208
Link, 0, MPI_LINK, 0.000004, 0.000006, 0.000002, PTP, "rank-0", "rank-66", 1_67_-778_193
Link, 0, MPI_LINK, 0.000004, 0.000006, 0.000002, PTP, "rank-0", "rank-51", 1_52_-778_178
Link, 0, MPI_LINK, 0.000004, 0.000006, 0.000002, PTP, "rank-0", "rank-36", 1_37_-778_163
Link, 0, MPI_LINK, 0.000004, 0.000006, 0.000002, PTP, "rank-0", "rank-21", 1_22_-778_148
Link, 0, MPI_LINK, 0.000004, 0.000006, 0.000002, PTP, "rank-0", "rank-6", 1_7_-778_133
Link, 0, MPI_LINK, 0.000004, 0.000006, 0.000002, PTP, "rank-0", "rank-112", 1_113_-778_239
Link, 0, MPI_LINK, 0.000004, 0.000006, 0.000002, PTP, "rank-0", "rank-97", 1_98_-778_224
Link, 0, MPI_LINK, 0.000004, 0.000006, 0.000002, PTP, "rank-0", "rank-82", 1_83_-778_209
Link, 0, MPI_LINK, 0.000004, 0.000006, 0.000002, PTP, "rank-0", "rank-67", 1_68_-778_194
Link, 0, MPI_LINK, 0.000004, 0.000006, 0.000002, PTP, "rank-0", "rank-52", 1_53_-778_179
Link, 0, MPI_LINK, 0.000004, 0.000006, 0.000002, PTP, "rank-0", "rank-37", 1_38_-778_164
Link, 0, MPI_LINK, 0.000004, 0.000006, 0.000002, PTP, "rank-0", "rank-22", 1_23_-778_149
Link, 0, MPI_LINK, 0.000004, 0.000006, 0.000002, PTP, "rank-0", "rank-7", 1_8_-778_134
Link, 0, MPI_LINK, 0.000004, 0.000006, 0.000002, PTP, "rank-0", "rank-113", 1_114_-778_240
Link, 0, MPI_LINK, 0.000004, 0.000006, 0.000002, PTP, "rank-0", "rank-98", 1_99_-778_225
Link, 0, MPI_LINK, 0.000004, 0.000006, 0.000002, PTP, "rank-0", "rank-83", 1_84_-778_210
Link, 0, MPI_LINK, 0.000004, 0.000006, 0.000002, PTP, "rank-0", "rank-68", 1_69_-778_195
Link, 0, MPI_LINK, 0.000004, 0.000006, 0.000002, PTP, "rank-0", "rank-53", 1_54_-778_180
Link, 0, MPI_LINK, 0.000004, 0.000006, 0.000002, PTP, "rank-0", "rank-38", 1_39_-778_165
Link, 0, MPI_LINK, 0.000004, 0.000006, 0.000002, PTP, "rank-0", "rank-23", 1_24_-778_150
Link, 0, MPI_LINK, 0.000004, 0.000006, 0.000002, PTP, "rank-0", "rank-8", 1_9_-778_135
Link, 0, MPI_LINK, 0.000004, 0.000006, 0.000002, PTP, "rank-0", "rank-114", 1_115_-778_241
Link, 0, MPI_LINK, 0.000004, 0.000006, 0.000002, PTP, "rank-0", "rank-99", 1_100_-778_226
Link, 0, MPI_LINK, 0.000004, 0.000006, 0.000002, PTP, "rank-0", "rank-84", 1_85_-778_211
Link, 0, MPI_LINK, 0.000004, 0.000006, 0.000002, PTP, "rank-0", "rank-69", 1_70_-778_196
Link, 0, MPI_LINK, 0.000004, 0.000006, 0.000002, PTP, "rank-0", "rank-54", 1_55_-778_181
Link, 0, MPI_LINK, 0.000004, 0.000006, 0.000002, PTP, "rank-0", "rank-39", 1_40_-778_166
Link, 0, MPI_LINK, 0.000004, 0.000006, 0.000002, PTP, "rank-0", "rank-24", 1_25_-778_151
Link, 0, MPI_LINK, 0.000004, 0.000006, 0.000002, PTP, "rank-0", "rank-9", 1_10_-778_136
Link, 0, MPI_LINK, 0.000004, 0.000006, 0.000002, PTP, "rank-0", "rank-115", 1_116_-778_242
Link, 0, MPI_LINK, 0.000004, 0.000006, 0.000002, PTP, "rank-0", "rank-100", 1_101_-778_227
Link, 0, MPI_LINK, 0.000004, 0.000006, 0.000002, PTP, "rank-0", "rank-85", 1_86_-778_212
Link, 0, MPI_LINK, 0.000004, 0.000006, 0.000002, PTP, "rank-0", "rank-70", 1_71_-778_197
Link, 0, MPI_LINK, 0.000004, 0.000006, 0.000002, PTP, "rank-0", "rank-55", 1_56_-778_182
Link, 0, MPI_LINK, 0.000004, 0.000006, 0.000002, PTP, "rank-0", "rank-40", 1_41_-778_167
Link, 0, MPI_LINK, 0.000004, 0.000006, 0.000002, PTP, "rank-0", "rank-25", 1_26_-778_152
Link, 0, MPI_LINK, 0.000004, 0.000006, 0.000002, PTP, "rank-0", "rank-10", 1_11_-778_137
Link, 0, MPI_LINK, 0.000004, 0.000007, 0.000003, PTP, "rank-0", "rank-116", 1_117_-778_243
Link, 0, MPI_LINK, 0.000004, 0.000007, 0.000003, PTP, "rank-0", "rank-101", 1_102_-778_228
Link, 0, MPI_LINK, 0.000004, 0.000007, 0.000003, PTP, "rank-0", "rank-86", 1_87_-778_213
Link, 0, MPI_LINK, 0.000004, 0.000007, 0.000003, PTP, "rank-0", "rank-71", 1_72_-778_198
Link, 0, MPI_LINK, 0.000004, 0.000007, 0.000003, PTP, "rank-0", "rank-56", 1_57_-778_183
Link, 0, MPI_LINK, 0.000004, 0.000007, 0.000003, PTP, "rank-0", "rank-41", 1_42_-778_168
Link, 0, MPI_LINK, 0.000004, 0.000007, 0.000003, PTP, "rank-0", "rank-26", 1_27_-778_153
Link, 0, MPI_LINK, 0.000004, 0.000007, 0.000003, PTP, "rank-0", "rank-11", 1_12_-778_138
Link, 0, MPI_LINK, 0.000004, 0.000007, 0.000003, PTP, "rank-0", "rank-117", 1_118_-778_244
Link, 0, MPI_LINK, 0.000004, 0.000007, 0.000003, PTP, "rank-0", "rank-102", 1_103_-778_229
Link, 0, MPI_LINK, 0.000004, 0.000007, 0.000003, PTP, "rank-0", "rank-87", 1_88_-778_214
Link, 0, MPI_LINK, 0.000004, 0.000007, 0.000003, PTP, "rank-0", "rank-72", 1_73_-778_199
Link, 0, MPI_LINK, 0.000004, 0.000007, 0.000003, PTP, "rank-0", "rank-57", 1_58_-778_184
Link, 0, MPI_LINK, 0.000004, 0.000007, 0.000003, PTP, "rank-0", "rank-42", 1_43_-778_169
Link, 0, MPI_LINK, 0.000004, 0.000007, 0.000003, PTP, "rank-0", "rank-27", 1_28_-778_154
Link, 0, MPI_LINK, 0.000004, 0.000007, 0.000003, PTP, "rank-0", "rank-12", 1_13_-778_139
Link, 0, MPI_LINK, 0.000004, 0.000007, 0.000003, PTP, "rank-0", "rank-118", 1_119_-778_245
Link, 0, MPI_LINK, 0.000004, 0.000007, 0.000003, PTP, "rank-0", "rank-103", 1_104_-778_230
Link, 0, MPI_LINK, 0.000004, 0.000007, 0.000003, PTP, "rank-0", "rank-88", 1_89_-778_215
Link, 0, MPI_LINK, 0.000004, 0.000007, 0.000003, PTP, "rank-0", "rank-73", 1_74_-778_200
Link, 0, MPI_LINK, 0.000004, 0.000007, 0.000003, PTP, "rank-0", "rank-58", 1_59_-778_185
Link, 0, MPI_LINK, 0.000004, 0.000007, 0.000003, PTP, "rank-0", "rank-43", 1_44_-778_170
Link, 0, MPI_LINK, 0.000004, 0.000007, 0.000003, PTP, "rank-0", "rank-28", 1_29_-778_155
Link, 0, MPI_LINK, 0.000004, 0.000007, 0.000003, PTP, "rank-0", "rank-13", 1_14_-778_140
Link, 0, MPI_LINK, 0.000004, 0.000007, 0.000003, PTP, "rank-0", "rank-119", 1_120_-778_246
Link, 0, MPI_LINK, 0.000004, 0.000007, 0.000003, PTP, "rank-0", "rank-104", 1_105_-778_231
Link, 0, MPI_LINK, 0.000004, 0.000007, 0.000003, PTP, "rank-0", "rank-89", 1_90_-778_216
Link, 0, MPI_LINK, 0.000004, 0.000007, 0.000003, PTP, "rank-0", "rank-74", 1_75_-778_201
Link, 0, MPI_LINK, 0.000004, 0.000007, 0.000003, PTP, "rank-0", "rank-59", 1_60_-778_186
Link, 0, MPI_LINK, 0.000004, 0.000007, 0.000003, PTP, "rank-0", "rank-44", 1_45_-778_171
Link, 0, MPI_LINK, 0.000004, 0.000007, 0.000003, PTP, "rank-0", "rank-29", 1_30_-778_156
Link, 0, MPI_LINK, 0.000004, 0.000007, 0.000003, PTP, "rank-0", "rank-14", 1_15_-778_141
Link, 0, MPI_LINK, 0.000004, 0.000007, 0.000003, PTP, "rank-0", "rank-120", 1_121_-778_247
Link, 0, MPI_LINK, 0.000004, 0.000007, 0.000003, PTP, "rank-0", "rank-105", 1_106_-778_232
Link, 0, MPI_LINK, 0.000004, 0.000007, 0.000003, PTP, "rank-0", "rank-90", 1_91_-778_217
Link, 0, MPI_LINK, 0.000004, 0.000007, 0.000003, PTP, "rank-0", "rank-75", 1_76_-778_202
Link, 0, MPI_LINK, 0.000004, 0.000007, 0.000003, PTP, "rank-0", "rank-60", 1_61_-778_187
Link, 0, MPI_LINK, 0.000004, 0.000007, 0.000003, PTP, "rank-0", "rank-45", 1_46_-778_172
Link, 0, MPI_LINK, 0.000004, 0.000007, 0.000003, PTP, "rank-0", "rank-30", 1_31_-778_157
Link, 0, MPI_LINK, 0.000004, 0.000007, 0.000003, PTP, "rank-0", "rank-15", 1_16_-778_142
Link, 0, MPI_LINK, 0.000004, 0.000008, 0.000004, PTP, "rank-0", "rank-121", 1_122_-778_248
Link, 0, MPI_LINK, 0.000004, 0.000008, 0.000004, PTP, "rank-0", "rank-106", 1_107_-778_233
Link, 0, MPI_LINK, 0.000004, 0.000008, 0.000004, PTP, "rank-0", "rank-91", 1_92_-778_218
Link, 0, MPI_LINK, 0.000004, 0.000008, 0.000004, PTP, "rank-0", "rank-76", 1_77_-778_203
Link, 0, MPI_LINK, 0.000004, 0.000008, 0.000004, PTP, "rank-0", "rank-61", 1_62_-778_188
Link, 0, MPI_LINK, 0.000004, 0.000008, 0.000004, PTP, "rank-0", "rank-46", 1_47_-778_173
Link, 0, MPI_LINK, 0.000004, 0.000008, 0.000004, PTP, "rank-0", "rank-31", 1_32_-778_158
Link, 0, MPI_LINK, 0.000004, 0.000008, 0.000004, PTP, "rank-0", "rank-122", 1_123_-778_249
Link, 0, MPI_LINK, 0.000004, 0.000008, 0.000004, PTP, "rank-0", "rank-107", 1_108_-778_234
Link, 0, MPI_LINK, 0.000004, 0.000008, 0.000004, PTP, "rank-0", "rank-92", 1_93_-778_219
Link, 0, MPI_LINK, 0.000004, 0.000008, 0.000004, PTP, "rank-0", "rank-77", 1_78_-778_204
Link, 0, MPI_LINK, 0.000004, 0.000008, 0.000004, PTP, "rank-0", "rank-62", 1_63_-778_189
Link, 0, MPI_LINK, 0.000004, 0.000008, 0.000004, PTP, "rank-0", "rank-47", 1_48_-778_174
Link, 0, MPI_LINK, 0.000004, 0.000008, 0.000004, PTP, "rank-0", "rank-123", 1_124_-778_250
Link, 0, MPI_LINK, 0.000004, 0.000008, 0.000004, PTP, "rank-0", "rank-108", 1_109_-778_235
Link, 0, MPI_LINK, 0.000004, 0.000008, 0.000004, PTP, "rank-0", "rank-93", 1_94_-778_220
Link, 0, MPI_LINK, 0.000004, 0.000008, 0.000004, PTP, "rank-0", "rank-78", 1_79_-778_205
Link, 0, MPI_LINK, 0.000004, 0.000008, 0.000004, PTP, "rank-0", "rank-63", 1_64_-778_190
Link, 0, MPI_LINK, 0.000004, 0.000008, 0.000004, PTP, "rank-0", "rank-124", 1_125_-778_251
Link, 0, MPI_LINK, 0.000004, 0.000008, 0.000004, PTP, "rank-0", "rank-109", 1_110_-778_236
Link, 0, MPI_LINK, 0.000004, 0.000008, 0.000004, PTP, "rank-0", "rank-94", 1_95_-778_221
Link, 0, MPI_LINK, 0.000004, 0.000008, 0.000004, PTP, "rank-0", "rank-79", 1_80_-778_206
Link, 0, MPI_LINK, 0.000004, 0.000008, 0.000004, PTP, "rank-0", "rank-125", 1_126_-778_252
Link, 0, MPI_LINK, 0.000004, 0.000008, 0.000004, PTP, "rank-0", "rank-110", 1_111_-778_237
Link, 0, MPI_LINK, 0.000004, 0.000008, 0.000004, PTP, "rank-0", "rank-95", 1_96_-778_222
Link, 0, MPI_LINK, 0.000004, 0.000009, 0.000005, PTP, "rank-0", "rank-126", 1_127_-778_253
Link, 0, MPI_LINK, 0.000004, 0.000009, 0.000005, PTP, "rank-0", "rank-111", 1_112_-778_238
Link, 0, MPI_LINK, 0.000004, 0.000009, 0.000005, PTP, "rank-0", "rank-127", 1_128_-778_254
Link, 0, MPI_LINK, 0.000004, 0.000113, 0.000109, PTP, "rank-0", "rank-56", 1_57_6_255
Link, 0, MPI_LINK, 0.000113, 0.000211, 0.000098, PTP, "rank-56", "rank-60", 57_61_5_257
Link, 0, MPI_LINK, 0.000113, 0.000215, 0.000102, PTP, "rank-0", "rank-52", 1_53_5_256
Link, 0, MPI_LINK, 0.000211, 0.000307, 0.000096, PTP, "rank-56", "rank-58", 57_59_4_259
Link, 0, MPI_LINK, 0.000211, 0.000310, 0.000099, PTP, "rank-60", "rank-47", 61_48_4_258
Link, 0, MPI_LINK, 0.000215, 0.000311, 0.000096, PTP, "rank-52", "rank-54", 53_55_4_260
Link, 0, MPI_LINK, 0.000215, 0.000314, 0.000099, PTP, "rank-0", "rank-65", 1_66_4_261
Link, 0, MPI_LINK, 0.000307, 0.000402, 0.000095, PTP, "rank-58", "rank-59", 59_60_3_262
Link, 0, MPI_LINK, 0.000307, 0.000402, 0.000095, PTP, "rank-56", "rank-57", 57_58_3_263
Link, 0, MPI_LINK, 0.000310, 0.000404, 0.000094, PTP, "rank-60", "rank-61", 61_62_3_265
Link, 0, MPI_LINK, 0.000311, 0.000406, 0.000095, PTP, "rank-52", "rank-53", 53_54_3_267
Link, 0, MPI_LINK, 0.000311, 0.000406, 0.000095, PTP, "rank-54", "rank-55", 55_56_3_266
Link, 0, MPI_LINK, 0.000310, 0.000408, 0.000098, PTP, "rank-47", "rank-94", 48_95_3_264
Link, 0, MPI_LINK, 0.000314, 0.000411, 0.000097, PTP, "rank-0", "rank-18", 1_19_3_269
Link, 0, MPI_LINK, 0.000314, 0.000411, 0.000097, PTP, "rank-65", "rank-51", 66_52_3_268
Link, 0, MPI_LINK, 0.000408, 0.000503, 0.000095, PTP, "rank-94", "rank-95", 95_96_2_280
Link, 0, MPI_LINK, 0.000408, 0.000505, 0.000097, PTP, "rank-47", "rank-78", 48_79_2_281
Link, 0, MPI_LINK, 0.000411, 0.000506, 0.000095, PTP, "rank-18", "rank-34", 19_35_2_282
Link, 0, MPI_LINK, 0.000411, 0.000529, 0.000118, PTP, "rank-0", "rank-17", 1_18_2_283
Link, 0, MPI_LINK, 0.000404, 0.000550, 0.000146, PTP, "rank-61", "rank-107", 62_108_2_274
Link, 0, MPI_LINK, 0.000503, 0.000598, 0.000095, PTP, "rank-95", "rank-111", 96_112_1_286
Link, 0, MPI_LINK, 0.000503, 0.000600, 0.000097, PTP, "rank-94", "rank-125", 95_126_1_287
Link, 0, MPI_LINK, 0.000529, 0.000624, 0.000095, PTP, "rank-0", "rank-1", 1_2_1_293
Link, 0, MPI_LINK, 0.000506, 0.000648, 0.000142, PTP, "rank-34", "rank-4", 35_5_1_290
Link, 0, MPI_LINK, 0.000550, 0.000648, 0.000098, PTP, "rank-61", "rank-31", 62_32_1_295
Link, 0, MPI_LINK, 0.000402, 0.000691, 0.000289, PTP, "rank-56", "rank-117", 57_118_2_273
Link, 0, MPI_LINK, 0.000402, 0.000691, 0.000289, PTP, "rank-57", "rank-118", 58_119_2_272
Link, 0, MPI_LINK, 0.000402, 0.000691, 0.000289, PTP, "rank-58", "rank-119", 59_120_2_271
Link, 0, MPI_LINK, 0.000402, 0.000691, 0.000289, PTP, "rank-59", "rank-120", 60_121_2_270
Link, 0, MPI_LINK, 0.000404, 0.000692, 0.000288, PTP, "rank-60", "rank-121", 61_122_2_275
Link, 0, MPI_LINK, 0.000598, 0.000692, 0.000094, PTP, "rank-111", "rank-127", 112_128_0_296
Link, 0, MPI_LINK, 0.000598, 0.000695, 0.000097, PTP, "rank-95", "rank-126", 96_127_0_297
Link, 0, MPI_LINK, 0.000406, 0.000695, 0.000289, PTP, "rank-55", "rank-116", 56_117_2_278
Link, 0, MPI_LINK, 0.000406, 0.000695, 0.000289, PTP, "rank-54", "rank-115", 55_116_2_279
Link, 0, MPI_LINK, 0.000406, 0.000695, 0.000289, PTP, "rank-53", "rank-114", 54_115_2_276
Link, 0, MPI_LINK, 0.000406, 0.000695, 0.000289, PTP, "rank-52", "rank-113", 53_114_2_277
Link, 0, MPI_LINK, 0.000600, 0.000696, 0.000096, PTP, "rank-125", "rank-110", 126_111_0_298
Link, 0, MPI_LINK, 0.000600, 0.000696, 0.000096, PTP, "rank-94", "rank-79", 95_80_0_299
Link, 0, MPI_LINK, 0.000411, 0.000696, 0.000285, PTP, "rank-65", "rank-5", 66_6_2_285
Link, 0, MPI_LINK, 0.000411, 0.000698, 0.000287, PTP, "rank-51", "rank-112", 52_113_2_284
Link, 0, MPI_LINK, 0.000529, 0.000704, 0.000175, PTP, "rank-17", "rank-48", 18_49_1_292
Link, 0, MPI_LINK, 0.000505, 0.000706, 0.000201, PTP, "rank-78", "rank-124", 79_125_1_288
Link, 0, MPI_LINK, 0.000550, 0.000715, 0.000165, PTP, "rank-107", "rank-77", 108_78_1_294
Link, 0, MPI_LINK, 0.000648, 0.000744, 0.000096, PTP, "rank-34", "rank-19", 35_20_0_303
Link, 0, MPI_LINK, 0.000505, 0.000755, 0.000250, PTP, "rank-47", "rank-108", 48_109_1_289
Link, 0, MPI_LINK, 0.000624, 0.000757, 0.000133, PTP, "rank-0", "rank-16", 1_17_0_301
Link, 0, MPI_LINK, 0.000757, 0.000757, 0.000000, PTP, "rank-16", "rank-0", 17_1_-112_366
Link, 0, MPI_LINK, 0.000744, 0.000758, 0.000014, PTP, "rank-19", "rank-0", 20_1_-112_359
Link, 0, MPI_LINK, 0.000744, 0.000758, 0.000014, PTP, "rank-34", "rank-0", 35_1_-112_358
Link, 0, MPI_LINK, 0.000696, 0.000761, 0.000065, PTP, "rank-79", "rank-0", 80_1_-112_337
Link, 0, MPI_LINK, 0.000696, 0.000761, 0.000065, PTP, "rank-94", "rank-0", 95_1_-112_336
Link, 0, MPI_LINK, 0.000695, 0.000761, 0.000066, PTP, "rank-95", "rank-0", 96_1_-112_330
Link, 0, MPI_LINK, 0.000696, 0.000761, 0.000065, PTP, "rank-110", "rank-0", 111_1_-112_339
Link, 0, MPI_LINK, 0.000696, 0.000761, 0.000065, PTP, "rank-125", "rank-0", 126_1_-112_338
Link, 0, MPI_LINK, 0.000692, 0.000761, 0.000069, PTP, "rank-111", "rank-0", 112_1_-112_316
Link, 0, MPI_LINK, 0.000695, 0.000761, 0.000066, PTP, "rank-126", "rank-0", 127_1_-112_331
Link, 0, MPI_LINK, 0.000692, 0.000761, 0.000069, PTP, "rank-127", "rank-0", 128_1_-112_317
Link, 0, MPI_LINK, 0.000648, 0.000767, 0.000119, PTP, "rank-61", "rank-46", 62_47_0_305
Link, 0, MPI_LINK, 0.000768, 0.000771, 0.000003, PTP, "rank-61", "rank-0", 62_1_-112_369
Link, 0, MPI_LINK, 0.000768, 0.000771, 0.000003, PTP, "rank-46", "rank-0", 47_1_-112_370
Link, 0, MPI_LINK, 0.000506, 0.000793, 0.000287, PTP, "rank-18", "rank-64", 19_65_1_291
Link, 0, MPI_LINK, 0.000706, 0.000802, 0.000096, PTP, "rank-124", "rank-109", 125_110_0_354
Link, 0, MPI_LINK, 0.000706, 0.000802, 0.000096, PTP, "rank-78", "rank-63", 79_64_0_355
Link, 0, MPI_LINK, 0.000802, 0.000805, 0.000003, PTP, "rank-78", "rank-0", 79_1_-112_383
Link, 0, MPI_LINK, 0.000802, 0.000805, 0.000003, PTP, "rank-63", "rank-0", 64_1_-112_384
Link, 0, MPI_LINK, 0.000802, 0.000806, 0.000004, PTP, "rank-124", "rank-0", 125_1_-112_377
Link, 0, MPI_LINK, 0.000802, 0.000806, 0.000004, PTP, "rank-109", "rank-0", 110_1_-112_378
Link, 0, MPI_LINK, 0.000696, 0.000811, 0.000115, PTP, "rank-65", "rank-35", 66_36_1_349
Link, 0, MPI_LINK, 0.000715, 0.000811, 0.000096, PTP, "rank-77", "rank-62", 78_63_0_356
Link, 0, MPI_LINK, 0.000811, 0.000815, 0.000004, PTP, "rank-77", "rank-0", 78_1_-112_391
Link, 0, MPI_LINK, 0.000811, 0.000815, 0.000004, PTP, "rank-62", "rank-0", 63_1_-112_392
Link, 0, MPI_LINK, 0.000715, 0.000821, 0.000106, PTP, "rank-107", "rank-92", 108_93_0_357
Link, 0, MPI_LINK, 0.000821, 0.000825, 0.000004, PTP, "rank-107", "rank-0", 108_1_-112_397
Link, 0, MPI_LINK, 0.000821, 0.000825, 0.000004, PTP, "rank-92", "rank-0", 93_1_-112_398
Link, 0, MPI_LINK, 0.000704, 0.000837, 0.000133, PTP, "rank-17", "rank-2", 18_3_0_353
Link, 0, MPI_LINK, 0.000837, 0.000837, 0.000000, PTP, "rank-17", "rank-0", 18_1_-112_403
Link, 0, MPI_LINK, 0.000837, 0.000837, 0.000000, PTP, "rank-2", "rank-0", 3_1_-112_404
Link, 0, MPI_LINK, 0.000704, 0.000838, 0.000134, PTP, "rank-48", "rank-33", 49_34_0_352
Link, 0, MPI_LINK, 0.000838, 0.000839, 0.000001, PTP, "rank-48", "rank-0", 49_1_-112_409
Link, 0, MPI_LINK, 0.000838, 0.000839, 0.000001, PTP, "rank-33", "rank-0", 34_1_-112_410
Link, 0, MPI_LINK, 0.000624, 0.000841, 0.000217, PTP, "rank-1", "rank-32", 2_33_0_300
Link, 0, MPI_LINK, 0.000841, 0.000841, 0.000000, PTP, "rank-1", "rank-0", 2_1_-112_415
Link, 0, MPI_LINK, 0.000841, 0.000842, 0.000001, PTP, "rank-32", "rank-0", 33_1_-112_416
Link, 0, MPI_LINK, 0.000755, 0.000851, 0.000096, PTP, "rank-108", "rank-93", 109_94_0_364
Link, 0, MPI_LINK, 0.000851, 0.000854, 0.000003, PTP, "rank-108", "rank-0", 109_1_-112_421
Link, 0, MPI_LINK, 0.000851, 0.000854, 0.000003, PTP, "rank-93", "rank-0", 94_1_-112_422
Link, 0, MPI_LINK, 0.000691, 0.000883, 0.000192, PTP, "rank-56", "rank-26", 57_27_1_307
Link, 0, MPI_LINK, 0.000691, 0.000883, 0.000192, PTP, "rank-117", "rank-87", 118_88_1_306
Link, 0, MPI_LINK, 0.000691, 0.000883, 0.000192, PTP, "rank-118", "rank-88", 119_89_1_308
Link, 0, MPI_LINK, 0.000691, 0.000883, 0.000192, PTP, "rank-119", "rank-89", 120_90_1_310
Link, 0, MPI_LINK, 0.000691, 0.000883, 0.000192, PTP, "rank-120", "rank-90", 121_91_1_312
Link, 0, MPI_LINK, 0.000692, 0.000884, 0.000192, PTP, "rank-121", "rank-91", 122_92_1_314
Link, 0, MPI_LINK, 0.000695, 0.000887, 0.000192, PTP, "rank-55", "rank-25", 56_26_1_323
Link, 0, MPI_LINK, 0.000695, 0.000887, 0.000192, PTP, "rank-54", "rank-24", 55_25_1_325
Link, 0, MPI_LINK, 0.000695, 0.000887, 0.000192, PTP, "rank-53", "rank-23", 54_24_1_327
Link, 0, MPI_LINK, 0.000695, 0.000887, 0.000192, PTP, "rank-52", "rank-22", 53_23_1_329
Link, 0, MPI_LINK, 0.000695, 0.000887, 0.000192, PTP, "rank-116", "rank-86", 117_87_1_322
Link, 0, MPI_LINK, 0.000695, 0.000887, 0.000192, PTP, "rank-115", "rank-85", 116_86_1_324
Link, 0, MPI_LINK, 0.000695, 0.000887, 0.000192, PTP, "rank-114", "rank-84", 115_85_1_326
Link, 0, MPI_LINK, 0.000695, 0.000887, 0.000192, PTP, "rank-113", "rank-83", 114_84_1_328
Link, 0, MPI_LINK, 0.000698, 0.000888, 0.000190, PTP, "rank-112", "rank-82", 113_83_1_350
Link, 0, MPI_LINK, 0.000793, 0.000906, 0.000113, PTP, "rank-64", "rank-49", 65_50_0_375
Link, 0, MPI_LINK, 0.000906, 0.000907, 0.000001, PTP, "rank-64", "rank-0", 65_1_-112_457
Link, 0, MPI_LINK, 0.000906, 0.000907, 0.000001, PTP, "rank-49", "rank-0", 50_1_-112_458
Link, 0, MPI_LINK, 0.000691, 0.000917, 0.000226, PTP, "rank-59", "rank-29", 60_30_1_313
Link, 0, MPI_LINK, 0.000691, 0.000917, 0.000226, PTP, "rank-58", "rank-28", 59_29_1_311
Link, 0, MPI_LINK, 0.000691, 0.000917, 0.000226, PTP, "rank-57", "rank-27", 58_28_1_309
Link, 0, MPI_LINK, 0.000692, 0.000918, 0.000226, PTP, "rank-60", "rank-30", 61_31_1_315
Link, 0, MPI_LINK, 0.000811, 0.000924, 0.000113, PTP, "rank-65", "rank-50", 66_51_0_390
Link, 0, MPI_LINK, 0.000924, 0.000925, 0.000001, PTP, "rank-65", "rank-0", 66_1_-112_471
Link, 0, MPI_LINK, 0.000924, 0.000925, 0.000001, PTP, "rank-50", "rank-0", 51_1_-112_472
Link, 0, MPI_LINK, 0.000698, 0.000928, 0.000230, PTP, "rank-51", "rank-21", 52_22_1_351
Link, 0, MPI_LINK, 0.000793, 0.000931, 0.000138, PTP, "rank-18", "rank-3", 19_4_0_376
Link, 0, MPI_LINK, 0.000931, 0.000931, 0.000000, PTP, "rank-18", "rank-0", 19_1_-112_479
Link, 0, MPI_LINK, 0.000931, 0.000931, 0.000000, PTP, "rank-3", "rank-0", 4_1_-112_480
Link, 0, MPI_LINK, 0.000811, 0.000945, 0.000134, PTP, "rank-35", "rank-20", 36_21_0_389
Link, 0, MPI_LINK, 0.000945, 0.000946, 0.000001, PTP, "rank-35", "rank-0", 36_1_-112_485
Link, 0, MPI_LINK, 0.000945, 0.000946, 0.000001, PTP, "rank-20", "rank-0", 21_1_-112_486
Link, 0, MPI_LINK, 0.000883, 0.000979, 0.000096, PTP, "rank-26", "rank-11", 27_12_0_427
Link, 0, MPI_LINK, 0.000883, 0.000979, 0.000096, PTP, "rank-56", "rank-41", 57_42_0_428
Link, 0, MPI_LINK, 0.000883, 0.000979, 0.000096, PTP, "rank-87", "rank-72", 88_73_0_429
Link, 0, MPI_LINK, 0.000883, 0.000979, 0.000096, PTP, "rank-117", "rank-102", 118_103_0_430
Link, 0, MPI_LINK, 0.000883, 0.000979, 0.000096, PTP, "rank-88", "rank-73", 89_74_0_431
Link, 0, MPI_LINK, 0.000883, 0.000979, 0.000096, PTP, "rank-118", "rank-103", 119_104_0_432
Link, 0, MPI_LINK, 0.000883, 0.000979, 0.000096, PTP, "rank-89", "rank-74", 90_75_0_433
Link, 0, MPI_LINK, 0.000883, 0.000979, 0.000096, PTP, "rank-119", "rank-104", 120_105_0_434
Link, 0, MPI_LINK, 0.000883, 0.000979, 0.000096, PTP, "rank-120", "rank-105", 121_106_0_436
Link, 0, MPI_LINK, 0.000884, 0.000979, 0.000095, PTP, "rank-121", "rank-106", 122_107_0_438
Link, 0, MPI_LINK, 0.000979, 0.000981, 0.000002, PTP, "rank-56", "rank-0", 57_1_-112_491
Link, 0, MPI_LINK, 0.000979, 0.000981, 0.000002, PTP, "rank-11", "rank-0", 12_1_-112_494
Link, 0, MPI_LINK, 0.000979, 0.000981, 0.000002, PTP, "rank-26", "rank-0", 27_1_-112_493
Link, 0, MPI_LINK, 0.000979, 0.000981, 0.000002, PTP, "rank-41", "rank-0", 42_1_-112_492
Link, 0, MPI_LINK, 0.000979, 0.000982, 0.000003, PTP, "rank-117", "rank-0", 118_1_-112_513
Link, 0, MPI_LINK, 0.000979, 0.000982, 0.000003, PTP, "rank-72", "rank-0", 73_1_-112_516
Link, 0, MPI_LINK, 0.000979, 0.000982, 0.000003, PTP, "rank-87", "rank-0", 88_1_-112_515
Link, 0, MPI_LINK, 0.000979, 0.000982, 0.000003, PTP, "rank-102", "rank-0", 103_1_-112_514
Link, 0, MPI_LINK, 0.000979, 0.000982, 0.000003, PTP, "rank-118", "rank-0", 119_1_-112_509
Link, 0, MPI_LINK, 0.000979, 0.000982, 0.000003, PTP, "rank-73", "rank-0", 74_1_-112_512
Link, 0, MPI_LINK, 0.000979, 0.000982, 0.000003, PTP, "rank-88", "rank-0", 89_1_-112_511
Link, 0, MPI_LINK, 0.000979, 0.000982, 0.000003, PTP, "rank-103", "rank-0", 104_1_-112_510
Link, 0, MPI_LINK, 0.000979, 0.000982, 0.000003, PTP, "rank-119", "rank-0", 120_1_-112_505
Link, 0, MPI_LINK, 0.000979, 0.000982, 0.000003, PTP, "rank-74", "rank-0", 75_1_-112_508
Link, 0, MPI_LINK, 0.000979, 0.000982, 0.000003, PTP, "rank-89", "rank-0", 90_1_-112_507
Link, 0, MPI_LINK, 0.000979, 0.000982, 0.000003, PTP, "rank-104", "rank-0", 105_1_-112_506
Link, 0, MPI_LINK, 0.000979, 0.000982, 0.000003, PTP, "rank-120", "rank-0", 121_1_-112_503
Link, 0, MPI_LINK, 0.000979, 0.000982, 0.000003, PTP, "rank-105", "rank-0", 106_1_-112_504
Link, 0, MPI_LINK, 0.000887, 0.000983, 0.000096, PTP, "rank-52", "rank-37", 53_38_0_446
Link, 0, MPI_LINK, 0.000887, 0.000983, 0.000096, PTP, "rank-116", "rank-101", 117_102_0_448
Link, 0, MPI_LINK, 0.000887, 0.000983, 0.000096, PTP, "rank-115", "rank-100", 116_101_0_450
Link, 0, MPI_LINK, 0.000887, 0.000983, 0.000096, PTP, "rank-84", "rank-69", 85_70_0_451
Link, 0, MPI_LINK, 0.000887, 0.000983, 0.000096, PTP, "rank-114", "rank-99", 115_100_0_452
Link, 0, MPI_LINK, 0.000887, 0.000983, 0.000096, PTP, "rank-83", "rank-68", 84_69_0_453
Link, 0, MPI_LINK, 0.000887, 0.000983, 0.000096, PTP, "rank-113", "rank-98", 114_99_0_454
Link, 0, MPI_LINK, 0.000887, 0.000983, 0.000096, PTP, "rank-85", "rank-70", 86_71_0_449
Link, 0, MPI_LINK, 0.000887, 0.000983, 0.000096, PTP, "rank-53", "rank-38", 54_39_0_444
Link, 0, MPI_LINK, 0.000887, 0.000983, 0.000096, PTP, "rank-86", "rank-71", 87_72_0_447
Link, 0, MPI_LINK, 0.000887, 0.000983, 0.000096, PTP, "rank-54", "rank-39", 55_40_0_442
Link, 0, MPI_LINK, 0.000887, 0.000983, 0.000096, PTP, "rank-55", "rank-40", 56_41_0_440
Link, 0, MPI_LINK, 0.000887, 0.000983, 0.000096, PTP, "rank-25", "rank-10", 26_11_0_439
Link, 0, MPI_LINK, 0.000887, 0.000983, 0.000096, PTP, "rank-24", "rank-9", 25_10_0_441
Link, 0, MPI_LINK, 0.000887, 0.000983, 0.000096, PTP, "rank-23", "rank-8", 24_9_0_443
Link, 0, MPI_LINK, 0.000887, 0.000983, 0.000096, PTP, "rank-22", "rank-7", 23_8_0_445
Link, 0, MPI_LINK, 0.000979, 0.000983, 0.000004, PTP, "rank-121", "rank-0", 122_1_-112_545
Link, 0, MPI_LINK, 0.000979, 0.000983, 0.000004, PTP, "rank-106", "rank-0", 107_1_-112_546
Link, 0, MPI_LINK, 0.000983, 0.000984, 0.000001, PTP, "rank-52", "rank-0", 53_1_-112_567
Link, 0, MPI_LINK, 0.000983, 0.000984, 0.000001, PTP, "rank-37", "rank-0", 38_1_-112_568
Link, 0, MPI_LINK, 0.000983, 0.000984, 0.000001, PTP, "rank-22", "rank-0", 23_1_-112_641
Link, 0, MPI_LINK, 0.000983, 0.000984, 0.000001, PTP, "rank-7", "rank-0", 8_1_-112_642
Link, 0, MPI_LINK, 0.000888, 0.000984, 0.000096, PTP, "rank-112", "rank-97", 113_98_0_456
Link, 0, MPI_LINK, 0.000888, 0.000984, 0.000096, PTP, "rank-82", "rank-67", 83_68_0_455
Link, 0, MPI_LINK, 0.000983, 0.000984, 0.000001, PTP, "rank-53", "rank-0", 54_1_-112_551
Link, 0, MPI_LINK, 0.000983, 0.000984, 0.000001, PTP, "rank-38", "rank-0", 39_1_-112_552
Link, 0, MPI_LINK, 0.000983, 0.000984, 0.000001, PTP, "rank-68", "rank-0", 69_1_-112_558
Link, 0, MPI_LINK, 0.000983, 0.000984, 0.000001, PTP, "rank-83", "rank-0", 84_1_-112_557
Link, 0, MPI_LINK, 0.000983, 0.000984, 0.000001, PTP, "rank-98", "rank-0", 99_1_-112_556
Link, 0, MPI_LINK, 0.000983, 0.000984, 0.000001, PTP, "rank-113", "rank-0", 114_1_-112_555
Link, 0, MPI_LINK, 0.000983, 0.000984, 0.000001, PTP, "rank-23", "rank-0", 24_1_-112_635
Link, 0, MPI_LINK, 0.000983, 0.000984, 0.000001, PTP, "rank-8", "rank-0", 9_1_-112_636
Link, 0, MPI_LINK, 0.000983, 0.000984, 0.000001, PTP, "rank-69", "rank-0", 70_1_-112_562
Link, 0, MPI_LINK, 0.000983, 0.000984, 0.000001, PTP, "rank-84", "rank-0", 85_1_-112_561
Link, 0, MPI_LINK, 0.000983, 0.000984, 0.000001, PTP, "rank-99", "rank-0", 100_1_-112_560
Link, 0, MPI_LINK, 0.000983, 0.000984, 0.000001, PTP, "rank-114", "rank-0", 115_1_-112_559
Link, 0, MPI_LINK, 0.000983, 0.000984, 0.000001, PTP, "rank-39", "rank-0", 40_1_-112_608
Link, 0, MPI_LINK, 0.000983, 0.000984, 0.000001, PTP, "rank-54", "rank-0", 55_1_-112_607
Link, 0, MPI_LINK, 0.000983, 0.000984, 0.000001, PTP, "rank-24", "rank-0", 25_1_-112_629
Link, 0, MPI_LINK, 0.000983, 0.000984, 0.000001, PTP, "rank-9", "rank-0", 10_1_-112_630
Link, 0, MPI_LINK, 0.000983, 0.000985, 0.000002, PTP, "rank-70", "rank-0", 71_1_-112_554
Link, 0, MPI_LINK, 0.000983, 0.000985, 0.000002, PTP, "rank-85", "rank-0", 86_1_-112_553
Link, 0, MPI_LINK, 0.000983, 0.000985, 0.000002, PTP, "rank-100", "rank-0", 101_1_-112_564
Link, 0, MPI_LINK, 0.000983, 0.000985, 0.000002, PTP, "rank-115", "rank-0", 116_1_-112_563
Link, 0, MPI_LINK, 0.000983, 0.000985, 0.000002, PTP, "rank-40", "rank-0", 41_1_-112_606
Link, 0, MPI_LINK, 0.000983, 0.000985, 0.000002, PTP, "rank-55", "rank-0", 56_1_-112_605
Link, 0, MPI_LINK, 0.000983, 0.000985, 0.000002, PTP, "rank-10", "rank-0", 11_1_-112_624
Link, 0, MPI_LINK, 0.000983, 0.000985, 0.000002, PTP, "rank-25", "rank-0", 26_1_-112_623
Link, 0, MPI_LINK, 0.000983, 0.000985, 0.000002, PTP, "rank-116", "rank-0", 117_1_-112_565
Link, 0, MPI_LINK, 0.000983, 0.000985, 0.000002, PTP, "rank-101", "rank-0", 102_1_-112_566
Link, 0, MPI_LINK, 0.000983, 0.000985, 0.000002, PTP, "rank-71", "rank-0", 72_1_-112_610
Link, 0, MPI_LINK, 0.000983, 0.000985, 0.000002, PTP, "rank-86", "rank-0", 87_1_-112_609
Link, 0, MPI_LINK, 0.000984, 0.000985, 0.000001, PTP, "rank-112", "rank-0", 113_1_-112_649
Link, 0, MPI_LINK, 0.000984, 0.000985, 0.000001, PTP, "rank-82", "rank-0", 83_1_-112_647
Link, 0, MPI_LINK, 0.000984, 0.000985, 0.000001, PTP, "rank-67", "rank-0", 68_1_-112_648
Link, 0, MPI_LINK, 0.000984, 0.000985, 0.000001, PTP, "rank-97", "rank-0", 98_1_-112_650
Link, 0, MPI_LINK, 0.000883, 0.000996, 0.000113, PTP, "rank-90", "rank-75", 91_76_0_435
Link, 0, MPI_LINK, 0.000996, 0.000999, 0.000003, PTP, "rank-90", "rank-0", 91_1_-112_659
Link, 0, MPI_LINK, 0.000996, 0.000999, 0.000003, PTP, "rank-75", "rank-0", 76_1_-112_660
Link, 0, MPI_LINK, 0.000884, 0.001000, 0.000116, PTP, "rank-91", "rank-76", 92_77_0_437
Link, 0, MPI_LINK, 0.001000, 0.001004, 0.000004, PTP, "rank-76", "rank-0", 77_1_-112_666
Link, 0, MPI_LINK, 0.001000, 0.001004, 0.000004, PTP, "rank-91", "rank-0", 92_1_-112_665
Link, 0, MPI_LINK, 0.000917, 0.001013, 0.000096, PTP, "rank-29", "rank-14", 30_15_0_463
Link, 0, MPI_LINK, 0.000917, 0.001013, 0.000096, PTP, "rank-28", "rank-13", 29_14_0_465
Link, 0, MPI_LINK, 0.000917, 0.001013, 0.000096, PTP, "rank-27", "rank-12", 28_13_0_467
Link, 0, MPI_LINK, 0.000917, 0.001013, 0.000096, PTP, "rank-57", "rank-42", 58_43_0_468
Link, 0, MPI_LINK, 0.000918, 0.001014, 0.000096, PTP, "rank-30", "rank-15", 31_16_0_469
Link, 0, MPI_LINK, 0.001013, 0.001016, 0.000003, PTP, "rank-12", "rank-0", 13_1_-112_684
Link, 0, MPI_LINK, 0.001013, 0.001016, 0.000003, PTP, "rank-27", "rank-0", 28_1_-112_683
Link, 0, MPI_LINK, 0.001013, 0.001016, 0.000003, PTP, "rank-42", "rank-0", 43_1_-112_690
Link, 0, MPI_LINK, 0.001013, 0.001016, 0.000003, PTP, "rank-57", "rank-0", 58_1_-112_689
Link, 0, MPI_LINK, 0.001013, 0.001016, 0.000003, PTP, "rank-28", "rank-0", 29_1_-112_671
Link, 0, MPI_LINK, 0.001013, 0.001016, 0.000003, PTP, "rank-13", "rank-0", 14_1_-112_672
Link, 0, MPI_LINK, 0.001013, 0.001016, 0.000003, PTP, "rank-29", "rank-0", 30_1_-112_673
Link, 0, MPI_LINK, 0.001013, 0.001016, 0.000003, PTP, "rank-14", "rank-0", 15_1_-112_674
Link, 0, MPI_LINK, 0.001014, 0.001017, 0.000003, PTP, "rank-30", "rank-0", 31_1_-112_695
Link, 0, MPI_LINK, 0.001014, 0.001017, 0.000003, PTP, "rank-15", "rank-0", 16_1_-112_696
Link, 0, MPI_LINK, 0.000928, 0.001024, 0.000096, PTP, "rank-51", "rank-36", 52_37_0_478
Link, 0, MPI_LINK, 0.000928, 0.001024, 0.000096, PTP, "rank-21", "rank-6", 22_7_0_477
Link, 0, MPI_LINK, 0.001024, 0.001025, 0.000001, PTP, "rank-51", "rank-0", 52_1_-112_701
Link, 0, MPI_LINK, 0.001024, 0.001025, 0.000001, PTP, "rank-36", "rank-0", 37_1_-112_702
Link, 0, MPI_LINK, 0.001024, 0.001025, 0.000001, PTP, "rank-21", "rank-0", 22_1_-112_707
Link, 0, MPI_LINK, 0.001024, 0.001025, 0.000001, PTP, "rank-6", "rank-0", 7_1_-112_708
Link, 0, MPI_LINK, 0.000917, 0.001030, 0.000113, PTP, "rank-58", "rank-43", 59_44_0_466
Link, 0, MPI_LINK, 0.001030, 0.001033, 0.000003, PTP, "rank-58", "rank-0", 59_1_-112_713
Link, 0, MPI_LINK, 0.001030, 0.001033, 0.000003, PTP, "rank-43", "rank-0", 44_1_-112_714
Link, 0, MPI_LINK, 0.000917, 0.001034, 0.000117, PTP, "rank-59", "rank-44", 60_45_0_464
Link, 0, MPI_LINK, 0.000918, 0.001034, 0.000116, PTP, "rank-60", "rank-45", 61_46_0_470
Link, 0, MPI_LINK, 0.001034, 0.001037, 0.000003, PTP, "rank-59", "rank-0", 60_1_-112_719
Link, 0, MPI_LINK, 0.001034, 0.001037, 0.000003, PTP, "rank-44", "rank-0", 45_1_-112_720
Link, 0, MPI_LINK, 0.000648, 0.001037, 0.000389, PTP, "rank-31", "rank-122", 32_123_0_304
Link, 0, MPI_LINK, 0.001034, 0.001037, 0.000003, PTP, "rank-60", "rank-0", 61_1_-112_725
Link, 0, MPI_LINK, 0.001034, 0.001037, 0.000003, PTP, "rank-45", "rank-0", 46_1_-112_726
Link, 0, MPI_LINK, 0.001037, 0.001040, 0.000003, PTP, "rank-31", "rank-0", 32_1_-112_731
Link, 0, MPI_LINK, 0.001037, 0.001041, 0.000004, PTP, "rank-122", "rank-0", 123_1_-112_732
Link, 0, MPI_LINK, 0.000696, 0.001047, 0.000351, PTP, "rank-5", "rank-81", 6_82_1_348
Link, 0, MPI_LINK, 0.000648, 0.001049, 0.000401, PTP, "rank-4", "rank-80", 5_81_0_302
Link, 0, MPI_LINK, 0.001049, 0.001050, 0.000001, PTP, "rank-4", "rank-0", 5_1_-112_739
Link, 0, MPI_LINK, 0.001049, 0.001050, 0.000001, PTP, "rank-80", "rank-0", 81_1_-112_740
Link, 0, MPI_LINK, 0.000755, 0.001054, 0.000299, PTP, "rank-47", "rank-123", 48_124_0_365
Link, 0, MPI_LINK, 0.001054, 0.001057, 0.000003, PTP, "rank-47", "rank-0", 48_1_-112_745
Link, 0, MPI_LINK, 0.001054, 0.001057, 0.000003, PTP, "rank-123", "rank-0", 124_1_-112_746
Link, 0, MPI_LINK, 0.001047, 0.001143, 0.000096, PTP, "rank-81", "rank-66", 82_67_0_737
Link, 0, MPI_LINK, 0.001143, 0.001144, 0.000001, PTP, "rank-81", "rank-0", 82_1_-112_751
Link, 0, MPI_LINK, 0.001143, 0.001144, 0.000001, PTP, "rank-66", "rank-0", 67_1_-112_752
Link, 0, MPI_LINK, 0.001047, 0.001154, 0.000107, PTP, "rank-5", "rank-96", 6_97_0_738
Link, 0, MPI_LINK, 0.001154, 0.001155, 0.000001, PTP, "rank-5", "rank-0", 6_1_-112_757
Link, 0, MPI_LINK, 0.001154, 0.001155, 0.000001, PTP, "rank-96", "rank-0", 97_1_-112_758
Link, 0, MPI_LINK, 0.000841, 0.001155, 0.000314, PTP, "rank-1", "rank-0", 2_1_-112_417
Link, 0, MPI_LINK, 0.000757, 0.001155, 0.000398, PTP, "rank-16", "rank-0", 17_1_-112_367
Link, 0, MPI_LINK, 0.000841, 0.001155, 0.000314, PTP, "rank-32", "rank-0", 33_1_-112_418
Link, 0, MPI_LINK, 0.000837, 0.001155, 0.000318, PTP, "rank-2", "rank-0", 3_1_-112_406
Link, 0, MPI_LINK, 0.000837, 0.001155, 0.000318, PTP, "rank-17", "rank-0", 18_1_-112_405
Link, 0, MPI_LINK, 0.000838, 0.001156, 0.000318, PTP, "rank-48", "rank-0", 49_1_-112_411
Link, 0, MPI_LINK, 0.000931, 0.001156, 0.000225, PTP, "rank-3", "rank-0", 4_1_-112_482
Link, 0, MPI_LINK, 0.000931, 0.001156, 0.000225, PTP, "rank-18", "rank-0", 19_1_-112_481
Link, 0, MPI_LINK, 0.000838, 0.001156, 0.000318, PTP, "rank-33", "rank-0", 34_1_-112_412
Link, 0, MPI_LINK, 0.000906, 0.001156, 0.000250, PTP, "rank-64", "rank-0", 65_1_-112_459
Link, 0, MPI_LINK, 0.001049, 0.001156, 0.000107, PTP, "rank-4", "rank-0", 5_1_-112_741
Link, 0, MPI_LINK, 0.000744, 0.001156, 0.000412, PTP, "rank-19", "rank-0", 20_1_-112_361
Link, 0, MPI_LINK, 0.000744, 0.001156, 0.000412, PTP, "rank-34", "rank-0", 35_1_-112_360
Link, 0, MPI_LINK, 0.000906, 0.001156, 0.000250, PTP, "rank-49", "rank-0", 50_1_-112_460
Link, 0, MPI_LINK, 0.001049, 0.001156, 0.000107, PTP, "rank-80", "rank-0", 81_1_-112_742
Link, 0, MPI_LINK, 0.001154, 0.001156, 0.000002, PTP, "rank-5", "rank-0", 6_1_-112_759
Link, 0, MPI_LINK, 0.000945, 0.001156, 0.000211, PTP, "rank-20", "rank-0", 21_1_-112_488
Link, 0, MPI_LINK, 0.000945, 0.001156, 0.000211, PTP, "rank-35", "rank-0", 36_1_-112_487
Link, 0, MPI_LINK, 0.000924, 0.001156, 0.000232, PTP, "rank-50", "rank-0", 51_1_-112_474
Link, 0, MPI_LINK, 0.000924, 0.001156, 0.000232, PTP, "rank-65", "rank-0", 66_1_-112_473
Link, 0, MPI_LINK, 0.001154, 0.001156, 0.000002, PTP, "rank-96", "rank-0", 97_1_-112_760
Link, 0, MPI_LINK, 0.001024, 0.001156, 0.000132, PTP, "rank-6", "rank-0", 7_1_-112_710
Link, 0, MPI_LINK, 0.001024, 0.001156, 0.000132, PTP, "rank-21", "rank-0", 22_1_-112_709
Link, 0, MPI_LINK, 0.001024, 0.001156, 0.000132, PTP, "rank-36", "rank-0", 37_1_-112_704
Link, 0, MPI_LINK, 0.001024, 0.001156, 0.000132, PTP, "rank-51", "rank-0", 52_1_-112_703
Link, 0, MPI_LINK, 0.001143, 0.001156, 0.000013, PTP, "rank-66", "rank-0", 67_1_-112_754
Link, 0, MPI_LINK, 0.001143, 0.001156, 0.000013, PTP, "rank-81", "rank-0", 82_1_-112_753
Link, 0, MPI_LINK, 0.000984, 0.001156, 0.000172, PTP, "rank-112", "rank-0", 113_1_-112_653
Link, 0, MPI_LINK, 0.000983, 0.001156, 0.000173, PTP, "rank-7", "rank-0", 8_1_-112_644
Link, 0, MPI_LINK, 0.000983, 0.001156, 0.000173, PTP, "rank-22", "rank-0", 23_1_-112_643
Link, 0, MPI_LINK, 0.000983, 0.001156, 0.000173, PTP, "rank-37", "rank-0", 38_1_-112_586
Link, 0, MPI_LINK, 0.000983, 0.001156, 0.000173, PTP, "rank-52", "rank-0", 53_1_-112_585
Link, 0, MPI_LINK, 0.000984, 0.001156, 0.000172, PTP, "rank-67", "rank-0", 68_1_-112_652
Link, 0, MPI_LINK, 0.000984, 0.001156, 0.000172, PTP, "rank-82", "rank-0", 83_1_-112_651
Link, 0, MPI_LINK, 0.000984, 0.001156, 0.000172, PTP, "rank-97", "rank-0", 98_1_-112_654
Link, 0, MPI_LINK, 0.000983, 0.001157, 0.000174, PTP, "rank-8", "rank-0", 9_1_-112_638
Link, 0, MPI_LINK, 0.000983, 0.001157, 0.000174, PTP, "rank-23", "rank-0", 24_1_-112_637
Link, 0, MPI_LINK, 0.000983, 0.001157, 0.000174, PTP, "rank-38", "rank-0", 39_1_-112_570
Link, 0, MPI_LINK, 0.000983, 0.001157, 0.000174, PTP, "rank-53", "rank-0", 54_1_-112_569
Link, 0, MPI_LINK, 0.000983, 0.001157, 0.000174, PTP, "rank-68", "rank-0", 69_1_-112_576
Link, 0, MPI_LINK, 0.000983, 0.001157, 0.000174, PTP, "rank-83", "rank-0", 84_1_-112_575
Link, 0, MPI_LINK, 0.000983, 0.001157, 0.000174, PTP, "rank-98", "rank-0", 99_1_-112_574
Link, 0, MPI_LINK, 0.000983, 0.001157, 0.000174, PTP, "rank-113", "rank-0", 114_1_-112_573
Link, 0, MPI_LINK, 0.000983, 0.001157, 0.000174, PTP, "rank-9", "rank-0", 10_1_-112_632
Link, 0, MPI_LINK, 0.000983, 0.001157, 0.000174, PTP, "rank-24", "rank-0", 25_1_-112_631
Link, 0, MPI_LINK, 0.000983, 0.001157, 0.000174, PTP, "rank-39", "rank-0", 40_1_-112_614
Link, 0, MPI_LINK, 0.000983, 0.001157, 0.000174, PTP, "rank-54", "rank-0", 55_1_-112_613
Link, 0, MPI_LINK, 0.000983, 0.001157, 0.000174, PTP, "rank-69", "rank-0", 70_1_-112_580
Link, 0, MPI_LINK, 0.000983, 0.001157, 0.000174, PTP, "rank-84", "rank-0", 85_1_-112_579
Link, 0, MPI_LINK, 0.000983, 0.001157, 0.000174, PTP, "rank-99", "rank-0", 100_1_-112_578
Link, 0, MPI_LINK, 0.000983, 0.001157, 0.000174, PTP, "rank-114", "rank-0", 115_1_-112_577
Link, 0, MPI_LINK, 0.000983, 0.001157, 0.000174, PTP, "rank-10", "rank-0", 11_1_-112_626
Link, 0, MPI_LINK, 0.000983, 0.001157, 0.000174, PTP, "rank-25", "rank-0", 26_1_-112_625
Link, 0, MPI_LINK, 0.000983, 0.001157, 0.000174, PTP, "rank-40", "rank-0", 41_1_-112_612
Link, 0, MPI_LINK, 0.000983, 0.001157, 0.000174, PTP, "rank-55", "rank-0", 56_1_-112_611
Link, 0, MPI_LINK, 0.000983, 0.001157, 0.000174, PTP, "rank-70", "rank-0", 71_1_-112_572
Link, 0, MPI_LINK, 0.000983, 0.001157, 0.000174, PTP, "rank-85", "rank-0", 86_1_-112_571
Link, 0, MPI_LINK, 0.000983, 0.001157, 0.000174, PTP, "rank-100", "rank-0", 101_1_-112_582
Link, 0, MPI_LINK, 0.000983, 0.001157, 0.000174, PTP, "rank-115", "rank-0", 116_1_-112_581
Link, 0, MPI_LINK, 0.000979, 0.001157, 0.000178, PTP, "rank-11", "rank-0", 12_1_-112_498
Link, 0, MPI_LINK, 0.000979, 0.001157, 0.000178, PTP, "rank-26", "rank-0", 27_1_-112_497
Link, 0, MPI_LINK, 0.000979, 0.001157, 0.000178, PTP, "rank-41", "rank-0", 42_1_-112_496
Link, 0, MPI_LINK, 0.000979, 0.001157, 0.000178, PTP, "rank-56", "rank-0", 57_1_-112_495
Link, 0, MPI_LINK, 0.000983, 0.001157, 0.000174, PTP, "rank-71", "rank-0", 72_1_-112_616
Link, 0, MPI_LINK, 0.000983, 0.001157, 0.000174, PTP, "rank-86", "rank-0", 87_1_-112_615
Link, 0, MPI_LINK, 0.000983, 0.001157, 0.000174, PTP, "rank-101", "rank-0", 102_1_-112_584
Link, 0, MPI_LINK, 0.000983, 0.001157, 0.000174, PTP, "rank-116", "rank-0", 117_1_-112_583
Link, 0, MPI_LINK, 0.001013, 0.001157, 0.000144, PTP, "rank-12", "rank-0", 13_1_-112_686
Link, 0, MPI_LINK, 0.001013, 0.001157, 0.000144, PTP, "rank-27", "rank-0", 28_1_-112_685
Link, 0, MPI_LINK, 0.001013, 0.001157, 0.000144, PTP, "rank-42", "rank-0", 43_1_-112_692
Link, 0, MPI_LINK, 0.001013, 0.001157, 0.000144, PTP, "rank-57", "rank-0", 58_1_-112_691
Link, 0, MPI_LINK, 0.000979, 0.001157, 0.000178, PTP, "rank-72", "rank-0", 73_1_-112_530
Link, 0, MPI_LINK, 0.000979, 0.001157, 0.000178, PTP, "rank-87", "rank-0", 88_1_-112_529
Link, 0, MPI_LINK, 0.000979, 0.001157, 0.000178, PTP, "rank-102", "rank-0", 103_1_-112_528
Link, 0, MPI_LINK, 0.000979, 0.001157, 0.000178, PTP, "rank-117", "rank-0", 118_1_-112_527
Link, 0, MPI_LINK, 0.001013, 0.001158, 0.000145, PTP, "rank-13", "rank-0", 14_1_-112_676
Link, 0, MPI_LINK, 0.001013, 0.001158, 0.000145, PTP, "rank-28", "rank-0", 29_1_-112_675
Link, 0, MPI_LINK, 0.001030, 0.001158, 0.000128, PTP, "rank-43", "rank-0", 44_1_-112_716
Link, 0, MPI_LINK, 0.001030, 0.001158, 0.000128, PTP, "rank-58", "rank-0", 59_1_-112_715
Link, 0, MPI_LINK, 0.000979, 0.001158, 0.000179, PTP, "rank-73", "rank-0", 74_1_-112_526
Link, 0, MPI_LINK, 0.000979, 0.001158, 0.000179, PTP, "rank-88", "rank-0", 89_1_-112_525
Link, 0, MPI_LINK, 0.000979, 0.001158, 0.000179, PTP, "rank-103", "rank-0", 104_1_-112_524
Link, 0, MPI_LINK, 0.000979, 0.001158, 0.000179, PTP, "rank-118", "rank-0", 119_1_-112_523
Link, 0, MPI_LINK, 0.001013, 0.001158, 0.000145, PTP, "rank-14", "rank-0", 15_1_-112_678
Link, 0, MPI_LINK, 0.001013, 0.001158, 0.000145, PTP, "rank-29", "rank-0", 30_1_-112_677
Link, 0, MPI_LINK, 0.001034, 0.001158, 0.000124, PTP, "rank-44", "rank-0", 45_1_-112_722
Link, 0, MPI_LINK, 0.001034, 0.001158, 0.000124, PTP, "rank-59", "rank-0", 60_1_-112_721
Link, 0, MPI_LINK, 0.000979, 0.001158, 0.000179, PTP, "rank-74", "rank-0", 75_1_-112_522
Link, 0, MPI_LINK, 0.000979, 0.001158, 0.000179, PTP, "rank-89", "rank-0", 90_1_-112_521
Link, 0, MPI_LINK, 0.000979, 0.001158, 0.000179, PTP, "rank-104", "rank-0", 105_1_-112_520
Link, 0, MPI_LINK, 0.000979, 0.001158, 0.000179, PTP, "rank-119", "rank-0", 120_1_-112_519
Link, 0, MPI_LINK, 0.001014, 0.001158, 0.000144, PTP, "rank-15", "rank-0", 16_1_-112_698
Link, 0, MPI_LINK, 0.001014, 0.001158, 0.000144, PTP, "rank-30", "rank-0", 31_1_-112_697
Link, 0, MPI_LINK, 0.001034, 0.001158, 0.000124, PTP, "rank-45", "rank-0", 46_1_-112_728
Link, 0, MPI_LINK, 0.001034, 0.001158, 0.000124, PTP, "rank-60", "rank-0", 61_1_-112_727
Link, 0, MPI_LINK, 0.000996, 0.001158, 0.000162, PTP, "rank-75", "rank-0", 76_1_-112_662
Link, 0, MPI_LINK, 0.000996, 0.001158, 0.000162, PTP, "rank-90", "rank-0", 91_1_-112_661
Link, 0, MPI_LINK, 0.000979, 0.001158, 0.000179, PTP, "rank-105", "rank-0", 106_1_-112_518
Link, 0, MPI_LINK, 0.000979, 0.001158, 0.000179, PTP, "rank-120", "rank-0", 121_1_-112_517
Link, 0, MPI_LINK, 0.001037, 0.001158, 0.000121, PTP, "rank-31", "rank-0", 32_1_-112_733
Link, 0, MPI_LINK, 0.000768, 0.001158, 0.000390, PTP, "rank-46", "rank-0", 47_1_-112_372
Link, 0, MPI_LINK, 0.000768, 0.001158, 0.000390, PTP, "rank-61", "rank-0", 62_1_-112_371
Link, 0, MPI_LINK, 0.001000, 0.001158, 0.000158, PTP, "rank-76", "rank-0", 77_1_-112_668
Link, 0, MPI_LINK, 0.001000, 0.001158, 0.000158, PTP, "rank-91", "rank-0", 92_1_-112_667
Link, 0, MPI_LINK, 0.000979, 0.001158, 0.000179, PTP, "rank-106", "rank-0", 107_1_-112_548
Link, 0, MPI_LINK, 0.000979, 0.001158, 0.000179, PTP, "rank-121", "rank-0", 122_1_-112_547
Link, 0, MPI_LINK, 0.001054, 0.001158, 0.000104, PTP, "rank-47", "rank-0", 48_1_-112_747
Link, 0, MPI_LINK, 0.000811, 0.001158, 0.000347, PTP, "rank-62", "rank-0", 63_1_-112_394
Link, 0, MPI_LINK, 0.000811, 0.001158, 0.000347, PTP, "rank-77", "rank-0", 78_1_-112_393
Link, 0, MPI_LINK, 0.000821, 0.001158, 0.000337, PTP, "rank-92", "rank-0", 93_1_-112_400
Link, 0, MPI_LINK, 0.000821, 0.001158, 0.000337, PTP, "rank-107", "rank-0", 108_1_-112_399
Link, 0, MPI_LINK, 0.001037, 0.001158, 0.000121, PTP, "rank-122", "rank-0", 123_1_-112_734
Link, 0, MPI_LINK, 0.000802, 0.001159, 0.000357, PTP, "rank-63", "rank-0", 64_1_-112_386
Link, 0, MPI_LINK, 0.000802, 0.001159, 0.000357, PTP, "rank-78", "rank-0", 79_1_-112_385
Link, 0, MPI_LINK, 0.000851, 0.001159, 0.000308, PTP, "rank-93", "rank-0", 94_1_-112_424
Link, 0, MPI_LINK, 0.000851, 0.001159, 0.000308, PTP, "rank-108", "rank-0", 109_1_-112_423
Link, 0, MPI_LINK, 0.001054, 0.001159, 0.000105, PTP, "rank-123", "rank-0", 124_1_-112_748
Link, 0, MPI_LINK, 0.000696, 0.001159, 0.000463, PTP, "rank-79", "rank-0", 80_1_-112_341
Link, 0, MPI_LINK, 0.000696, 0.001159, 0.000463, PTP, "rank-94", "rank-0", 95_1_-112_340
Link, 0, MPI_LINK, 0.000802, 0.001159, 0.000357, PTP, "rank-109", "rank-0", 110_1_-112_380
Link, 0, MPI_LINK, 0.000802, 0.001159, 0.000357, PTP, "rank-124", "rank-0", 125_1_-112_379
Link, 0, MPI_LINK, 0.000695, 0.001159, 0.000464, PTP, "rank-95", "rank-0", 96_1_-112_332
Link, 0, MPI_LINK, 0.000696, 0.001159, 0.000463, PTP, "rank-110", "rank-0", 111_1_-112_343
Link, 0, MPI_LINK, 0.000696, 0.001159, 0.000463, PTP, "rank-125", "rank-0", 126_1_-112_342
Link, 0, MPI_LINK, 0.000692, 0.001159, 0.000467, PTP, "rank-111", "rank-0", 112_1_-112_318
Link, 0, MPI_LINK, 0.000695, 0.001159, 0.000464, PTP, "rank-126", "rank-0", 127_1_-112_333
Link, 0, MPI_LINK, 0.000692, 0.001159, 0.000467, PTP, "rank-127", "rank-0", 128_1_-112_319
Link, 0, MPI_LINK, 0.000841, 0.001160, 0.000319, PTP, "rank-1", "rank-0", 2_1_-778_419
Link, 0, MPI_LINK, 0.000757, 0.001160, 0.000403, PTP, "rank-16", "rank-0", 17_1_-778_368
Link, 0, MPI_LINK, 0.000841, 0.001160, 0.000319, PTP, "rank-32", "rank-0", 33_1_-778_420
Link, 0, MPI_LINK, 0.000837, 0.001160, 0.000323, PTP, "rank-2", "rank-0", 3_1_-778_408
Link, 0, MPI_LINK, 0.000837, 0.001160, 0.000323, PTP, "rank-17", "rank-0", 18_1_-778_407
Link, 0, MPI_LINK, 0.000838, 0.001160, 0.000322, PTP, "rank-48", "rank-0", 49_1_-778_413
Link, 0, MPI_LINK, 0.000931, 0.001160, 0.000229, PTP, "rank-3", "rank-0", 4_1_-778_484
Link, 0, MPI_LINK, 0.000931, 0.001160, 0.000229, PTP, "rank-18", "rank-0", 19_1_-778_483
Link, 0, MPI_LINK, 0.000838, 0.001160, 0.000322, PTP, "rank-33", "rank-0", 34_1_-778_414
Link, 0, MPI_LINK, 0.000906, 0.001160, 0.000254, PTP, "rank-64", "rank-0", 65_1_-778_461
Link, 0, MPI_LINK, 0.001049, 0.001160, 0.000111, PTP, "rank-4", "rank-0", 5_1_-778_743
Link, 0, MPI_LINK, 0.000744, 0.001160, 0.000416, PTP, "rank-19", "rank-0", 20_1_-778_363
Link, 0, MPI_LINK, 0.000744, 0.001160, 0.000416, PTP, "rank-34", "rank-0", 35_1_-778_362
Link, 0, MPI_LINK, 0.000906, 0.001160, 0.000254, PTP, "rank-49", "rank-0", 50_1_-778_462
Link, 0, MPI_LINK, 0.001049, 0.001160, 0.000111, PTP, "rank-80", "rank-0", 81_1_-778_744
Link, 0, MPI_LINK, 0.001154, 0.001160, 0.000006, PTP, "rank-5", "rank-0", 6_1_-778_761
Link, 0, MPI_LINK, 0.000945, 0.001160, 0.000215, PTP, "rank-20", "rank-0", 21_1_-778_490
Link, 0, MPI_LINK, 0.000945, 0.001160, 0.000215, PTP, "rank-35", "rank-0", 36_1_-778_489
Link, 0, MPI_LINK, 0.000924, 0.001160, 0.000236, PTP, "rank-50", "rank-0", 51_1_-778_476
Link, 0, MPI_LINK, 0.000924, 0.001160, 0.000236, PTP, "rank-65", "rank-0", 66_1_-778_475
Link, 0, MPI_LINK, 0.001154, 0.001161, 0.000007, PTP, "rank-96", "rank-0", 97_1_-778_762
Link, 0, MPI_LINK, 0.001024, 0.001161, 0.000137, PTP, "rank-6", "rank-0", 7_1_-778_712
Link, 0, MPI_LINK, 0.001024, 0.001161, 0.000137, PTP, "rank-21", "rank-0", 22_1_-778_711
Link, 0, MPI_LINK, 0.001024, 0.001161, 0.000137, PTP, "rank-36", "rank-0", 37_1_-778_706
Link, 0, MPI_LINK, 0.001024, 0.001161, 0.000137, PTP, "rank-51", "rank-0", 52_1_-778_705
Link, 0, MPI_LINK, 0.001143, 0.001161, 0.000018, PTP, "rank-66", "rank-0", 67_1_-778_756
Link, 0, MPI_LINK, 0.001143, 0.001161, 0.000018, PTP, "rank-81", "rank-0", 82_1_-778_755
Link, 0, MPI_LINK, 0.000984, 0.001161, 0.000177, PTP, "rank-112", "rank-0", 113_1_-778_657
Link, 0, MPI_LINK, 0.000983, 0.001161, 0.000178, PTP, "rank-7", "rank-0", 8_1_-778_646
Link, 0, MPI_LINK, 0.000983, 0.001161, 0.000178, PTP, "rank-22", "rank-0", 23_1_-778_645
Link, 0, MPI_LINK, 0.000983, 0.001161, 0.000178, PTP, "rank-37", "rank-0", 38_1_-778_604
Link, 0, MPI_LINK, 0.000983, 0.001161, 0.000178, PTP, "rank-52", "rank-0", 53_1_-778_603
Link, 0, MPI_LINK, 0.000984, 0.001161, 0.000177, PTP, "rank-67", "rank-0", 68_1_-778_656
Link, 0, MPI_LINK, 0.000984, 0.001161, 0.000177, PTP, "rank-82", "rank-0", 83_1_-778_655
Link, 0, MPI_LINK, 0.000984, 0.001161, 0.000177, PTP, "rank-97", "rank-0", 98_1_-778_658
Link, 0, MPI_LINK, 0.000983, 0.001161, 0.000178, PTP, "rank-8", "rank-0", 9_1_-778_640
Link, 0, MPI_LINK, 0.000983, 0.001161, 0.000178, PTP, "rank-23", "rank-0", 24_1_-778_639
Link, 0, MPI_LINK, 0.000983, 0.001161, 0.000178, PTP, "rank-38", "rank-0", 39_1_-778_588
Link, 0, MPI_LINK, 0.000983, 0.001161, 0.000178, PTP, "rank-53", "rank-0", 54_1_-778_587
Link, 0, MPI_LINK, 0.000983, 0.001161, 0.000178, PTP, "rank-68", "rank-0", 69_1_-778_594
Link, 0, MPI_LINK, 0.000983, 0.001161, 0.000178, PTP, "rank-83", "rank-0", 84_1_-778_593
Link, 0, MPI_LINK, 0.000983, 0.001161, 0.000178, PTP, "rank-98", "rank-0", 99_1_-778_592
Link, 0, MPI_LINK, 0.000983, 0.001161, 0.000178, PTP, "rank-113", "rank-0", 114_1_-778_591
Link, 0, MPI_LINK, 0.000983, 0.001161, 0.000178, PTP, "rank-9", "rank-0", 10_1_-778_634
Link, 0, MPI_LINK, 0.000983, 0.001161, 0.000178, PTP, "rank-24", "rank-0", 25_1_-778_633
Link, 0, MPI_LINK, 0.000983, 0.001161, 0.000178, PTP, "rank-39", "rank-0", 40_1_-778_620
Link, 0, MPI_LINK, 0.000983, 0.001161, 0.000178, PTP, "rank-54", "rank-0", 55_1_-778_619
Link, 0, MPI_LINK, 0.000983, 0.001161, 0.000178, PTP, "rank-69", "rank-0", 70_1_-778_598
Link, 0, MPI_LINK, 0.000983, 0.001161, 0.000178, PTP, "rank-84", "rank-0", 85_1_-778_597
Link, 0, MPI_LINK, 0.000983, 0.001161, 0.000178, PTP, "rank-99", "rank-0", 100_1_-778_596
Link, 0, MPI_LINK, 0.000983, 0.001161, 0.000178, PTP, "rank-114", "rank-0", 115_1_-778_595
Link, 0, MPI_LINK, 0.000983, 0.001161, 0.000178, PTP, "rank-10", "rank-0", 11_1_-778_628
Link, 0, MPI_LINK, 0.000983, 0.001161, 0.000178, PTP, "rank-25", "rank-0", 26_1_-778_627
Link, 0, MPI_LINK, 0.000983, 0.001161, 0.000178, PTP, "rank-40", "rank-0", 41_1_-778_618
Link, 0, MPI_LINK, 0.000983, 0.001161, 0.000178, PTP, "rank-55", "rank-0", 56_1_-778_617
Link, 0, MPI_LINK, 0.000983, 0.001161, 0.000178, PTP, "rank-70", "rank-0", 71_1_-778_590
Link, 0, MPI_LINK, 0.000983, 0.001161, 0.000178, PTP, "rank-85", "rank-0", 86_1_-778_589
Link, 0, MPI_LINK, 0.000983, 0.001161, 0.000178, PTP, "rank-100", "rank-0", 101_1_-778_600
Link, 0, MPI_LINK, 0.000983, 0.001161, 0.000178, PTP, "rank-115", "rank-0", 116_1_-778_599
Link, 0, MPI_LINK, 0.000979, 0.001162, 0.000183, PTP, "rank-11", "rank-0", 12_1_-778_502
Link, 0, MPI_LINK, 0.000979, 0.001162, 0.000183, PTP, "rank-26", "rank-0", 27_1_-778_501
Link, 0, MPI_LINK, 0.000979, 0.001162, 0.000183, PTP, "rank-41", "rank-0", 42_1_-778_500
Link, 0, MPI_LINK, 0.000979, 0.001162, 0.000183, PTP, "rank-56", "rank-0", 57_1_-778_499
Link, 0, MPI_LINK, 0.000983, 0.001162, 0.000179, PTP, "rank-71", "rank-0", 72_1_-778_622
Link, 0, MPI_LINK, 0.000983, 0.001162, 0.000179, PTP, "rank-86", "rank-0", 87_1_-778_621
Link, 0, MPI_LINK, 0.000983, 0.001162, 0.000179, PTP, "rank-101", "rank-0", 102_1_-778_602
Link, 0, MPI_LINK, 0.000983, 0.001162, 0.000179, PTP, "rank-116", "rank-0", 117_1_-778_601
Link, 0, MPI_LINK, 0.001013, 0.001162, 0.000149, PTP, "rank-12", "rank-0", 13_1_-778_688
Link, 0, MPI_LINK, 0.001013, 0.001162, 0.000149, PTP, "rank-27", "rank-0", 28_1_-778_687
Link, 0, MPI_LINK, 0.001013, 0.001162, 0.000149, PTP, "rank-42", "rank-0", 43_1_-778_694
Link, 0, MPI_LINK, 0.001013, 0.001162, 0.000149, PTP, "rank-57", "rank-0", 58_1_-778_693
Link, 0, MPI_LINK, 0.000979, 0.001162, 0.000183, PTP, "rank-72", "rank-0", 73_1_-778_544
Link, 0, MPI_LINK, 0.000979, 0.001162, 0.000183, PTP, "rank-87", "rank-0", 88_1_-778_543
Link, 0, MPI_LINK, 0.000979, 0.001162, 0.000183, PTP, "rank-102", "rank-0", 103_1_-778_542
Link, 0, MPI_LINK, 0.000979, 0.001162, 0.000183, PTP, "rank-117", "rank-0", 118_1_-778_541
Link, 0, MPI_LINK, 0.001013, 0.001162, 0.000149, PTP, "rank-13", "rank-0", 14_1_-778_680
Link, 0, MPI_LINK, 0.001013, 0.001162, 0.000149, PTP, "rank-28", "rank-0", 29_1_-778_679
Link, 0, MPI_LINK, 0.001030, 0.001162, 0.000132, PTP, "rank-43", "rank-0", 44_1_-778_718
Link, 0, MPI_LINK, 0.001030, 0.001162, 0.000132, PTP, "rank-58", "rank-0", 59_1_-778_717
Link, 0, MPI_LINK, 0.000979, 0.001162, 0.000183, PTP, "rank-73", "rank-0", 74_1_-778_540
Link, 0, MPI_LINK, 0.000979, 0.001162, 0.000183, PTP, "rank-88", "rank-0", 89_1_-778_539
Link, 0, MPI_LINK, 0.000979, 0.001162, 0.000183, PTP, "rank-103", "rank-0", 104_1_-778_538
Link, 0, MPI_LINK, 0.000979, 0.001162, 0.000183, PTP, "rank-118", "rank-0", 119_1_-778_537
Link, 0, MPI_LINK, 0.001013, 0.001162, 0.000149, PTP, "rank-14", "rank-0", 15_1_-778_682
Link, 0, MPI_LINK, 0.001013, 0.001162, 0.000149, PTP, "rank-29", "rank-0", 30_1_-778_681
Link, 0, MPI_LINK, 0.001034, 0.001162, 0.000128, PTP, "rank-44", "rank-0", 45_1_-778_724
Link, 0, MPI_LINK, 0.001034, 0.001162, 0.000128, PTP, "rank-59", "rank-0", 60_1_-778_723
Link, 0, MPI_LINK, 0.000979, 0.001162, 0.000183, PTP, "rank-74", "rank-0", 75_1_-778_536
Link, 0, MPI_LINK, 0.000979, 0.001162, 0.000183, PTP, "rank-89", "rank-0", 90_1_-778_535
Link, 0, MPI_LINK, 0.000979, 0.001162, 0.000183, PTP, "rank-104", "rank-0", 105_1_-778_534
Link, 0, MPI_LINK, 0.000979, 0.001162, 0.000183, PTP, "rank-119", "rank-0", 120_1_-778_533
Link, 0, MPI_LINK, 0.001014, 0.001162, 0.000148, PTP, "rank-15", "rank-0", 16_1_-778_700
Link, 0, MPI_LINK, 0.001014, 0.001162, 0.000148, PTP, "rank-30", "rank-0", 31_1_-778_699
Link, 0, MPI_LINK, 0.001034, 0.001162, 0.000128, PTP, "rank-45", "rank-0", 46_1_-778_730
Link, 0, MPI_LINK, 0.001034, 0.001162, 0.000128, PTP, "rank-60", "rank-0", 61_1_-778_729
Link, 0, MPI_LINK, 0.000996, 0.001162, 0.000166, PTP, "rank-75", "rank-0", 76_1_-778_664
Link, 0, MPI_LINK, 0.000996, 0.001162, 0.000166, PTP, "rank-90", "rank-0", 91_1_-778_663
Link, 0, MPI_LINK, 0.000979, 0.001162, 0.000183, PTP, "rank-105", "rank-0", 106_1_-778_532
Link, 0, MPI_LINK, 0.000979, 0.001162, 0.000183, PTP, "rank-120", "rank-0", 121_1_-778_531
Link, 0, MPI_LINK, 0.001037, 0.001163, 0.000126, PTP, "rank-31", "rank-0", 32_1_-778_735
Link, 0, MPI_LINK, 0.000768, 0.001163, 0.000395, PTP, "rank-46", "rank-0", 47_1_-778_374
Link, 0, MPI_LINK, 0.000768, 0.001163, 0.000395, PTP, "rank-61", "rank-0", 62_1_-778_373
Link, 0, MPI_LINK, 0.001000, 0.001163, 0.000163, PTP, "rank-76", "rank-0", 77_1_-778_670
Link, 0, MPI_LINK, 0.001000, 0.001163, 0.000163, PTP, "rank-91", "rank-0", 92_1_-778_669
Link, 0, MPI_LINK, 0.000979, 0.001163, 0.000184, PTP, "rank-106", "rank-0", 107_1_-778_550
Link, 0, MPI_LINK, 0.000979, 0.001163, 0.000184, PTP, "rank-121", "rank-0", 122_1_-778_549
Link, 0, MPI_LINK, 0.001054, 0.001163, 0.000109, PTP, "rank-47", "rank-0", 48_1_-778_749
Link, 0, MPI_LINK, 0.000811, 0.001163, 0.000352, PTP, "rank-62", "rank-0", 63_1_-778_396
Link, 0, MPI_LINK, 0.000811, 0.001163, 0.000352, PTP, "rank-77", "rank-0", 78_1_-778_395
Link, 0, MPI_LINK, 0.000821, 0.001163, 0.000342, PTP, "rank-92", "rank-0", 93_1_-778_402
Link, 0, MPI_LINK, 0.000821, 0.001163, 0.000342, PTP, "rank-107", "rank-0", 108_1_-778_401
Link, 0, MPI_LINK, 0.001037, 0.001163, 0.000126, PTP, "rank-122", "rank-0", 123_1_-778_736
Link, 0, MPI_LINK, 0.000802, 0.001163, 0.000361, PTP, "rank-63", "rank-0", 64_1_-778_388
Link, 0, MPI_LINK, 0.000802, 0.001163, 0.000361, PTP, "rank-78", "rank-0", 79_1_-778_387
Link, 0, MPI_LINK, 0.000851, 0.001163, 0.000312, PTP, "rank-93", "rank-0", 94_1_-778_426
Link, 0, MPI_LINK, 0.000851, 0.001163, 0.000312, PTP, "rank-108", "rank-0", 109_1_-778_425
Link, 0, MPI_LINK, 0.001054, 0.001163, 0.000109, PTP, "rank-123", "rank-0", 124_1_-778_750
Link, 0, MPI_LINK, 0.000696, 0.001163, 0.000467, PTP, "rank-79", "rank-0", 80_1_-778_345
Link, 0, MPI_LINK, 0.000696, 0.001163, 0.000467, PTP, "rank-94", "rank-0", 95_1_-778_344
Link, 0, MPI_LINK, 0.000802, 0.001163, 0.000361, PTP, "rank-109", "rank-0", 110_1_-778_382
Link, 0, MPI_LINK, 0.000802, 0.001163, 0.000361, PTP, "rank-124", "rank-0", 125_1_-778_381
Link, 0, MPI_LINK, 0.000695, 0.001163, 0.000468, PTP, "rank-95", "rank-0", 96_1_-778_334
Link, 0, MPI_LINK, 0.000696, 0.001163, 0.000467, PTP, "rank-110", "rank-0", 111_1_-778_347
Link, 0, MPI_LINK, 0.000696, 0.001163, 0.000467, PTP, "rank-125", "rank-0", 126_1_-778_346
Link, 0, MPI_LINK, 0.000692, 0.001164, 0.000472, PTP, "rank-111", "rank-0", 112_1_-778_320
Link, 0, MPI_LINK, 0.000695, 0.001164, 0.000469, PTP, "rank-126", "rank-0", 127_1_-778_335
Link, 0, MPI_LINK, 0.000692, 0.001164, 0.000472, PTP, "rank-127", "rank-0", 128_1_-778_321
Link, 0, MPI_LINK, 0.001164, 0.001164, 0.000000, PTP, "rank-0", "rank-1", 1_2_-778_763
Link, 0, MPI_LINK, 0.001164, 0.001164, 0.000000, PTP, "rank-0", "rank-16", 1_17_-778_778
Link, 0, MPI_LINK, 0.001164, 0.001164, 0.000000, PTP, "rank-0", "rank-32", 1_33_-778_794
Link, 0, MPI_LINK, 0.001164, 0.001164, 0.000000, PTP, "rank-0", "rank-17", 1_18_-778_779
Link, 0, MPI_LINK, 0.001164, 0.001164, 0.000000, PTP, "rank-0", "rank-2", 1_3_-778_764
Link, 0, MPI_LINK, 0.001164, 0.001164, 0.000000, PTP, "rank-0", "rank-48", 1_49_-778_810
Link, 0, MPI_LINK, 0.001164, 0.001164, 0.000000, PTP, "rank-0", "rank-33", 1_34_-778_795
Link, 0, MPI_LINK, 0.001164, 0.001164, 0.000000, PTP, "rank-0", "rank-18", 1_19_-778_780
Link, 0, MPI_LINK, 0.001164, 0.001164, 0.000000, PTP, "rank-0", "rank-3", 1_4_-778_765
Link, 0, MPI_LINK, 0.001164, 0.001165, 0.000001, PTP, "rank-0", "rank-64", 1_65_-778_826
Link, 0, MPI_LINK, 0.001164, 0.001165, 0.000001, PTP, "rank-0", "rank-49", 1_50_-778_811
Link, 0, MPI_LINK, 0.001164, 0.001165, 0.000001, PTP, "rank-0", "rank-34", 1_35_-778_796
Link, 0, MPI_LINK, 0.001164, 0.001165, 0.000001, PTP, "rank-0", "rank-19", 1_20_-778_781
Link, 0, MPI_LINK, 0.001164, 0.001165, 0.000001, PTP, "rank-0", "rank-4", 1_5_-778_766
Link, 0, MPI_LINK, 0.001164, 0.001165, 0.000001, PTP, "rank-0", "rank-80", 1_81_-778_842
Link, 0, MPI_LINK, 0.001164, 0.001165, 0.000001, PTP, "rank-0", "rank-65", 1_66_-778_827
Link, 0, MPI_LINK, 0.001164, 0.001165, 0.000001, PTP, "rank-0", "rank-50", 1_51_-778_812
Link, 0, MPI_LINK, 0.001164, 0.001165, 0.000001, PTP, "rank-0", "rank-35", 1_36_-778_797
Link, 0, MPI_LINK, 0.001164, 0.001165, 0.000001, PTP, "rank-0", "rank-20", 1_21_-778_782
Link, 0, MPI_LINK, 0.001164, 0.001165, 0.000001, PTP, "rank-0", "rank-5", 1_6_-778_767
Link, 0, MPI_LINK, 0.001164, 0.001165, 0.000001, PTP, "rank-0", "rank-96", 1_97_-778_858
Link, 0, MPI_LINK, 0.001164, 0.001165, 0.000001, PTP, "rank-0", "rank-81", 1_82_-778_843
Link, 0, MPI_LINK, 0.001164, 0.001165, 0.000001, PTP, "rank-0", "rank-66", 1_67_-778_828
Link, 0, MPI_LINK, 0.001164, 0.001165, 0.000001, PTP, "rank-0", "rank-51", 1_52_-778_813
Link, 0, MPI_LINK, 0.001164, 0.001165, 0.000001, PTP, "rank-0", "rank-36", 1_37_-778_798
Link, 0, MPI_LINK, 0.001164, 0.001165, 0.000001, PTP, "rank-0", "rank-21", 1_22_-778_783
Link, 0, MPI_LINK, 0.001164, 0.001165, 0.000001, PTP, "rank-0", "rank-6", 1_7_-778_768
Link, 0, MPI_LINK, 0.001164, 0.001165, 0.000001, PTP, "rank-0", "rank-112", 1_113_-778_874
Link, 0, MPI_LINK, 0.001164, 0.001165, 0.000001, PTP, "rank-0", "rank-97", 1_98_-778_859
Link, 0, MPI_LINK, 0.001164, 0.001165, 0.000001, PTP, "rank-0", "rank-82", 1_83_-778_844
Link, 0, MPI_LINK, 0.001164, 0.001165, 0.000001, PTP, "rank-0", "rank-67", 1_68_-778_829
Link, 0, MPI_LINK, 0.001164, 0.001165, 0.000001, PTP, "rank-0", "rank-52", 1_53_-778_814
Link, 0, MPI_LINK, 0.001164, 0.001165, 0.000001, PTP, "rank-0", "rank-37", 1_38_-778_799
Link, 0, MPI_LINK, 0.001164, 0.001165, 0.000001, PTP, "rank-0", "rank-22", 1_23_-778_784
Link, 0, MPI_LINK, 0.001164, 0.001165, 0.000001, PTP, "rank-0", "rank-7", 1_8_-778_769
Link, 0, MPI_LINK, 0.001164, 0.001165, 0.000001, PTP, "rank-0", "rank-113", 1_114_-778_875
Link, 0, MPI_LINK, 0.001164, 0.001165, 0.000001, PTP, "rank-0", "rank-98", 1_99_-778_860
Link, 0, MPI_LINK, 0.001164, 0.001165, 0.000001, PTP, "rank-0", "rank-83", 1_84_-778_845
Link, 0, MPI_LINK, 0.001164, 0.001165, 0.000001, PTP, "rank-0", "rank-68", 1_69_-778_830
Link, 0, MPI_LINK, 0.001164, 0.001165, 0.000001, PTP, "rank-0", "rank-53", 1_54_-778_815
Link, 0, MPI_LINK, 0.001164, 0.001165, 0.000001, PTP, "rank-0", "rank-38", 1_39_-778_800
Link, 0, MPI_LINK, 0.001164, 0.001165, 0.000001, PTP, "rank-0", "rank-23", 1_24_-778_785
Link, 0, MPI_LINK, 0.001164, 0.001165, 0.000001, PTP, "rank-0", "rank-8", 1_9_-778_770
Link, 0, MPI_LINK, 0.001164, 0.001166, 0.000002, PTP, "rank-0", "rank-114", 1_115_-778_876
Link, 0, MPI_LINK, 0.001164, 0.001166, 0.000002, PTP, "rank-0", "rank-99", 1_100_-778_861
Link, 0, MPI_LINK, 0.001164, 0.001166, 0.000002, PTP, "rank-0", "rank-84", 1_85_-778_846
Link, 0, MPI_LINK, 0.001164, 0.001166, 0.000002, PTP, "rank-0", "rank-69", 1_70_-778_831
Link, 0, MPI_LINK, 0.001164, 0.001166, 0.000002, PTP, "rank-0", "rank-54", 1_55_-778_816
Link, 0, MPI_LINK, 0.001164, 0.001166, 0.000002, PTP, "rank-0", "rank-39", 1_40_-778_801
Link, 0, MPI_LINK, 0.001164, 0.001166, 0.000002, PTP, "rank-0", "rank-24", 1_25_-778_786
Link, 0, MPI_LINK, 0.001164, 0.001166, 0.000002, PTP, "rank-0", "rank-9", 1_10_-778_771
Link, 0, MPI_LINK, 0.001164, 0.001166, 0.000002, PTP, "rank-0", "rank-115", 1_116_-778_877
Link, 0, MPI_LINK, 0.001164, 0.001166, 0.000002, PTP, "rank-0", "rank-100", 1_101_-778_862
Link, 0, MPI_LINK, 0.001164, 0.001166, 0.000002, PTP, "rank-0", "rank-85", 1_86_-778_847
Link, 0, MPI_LINK, 0.001164, 0.001166, 0.000002, PTP, "rank-0", "rank-70", 1_71_-778_832
Link, 0, MPI_LINK, 0.001164, 0.001166, 0.000002, PTP, "rank-0", "rank-55", 1_56_-778_817
Link, 0, MPI_LINK, 0.001164, 0.001166, 0.000002, PTP, "rank-0", "rank-40", 1_41_-778_802
Link, 0, MPI_LINK, 0.001164, 0.001166, 0.000002, PTP, "rank-0", "rank-25", 1_26_-778_787
Link, 0, MPI_LINK, 0.001164, 0.001166, 0.000002, PTP, "rank-0", "rank-10", 1_11_-778_772
Link, 0, MPI_LINK, 0.001164, 0.001166, 0.000002, PTP, "rank-0", "rank-116", 1_117_-778_878
Link, 0, MPI_LINK, 0.001164, 0.001166, 0.000002, PTP, "rank-0", "rank-101", 1_102_-778_863
Link, 0, MPI_LINK, 0.001164, 0.001166, 0.000002, PTP, "rank-0", "rank-86", 1_87_-778_848
Link, 0, MPI_LINK, 0.001164, 0.001166, 0.000002, PTP, "rank-0", "rank-71", 1_72_-778_833
Link, 0, MPI_LINK, 0.001164, 0.001166, 0.000002, PTP, "rank-0", "rank-56", 1_57_-778_818
Link, 0, MPI_LINK, 0.001164, 0.001166, 0.000002, PTP, "rank-0", "rank-41", 1_42_-778_803
Link, 0, MPI_LINK, 0.001164, 0.001166, 0.000002, PTP, "rank-0", "rank-26", 1_27_-778_788
Link, 0, MPI_LINK, 0.001164, 0.001166, 0.000002, PTP, "rank-0", "rank-11", 1_12_-778_773
Link, 0, MPI_LINK, 0.001164, 0.001166, 0.000002, PTP, "rank-0", "rank-117", 1_118_-778_879
Link, 0, MPI_LINK, 0.001164, 0.001166, 0.000002, PTP, "rank-0", "rank-102", 1_103_-778_864
Link, 0, MPI_LINK, 0.001164, 0.001166, 0.000002, PTP, "rank-0", "rank-87", 1_88_-778_849
Link, 0, MPI_LINK, 0.001164, 0.001166, 0.000002, PTP, "rank-0", "rank-72", 1_73_-778_834
Link, 0, MPI_LINK, 0.001164, 0.001166, 0.000002, PTP, "rank-0", "rank-57", 1_58_-778_819
Link, 0, MPI_LINK, 0.001164, 0.001166, 0.000002, PTP, "rank-0", "rank-42", 1_43_-778_804
Link, 0, MPI_LINK, 0.001164, 0.001166, 0.000002, PTP, "rank-0", "rank-27", 1_28_-778_789
Link, 0, MPI_LINK, 0.001164, 0.001166, 0.000002, PTP, "rank-0", "rank-12", 1_13_-778_774
Link, 0, MPI_LINK, 0.001164, 0.001166, 0.000002, PTP, "rank-0", "rank-118", 1_119_-778_880
Link, 0, MPI_LINK, 0.001164, 0.001166, 0.000002, PTP, "rank-0", "rank-103", 1_104_-778_865
Link, 0, MPI_LINK, 0.001164, 0.001166, 0.000002, PTP, "rank-0", "rank-88", 1_89_-778_850
Link, 0, MPI_LINK, 0.001164, 0.001166, 0.000002, PTP, "rank-0", "rank-73", 1_74_-778_835
Link, 0, MPI_LINK, 0.001164, 0.001166, 0.000002, PTP, "rank-0", "rank-58", 1_59_-778_820
Link, 0, MPI_LINK, 0.001164, 0.001166, 0.000002, PTP, "rank-0", "rank-43", 1_44_-778_805
Link, 0, MPI_LINK, 0.001164, 0.001166, 0.000002, PTP, "rank-0", "rank-28", 1_29_-778_790
Link, 0, MPI_LINK, 0.001164, 0.001166, 0.000002, PTP, "rank-0", "rank-13", 1_14_-778_775
Link, 0, MPI_LINK, 0.001164, 0.001167, 0.000003, PTP, "rank-0", "rank-119", 1_120_-778_881
Link, 0, MPI_LINK, 0.001164, 0.001167, 0.000003, PTP, "rank-0", "rank-104", 1_105_-778_866
Link, 0, MPI_LINK, 0.001164, 0.001167, 0.000003, PTP, "rank-0", "rank-89", 1_90_-778_851
Link, 0, MPI_LINK, 0.001164, 0.001167, 0.000003, PTP, "rank-0", "rank-74", 1_75_-778_836
Link, 0, MPI_LINK, 0.001164, 0.001167, 0.000003, PTP, "rank-0", "rank-59", 1_60_-778_821
Link, 0, MPI_LINK, 0.001164, 0.001167, 0.000003, PTP, "rank-0", "rank-44", 1_45_-778_806
Link, 0, MPI_LINK, 0.001164, 0.001167, 0.000003, PTP, "rank-0", "rank-29", 1_30_-778_791
Link, 0, MPI_LINK, 0.001164, 0.001167, 0.000003, PTP, "rank-0", "rank-14", 1_15_-778_776
Link, 0, MPI_LINK, 0.001164, 0.001167, 0.000003, PTP, "rank-0", "rank-120", 1_121_-778_882
Link, 0, MPI_LINK, 0.001164, 0.001167, 0.000003, PTP, "rank-0", "rank-105", 1_106_-778_867
Link, 0, MPI_LINK, 0.001164, 0.001167, 0.000003, PTP, "rank-0", "rank-90", 1_91_-778_852
Link, 0, MPI_LINK, 0.001164, 0.001167, 0.000003, PTP, "rank-0", "rank-75", 1_76_-778_837
Link, 0, MPI_LINK, 0.001164, 0.001167, 0.000003, PTP, "rank-0", "rank-60", 1_61_-778_822
Link, 0, MPI_LINK, 0.001164, 0.001167, 0.000003, PTP, "rank-0", "rank-45", 1_46_-778_807
Link, 0, MPI_LINK, 0.001164, 0.001167, 0.000003, PTP, "rank-0", "rank-30", 1_31_-778_792
Link, 0, MPI_LINK, 0.001164, 0.001167, 0.000003, PTP, "rank-0", "rank-15", 1_16_-778_777
Link, 0, MPI_LINK, 0.001164, 0.001167, 0.000003, PTP, "rank-0", "rank-121", 1_122_-778_883
Link, 0, MPI_LINK, 0.001164, 0.001167, 0.000003, PTP, "rank-0", "rank-106", 1_107_-778_868
Link, 0, MPI_LINK, 0.001164, 0.001167, 0.000003, PTP, "rank-0", "rank-91", 1_92_-778_853
Link, 0, MPI_LINK, 0.001164, 0.001167, 0.000003, PTP, "rank-0", "rank-76", 1_77_-778_838
Link, 0, MPI_LINK, 0.001164, 0.001167, 0.000003, PTP, "rank-0", "rank-61", 1_62_-778_823
Link, 0, MPI_LINK, 0.001164, 0.001167, 0.000003, PTP, "rank-0", "rank-46", 1_47_-778_808
Link, 0, MPI_LINK, 0.001164, 0.001167, 0.000003, PTP, "rank-0", "rank-31", 1_32_-778_793
Link, 0, MPI_LINK, 0.001164, 0.001167, 0.000003, PTP, "rank-0", "rank-122", 1_123_-778_884
Link, 0, MPI_LINK, 0.001164, 0.001167, 0.000003, PTP, "rank-0", "rank-107", 1_108_-778_869
Link, 0, MPI_LINK, 0.001164, 0.001167, 0.000003, PTP, "rank-0", "rank-92", 1_93_-778_854
Link, 0, MPI_LINK, 0.001164, 0.001167, 0.000003, PTP, "rank-0", "rank-77", 1_78_-778_839
Link, 0, MPI_LINK, 0.001164, 0.001167, 0.000003, PTP, "rank-0", "rank-62", 1_63_-778_824
Link, 0, MPI_LINK, 0.001164, 0.001167, 0.000003, PTP, "rank-0", "rank-47", 1_48_-778_809
Link, 0, MPI_LINK, 0.001164, 0.001167, 0.000003, PTP, "rank-0", "rank-123", 1_124_-778_885
Link, 0, MPI_LINK, 0.001164, 0.001167, 0.000003, PTP, "rank-0", "rank-108", 1_109_-778_870
Link, 0, MPI_LINK, 0.001164, 0.001167, 0.000003, PTP, "rank-0", "rank-93", 1_94_-778_855
Link, 0, MPI_LINK, 0.001164, 0.001167, 0.000003, PTP, "rank-0", "rank-78", 1_79_-778_840
Link, 0, MPI_LINK, 0.001164, 0.001167, 0.000003, PTP, "rank-0", "rank-63", 1_64_-778_825
Link, 0, MPI_LINK, 0.001164, 0.001168, 0.000004, PTP, "rank-0", "rank-124", 1_125_-778_886
Link, 0, MPI_LINK, 0.001164, 0.001168, 0.000004, PTP, "rank-0", "rank-109", 1_110_-778_871
Link, 0, MPI_LINK, 0.001164, 0.001168, 0.000004, PTP, "rank-0", "rank-94", 1_95_-778_856
Link, 0, MPI_LINK, 0.001164, 0.001168, 0.000004, PTP, "rank-0", "rank-79", 1_80_-778_841
Link, 0, MPI_LINK, 0.001164, 0.001168, 0.000004, PTP, "rank-0", "rank-125", 1_126_-778_887
Link, 0, MPI_LINK, 0.001164, 0.001168, 0.000004, PTP, "rank-0", "rank-110", 1_111_-778_872
Link, 0, MPI_LINK, 0.001164, 0.001168, 0.000004, PTP, "rank-0", "rank-95", 1_96_-778_857
Link, 0, MPI_LINK, 0.001164, 0.001168, 0.000004, PTP, "rank-0", "rank-126", 1_127_-778_888
Link, 0, MPI_LINK, 0.001164, 0.001168, 0.000004, PTP, "rank-0", "rank-111", 1_112_-778_873
Link, 0, MPI_LINK, 0.001164, 0.001168, 0.000004, PTP, "rank-0", "rank-127", 1_128_-778_889
Container, 0, MPI, 0, 0.001165, 0.001165, "rank-98"
State, "rank-98", MPI_STATE, 0.000000, 0.000000, 0.000000, 0.000000, PMPI_Init
State, "rank-98", MPI_STATE, 0.000000, 0.000006, 0.000006, 0.000000, PMPI_Barrier
State, "rank-98", MPI_STATE, 0.000006, 0.000983, 0.000977, 0.000000, PMPI_Recv
State, "rank-98", MPI_STATE, 0.000983, 0.000983, 0.000000, 0.000000, PMPI_Reduce
State, "rank-98", MPI_STATE, 0.000983, 0.000983, 0.000000, 0.000000, PMPI_Reduce
State, "rank-98", MPI_STATE, 0.000983, 0.001165, 0.000182, 0.000000, PMPI_Barrier
State, "rank-98", MPI_STATE, 0.001165, 0.001165, 0.000000, 0.000000, PMPI_Finalize
Container, 0, MPI, 0, 0.001165, 0.001165, "rank-97"
State, "rank-97", MPI_STATE, 0.000000, 0.000000, 0.000000, 0.000000, PMPI_Init
State, "rank-97", MPI_STATE, 0.000000, 0.000006, 0.000006, 0.000000, PMPI_Barrier
State, "rank-97", MPI_STATE, 0.000006, 0.000984, 0.000978, 0.000000, PMPI_Recv
State, "rank-97", MPI_STATE, 0.000984, 0.000984, 0.000000, 0.000000, PMPI_Reduce
State, "rank-97", MPI_STATE, 0.000984, 0.000984, 0.000000, 0.000000, PMPI_Reduce
State, "rank-97", MPI_STATE, 0.000984, 0.001165, 0.000181, 0.000000, PMPI_Barrier
State, "rank-97", MPI_STATE, 0.001165, 0.001165, 0.000000, 0.000000, PMPI_Finalize
Container, 0, MPI, 0, 0.001165, 0.001165, "rank-96"
State, "rank-96", MPI_STATE, 0.000000, 0.000000, 0.000000, 0.000000, PMPI_Init
State, "rank-96", MPI_STATE, 0.000000, 0.000006, 0.000006, 0.000000, PMPI_Barrier
State, "rank-96", MPI_STATE, 0.000006, 0.001154, 0.001148, 0.000000, PMPI_Recv
State, "rank-96", MPI_STATE, 0.001154, 0.001154, 0.000000, 0.000000, PMPI_Reduce
State, "rank-96", MPI_STATE, 0.001154, 0.001154, 0.000000, 0.000000, PMPI_Reduce
State, "rank-96", MPI_STATE, 0.001154, 0.001165, 0.000011, 0.000000, PMPI_Barrier
State, "rank-96", MPI_STATE, 0.001165, 0.001165, 0.000000, 0.000000, PMPI_Finalize
Container, 0, MPI, 0, 0.001168, 0.001168, "rank-95"
State, "rank-95", MPI_STATE, 0.000000, 0.000000, 0.000000, 0.000000, PMPI_Init
State, "rank-95", MPI_STATE, 0.000000, 0.000008, 0.000008, 0.000000, PMPI_Barrier
State, "rank-95", MPI_STATE, 0.000008, 0.000503, 0.000495, 0.000000, PMPI_Recv
State, "rank-95", MPI_STATE, 0.000503, 0.000598, 0.000095, 0.000000, PMPI_Send
State, "rank-95", MPI_STATE, 0.000598, 0.000695, 0.000097, 0.000000, PMPI_Send
State, "rank-95", MPI_STATE, 0.000695, 0.000695, 0.000000, 0.000000, PMPI_Reduce
State, "rank-95", MPI_STATE, 0.000695, 0.000695, 0.000000, 0.000000, PMPI_Reduce
State, "rank-95", MPI_STATE, 0.000695, 0.001168, 0.000473, 0.000000, PMPI_Barrier
State, "rank-95", MPI_STATE, 0.001168, 0.001168, 0.000000, 0.000000, PMPI_Finalize
Container, 0, MPI, 0, 0.001168, 0.001168, "rank-94"
State, "rank-94", MPI_STATE, 0.000000, 0.000000, 0.000000, 0.000000, PMPI_Init
State, "rank-94", MPI_STATE, 0.000000, 0.000008, 0.000008, 0.000000, PMPI_Barrier
State, "rank-94", MPI_STATE, 0.000008, 0.000408, 0.000400, 0.000000, PMPI_Recv
State, "rank-94", MPI_STATE, 0.000408, 0.000503, 0.000095, 0.000000, PMPI_Send
State, "rank-94", MPI_STATE, 0.000503, 0.000600, 0.000097, 0.000000, PMPI_Send
State, "rank-94", MPI_STATE, 0.000600, 0.000696, 0.000096, 0.000000, PMPI_Send
State, "rank-94", MPI_STATE, 0.000696, 0.000696, 0.000000, 0.000000, PMPI_Reduce
State, "rank-94", MPI_STATE, 0.000696, 0.000696, 0.000000, 0.000000, PMPI_Reduce
State, "rank-94", MPI_STATE, 0.000696, 0.001168, 0.000472, 0.000000, PMPI_Barrier
State, "rank-94", MPI_STATE, 0.001168, 0.001168, 0.000000, 0.000000, PMPI_Finalize
Container, 0, MPI, 0, 0.001167, 0.001167, "rank-93"
State, "rank-93", MPI_STATE, 0.000000, 0.000000, 0.000000, 0.000000, PMPI_Init
State, "rank-93", MPI_STATE, 0.000000, 0.000008, 0.000008, 0.000000, PMPI_Barrier
State, "rank-93", MPI_STATE, 0.000008, 0.000851, 0.000843, 0.000000, PMPI_Recv
State, "rank-93", MPI_STATE, 0.000851, 0.000851, 0.000000, 0.000000, PMPI_Reduce
State, "rank-93", MPI_STATE, 0.000851, 0.000851, 0.000000, 0.000000, PMPI_Reduce
State, "rank-93", MPI_STATE, 0.000851, 0.001167, 0.000316, 0.000000, PMPI_Barrier
State, "rank-93", MPI_STATE, 0.001167, 0.001167, 0.000000, 0.000000, PMPI_Finalize
Container, 0, MPI, 0, 0.001167, 0.001167, "rank-92"
State, "rank-92", MPI_STATE, 0.000000, 0.000000, 0.000000, 0.000000, PMPI_Init
State, "rank-92", MPI_STATE, 0.000000, 0.000008, 0.000008, 0.000000, PMPI_Barrier
State, "rank-92", MPI_STATE, 0.000008, 0.000821, 0.000813, 0.000000, PMPI_Recv
State, "rank-92", MPI_STATE, 0.000821, 0.000821, 0.000000, 0.000000, PMPI_Reduce
State, "rank-92", MPI_STATE, 0.000821, 0.000821, 0.000000, 0.000000, PMPI_Reduce
State, "rank-92", MPI_STATE, 0.000821, 0.001167, 0.000346, 0.000000, PMPI_Barrier
State, "rank-92", MPI_STATE, 0.001167, 0.001167, 0.000000, 0.000000, PMPI_Finalize
Container, 0, MPI, 0, 0.001167, 0.001167, "rank-91"
State, "rank-91", MPI_STATE, 0.000000, 0.000000, 0.000000, 0.000000, PMPI_Init
State, "rank-91", MPI_STATE, 0.000000, 0.000008, 0.000008, 0.000000, PMPI_Barrier
State, "rank-91", MPI_STATE, 0.000008, 0.000884, 0.000876, 0.000000, PMPI_Recv
State, "rank-91", MPI_STATE, 0.000884, 0.001000, 0.000116, 0.000000, PMPI_Send
State, "rank-91", MPI_STATE, 0.001000, 0.001000, 0.000000, 0.000000, PMPI_Reduce
State, "rank-91", MPI_STATE, 0.001000, 0.001000, 0.000000, 0.000000, PMPI_Reduce
State, "rank-91", MPI_STATE, 0.001000, 0.001167, 0.000167, 0.000000, PMPI_Barrier
State, "rank-91", MPI_STATE, 0.001167, 0.001167, 0.000000, 0.000000, PMPI_Finalize
Container, 0, MPI, 0, 0.001167, 0.001167, "rank-90"
State, "rank-90", MPI_STATE, 0.000000, 0.000000, 0.000000, 0.000000, PMPI_Init
State, "rank-90", MPI_STATE, 0.000000, 0.000007, 0.000007, 0.000000, PMPI_Barrier
State, "rank-90", MPI_STATE, 0.000007, 0.000883, 0.000876, 0.000000, PMPI_Recv
State, "rank-90", MPI_STATE, 0.000883, 0.000996, 0.000113, 0.000000, PMPI_Send
State, "rank-90", MPI_STATE, 0.000996, 0.000996, 0.000000, 0.000000, PMPI_Reduce
State, "rank-90", MPI_STATE, 0.000996, 0.000996, 0.000000, 0.000000, PMPI_Reduce
State, "rank-90", MPI_STATE, 0.000996, 0.001167, 0.000171, 0.000000, PMPI_Barrier
State, "rank-90", MPI_STATE, 0.001167, 0.001167, 0.000000, 0.000000, PMPI_Finalize
Container, 0, MPI, 0, 0.001167, 0.001167, "rank-89"
State, "rank-89", MPI_STATE, 0.000000, 0.000000, 0.000000, 0.000000, PMPI_Init
State, "rank-89", MPI_STATE, 0.000000, 0.000007, 0.000007, 0.000000, PMPI_Barrier
State, "rank-89", MPI_STATE, 0.000007, 0.000883, 0.000876, 0.000000, PMPI_Recv
State, "rank-89", MPI_STATE, 0.000883, 0.000979, 0.000096, 0.000000, PMPI_Send
State, "rank-89", MPI_STATE, 0.000979, 0.000979, 0.000000, 0.000000, PMPI_Reduce
State, "rank-89", MPI_STATE, 0.000979, 0.000979, 0.000000, 0.000000, PMPI_Reduce
State, "rank-89", MPI_STATE, 0.000979, 0.001167, 0.000188, 0.000000, PMPI_Barrier
State, "rank-89", MPI_STATE, 0.001167, 0.001167, 0.000000, 0.000000, PMPI_Finalize
Container, 0, MPI, 0, 0.001165, 0.001165, "rank-8"
State, "rank-8", MPI_STATE, 0.000000, 0.000000, 0.000000, 0.000000, PMPI_Init
State, "rank-8", MPI_STATE, 0.000000, 0.000006, 0.000006, 0.000000, PMPI_Barrier
State, "rank-8", MPI_STATE, 0.000006, 0.000983, 0.000977, 0.000000, PMPI_Recv
State, "rank-8", MPI_STATE, 0.000983, 0.000983, 0.000000, 0.000000, PMPI_Reduce
State, "rank-8", MPI_STATE, 0.000983, 0.000983, 0.000000, 0.000000, PMPI_Reduce
State, "rank-8", MPI_STATE, 0.000983, 0.001165, 0.000182, 0.000000, PMPI_Barrier
State, "rank-8", MPI_STATE, 0.001165, 0.001165, 0.000000, 0.000000, PMPI_Finalize
Container, 0, MPI, 0, 0.001166, 0.001166, "rank-88"
State, "rank-88", MPI_STATE, 0.000000, 0.000000, 0.000000, 0.000000, PMPI_Init
State, "rank-88", MPI_STATE, 0.000000, 0.000007, 0.000007, 0.000000, PMPI_Barrier
State, "rank-88", MPI_STATE, 0.000007, 0.000883, 0.000876, 0.000000, PMPI_Recv
State, "rank-88", MPI_STATE, 0.000883, 0.000979, 0.000096, 0.000000, PMPI_Send
State, "rank-88", MPI_STATE, 0.000979, 0.000979, 0.000000, 0.000000, PMPI_Reduce
State, "rank-88", MPI_STATE, 0.000979, 0.000979, 0.000000, 0.000000, PMPI_Reduce
State, "rank-88", MPI_STATE, 0.000979, 0.001166, 0.000187, 0.000000, PMPI_Barrier
State, "rank-88", MPI_STATE, 0.001166, 0.001166, 0.000000, 0.000000, PMPI_Finalize
Container, 0, MPI, 0, 0.001166, 0.001166, "rank-87"
State, "rank-87", MPI_STATE, 0.000000, 0.000000, 0.000000, 0.000000, PMPI_Init
State, "rank-87", MPI_STATE, 0.000000, 0.000007, 0.000007, 0.000000, PMPI_Barrier
State, "rank-87", MPI_STATE, 0.000007, 0.000883, 0.000876, 0.000000, PMPI_Recv
State, "rank-87", MPI_STATE, 0.000883, 0.000979, 0.000096, 0.000000, PMPI_Send
State, "rank-87", MPI_STATE, 0.000979, 0.000979, 0.000000, 0.000000, PMPI_Reduce
State, "rank-87", MPI_STATE, 0.000979, 0.000979, 0.000000, 0.000000, PMPI_Reduce
State, "rank-87", MPI_STATE, 0.000979, 0.001166, 0.000187, 0.000000, PMPI_Barrier
State, "rank-87", MPI_STATE, 0.001166, 0.001166, 0.000000, 0.000000, PMPI_Finalize
Container, 0, MPI, 0, 0.001166, 0.001166, "rank-86"
State, "rank-86", MPI_STATE, 0.000000, 0.000000, 0.000000, 0.000000, PMPI_Init
State, "rank-86", MPI_STATE, 0.000000, 0.000007, 0.000007, 0.000000, PMPI_Barrier
State, "rank-86", MPI_STATE, 0.000007, 0.000887, 0.000880, 0.000000, PMPI_Recv
State, "rank-86", MPI_STATE, 0.000887, 0.000983, 0.000096, 0.000000, PMPI_Send
State, "rank-86", MPI_STATE, 0.000983, 0.000983, 0.000000, 0.000000, PMPI_Reduce
State, "rank-86", MPI_STATE, 0.000983, 0.000983, 0.000000, 0.000000, PMPI_Reduce
State, "rank-86", MPI_STATE, 0.000983, 0.001166, 0.000183, 0.000000, PMPI_Barrier
State, "rank-86", MPI_STATE, 0.001166, 0.001166, 0.000000, 0.000000, PMPI_Finalize
Container, 0, MPI, 0, 0.001166, 0.001166, "rank-85"
State, "rank-85", MPI_STATE, 0.000000, 0.000000, 0.000000, 0.000000, PMPI_Init
State, "rank-85", MPI_STATE, 0.000000, 0.000006, 0.000006, 0.000000, PMPI_Barrier
State, "rank-85", MPI_STATE, 0.000006, 0.000887, 0.000881, 0.000000, PMPI_Recv
State, "rank-85", MPI_STATE, 0.000887, 0.000983, 0.000096, 0.000000, PMPI_Send
State, "rank-85", MPI_STATE, 0.000983, 0.000983, 0.000000, 0.000000, PMPI_Reduce
State, "rank-85", MPI_STATE, 0.000983, 0.000983, 0.000000, 0.000000, PMPI_Reduce
State, "rank-85", MPI_STATE, 0.000983, 0.001166, 0.000183, 0.000000, PMPI_Barrier
State, "rank-85", MPI_STATE, 0.001166, 0.001166, 0.000000, 0.000000, PMPI_Finalize
Container, 0, MPI, 0, 0.001166, 0.001166, "rank-84"
State, "rank-84", MPI_STATE, 0.000000, 0.000000, 0.000000, 0.000000, PMPI_Init
State, "rank-84", MPI_STATE, 0.000000, 0.000006, 0.000006, 0.000000, PMPI_Barrier
State, "rank-84", MPI_STATE, 0.000006, 0.000887, 0.000881, 0.000000, PMPI_Recv
State, "rank-84", MPI_STATE, 0.000887, 0.000983, 0.000096, 0.000000, PMPI_Send
State, "rank-84", MPI_STATE, 0.000983, 0.000983, 0.000000, 0.000000, PMPI_Reduce
State, "rank-84", MPI_STATE, 0.000983, 0.000983, 0.000000, 0.000000, PMPI_Reduce
State, "rank-84", MPI_STATE, 0.000983, 0.001166, 0.000183, 0.000000, PMPI_Barrier
State, "rank-84", MPI_STATE, 0.001166, 0.001166, 0.000000, 0.000000, PMPI_Finalize
Container, 0, MPI, 0, 0.001165, 0.001165, "rank-83"
State, "rank-83", MPI_STATE, 0.000000, 0.000000, 0.000000, 0.000000, PMPI_Init
State, "rank-83", MPI_STATE, 0.000000, 0.000006, 0.000006, 0.000000, PMPI_Barrier
State, "rank-83", MPI_STATE, 0.000006, 0.000887, 0.000881, 0.000000, PMPI_Recv
State, "rank-83", MPI_STATE, 0.000887, 0.000983, 0.000096, 0.000000, PMPI_Send
State, "rank-83", MPI_STATE, 0.000983, 0.000983, 0.000000, 0.000000, PMPI_Reduce
State, "rank-83", MPI_STATE, 0.000983, 0.000983, 0.000000, 0.000000, PMPI_Reduce
State, "rank-83", MPI_STATE, 0.000983, 0.001165, 0.000182, 0.000000, PMPI_Barrier
State, "rank-83", MPI_STATE, 0.001165, 0.001165, 0.000000, 0.000000, PMPI_Finalize
Container, 0, MPI, 0, 0.001165, 0.001165, "rank-82"
State, "rank-82", MPI_STATE, 0.000000, 0.000000, 0.000000, 0.000000, PMPI_Init
State, "rank-82", MPI_STATE, 0.000000, 0.000006, 0.000006, 0.000000, PMPI_Barrier
State, "rank-82", MPI_STATE, 0.000006, 0.000888, 0.000882, 0.000000, PMPI_Recv
State, "rank-82", MPI_STATE, 0.000888, 0.000984, 0.000096, 0.000000, PMPI_Send
State, "rank-82", MPI_STATE, 0.000984, 0.000984, 0.000000, 0.000000, PMPI_Reduce
State, "rank-82", MPI_STATE, 0.000984, 0.000984, 0.000000, 0.000000, PMPI_Reduce
State, "rank-82", MPI_STATE, 0.000984, 0.001165, 0.000181, 0.000000, PMPI_Barrier
State, "rank-82", MPI_STATE, 0.001165, 0.001165, 0.000000, 0.000000, PMPI_Finalize
Container, 0, MPI, 0, 0.001165, 0.001165, "rank-81"
State, "rank-81", MPI_STATE, 0.000000, 0.000000, 0.000000, 0.000000, PMPI_Init
State, "rank-81", MPI_STATE, 0.000000, 0.000006, 0.000006, 0.000000, PMPI_Barrier
State, "rank-81", MPI_STATE, 0.000006, 0.001047, 0.001041, 0.000000, PMPI_Recv
State, "rank-81", MPI_STATE, 0.001047, 0.001143, 0.000096, 0.000000, PMPI_Send
State, "rank-81", MPI_STATE, 0.001143, 0.001143, 0.000000, 0.000000, PMPI_Reduce
State, "rank-81", MPI_STATE, 0.001143, 0.001143, 0.000000, 0.000000, PMPI_Reduce
State, "rank-81", MPI_STATE, 0.001143, 0.001165, 0.000022, 0.000000, PMPI_Barrier
State, "rank-81", MPI_STATE, 0.001165, 0.001165, 0.000000, 0.000000, PMPI_Finalize
Container, 0, MPI, 0, 0.001165, 0.001165, "rank-80"
State, "rank-80", MPI_STATE, 0.000000, 0.000000, 0.000000, 0.000000, PMPI_Init
State, "rank-80", MPI_STATE, 0.000000, 0.000005, 0.000005, 0.000000, PMPI_Barrier
State, "rank-80", MPI_STATE, 0.000005, 0.001049, 0.001044, 0.000000, PMPI_Recv
State, "rank-80", MPI_STATE, 0.001049, 0.001049, 0.000000, 0.000000, PMPI_Reduce
State, "rank-80", MPI_STATE, 0.001049, 0.001049, 0.000000, 0.000000, PMPI_Reduce
State, "rank-80", MPI_STATE, 0.001049, 0.001165, 0.000116, 0.000000, PMPI_Barrier
State, "rank-80", MPI_STATE, 0.001165, 0.001165, 0.000000, 0.000000, PMPI_Finalize
Container, 0, MPI, 0, 0.001168, 0.001168, "rank-79"
State, "rank-79", MPI_STATE, 0.000000, 0.000000, 0.000000, 0.000000, PMPI_Init
State, "rank-79", MPI_STATE, 0.000000, 0.000008, 0.000008, 0.000000, PMPI_Barrier
State, "rank-79", MPI_STATE, 0.000008, 0.000696, 0.000688, 0.000000, PMPI_Recv
State, "rank-79", MPI_STATE, 0.000696, 0.000696, 0.000000, 0.000000, PMPI_Reduce
State, "rank-79", MPI_STATE, 0.000696, 0.000696, 0.000000, 0.000000, PMPI_Reduce
State, "rank-79", MPI_STATE, 0.000696, 0.001168, 0.000472, 0.000000, PMPI_Barrier
State, "rank-79", MPI_STATE, 0.001168, 0.001168, 0.000000, 0.000000, PMPI_Finalize
Container, 0, MPI, 0, 0.001165, 0.001165, "rank-7"
State, "rank-7", MPI_STATE, 0.000000, 0.000000, 0.000000, 0.000000, PMPI_Init
State, "rank-7", MPI_STATE, 0.000000, 0.000006, 0.000006, 0.000000, PMPI_Barrier
State, "rank-7", MPI_STATE, 0.000006, 0.000983, 0.000977, 0.000000, PMPI_Recv
State, "rank-7", MPI_STATE, 0.000983, 0.000983, 0.000000, 0.000000, PMPI_Reduce
State, "rank-7", MPI_STATE, 0.000983, 0.000983, 0.000000, 0.000000, PMPI_Reduce
State, "rank-7", MPI_STATE, 0.000983, 0.001165, 0.000182, 0.000000, PMPI_Barrier
State, "rank-7", MPI_STATE, 0.001165, 0.001165, 0.000000, 0.000000, PMPI_Finalize
Container, 0, MPI, 0, 0.001167, 0.001167, "rank-78"
State, "rank-78", MPI_STATE, 0.000000, 0.000000, 0.000000, 0.000000, PMPI_Init
State, "rank-78", MPI_STATE, 0.000000, 0.000008, 0.000008, 0.000000, PMPI_Barrier
State, "rank-78", MPI_STATE, 0.000008, 0.000505, 0.000497, 0.000000, PMPI_Recv
State, "rank-78", MPI_STATE, 0.000505, 0.000706, 0.000201, 0.000000, PMPI_Send
State, "rank-78", MPI_STATE, 0.000706, 0.000802, 0.000096, 0.000000, PMPI_Send
State, "rank-78", MPI_STATE, 0.000802, 0.000802, 0.000000, 0.000000, PMPI_Reduce
State, "rank-78", MPI_STATE, 0.000802, 0.000802, 0.000000, 0.000000, PMPI_Reduce
State, "rank-78", MPI_STATE, 0.000802, 0.001167, 0.000365, 0.000000, PMPI_Barrier
State, "rank-78", MPI_STATE, 0.001167, 0.001167, 0.000000, 0.000000, PMPI_Finalize
Container, 0, MPI, 0, 0.001167, 0.001167, "rank-77"
State, "rank-77", MPI_STATE, 0.000000, 0.000000, 0.000000, 0.000000, PMPI_Init
State, "rank-77", MPI_STATE, 0.000000, 0.000008, 0.000008, 0.000000, PMPI_Barrier
State, "rank-77", MPI_STATE, 0.000008, 0.000715, 0.000707, 0.000000, PMPI_Recv
State, "rank-77", MPI_STATE, 0.000715, 0.000811, 0.000096, 0.000000, PMPI_Send
State, "rank-77", MPI_STATE, 0.000811, 0.000811, 0.000000, 0.000000, PMPI_Reduce
State, "rank-77", MPI_STATE, 0.000811, 0.000811, 0.000000, 0.000000, PMPI_Reduce
State, "rank-77", MPI_STATE, 0.000811, 0.001167, 0.000356, 0.000000, PMPI_Barrier
State, "rank-77", MPI_STATE, 0.001167, 0.001167, 0.000000, 0.000000, PMPI_Finalize
Container, 0, MPI, 0, 0.001167, 0.001167, "rank-76"
State, "rank-76", MPI_STATE, 0.000000, 0.000000, 0.000000, 0.000000, PMPI_Init
State, "rank-76", MPI_STATE, 0.000000, 0.000008, 0.000008, 0.000000, PMPI_Barrier
State, "rank-76", MPI_STATE, 0.000008, 0.001000, 0.000992, 0.000000, PMPI_Recv
State, "rank-76", MPI_STATE, 0.001000, 0.001000, 0.000000, 0.000000, PMPI_Reduce
State, "rank-76", MPI_STATE, 0.001000, 0.001000, 0.000000, 0.000000, PMPI_Reduce
State, "rank-76", MPI_STATE, 0.001000, 0.001167, 0.000167, 0.000000, PMPI_Barrier
State, "rank-76", MPI_STATE, 0.001167, 0.001167, 0.000000, 0.000000, PMPI_Finalize
Container, 0, MPI, 0, 0.001167, 0.001167, "rank-75"
State, "rank-75", MPI_STATE, 0.000000, 0.000000, 0.000000, 0.000000, PMPI_Init
State, "rank-75", MPI_STATE, 0.000000, 0.000007, 0.000007, 0.000000, PMPI_Barrier
State, "rank-75", MPI_STATE, 0.000007, 0.000996, 0.000989, 0.000000, PMPI_Recv
State, "rank-75", MPI_STATE, 0.000996, 0.000996, 0.000000, 0.000000, PMPI_Reduce
State, "rank-75", MPI_STATE, 0.000996, 0.000996, 0.000000, 0.000000, PMPI_Reduce
State, "rank-75", MPI_STATE, 0.000996, 0.001167, 0.000171, 0.000000, PMPI_Barrier
State, "rank-75", MPI_STATE, 0.001167, 0.001167, 0.000000, 0.000000, PMPI_Finalize
Container, 0, MPI, 0, 0.001167, 0.001167, "rank-74"
State, "rank-74", MPI_STATE, 0.000000, 0.000000, 0.000000, 0.000000, PMPI_Init
State, "rank-74", MPI_STATE, 0.000000, 0.000007, 0.000007, 0.000000, PMPI_Barrier
State, "rank-74", MPI_STATE, 0.000007, 0.000979, 0.000972, 0.000000, PMPI_Recv
State, "rank-74", MPI_STATE, 0.000979, 0.000979, 0.000000, 0.000000, PMPI_Reduce
State, "rank-74", MPI_STATE, 0.000979, 0.000979, 0.000000, 0.000000, PMPI_Reduce
State, "rank-74", MPI_STATE, 0.000979, 0.001167, 0.000188, 0.000000, PMPI_Barrier
State, "rank-74", MPI_STATE, 0.001167, 0.001167, 0.000000, 0.000000, PMPI_Finalize
Container, 0, MPI, 0, 0.001166, 0.001166, "rank-73"
State, "rank-73", MPI_STATE, 0.000000, 0.000000, 0.000000, 0.000000, PMPI_Init
State, "rank-73", MPI_STATE, 0.000000, 0.000007, 0.000007, 0.000000, PMPI_Barrier
State, "rank-73", MPI_STATE, 0.000007, 0.000979, 0.000972, 0.000000, PMPI_Recv
State, "rank-73", MPI_STATE, 0.000979, 0.000979, 0.000000, 0.000000, PMPI_Reduce
State, "rank-73", MPI_STATE, 0.000979, 0.000979, 0.000000, 0.000000, PMPI_Reduce
State, "rank-73", MPI_STATE, 0.000979, 0.001166, 0.000187, 0.000000, PMPI_Barrier
State, "rank-73", MPI_STATE, 0.001166, 0.001166, 0.000000, 0.000000, PMPI_Finalize
Container, 0, MPI, 0, 0.001166, 0.001166, "rank-72"
State, "rank-72", MPI_STATE, 0.000000, 0.000000, 0.000000, 0.000000, PMPI_Init
State, "rank-72", MPI_STATE, 0.000000, 0.000007, 0.000007, 0.000000, PMPI_Barrier
State, "rank-72", MPI_STATE, 0.000007, 0.000979, 0.000972, 0.000000, PMPI_Recv
State, "rank-72", MPI_STATE, 0.000979, 0.000979, 0.000000, 0.000000, PMPI_Reduce
State, "rank-72", MPI_STATE, 0.000979, 0.000979, 0.000000, 0.000000, PMPI_Reduce
State, "rank-72", MPI_STATE, 0.000979, 0.001166, 0.000187, 0.000000, PMPI_Barrier
State, "rank-72", MPI_STATE, 0.001166, 0.001166, 0.000000, 0.000000, PMPI_Finalize
Container, 0, MPI, 0, 0.001166, 0.001166, "rank-71"
State, "rank-71", MPI_STATE, 0.000000, 0.000000, 0.000000, 0.000000, PMPI_Init
State, "rank-71", MPI_STATE, 0.000000, 0.000007, 0.000007, 0.000000, PMPI_Barrier
State, "rank-71", MPI_STATE, 0.000007, 0.000983, 0.000976, 0.000000, PMPI_Recv
State, "rank-71", MPI_STATE, 0.000983, 0.000983, 0.000000, 0.000000, PMPI_Reduce
State, "rank-71", MPI_STATE, 0.000983, 0.000983, 0.000000, 0.000000, PMPI_Reduce
State, "rank-71", MPI_STATE, 0.000983, 0.001166, 0.000183, 0.000000, PMPI_Barrier
State, "rank-71", MPI_STATE, 0.001166, 0.001166, 0.000000, 0.000000, PMPI_Finalize
Container, 0, MPI, 0, 0.001166, 0.001166, "rank-70"
State, "rank-70", MPI_STATE, 0.000000, 0.000000, 0.000000, 0.000000, PMPI_Init
State, "rank-70", MPI_STATE, 0.000000, 0.000006, 0.000006, 0.000000, PMPI_Barrier
State, "rank-70", MPI_STATE, 0.000006, 0.000983, 0.000977, 0.000000, PMPI_Recv
State, "rank-70", MPI_STATE, 0.000983, 0.000983, 0.000000, 0.000000, PMPI_Reduce
State, "rank-70", MPI_STATE, 0.000983, 0.000983, 0.000000, 0.000000, PMPI_Reduce
State, "rank-70", MPI_STATE, 0.000983, 0.001166, 0.000183, 0.000000, PMPI_Barrier
State, "rank-70", MPI_STATE, 0.001166, 0.001166, 0.000000, 0.000000, PMPI_Finalize
Container, 0, MPI, 0, 0.001166, 0.001166, "rank-69"
State, "rank-69", MPI_STATE, 0.000000, 0.000000, 0.000000, 0.000000, PMPI_Init
State, "rank-69", MPI_STATE, 0.000000, 0.000006, 0.000006, 0.000000, PMPI_Barrier
State, "rank-69", MPI_STATE, 0.000006, 0.000983, 0.000977, 0.000000, PMPI_Recv
State, "rank-69", MPI_STATE, 0.000983, 0.000983, 0.000000, 0.000000, PMPI_Reduce
State, "rank-69", MPI_STATE, 0.000983, 0.000983, 0.000000, 0.000000, PMPI_Reduce
State, "rank-69", MPI_STATE, 0.000983, 0.001166, 0.000183, 0.000000, PMPI_Barrier
State, "rank-69", MPI_STATE, 0.001166, 0.001166, 0.000000, 0.000000, PMPI_Finalize
Container, 0, MPI, 0, 0.001165, 0.001165, "rank-6"
State, "rank-6", MPI_STATE, 0.000000, 0.000000, 0.000000, 0.000000, PMPI_Init
State, "rank-6", MPI_STATE, 0.000000, 0.000006, 0.000006, 0.000000, PMPI_Barrier
State, "rank-6", MPI_STATE, 0.000006, 0.001024, 0.001018, 0.000000, PMPI_Recv
State, "rank-6", MPI_STATE, 0.001024, 0.001024, 0.000000, 0.000000, PMPI_Reduce
State, "rank-6", MPI_STATE, 0.001024, 0.001024, 0.000000, 0.000000, PMPI_Reduce
State, "rank-6", MPI_STATE, 0.001024, 0.001165, 0.000141, 0.000000, PMPI_Barrier
State, "rank-6", MPI_STATE, 0.001165, 0.001165, 0.000000, 0.000000, PMPI_Finalize
Container, 0, MPI, 0, 0.001165, 0.001165, "rank-68"
State, "rank-68", MPI_STATE, 0.000000, 0.000000, 0.000000, 0.000000, PMPI_Init
State, "rank-68", MPI_STATE, 0.000000, 0.000006, 0.000006, 0.000000, PMPI_Barrier
State, "rank-68", MPI_STATE, 0.000006, 0.000983, 0.000977, 0.000000, PMPI_Recv
State, "rank-68", MPI_STATE, 0.000983, 0.000983, 0.000000, 0.000000, PMPI_Reduce
State, "rank-68", MPI_STATE, 0.000983, 0.000983, 0.000000, 0.000000, PMPI_Reduce
State, "rank-68", MPI_STATE, 0.000983, 0.001165, 0.000182, 0.000000, PMPI_Barrier
State, "rank-68", MPI_STATE, 0.001165, 0.001165, 0.000000, 0.000000, PMPI_Finalize
Container, 0, MPI, 0, 0.001165, 0.001165, "rank-67"
State, "rank-67", MPI_STATE, 0.000000, 0.000000, 0.000000, 0.000000, PMPI_Init
State, "rank-67", MPI_STATE, 0.000000, 0.000006, 0.000006, 0.000000, PMPI_Barrier
State, "rank-67", MPI_STATE, 0.000006, 0.000984, 0.000978, 0.000000, PMPI_Recv
State, "rank-67", MPI_STATE, 0.000984, 0.000984, 0.000000, 0.000000, PMPI_Reduce
State, "rank-67", MPI_STATE, 0.000984, 0.000984, 0.000000, 0.000000, PMPI_Reduce
State, "rank-67", MPI_STATE, 0.000984, 0.001165, 0.000181, 0.000000, PMPI_Barrier
State, "rank-67", MPI_STATE, 0.001165, 0.001165, 0.000000, 0.000000, PMPI_Finalize
Container, 0, MPI, 0, 0.001165, 0.001165, "rank-66"
State, "rank-66", MPI_STATE, 0.000000, 0.000000, 0.000000, 0.000000, PMPI_Init
State, "rank-66", MPI_STATE, 0.000000, 0.000006, 0.000006, 0.000000, PMPI_Barrier
State, "rank-66", MPI_STATE, 0.000006, 0.001143, 0.001137, 0.000000, PMPI_Recv
State, "rank-66", MPI_STATE, 0.001143, 0.001143, 0.000000, 0.000000, PMPI_Reduce
State, "rank-66", MPI_STATE, 0.001143, 0.001143, 0.000000, 0.000000, PMPI_Reduce
State, "rank-66", MPI_STATE, 0.001143, 0.001165, 0.000022, 0.000000, PMPI_Barrier
State, "rank-66", MPI_STATE, 0.001165, 0.001165, 0.000000, 0.000000, PMPI_Finalize
Container, 0, MPI, 0, 0.001165, 0.001165, "rank-65"
State, "rank-65", MPI_STATE, 0.000000, 0.000000, 0.000000, 0.000000, PMPI_Init
State, "rank-65", MPI_STATE, 0.000000, 0.000005, 0.000005, 0.000000, PMPI_Barrier
State, "rank-65", MPI_STATE, 0.000005, 0.000314, 0.000309, 0.000000, PMPI_Recv
State, "rank-65", MPI_STATE, 0.000314, 0.000411, 0.000097, 0.000000, PMPI_Send
State, "rank-65", MPI_STATE, 0.000411, 0.000696, 0.000285, 0.000000, PMPI_Send
State, "rank-65", MPI_STATE, 0.000696, 0.000811, 0.000115, 0.000000, PMPI_Send
State, "rank-65", MPI_STATE, 0.000811, 0.000924, 0.000113, 0.000000, PMPI_Send
State, "rank-65", MPI_STATE, 0.000924, 0.000924, 0.000000, 0.000000, PMPI_Reduce
State, "rank-65", MPI_STATE, 0.000924, 0.000924, 0.000000, 0.000000, PMPI_Reduce
State, "rank-65", MPI_STATE, 0.000924, 0.001165, 0.000241, 0.000000, PMPI_Barrier
State, "rank-65", MPI_STATE, 0.001165, 0.001165, 0.000000, 0.000000, PMPI_Finalize
Container, 0, MPI, 0, 0.001165, 0.001165, "rank-64"
State, "rank-64", MPI_STATE, 0.000000, 0.000000, 0.000000, 0.000000, PMPI_Init
State, "rank-64", MPI_STATE, 0.000000, 0.000005, 0.000005, 0.000000, PMPI_Barrier
State, "rank-64", MPI_STATE, 0.000005, 0.000793, 0.000788, 0.000000, PMPI_Recv
State, "rank-64", MPI_STATE, 0.000793, 0.000906, 0.000113, 0.000000, PMPI_Send
State, "rank-64", MPI_STATE, 0.000906, 0.000906, 0.000000, 0.000000, PMPI_Reduce
State, "rank-64", MPI_STATE, 0.000906, 0.000906, 0.000000, 0.000000, PMPI_Reduce
State, "rank-64", MPI_STATE, 0.000906, 0.001165, 0.000259, 0.000000, PMPI_Barrier
State, "rank-64", MPI_STATE, 0.001165, 0.001165, 0.000000, 0.000000, PMPI_Finalize
Container, 0, MPI, 0, 0.001167, 0.001167, "rank-63"
State, "rank-63", MPI_STATE, 0.000000, 0.000000, 0.000000, 0.000000, PMPI_Init
State, "rank-63", MPI_STATE, 0.000000, 0.000008, 0.000008, 0.000000, PMPI_Barrier
State, "rank-63", MPI_STATE, 0.000008, 0.000802, 0.000794, 0.000000, PMPI_Recv
State, "rank-63", MPI_STATE, 0.000802, 0.000802, 0.000000, 0.000000, PMPI_Reduce
State, "rank-63", MPI_STATE, 0.000802, 0.000802, 0.000000, 0.000000, PMPI_Reduce
State, "rank-63", MPI_STATE, 0.000802, 0.001167, 0.000365, 0.000000, PMPI_Barrier
State, "rank-63", MPI_STATE, 0.001167, 0.001167, 0.000000, 0.000000, PMPI_Finalize
Container, 0, MPI, 0, 0.001167, 0.001167, "rank-62"
State, "rank-62", MPI_STATE, 0.000000, 0.000000, 0.000000, 0.000000, PMPI_Init
State, "rank-62", MPI_STATE, 0.000000, 0.000008, 0.000008, 0.000000, PMPI_Barrier
State, "rank-62", MPI_STATE, 0.000008, 0.000811, 0.000803, 0.000000, PMPI_Recv
State, "rank-62", MPI_STATE, 0.000811, 0.000811, 0.000000, 0.000000, PMPI_Reduce
State, "rank-62", MPI_STATE, 0.000811, 0.000811, 0.000000, 0.000000, PMPI_Reduce
State, "rank-62", MPI_STATE, 0.000811, 0.001167, 0.000356, 0.000000, PMPI_Barrier
State, "rank-62", MPI_STATE, 0.001167, 0.001167, 0.000000, 0.000000, PMPI_Finalize
Container, 0, MPI, 0, 0.001167, 0.001167, "rank-61"
State, "rank-61", MPI_STATE, 0.000000, 0.000000, 0.000000, 0.000000, PMPI_Init
State, "rank-61", MPI_STATE, 0.000000, 0.000008, 0.000008, 0.000000, PMPI_Barrier
State, "rank-61", MPI_STATE, 0.000008, 0.000404, 0.000396, 0.000000, PMPI_Recv
State, "rank-61", MPI_STATE, 0.000404, 0.000550, 0.000146, 0.000000, PMPI_Send
State, "rank-61", MPI_STATE, 0.000550, 0.000648, 0.000098, 0.000000, PMPI_Send
State, "rank-61", MPI_STATE, 0.000648, 0.000767, 0.000119, 0.000000, PMPI_Send
State, "rank-61", MPI_STATE, 0.000768, 0.000768, 0.000000, 0.000000, PMPI_Reduce
State, "rank-61", MPI_STATE, 0.000768, 0.000768, 0.000000, 0.000000, PMPI_Reduce
State, "rank-61", MPI_STATE, 0.000768, 0.001167, 0.000399, 0.000000, PMPI_Barrier
State, "rank-61", MPI_STATE, 0.001167, 0.001167, 0.000000, 0.000000, PMPI_Finalize
Container, 0, MPI, 0, 0.001167, 0.001167, "rank-60"
State, "rank-60", MPI_STATE, 0.000000, 0.000000, 0.000000, 0.000000, PMPI_Init
State, "rank-60", MPI_STATE, 0.000000, 0.000007, 0.000007, 0.000000, PMPI_Barrier
State, "rank-60", MPI_STATE, 0.000007, 0.000211, 0.000204, 0.000000, PMPI_Recv
State, "rank-60", MPI_STATE, 0.000211, 0.000310, 0.000099, 0.000000, PMPI_Send
State, "rank-60", MPI_STATE, 0.000310, 0.000404, 0.000094, 0.000000, PMPI_Send
State, "rank-60", MPI_STATE, 0.000404, 0.000692, 0.000288, 0.000000, PMPI_Send
State, "rank-60", MPI_STATE, 0.000692, 0.000918, 0.000226, 0.000000, PMPI_Send
State, "rank-60", MPI_STATE, 0.000918, 0.001034, 0.000116, 0.000000, PMPI_Send
State, "rank-60", MPI_STATE, 0.001034, 0.001034, 0.000000, 0.000000, PMPI_Reduce
State, "rank-60", MPI_STATE, 0.001034, 0.001034, 0.000000, 0.000000, PMPI_Reduce
State, "rank-60", MPI_STATE, 0.001034, 0.001167, 0.000133, 0.000000, PMPI_Barrier
State, "rank-60", MPI_STATE, 0.001167, 0.001167, 0.000000, 0.000000, PMPI_Finalize
Container, 0, MPI, 0, 0.001167, 0.001167, "rank-59"
State, "rank-59", MPI_STATE, 0.000000, 0.000000, 0.000000, 0.000000, PMPI_Init
State, "rank-59", MPI_STATE, 0.000000, 0.000007, 0.000007, 0.000000, PMPI_Barrier
State, "rank-59", MPI_STATE, 0.000007, 0.000402, 0.000395, 0.000000, PMPI_Recv
State, "rank-59", MPI_STATE, 0.000402, 0.000691, 0.000289, 0.000000, PMPI_Send
State, "rank-59", MPI_STATE, 0.000691, 0.000917, 0.000226, 0.000000, PMPI_Send
State, "rank-59", MPI_STATE, 0.000917, 0.001034, 0.000117, 0.000000, PMPI_Send
State, "rank-59", MPI_STATE, 0.001034, 0.001034, 0.000000, 0.000000, PMPI_Reduce
State, "rank-59", MPI_STATE, 0.001034, 0.001034, 0.000000, 0.000000, PMPI_Reduce
State, "rank-59", MPI_STATE, 0.001034, 0.001167, 0.000133, 0.000000, PMPI_Barrier
State, "rank-59", MPI_STATE, 0.001167, 0.001167, 0.000000, 0.000000, PMPI_Finalize
Container, 0, MPI, 0, 0.001165, 0.001165, "rank-5"
State, "rank-5", MPI_STATE, 0.000000, 0.000000, 0.000000, 0.000000, PMPI_Init
State, "rank-5", MPI_STATE, 0.000000, 0.000005, 0.000005, 0.000000, PMPI_Barrier
State, "rank-5", MPI_STATE, 0.000005, 0.000696, 0.000691, 0.000000, PMPI_Recv
State, "rank-5", MPI_STATE, 0.000696, 0.001047, 0.000351, 0.000000, PMPI_Send
State, "rank-5", MPI_STATE, 0.001047, 0.001154, 0.000107, 0.000000, PMPI_Send
State, "rank-5", MPI_STATE, 0.001154, 0.001154, 0.000000, 0.000000, PMPI_Reduce
State, "rank-5", MPI_STATE, 0.001154, 0.001154, 0.000000, 0.000000, PMPI_Reduce
State, "rank-5", MPI_STATE, 0.001154, 0.001165, 0.000011, 0.000000, PMPI_Barrier
State, "rank-5", MPI_STATE, 0.001165, 0.001165, 0.000000, 0.000000, PMPI_Finalize
Container, 0, MPI, 0, 0.001166, 0.001166, "rank-58"
State, "rank-58", MPI_STATE, 0.000000, 0.000000, 0.000000, 0.000000, PMPI_Init
State, "rank-58", MPI_STATE, 0.000000, 0.000007, 0.000007, 0.000000, PMPI_Barrier
State, "rank-58", MPI_STATE, 0.000007, 0.000307, 0.000300, 0.000000, PMPI_Recv
State, "rank-58", MPI_STATE, 0.000307, 0.000402, 0.000095, 0.000000, PMPI_Send
State, "rank-58", MPI_STATE, 0.000402, 0.000691, 0.000289, 0.000000, PMPI_Send
State, "rank-58", MPI_STATE, 0.000691, 0.000917, 0.000226, 0.000000, PMPI_Send
State, "rank-58", MPI_STATE, 0.000917, 0.001030, 0.000113, 0.000000, PMPI_Send
State, "rank-58", MPI_STATE, 0.001030, 0.001030, 0.000000, 0.000000, PMPI_Reduce
State, "rank-58", MPI_STATE, 0.001030, 0.001030, 0.000000, 0.000000, PMPI_Reduce
State, "rank-58", MPI_STATE, 0.001030, 0.001166, 0.000136, 0.000000, PMPI_Barrier
State, "rank-58", MPI_STATE, 0.001166, 0.001166, 0.000000, 0.000000, PMPI_Finalize
Container, 0, MPI, 0, 0.001166, 0.001166, "rank-57"
State, "rank-57", MPI_STATE, 0.000000, 0.000000, 0.000000, 0.000000, PMPI_Init
State, "rank-57", MPI_STATE, 0.000000, 0.000007, 0.000007, 0.000000, PMPI_Barrier
State, "rank-57", MPI_STATE, 0.000007, 0.000402, 0.000395, 0.000000, PMPI_Recv
State, "rank-57", MPI_STATE, 0.000402, 0.000691, 0.000289, 0.000000, PMPI_Send
State, "rank-57", MPI_STATE, 0.000691, 0.000917, 0.000226, 0.000000, PMPI_Send
State, "rank-57", MPI_STATE, 0.000917, 0.001013, 0.000096, 0.000000, PMPI_Send
State, "rank-57", MPI_STATE, 0.001013, 0.001013, 0.000000, 0.000000, PMPI_Reduce
State, "rank-57", MPI_STATE, 0.001013, 0.001013, 0.000000, 0.000000, PMPI_Reduce
State, "rank-57", MPI_STATE, 0.001013, 0.001166, 0.000153, 0.000000, PMPI_Barrier
State, "rank-57", MPI_STATE, 0.001166, 0.001166, 0.000000, 0.000000, PMPI_Finalize
Container, 0, MPI, 0, 0.001166, 0.001166, "rank-56"
State, "rank-56", MPI_STATE, 0.000000, 0.000000, 0.000000, 0.000000, PMPI_Init
State, "rank-56", MPI_STATE, 0.000000, 0.000007, 0.000007, 0.000000, PMPI_Barrier
State, "rank-56", MPI_STATE, 0.000007, 0.000113, 0.000106, 0.000000, PMPI_Recv
State, "rank-56", MPI_STATE, 0.000113, 0.000211, 0.000098, 0.000000, PMPI_Send
State, "rank-56", MPI_STATE, 0.000211, 0.000307, 0.000096, 0.000000, PMPI_Send
State, "rank-56", MPI_STATE, 0.000307, 0.000402, 0.000095, 0.000000, PMPI_Send
State, "rank-56", MPI_STATE, 0.000402, 0.000691, 0.000289, 0.000000, PMPI_Send
State, "rank-56", MPI_STATE, 0.000691, 0.000883, 0.000192, 0.000000, PMPI_Send
State, "rank-56", MPI_STATE, 0.000883, 0.000979, 0.000096, 0.000000, PMPI_Send
State, "rank-56", MPI_STATE, 0.000979, 0.000979, 0.000000, 0.000000, PMPI_Reduce
State, "rank-56", MPI_STATE, 0.000979, 0.000979, 0.000000, 0.000000, PMPI_Reduce
State, "rank-56", MPI_STATE, 0.000979, 0.001166, 0.000187, 0.000000, PMPI_Barrier
State, "rank-56", MPI_STATE, 0.001166, 0.001166, 0.000000, 0.000000, PMPI_Finalize
Container, 0, MPI, 0, 0.001166, 0.001166, "rank-55"
State, "rank-55", MPI_STATE, 0.000000, 0.000000, 0.000000, 0.000000, PMPI_Init
State, "rank-55", MPI_STATE, 0.000000, 0.000006, 0.000006, 0.000000, PMPI_Barrier
State, "rank-55", MPI_STATE, 0.000006, 0.000406, 0.000400, 0.000000, PMPI_Recv
State, "rank-55", MPI_STATE, 0.000406, 0.000695, 0.000289, 0.000000, PMPI_Send
State, "rank-55", MPI_STATE, 0.000695, 0.000887, 0.000192, 0.000000, PMPI_Send
State, "rank-55", MPI_STATE, 0.000887, 0.000983, 0.000096, 0.000000, PMPI_Send
State, "rank-55", MPI_STATE, 0.000983, 0.000983, 0.000000, 0.000000, PMPI_Reduce
State, "rank-55", MPI_STATE, 0.000983, 0.000983, 0.000000, 0.000000, PMPI_Reduce
State, "rank-55", MPI_STATE, 0.000983, 0.001166, 0.000183, 0.000000, PMPI_Barrier
State, "rank-55", MPI_STATE, 0.001166, 0.001166, 0.000000, 0.000000, PMPI_Finalize
Container, 0, MPI, 0, 0.001166, 0.001166, "rank-54"
State, "rank-54", MPI_STATE, 0.000000, 0.000000, 0.000000, 0.000000, PMPI_Init
State, "rank-54", MPI_STATE, 0.000000, 0.000006, 0.000006, 0.000000, PMPI_Barrier
State, "rank-54", MPI_STATE, 0.000006, 0.000311, 0.000305, 0.000000, PMPI_Recv
State, "rank-54", MPI_STATE, 0.000311, 0.000406, 0.000095, 0.000000, PMPI_Send
State, "rank-54", MPI_STATE, 0.000406, 0.000695, 0.000289, 0.000000, PMPI_Send
State, "rank-54", MPI_STATE, 0.000695, 0.000887, 0.000192, 0.000000, PMPI_Send
State, "rank-54", MPI_STATE, 0.000887, 0.000983, 0.000096, 0.000000, PMPI_Send
State, "rank-54", MPI_STATE, 0.000983, 0.000983, 0.000000, 0.000000, PMPI_Reduce
State, "rank-54", MPI_STATE, 0.000983, 0.000983, 0.000000, 0.000000, PMPI_Reduce
State, "rank-54", MPI_STATE, 0.000983, 0.001166, 0.000183, 0.000000, PMPI_Barrier
State, "rank-54", MPI_STATE, 0.001166, 0.001166, 0.000000, 0.000000, PMPI_Finalize
Container, 0, MPI, 0, 0.001165, 0.001165, "rank-53"
State, "rank-53", MPI_STATE, 0.000000, 0.000000, 0.000000, 0.000000, PMPI_Init
State, "rank-53", MPI_STATE, 0.000000, 0.000006, 0.000006, 0.000000, PMPI_Barrier
State, "rank-53", MPI_STATE, 0.000006, 0.000406, 0.000400, 0.000000, PMPI_Recv
State, "rank-53", MPI_STATE, 0.000406, 0.000695, 0.000289, 0.000000, PMPI_Send
State, "rank-53", MPI_STATE, 0.000695, 0.000887, 0.000192, 0.000000, PMPI_Send
State, "rank-53", MPI_STATE, 0.000887, 0.000983, 0.000096, 0.000000, PMPI_Send
State, "rank-53", MPI_STATE, 0.000983, 0.000983, 0.000000, 0.000000, PMPI_Reduce
State, "rank-53", MPI_STATE, 0.000983, 0.000983, 0.000000, 0.000000, PMPI_Reduce
State, "rank-53", MPI_STATE, 0.000983, 0.001165, 0.000182, 0.000000, PMPI_Barrier
State, "rank-53", MPI_STATE, 0.001165, 0.001165, 0.000000, 0.000000, PMPI_Finalize
Container, 0, MPI, 0, 0.001165, 0.001165, "rank-52"
State, "rank-52", MPI_STATE, 0.000000, 0.000000, 0.000000, 0.000000, PMPI_Init
State, "rank-52", MPI_STATE, 0.000000, 0.000006, 0.000006, 0.000000, PMPI_Barrier
State, "rank-52", MPI_STATE, 0.000006, 0.000215, 0.000209, 0.000000, PMPI_Recv
State, "rank-52", MPI_STATE, 0.000215, 0.000311, 0.000096, 0.000000, PMPI_Send
State, "rank-52", MPI_STATE, 0.000311, 0.000406, 0.000095, 0.000000, PMPI_Send
State, "rank-52", MPI_STATE, 0.000406, 0.000695, 0.000289, 0.000000, PMPI_Send
State, "rank-52", MPI_STATE, 0.000695, 0.000887, 0.000192, 0.000000, PMPI_Send
State, "rank-52", MPI_STATE, 0.000887, 0.000983, 0.000096, 0.000000, PMPI_Send
State, "rank-52", MPI_STATE, 0.000983, 0.000983, 0.000000, 0.000000, PMPI_Reduce
State, "rank-52", MPI_STATE, 0.000983, 0.000983, 0.000000, 0.000000, PMPI_Reduce
State, "rank-52", MPI_STATE, 0.000983, 0.001165, 0.000182, 0.000000, PMPI_Barrier
State, "rank-52", MPI_STATE, 0.001165, 0.001165, 0.000000, 0.000000, PMPI_Finalize
Container, 0, MPI, 0, 0.001165, 0.001165, "rank-51"
State, "rank-51", MPI_STATE, 0.000000, 0.000000, 0.000000, 0.000000, PMPI_Init
State, "rank-51", MPI_STATE, 0.000000, 0.000006, 0.000006, 0.000000, PMPI_Barrier
State, "rank-51", MPI_STATE, 0.000006, 0.000411, 0.000405, 0.000000, PMPI_Recv
State, "rank-51", MPI_STATE, 0.000411, 0.000698, 0.000287, 0.000000, PMPI_Send
State, "rank-51", MPI_STATE, 0.000698, 0.000928, 0.000230, 0.000000, PMPI_Send
State, "rank-51", MPI_STATE, 0.000928, 0.001024, 0.000096, 0.000000, PMPI_Send
State, "rank-51", MPI_STATE, 0.001024, 0.001024, 0.000000, 0.000000, PMPI_Reduce
State, "rank-51", MPI_STATE, 0.001024, 0.001024, 0.000000, 0.000000, PMPI_Reduce
State, "rank-51", MPI_STATE, 0.001024, 0.001165, 0.000141, 0.000000, PMPI_Barrier
State, "rank-51", MPI_STATE, 0.001165, 0.001165, 0.000000, 0.000000, PMPI_Finalize
Container, 0, MPI, 0, 0.001165, 0.001165, "rank-50"
State, "rank-50", MPI_STATE, 0.000000, 0.000000, 0.000000, 0.000000, PMPI_Init
State, "rank-50", MPI_STATE, 0.000000, 0.000005, 0.000005, 0.000000, PMPI_Barrier
State, "rank-50", MPI_STATE, 0.000005, 0.000924, 0.000919, 0.000000, PMPI_Recv
State, "rank-50", MPI_STATE, 0.000924, 0.000924, 0.000000, 0.000000, PMPI_Reduce
State, "rank-50", MPI_STATE, 0.000924, 0.000924, 0.000000, 0.000000, PMPI_Reduce
State, "rank-50", MPI_STATE, 0.000924, 0.001165, 0.000241, 0.000000, PMPI_Barrier
State, "rank-50", MPI_STATE, 0.001165, 0.001165, 0.000000, 0.000000, PMPI_Finalize
Container, 0, MPI, 0, 0.001165, 0.001165, "rank-49"
State, "rank-49", MPI_STATE, 0.000000, 0.000000, 0.000000, 0.000000, PMPI_Init
State, "rank-49", MPI_STATE, 0.000000, 0.000005, 0.000005, 0.000000, PMPI_Barrier
State, "rank-49", MPI_STATE, 0.000005, 0.000906, 0.000901, 0.000000, PMPI_Recv
State, "rank-49", MPI_STATE, 0.000906, 0.000906, 0.000000, 0.000000, PMPI_Reduce
State, "rank-49", MPI_STATE, 0.000906, 0.000906, 0.000000, 0.000000, PMPI_Reduce
State, "rank-49", MPI_STATE, 0.000906, 0.001165, 0.000259, 0.000000, PMPI_Barrier
State, "rank-49", MPI_STATE, 0.001165, 0.001165, 0.000000, 0.000000, PMPI_Finalize
Container, 0, MPI, 0, 0.001165, 0.001165, "rank-4"
State, "rank-4", MPI_STATE, 0.000000, 0.000000, 0.000000, 0.000000, PMPI_Init
State, "rank-4", MPI_STATE, 0.000000, 0.000005, 0.000005, 0.000000, PMPI_Barrier
State, "rank-4", MPI_STATE, 0.000005, 0.000648, 0.000643, 0.000000, PMPI_Recv
State, "rank-4", MPI_STATE, 0.000648, 0.001049, 0.000401, 0.000000, PMPI_Send
State, "rank-4", MPI_STATE, 0.001049, 0.001049, 0.000000, 0.000000, PMPI_Reduce
State, "rank-4", MPI_STATE, 0.001049, 0.001049, 0.000000, 0.000000, PMPI_Reduce
State, "rank-4", MPI_STATE, 0.001049, 0.001165, 0.000116, 0.000000, PMPI_Barrier
State, "rank-4", MPI_STATE, 0.001165, 0.001165, 0.000000, 0.000000, PMPI_Finalize
Container, 0, MPI, 0, 0.001164, 0.001164, "rank-48"
State, "rank-48", MPI_STATE, 0.000000, 0.000000, 0.000000, 0.000000, PMPI_Init
State, "rank-48", MPI_STATE, 0.000000, 0.000005, 0.000005, 0.000000, PMPI_Barrier
State, "rank-48", MPI_STATE, 0.000005, 0.000704, 0.000699, 0.000000, PMPI_Recv
State, "rank-48", MPI_STATE, 0.000704, 0.000838, 0.000134, 0.000000, PMPI_Send
State, "rank-48", MPI_STATE, 0.000838, 0.000838, 0.000000, 0.000000, PMPI_Reduce
State, "rank-48", MPI_STATE, 0.000838, 0.000838, 0.000000, 0.000000, PMPI_Reduce
State, "rank-48", MPI_STATE, 0.000838, 0.001164, 0.000326, 0.000000, PMPI_Barrier
State, "rank-48", MPI_STATE, 0.001164, 0.001164, 0.000000, 0.000000, PMPI_Finalize
Container, 0, MPI, 0, 0.001167, 0.001167, "rank-47"
State, "rank-47", MPI_STATE, 0.000000, 0.000000, 0.000000, 0.000000, PMPI_Init
State, "rank-47", MPI_STATE, 0.000000, 0.000008, 0.000008, 0.000000, PMPI_Barrier
State, "rank-47", MPI_STATE, 0.000008, 0.000310, 0.000302, 0.000000, PMPI_Recv
State, "rank-47", MPI_STATE, 0.000310, 0.000408, 0.000098, 0.000000, PMPI_Send
State, "rank-47", MPI_STATE, 0.000408, 0.000505, 0.000097, 0.000000, PMPI_Send
State, "rank-47", MPI_STATE, 0.000505, 0.000755, 0.000250, 0.000000, PMPI_Send
State, "rank-47", MPI_STATE, 0.000755, 0.001054, 0.000299, 0.000000, PMPI_Send
State, "rank-47", MPI_STATE, 0.001054, 0.001054, 0.000000, 0.000000, PMPI_Reduce
State, "rank-47", MPI_STATE, 0.001054, 0.001054, 0.000000, 0.000000, PMPI_Reduce
State, "rank-47", MPI_STATE, 0.001054, 0.001167, 0.000113, 0.000000, PMPI_Barrier
State, "rank-47", MPI_STATE, 0.001167, 0.001167, 0.000000, 0.000000, PMPI_Finalize
Container, 0, MPI, 0, 0.001167, 0.001167, "rank-46"
State, "rank-46", MPI_STATE, 0.000000, 0.000000, 0.000000, 0.000000, PMPI_Init
State, "rank-46", MPI_STATE, 0.000000, 0.000008, 0.000008, 0.000000, PMPI_Barrier
State, "rank-46", MPI_STATE, 0.000008, 0.000767, 0.000759, 0.000000, PMPI_Recv
State, "rank-46", MPI_STATE, 0.000768, 0.000768, 0.000000, 0.000000, PMPI_Reduce
State, "rank-46", MPI_STATE, 0.000768, 0.000768, 0.000000, 0.000000, PMPI_Reduce
State, "rank-46", MPI_STATE, 0.000768, 0.001167, 0.000399, 0.000000, PMPI_Barrier
State, "rank-46", MPI_STATE, 0.001167, 0.001167, 0.000000, 0.000000, PMPI_Finalize
Container, 0, MPI, 0, 0.001167, 0.001167, "rank-45"
State, "rank-45", MPI_STATE, 0.000000, 0.000000, 0.000000, 0.000000, PMPI_Init
State, "rank-45", MPI_STATE, 0.000000, 0.000007, 0.000007, 0.000000, PMPI_Barrier
State, "rank-45", MPI_STATE, 0.000007, 0.001034, 0.001027, 0.000000, PMPI_Recv
State, "rank-45", MPI_STATE, 0.001034, 0.001034, 0.000000, 0.000000, PMPI_Reduce
State, "rank-45", MPI_STATE, 0.001034, 0.001034, 0.000000, 0.000000, PMPI_Reduce
State, "rank-45", MPI_STATE, 0.001034, 0.001167, 0.000133, 0.000000, PMPI_Barrier
State, "rank-45", MPI_STATE, 0.001167, 0.001167, 0.000000, 0.000000, PMPI_Finalize
Container, 0, MPI, 0, 0.001167, 0.001167, "rank-44"
State, "rank-44", MPI_STATE, 0.000000, 0.000000, 0.000000, 0.000000, PMPI_Init
State, "rank-44", MPI_STATE, 0.000000, 0.000007, 0.000007, 0.000000, PMPI_Barrier
State, "rank-44", MPI_STATE, 0.000007, 0.001034, 0.001027, 0.000000, PMPI_Recv
State, "rank-44", MPI_STATE, 0.001034, 0.001034, 0.000000, 0.000000, PMPI_Reduce
State, "rank-44", MPI_STATE, 0.001034, 0.001034, 0.000000, 0.000000, PMPI_Reduce
State, "rank-44", MPI_STATE, 0.001034, 0.001167, 0.000133, 0.000000, PMPI_Barrier
State, "rank-44", MPI_STATE, 0.001167, 0.001167, 0.000000, 0.000000, PMPI_Finalize
Container, 0, MPI, 0, 0.001166, 0.001166, "rank-43"
State, "rank-43", MPI_STATE, 0.000000, 0.000000, 0.000000, 0.000000, PMPI_Init
State, "rank-43", MPI_STATE, 0.000000, 0.000007, 0.000007, 0.000000, PMPI_Barrier
State, "rank-43", MPI_STATE, 0.000007, 0.001030, 0.001023, 0.000000, PMPI_Recv
State, "rank-43", MPI_STATE, 0.001030, 0.001030, 0.000000, 0.000000, PMPI_Reduce
State, "rank-43", MPI_STATE, 0.001030, 0.001030, 0.000000, 0.000000, PMPI_Reduce
State, "rank-43", MPI_STATE, 0.001030, 0.001166, 0.000136, 0.000000, PMPI_Barrier
State, "rank-43", MPI_STATE, 0.001166, 0.001166, 0.000000, 0.000000, PMPI_Finalize
Container, 0, MPI, 0, 0.001166, 0.001166, "rank-42"
State, "rank-42", MPI_STATE, 0.000000, 0.000000, 0.000000, 0.000000, PMPI_Init
State, "rank-42", MPI_STATE, 0.000000, 0.000007, 0.000007, 0.000000, PMPI_Barrier
State, "rank-42", MPI_STATE, 0.000007, 0.001013, 0.001006, 0.000000, PMPI_Recv
State, "rank-42", MPI_STATE, 0.001013, 0.001013, 0.000000, 0.000000, PMPI_Reduce
State, "rank-42", MPI_STATE, 0.001013, 0.001013, 0.000000, 0.000000, PMPI_Reduce
State, "rank-42", MPI_STATE, 0.001013, 0.001166, 0.000153, 0.000000, PMPI_Barrier
State, "rank-42", MPI_STATE, 0.001166, 0.001166, 0.000000, 0.000000, PMPI_Finalize
Container, 0, MPI, 0, 0.001166, 0.001166, "rank-41"
State, "rank-41", MPI_STATE, 0.000000, 0.000000, 0.000000, 0.000000, PMPI_Init
State, "rank-41", MPI_STATE, 0.000000, 0.000007, 0.000007, 0.000000, PMPI_Barrier
State, "rank-41", MPI_STATE, 0.000007, 0.000979, 0.000972, 0.000000, PMPI_Recv
State, "rank-41", MPI_STATE, 0.000979, 0.000979, 0.000000, 0.000000, PMPI_Reduce
State, "rank-41", MPI_STATE, 0.000979, 0.000979, 0.000000, 0.000000, PMPI_Reduce
State, "rank-41", MPI_STATE, 0.000979, 0.001166, 0.000187, 0.000000, PMPI_Barrier
State, "rank-41", MPI_STATE, 0.001166, 0.001166, 0.000000, 0.000000, PMPI_Finalize
Container, 0, MPI, 0, 0.001166, 0.001166, "rank-40"
State, "rank-40", MPI_STATE, 0.000000, 0.000000, 0.000000, 0.000000, PMPI_Init
State, "rank-40", MPI_STATE, 0.000000, 0.000006, 0.000006, 0.000000, PMPI_Barrier
State, "rank-40", MPI_STATE, 0.000006, 0.000983, 0.000977, 0.000000, PMPI_Recv
State, "rank-40", MPI_STATE, 0.000983, 0.000983, 0.000000, 0.000000, PMPI_Reduce
State, "rank-40", MPI_STATE, 0.000983, 0.000983, 0.000000, 0.000000, PMPI_Reduce
State, "rank-40", MPI_STATE, 0.000983, 0.001166, 0.000183, 0.000000, PMPI_Barrier
State, "rank-40", MPI_STATE, 0.001166, 0.001166, 0.000000, 0.000000, PMPI_Finalize
Container, 0, MPI, 0, 0.001166, 0.001166, "rank-39"
State, "rank-39", MPI_STATE, 0.000000, 0.000000, 0.000000, 0.000000, PMPI_Init
State, "rank-39", MPI_STATE, 0.000000, 0.000006, 0.000006, 0.000000, PMPI_Barrier
State, "rank-39", MPI_STATE, 0.000006, 0.000983, 0.000977, 0.000000, PMPI_Recv
State, "rank-39", MPI_STATE, 0.000983, 0.000983, 0.000000, 0.000000, PMPI_Reduce
State, "rank-39", MPI_STATE, 0.000983, 0.000983, 0.000000, 0.000000, PMPI_Reduce
State, "rank-39", MPI_STATE, 0.000983, 0.001166, 0.000183, 0.000000, PMPI_Barrier
State, "rank-39", MPI_STATE, 0.001166, 0.001166, 0.000000, 0.000000, PMPI_Finalize
Container, 0, MPI, 0, 0.001164, 0.001164, "rank-3"
State, "rank-3", MPI_STATE, 0.000000, 0.000000, 0.000000, 0.000000, PMPI_Init
State, "rank-3", MPI_STATE, 0.000000, 0.000005, 0.000005, 0.000000, PMPI_Barrier
State, "rank-3", MPI_STATE, 0.000005, 0.000931, 0.000926, 0.000000, PMPI_Recv
State, "rank-3", MPI_STATE, 0.000931, 0.000931, 0.000000, 0.000000, PMPI_Reduce
State, "rank-3", MPI_STATE, 0.000931, 0.000931, 0.000000, 0.000000, PMPI_Reduce
State, "rank-3", MPI_STATE, 0.000931, 0.001164, 0.000233, 0.000000, PMPI_Barrier
State, "rank-3", MPI_STATE, 0.001164, 0.001164, 0.000000, 0.000000, PMPI_Finalize
Container, 0, MPI, 0, 0.001165, 0.001165, "rank-38"
State, "rank-38", MPI_STATE, 0.000000, 0.000000, 0.000000, 0.000000, PMPI_Init
State, "rank-38", MPI_STATE, 0.000000, 0.000006, 0.000006, 0.000000, PMPI_Barrier
State, "rank-38", MPI_STATE, 0.000006, 0.000983, 0.000977, 0.000000, PMPI_Recv
State, "rank-38", MPI_STATE, 0.000983, 0.000983, 0.000000, 0.000000, PMPI_Reduce
State, "rank-38", MPI_STATE, 0.000983, 0.000983, 0.000000, 0.000000, PMPI_Reduce
State, "rank-38", MPI_STATE, 0.000983, 0.001165, 0.000182, 0.000000, PMPI_Barrier
State, "rank-38", MPI_STATE, 0.001165, 0.001165, 0.000000, 0.000000, PMPI_Finalize
Container, 0, MPI, 0, 0.001165, 0.001165, "rank-37"
State, "rank-37", MPI_STATE, 0.000000, 0.000000, 0.000000, 0.000000, PMPI_Init
State, "rank-37", MPI_STATE, 0.000000, 0.000006, 0.000006, 0.000000, PMPI_Barrier
State, "rank-37", MPI_STATE, 0.000006, 0.000983, 0.000977, 0.000000, PMPI_Recv
State, "rank-37", MPI_STATE, 0.000983, 0.000983, 0.000000, 0.000000, PMPI_Reduce
State, "rank-37", MPI_STATE, 0.000983, 0.000983, 0.000000, 0.000000, PMPI_Reduce
State, "rank-37", MPI_STATE, 0.000983, 0.001165, 0.000182, 0.000000, PMPI_Barrier
State, "rank-37", MPI_STATE, 0.001165, 0.001165, 0.000000, 0.000000, PMPI_Finalize
Container, 0, MPI, 0, 0.001165, 0.001165, "rank-36"
State, "rank-36", MPI_STATE, 0.000000, 0.000000, 0.000000, 0.000000, PMPI_Init
State, "rank-36", MPI_STATE, 0.000000, 0.000006, 0.000006, 0.000000, PMPI_Barrier
State, "rank-36", MPI_STATE, 0.000006, 0.001024, 0.001018, 0.000000, PMPI_Recv
State, "rank-36", MPI_STATE, 0.001024, 0.001024, 0.000000, 0.000000, PMPI_Reduce
State, "rank-36", MPI_STATE, 0.001024, 0.001024, 0.000000, 0.000000, PMPI_Reduce
State, "rank-36", MPI_STATE, 0.001024, 0.001165, 0.000141, 0.000000, PMPI_Barrier
State, "rank-36", MPI_STATE, 0.001165, 0.001165, 0.000000, 0.000000, PMPI_Finalize
Container, 0, MPI, 0, 0.001165, 0.001165, "rank-35"
State, "rank-35", MPI_STATE, 0.000000, 0.000000, 0.000000, 0.000000, PMPI_Init
State, "rank-35", MPI_STATE, 0.000000, 0.000005, 0.000005, 0.000000, PMPI_Barrier
State, "rank-35", MPI_STATE, 0.000005, 0.000811, 0.000806, 0.000000, PMPI_Recv
State, "rank-35", MPI_STATE, 0.000811, 0.000945, 0.000134, 0.000000, PMPI_Send
State, "rank-35", MPI_STATE, 0.000945, 0.000945, 0.000000, 0.000000, PMPI_Reduce
State, "rank-35", MPI_STATE, 0.000945, 0.000945, 0.000000, 0.000000, PMPI_Reduce
State, "rank-35", MPI_STATE, 0.000945, 0.001165, 0.000220, 0.000000, PMPI_Barrier
State, "rank-35", MPI_STATE, 0.001165, 0.001165, 0.000000, 0.000000, PMPI_Finalize
Container, 0, MPI, 0, 0.001165, 0.001165, "rank-34"
State, "rank-34", MPI_STATE, 0.000000, 0.000000, 0.000000, 0.000000, PMPI_Init
State, "rank-34", MPI_STATE, 0.000000, 0.000005, 0.000005, 0.000000, PMPI_Barrier
State, "rank-34", MPI_STATE, 0.000005, 0.000506, 0.000501, 0.000000, PMPI_Recv
State, "rank-34", MPI_STATE, 0.000506, 0.000648, 0.000142, 0.000000, PMPI_Send
State, "rank-34", MPI_STATE, 0.000648, 0.000744, 0.000096, 0.000000, PMPI_Send
State, "rank-34", MPI_STATE, 0.000744, 0.000744, 0.000000, 0.000000, PMPI_Reduce
State, "rank-34", MPI_STATE, 0.000744, 0.000744, 0.000000, 0.000000, PMPI_Reduce
State, "rank-34", MPI_STATE, 0.000744, 0.001165, 0.000421, 0.000000, PMPI_Barrier
State, "rank-34", MPI_STATE, 0.001165, 0.001165, 0.000000, 0.000000, PMPI_Finalize
Container, 0, MPI, 0, 0.001164, 0.001164, "rank-33"
State, "rank-33", MPI_STATE, 0.000000, 0.000000, 0.000000, 0.000000, PMPI_Init
State, "rank-33", MPI_STATE, 0.000000, 0.000005, 0.000005, 0.000000, PMPI_Barrier
State, "rank-33", MPI_STATE, 0.000005, 0.000838, 0.000833, 0.000000, PMPI_Recv
State, "rank-33", MPI_STATE, 0.000838, 0.000838, 0.000000, 0.000000, PMPI_Reduce
State, "rank-33", MPI_STATE, 0.000838, 0.000838, 0.000000, 0.000000, PMPI_Reduce
State, "rank-33", MPI_STATE, 0.000838, 0.001164, 0.000326, 0.000000, PMPI_Barrier
State, "rank-33", MPI_STATE, 0.001164, 0.001164, 0.000000, 0.000000, PMPI_Finalize
Container, 0, MPI, 0, 0.001164, 0.001164, "rank-32"
State, "rank-32", MPI_STATE, 0.000000, 0.000000, 0.000000, 0.000000, PMPI_Init
State, "rank-32", MPI_STATE, 0.000000, 0.000005, 0.000005, 0.000000, PMPI_Barrier
State, "rank-32", MPI_STATE, 0.000005, 0.000841, 0.000836, 0.000000, PMPI_Recv
State, "rank-32", MPI_STATE, 0.000841, 0.000841, 0.000000, 0.000000, PMPI_Reduce
State, "rank-32", MPI_STATE, 0.000841, 0.000841, 0.000000, 0.000000, PMPI_Reduce
State, "rank-32", MPI_STATE, 0.000841, 0.001164, 0.000323, 0.000000, PMPI_Barrier
State, "rank-32", MPI_STATE, 0.001164, 0.001164, 0.000000, 0.000000, PMPI_Finalize
Container, 0, MPI, 0, 0.001167, 0.001167, "rank-31"
State, "rank-31", MPI_STATE, 0.000000, 0.000000, 0.000000, 0.000000, PMPI_Init
State, "rank-31", MPI_STATE, 0.000000, 0.000008, 0.000008, 0.000000, PMPI_Barrier
State, "rank-31", MPI_STATE, 0.000008, 0.000648, 0.000640, 0.000000, PMPI_Recv
State, "rank-31", MPI_STATE, 0.000648, 0.001037, 0.000389, 0.000000, PMPI_Send
State, "rank-31", MPI_STATE, 0.001037, 0.001037, 0.000000, 0.000000, PMPI_Reduce
State, "rank-31", MPI_STATE, 0.001037, 0.001037, 0.000000, 0.000000, PMPI_Reduce
State, "rank-31", MPI_STATE, 0.001037, 0.001167, 0.000130, 0.000000, PMPI_Barrier
State, "rank-31", MPI_STATE, 0.001167, 0.001167, 0.000000, 0.000000, PMPI_Finalize
Container, 0, MPI, 0, 0.001167, 0.001167, "rank-30"
State, "rank-30", MPI_STATE, 0.000000, 0.000000, 0.000000, 0.000000, PMPI_Init
State, "rank-30", MPI_STATE, 0.000000, 0.000007, 0.000007, 0.000000, PMPI_Barrier
State, "rank-30", MPI_STATE, 0.000007, 0.000918, 0.000911, 0.000000, PMPI_Recv
State, "rank-30", MPI_STATE, 0.000918, 0.001014, 0.000096, 0.000000, PMPI_Send
State, "rank-30", MPI_STATE, 0.001014, 0.001014, 0.000000, 0.000000, PMPI_Reduce
State, "rank-30", MPI_STATE, 0.001014, 0.001014, 0.000000, 0.000000, PMPI_Reduce
State, "rank-30", MPI_STATE, 0.001014, 0.001167, 0.000153, 0.000000, PMPI_Barrier
State, "rank-30", MPI_STATE, 0.001167, 0.001167, 0.000000, 0.000000, PMPI_Finalize
Container, 0, MPI, 0, 0.001167, 0.001167, "rank-29"
State, "rank-29", MPI_STATE, 0.000000, 0.000000, 0.000000, 0.000000, PMPI_Init
State, "rank-29", MPI_STATE, 0.000000, 0.000007, 0.000007, 0.000000, PMPI_Barrier
State, "rank-29", MPI_STATE, 0.000007, 0.000917, 0.000910, 0.000000, PMPI_Recv
State, "rank-29", MPI_STATE, 0.000917, 0.001013, 0.000096, 0.000000, PMPI_Send
State, "rank-29", MPI_STATE, 0.001013, 0.001013, 0.000000, 0.000000, PMPI_Reduce
State, "rank-29", MPI_STATE, 0.001013, 0.001013, 0.000000, 0.000000, PMPI_Reduce
State, "rank-29", MPI_STATE, 0.001013, 0.001167, 0.000154, 0.000000, PMPI_Barrier
State, "rank-29", MPI_STATE, 0.001167, 0.001167, 0.000000, 0.000000, PMPI_Finalize
Container, 0, MPI, 0, 0.001164, 0.001164, "rank-2"
State, "rank-2", MPI_STATE, 0.000000, 0.000000, 0.000000, 0.000000, PMPI_Init
State, "rank-2", MPI_STATE, 0.000000, 0.000005, 0.000005, 0.000000, PMPI_Barrier
State, "rank-2", MPI_STATE, 0.000005, 0.000837, 0.000832, 0.000000, PMPI_Recv
State, "rank-2", MPI_STATE, 0.000837, 0.000837, 0.000000, 0.000000, PMPI_Reduce
State, "rank-2", MPI_STATE, 0.000837, 0.000837, 0.000000, 0.000000, PMPI_Reduce
State, "rank-2", MPI_STATE, 0.000837, 0.001164, 0.000327, 0.000000, PMPI_Barrier
State, "rank-2", MPI_STATE, 0.001164, 0.001164, 0.000000, 0.000000, PMPI_Finalize
Container, 0, MPI, 0, 0.001166, 0.001166, "rank-28"
State, "rank-28", MPI_STATE, 0.000000, 0.000000, 0.000000, 0.000000, PMPI_Init
State, "rank-28", MPI_STATE, 0.000000, 0.000007, 0.000007, 0.000000, PMPI_Barrier
State, "rank-28", MPI_STATE, 0.000007, 0.000917, 0.000910, 0.000000, PMPI_Recv
State, "rank-28", MPI_STATE, 0.000917, 0.001013, 0.000096, 0.000000, PMPI_Send
State, "rank-28", MPI_STATE, 0.001013, 0.001013, 0.000000, 0.000000, PMPI_Reduce
State, "rank-28", MPI_STATE, 0.001013, 0.001013, 0.000000, 0.000000, PMPI_Reduce
State, "rank-28", MPI_STATE, 0.001013, 0.001166, 0.000153, 0.000000, PMPI_Barrier
State, "rank-28", MPI_STATE, 0.001166, 0.001166, 0.000000, 0.000000, PMPI_Finalize
Container, 0, MPI, 0, 0.001166, 0.001166, "rank-27"
State, "rank-27", MPI_STATE, 0.000000, 0.000000, 0.000000, 0.000000, PMPI_Init
State, "rank-27", MPI_STATE, 0.000000, 0.000007, 0.000007, 0.000000, PMPI_Barrier
State, "rank-27", MPI_STATE, 0.000007, 0.000917, 0.000910, 0.000000, PMPI_Recv
State, "rank-27", MPI_STATE, 0.000917, 0.001013, 0.000096, 0.000000, PMPI_Send
State, "rank-27", MPI_STATE, 0.001013, 0.001013, 0.000000, 0.000000, PMPI_Reduce
State, "rank-27", MPI_STATE, 0.001013, 0.001013, 0.000000, 0.000000, PMPI_Reduce
State, "rank-27", MPI_STATE, 0.001013, 0.001166, 0.000153, 0.000000, PMPI_Barrier
State, "rank-27", MPI_STATE, 0.001166, 0.001166, 0.000000, 0.000000, PMPI_Finalize
Container, 0, MPI, 0, 0.001166, 0.001166, "rank-26"
State, "rank-26", MPI_STATE, 0.000000, 0.000000, 0.000000, 0.000000, PMPI_Init
State, "rank-26", MPI_STATE, 0.000000, 0.000007, 0.000007, 0.000000, PMPI_Barrier
State, "rank-26", MPI_STATE, 0.000007, 0.000883, 0.000876, 0.000000, PMPI_Recv
State, "rank-26", MPI_STATE, 0.000883, 0.000979, 0.000096, 0.000000, PMPI_Send
State, "rank-26", MPI_STATE, 0.000979, 0.000979, 0.000000, 0.000000, PMPI_Reduce
State, "rank-26", MPI_STATE, 0.000979, 0.000979, 0.000000, 0.000000, PMPI_Reduce
State, "rank-26", MPI_STATE, 0.000979, 0.001166, 0.000187, 0.000000, PMPI_Barrier
State, "rank-26", MPI_STATE, 0.001166, 0.001166, 0.000000, 0.000000, PMPI_Finalize
Container, 0, MPI, 0, 0.001166, 0.001166, "rank-25"
State, "rank-25", MPI_STATE, 0.000000, 0.000000, 0.000000, 0.000000, PMPI_Init
State, "rank-25", MPI_STATE, 0.000000, 0.000006, 0.000006, 0.000000, PMPI_Barrier
State, "rank-25", MPI_STATE, 0.000006, 0.000887, 0.000881, 0.000000, PMPI_Recv
State, "rank-25", MPI_STATE, 0.000887, 0.000983, 0.000096, 0.000000, PMPI_Send
State, "rank-25", MPI_STATE, 0.000983, 0.000983, 0.000000, 0.000000, PMPI_Reduce
State, "rank-25", MPI_STATE, 0.000983, 0.000983, 0.000000, 0.000000, PMPI_Reduce
State, "rank-25", MPI_STATE, 0.000983, 0.001166, 0.000183, 0.000000, PMPI_Barrier
State, "rank-25", MPI_STATE, 0.001166, 0.001166, 0.000000, 0.000000, PMPI_Finalize
Container, 0, MPI, 0, 0.001166, 0.001166, "rank-24"
State, "rank-24", MPI_STATE, 0.000000, 0.000000, 0.000000, 0.000000, PMPI_Init
State, "rank-24", MPI_STATE, 0.000000, 0.000006, 0.000006, 0.000000, PMPI_Barrier
State, "rank-24", MPI_STATE, 0.000006, 0.000887, 0.000881, 0.000000, PMPI_Recv
State, "rank-24", MPI_STATE, 0.000887, 0.000983, 0.000096, 0.000000, PMPI_Send
State, "rank-24", MPI_STATE, 0.000983, 0.000983, 0.000000, 0.000000, PMPI_Reduce
State, "rank-24", MPI_STATE, 0.000983, 0.000983, 0.000000, 0.000000, PMPI_Reduce
State, "rank-24", MPI_STATE, 0.000983, 0.001166, 0.000183, 0.000000, PMPI_Barrier
State, "rank-24", MPI_STATE, 0.001166, 0.001166, 0.000000, 0.000000, PMPI_Finalize
Container, 0, MPI, 0, 0.001165, 0.001165, "rank-23"
State, "rank-23", MPI_STATE, 0.000000, 0.000000, 0.000000, 0.000000, PMPI_Init
State, "rank-23", MPI_STATE, 0.000000, 0.000006, 0.000006, 0.000000, PMPI_Barrier
State, "rank-23", MPI_STATE, 0.000006, 0.000887, 0.000881, 0.000000, PMPI_Recv
State, "rank-23", MPI_STATE, 0.000887, 0.000983, 0.000096, 0.000000, PMPI_Send
State, "rank-23", MPI_STATE, 0.000983, 0.000983, 0.000000, 0.000000, PMPI_Reduce
State, "rank-23", MPI_STATE, 0.000983, 0.000983, 0.000000, 0.000000, PMPI_Reduce
State, "rank-23", MPI_STATE, 0.000983, 0.001165, 0.000182, 0.000000, PMPI_Barrier
State, "rank-23", MPI_STATE, 0.001165, 0.001165, 0.000000, 0.000000, PMPI_Finalize
Container, 0, MPI, 0, 0.001165, 0.001165, "rank-22"
State, "rank-22", MPI_STATE, 0.000000, 0.000000, 0.000000, 0.000000, PMPI_Init
State, "rank-22", MPI_STATE, 0.000000, 0.000006, 0.000006, 0.000000, PMPI_Barrier
State, "rank-22", MPI_STATE, 0.000006, 0.000887, 0.000881, 0.000000, PMPI_Recv
State, "rank-22", MPI_STATE, 0.000887, 0.000983, 0.000096, 0.000000, PMPI_Send
State, "rank-22", MPI_STATE, 0.000983, 0.000983, 0.000000, 0.000000, PMPI_Reduce
State, "rank-22", MPI_STATE, 0.000983, 0.000983, 0.000000, 0.000000, PMPI_Reduce
State, "rank-22", MPI_STATE, 0.000983, 0.001165, 0.000182, 0.000000, PMPI_Barrier
State, "rank-22", MPI_STATE, 0.001165, 0.001165, 0.000000, 0.000000, PMPI_Finalize
Container, 0, MPI, 0, 0.001165, 0.001165, "rank-21"
State, "rank-21", MPI_STATE, 0.000000, 0.000000, 0.000000, 0.000000, PMPI_Init
State, "rank-21", MPI_STATE, 0.000000, 0.000006, 0.000006, 0.000000, PMPI_Barrier
State, "rank-21", MPI_STATE, 0.000006, 0.000928, 0.000922, 0.000000, PMPI_Recv
State, "rank-21", MPI_STATE, 0.000928, 0.001024, 0.000096, 0.000000, PMPI_Send
State, "rank-21", MPI_STATE, 0.001024, 0.001024, 0.000000, 0.000000, PMPI_Reduce
State, "rank-21", MPI_STATE, 0.001024, 0.001024, 0.000000, 0.000000, PMPI_Reduce
State, "rank-21", MPI_STATE, 0.001024, 0.001165, 0.000141, 0.000000, PMPI_Barrier
State, "rank-21", MPI_STATE, 0.001165, 0.001165, 0.000000, 0.000000, PMPI_Finalize
Container, 0, MPI, 0, 0.001165, 0.001165, "rank-20"
State, "rank-20", MPI_STATE, 0.000000, 0.000000, 0.000000, 0.000000, PMPI_Init
State, "rank-20", MPI_STATE, 0.000000, 0.000005, 0.000005, 0.000000, PMPI_Barrier
State, "rank-20", MPI_STATE, 0.000005, 0.000945, 0.000940, 0.000000, PMPI_Recv
State, "rank-20", MPI_STATE, 0.000945, 0.000945, 0.000000, 0.000000, PMPI_Reduce
State, "rank-20", MPI_STATE, 0.000945, 0.000945, 0.000000, 0.000000, PMPI_Reduce
State, "rank-20", MPI_STATE, 0.000945, 0.001165, 0.000220, 0.000000, PMPI_Barrier
State, "rank-20", MPI_STATE, 0.001165, 0.001165, 0.000000, 0.000000, PMPI_Finalize
Container, 0, MPI, 0, 0.001165, 0.001165, "rank-19"
State, "rank-19", MPI_STATE, 0.000000, 0.000000, 0.000000, 0.000000, PMPI_Init
State, "rank-19", MPI_STATE, 0.000000, 0.000005, 0.000005, 0.000000, PMPI_Barrier
State, "rank-19", MPI_STATE, 0.000005, 0.000744, 0.000739, 0.000000, PMPI_Recv
State, "rank-19", MPI_STATE, 0.000744, 0.000744, 0.000000, 0.000000, PMPI_Reduce
State, "rank-19", MPI_STATE, 0.000744, 0.000744, 0.000000, 0.000000, PMPI_Reduce
State, "rank-19", MPI_STATE, 0.000744, 0.001165, 0.000421, 0.000000, PMPI_Barrier
State, "rank-19", MPI_STATE, 0.001165, 0.001165, 0.000000, 0.000000, PMPI_Finalize
Container, 0, MPI, 0, 0.001164, 0.001164, "rank-1"
State, "rank-1", MPI_STATE, 0.000000, 0.000000, 0.000000, 0.000000, PMPI_Init
State, "rank-1", MPI_STATE, 0.000000, 0.000005, 0.000005, 0.000000, PMPI_Barrier
State, "rank-1", MPI_STATE, 0.000005, 0.000624, 0.000619, 0.000000, PMPI_Recv
State, "rank-1", MPI_STATE, 0.000624, 0.000841, 0.000217, 0.000000, PMPI_Send
State, "rank-1", MPI_STATE, 0.000841, 0.000841, 0.000000, 0.000000, PMPI_Reduce
State, "rank-1", MPI_STATE, 0.000841, 0.000841, 0.000000, 0.000000, PMPI_Reduce
State, "rank-1", MPI_STATE, 0.000841, 0.001164, 0.000323, 0.000000, PMPI_Barrier
State, "rank-1", MPI_STATE, 0.001164, 0.001164, 0.000000, 0.000000, PMPI_Finalize
Container, 0, MPI, 0, 0.001164, 0.001164, "rank-18"
State, "rank-18", MPI_STATE, 0.000000, 0.000000, 0.000000, 0.000000, PMPI_Init
State, "rank-18", MPI_STATE, 0.000000, 0.000005, 0.000005, 0.000000, PMPI_Barrier
State, "rank-18", MPI_STATE, 0.000005, 0.000411, 0.000406, 0.000000, PMPI_Recv
State, "rank-18", MPI_STATE, 0.000411, 0.000506, 0.000095, 0.000000, PMPI_Send
State, "rank-18", MPI_STATE, 0.000506, 0.000793, 0.000287, 0.000000, PMPI_Send
State, "rank-18", MPI_STATE, 0.000793, 0.000931, 0.000138, 0.000000, PMPI_Send
State, "rank-18", MPI_STATE, 0.000931, 0.000931, 0.000000, 0.000000, PMPI_Reduce
State, "rank-18", MPI_STATE, 0.000931, 0.000931, 0.000000, 0.000000, PMPI_Reduce
State, "rank-18", MPI_STATE, 0.000931, 0.001164, 0.000233, 0.000000, PMPI_Barrier
State, "rank-18", MPI_STATE, 0.001164, 0.001164, 0.000000, 0.000000, PMPI_Finalize
Container, 0, MPI, 0, 0.001164, 0.001164, "rank-17"
State, "rank-17", MPI_STATE, 0.000000, 0.000000, 0.000000, 0.000000, PMPI_Init
State, "rank-17", MPI_STATE, 0.000000, 0.000005, 0.000005, 0.000000, PMPI_Barrier
State, "rank-17", MPI_STATE, 0.000005, 0.000529, 0.000524, 0.000000, PMPI_Recv
State, "rank-17", MPI_STATE, 0.000529, 0.000704, 0.000175, 0.000000, PMPI_Send
State, "rank-17", MPI_STATE, 0.000704, 0.000837, 0.000133, 0.000000, PMPI_Send
State, "rank-17", MPI_STATE, 0.000837, 0.000837, 0.000000, 0.000000, PMPI_Reduce
State, "rank-17", MPI_STATE, 0.000837, 0.000837, 0.000000, 0.000000, PMPI_Reduce
State, "rank-17", MPI_STATE, 0.000837, 0.001164, 0.000327, 0.000000, PMPI_Barrier
State, "rank-17", MPI_STATE, 0.001164, 0.001164, 0.000000, 0.000000, PMPI_Finalize
Container, 0, MPI, 0, 0.001164, 0.001164, "rank-16"
State, "rank-16", MPI_STATE, 0.000000, 0.000000, 0.000000, 0.000000, PMPI_Init
State, "rank-16", MPI_STATE, 0.000000, 0.000005, 0.000005, 0.000000, PMPI_Barrier
State, "rank-16", MPI_STATE, 0.000005, 0.000757, 0.000752, 0.000000, PMPI_Recv
State, "rank-16", MPI_STATE, 0.000757, 0.000757, 0.000000, 0.000000, PMPI_Reduce
State, "rank-16", MPI_STATE, 0.000757, 0.000757, 0.000000, 0.000000, PMPI_Reduce
State, "rank-16", MPI_STATE, 0.000757, 0.001164, 0.000407, 0.000000, PMPI_Barrier
State, "rank-16", MPI_STATE, 0.001164, 0.001164, 0.000000, 0.000000, PMPI_Finalize
Container, 0, MPI, 0, 0.001167, 0.001167, "rank-15"
State, "rank-15", MPI_STATE, 0.000000, 0.000000, 0.000000, 0.000000, PMPI_Init
State, "rank-15", MPI_STATE, 0.000000, 0.000007, 0.000007, 0.000000, PMPI_Barrier
State, "rank-15", MPI_STATE, 0.000007, 0.001014, 0.001007, 0.000000, PMPI_Recv
State, "rank-15", MPI_STATE, 0.001014, 0.001014, 0.000000, 0.000000, PMPI_Reduce
State, "rank-15", MPI_STATE, 0.001014, 0.001014, 0.000000, 0.000000, PMPI_Reduce
State, "rank-15", MPI_STATE, 0.001014, 0.001167, 0.000153, 0.000000, PMPI_Barrier
State, "rank-15", MPI_STATE, 0.001167, 0.001167, 0.000000, 0.000000, PMPI_Finalize
Container, 0, MPI, 0, 0.001167, 0.001167, "rank-14"
State, "rank-14", MPI_STATE, 0.000000, 0.000000, 0.000000, 0.000000, PMPI_Init
State, "rank-14", MPI_STATE, 0.000000, 0.000007, 0.000007, 0.000000, PMPI_Barrier
State, "rank-14", MPI_STATE, 0.000007, 0.001013, 0.001006, 0.000000, PMPI_Recv
State, "rank-14", MPI_STATE, 0.001013, 0.001013, 0.000000, 0.000000, PMPI_Reduce
State, "rank-14", MPI_STATE, 0.001013, 0.001013, 0.000000, 0.000000, PMPI_Reduce
State, "rank-14", MPI_STATE, 0.001013, 0.001167, 0.000154, 0.000000, PMPI_Barrier
State, "rank-14", MPI_STATE, 0.001167, 0.001167, 0.000000, 0.000000, PMPI_Finalize
Container, 0, MPI, 0, 0.001166, 0.001166, "rank-13"
State, "rank-13", MPI_STATE, 0.000000, 0.000000, 0.000000, 0.000000, PMPI_Init
State, "rank-13", MPI_STATE, 0.000000, 0.000007, 0.000007, 0.000000, PMPI_Barrier
State, "rank-13", MPI_STATE, 0.000007, 0.001013, 0.001006, 0.000000, PMPI_Recv
State, "rank-13", MPI_STATE, 0.001013, 0.001013, 0.000000, 0.000000, PMPI_Reduce
State, "rank-13", MPI_STATE, 0.001013, 0.001013, 0.000000, 0.000000, PMPI_Reduce
State, "rank-13", MPI_STATE, 0.001013, 0.001166, 0.000153, 0.000000, PMPI_Barrier
State, "rank-13", MPI_STATE, 0.001166, 0.001166, 0.000000, 0.000000, PMPI_Finalize
Container, 0, MPI, 0, 0.001166, 0.001166, "rank-12"
State, "rank-12", MPI_STATE, 0.000000, 0.000000, 0.000000, 0.000000, PMPI_Init
State, "rank-12", MPI_STATE, 0.000000, 0.000007, 0.000007, 0.000000, PMPI_Barrier
State, "rank-12", MPI_STATE, 0.000007, 0.001013, 0.001006, 0.000000, PMPI_Recv
State, "rank-12", MPI_STATE, 0.001013, 0.001013, 0.000000, 0.000000, PMPI_Reduce
State, "rank-12", MPI_STATE, 0.001013, 0.001013, 0.000000, 0.000000, PMPI_Reduce
State, "rank-12", MPI_STATE, 0.001013, 0.001166, 0.000153, 0.000000, PMPI_Barrier
State, "rank-12", MPI_STATE, 0.001166, 0.001166, 0.000000, 0.000000, PMPI_Finalize
Container, 0, MPI, 0, 0.001168, 0.001168, "rank-127"
State, "rank-127", MPI_STATE, 0.000000, 0.000000, 0.000000, 0.000000, PMPI_Init
State, "rank-127", MPI_STATE, 0.000000, 0.000009, 0.000009, 0.000000, PMPI_Barrier
State, "rank-127", MPI_STATE, 0.000009, 0.000692, 0.000683, 0.000000, PMPI_Recv
State, "rank-127", MPI_STATE, 0.000692, 0.000692, 0.000000, 0.000000, PMPI_Reduce
State, "rank-127", MPI_STATE, 0.000692, 0.000692, 0.000000, 0.000000, PMPI_Reduce
State, "rank-127", MPI_STATE, 0.000692, 0.001168, 0.000476, 0.000000, PMPI_Barrier
State, "rank-127", MPI_STATE, 0.001168, 0.001168, 0.000000, 0.000000, PMPI_Finalize
Container, 0, MPI, 0, 0.001168, 0.001168, "rank-126"
State, "rank-126", MPI_STATE, 0.000000, 0.000000, 0.000000, 0.000000, PMPI_Init
State, "rank-126", MPI_STATE, 0.000000, 0.000009, 0.000009, 0.000000, PMPI_Barrier
State, "rank-126", MPI_STATE, 0.000009, 0.000695, 0.000686, 0.000000, PMPI_Recv
State, "rank-126", MPI_STATE, 0.000695, 0.000695, 0.000000, 0.000000, PMPI_Reduce
State, "rank-126", MPI_STATE, 0.000695, 0.000695, 0.000000, 0.000000, PMPI_Reduce
State, "rank-126", MPI_STATE, 0.000695, 0.001168, 0.000473, 0.000000, PMPI_Barrier
State, "rank-126", MPI_STATE, 0.001168, 0.001168, 0.000000, 0.000000, PMPI_Finalize
Container, 0, MPI, 0, 0.001168, 0.001168, "rank-125"
State, "rank-125", MPI_STATE, 0.000000, 0.000000, 0.000000, 0.000000, PMPI_Init
State, "rank-125", MPI_STATE, 0.000000, 0.000008, 0.000008, 0.000000, PMPI_Barrier
State, "rank-125", MPI_STATE, 0.000008, 0.000600, 0.000592, 0.000000, PMPI_Recv
State, "rank-125", MPI_STATE, 0.000600, 0.000696, 0.000096, 0.000000, PMPI_Send
State, "rank-125", MPI_STATE, 0.000696, 0.000696, 0.000000, 0.000000, PMPI_Reduce
State, "rank-125", MPI_STATE, 0.000696, 0.000696, 0.000000, 0.000000, PMPI_Reduce
State, "rank-125", MPI_STATE, 0.000696, 0.001168, 0.000472, 0.000000, PMPI_Barrier
State, "rank-125", MPI_STATE, 0.001168, 0.001168, 0.000000, 0.000000, PMPI_Finalize
Container, 0, MPI, 0, 0.001168, 0.001168, "rank-124"
State, "rank-124", MPI_STATE, 0.000000, 0.000000, 0.000000, 0.000000, PMPI_Init
State, "rank-124", MPI_STATE, 0.000000, 0.000008, 0.000008, 0.000000, PMPI_Barrier
State, "rank-124", MPI_STATE, 0.000008, 0.000706, 0.000698, 0.000000, PMPI_Recv
State, "rank-124", MPI_STATE, 0.000706, 0.000802, 0.000096, 0.000000, PMPI_Send
State, "rank-124", MPI_STATE, 0.000802, 0.000802, 0.000000, 0.000000, PMPI_Reduce
State, "rank-124", MPI_STATE, 0.000802, 0.000802, 0.000000, 0.000000, PMPI_Reduce
State, "rank-124", MPI_STATE, 0.000802, 0.001168, 0.000366, 0.000000, PMPI_Barrier
State, "rank-124", MPI_STATE, 0.001168, 0.001168, 0.000000, 0.000000, PMPI_Finalize
Container, 0, MPI, 0, 0.001167, 0.001167, "rank-123"
State, "rank-123", MPI_STATE, 0.000000, 0.000000, 0.000000, 0.000000, PMPI_Init
State, "rank-123", MPI_STATE, 0.000000, 0.000008, 0.000008, 0.000000, PMPI_Barrier
State, "rank-123", MPI_STATE, 0.000008, 0.001054, 0.001046, 0.000000, PMPI_Recv
State, "rank-123", MPI_STATE, 0.001054, 0.001054, 0.000000, 0.000000, PMPI_Reduce
State, "rank-123", MPI_STATE, 0.001054, 0.001054, 0.000000, 0.000000, PMPI_Reduce
State, "rank-123", MPI_STATE, 0.001054, 0.001167, 0.000113, 0.000000, PMPI_Barrier
State, "rank-123", MPI_STATE, 0.001167, 0.001167, 0.000000, 0.000000, PMPI_Finalize
Container, 0, MPI, 0, 0.001167, 0.001167, "rank-122"
State, "rank-122", MPI_STATE, 0.000000, 0.000000, 0.000000, 0.000000, PMPI_Init
State, "rank-122", MPI_STATE, 0.000000, 0.000008, 0.000008, 0.000000, PMPI_Barrier
State, "rank-122", MPI_STATE, 0.000008, 0.001037, 0.001029, 0.000000, PMPI_Recv
State, "rank-122", MPI_STATE, 0.001037, 0.001037, 0.000000, 0.000000, PMPI_Reduce
State, "rank-122", MPI_STATE, 0.001037, 0.001037, 0.000000, 0.000000, PMPI_Reduce
State, "rank-122", MPI_STATE, 0.001037, 0.001167, 0.000130, 0.000000, PMPI_Barrier
State, "rank-122", MPI_STATE, 0.001167, 0.001167, 0.000000, 0.000000, PMPI_Finalize
Container, 0, MPI, 0, 0.001167, 0.001167, "rank-121"
State, "rank-121", MPI_STATE, 0.000000, 0.000000, 0.000000, 0.000000, PMPI_Init
State, "rank-121", MPI_STATE, 0.000000, 0.000008, 0.000008, 0.000000, PMPI_Barrier
State, "rank-121", MPI_STATE, 0.000008, 0.000692, 0.000684, 0.000000, PMPI_Recv
State, "rank-121", MPI_STATE, 0.000692, 0.000884, 0.000192, 0.000000, PMPI_Send
State, "rank-121", MPI_STATE, 0.000884, 0.000979, 0.000095, 0.000000, PMPI_Send
State, "rank-121", MPI_STATE, 0.000979, 0.000979, 0.000000, 0.000000, PMPI_Reduce
State, "rank-121", MPI_STATE, 0.000979, 0.000979, 0.000000, 0.000000, PMPI_Reduce
State, "rank-121", MPI_STATE, 0.000979, 0.001167, 0.000188, 0.000000, PMPI_Barrier
State, "rank-121", MPI_STATE, 0.001167, 0.001167, 0.000000, 0.000000, PMPI_Finalize
Container, 0, MPI, 0, 0.001167, 0.001167, "rank-120"
State, "rank-120", MPI_STATE, 0.000000, 0.000000, 0.000000, 0.000000, PMPI_Init
State, "rank-120", MPI_STATE, 0.000000, 0.000007, 0.000007, 0.000000, PMPI_Barrier
State, "rank-120", MPI_STATE, 0.000007, 0.000691, 0.000684, 0.000000, PMPI_Recv
State, "rank-120", MPI_STATE, 0.000691, 0.000883, 0.000192, 0.000000, PMPI_Send
State, "rank-120", MPI_STATE, 0.000883, 0.000979, 0.000096, 0.000000, PMPI_Send
State, "rank-120", MPI_STATE, 0.000979, 0.000979, 0.000000, 0.000000, PMPI_Reduce
State, "rank-120", MPI_STATE, 0.000979, 0.000979, 0.000000, 0.000000, PMPI_Reduce
State, "rank-120", MPI_STATE, 0.000979, 0.001167, 0.000188, 0.000000, PMPI_Barrier
State, "rank-120", MPI_STATE, 0.001167, 0.001167, 0.000000, 0.000000, PMPI_Finalize
Container, 0, MPI, 0, 0.001167, 0.001167, "rank-119"
State, "rank-119", MPI_STATE, 0.000000, 0.000000, 0.000000, 0.000000, PMPI_Init
State, "rank-119", MPI_STATE, 0.000000, 0.000007, 0.000007, 0.000000, PMPI_Barrier
State, "rank-119", MPI_STATE, 0.000007, 0.000691, 0.000684, 0.000000, PMPI_Recv
State, "rank-119", MPI_STATE, 0.000691, 0.000883, 0.000192, 0.000000, PMPI_Send
State, "rank-119", MPI_STATE, 0.000883, 0.000979, 0.000096, 0.000000, PMPI_Send
State, "rank-119", MPI_STATE, 0.000979, 0.000979, 0.000000, 0.000000, PMPI_Reduce
State, "rank-119", MPI_STATE, 0.000979, 0.000979, 0.000000, 0.000000, PMPI_Reduce
State, "rank-119", MPI_STATE, 0.000979, 0.001167, 0.000188, 0.000000, PMPI_Barrier
State, "rank-119", MPI_STATE, 0.001167, 0.001167, 0.000000, 0.000000, PMPI_Finalize
Container, 0, MPI, 0, 0.001166, 0.001166, "rank-11"
State, "rank-11", MPI_STATE, 0.000000, 0.000000, 0.000000, 0.000000, PMPI_Init
State, "rank-11", MPI_STATE, 0.000000, 0.000007, 0.000007, 0.000000, PMPI_Barrier
State, "rank-11", MPI_STATE, 0.000007, 0.000979, 0.000972, 0.000000, PMPI_Recv
State, "rank-11", MPI_STATE, 0.000979, 0.000979, 0.000000, 0.000000, PMPI_Reduce
State, "rank-11", MPI_STATE, 0.000979, 0.000979, 0.000000, 0.000000, PMPI_Reduce
State, "rank-11", MPI_STATE, 0.000979, 0.001166, 0.000187, 0.000000, PMPI_Barrier
State, "rank-11", MPI_STATE, 0.001166, 0.001166, 0.000000, 0.000000, PMPI_Finalize
Container, 0, MPI, 0, 0.001166, 0.001166, "rank-118"
State, "rank-118", MPI_STATE, 0.000000, 0.000000, 0.000000, 0.000000, PMPI_Init
State, "rank-118", MPI_STATE, 0.000000, 0.000007, 0.000007, 0.000000, PMPI_Barrier
State, "rank-118", MPI_STATE, 0.000007, 0.000691, 0.000684, 0.000000, PMPI_Recv
State, "rank-118", MPI_STATE, 0.000691, 0.000883, 0.000192, 0.000000, PMPI_Send
State, "rank-118", MPI_STATE, 0.000883, 0.000979, 0.000096, 0.000000, PMPI_Send
State, "rank-118", MPI_STATE, 0.000979, 0.000979, 0.000000, 0.000000, PMPI_Reduce
State, "rank-118", MPI_STATE, 0.000979, 0.000979, 0.000000, 0.000000, PMPI_Reduce
State, "rank-118", MPI_STATE, 0.000979, 0.001166, 0.000187, 0.000000, PMPI_Barrier
State, "rank-118", MPI_STATE, 0.001166, 0.001166, 0.000000, 0.000000, PMPI_Finalize
Container, 0, MPI, 0, 0.001166, 0.001166, "rank-117"
State, "rank-117", MPI_STATE, 0.000000, 0.000000, 0.000000, 0.000000, PMPI_Init
State, "rank-117", MPI_STATE, 0.000000, 0.000007, 0.000007, 0.000000, PMPI_Barrier
State, "rank-117", MPI_STATE, 0.000007, 0.000691, 0.000684, 0.000000, PMPI_Recv
State, "rank-117", MPI_STATE, 0.000691, 0.000883, 0.000192, 0.000000, PMPI_Send
State, "rank-117", MPI_STATE, 0.000883, 0.000979, 0.000096, 0.000000, PMPI_Send
State, "rank-117", MPI_STATE, 0.000979, 0.000979, 0.000000, 0.000000, PMPI_Reduce
State, "rank-117", MPI_STATE, 0.000979, 0.000979, 0.000000, 0.000000, PMPI_Reduce
State, "rank-117", MPI_STATE, 0.000979, 0.001166, 0.000187, 0.000000, PMPI_Barrier
State, "rank-117", MPI_STATE, 0.001166, 0.001166, 0.000000, 0.000000, PMPI_Finalize
Container, 0, MPI, 0, 0.001166, 0.001166, "rank-116"
State, "rank-116", MPI_STATE, 0.000000, 0.000000, 0.000000, 0.000000, PMPI_Init
State, "rank-116", MPI_STATE, 0.000000, 0.000007, 0.000007, 0.000000, PMPI_Barrier
State, "rank-116", MPI_STATE, 0.000007, 0.000695, 0.000688, 0.000000, PMPI_Recv
State, "rank-116", MPI_STATE, 0.000695, 0.000887, 0.000192, 0.000000, PMPI_Send
State, "rank-116", MPI_STATE, 0.000887, 0.000983, 0.000096, 0.000000, PMPI_Send
State, "rank-116", MPI_STATE, 0.000983, 0.000983, 0.000000, 0.000000, PMPI_Reduce
State, "rank-116", MPI_STATE, 0.000983, 0.000983, 0.000000, 0.000000, PMPI_Reduce
State, "rank-116", MPI_STATE, 0.000983, 0.001166, 0.000183, 0.000000, PMPI_Barrier
State, "rank-116", MPI_STATE, 0.001166, 0.001166, 0.000000, 0.000000, PMPI_Finalize
Container, 0, MPI, 0, 0.001166, 0.001166, "rank-115"
State, "rank-115", MPI_STATE, 0.000000, 0.000000, 0.000000, 0.000000, PMPI_Init
State, "rank-115", MPI_STATE, 0.000000, 0.000006, 0.000006, 0.000000, PMPI_Barrier
State, "rank-115", MPI_STATE, 0.000006, 0.000695, 0.000689, 0.000000, PMPI_Recv
State, "rank-115", MPI_STATE, 0.000695, 0.000887, 0.000192, 0.000000, PMPI_Send
State, "rank-115", MPI_STATE, 0.000887, 0.000983, 0.000096, 0.000000, PMPI_Send
State, "rank-115", MPI_STATE, 0.000983, 0.000983, 0.000000, 0.000000, PMPI_Reduce
State, "rank-115", MPI_STATE, 0.000983, 0.000983, 0.000000, 0.000000, PMPI_Reduce
State, "rank-115", MPI_STATE, 0.000983, 0.001166, 0.000183, 0.000000, PMPI_Barrier
State, "rank-115", MPI_STATE, 0.001166, 0.001166, 0.000000, 0.000000, PMPI_Finalize
Container, 0, MPI, 0, 0.001166, 0.001166, "rank-114"
State, "rank-114", MPI_STATE, 0.000000, 0.000000, 0.000000, 0.000000, PMPI_Init
State, "rank-114", MPI_STATE, 0.000000, 0.000006, 0.000006, 0.000000, PMPI_Barrier
State, "rank-114", MPI_STATE, 0.000006, 0.000695, 0.000689, 0.000000, PMPI_Recv
State, "rank-114", MPI_STATE, 0.000695, 0.000887, 0.000192, 0.000000, PMPI_Send
State, "rank-114", MPI_STATE, 0.000887, 0.000983, 0.000096, 0.000000, PMPI_Send
State, "rank-114", MPI_STATE, 0.000983, 0.000983, 0.000000, 0.000000, PMPI_Reduce
State, "rank-114", MPI_STATE, 0.000983, 0.000983, 0.000000, 0.000000, PMPI_Reduce
State, "rank-114", MPI_STATE, 0.000983, 0.001166, 0.000183, 0.000000, PMPI_Barrier
State, "rank-114", MPI_STATE, 0.001166, 0.001166, 0.000000, 0.000000, PMPI_Finalize
Container, 0, MPI, 0, 0.001165, 0.001165, "rank-113"
State, "rank-113", MPI_STATE, 0.000000, 0.000000, 0.000000, 0.000000, PMPI_Init
State, "rank-113", MPI_STATE, 0.000000, 0.000006, 0.000006, 0.000000, PMPI_Barrier
State, "rank-113", MPI_STATE, 0.000006, 0.000695, 0.000689, 0.000000, PMPI_Recv
State, "rank-113", MPI_STATE, 0.000695, 0.000887, 0.000192, 0.000000, PMPI_Send
State, "rank-113", MPI_STATE, 0.000887, 0.000983, 0.000096, 0.000000, PMPI_Send
State, "rank-113", MPI_STATE, 0.000983, 0.000983, 0.000000, 0.000000, PMPI_Reduce
State, "rank-113", MPI_STATE, 0.000983, 0.000983, 0.000000, 0.000000, PMPI_Reduce
State, "rank-113", MPI_STATE, 0.000983, 0.001165, 0.000182, 0.000000, PMPI_Barrier
State, "rank-113", MPI_STATE, 0.001165, 0.001165, 0.000000, 0.000000, PMPI_Finalize
Container, 0, MPI, 0, 0.001165, 0.001165, "rank-112"
State, "rank-112", MPI_STATE, 0.000000, 0.000000, 0.000000, 0.000000, PMPI_Init
State, "rank-112", MPI_STATE, 0.000000, 0.000006, 0.000006, 0.000000, PMPI_Barrier
State, "rank-112", MPI_STATE, 0.000006, 0.000698, 0.000692, 0.000000, PMPI_Recv
State, "rank-112", MPI_STATE, 0.000698, 0.000888, 0.000190, 0.000000, PMPI_Send
State, "rank-112", MPI_STATE, 0.000888, 0.000984, 0.000096, 0.000000, PMPI_Send
State, "rank-112", MPI_STATE, 0.000984, 0.000984, 0.000000, 0.000000, PMPI_Reduce
State, "rank-112", MPI_STATE, 0.000984, 0.000984, 0.000000, 0.000000, PMPI_Reduce
State, "rank-112", MPI_STATE, 0.000984, 0.001165, 0.000181, 0.000000, PMPI_Barrier
State, "rank-112", MPI_STATE, 0.001165, 0.001165, 0.000000, 0.000000, PMPI_Finalize
Container, 0, MPI, 0, 0.001168, 0.001168, "rank-111"
State, "rank-111", MPI_STATE, 0.000000, 0.000000, 0.000000, 0.000000, PMPI_Init
State, "rank-111", MPI_STATE, 0.000000, 0.000009, 0.000009, 0.000000, PMPI_Barrier
State, "rank-111", MPI_STATE, 0.000009, 0.000598, 0.000589, 0.000000, PMPI_Recv
State, "rank-111", MPI_STATE, 0.000598, 0.000692, 0.000094, 0.000000, PMPI_Send
State, "rank-111", MPI_STATE, 0.000692, 0.000692, 0.000000, 0.000000, PMPI_Reduce
State, "rank-111", MPI_STATE, 0.000692, 0.000692, 0.000000, 0.000000, PMPI_Reduce
State, "rank-111", MPI_STATE, 0.000692, 0.001168, 0.000476, 0.000000, PMPI_Barrier
State, "rank-111", MPI_STATE, 0.001168, 0.001168, 0.000000, 0.000000, PMPI_Finalize
Container, 0, MPI, 0, 0.001168, 0.001168, "rank-110"
State, "rank-110", MPI_STATE, 0.000000, 0.000000, 0.000000, 0.000000, PMPI_Init
State, "rank-110", MPI_STATE, 0.000000, 0.000008, 0.000008, 0.000000, PMPI_Barrier
State, "rank-110", MPI_STATE, 0.000008, 0.000696, 0.000688, 0.000000, PMPI_Recv
State, "rank-110", MPI_STATE, 0.000696, 0.000696, 0.000000, 0.000000, PMPI_Reduce
State, "rank-110", MPI_STATE, 0.000696, 0.000696, 0.000000, 0.000000, PMPI_Reduce
State, "rank-110", MPI_STATE, 0.000696, 0.001168, 0.000472, 0.000000, PMPI_Barrier
State, "rank-110", MPI_STATE, 0.001168, 0.001168, 0.000000, 0.000000, PMPI_Finalize
Container, 0, MPI, 0, 0.001168, 0.001168, "rank-109"
State, "rank-109", MPI_STATE, 0.000000, 0.000000, 0.000000, 0.000000, PMPI_Init
State, "rank-109", MPI_STATE, 0.000000, 0.000008, 0.000008, 0.000000, PMPI_Barrier
State, "rank-109", MPI_STATE, 0.000008, 0.000802, 0.000794, 0.000000, PMPI_Recv
State, "rank-109", MPI_STATE, 0.000802, 0.000802, 0.000000, 0.000000, PMPI_Reduce
State, "rank-109", MPI_STATE, 0.000802, 0.000802, 0.000000, 0.000000, PMPI_Reduce
State, "rank-109", MPI_STATE, 0.000802, 0.001168, 0.000366, 0.000000, PMPI_Barrier
State, "rank-109", MPI_STATE, 0.001168, 0.001168, 0.000000, 0.000000, PMPI_Finalize
Container, 0, MPI, 0, 0.001166, 0.001166, "rank-10"
State, "rank-10", MPI_STATE, 0.000000, 0.000000, 0.000000, 0.000000, PMPI_Init
State, "rank-10", MPI_STATE, 0.000000, 0.000006, 0.000006, 0.000000, PMPI_Barrier
State, "rank-10", MPI_STATE, 0.000006, 0.000983, 0.000977, 0.000000, PMPI_Recv
State, "rank-10", MPI_STATE, 0.000983, 0.000983, 0.000000, 0.000000, PMPI_Reduce
State, "rank-10", MPI_STATE, 0.000983, 0.000983, 0.000000, 0.000000, PMPI_Reduce
State, "rank-10", MPI_STATE, 0.000983, 0.001166, 0.000183, 0.000000, PMPI_Barrier
State, "rank-10", MPI_STATE, 0.001166, 0.001166, 0.000000, 0.000000, PMPI_Finalize
Container, 0, MPI, 0, 0.001167, 0.001167, "rank-108"
State, "rank-108", MPI_STATE, 0.000000, 0.000000, 0.000000, 0.000000, PMPI_Init
State, "rank-108", MPI_STATE, 0.000000, 0.000008, 0.000008, 0.000000, PMPI_Barrier
State, "rank-108", MPI_STATE, 0.000008, 0.000755, 0.000747, 0.000000, PMPI_Recv
State, "rank-108", MPI_STATE, 0.000755, 0.000851, 0.000096, 0.000000, PMPI_Send
State, "rank-108", MPI_STATE, 0.000851, 0.000851, 0.000000, 0.000000, PMPI_Reduce
State, "rank-108", MPI_STATE, 0.000851, 0.000851, 0.000000, 0.000000, PMPI_Reduce
State, "rank-108", MPI_STATE, 0.000851, 0.001167, 0.000316, 0.000000, PMPI_Barrier
State, "rank-108", MPI_STATE, 0.001167, 0.001167, 0.000000, 0.000000, PMPI_Finalize
Container, 0, MPI, 0, 0.001167, 0.001167, "rank-107"
State, "rank-107", MPI_STATE, 0.000000, 0.000000, 0.000000, 0.000000, PMPI_Init
State, "rank-107", MPI_STATE, 0.000000, 0.000008, 0.000008, 0.000000, PMPI_Barrier
State, "rank-107", MPI_STATE, 0.000008, 0.000550, 0.000542, 0.000000, PMPI_Recv
State, "rank-107", MPI_STATE, 0.000550, 0.000715, 0.000165, 0.000000, PMPI_Send
State, "rank-107", MPI_STATE, 0.000715, 0.000821, 0.000106, 0.000000, PMPI_Send
State, "rank-107", MPI_STATE, 0.000821, 0.000821, 0.000000, 0.000000, PMPI_Reduce
State, "rank-107", MPI_STATE, 0.000821, 0.000821, 0.000000, 0.000000, PMPI_Reduce
State, "rank-107", MPI_STATE, 0.000821, 0.001167, 0.000346, 0.000000, PMPI_Barrier
State, "rank-107", MPI_STATE, 0.001167, 0.001167, 0.000000, 0.000000, PMPI_Finalize
Container, 0, MPI, 0, 0.001167, 0.001167, "rank-106"
State, "rank-106", MPI_STATE, 0.000000, 0.000000, 0.000000, 0.000000, PMPI_Init
State, "rank-106", MPI_STATE, 0.000000, 0.000008, 0.000008, 0.000000, PMPI_Barrier
State, "rank-106", MPI_STATE, 0.000008, 0.000979, 0.000971, 0.000000, PMPI_Recv
State, "rank-106", MPI_STATE, 0.000979, 0.000979, 0.000000, 0.000000, PMPI_Reduce
State, "rank-106", MPI_STATE, 0.000979, 0.000979, 0.000000, 0.000000, PMPI_Reduce
State, "rank-106", MPI_STATE, 0.000979, 0.001167, 0.000188, 0.000000, PMPI_Barrier
State, "rank-106", MPI_STATE, 0.001167, 0.001167, 0.000000, 0.000000, PMPI_Finalize
Container, 0, MPI, 0, 0.001167, 0.001167, "rank-105"
State, "rank-105", MPI_STATE, 0.000000, 0.000000, 0.000000, 0.000000, PMPI_Init
State, "rank-105", MPI_STATE, 0.000000, 0.000007, 0.000007, 0.000000, PMPI_Barrier
State, "rank-105", MPI_STATE, 0.000007, 0.000979, 0.000972, 0.000000, PMPI_Recv
State, "rank-105", MPI_STATE, 0.000979, 0.000979, 0.000000, 0.000000, PMPI_Reduce
State, "rank-105", MPI_STATE, 0.000979, 0.000979, 0.000000, 0.000000, PMPI_Reduce
State, "rank-105", MPI_STATE, 0.000979, 0.001167, 0.000188, 0.000000, PMPI_Barrier
State, "rank-105", MPI_STATE, 0.001167, 0.001167, 0.000000, 0.000000, PMPI_Finalize
Container, 0, MPI, 0, 0.001167, 0.001167, "rank-104"
State, "rank-104", MPI_STATE, 0.000000, 0.000000, 0.000000, 0.000000, PMPI_Init
State, "rank-104", MPI_STATE, 0.000000, 0.000007, 0.000007, 0.000000, PMPI_Barrier
State, "rank-104", MPI_STATE, 0.000007, 0.000979, 0.000972, 0.000000, PMPI_Recv
State, "rank-104", MPI_STATE, 0.000979, 0.000979, 0.000000, 0.000000, PMPI_Reduce
State, "rank-104", MPI_STATE, 0.000979, 0.000979, 0.000000, 0.000000, PMPI_Reduce
State, "rank-104", MPI_STATE, 0.000979, 0.001167, 0.000188, 0.000000, PMPI_Barrier
State, "rank-104", MPI_STATE, 0.001167, 0.001167, 0.000000, 0.000000, PMPI_Finalize
Container, 0, MPI, 0, 0.001166, 0.001166, "rank-103"
State, "rank-103", MPI_STATE, 0.000000, 0.000000, 0.000000, 0.000000, PMPI_Init
State, "rank-103", MPI_STATE, 0.000000, 0.000007, 0.000007, 0.000000, PMPI_Barrier
State, "rank-103", MPI_STATE, 0.000007, 0.000979, 0.000972, 0.000000, PMPI_Recv
State, "rank-103", MPI_STATE, 0.000979, 0.000979, 0.000000, 0.000000, PMPI_Reduce
State, "rank-103", MPI_STATE, 0.000979, 0.000979, 0.000000, 0.000000, PMPI_Reduce
State, "rank-103", MPI_STATE, 0.000979, 0.001166, 0.000187, 0.000000, PMPI_Barrier
State, "rank-103", MPI_STATE, 0.001166, 0.001166, 0.000000, 0.000000, PMPI_Finalize
Container, 0, MPI, 0, 0.001166, 0.001166, "rank-102"
State, "rank-102", MPI_STATE, 0.000000, 0.000000, 0.000000, 0.000000, PMPI_Init
State, "rank-102", MPI_STATE, 0.000000, 0.000007, 0.000007, 0.000000, PMPI_Barrier
State, "rank-102", MPI_STATE, 0.000007, 0.000979, 0.000972, 0.000000, PMPI_Recv
State, "rank-102", MPI_STATE, 0.000979, 0.000979, 0.000000, 0.000000, PMPI_Reduce
State, "rank-102", MPI_STATE, 0.000979, 0.000979, 0.000000, 0.000000, PMPI_Reduce
State, "rank-102", MPI_STATE, 0.000979, 0.001166, 0.000187, 0.000000, PMPI_Barrier
State, "rank-102", MPI_STATE, 0.001166, 0.001166, 0.000000, 0.000000, PMPI_Finalize
Container, 0, MPI, 0, 0.001166, 0.001166, "rank-101"
State, "rank-101", MPI_STATE, 0.000000, 0.000000, 0.000000, 0.000000, PMPI_Init
State, "rank-101", MPI_STATE, 0.000000, 0.000007, 0.000007, 0.000000, PMPI_Barrier
State, "rank-101", MPI_STATE, 0.000007, 0.000983, 0.000976, 0.000000, PMPI_Recv
State, "rank-101", MPI_STATE, 0.000983, 0.000983, 0.000000, 0.000000, PMPI_Reduce
State, "rank-101", MPI_STATE, 0.000983, 0.000983, 0.000000, 0.000000, PMPI_Reduce
State, "rank-101", MPI_STATE, 0.000983, 0.001166, 0.000183, 0.000000, PMPI_Barrier
State, "rank-101", MPI_STATE, 0.001166, 0.001166, 0.000000, 0.000000, PMPI_Finalize
Container, 0, MPI, 0, 0.001166, 0.001166, "rank-100"
State, "rank-100", MPI_STATE, 0.000000, 0.000000, 0.000000, 0.000000, PMPI_Init
State, "rank-100", MPI_STATE, 0.000000, 0.000006, 0.000006, 0.000000, PMPI_Barrier
State, "rank-100", MPI_STATE, 0.000006, 0.000983, 0.000977, 0.000000, PMPI_Recv
State, "rank-100", MPI_STATE, 0.000983, 0.000983, 0.000000, 0.000000, PMPI_Reduce
State, "rank-100", MPI_STATE, 0.000983, 0.000983, 0.000000, 0.000000, PMPI_Reduce
State, "rank-100", MPI_STATE, 0.000983, 0.001166, 0.000183, 0.000000, PMPI_Barrier
State, "rank-100", MPI_STATE, 0.001166, 0.001166, 0.000000, 0.000000, PMPI_Finalize
Container, 0, MPI, 0, 0.001166, 0.001166, "rank-99"
State, "rank-99", MPI_STATE, 0.000000, 0.000000, 0.000000, 0.000000, PMPI_Init
State, "rank-99", MPI_STATE, 0.000000, 0.000006, 0.000006, 0.000000, PMPI_Barrier
State, "rank-99", MPI_STATE, 0.000006, 0.000983, 0.000977, 0.000000, PMPI_Recv
State, "rank-99", MPI_STATE, 0.000983, 0.000983, 0.000000, 0.000000, PMPI_Reduce
State, "rank-99", MPI_STATE, 0.000983, 0.000983, 0.000000, 0.000000, PMPI_Reduce
State, "rank-99", MPI_STATE, 0.000983, 0.001166, 0.000183, 0.000000, PMPI_Barrier
State, "rank-99", MPI_STATE, 0.001166, 0.001166, 0.000000, 0.000000, PMPI_Finalize
Container, 0, MPI, 0, 0.001166, 0.001166, "rank-9"
State, "rank-9", MPI_STATE, 0.000000, 0.000000, 0.000000, 0.000000, PMPI_Init
State, "rank-9", MPI_STATE, 0.000000, 0.000006, 0.000006, 0.000000, PMPI_Barrier
State, "rank-9", MPI_STATE, 0.000006, 0.000983, 0.000977, 0.000000, PMPI_Recv
State, "rank-9", MPI_STATE, 0.000983, 0.000983, 0.000000, 0.000000, PMPI_Reduce
State, "rank-9", MPI_STATE, 0.000983, 0.000983, 0.000000, 0.000000, PMPI_Reduce
State, "rank-9", MPI_STATE, 0.000983, 0.001166, 0.000183, 0.000000, PMPI_Barrier
State, "rank-9", MPI_STATE, 0.001166, 0.001166, 0.000000, 0.000000, PMPI_Finalize
Container, 0, MPI, 0, 0.001164, 0.001164, "rank-0"
State, "rank-0", MPI_STATE, 0.000000, 0.000000, 0.000000, 0.000000, PMPI_Init
State, "rank-0", MPI_STATE, 0.000000, 0.000004, 0.000004, 0.000000, PMPI_Barrier
State, "rank-0", MPI_STATE, 0.000004, 0.000113, 0.000109, 0.000000, PMPI_Send
State, "rank-0", MPI_STATE, 0.000113, 0.000215, 0.000102, 0.000000, PMPI_Send
State, "rank-0", MPI_STATE, 0.000215, 0.000314, 0.000099, 0.000000, PMPI_Send
State, "rank-0", MPI_STATE, 0.000314, 0.000411, 0.000097, 0.000000, PMPI_Send
State, "rank-0", MPI_STATE, 0.000411, 0.000529, 0.000118, 0.000000, PMPI_Send
State, "rank-0", MPI_STATE, 0.000529, 0.000624, 0.000095, 0.000000, PMPI_Send
State, "rank-0", MPI_STATE, 0.000624, 0.000757, 0.000133, 0.000000, PMPI_Send
State, "rank-0", MPI_STATE, 0.000757, 0.001155, 0.000398, 0.000000, PMPI_Reduce
State, "rank-0", MPI_STATE, 0.001155, 0.001159, 0.000004, 0.000000, PMPI_Reduce
State, "rank-0", MPI_STATE, 0.001159, 0.001164, 0.000005, 0.000000, PMPI_Barrier
State, "rank-0", MPI_STATE, 0.001164, 0.001164, 0.000000, 0.000000, PMPI_Finalize
