State,rank-98,MPI_STATE,0.000000,0.000000,0.000000,0.000000,PMPI_Init
State,rank-98,MPI_STATE,0.000000,0.000006,0.000006,0.000000,PMPI_Barrier
State,rank-98,MPI_STATE,0.000006,0.000095,0.000089,0.000000,PMPI_Scatter
State,rank-98,MPI_STATE,0.000095,0.000102,0.000007,0.000000,PMPI_Sendrecv
State,rank-98,MPI_STATE,0.000102,0.000111,0.000009,0.000000,PMPI_Sendrecv
State,rank-98,MPI_STATE,0.000111,0.000163,0.000052,0.000000,PMPI_Sendrecv
State,rank-98,MPI_STATE,0.000163,0.000294,0.000131,0.000000,PMPI_Sendrecv
State,rank-98,MPI_STATE,0.000294,0.000320,0.000026,0.000000,PMPI_Sendrecv
State,rank-98,MPI_STATE,0.000320,0.000416,0.000096,0.000000,PMPI_Sendrecv
State,rank-98,MPI_STATE,0.000416,0.000795,0.000379,0.000000,PMPI_Sendrecv
State,rank-98,MPI_STATE,0.000795,0.000795,0.000000,0.000000,PMPI_Reduce
State,rank-98,MPI_STATE,0.000795,0.000795,0.000000,0.000000,PMPI_Reduce
State,rank-98,MPI_STATE,0.000795,0.000810,0.000015,0.000000,PMPI_Barrier
State,rank-98,MPI_STATE,0.000810,0.000810,0.000000,0.000000,PMPI_Finalize
State,rank-97,MPI_STATE,0.000000,0.000000,0.000000,0.000000,PMPI_Init
State,rank-97,MPI_STATE,0.000000,0.000006,0.000006,0.000000,PMPI_Barrier
State,rank-97,MPI_STATE,0.000006,0.000069,0.000063,0.000000,PMPI_Scatter
State,rank-97,MPI_STATE,0.000069,0.000072,0.000003,0.000000,PMPI_Sendrecv
State,rank-97,MPI_STATE,0.000072,0.000111,0.000039,0.000000,PMPI_Sendrecv
State,rank-97,MPI_STATE,0.000111,0.000163,0.000052,0.000000,PMPI_Sendrecv
State,rank-97,MPI_STATE,0.000163,0.000294,0.000131,0.000000,PMPI_Sendrecv
State,rank-97,MPI_STATE,0.000294,0.000320,0.000026,0.000000,PMPI_Sendrecv
State,rank-97,MPI_STATE,0.000320,0.000416,0.000096,0.000000,PMPI_Sendrecv
State,rank-97,MPI_STATE,0.000416,0.000795,0.000379,0.000000,PMPI_Sendrecv
State,rank-97,MPI_STATE,0.000795,0.000795,0.000000,0.000000,PMPI_Reduce
State,rank-97,MPI_STATE,0.000795,0.000795,0.000000,0.000000,PMPI_Reduce
State,rank-97,MPI_STATE,0.000795,0.000810,0.000015,0.000000,PMPI_Barrier
State,rank-97,MPI_STATE,0.000810,0.000810,0.000000,0.000000,PMPI_Finalize
State,rank-96,MPI_STATE,0.000000,0.000000,0.000000,0.000000,PMPI_Init
State,rank-96,MPI_STATE,0.000000,0.000006,0.000006,0.000000,PMPI_Barrier
State,rank-96,MPI_STATE,0.000006,0.000012,0.000006,0.000000,PMPI_Scatter
State,rank-96,MPI_STATE,0.000012,0.000072,0.000060,0.000000,PMPI_Sendrecv
State,rank-96,MPI_STATE,0.000072,0.000111,0.000039,0.000000,PMPI_Sendrecv
State,rank-96,MPI_STATE,0.000111,0.000163,0.000052,0.000000,PMPI_Sendrecv
State,rank-96,MPI_STATE,0.000163,0.000294,0.000131,0.000000,PMPI_Sendrecv
State,rank-96,MPI_STATE,0.000294,0.000320,0.000026,0.000000,PMPI_Sendrecv
State,rank-96,MPI_STATE,0.000320,0.000416,0.000096,0.000000,PMPI_Sendrecv
State,rank-96,MPI_STATE,0.000416,0.000795,0.000379,0.000000,PMPI_Sendrecv
State,rank-96,MPI_STATE,0.000795,0.000795,0.000000,0.000000,PMPI_Reduce
State,rank-96,MPI_STATE,0.000795,0.000795,0.000000,0.000000,PMPI_Reduce
State,rank-96,MPI_STATE,0.000795,0.000810,0.000015,0.000000,PMPI_Barrier
State,rank-96,MPI_STATE,0.000810,0.000810,0.000000,0.000000,PMPI_Finalize
State,rank-95,MPI_STATE,0.000000,0.000000,0.000000,0.000000,PMPI_Init
State,rank-95,MPI_STATE,0.000000,0.000009,0.000009,0.000000,PMPI_Barrier
State,rank-95,MPI_STATE,0.000009,0.000150,0.000141,0.000000,PMPI_Scatter
State,rank-95,MPI_STATE,0.000150,0.000152,0.000002,0.000000,PMPI_Sendrecv
State,rank-95,MPI_STATE,0.000152,0.000160,0.000008,0.000000,PMPI_Sendrecv
State,rank-95,MPI_STATE,0.000160,0.000188,0.000028,0.000000,PMPI_Sendrecv
State,rank-95,MPI_STATE,0.000188,0.000291,0.000103,0.000000,PMPI_Sendrecv
State,rank-95,MPI_STATE,0.000291,0.000316,0.000025,0.000000,PMPI_Sendrecv
State,rank-95,MPI_STATE,0.000316,0.000416,0.000100,0.000000,PMPI_Sendrecv
State,rank-95,MPI_STATE,0.000416,0.000795,0.000379,0.000000,PMPI_Sendrecv
State,rank-95,MPI_STATE,0.000795,0.000795,0.000000,0.000000,PMPI_Reduce
State,rank-95,MPI_STATE,0.000795,0.000795,0.000000,0.000000,PMPI_Reduce
State,rank-95,MPI_STATE,0.000795,0.000813,0.000018,0.000000,PMPI_Barrier
State,rank-95,MPI_STATE,0.000813,0.000813,0.000000,0.000000,PMPI_Finalize
State,rank-94,MPI_STATE,0.000000,0.000000,0.000000,0.000000,PMPI_Init
State,rank-94,MPI_STATE,0.000000,0.000008,0.000008,0.000000,PMPI_Barrier
State,rank-94,MPI_STATE,0.000008,0.000147,0.000139,0.000000,PMPI_Scatter
State,rank-94,MPI_STATE,0.000147,0.000152,0.000005,0.000000,PMPI_Sendrecv
State,rank-94,MPI_STATE,0.000152,0.000160,0.000008,0.000000,PMPI_Sendrecv
State,rank-94,MPI_STATE,0.000160,0.000188,0.000028,0.000000,PMPI_Sendrecv
State,rank-94,MPI_STATE,0.000188,0.000291,0.000103,0.000000,PMPI_Sendrecv
State,rank-94,MPI_STATE,0.000291,0.000316,0.000025,0.000000,PMPI_Sendrecv
State,rank-94,MPI_STATE,0.000316,0.000416,0.000100,0.000000,PMPI_Sendrecv
State,rank-94,MPI_STATE,0.000416,0.000795,0.000379,0.000000,PMPI_Sendrecv
State,rank-94,MPI_STATE,0.000795,0.000795,0.000000,0.000000,PMPI_Reduce
State,rank-94,MPI_STATE,0.000795,0.000795,0.000000,0.000000,PMPI_Reduce
State,rank-94,MPI_STATE,0.000795,0.000812,0.000017,0.000000,PMPI_Barrier
State,rank-94,MPI_STATE,0.000812,0.000812,0.000000,0.000000,PMPI_Finalize
State,rank-93,MPI_STATE,0.000000,0.000000,0.000000,0.000000,PMPI_Init
State,rank-93,MPI_STATE,0.000000,0.000008,0.000008,0.000000,PMPI_Barrier
State,rank-93,MPI_STATE,0.000008,0.000145,0.000137,0.000000,PMPI_Scatter
State,rank-93,MPI_STATE,0.000145,0.000147,0.000002,0.000000,PMPI_Sendrecv
State,rank-93,MPI_STATE,0.000147,0.000160,0.000013,0.000000,PMPI_Sendrecv
State,rank-93,MPI_STATE,0.000160,0.000188,0.000028,0.000000,PMPI_Sendrecv
State,rank-93,MPI_STATE,0.000188,0.000291,0.000103,0.000000,PMPI_Sendrecv
State,rank-93,MPI_STATE,0.000291,0.000316,0.000025,0.000000,PMPI_Sendrecv
State,rank-93,MPI_STATE,0.000316,0.000416,0.000100,0.000000,PMPI_Sendrecv
State,rank-93,MPI_STATE,0.000416,0.000795,0.000379,0.000000,PMPI_Sendrecv
State,rank-93,MPI_STATE,0.000795,0.000795,0.000000,0.000000,PMPI_Reduce
State,rank-93,MPI_STATE,0.000795,0.000795,0.000000,0.000000,PMPI_Reduce
State,rank-93,MPI_STATE,0.000795,0.000812,0.000017,0.000000,PMPI_Barrier
State,rank-93,MPI_STATE,0.000812,0.000812,0.000000,0.000000,PMPI_Finalize
State,rank-92,MPI_STATE,0.000000,0.000000,0.000000,0.000000,PMPI_Init
State,rank-92,MPI_STATE,0.000000,0.000008,0.000008,0.000000,PMPI_Barrier
State,rank-92,MPI_STATE,0.000008,0.000142,0.000134,0.000000,PMPI_Scatter
State,rank-92,MPI_STATE,0.000142,0.000147,0.000005,0.000000,PMPI_Sendrecv
State,rank-92,MPI_STATE,0.000147,0.000160,0.000013,0.000000,PMPI_Sendrecv
State,rank-92,MPI_STATE,0.000160,0.000188,0.000028,0.000000,PMPI_Sendrecv
State,rank-92,MPI_STATE,0.000188,0.000291,0.000103,0.000000,PMPI_Sendrecv
State,rank-92,MPI_STATE,0.000291,0.000316,0.000025,0.000000,PMPI_Sendrecv
State,rank-92,MPI_STATE,0.000316,0.000416,0.000100,0.000000,PMPI_Sendrecv
State,rank-92,MPI_STATE,0.000416,0.000795,0.000379,0.000000,PMPI_Sendrecv
State,rank-92,MPI_STATE,0.000795,0.000795,0.000000,0.000000,PMPI_Reduce
State,rank-92,MPI_STATE,0.000795,0.000795,0.000000,0.000000,PMPI_Reduce
State,rank-92,MPI_STATE,0.000795,0.000812,0.000017,0.000000,PMPI_Barrier
State,rank-92,MPI_STATE,0.000812,0.000812,0.000000,0.000000,PMPI_Finalize
State,rank-91,MPI_STATE,0.000000,0.000000,0.000000,0.000000,PMPI_Init
State,rank-91,MPI_STATE,0.000000,0.000008,0.000008,0.000000,PMPI_Barrier
State,rank-91,MPI_STATE,0.000008,0.000139,0.000131,0.000000,PMPI_Scatter
State,rank-91,MPI_STATE,0.000139,0.000141,0.000002,0.000000,PMPI_Sendrecv
State,rank-91,MPI_STATE,0.000141,0.000149,0.000008,0.000000,PMPI_Sendrecv
State,rank-91,MPI_STATE,0.000149,0.000188,0.000039,0.000000,PMPI_Sendrecv
State,rank-91,MPI_STATE,0.000188,0.000291,0.000103,0.000000,PMPI_Sendrecv
State,rank-91,MPI_STATE,0.000291,0.000316,0.000025,0.000000,PMPI_Sendrecv
State,rank-91,MPI_STATE,0.000316,0.000416,0.000100,0.000000,PMPI_Sendrecv
State,rank-91,MPI_STATE,0.000416,0.000795,0.000379,0.000000,PMPI_Sendrecv
State,rank-91,MPI_STATE,0.000795,0.000795,0.000000,0.000000,PMPI_Reduce
State,rank-91,MPI_STATE,0.000795,0.000795,0.000000,0.000000,PMPI_Reduce
State,rank-91,MPI_STATE,0.000795,0.000812,0.000017,0.000000,PMPI_Barrier
State,rank-91,MPI_STATE,0.000812,0.000812,0.000000,0.000000,PMPI_Finalize
State,rank-90,MPI_STATE,0.000000,0.000000,0.000000,0.000000,PMPI_Init
State,rank-90,MPI_STATE,0.000000,0.000007,0.000007,0.000000,PMPI_Barrier
State,rank-90,MPI_STATE,0.000008,0.000133,0.000125,0.000000,PMPI_Scatter
State,rank-90,MPI_STATE,0.000133,0.000141,0.000008,0.000000,PMPI_Sendrecv
State,rank-90,MPI_STATE,0.000141,0.000149,0.000008,0.000000,PMPI_Sendrecv
State,rank-90,MPI_STATE,0.000149,0.000188,0.000039,0.000000,PMPI_Sendrecv
State,rank-90,MPI_STATE,0.000188,0.000291,0.000103,0.000000,PMPI_Sendrecv
State,rank-90,MPI_STATE,0.000291,0.000316,0.000025,0.000000,PMPI_Sendrecv
State,rank-90,MPI_STATE,0.000316,0.000416,0.000100,0.000000,PMPI_Sendrecv
State,rank-90,MPI_STATE,0.000416,0.000795,0.000379,0.000000,PMPI_Sendrecv
State,rank-90,MPI_STATE,0.000795,0.000795,0.000000,0.000000,PMPI_Reduce
State,rank-90,MPI_STATE,0.000795,0.000795,0.000000,0.000000,PMPI_Reduce
State,rank-90,MPI_STATE,0.000795,0.000812,0.000017,0.000000,PMPI_Barrier
State,rank-90,MPI_STATE,0.000812,0.000812,0.000000,0.000000,PMPI_Finalize
State,rank-89,MPI_STATE,0.000000,0.000000,0.000000,0.000000,PMPI_Init
State,rank-89,MPI_STATE,0.000000,0.000007,0.000007,0.000000,PMPI_Barrier
State,rank-89,MPI_STATE,0.000007,0.000129,0.000122,0.000000,PMPI_Scatter
State,rank-89,MPI_STATE,0.000129,0.000131,0.000002,0.000000,PMPI_Sendrecv
State,rank-89,MPI_STATE,0.000131,0.000149,0.000018,0.000000,PMPI_Sendrecv
State,rank-89,MPI_STATE,0.000149,0.000188,0.000039,0.000000,PMPI_Sendrecv
State,rank-89,MPI_STATE,0.000188,0.000291,0.000103,0.000000,PMPI_Sendrecv
State,rank-89,MPI_STATE,0.000291,0.000316,0.000025,0.000000,PMPI_Sendrecv
State,rank-89,MPI_STATE,0.000316,0.000416,0.000100,0.000000,PMPI_Sendrecv
State,rank-89,MPI_STATE,0.000416,0.000795,0.000379,0.000000,PMPI_Sendrecv
State,rank-89,MPI_STATE,0.000795,0.000795,0.000000,0.000000,PMPI_Reduce
State,rank-89,MPI_STATE,0.000795,0.000795,0.000000,0.000000,PMPI_Reduce
State,rank-89,MPI_STATE,0.000795,0.000811,0.000016,0.000000,PMPI_Barrier
State,rank-89,MPI_STATE,0.000811,0.000811,0.000000,0.000000,PMPI_Finalize
State,rank-8,MPI_STATE,0.000000,0.000000,0.000000,0.000000,PMPI_Init
State,rank-8,MPI_STATE,0.000000,0.000006,0.000006,0.000000,PMPI_Barrier
State,rank-8,MPI_STATE,0.000006,0.000095,0.000089,0.000000,PMPI_Scatter
State,rank-8,MPI_STATE,0.000095,0.000107,0.000012,0.000000,PMPI_Sendrecv
State,rank-8,MPI_STATE,0.000107,0.000135,0.000028,0.000000,PMPI_Sendrecv
State,rank-8,MPI_STATE,0.000135,0.000175,0.000040,0.000000,PMPI_Sendrecv
State,rank-8,MPI_STATE,0.000175,0.000278,0.000103,0.000000,PMPI_Sendrecv
State,rank-8,MPI_STATE,0.000278,0.000305,0.000027,0.000000,PMPI_Sendrecv
State,rank-8,MPI_STATE,0.000305,0.000407,0.000102,0.000000,PMPI_Sendrecv
State,rank-8,MPI_STATE,0.000407,0.000795,0.000388,0.000000,PMPI_Sendrecv
State,rank-8,MPI_STATE,0.000795,0.000795,0.000000,0.000000,PMPI_Reduce
State,rank-8,MPI_STATE,0.000795,0.000795,0.000000,0.000000,PMPI_Reduce
State,rank-8,MPI_STATE,0.000795,0.000810,0.000015,0.000000,PMPI_Barrier
State,rank-8,MPI_STATE,0.000810,0.000810,0.000000,0.000000,PMPI_Finalize
State,rank-88,MPI_STATE,0.000000,0.000000,0.000000,0.000000,PMPI_Init
State,rank-88,MPI_STATE,0.000000,0.000007,0.000007,0.000000,PMPI_Barrier
State,rank-88,MPI_STATE,0.000007,0.000124,0.000117,0.000000,PMPI_Scatter
State,rank-88,MPI_STATE,0.000124,0.000131,0.000007,0.000000,PMPI_Sendrecv
State,rank-88,MPI_STATE,0.000131,0.000149,0.000018,0.000000,PMPI_Sendrecv
State,rank-88,MPI_STATE,0.000149,0.000188,0.000039,0.000000,PMPI_Sendrecv
State,rank-88,MPI_STATE,0.000188,0.000291,0.000103,0.000000,PMPI_Sendrecv
State,rank-88,MPI_STATE,0.000291,0.000316,0.000025,0.000000,PMPI_Sendrecv
State,rank-88,MPI_STATE,0.000316,0.000416,0.000100,0.000000,PMPI_Sendrecv
State,rank-88,MPI_STATE,0.000416,0.000795,0.000379,0.000000,PMPI_Sendrecv
State,rank-88,MPI_STATE,0.000795,0.000795,0.000000,0.000000,PMPI_Reduce
State,rank-88,MPI_STATE,0.000795,0.000795,0.000000,0.000000,PMPI_Reduce
State,rank-88,MPI_STATE,0.000795,0.000811,0.000016,0.000000,PMPI_Barrier
State,rank-88,MPI_STATE,0.000811,0.000811,0.000000,0.000000,PMPI_Finalize
State,rank-87,MPI_STATE,0.000000,0.000000,0.000000,0.000000,PMPI_Init
State,rank-87,MPI_STATE,0.000000,0.000007,0.000007,0.000000,PMPI_Barrier
State,rank-87,MPI_STATE,0.000007,0.000120,0.000113,0.000000,PMPI_Scatter
State,rank-87,MPI_STATE,0.000120,0.000123,0.000003,0.000000,PMPI_Sendrecv
State,rank-87,MPI_STATE,0.000123,0.000131,0.000008,0.000000,PMPI_Sendrecv
State,rank-87,MPI_STATE,0.000131,0.000159,0.000028,0.000000,PMPI_Sendrecv
State,rank-87,MPI_STATE,0.000159,0.000291,0.000132,0.000000,PMPI_Sendrecv
State,rank-87,MPI_STATE,0.000291,0.000316,0.000025,0.000000,PMPI_Sendrecv
State,rank-87,MPI_STATE,0.000316,0.000416,0.000100,0.000000,PMPI_Sendrecv
State,rank-87,MPI_STATE,0.000416,0.000795,0.000379,0.000000,PMPI_Sendrecv
State,rank-87,MPI_STATE,0.000795,0.000795,0.000000,0.000000,PMPI_Reduce
State,rank-87,MPI_STATE,0.000795,0.000795,0.000000,0.000000,PMPI_Reduce
State,rank-87,MPI_STATE,0.000795,0.000811,0.000016,0.000000,PMPI_Barrier
State,rank-87,MPI_STATE,0.000811,0.000811,0.000000,0.000000,PMPI_Finalize
State,rank-86,MPI_STATE,0.000000,0.000000,0.000000,0.000000,PMPI_Init
State,rank-86,MPI_STATE,0.000000,0.000007,0.000007,0.000000,PMPI_Barrier
State,rank-86,MPI_STATE,0.000007,0.000117,0.000110,0.000000,PMPI_Scatter
State,rank-86,MPI_STATE,0.000117,0.000123,0.000006,0.000000,PMPI_Sendrecv
State,rank-86,MPI_STATE,0.000123,0.000131,0.000008,0.000000,PMPI_Sendrecv
State,rank-86,MPI_STATE,0.000131,0.000159,0.000028,0.000000,PMPI_Sendrecv
State,rank-86,MPI_STATE,0.000159,0.000291,0.000132,0.000000,PMPI_Sendrecv
State,rank-86,MPI_STATE,0.000291,0.000316,0.000025,0.000000,PMPI_Sendrecv
State,rank-86,MPI_STATE,0.000316,0.000416,0.000100,0.000000,PMPI_Sendrecv
State,rank-86,MPI_STATE,0.000416,0.000795,0.000379,0.000000,PMPI_Sendrecv
State,rank-86,MPI_STATE,0.000795,0.000795,0.000000,0.000000,PMPI_Reduce
State,rank-86,MPI_STATE,0.000795,0.000795,0.000000,0.000000,PMPI_Reduce
State,rank-86,MPI_STATE,0.000795,0.000811,0.000016,0.000000,PMPI_Barrier
State,rank-86,MPI_STATE,0.000811,0.000811,0.000000,0.000000,PMPI_Finalize
State,rank-85,MPI_STATE,0.000000,0.000000,0.000000,0.000000,PMPI_Init
State,rank-85,MPI_STATE,0.000000,0.000006,0.000006,0.000000,PMPI_Barrier
State,rank-85,MPI_STATE,0.000006,0.000102,0.000096,0.000000,PMPI_Scatter
State,rank-85,MPI_STATE,0.000102,0.000105,0.000003,0.000000,PMPI_Sendrecv
State,rank-85,MPI_STATE,0.000105,0.000131,0.000026,0.000000,PMPI_Sendrecv
State,rank-85,MPI_STATE,0.000131,0.000159,0.000028,0.000000,PMPI_Sendrecv
State,rank-85,MPI_STATE,0.000159,0.000291,0.000132,0.000000,PMPI_Sendrecv
State,rank-85,MPI_STATE,0.000291,0.000316,0.000025,0.000000,PMPI_Sendrecv
State,rank-85,MPI_STATE,0.000316,0.000416,0.000100,0.000000,PMPI_Sendrecv
State,rank-85,MPI_STATE,0.000416,0.000795,0.000379,0.000000,PMPI_Sendrecv
State,rank-85,MPI_STATE,0.000795,0.000795,0.000000,0.000000,PMPI_Reduce
State,rank-85,MPI_STATE,0.000795,0.000795,0.000000,0.000000,PMPI_Reduce
State,rank-85,MPI_STATE,0.000795,0.000811,0.000016,0.000000,PMPI_Barrier
State,rank-85,MPI_STATE,0.000811,0.000811,0.000000,0.000000,PMPI_Finalize
State,rank-84,MPI_STATE,0.000000,0.000000,0.000000,0.000000,PMPI_Init
State,rank-84,MPI_STATE,0.000000,0.000006,0.000006,0.000000,PMPI_Barrier
State,rank-84,MPI_STATE,0.000006,0.000100,0.000094,0.000000,PMPI_Scatter
State,rank-84,MPI_STATE,0.000100,0.000105,0.000005,0.000000,PMPI_Sendrecv
State,rank-84,MPI_STATE,0.000105,0.000131,0.000026,0.000000,PMPI_Sendrecv
State,rank-84,MPI_STATE,0.000131,0.000159,0.000028,0.000000,PMPI_Sendrecv
State,rank-84,MPI_STATE,0.000159,0.000291,0.000132,0.000000,PMPI_Sendrecv
State,rank-84,MPI_STATE,0.000291,0.000316,0.000025,0.000000,PMPI_Sendrecv
State,rank-84,MPI_STATE,0.000316,0.000416,0.000100,0.000000,PMPI_Sendrecv
State,rank-84,MPI_STATE,0.000416,0.000795,0.000379,0.000000,PMPI_Sendrecv
State,rank-84,MPI_STATE,0.000795,0.000795,0.000000,0.000000,PMPI_Reduce
State,rank-84,MPI_STATE,0.000795,0.000795,0.000000,0.000000,PMPI_Reduce
State,rank-84,MPI_STATE,0.000795,0.000810,0.000015,0.000000,PMPI_Barrier
State,rank-84,MPI_STATE,0.000810,0.000810,0.000000,0.000000,PMPI_Finalize
State,rank-83,MPI_STATE,0.000000,0.000000,0.000000,0.000000,PMPI_Init
State,rank-83,MPI_STATE,0.000000,0.000006,0.000006,0.000000,PMPI_Barrier
State,rank-83,MPI_STATE,0.000006,0.000095,0.000089,0.000000,PMPI_Scatter
State,rank-83,MPI_STATE,0.000095,0.000098,0.000003,0.000000,PMPI_Sendrecv
State,rank-83,MPI_STATE,0.000098,0.000106,0.000008,0.000000,PMPI_Sendrecv
State,rank-83,MPI_STATE,0.000106,0.000159,0.000053,0.000000,PMPI_Sendrecv
State,rank-83,MPI_STATE,0.000159,0.000291,0.000132,0.000000,PMPI_Sendrecv
State,rank-83,MPI_STATE,0.000291,0.000316,0.000025,0.000000,PMPI_Sendrecv
State,rank-83,MPI_STATE,0.000316,0.000416,0.000100,0.000000,PMPI_Sendrecv
State,rank-83,MPI_STATE,0.000416,0.000795,0.000379,0.000000,PMPI_Sendrecv
State,rank-83,MPI_STATE,0.000795,0.000795,0.000000,0.000000,PMPI_Reduce
State,rank-83,MPI_STATE,0.000795,0.000795,0.000000,0.000000,PMPI_Reduce
State,rank-83,MPI_STATE,0.000795,0.000810,0.000015,0.000000,PMPI_Barrier
State,rank-83,MPI_STATE,0.000810,0.000810,0.000000,0.000000,PMPI_Finalize
State,rank-82,MPI_STATE,0.000000,0.000000,0.000000,0.000000,PMPI_Init
State,rank-82,MPI_STATE,0.000000,0.000006,0.000006,0.000000,PMPI_Barrier
State,rank-82,MPI_STATE,0.000006,0.000087,0.000081,0.000000,PMPI_Scatter
State,rank-82,MPI_STATE,0.000087,0.000098,0.000011,0.000000,PMPI_Sendrecv
State,rank-82,MPI_STATE,0.000098,0.000106,0.000008,0.000000,PMPI_Sendrecv
State,rank-82,MPI_STATE,0.000106,0.000159,0.000053,0.000000,PMPI_Sendrecv
State,rank-82,MPI_STATE,0.000159,0.000291,0.000132,0.000000,PMPI_Sendrecv
State,rank-82,MPI_STATE,0.000291,0.000316,0.000025,0.000000,PMPI_Sendrecv
State,rank-82,MPI_STATE,0.000316,0.000416,0.000100,0.000000,PMPI_Sendrecv
State,rank-82,MPI_STATE,0.000416,0.000795,0.000379,0.000000,PMPI_Sendrecv
State,rank-82,MPI_STATE,0.000795,0.000795,0.000000,0.000000,PMPI_Reduce
State,rank-82,MPI_STATE,0.000795,0.000795,0.000000,0.000000,PMPI_Reduce
State,rank-82,MPI_STATE,0.000795,0.000810,0.000015,0.000000,PMPI_Barrier
State,rank-82,MPI_STATE,0.000810,0.000810,0.000000,0.000000,PMPI_Finalize
State,rank-81,MPI_STATE,0.000000,0.000000,0.000000,0.000000,PMPI_Init
State,rank-81,MPI_STATE,0.000000,0.000006,0.000006,0.000000,PMPI_Barrier
State,rank-81,MPI_STATE,0.000006,0.000066,0.000060,0.000000,PMPI_Scatter
State,rank-81,MPI_STATE,0.000066,0.000069,0.000003,0.000000,PMPI_Sendrecv
State,rank-81,MPI_STATE,0.000069,0.000106,0.000037,0.000000,PMPI_Sendrecv
State,rank-81,MPI_STATE,0.000106,0.000159,0.000053,0.000000,PMPI_Sendrecv
State,rank-81,MPI_STATE,0.000159,0.000291,0.000132,0.000000,PMPI_Sendrecv
State,rank-81,MPI_STATE,0.000291,0.000316,0.000025,0.000000,PMPI_Sendrecv
State,rank-81,MPI_STATE,0.000316,0.000416,0.000100,0.000000,PMPI_Sendrecv
State,rank-81,MPI_STATE,0.000416,0.000795,0.000379,0.000000,PMPI_Sendrecv
State,rank-81,MPI_STATE,0.000795,0.000795,0.000000,0.000000,PMPI_Reduce
State,rank-81,MPI_STATE,0.000795,0.000795,0.000000,0.000000,PMPI_Reduce
State,rank-81,MPI_STATE,0.000795,0.000810,0.000015,0.000000,PMPI_Barrier
State,rank-81,MPI_STATE,0.000810,0.000810,0.000000,0.000000,PMPI_Finalize
State,rank-80,MPI_STATE,0.000000,0.000000,0.000000,0.000000,PMPI_Init
State,rank-80,MPI_STATE,0.000000,0.000005,0.000005,0.000000,PMPI_Barrier
State,rank-80,MPI_STATE,0.000005,0.000011,0.000006,0.000000,PMPI_Scatter
State,rank-80,MPI_STATE,0.000011,0.000069,0.000058,0.000000,PMPI_Sendrecv
State,rank-80,MPI_STATE,0.000069,0.000106,0.000037,0.000000,PMPI_Sendrecv
State,rank-80,MPI_STATE,0.000106,0.000159,0.000053,0.000000,PMPI_Sendrecv
State,rank-80,MPI_STATE,0.000159,0.000291,0.000132,0.000000,PMPI_Sendrecv
State,rank-80,MPI_STATE,0.000291,0.000316,0.000025,0.000000,PMPI_Sendrecv
State,rank-80,MPI_STATE,0.000316,0.000416,0.000100,0.000000,PMPI_Sendrecv
State,rank-80,MPI_STATE,0.000416,0.000795,0.000379,0.000000,PMPI_Sendrecv
State,rank-80,MPI_STATE,0.000795,0.000795,0.000000,0.000000,PMPI_Reduce
State,rank-80,MPI_STATE,0.000795,0.000795,0.000000,0.000000,PMPI_Reduce
State,rank-80,MPI_STATE,0.000795,0.000810,0.000015,0.000000,PMPI_Barrier
State,rank-80,MPI_STATE,0.000810,0.000810,0.000000,0.000000,PMPI_Finalize
State,rank-79,MPI_STATE,0.000000,0.000000,0.000000,0.000000,PMPI_Init
State,rank-79,MPI_STATE,0.000000,0.000008,0.000008,0.000000,PMPI_Barrier
State,rank-79,MPI_STATE,0.000008,0.000147,0.000139,0.000000,PMPI_Scatter
State,rank-79,MPI_STATE,0.000147,0.000150,0.000003,0.000000,PMPI_Sendrecv
State,rank-79,MPI_STATE,0.000150,0.000158,0.000008,0.000000,PMPI_Sendrecv
State,rank-79,MPI_STATE,0.000158,0.000186,0.000028,0.000000,PMPI_Sendrecv
State,rank-79,MPI_STATE,0.000186,0.000289,0.000103,0.000000,PMPI_Sendrecv
State,rank-79,MPI_STATE,0.000289,0.000316,0.000027,0.000000,PMPI_Sendrecv
State,rank-79,MPI_STATE,0.000316,0.000416,0.000100,0.000000,PMPI_Sendrecv
State,rank-79,MPI_STATE,0.000416,0.000795,0.000379,0.000000,PMPI_Sendrecv
State,rank-79,MPI_STATE,0.000795,0.000795,0.000000,0.000000,PMPI_Reduce
State,rank-79,MPI_STATE,0.000795,0.000795,0.000000,0.000000,PMPI_Reduce
State,rank-79,MPI_STATE,0.000795,0.000812,0.000017,0.000000,PMPI_Barrier
State,rank-79,MPI_STATE,0.000812,0.000812,0.000000,0.000000,PMPI_Finalize
State,rank-7,MPI_STATE,0.000000,0.000000,0.000000,0.000000,PMPI_Init
State,rank-7,MPI_STATE,0.000000,0.000006,0.000006,0.000000,PMPI_Barrier
State,rank-7,MPI_STATE,0.000006,0.000088,0.000082,0.000000,PMPI_Scatter
State,rank-7,MPI_STATE,0.000088,0.000095,0.000007,0.000000,PMPI_Sendrecv
State,rank-7,MPI_STATE,0.000095,0.000117,0.000022,0.000000,PMPI_Sendrecv
State,rank-7,MPI_STATE,0.000117,0.000157,0.000040,0.000000,PMPI_Sendrecv
State,rank-7,MPI_STATE,0.000157,0.000278,0.000121,0.000000,PMPI_Sendrecv
State,rank-7,MPI_STATE,0.000278,0.000305,0.000027,0.000000,PMPI_Sendrecv
State,rank-7,MPI_STATE,0.000305,0.000407,0.000102,0.000000,PMPI_Sendrecv
State,rank-7,MPI_STATE,0.000407,0.000795,0.000388,0.000000,PMPI_Sendrecv
State,rank-7,MPI_STATE,0.000795,0.000795,0.000000,0.000000,PMPI_Reduce
State,rank-7,MPI_STATE,0.000795,0.000795,0.000000,0.000000,PMPI_Reduce
State,rank-7,MPI_STATE,0.000795,0.000810,0.000015,0.000000,PMPI_Barrier
State,rank-7,MPI_STATE,0.000810,0.000810,0.000000,0.000000,PMPI_Finalize
State,rank-78,MPI_STATE,0.000000,0.000000,0.000000,0.000000,PMPI_Init
State,rank-78,MPI_STATE,0.000000,0.000008,0.000008,0.000000,PMPI_Barrier
State,rank-78,MPI_STATE,0.000008,0.000145,0.000137,0.000000,PMPI_Scatter
State,rank-78,MPI_STATE,0.000145,0.000150,0.000005,0.000000,PMPI_Sendrecv
State,rank-78,MPI_STATE,0.000150,0.000158,0.000008,0.000000,PMPI_Sendrecv
State,rank-78,MPI_STATE,0.000158,0.000186,0.000028,0.000000,PMPI_Sendrecv
State,rank-78,MPI_STATE,0.000186,0.000289,0.000103,0.000000,PMPI_Sendrecv
State,rank-78,MPI_STATE,0.000289,0.000316,0.000027,0.000000,PMPI_Sendrecv
State,rank-78,MPI_STATE,0.000316,0.000416,0.000100,0.000000,PMPI_Sendrecv
State,rank-78,MPI_STATE,0.000416,0.000795,0.000379,0.000000,PMPI_Sendrecv
State,rank-78,MPI_STATE,0.000795,0.000795,0.000000,0.000000,PMPI_Reduce
State,rank-78,MPI_STATE,0.000795,0.000795,0.000000,0.000000,PMPI_Reduce
State,rank-78,MPI_STATE,0.000795,0.000812,0.000017,0.000000,PMPI_Barrier
State,rank-78,MPI_STATE,0.000812,0.000812,0.000000,0.000000,PMPI_Finalize
State,rank-77,MPI_STATE,0.000000,0.000000,0.000000,0.000000,PMPI_Init
State,rank-77,MPI_STATE,0.000000,0.000008,0.000008,0.000000,PMPI_Barrier
State,rank-77,MPI_STATE,0.000008,0.000142,0.000134,0.000000,PMPI_Scatter
State,rank-77,MPI_STATE,0.000142,0.000144,0.000002,0.000000,PMPI_Sendrecv
State,rank-77,MPI_STATE,0.000144,0.000158,0.000014,0.000000,PMPI_Sendrecv
State,rank-77,MPI_STATE,0.000158,0.000186,0.000028,0.000000,PMPI_Sendrecv
State,rank-77,MPI_STATE,0.000186,0.000289,0.000103,0.000000,PMPI_Sendrecv
State,rank-77,MPI_STATE,0.000289,0.000316,0.000027,0.000000,PMPI_Sendrecv
State,rank-77,MPI_STATE,0.000316,0.000416,0.000100,0.000000,PMPI_Sendrecv
State,rank-77,MPI_STATE,0.000416,0.000795,0.000379,0.000000,PMPI_Sendrecv
State,rank-77,MPI_STATE,0.000795,0.000795,0.000000,0.000000,PMPI_Reduce
State,rank-77,MPI_STATE,0.000795,0.000795,0.000000,0.000000,PMPI_Reduce
State,rank-77,MPI_STATE,0.000795,0.000812,0.000017,0.000000,PMPI_Barrier
State,rank-77,MPI_STATE,0.000812,0.000812,0.000000,0.000000,PMPI_Finalize
State,rank-76,MPI_STATE,0.000000,0.000000,0.000000,0.000000,PMPI_Init
State,rank-76,MPI_STATE,0.000000,0.000008,0.000008,0.000000,PMPI_Barrier
State,rank-76,MPI_STATE,0.000008,0.000139,0.000131,0.000000,PMPI_Scatter
State,rank-76,MPI_STATE,0.000139,0.000144,0.000005,0.000000,PMPI_Sendrecv
State,rank-76,MPI_STATE,0.000144,0.000158,0.000014,0.000000,PMPI_Sendrecv
State,rank-76,MPI_STATE,0.000158,0.000186,0.000028,0.000000,PMPI_Sendrecv
State,rank-76,MPI_STATE,0.000186,0.000289,0.000103,0.000000,PMPI_Sendrecv
State,rank-76,MPI_STATE,0.000289,0.000316,0.000027,0.000000,PMPI_Sendrecv
State,rank-76,MPI_STATE,0.000316,0.000416,0.000100,0.000000,PMPI_Sendrecv
State,rank-76,MPI_STATE,0.000416,0.000795,0.000379,0.000000,PMPI_Sendrecv
State,rank-76,MPI_STATE,0.000795,0.000795,0.000000,0.000000,PMPI_Reduce
State,rank-76,MPI_STATE,0.000795,0.000795,0.000000,0.000000,PMPI_Reduce
State,rank-76,MPI_STATE,0.000795,0.000812,0.000017,0.000000,PMPI_Barrier
State,rank-76,MPI_STATE,0.000812,0.000812,0.000000,0.000000,PMPI_Finalize
State,rank-75,MPI_STATE,0.000000,0.000000,0.000000,0.000000,PMPI_Init
State,rank-75,MPI_STATE,0.000000,0.000007,0.000007,0.000000,PMPI_Barrier
State,rank-75,MPI_STATE,0.000008,0.000135,0.000127,0.000000,PMPI_Scatter
State,rank-75,MPI_STATE,0.000135,0.000138,0.000003,0.000000,PMPI_Sendrecv
State,rank-75,MPI_STATE,0.000138,0.000146,0.000008,0.000000,PMPI_Sendrecv
State,rank-75,MPI_STATE,0.000146,0.000186,0.000040,0.000000,PMPI_Sendrecv
State,rank-75,MPI_STATE,0.000186,0.000289,0.000103,0.000000,PMPI_Sendrecv
State,rank-75,MPI_STATE,0.000289,0.000316,0.000027,0.000000,PMPI_Sendrecv
State,rank-75,MPI_STATE,0.000316,0.000416,0.000100,0.000000,PMPI_Sendrecv
State,rank-75,MPI_STATE,0.000416,0.000795,0.000379,0.000000,PMPI_Sendrecv
State,rank-75,MPI_STATE,0.000795,0.000795,0.000000,0.000000,PMPI_Reduce
State,rank-75,MPI_STATE,0.000795,0.000795,0.000000,0.000000,PMPI_Reduce
State,rank-75,MPI_STATE,0.000795,0.000812,0.000017,0.000000,PMPI_Barrier
State,rank-75,MPI_STATE,0.000812,0.000812,0.000000,0.000000,PMPI_Finalize
State,rank-74,MPI_STATE,0.000000,0.000000,0.000000,0.000000,PMPI_Init
State,rank-74,MPI_STATE,0.000000,0.000007,0.000007,0.000000,PMPI_Barrier
State,rank-74,MPI_STATE,0.000007,0.000129,0.000122,0.000000,PMPI_Scatter
State,rank-74,MPI_STATE,0.000129,0.000138,0.000009,0.000000,PMPI_Sendrecv
State,rank-74,MPI_STATE,0.000138,0.000146,0.000008,0.000000,PMPI_Sendrecv
State,rank-74,MPI_STATE,0.000146,0.000186,0.000040,0.000000,PMPI_Sendrecv
State,rank-74,MPI_STATE,0.000186,0.000289,0.000103,0.000000,PMPI_Sendrecv
State,rank-74,MPI_STATE,0.000289,0.000316,0.000027,0.000000,PMPI_Sendrecv
State,rank-74,MPI_STATE,0.000316,0.000416,0.000100,0.000000,PMPI_Sendrecv
State,rank-74,MPI_STATE,0.000416,0.000795,0.000379,0.000000,PMPI_Sendrecv
State,rank-74,MPI_STATE,0.000795,0.000795,0.000000,0.000000,PMPI_Reduce
State,rank-74,MPI_STATE,0.000795,0.000795,0.000000,0.000000,PMPI_Reduce
State,rank-74,MPI_STATE,0.000795,0.000811,0.000016,0.000000,PMPI_Barrier
State,rank-74,MPI_STATE,0.000811,0.000811,0.000000,0.000000,PMPI_Finalize
State,rank-73,MPI_STATE,0.000000,0.000000,0.000000,0.000000,PMPI_Init
State,rank-73,MPI_STATE,0.000000,0.000007,0.000007,0.000000,PMPI_Barrier
State,rank-73,MPI_STATE,0.000007,0.000124,0.000117,0.000000,PMPI_Scatter
State,rank-73,MPI_STATE,0.000124,0.000126,0.000002,0.000000,PMPI_Sendrecv
State,rank-73,MPI_STATE,0.000126,0.000146,0.000020,0.000000,PMPI_Sendrecv
State,rank-73,MPI_STATE,0.000146,0.000186,0.000040,0.000000,PMPI_Sendrecv
State,rank-73,MPI_STATE,0.000186,0.000289,0.000103,0.000000,PMPI_Sendrecv
State,rank-73,MPI_STATE,0.000289,0.000316,0.000027,0.000000,PMPI_Sendrecv
State,rank-73,MPI_STATE,0.000316,0.000416,0.000100,0.000000,PMPI_Sendrecv
State,rank-73,MPI_STATE,0.000416,0.000795,0.000379,0.000000,PMPI_Sendrecv
State,rank-73,MPI_STATE,0.000795,0.000795,0.000000,0.000000,PMPI_Reduce
State,rank-73,MPI_STATE,0.000795,0.000795,0.000000,0.000000,PMPI_Reduce
State,rank-73,MPI_STATE,0.000795,0.000811,0.000016,0.000000,PMPI_Barrier
State,rank-73,MPI_STATE,0.000811,0.000811,0.000000,0.000000,PMPI_Finalize
State,rank-72,MPI_STATE,0.000000,0.000000,0.000000,0.000000,PMPI_Init
State,rank-72,MPI_STATE,0.000000,0.000007,0.000007,0.000000,PMPI_Barrier
State,rank-72,MPI_STATE,0.000007,0.000120,0.000113,0.000000,PMPI_Scatter
State,rank-72,MPI_STATE,0.000120,0.000126,0.000006,0.000000,PMPI_Sendrecv
State,rank-72,MPI_STATE,0.000126,0.000146,0.000020,0.000000,PMPI_Sendrecv
State,rank-72,MPI_STATE,0.000146,0.000186,0.000040,0.000000,PMPI_Sendrecv
State,rank-72,MPI_STATE,0.000186,0.000289,0.000103,0.000000,PMPI_Sendrecv
State,rank-72,MPI_STATE,0.000289,0.000316,0.000027,0.000000,PMPI_Sendrecv
State,rank-72,MPI_STATE,0.000316,0.000416,0.000100,0.000000,PMPI_Sendrecv
State,rank-72,MPI_STATE,0.000416,0.000795,0.000379,0.000000,PMPI_Sendrecv
State,rank-72,MPI_STATE,0.000795,0.000795,0.000000,0.000000,PMPI_Reduce
State,rank-72,MPI_STATE,0.000795,0.000795,0.000000,0.000000,PMPI_Reduce
State,rank-72,MPI_STATE,0.000795,0.000811,0.000016,0.000000,PMPI_Barrier
State,rank-72,MPI_STATE,0.000811,0.000811,0.000000,0.000000,PMPI_Finalize
State,rank-71,MPI_STATE,0.000000,0.000000,0.000000,0.000000,PMPI_Init
State,rank-71,MPI_STATE,0.000000,0.000007,0.000007,0.000000,PMPI_Barrier
State,rank-71,MPI_STATE,0.000007,0.000117,0.000110,0.000000,PMPI_Scatter
State,rank-71,MPI_STATE,0.000117,0.000119,0.000002,0.000000,PMPI_Sendrecv
State,rank-71,MPI_STATE,0.000119,0.000127,0.000008,0.000000,PMPI_Sendrecv
State,rank-71,MPI_STATE,0.000127,0.000155,0.000028,0.000000,PMPI_Sendrecv
State,rank-71,MPI_STATE,0.000155,0.000289,0.000134,0.000000,PMPI_Sendrecv
State,rank-71,MPI_STATE,0.000289,0.000316,0.000027,0.000000,PMPI_Sendrecv
State,rank-71,MPI_STATE,0.000316,0.000416,0.000100,0.000000,PMPI_Sendrecv
State,rank-71,MPI_STATE,0.000416,0.000795,0.000379,0.000000,PMPI_Sendrecv
State,rank-71,MPI_STATE,0.000795,0.000795,0.000000,0.000000,PMPI_Reduce
State,rank-71,MPI_STATE,0.000795,0.000795,0.000000,0.000000,PMPI_Reduce
State,rank-71,MPI_STATE,0.000795,0.000811,0.000016,0.000000,PMPI_Barrier
State,rank-71,MPI_STATE,0.000811,0.000811,0.000000,0.000000,PMPI_Finalize
State,rank-70,MPI_STATE,0.000000,0.000000,0.000000,0.000000,PMPI_Init
State,rank-70,MPI_STATE,0.000000,0.000006,0.000006,0.000000,PMPI_Barrier
State,rank-70,MPI_STATE,0.000006,0.000110,0.000104,0.000000,PMPI_Scatter
State,rank-70,MPI_STATE,0.000110,0.000119,0.000009,0.000000,PMPI_Sendrecv
State,rank-70,MPI_STATE,0.000119,0.000127,0.000008,0.000000,PMPI_Sendrecv
State,rank-70,MPI_STATE,0.000127,0.000155,0.000028,0.000000,PMPI_Sendrecv
State,rank-70,MPI_STATE,0.000155,0.000289,0.000134,0.000000,PMPI_Sendrecv
State,rank-70,MPI_STATE,0.000289,0.000316,0.000027,0.000000,PMPI_Sendrecv
State,rank-70,MPI_STATE,0.000316,0.000416,0.000100,0.000000,PMPI_Sendrecv
State,rank-70,MPI_STATE,0.000416,0.000795,0.000379,0.000000,PMPI_Sendrecv
State,rank-70,MPI_STATE,0.000795,0.000795,0.000000,0.000000,PMPI_Reduce
State,rank-70,MPI_STATE,0.000795,0.000795,0.000000,0.000000,PMPI_Reduce
State,rank-70,MPI_STATE,0.000795,0.000811,0.000016,0.000000,PMPI_Barrier
State,rank-70,MPI_STATE,0.000811,0.000811,0.000000,0.000000,PMPI_Finalize
State,rank-69,MPI_STATE,0.000000,0.000000,0.000000,0.000000,PMPI_Init
State,rank-69,MPI_STATE,0.000000,0.000006,0.000006,0.000000,PMPI_Barrier
State,rank-69,MPI_STATE,0.000006,0.000100,0.000094,0.000000,PMPI_Scatter
State,rank-69,MPI_STATE,0.000100,0.000102,0.000002,0.000000,PMPI_Sendrecv
State,rank-69,MPI_STATE,0.000102,0.000127,0.000025,0.000000,PMPI_Sendrecv
State,rank-69,MPI_STATE,0.000127,0.000155,0.000028,0.000000,PMPI_Sendrecv
State,rank-69,MPI_STATE,0.000155,0.000289,0.000134,0.000000,PMPI_Sendrecv
State,rank-69,MPI_STATE,0.000289,0.000316,0.000027,0.000000,PMPI_Sendrecv
State,rank-69,MPI_STATE,0.000316,0.000416,0.000100,0.000000,PMPI_Sendrecv
State,rank-69,MPI_STATE,0.000416,0.000795,0.000379,0.000000,PMPI_Sendrecv
State,rank-69,MPI_STATE,0.000795,0.000795,0.000000,0.000000,PMPI_Reduce
State,rank-69,MPI_STATE,0.000795,0.000795,0.000000,0.000000,PMPI_Reduce
State,rank-69,MPI_STATE,0.000795,0.000810,0.000015,0.000000,PMPI_Barrier
State,rank-69,MPI_STATE,0.000810,0.000810,0.000000,0.000000,PMPI_Finalize
State,rank-6,MPI_STATE,0.000000,0.000000,0.000000,0.000000,PMPI_Init
State,rank-6,MPI_STATE,0.000000,0.000006,0.000006,0.000000,PMPI_Barrier
State,rank-6,MPI_STATE,0.000006,0.000078,0.000072,0.000000,PMPI_Scatter
State,rank-6,MPI_STATE,0.000078,0.000095,0.000017,0.000000,PMPI_Sendrecv
State,rank-6,MPI_STATE,0.000095,0.000117,0.000022,0.000000,PMPI_Sendrecv
State,rank-6,MPI_STATE,0.000117,0.000157,0.000040,0.000000,PMPI_Sendrecv
State,rank-6,MPI_STATE,0.000157,0.000278,0.000121,0.000000,PMPI_Sendrecv
State,rank-6,MPI_STATE,0.000278,0.000305,0.000027,0.000000,PMPI_Sendrecv
State,rank-6,MPI_STATE,0.000305,0.000407,0.000102,0.000000,PMPI_Sendrecv
State,rank-6,MPI_STATE,0.000407,0.000795,0.000388,0.000000,PMPI_Sendrecv
State,rank-6,MPI_STATE,0.000795,0.000795,0.000000,0.000000,PMPI_Reduce
State,rank-6,MPI_STATE,0.000795,0.000795,0.000000,0.000000,PMPI_Reduce
State,rank-6,MPI_STATE,0.000795,0.000810,0.000015,0.000000,PMPI_Barrier
State,rank-6,MPI_STATE,0.000810,0.000810,0.000000,0.000000,PMPI_Finalize
State,rank-68,MPI_STATE,0.000000,0.000000,0.000000,0.000000,PMPI_Init
State,rank-68,MPI_STATE,0.000000,0.000006,0.000006,0.000000,PMPI_Barrier
State,rank-68,MPI_STATE,0.000006,0.000095,0.000089,0.000000,PMPI_Scatter
State,rank-68,MPI_STATE,0.000095,0.000102,0.000007,0.000000,PMPI_Sendrecv
State,rank-68,MPI_STATE,0.000102,0.000127,0.000025,0.000000,PMPI_Sendrecv
State,rank-68,MPI_STATE,0.000127,0.000155,0.000028,0.000000,PMPI_Sendrecv
State,rank-68,MPI_STATE,0.000155,0.000289,0.000134,0.000000,PMPI_Sendrecv
State,rank-68,MPI_STATE,0.000289,0.000316,0.000027,0.000000,PMPI_Sendrecv
State,rank-68,MPI_STATE,0.000316,0.000416,0.000100,0.000000,PMPI_Sendrecv
State,rank-68,MPI_STATE,0.000416,0.000795,0.000379,0.000000,PMPI_Sendrecv
State,rank-68,MPI_STATE,0.000795,0.000795,0.000000,0.000000,PMPI_Reduce
State,rank-68,MPI_STATE,0.000795,0.000795,0.000000,0.000000,PMPI_Reduce
State,rank-68,MPI_STATE,0.000795,0.000810,0.000015,0.000000,PMPI_Barrier
State,rank-68,MPI_STATE,0.000810,0.000810,0.000000,0.000000,PMPI_Finalize
State,rank-67,MPI_STATE,0.000000,0.000000,0.000000,0.000000,PMPI_Init
State,rank-67,MPI_STATE,0.000000,0.000006,0.000006,0.000000,PMPI_Barrier
State,rank-67,MPI_STATE,0.000006,0.000088,0.000082,0.000000,PMPI_Scatter
State,rank-67,MPI_STATE,0.000088,0.000090,0.000002,0.000000,PMPI_Sendrecv
State,rank-67,MPI_STATE,0.000090,0.000098,0.000008,0.000000,PMPI_Sendrecv
State,rank-67,MPI_STATE,0.000098,0.000155,0.000057,0.000000,PMPI_Sendrecv
State,rank-67,MPI_STATE,0.000155,0.000289,0.000134,0.000000,PMPI_Sendrecv
State,rank-67,MPI_STATE,0.000289,0.000316,0.000027,0.000000,PMPI_Sendrecv
State,rank-67,MPI_STATE,0.000316,0.000416,0.000100,0.000000,PMPI_Sendrecv
State,rank-67,MPI_STATE,0.000416,0.000795,0.000379,0.000000,PMPI_Sendrecv
State,rank-67,MPI_STATE,0.000795,0.000795,0.000000,0.000000,PMPI_Reduce
State,rank-67,MPI_STATE,0.000795,0.000795,0.000000,0.000000,PMPI_Reduce
State,rank-67,MPI_STATE,0.000795,0.000810,0.000015,0.000000,PMPI_Barrier
State,rank-67,MPI_STATE,0.000810,0.000810,0.000000,0.000000,PMPI_Finalize
State,rank-66,MPI_STATE,0.000000,0.000000,0.000000,0.000000,PMPI_Init
State,rank-66,MPI_STATE,0.000000,0.000006,0.000006,0.000000,PMPI_Barrier
State,rank-66,MPI_STATE,0.000006,0.000077,0.000071,0.000000,PMPI_Scatter
State,rank-66,MPI_STATE,0.000077,0.000090,0.000013,0.000000,PMPI_Sendrecv
State,rank-66,MPI_STATE,0.000090,0.000098,0.000008,0.000000,PMPI_Sendrecv
State,rank-66,MPI_STATE,0.000098,0.000155,0.000057,0.000000,PMPI_Sendrecv
State,rank-66,MPI_STATE,0.000155,0.000289,0.000134,0.000000,PMPI_Sendrecv
State,rank-66,MPI_STATE,0.000289,0.000316,0.000027,0.000000,PMPI_Sendrecv
State,rank-66,MPI_STATE,0.000316,0.000416,0.000100,0.000000,PMPI_Sendrecv
State,rank-66,MPI_STATE,0.000416,0.000795,0.000379,0.000000,PMPI_Sendrecv
State,rank-66,MPI_STATE,0.000795,0.000795,0.000000,0.000000,PMPI_Reduce
State,rank-66,MPI_STATE,0.000795,0.000795,0.000000,0.000000,PMPI_Reduce
State,rank-66,MPI_STATE,0.000795,0.000810,0.000015,0.000000,PMPI_Barrier
State,rank-66,MPI_STATE,0.000810,0.000810,0.000000,0.000000,PMPI_Finalize
State,rank-65,MPI_STATE,0.000000,0.000000,0.000000,0.000000,PMPI_Init
State,rank-65,MPI_STATE,0.000000,0.000005,0.000005,0.000000,PMPI_Barrier
State,rank-65,MPI_STATE,0.000005,0.000061,0.000056,0.000000,PMPI_Scatter
State,rank-65,MPI_STATE,0.000061,0.000063,0.000002,0.000000,PMPI_Sendrecv
State,rank-65,MPI_STATE,0.000063,0.000098,0.000035,0.000000,PMPI_Sendrecv
State,rank-65,MPI_STATE,0.000098,0.000155,0.000057,0.000000,PMPI_Sendrecv
State,rank-65,MPI_STATE,0.000155,0.000289,0.000134,0.000000,PMPI_Sendrecv
State,rank-65,MPI_STATE,0.000289,0.000316,0.000027,0.000000,PMPI_Sendrecv
State,rank-65,MPI_STATE,0.000316,0.000416,0.000100,0.000000,PMPI_Sendrecv
State,rank-65,MPI_STATE,0.000416,0.000795,0.000379,0.000000,PMPI_Sendrecv
State,rank-65,MPI_STATE,0.000795,0.000795,0.000000,0.000000,PMPI_Reduce
State,rank-65,MPI_STATE,0.000795,0.000795,0.000000,0.000000,PMPI_Reduce
State,rank-65,MPI_STATE,0.000795,0.000810,0.000015,0.000000,PMPI_Barrier
State,rank-65,MPI_STATE,0.000810,0.000810,0.000000,0.000000,PMPI_Finalize
State,rank-64,MPI_STATE,0.000000,0.000000,0.000000,0.000000,PMPI_Init
State,rank-64,MPI_STATE,0.000000,0.000005,0.000005,0.000000,PMPI_Barrier
State,rank-64,MPI_STATE,0.000005,0.000010,0.000005,0.000000,PMPI_Scatter
State,rank-64,MPI_STATE,0.000010,0.000063,0.000053,0.000000,PMPI_Sendrecv
State,rank-64,MPI_STATE,0.000063,0.000098,0.000035,0.000000,PMPI_Sendrecv
State,rank-64,MPI_STATE,0.000098,0.000155,0.000057,0.000000,PMPI_Sendrecv
State,rank-64,MPI_STATE,0.000155,0.000289,0.000134,0.000000,PMPI_Sendrecv
State,rank-64,MPI_STATE,0.000289,0.000316,0.000027,0.000000,PMPI_Sendrecv
State,rank-64,MPI_STATE,0.000316,0.000416,0.000100,0.000000,PMPI_Sendrecv
State,rank-64,MPI_STATE,0.000416,0.000795,0.000379,0.000000,PMPI_Sendrecv
State,rank-64,MPI_STATE,0.000795,0.000795,0.000000,0.000000,PMPI_Reduce
State,rank-64,MPI_STATE,0.000795,0.000795,0.000000,0.000000,PMPI_Reduce
State,rank-64,MPI_STATE,0.000795,0.000809,0.000014,0.000000,PMPI_Barrier
State,rank-64,MPI_STATE,0.000809,0.000809,0.000000,0.000000,PMPI_Finalize
State,rank-63,MPI_STATE,0.000000,0.000000,0.000000,0.000000,PMPI_Init
State,rank-63,MPI_STATE,0.000000,0.000008,0.000008,0.000000,PMPI_Barrier
State,rank-63,MPI_STATE,0.000008,0.000145,0.000137,0.000000,PMPI_Scatter
State,rank-63,MPI_STATE,0.000145,0.000147,0.000002,0.000000,PMPI_Sendrecv
State,rank-63,MPI_STATE,0.000147,0.000155,0.000008,0.000000,PMPI_Sendrecv
State,rank-63,MPI_STATE,0.000155,0.000183,0.000028,0.000000,PMPI_Sendrecv
State,rank-63,MPI_STATE,0.000183,0.000286,0.000103,0.000000,PMPI_Sendrecv
State,rank-63,MPI_STATE,0.000286,0.000311,0.000025,0.000000,PMPI_Sendrecv
State,rank-63,MPI_STATE,0.000311,0.000407,0.000096,0.000000,PMPI_Sendrecv
State,rank-63,MPI_STATE,0.000407,0.000795,0.000388,0.000000,PMPI_Sendrecv
State,rank-63,MPI_STATE,0.000795,0.000795,0.000000,0.000000,PMPI_Reduce
State,rank-63,MPI_STATE,0.000795,0.000795,0.000000,0.000000,PMPI_Reduce
State,rank-63,MPI_STATE,0.000795,0.000812,0.000017,0.000000,PMPI_Barrier
State,rank-63,MPI_STATE,0.000812,0.000812,0.000000,0.000000,PMPI_Finalize
State,rank-62,MPI_STATE,0.000000,0.000000,0.000000,0.000000,PMPI_Init
State,rank-62,MPI_STATE,0.000000,0.000008,0.000008,0.000000,PMPI_Barrier
State,rank-62,MPI_STATE,0.000008,0.000142,0.000134,0.000000,PMPI_Scatter
State,rank-62,MPI_STATE,0.000142,0.000147,0.000005,0.000000,PMPI_Sendrecv
State,rank-62,MPI_STATE,0.000147,0.000155,0.000008,0.000000,PMPI_Sendrecv
State,rank-62,MPI_STATE,0.000155,0.000183,0.000028,0.000000,PMPI_Sendrecv
State,rank-62,MPI_STATE,0.000183,0.000286,0.000103,0.000000,PMPI_Sendrecv
State,rank-62,MPI_STATE,0.000286,0.000311,0.000025,0.000000,PMPI_Sendrecv
State,rank-62,MPI_STATE,0.000311,0.000407,0.000096,0.000000,PMPI_Sendrecv
State,rank-62,MPI_STATE,0.000407,0.000795,0.000388,0.000000,PMPI_Sendrecv
State,rank-62,MPI_STATE,0.000795,0.000795,0.000000,0.000000,PMPI_Reduce
State,rank-62,MPI_STATE,0.000795,0.000795,0.000000,0.000000,PMPI_Reduce
State,rank-62,MPI_STATE,0.000795,0.000812,0.000017,0.000000,PMPI_Barrier
State,rank-62,MPI_STATE,0.000812,0.000812,0.000000,0.000000,PMPI_Finalize
State,rank-61,MPI_STATE,0.000000,0.000000,0.000000,0.000000,PMPI_Init
State,rank-61,MPI_STATE,0.000000,0.000008,0.000008,0.000000,PMPI_Barrier
State,rank-61,MPI_STATE,0.000008,0.000139,0.000131,0.000000,PMPI_Scatter
State,rank-61,MPI_STATE,0.000139,0.000141,0.000002,0.000000,PMPI_Sendrecv
State,rank-61,MPI_STATE,0.000141,0.000155,0.000014,0.000000,PMPI_Sendrecv
State,rank-61,MPI_STATE,0.000155,0.000183,0.000028,0.000000,PMPI_Sendrecv
State,rank-61,MPI_STATE,0.000183,0.000286,0.000103,0.000000,PMPI_Sendrecv
State,rank-61,MPI_STATE,0.000286,0.000311,0.000025,0.000000,PMPI_Sendrecv
State,rank-61,MPI_STATE,0.000311,0.000407,0.000096,0.000000,PMPI_Sendrecv
State,rank-61,MPI_STATE,0.000407,0.000795,0.000388,0.000000,PMPI_Sendrecv
State,rank-61,MPI_STATE,0.000795,0.000795,0.000000,0.000000,PMPI_Reduce
State,rank-61,MPI_STATE,0.000795,0.000795,0.000000,0.000000,PMPI_Reduce
State,rank-61,MPI_STATE,0.000795,0.000812,0.000017,0.000000,PMPI_Barrier
State,rank-61,MPI_STATE,0.000812,0.000812,0.000000,0.000000,PMPI_Finalize
State,rank-60,MPI_STATE,0.000000,0.000000,0.000000,0.000000,PMPI_Init
State,rank-60,MPI_STATE,0.000000,0.000007,0.000007,0.000000,PMPI_Barrier
State,rank-60,MPI_STATE,0.000008,0.000135,0.000127,0.000000,PMPI_Scatter
State,rank-60,MPI_STATE,0.000135,0.000141,0.000006,0.000000,PMPI_Sendrecv
State,rank-60,MPI_STATE,0.000141,0.000155,0.000014,0.000000,PMPI_Sendrecv
State,rank-60,MPI_STATE,0.000155,0.000183,0.000028,0.000000,PMPI_Sendrecv
State,rank-60,MPI_STATE,0.000183,0.000286,0.000103,0.000000,PMPI_Sendrecv
State,rank-60,MPI_STATE,0.000286,0.000311,0.000025,0.000000,PMPI_Sendrecv
State,rank-60,MPI_STATE,0.000311,0.000407,0.000096,0.000000,PMPI_Sendrecv
State,rank-60,MPI_STATE,0.000407,0.000795,0.000388,0.000000,PMPI_Sendrecv
State,rank-60,MPI_STATE,0.000795,0.000795,0.000000,0.000000,PMPI_Reduce
State,rank-60,MPI_STATE,0.000795,0.000795,0.000000,0.000000,PMPI_Reduce
State,rank-60,MPI_STATE,0.000795,0.000812,0.000017,0.000000,PMPI_Barrier
State,rank-60,MPI_STATE,0.000812,0.000812,0.000000,0.000000,PMPI_Finalize
State,rank-59,MPI_STATE,0.000000,0.000000,0.000000,0.000000,PMPI_Init
State,rank-59,MPI_STATE,0.000000,0.000007,0.000007,0.000000,PMPI_Barrier
State,rank-59,MPI_STATE,0.000007,0.000131,0.000124,0.000000,PMPI_Scatter
State,rank-59,MPI_STATE,0.000131,0.000133,0.000002,0.000000,PMPI_Sendrecv
State,rank-59,MPI_STATE,0.000133,0.000142,0.000009,0.000000,PMPI_Sendrecv
State,rank-59,MPI_STATE,0.000142,0.000183,0.000041,0.000000,PMPI_Sendrecv
State,rank-59,MPI_STATE,0.000183,0.000286,0.000103,0.000000,PMPI_Sendrecv
State,rank-59,MPI_STATE,0.000286,0.000311,0.000025,0.000000,PMPI_Sendrecv
State,rank-59,MPI_STATE,0.000311,0.000407,0.000096,0.000000,PMPI_Sendrecv
State,rank-59,MPI_STATE,0.000407,0.000795,0.000388,0.000000,PMPI_Sendrecv
State,rank-59,MPI_STATE,0.000795,0.000795,0.000000,0.000000,PMPI_Reduce
State,rank-59,MPI_STATE,0.000795,0.000795,0.000000,0.000000,PMPI_Reduce
State,rank-59,MPI_STATE,0.000795,0.000811,0.000016,0.000000,PMPI_Barrier
State,rank-59,MPI_STATE,0.000811,0.000811,0.000000,0.000000,PMPI_Finalize
State,rank-5,MPI_STATE,0.000000,0.000000,0.000000,0.000000,PMPI_Init
State,rank-5,MPI_STATE,0.000000,0.000005,0.000005,0.000000,PMPI_Barrier
State,rank-5,MPI_STATE,0.000005,0.000066,0.000061,0.000000,PMPI_Scatter
State,rank-5,MPI_STATE,0.000066,0.000072,0.000006,0.000000,PMPI_Sendrecv
State,rank-5,MPI_STATE,0.000072,0.000117,0.000045,0.000000,PMPI_Sendrecv
State,rank-5,MPI_STATE,0.000117,0.000157,0.000040,0.000000,PMPI_Sendrecv
State,rank-5,MPI_STATE,0.000157,0.000278,0.000121,0.000000,PMPI_Sendrecv
State,rank-5,MPI_STATE,0.000278,0.000305,0.000027,0.000000,PMPI_Sendrecv
State,rank-5,MPI_STATE,0.000305,0.000407,0.000102,0.000000,PMPI_Sendrecv
State,rank-5,MPI_STATE,0.000407,0.000795,0.000388,0.000000,PMPI_Sendrecv
State,rank-5,MPI_STATE,0.000795,0.000795,0.000000,0.000000,PMPI_Reduce
State,rank-5,MPI_STATE,0.000795,0.000795,0.000000,0.000000,PMPI_Reduce
State,rank-5,MPI_STATE,0.000795,0.000810,0.000015,0.000000,PMPI_Barrier
State,rank-5,MPI_STATE,0.000810,0.000810,0.000000,0.000000,PMPI_Finalize
State,rank-58,MPI_STATE,0.000000,0.000000,0.000000,0.000000,PMPI_Init
State,rank-58,MPI_STATE,0.000000,0.000007,0.000007,0.000000,PMPI_Barrier
State,rank-58,MPI_STATE,0.000007,0.000124,0.000117,0.000000,PMPI_Scatter
State,rank-58,MPI_STATE,0.000124,0.000133,0.000009,0.000000,PMPI_Sendrecv
State,rank-58,MPI_STATE,0.000133,0.000142,0.000009,0.000000,PMPI_Sendrecv
State,rank-58,MPI_STATE,0.000142,0.000183,0.000041,0.000000,PMPI_Sendrecv
State,rank-58,MPI_STATE,0.000183,0.000286,0.000103,0.000000,PMPI_Sendrecv
State,rank-58,MPI_STATE,0.000286,0.000311,0.000025,0.000000,PMPI_Sendrecv
State,rank-58,MPI_STATE,0.000311,0.000407,0.000096,0.000000,PMPI_Sendrecv
State,rank-58,MPI_STATE,0.000407,0.000795,0.000388,0.000000,PMPI_Sendrecv
State,rank-58,MPI_STATE,0.000795,0.000795,0.000000,0.000000,PMPI_Reduce
State,rank-58,MPI_STATE,0.000795,0.000795,0.000000,0.000000,PMPI_Reduce
State,rank-58,MPI_STATE,0.000795,0.000811,0.000016,0.000000,PMPI_Barrier
State,rank-58,MPI_STATE,0.000811,0.000811,0.000000,0.000000,PMPI_Finalize
State,rank-57,MPI_STATE,0.000000,0.000000,0.000000,0.000000,PMPI_Init
State,rank-57,MPI_STATE,0.000000,0.000007,0.000007,0.000000,PMPI_Barrier
State,rank-57,MPI_STATE,0.000007,0.000120,0.000113,0.000000,PMPI_Scatter
State,rank-57,MPI_STATE,0.000120,0.000123,0.000003,0.000000,PMPI_Sendrecv
State,rank-57,MPI_STATE,0.000123,0.000142,0.000019,0.000000,PMPI_Sendrecv
State,rank-57,MPI_STATE,0.000142,0.000183,0.000041,0.000000,PMPI_Sendrecv
State,rank-57,MPI_STATE,0.000183,0.000286,0.000103,0.000000,PMPI_Sendrecv
State,rank-57,MPI_STATE,0.000286,0.000311,0.000025,0.000000,PMPI_Sendrecv
State,rank-57,MPI_STATE,0.000311,0.000407,0.000096,0.000000,PMPI_Sendrecv
State,rank-57,MPI_STATE,0.000407,0.000795,0.000388,0.000000,PMPI_Sendrecv
State,rank-57,MPI_STATE,0.000795,0.000795,0.000000,0.000000,PMPI_Reduce
State,rank-57,MPI_STATE,0.000795,0.000795,0.000000,0.000000,PMPI_Reduce
State,rank-57,MPI_STATE,0.000795,0.000811,0.000016,0.000000,PMPI_Barrier
State,rank-57,MPI_STATE,0.000811,0.000811,0.000000,0.000000,PMPI_Finalize
State,rank-56,MPI_STATE,0.000000,0.000000,0.000000,0.000000,PMPI_Init
State,rank-56,MPI_STATE,0.000000,0.000007,0.000007,0.000000,PMPI_Barrier
State,rank-56,MPI_STATE,0.000007,0.000117,0.000110,0.000000,PMPI_Scatter
State,rank-56,MPI_STATE,0.000117,0.000123,0.000006,0.000000,PMPI_Sendrecv
State,rank-56,MPI_STATE,0.000123,0.000142,0.000019,0.000000,PMPI_Sendrecv
State,rank-56,MPI_STATE,0.000142,0.000183,0.000041,0.000000,PMPI_Sendrecv
State,rank-56,MPI_STATE,0.000183,0.000286,0.000103,0.000000,PMPI_Sendrecv
State,rank-56,MPI_STATE,0.000286,0.000311,0.000025,0.000000,PMPI_Sendrecv
State,rank-56,MPI_STATE,0.000311,0.000407,0.000096,0.000000,PMPI_Sendrecv
State,rank-56,MPI_STATE,0.000407,0.000795,0.000388,0.000000,PMPI_Sendrecv
State,rank-56,MPI_STATE,0.000795,0.000795,0.000000,0.000000,PMPI_Reduce
State,rank-56,MPI_STATE,0.000795,0.000795,0.000000,0.000000,PMPI_Reduce
State,rank-56,MPI_STATE,0.000795,0.000811,0.000016,0.000000,PMPI_Barrier
State,rank-56,MPI_STATE,0.000811,0.000811,0.000000,0.000000,PMPI_Finalize
State,rank-55,MPI_STATE,0.000000,0.000000,0.000000,0.000000,PMPI_Init
State,rank-55,MPI_STATE,0.000000,0.000006,0.000006,0.000000,PMPI_Barrier
State,rank-55,MPI_STATE,0.000006,0.000110,0.000104,0.000000,PMPI_Scatter
State,rank-55,MPI_STATE,0.000110,0.000112,0.000002,0.000000,PMPI_Sendrecv
State,rank-55,MPI_STATE,0.000112,0.000121,0.000009,0.000000,PMPI_Sendrecv
State,rank-55,MPI_STATE,0.000121,0.000149,0.000028,0.000000,PMPI_Sendrecv
State,rank-55,MPI_STATE,0.000149,0.000286,0.000137,0.000000,PMPI_Sendrecv
State,rank-55,MPI_STATE,0.000286,0.000311,0.000025,0.000000,PMPI_Sendrecv
State,rank-55,MPI_STATE,0.000311,0.000407,0.000096,0.000000,PMPI_Sendrecv
State,rank-55,MPI_STATE,0.000407,0.000795,0.000388,0.000000,PMPI_Sendrecv
State,rank-55,MPI_STATE,0.000795,0.000795,0.000000,0.000000,PMPI_Reduce
State,rank-55,MPI_STATE,0.000795,0.000795,0.000000,0.000000,PMPI_Reduce
State,rank-55,MPI_STATE,0.000795,0.000811,0.000016,0.000000,PMPI_Barrier
State,rank-55,MPI_STATE,0.000811,0.000811,0.000000,0.000000,PMPI_Finalize
State,rank-54,MPI_STATE,0.000000,0.000000,0.000000,0.000000,PMPI_Init
State,rank-54,MPI_STATE,0.000000,0.000006,0.000006,0.000000,PMPI_Barrier
State,rank-54,MPI_STATE,0.000006,0.000103,0.000097,0.000000,PMPI_Scatter
State,rank-54,MPI_STATE,0.000103,0.000112,0.000009,0.000000,PMPI_Sendrecv
State,rank-54,MPI_STATE,0.000112,0.000121,0.000009,0.000000,PMPI_Sendrecv
State,rank-54,MPI_STATE,0.000121,0.000149,0.000028,0.000000,PMPI_Sendrecv
State,rank-54,MPI_STATE,0.000149,0.000286,0.000137,0.000000,PMPI_Sendrecv
State,rank-54,MPI_STATE,0.000286,0.000311,0.000025,0.000000,PMPI_Sendrecv
State,rank-54,MPI_STATE,0.000311,0.000407,0.000096,0.000000,PMPI_Sendrecv
State,rank-54,MPI_STATE,0.000407,0.000795,0.000388,0.000000,PMPI_Sendrecv
State,rank-54,MPI_STATE,0.000795,0.000795,0.000000,0.000000,PMPI_Reduce
State,rank-54,MPI_STATE,0.000795,0.000795,0.000000,0.000000,PMPI_Reduce
State,rank-54,MPI_STATE,0.000795,0.000810,0.000015,0.000000,PMPI_Barrier
State,rank-54,MPI_STATE,0.000810,0.000810,0.000000,0.000000,PMPI_Finalize
State,rank-53,MPI_STATE,0.000000,0.000000,0.000000,0.000000,PMPI_Init
State,rank-53,MPI_STATE,0.000000,0.000006,0.000006,0.000000,PMPI_Barrier
State,rank-53,MPI_STATE,0.000006,0.000095,0.000089,0.000000,PMPI_Scatter
State,rank-53,MPI_STATE,0.000095,0.000098,0.000003,0.000000,PMPI_Sendrecv
State,rank-53,MPI_STATE,0.000098,0.000121,0.000023,0.000000,PMPI_Sendrecv
State,rank-53,MPI_STATE,0.000121,0.000149,0.000028,0.000000,PMPI_Sendrecv
State,rank-53,MPI_STATE,0.000149,0.000286,0.000137,0.000000,PMPI_Sendrecv
State,rank-53,MPI_STATE,0.000286,0.000311,0.000025,0.000000,PMPI_Sendrecv
State,rank-53,MPI_STATE,0.000311,0.000407,0.000096,0.000000,PMPI_Sendrecv
State,rank-53,MPI_STATE,0.000407,0.000795,0.000388,0.000000,PMPI_Sendrecv
State,rank-53,MPI_STATE,0.000795,0.000795,0.000000,0.000000,PMPI_Reduce
State,rank-53,MPI_STATE,0.000795,0.000795,0.000000,0.000000,PMPI_Reduce
State,rank-53,MPI_STATE,0.000795,0.000810,0.000015,0.000000,PMPI_Barrier
State,rank-53,MPI_STATE,0.000810,0.000810,0.000000,0.000000,PMPI_Finalize
State,rank-52,MPI_STATE,0.000000,0.000000,0.000000,0.000000,PMPI_Init
State,rank-52,MPI_STATE,0.000000,0.000006,0.000006,0.000000,PMPI_Barrier
State,rank-52,MPI_STATE,0.000006,0.000088,0.000082,0.000000,PMPI_Scatter
State,rank-52,MPI_STATE,0.000088,0.000098,0.000010,0.000000,PMPI_Sendrecv
State,rank-52,MPI_STATE,0.000098,0.000121,0.000023,0.000000,PMPI_Sendrecv
State,rank-52,MPI_STATE,0.000121,0.000149,0.000028,0.000000,PMPI_Sendrecv
State,rank-52,MPI_STATE,0.000149,0.000286,0.000137,0.000000,PMPI_Sendrecv
State,rank-52,MPI_STATE,0.000286,0.000311,0.000025,0.000000,PMPI_Sendrecv
State,rank-52,MPI_STATE,0.000311,0.000407,0.000096,0.000000,PMPI_Sendrecv
State,rank-52,MPI_STATE,0.000407,0.000795,0.000388,0.000000,PMPI_Sendrecv
State,rank-52,MPI_STATE,0.000795,0.000795,0.000000,0.000000,PMPI_Reduce
State,rank-52,MPI_STATE,0.000795,0.000795,0.000000,0.000000,PMPI_Reduce
State,rank-52,MPI_STATE,0.000795,0.000810,0.000015,0.000000,PMPI_Barrier
State,rank-52,MPI_STATE,0.000810,0.000810,0.000000,0.000000,PMPI_Finalize
State,rank-51,MPI_STATE,0.000000,0.000000,0.000000,0.000000,PMPI_Init
State,rank-51,MPI_STATE,0.000000,0.000006,0.000006,0.000000,PMPI_Barrier
State,rank-51,MPI_STATE,0.000006,0.000078,0.000072,0.000000,PMPI_Scatter
State,rank-51,MPI_STATE,0.000078,0.000080,0.000002,0.000000,PMPI_Sendrecv
State,rank-51,MPI_STATE,0.000080,0.000088,0.000008,0.000000,PMPI_Sendrecv
State,rank-51,MPI_STATE,0.000088,0.000149,0.000061,0.000000,PMPI_Sendrecv
State,rank-51,MPI_STATE,0.000149,0.000286,0.000137,0.000000,PMPI_Sendrecv
State,rank-51,MPI_STATE,0.000286,0.000311,0.000025,0.000000,PMPI_Sendrecv
State,rank-51,MPI_STATE,0.000311,0.000407,0.000096,0.000000,PMPI_Sendrecv
State,rank-51,MPI_STATE,0.000407,0.000795,0.000388,0.000000,PMPI_Sendrecv
State,rank-51,MPI_STATE,0.000795,0.000795,0.000000,0.000000,PMPI_Reduce
State,rank-51,MPI_STATE,0.000795,0.000795,0.000000,0.000000,PMPI_Reduce
State,rank-51,MPI_STATE,0.000795,0.000810,0.000015,0.000000,PMPI_Barrier
State,rank-51,MPI_STATE,0.000810,0.000810,0.000000,0.000000,PMPI_Finalize
State,rank-50,MPI_STATE,0.000000,0.000000,0.000000,0.000000,PMPI_Init
State,rank-50,MPI_STATE,0.000000,0.000005,0.000005,0.000000,PMPI_Barrier
State,rank-50,MPI_STATE,0.000005,0.000065,0.000060,0.000000,PMPI_Scatter
State,rank-50,MPI_STATE,0.000065,0.000080,0.000015,0.000000,PMPI_Sendrecv
State,rank-50,MPI_STATE,0.000080,0.000088,0.000008,0.000000,PMPI_Sendrecv
State,rank-50,MPI_STATE,0.000088,0.000149,0.000061,0.000000,PMPI_Sendrecv
State,rank-50,MPI_STATE,0.000149,0.000286,0.000137,0.000000,PMPI_Sendrecv
State,rank-50,MPI_STATE,0.000286,0.000311,0.000025,0.000000,PMPI_Sendrecv
State,rank-50,MPI_STATE,0.000311,0.000407,0.000096,0.000000,PMPI_Sendrecv
State,rank-50,MPI_STATE,0.000407,0.000795,0.000388,0.000000,PMPI_Sendrecv
State,rank-50,MPI_STATE,0.000795,0.000795,0.000000,0.000000,PMPI_Reduce
State,rank-50,MPI_STATE,0.000795,0.000795,0.000000,0.000000,PMPI_Reduce
State,rank-50,MPI_STATE,0.000795,0.000810,0.000015,0.000000,PMPI_Barrier
State,rank-50,MPI_STATE,0.000810,0.000810,0.000000,0.000000,PMPI_Finalize
State,rank-49,MPI_STATE,0.000000,0.000000,0.000000,0.000000,PMPI_Init
State,rank-49,MPI_STATE,0.000000,0.000005,0.000005,0.000000,PMPI_Barrier
State,rank-49,MPI_STATE,0.000005,0.000052,0.000047,0.000000,PMPI_Scatter
State,rank-49,MPI_STATE,0.000052,0.000054,0.000002,0.000000,PMPI_Sendrecv
State,rank-49,MPI_STATE,0.000054,0.000088,0.000034,0.000000,PMPI_Sendrecv
State,rank-49,MPI_STATE,0.000088,0.000149,0.000061,0.000000,PMPI_Sendrecv
State,rank-49,MPI_STATE,0.000149,0.000286,0.000137,0.000000,PMPI_Sendrecv
State,rank-49,MPI_STATE,0.000286,0.000311,0.000025,0.000000,PMPI_Sendrecv
State,rank-49,MPI_STATE,0.000311,0.000407,0.000096,0.000000,PMPI_Sendrecv
State,rank-49,MPI_STATE,0.000407,0.000795,0.000388,0.000000,PMPI_Sendrecv
State,rank-49,MPI_STATE,0.000795,0.000795,0.000000,0.000000,PMPI_Reduce
State,rank-49,MPI_STATE,0.000795,0.000795,0.000000,0.000000,PMPI_Reduce
State,rank-49,MPI_STATE,0.000795,0.000809,0.000014,0.000000,PMPI_Barrier
State,rank-49,MPI_STATE,0.000809,0.000809,0.000000,0.000000,PMPI_Finalize
State,rank-4,MPI_STATE,0.000000,0.000000,0.000000,0.000000,PMPI_Init
State,rank-4,MPI_STATE,0.000000,0.000005,0.000005,0.000000,PMPI_Barrier
State,rank-4,MPI_STATE,0.000005,0.000053,0.000048,0.000000,PMPI_Scatter
State,rank-4,MPI_STATE,0.000053,0.000072,0.000019,0.000000,PMPI_Sendrecv
State,rank-4,MPI_STATE,0.000072,0.000117,0.000045,0.000000,PMPI_Sendrecv
State,rank-4,MPI_STATE,0.000117,0.000157,0.000040,0.000000,PMPI_Sendrecv
State,rank-4,MPI_STATE,0.000157,0.000278,0.000121,0.000000,PMPI_Sendrecv
State,rank-4,MPI_STATE,0.000278,0.000305,0.000027,0.000000,PMPI_Sendrecv
State,rank-4,MPI_STATE,0.000305,0.000407,0.000102,0.000000,PMPI_Sendrecv
State,rank-4,MPI_STATE,0.000407,0.000795,0.000388,0.000000,PMPI_Sendrecv
State,rank-4,MPI_STATE,0.000795,0.000795,0.000000,0.000000,PMPI_Reduce
State,rank-4,MPI_STATE,0.000795,0.000795,0.000000,0.000000,PMPI_Reduce
State,rank-4,MPI_STATE,0.000795,0.000809,0.000014,0.000000,PMPI_Barrier
State,rank-4,MPI_STATE,0.000809,0.000809,0.000000,0.000000,PMPI_Finalize
State,rank-48,MPI_STATE,0.000000,0.000000,0.000000,0.000000,PMPI_Init
State,rank-48,MPI_STATE,0.000000,0.000005,0.000005,0.000000,PMPI_Barrier
State,rank-48,MPI_STATE,0.000005,0.000009,0.000004,0.000000,PMPI_Scatter
State,rank-48,MPI_STATE,0.000009,0.000054,0.000045,0.000000,PMPI_Sendrecv
State,rank-48,MPI_STATE,0.000054,0.000088,0.000034,0.000000,PMPI_Sendrecv
State,rank-48,MPI_STATE,0.000088,0.000149,0.000061,0.000000,PMPI_Sendrecv
State,rank-48,MPI_STATE,0.000149,0.000286,0.000137,0.000000,PMPI_Sendrecv
State,rank-48,MPI_STATE,0.000286,0.000311,0.000025,0.000000,PMPI_Sendrecv
State,rank-48,MPI_STATE,0.000311,0.000407,0.000096,0.000000,PMPI_Sendrecv
State,rank-48,MPI_STATE,0.000407,0.000795,0.000388,0.000000,PMPI_Sendrecv
State,rank-48,MPI_STATE,0.000795,0.000795,0.000000,0.000000,PMPI_Reduce
State,rank-48,MPI_STATE,0.000795,0.000795,0.000000,0.000000,PMPI_Reduce
State,rank-48,MPI_STATE,0.000795,0.000809,0.000014,0.000000,PMPI_Barrier
State,rank-48,MPI_STATE,0.000809,0.000809,0.000000,0.000000,PMPI_Finalize
State,rank-47,MPI_STATE,0.000000,0.000000,0.000000,0.000000,PMPI_Init
State,rank-47,MPI_STATE,0.000000,0.000008,0.000008,0.000000,PMPI_Barrier
State,rank-47,MPI_STATE,0.000008,0.000142,0.000134,0.000000,PMPI_Scatter
State,rank-47,MPI_STATE,0.000142,0.000144,0.000002,0.000000,PMPI_Sendrecv
State,rank-47,MPI_STATE,0.000144,0.000153,0.000009,0.000000,PMPI_Sendrecv
State,rank-47,MPI_STATE,0.000153,0.000181,0.000028,0.000000,PMPI_Sendrecv
State,rank-47,MPI_STATE,0.000181,0.000284,0.000103,0.000000,PMPI_Sendrecv
State,rank-47,MPI_STATE,0.000284,0.000311,0.000027,0.000000,PMPI_Sendrecv
State,rank-47,MPI_STATE,0.000311,0.000407,0.000096,0.000000,PMPI_Sendrecv
State,rank-47,MPI_STATE,0.000407,0.000795,0.000388,0.000000,PMPI_Sendrecv
State,rank-47,MPI_STATE,0.000795,0.000795,0.000000,0.000000,PMPI_Reduce
State,rank-47,MPI_STATE,0.000795,0.000795,0.000000,0.000000,PMPI_Reduce
State,rank-47,MPI_STATE,0.000795,0.000812,0.000017,0.000000,PMPI_Barrier
State,rank-47,MPI_STATE,0.000812,0.000812,0.000000,0.000000,PMPI_Finalize
State,rank-46,MPI_STATE,0.000000,0.000000,0.000000,0.000000,PMPI_Init
State,rank-46,MPI_STATE,0.000000,0.000008,0.000008,0.000000,PMPI_Barrier
State,rank-46,MPI_STATE,0.000008,0.000139,0.000131,0.000000,PMPI_Scatter
State,rank-46,MPI_STATE,0.000139,0.000144,0.000005,0.000000,PMPI_Sendrecv
State,rank-46,MPI_STATE,0.000144,0.000153,0.000009,0.000000,PMPI_Sendrecv
State,rank-46,MPI_STATE,0.000153,0.000181,0.000028,0.000000,PMPI_Sendrecv
State,rank-46,MPI_STATE,0.000181,0.000284,0.000103,0.000000,PMPI_Sendrecv
State,rank-46,MPI_STATE,0.000284,0.000311,0.000027,0.000000,PMPI_Sendrecv
State,rank-46,MPI_STATE,0.000311,0.000407,0.000096,0.000000,PMPI_Sendrecv
State,rank-46,MPI_STATE,0.000407,0.000795,0.000388,0.000000,PMPI_Sendrecv
State,rank-46,MPI_STATE,0.000795,0.000795,0.000000,0.000000,PMPI_Reduce
State,rank-46,MPI_STATE,0.000795,0.000795,0.000000,0.000000,PMPI_Reduce
State,rank-46,MPI_STATE,0.000795,0.000812,0.000017,0.000000,PMPI_Barrier
State,rank-46,MPI_STATE,0.000812,0.000812,0.000000,0.000000,PMPI_Finalize
State,rank-45,MPI_STATE,0.000000,0.000000,0.000000,0.000000,PMPI_Init
State,rank-45,MPI_STATE,0.000000,0.000007,0.000007,0.000000,PMPI_Barrier
State,rank-45,MPI_STATE,0.000008,0.000135,0.000127,0.000000,PMPI_Scatter
State,rank-45,MPI_STATE,0.000135,0.000138,0.000003,0.000000,PMPI_Sendrecv
State,rank-45,MPI_STATE,0.000138,0.000153,0.000015,0.000000,PMPI_Sendrecv
State,rank-45,MPI_STATE,0.000153,0.000181,0.000028,0.000000,PMPI_Sendrecv
State,rank-45,MPI_STATE,0.000181,0.000284,0.000103,0.000000,PMPI_Sendrecv
State,rank-45,MPI_STATE,0.000284,0.000311,0.000027,0.000000,PMPI_Sendrecv
State,rank-45,MPI_STATE,0.000311,0.000407,0.000096,0.000000,PMPI_Sendrecv
State,rank-45,MPI_STATE,0.000407,0.000795,0.000388,0.000000,PMPI_Sendrecv
State,rank-45,MPI_STATE,0.000795,0.000795,0.000000,0.000000,PMPI_Reduce
State,rank-45,MPI_STATE,0.000795,0.000795,0.000000,0.000000,PMPI_Reduce
State,rank-45,MPI_STATE,0.000795,0.000812,0.000017,0.000000,PMPI_Barrier
State,rank-45,MPI_STATE,0.000812,0.000812,0.000000,0.000000,PMPI_Finalize
State,rank-44,MPI_STATE,0.000000,0.000000,0.000000,0.000000,PMPI_Init
State,rank-44,MPI_STATE,0.000000,0.000007,0.000007,0.000000,PMPI_Barrier
State,rank-44,MPI_STATE,0.000007,0.000131,0.000124,0.000000,PMPI_Scatter
State,rank-44,MPI_STATE,0.000131,0.000138,0.000007,0.000000,PMPI_Sendrecv
State,rank-44,MPI_STATE,0.000138,0.000153,0.000015,0.000000,PMPI_Sendrecv
State,rank-44,MPI_STATE,0.000153,0.000181,0.000028,0.000000,PMPI_Sendrecv
State,rank-44,MPI_STATE,0.000181,0.000284,0.000103,0.000000,PMPI_Sendrecv
State,rank-44,MPI_STATE,0.000284,0.000311,0.000027,0.000000,PMPI_Sendrecv
State,rank-44,MPI_STATE,0.000311,0.000407,0.000096,0.000000,PMPI_Sendrecv
State,rank-44,MPI_STATE,0.000407,0.000795,0.000388,0.000000,PMPI_Sendrecv
State,rank-44,MPI_STATE,0.000795,0.000795,0.000000,0.000000,PMPI_Reduce
State,rank-44,MPI_STATE,0.000795,0.000795,0.000000,0.000000,PMPI_Reduce
State,rank-44,MPI_STATE,0.000795,0.000811,0.000016,0.000000,PMPI_Barrier
State,rank-44,MPI_STATE,0.000811,0.000811,0.000000,0.000000,PMPI_Finalize
State,rank-43,MPI_STATE,0.000000,0.000000,0.000000,0.000000,PMPI_Init
State,rank-43,MPI_STATE,0.000000,0.000007,0.000007,0.000000,PMPI_Barrier
State,rank-43,MPI_STATE,0.000007,0.000126,0.000119,0.000000,PMPI_Scatter
State,rank-43,MPI_STATE,0.000126,0.000129,0.000003,0.000000,PMPI_Sendrecv
State,rank-43,MPI_STATE,0.000129,0.000137,0.000008,0.000000,PMPI_Sendrecv
State,rank-43,MPI_STATE,0.000137,0.000181,0.000044,0.000000,PMPI_Sendrecv
State,rank-43,MPI_STATE,0.000181,0.000284,0.000103,0.000000,PMPI_Sendrecv
State,rank-43,MPI_STATE,0.000284,0.000311,0.000027,0.000000,PMPI_Sendrecv
State,rank-43,MPI_STATE,0.000311,0.000407,0.000096,0.000000,PMPI_Sendrecv
State,rank-43,MPI_STATE,0.000407,0.000795,0.000388,0.000000,PMPI_Sendrecv
State,rank-43,MPI_STATE,0.000795,0.000795,0.000000,0.000000,PMPI_Reduce
State,rank-43,MPI_STATE,0.000795,0.000795,0.000000,0.000000,PMPI_Reduce
State,rank-43,MPI_STATE,0.000795,0.000811,0.000016,0.000000,PMPI_Barrier
State,rank-43,MPI_STATE,0.000811,0.000811,0.000000,0.000000,PMPI_Finalize
State,rank-42,MPI_STATE,0.000000,0.000000,0.000000,0.000000,PMPI_Init
State,rank-42,MPI_STATE,0.000000,0.000007,0.000007,0.000000,PMPI_Barrier
State,rank-42,MPI_STATE,0.000007,0.000120,0.000113,0.000000,PMPI_Scatter
State,rank-42,MPI_STATE,0.000120,0.000129,0.000009,0.000000,PMPI_Sendrecv
State,rank-42,MPI_STATE,0.000129,0.000137,0.000008,0.000000,PMPI_Sendrecv
State,rank-42,MPI_STATE,0.000137,0.000181,0.000044,0.000000,PMPI_Sendrecv
State,rank-42,MPI_STATE,0.000181,0.000284,0.000103,0.000000,PMPI_Sendrecv
State,rank-42,MPI_STATE,0.000284,0.000311,0.000027,0.000000,PMPI_Sendrecv
State,rank-42,MPI_STATE,0.000311,0.000407,0.000096,0.000000,PMPI_Sendrecv
State,rank-42,MPI_STATE,0.000407,0.000795,0.000388,0.000000,PMPI_Sendrecv
State,rank-42,MPI_STATE,0.000795,0.000795,0.000000,0.000000,PMPI_Reduce
State,rank-42,MPI_STATE,0.000795,0.000795,0.000000,0.000000,PMPI_Reduce
State,rank-42,MPI_STATE,0.000795,0.000811,0.000016,0.000000,PMPI_Barrier
State,rank-42,MPI_STATE,0.000811,0.000811,0.000000,0.000000,PMPI_Finalize
State,rank-41,MPI_STATE,0.000000,0.000000,0.000000,0.000000,PMPI_Init
State,rank-41,MPI_STATE,0.000000,0.000007,0.000007,0.000000,PMPI_Barrier
State,rank-41,MPI_STATE,0.000007,0.000117,0.000110,0.000000,PMPI_Scatter
State,rank-41,MPI_STATE,0.000117,0.000119,0.000002,0.000000,PMPI_Sendrecv
State,rank-41,MPI_STATE,0.000119,0.000137,0.000018,0.000000,PMPI_Sendrecv
State,rank-41,MPI_STATE,0.000137,0.000181,0.000044,0.000000,PMPI_Sendrecv
State,rank-41,MPI_STATE,0.000181,0.000284,0.000103,0.000000,PMPI_Sendrecv
State,rank-41,MPI_STATE,0.000284,0.000311,0.000027,0.000000,PMPI_Sendrecv
State,rank-41,MPI_STATE,0.000311,0.000407,0.000096,0.000000,PMPI_Sendrecv
State,rank-41,MPI_STATE,0.000407,0.000795,0.000388,0.000000,PMPI_Sendrecv
State,rank-41,MPI_STATE,0.000795,0.000795,0.000000,0.000000,PMPI_Reduce
State,rank-41,MPI_STATE,0.000795,0.000795,0.000000,0.000000,PMPI_Reduce
State,rank-41,MPI_STATE,0.000795,0.000811,0.000016,0.000000,PMPI_Barrier
State,rank-41,MPI_STATE,0.000811,0.000811,0.000000,0.000000,PMPI_Finalize
State,rank-40,MPI_STATE,0.000000,0.000000,0.000000,0.000000,PMPI_Init
State,rank-40,MPI_STATE,0.000000,0.000006,0.000006,0.000000,PMPI_Barrier
State,rank-40,MPI_STATE,0.000006,0.000110,0.000104,0.000000,PMPI_Scatter
State,rank-40,MPI_STATE,0.000110,0.000119,0.000009,0.000000,PMPI_Sendrecv
State,rank-40,MPI_STATE,0.000119,0.000137,0.000018,0.000000,PMPI_Sendrecv
State,rank-40,MPI_STATE,0.000137,0.000181,0.000044,0.000000,PMPI_Sendrecv
State,rank-40,MPI_STATE,0.000181,0.000284,0.000103,0.000000,PMPI_Sendrecv
State,rank-40,MPI_STATE,0.000284,0.000311,0.000027,0.000000,PMPI_Sendrecv
State,rank-40,MPI_STATE,0.000311,0.000407,0.000096,0.000000,PMPI_Sendrecv
State,rank-40,MPI_STATE,0.000407,0.000795,0.000388,0.000000,PMPI_Sendrecv
State,rank-40,MPI_STATE,0.000795,0.000795,0.000000,0.000000,PMPI_Reduce
State,rank-40,MPI_STATE,0.000795,0.000795,0.000000,0.000000,PMPI_Reduce
State,rank-40,MPI_STATE,0.000795,0.000811,0.000016,0.000000,PMPI_Barrier
State,rank-40,MPI_STATE,0.000811,0.000811,0.000000,0.000000,PMPI_Finalize
State,rank-39,MPI_STATE,0.000000,0.000000,0.000000,0.000000,PMPI_Init
State,rank-39,MPI_STATE,0.000000,0.000006,0.000006,0.000000,PMPI_Barrier
State,rank-39,MPI_STATE,0.000006,0.000103,0.000097,0.000000,PMPI_Scatter
State,rank-39,MPI_STATE,0.000103,0.000105,0.000002,0.000000,PMPI_Sendrecv
State,rank-39,MPI_STATE,0.000105,0.000113,0.000008,0.000000,PMPI_Sendrecv
State,rank-39,MPI_STATE,0.000113,0.000141,0.000028,0.000000,PMPI_Sendrecv
State,rank-39,MPI_STATE,0.000141,0.000284,0.000143,0.000000,PMPI_Sendrecv
State,rank-39,MPI_STATE,0.000284,0.000311,0.000027,0.000000,PMPI_Sendrecv
State,rank-39,MPI_STATE,0.000311,0.000407,0.000096,0.000000,PMPI_Sendrecv
State,rank-39,MPI_STATE,0.000407,0.000795,0.000388,0.000000,PMPI_Sendrecv
State,rank-39,MPI_STATE,0.000795,0.000795,0.000000,0.000000,PMPI_Reduce
State,rank-39,MPI_STATE,0.000795,0.000795,0.000000,0.000000,PMPI_Reduce
State,rank-39,MPI_STATE,0.000795,0.000810,0.000015,0.000000,PMPI_Barrier
State,rank-39,MPI_STATE,0.000810,0.000810,0.000000,0.000000,PMPI_Finalize
State,rank-3,MPI_STATE,0.000000,0.000000,0.000000,0.000000,PMPI_Init
State,rank-3,MPI_STATE,0.000000,0.000005,0.000005,0.000000,PMPI_Barrier
State,rank-3,MPI_STATE,0.000005,0.000039,0.000034,0.000000,PMPI_Scatter
State,rank-3,MPI_STATE,0.000039,0.000051,0.000012,0.000000,PMPI_Sendrecv
State,rank-3,MPI_STATE,0.000051,0.000085,0.000034,0.000000,PMPI_Sendrecv
State,rank-3,MPI_STATE,0.000085,0.000157,0.000072,0.000000,PMPI_Sendrecv
State,rank-3,MPI_STATE,0.000157,0.000278,0.000121,0.000000,PMPI_Sendrecv
State,rank-3,MPI_STATE,0.000278,0.000305,0.000027,0.000000,PMPI_Sendrecv
State,rank-3,MPI_STATE,0.000305,0.000407,0.000102,0.000000,PMPI_Sendrecv
State,rank-3,MPI_STATE,0.000407,0.000795,0.000388,0.000000,PMPI_Sendrecv
State,rank-3,MPI_STATE,0.000795,0.000795,0.000000,0.000000,PMPI_Reduce
State,rank-3,MPI_STATE,0.000795,0.000795,0.000000,0.000000,PMPI_Reduce
State,rank-3,MPI_STATE,0.000795,0.000809,0.000014,0.000000,PMPI_Barrier
State,rank-3,MPI_STATE,0.000809,0.000809,0.000000,0.000000,PMPI_Finalize
State,rank-38,MPI_STATE,0.000000,0.000000,0.000000,0.000000,PMPI_Init
State,rank-38,MPI_STATE,0.000000,0.000006,0.000006,0.000000,PMPI_Barrier
State,rank-38,MPI_STATE,0.000006,0.000095,0.000089,0.000000,PMPI_Scatter
State,rank-38,MPI_STATE,0.000095,0.000105,0.000010,0.000000,PMPI_Sendrecv
State,rank-38,MPI_STATE,0.000105,0.000113,0.000008,0.000000,PMPI_Sendrecv
State,rank-38,MPI_STATE,0.000113,0.000141,0.000028,0.000000,PMPI_Sendrecv
State,rank-38,MPI_STATE,0.000141,0.000284,0.000143,0.000000,PMPI_Sendrecv
State,rank-38,MPI_STATE,0.000284,0.000311,0.000027,0.000000,PMPI_Sendrecv
State,rank-38,MPI_STATE,0.000311,0.000407,0.000096,0.000000,PMPI_Sendrecv
State,rank-38,MPI_STATE,0.000407,0.000795,0.000388,0.000000,PMPI_Sendrecv
State,rank-38,MPI_STATE,0.000795,0.000795,0.000000,0.000000,PMPI_Reduce
State,rank-38,MPI_STATE,0.000795,0.000795,0.000000,0.000000,PMPI_Reduce
State,rank-38,MPI_STATE,0.000795,0.000810,0.000015,0.000000,PMPI_Barrier
State,rank-38,MPI_STATE,0.000810,0.000810,0.000000,0.000000,PMPI_Finalize
State,rank-37,MPI_STATE,0.000000,0.000000,0.000000,0.000000,PMPI_Init
State,rank-37,MPI_STATE,0.000000,0.000006,0.000006,0.000000,PMPI_Barrier
State,rank-37,MPI_STATE,0.000006,0.000088,0.000082,0.000000,PMPI_Scatter
State,rank-37,MPI_STATE,0.000088,0.000090,0.000002,0.000000,PMPI_Sendrecv
State,rank-37,MPI_STATE,0.000090,0.000113,0.000023,0.000000,PMPI_Sendrecv
State,rank-37,MPI_STATE,0.000113,0.000141,0.000028,0.000000,PMPI_Sendrecv
State,rank-37,MPI_STATE,0.000141,0.000284,0.000143,0.000000,PMPI_Sendrecv
State,rank-37,MPI_STATE,0.000284,0.000311,0.000027,0.000000,PMPI_Sendrecv
State,rank-37,MPI_STATE,0.000311,0.000407,0.000096,0.000000,PMPI_Sendrecv
State,rank-37,MPI_STATE,0.000407,0.000795,0.000388,0.000000,PMPI_Sendrecv
State,rank-37,MPI_STATE,0.000795,0.000795,0.000000,0.000000,PMPI_Reduce
State,rank-37,MPI_STATE,0.000795,0.000795,0.000000,0.000000,PMPI_Reduce
State,rank-37,MPI_STATE,0.000795,0.000810,0.000015,0.000000,PMPI_Barrier
State,rank-37,MPI_STATE,0.000810,0.000810,0.000000,0.000000,PMPI_Finalize
State,rank-36,MPI_STATE,0.000000,0.000000,0.000000,0.000000,PMPI_Init
State,rank-36,MPI_STATE,0.000000,0.000006,0.000006,0.000000,PMPI_Barrier
State,rank-36,MPI_STATE,0.000006,0.000078,0.000072,0.000000,PMPI_Scatter
State,rank-36,MPI_STATE,0.000078,0.000090,0.000012,0.000000,PMPI_Sendrecv
State,rank-36,MPI_STATE,0.000090,0.000113,0.000023,0.000000,PMPI_Sendrecv
State,rank-36,MPI_STATE,0.000113,0.000141,0.000028,0.000000,PMPI_Sendrecv
State,rank-36,MPI_STATE,0.000141,0.000284,0.000143,0.000000,PMPI_Sendrecv
State,rank-36,MPI_STATE,0.000284,0.000311,0.000027,0.000000,PMPI_Sendrecv
State,rank-36,MPI_STATE,0.000311,0.000407,0.000096,0.000000,PMPI_Sendrecv
State,rank-36,MPI_STATE,0.000407,0.000795,0.000388,0.000000,PMPI_Sendrecv
State,rank-36,MPI_STATE,0.000795,0.000795,0.000000,0.000000,PMPI_Reduce
State,rank-36,MPI_STATE,0.000795,0.000795,0.000000,0.000000,PMPI_Reduce
State,rank-36,MPI_STATE,0.000795,0.000810,0.000015,0.000000,PMPI_Barrier
State,rank-36,MPI_STATE,0.000810,0.000810,0.000000,0.000000,PMPI_Finalize
State,rank-35,MPI_STATE,0.000000,0.000000,0.000000,0.000000,PMPI_Init
State,rank-35,MPI_STATE,0.000000,0.000005,0.000005,0.000000,PMPI_Barrier
State,rank-35,MPI_STATE,0.000005,0.000066,0.000061,0.000000,PMPI_Scatter
State,rank-35,MPI_STATE,0.000066,0.000068,0.000002,0.000000,PMPI_Sendrecv
State,rank-35,MPI_STATE,0.000068,0.000076,0.000008,0.000000,PMPI_Sendrecv
State,rank-35,MPI_STATE,0.000076,0.000141,0.000065,0.000000,PMPI_Sendrecv
State,rank-35,MPI_STATE,0.000141,0.000284,0.000143,0.000000,PMPI_Sendrecv
State,rank-35,MPI_STATE,0.000284,0.000311,0.000027,0.000000,PMPI_Sendrecv
State,rank-35,MPI_STATE,0.000311,0.000407,0.000096,0.000000,PMPI_Sendrecv
State,rank-35,MPI_STATE,0.000407,0.000795,0.000388,0.000000,PMPI_Sendrecv
State,rank-35,MPI_STATE,0.000795,0.000795,0.000000,0.000000,PMPI_Reduce
State,rank-35,MPI_STATE,0.000795,0.000795,0.000000,0.000000,PMPI_Reduce
State,rank-35,MPI_STATE,0.000795,0.000810,0.000015,0.000000,PMPI_Barrier
State,rank-35,MPI_STATE,0.000810,0.000810,0.000000,0.000000,PMPI_Finalize
State,rank-34,MPI_STATE,0.000000,0.000000,0.000000,0.000000,PMPI_Init
State,rank-34,MPI_STATE,0.000000,0.000005,0.000005,0.000000,PMPI_Barrier
State,rank-34,MPI_STATE,0.000005,0.000052,0.000047,0.000000,PMPI_Scatter
State,rank-34,MPI_STATE,0.000052,0.000068,0.000016,0.000000,PMPI_Sendrecv
State,rank-34,MPI_STATE,0.000068,0.000076,0.000008,0.000000,PMPI_Sendrecv
State,rank-34,MPI_STATE,0.000076,0.000141,0.000065,0.000000,PMPI_Sendrecv
State,rank-34,MPI_STATE,0.000141,0.000284,0.000143,0.000000,PMPI_Sendrecv
State,rank-34,MPI_STATE,0.000284,0.000311,0.000027,0.000000,PMPI_Sendrecv
State,rank-34,MPI_STATE,0.000311,0.000407,0.000096,0.000000,PMPI_Sendrecv
State,rank-34,MPI_STATE,0.000407,0.000795,0.000388,0.000000,PMPI_Sendrecv
State,rank-34,MPI_STATE,0.000795,0.000795,0.000000,0.000000,PMPI_Reduce
State,rank-34,MPI_STATE,0.000795,0.000795,0.000000,0.000000,PMPI_Reduce
State,rank-34,MPI_STATE,0.000795,0.000809,0.000014,0.000000,PMPI_Barrier
State,rank-34,MPI_STATE,0.000809,0.000809,0.000000,0.000000,PMPI_Finalize
State,rank-33,MPI_STATE,0.000000,0.000000,0.000000,0.000000,PMPI_Init
State,rank-33,MPI_STATE,0.000000,0.000005,0.000005,0.000000,PMPI_Barrier
State,rank-33,MPI_STATE,0.000005,0.000039,0.000034,0.000000,PMPI_Scatter
State,rank-33,MPI_STATE,0.000039,0.000042,0.000003,0.000000,PMPI_Sendrecv
State,rank-33,MPI_STATE,0.000042,0.000076,0.000034,0.000000,PMPI_Sendrecv
State,rank-33,MPI_STATE,0.000076,0.000141,0.000065,0.000000,PMPI_Sendrecv
State,rank-33,MPI_STATE,0.000141,0.000284,0.000143,0.000000,PMPI_Sendrecv
State,rank-33,MPI_STATE,0.000284,0.000311,0.000027,0.000000,PMPI_Sendrecv
State,rank-33,MPI_STATE,0.000311,0.000407,0.000096,0.000000,PMPI_Sendrecv
State,rank-33,MPI_STATE,0.000407,0.000795,0.000388,0.000000,PMPI_Sendrecv
State,rank-33,MPI_STATE,0.000795,0.000795,0.000000,0.000000,PMPI_Reduce
State,rank-33,MPI_STATE,0.000795,0.000795,0.000000,0.000000,PMPI_Reduce
State,rank-33,MPI_STATE,0.000795,0.000809,0.000014,0.000000,PMPI_Barrier
State,rank-33,MPI_STATE,0.000809,0.000809,0.000000,0.000000,PMPI_Finalize
State,rank-32,MPI_STATE,0.000000,0.000000,0.000000,0.000000,PMPI_Init
State,rank-32,MPI_STATE,0.000000,0.000005,0.000005,0.000000,PMPI_Barrier
State,rank-32,MPI_STATE,0.000005,0.000008,0.000003,0.000000,PMPI_Scatter
State,rank-32,MPI_STATE,0.000008,0.000042,0.000034,0.000000,PMPI_Sendrecv
State,rank-32,MPI_STATE,0.000042,0.000076,0.000034,0.000000,PMPI_Sendrecv
State,rank-32,MPI_STATE,0.000076,0.000141,0.000065,0.000000,PMPI_Sendrecv
State,rank-32,MPI_STATE,0.000141,0.000284,0.000143,0.000000,PMPI_Sendrecv
State,rank-32,MPI_STATE,0.000284,0.000311,0.000027,0.000000,PMPI_Sendrecv
State,rank-32,MPI_STATE,0.000311,0.000407,0.000096,0.000000,PMPI_Sendrecv
State,rank-32,MPI_STATE,0.000407,0.000795,0.000388,0.000000,PMPI_Sendrecv
State,rank-32,MPI_STATE,0.000795,0.000795,0.000000,0.000000,PMPI_Reduce
State,rank-32,MPI_STATE,0.000795,0.000795,0.000000,0.000000,PMPI_Reduce
State,rank-32,MPI_STATE,0.000795,0.000809,0.000014,0.000000,PMPI_Barrier
State,rank-32,MPI_STATE,0.000809,0.000809,0.000000,0.000000,PMPI_Finalize
State,rank-31,MPI_STATE,0.000000,0.000000,0.000000,0.000000,PMPI_Init
State,rank-31,MPI_STATE,0.000000,0.000008,0.000008,0.000000,PMPI_Barrier
State,rank-31,MPI_STATE,0.000008,0.000139,0.000131,0.000000,PMPI_Scatter
State,rank-31,MPI_STATE,0.000139,0.000141,0.000002,0.000000,PMPI_Sendrecv
State,rank-31,MPI_STATE,0.000141,0.000149,0.000008,0.000000,PMPI_Sendrecv
State,rank-31,MPI_STATE,0.000149,0.000177,0.000028,0.000000,PMPI_Sendrecv
State,rank-31,MPI_STATE,0.000177,0.000280,0.000103,0.000000,PMPI_Sendrecv
State,rank-31,MPI_STATE,0.000280,0.000305,0.000025,0.000000,PMPI_Sendrecv
State,rank-31,MPI_STATE,0.000305,0.000407,0.000102,0.000000,PMPI_Sendrecv
State,rank-31,MPI_STATE,0.000407,0.000795,0.000388,0.000000,PMPI_Sendrecv
State,rank-31,MPI_STATE,0.000795,0.000795,0.000000,0.000000,PMPI_Reduce
State,rank-31,MPI_STATE,0.000795,0.000795,0.000000,0.000000,PMPI_Reduce
State,rank-31,MPI_STATE,0.000795,0.000812,0.000017,0.000000,PMPI_Barrier
State,rank-31,MPI_STATE,0.000812,0.000812,0.000000,0.000000,PMPI_Finalize
State,rank-30,MPI_STATE,0.000000,0.000000,0.000000,0.000000,PMPI_Init
State,rank-30,MPI_STATE,0.000000,0.000007,0.000007,0.000000,PMPI_Barrier
State,rank-30,MPI_STATE,0.000008,0.000135,0.000127,0.000000,PMPI_Scatter
State,rank-30,MPI_STATE,0.000135,0.000141,0.000006,0.000000,PMPI_Sendrecv
State,rank-30,MPI_STATE,0.000141,0.000149,0.000008,0.000000,PMPI_Sendrecv
State,rank-30,MPI_STATE,0.000149,0.000177,0.000028,0.000000,PMPI_Sendrecv
State,rank-30,MPI_STATE,0.000177,0.000280,0.000103,0.000000,PMPI_Sendrecv
State,rank-30,MPI_STATE,0.000280,0.000305,0.000025,0.000000,PMPI_Sendrecv
State,rank-30,MPI_STATE,0.000305,0.000407,0.000102,0.000000,PMPI_Sendrecv
State,rank-30,MPI_STATE,0.000407,0.000795,0.000388,0.000000,PMPI_Sendrecv
State,rank-30,MPI_STATE,0.000795,0.000795,0.000000,0.000000,PMPI_Reduce
State,rank-30,MPI_STATE,0.000795,0.000795,0.000000,0.000000,PMPI_Reduce
State,rank-30,MPI_STATE,0.000795,0.000812,0.000017,0.000000,PMPI_Barrier
State,rank-30,MPI_STATE,0.000812,0.000812,0.000000,0.000000,PMPI_Finalize
State,rank-29,MPI_STATE,0.000000,0.000000,0.000000,0.000000,PMPI_Init
State,rank-29,MPI_STATE,0.000000,0.000007,0.000007,0.000000,PMPI_Barrier
State,rank-29,MPI_STATE,0.000007,0.000131,0.000124,0.000000,PMPI_Scatter
State,rank-29,MPI_STATE,0.000131,0.000133,0.000002,0.000000,PMPI_Sendrecv
State,rank-29,MPI_STATE,0.000133,0.000149,0.000016,0.000000,PMPI_Sendrecv
State,rank-29,MPI_STATE,0.000149,0.000177,0.000028,0.000000,PMPI_Sendrecv
State,rank-29,MPI_STATE,0.000177,0.000280,0.000103,0.000000,PMPI_Sendrecv
State,rank-29,MPI_STATE,0.000280,0.000305,0.000025,0.000000,PMPI_Sendrecv
State,rank-29,MPI_STATE,0.000305,0.000407,0.000102,0.000000,PMPI_Sendrecv
State,rank-29,MPI_STATE,0.000407,0.000795,0.000388,0.000000,PMPI_Sendrecv
State,rank-29,MPI_STATE,0.000795,0.000795,0.000000,0.000000,PMPI_Reduce
State,rank-29,MPI_STATE,0.000795,0.000795,0.000000,0.000000,PMPI_Reduce
State,rank-29,MPI_STATE,0.000795,0.000811,0.000016,0.000000,PMPI_Barrier
State,rank-29,MPI_STATE,0.000811,0.000811,0.000000,0.000000,PMPI_Finalize
State,rank-2,MPI_STATE,0.000000,0.000000,0.000000,0.000000,PMPI_Init
State,rank-2,MPI_STATE,0.000000,0.000005,0.000005,0.000000,PMPI_Barrier
State,rank-2,MPI_STATE,0.000005,0.000024,0.000019,0.000000,PMPI_Scatter
State,rank-2,MPI_STATE,0.000024,0.000051,0.000027,0.000000,PMPI_Sendrecv
State,rank-2,MPI_STATE,0.000051,0.000085,0.000034,0.000000,PMPI_Sendrecv
State,rank-2,MPI_STATE,0.000085,0.000157,0.000072,0.000000,PMPI_Sendrecv
State,rank-2,MPI_STATE,0.000157,0.000278,0.000121,0.000000,PMPI_Sendrecv
State,rank-2,MPI_STATE,0.000278,0.000305,0.000027,0.000000,PMPI_Sendrecv
State,rank-2,MPI_STATE,0.000305,0.000407,0.000102,0.000000,PMPI_Sendrecv
State,rank-2,MPI_STATE,0.000407,0.000795,0.000388,0.000000,PMPI_Sendrecv
State,rank-2,MPI_STATE,0.000795,0.000795,0.000000,0.000000,PMPI_Reduce
State,rank-2,MPI_STATE,0.000795,0.000795,0.000000,0.000000,PMPI_Reduce
State,rank-2,MPI_STATE,0.000795,0.000809,0.000014,0.000000,PMPI_Barrier
State,rank-2,MPI_STATE,0.000809,0.000809,0.000000,0.000000,PMPI_Finalize
State,rank-28,MPI_STATE,0.000000,0.000000,0.000000,0.000000,PMPI_Init
State,rank-28,MPI_STATE,0.000000,0.000007,0.000007,0.000000,PMPI_Barrier
State,rank-28,MPI_STATE,0.000007,0.000126,0.000119,0.000000,PMPI_Scatter
State,rank-28,MPI_STATE,0.000126,0.000133,0.000007,0.000000,PMPI_Sendrecv
State,rank-28,MPI_STATE,0.000133,0.000149,0.000016,0.000000,PMPI_Sendrecv
State,rank-28,MPI_STATE,0.000149,0.000177,0.000028,0.000000,PMPI_Sendrecv
State,rank-28,MPI_STATE,0.000177,0.000280,0.000103,0.000000,PMPI_Sendrecv
State,rank-28,MPI_STATE,0.000280,0.000305,0.000025,0.000000,PMPI_Sendrecv
State,rank-28,MPI_STATE,0.000305,0.000407,0.000102,0.000000,PMPI_Sendrecv
State,rank-28,MPI_STATE,0.000407,0.000795,0.000388,0.000000,PMPI_Sendrecv
State,rank-28,MPI_STATE,0.000795,0.000795,0.000000,0.000000,PMPI_Reduce
State,rank-28,MPI_STATE,0.000795,0.000795,0.000000,0.000000,PMPI_Reduce
State,rank-28,MPI_STATE,0.000795,0.000811,0.000016,0.000000,PMPI_Barrier
State,rank-28,MPI_STATE,0.000811,0.000811,0.000000,0.000000,PMPI_Finalize
State,rank-27,MPI_STATE,0.000000,0.000000,0.000000,0.000000,PMPI_Init
State,rank-27,MPI_STATE,0.000000,0.000007,0.000007,0.000000,PMPI_Barrier
State,rank-27,MPI_STATE,0.000007,0.000121,0.000114,0.000000,PMPI_Scatter
State,rank-27,MPI_STATE,0.000121,0.000124,0.000003,0.000000,PMPI_Sendrecv
State,rank-27,MPI_STATE,0.000124,0.000132,0.000008,0.000000,PMPI_Sendrecv
State,rank-27,MPI_STATE,0.000132,0.000177,0.000045,0.000000,PMPI_Sendrecv
State,rank-27,MPI_STATE,0.000177,0.000280,0.000103,0.000000,PMPI_Sendrecv
State,rank-27,MPI_STATE,0.000280,0.000305,0.000025,0.000000,PMPI_Sendrecv
State,rank-27,MPI_STATE,0.000305,0.000407,0.000102,0.000000,PMPI_Sendrecv
State,rank-27,MPI_STATE,0.000407,0.000795,0.000388,0.000000,PMPI_Sendrecv
State,rank-27,MPI_STATE,0.000795,0.000795,0.000000,0.000000,PMPI_Reduce
State,rank-27,MPI_STATE,0.000795,0.000795,0.000000,0.000000,PMPI_Reduce
State,rank-27,MPI_STATE,0.000795,0.000811,0.000016,0.000000,PMPI_Barrier
State,rank-27,MPI_STATE,0.000811,0.000811,0.000000,0.000000,PMPI_Finalize
State,rank-26,MPI_STATE,0.000000,0.000000,0.000000,0.000000,PMPI_Init
State,rank-26,MPI_STATE,0.000000,0.000007,0.000007,0.000000,PMPI_Barrier
State,rank-26,MPI_STATE,0.000007,0.000117,0.000110,0.000000,PMPI_Scatter
State,rank-26,MPI_STATE,0.000117,0.000124,0.000007,0.000000,PMPI_Sendrecv
State,rank-26,MPI_STATE,0.000124,0.000132,0.000008,0.000000,PMPI_Sendrecv
State,rank-26,MPI_STATE,0.000132,0.000177,0.000045,0.000000,PMPI_Sendrecv
State,rank-26,MPI_STATE,0.000177,0.000280,0.000103,0.000000,PMPI_Sendrecv
State,rank-26,MPI_STATE,0.000280,0.000305,0.000025,0.000000,PMPI_Sendrecv
State,rank-26,MPI_STATE,0.000305,0.000407,0.000102,0.000000,PMPI_Sendrecv
State,rank-26,MPI_STATE,0.000407,0.000795,0.000388,0.000000,PMPI_Sendrecv
State,rank-26,MPI_STATE,0.000795,0.000795,0.000000,0.000000,PMPI_Reduce
State,rank-26,MPI_STATE,0.000795,0.000795,0.000000,0.000000,PMPI_Reduce
State,rank-26,MPI_STATE,0.000795,0.000811,0.000016,0.000000,PMPI_Barrier
State,rank-26,MPI_STATE,0.000811,0.000811,0.000000,0.000000,PMPI_Finalize
State,rank-25,MPI_STATE,0.000000,0.000000,0.000000,0.000000,PMPI_Init
State,rank-25,MPI_STATE,0.000000,0.000006,0.000006,0.000000,PMPI_Barrier
State,rank-25,MPI_STATE,0.000006,0.000110,0.000104,0.000000,PMPI_Scatter
State,rank-25,MPI_STATE,0.000110,0.000112,0.000002,0.000000,PMPI_Sendrecv
State,rank-25,MPI_STATE,0.000112,0.000132,0.000020,0.000000,PMPI_Sendrecv
State,rank-25,MPI_STATE,0.000132,0.000177,0.000045,0.000000,PMPI_Sendrecv
State,rank-25,MPI_STATE,0.000177,0.000280,0.000103,0.000000,PMPI_Sendrecv
State,rank-25,MPI_STATE,0.000280,0.000305,0.000025,0.000000,PMPI_Sendrecv
State,rank-25,MPI_STATE,0.000305,0.000407,0.000102,0.000000,PMPI_Sendrecv
State,rank-25,MPI_STATE,0.000407,0.000795,0.000388,0.000000,PMPI_Sendrecv
State,rank-25,MPI_STATE,0.000795,0.000795,0.000000,0.000000,PMPI_Reduce
State,rank-25,MPI_STATE,0.000795,0.000795,0.000000,0.000000,PMPI_Reduce
State,rank-25,MPI_STATE,0.000795,0.000811,0.000016,0.000000,PMPI_Barrier
State,rank-25,MPI_STATE,0.000811,0.000811,0.000000,0.000000,PMPI_Finalize
State,rank-24,MPI_STATE,0.000000,0.000000,0.000000,0.000000,PMPI_Init
State,rank-24,MPI_STATE,0.000000,0.000006,0.000006,0.000000,PMPI_Barrier
State,rank-24,MPI_STATE,0.000006,0.000103,0.000097,0.000000,PMPI_Scatter
State,rank-24,MPI_STATE,0.000103,0.000112,0.000009,0.000000,PMPI_Sendrecv
State,rank-24,MPI_STATE,0.000112,0.000132,0.000020,0.000000,PMPI_Sendrecv
State,rank-24,MPI_STATE,0.000132,0.000177,0.000045,0.000000,PMPI_Sendrecv
State,rank-24,MPI_STATE,0.000177,0.000280,0.000103,0.000000,PMPI_Sendrecv
State,rank-24,MPI_STATE,0.000280,0.000305,0.000025,0.000000,PMPI_Sendrecv
State,rank-24,MPI_STATE,0.000305,0.000407,0.000102,0.000000,PMPI_Sendrecv
State,rank-24,MPI_STATE,0.000407,0.000795,0.000388,0.000000,PMPI_Sendrecv
State,rank-24,MPI_STATE,0.000795,0.000795,0.000000,0.000000,PMPI_Reduce
State,rank-24,MPI_STATE,0.000795,0.000795,0.000000,0.000000,PMPI_Reduce
State,rank-24,MPI_STATE,0.000795,0.000810,0.000015,0.000000,PMPI_Barrier
State,rank-24,MPI_STATE,0.000810,0.000810,0.000000,0.000000,PMPI_Finalize
State,rank-23,MPI_STATE,0.000000,0.000000,0.000000,0.000000,PMPI_Init
State,rank-23,MPI_STATE,0.000000,0.000006,0.000006,0.000000,PMPI_Barrier
State,rank-23,MPI_STATE,0.000006,0.000095,0.000089,0.000000,PMPI_Scatter
State,rank-23,MPI_STATE,0.000095,0.000098,0.000003,0.000000,PMPI_Sendrecv
State,rank-23,MPI_STATE,0.000098,0.000106,0.000008,0.000000,PMPI_Sendrecv
State,rank-23,MPI_STATE,0.000106,0.000134,0.000028,0.000000,PMPI_Sendrecv
State,rank-23,MPI_STATE,0.000134,0.000280,0.000146,0.000000,PMPI_Sendrecv
State,rank-23,MPI_STATE,0.000280,0.000305,0.000025,0.000000,PMPI_Sendrecv
State,rank-23,MPI_STATE,0.000305,0.000407,0.000102,0.000000,PMPI_Sendrecv
State,rank-23,MPI_STATE,0.000407,0.000795,0.000388,0.000000,PMPI_Sendrecv
State,rank-23,MPI_STATE,0.000795,0.000795,0.000000,0.000000,PMPI_Reduce
State,rank-23,MPI_STATE,0.000795,0.000795,0.000000,0.000000,PMPI_Reduce
State,rank-23,MPI_STATE,0.000795,0.000810,0.000015,0.000000,PMPI_Barrier
State,rank-23,MPI_STATE,0.000810,0.000810,0.000000,0.000000,PMPI_Finalize
State,rank-22,MPI_STATE,0.000000,0.000000,0.000000,0.000000,PMPI_Init
State,rank-22,MPI_STATE,0.000000,0.000006,0.000006,0.000000,PMPI_Barrier
State,rank-22,MPI_STATE,0.000006,0.000088,0.000082,0.000000,PMPI_Scatter
State,rank-22,MPI_STATE,0.000088,0.000098,0.000010,0.000000,PMPI_Sendrecv
State,rank-22,MPI_STATE,0.000098,0.000106,0.000008,0.000000,PMPI_Sendrecv
State,rank-22,MPI_STATE,0.000106,0.000134,0.000028,0.000000,PMPI_Sendrecv
State,rank-22,MPI_STATE,0.000134,0.000280,0.000146,0.000000,PMPI_Sendrecv
State,rank-22,MPI_STATE,0.000280,0.000305,0.000025,0.000000,PMPI_Sendrecv
State,rank-22,MPI_STATE,0.000305,0.000407,0.000102,0.000000,PMPI_Sendrecv
State,rank-22,MPI_STATE,0.000407,0.000795,0.000388,0.000000,PMPI_Sendrecv
State,rank-22,MPI_STATE,0.000795,0.000795,0.000000,0.000000,PMPI_Reduce
State,rank-22,MPI_STATE,0.000795,0.000795,0.000000,0.000000,PMPI_Reduce
State,rank-22,MPI_STATE,0.000795,0.000810,0.000015,0.000000,PMPI_Barrier
State,rank-22,MPI_STATE,0.000810,0.000810,0.000000,0.000000,PMPI_Finalize
State,rank-21,MPI_STATE,0.000000,0.000000,0.000000,0.000000,PMPI_Init
State,rank-21,MPI_STATE,0.000000,0.000006,0.000006,0.000000,PMPI_Barrier
State,rank-21,MPI_STATE,0.000006,0.000078,0.000072,0.000000,PMPI_Scatter
State,rank-21,MPI_STATE,0.000078,0.000080,0.000002,0.000000,PMPI_Sendrecv
State,rank-21,MPI_STATE,0.000080,0.000106,0.000026,0.000000,PMPI_Sendrecv
State,rank-21,MPI_STATE,0.000106,0.000134,0.000028,0.000000,PMPI_Sendrecv
State,rank-21,MPI_STATE,0.000134,0.000280,0.000146,0.000000,PMPI_Sendrecv
State,rank-21,MPI_STATE,0.000280,0.000305,0.000025,0.000000,PMPI_Sendrecv
State,rank-21,MPI_STATE,0.000305,0.000407,0.000102,0.000000,PMPI_Sendrecv
State,rank-21,MPI_STATE,0.000407,0.000795,0.000388,0.000000,PMPI_Sendrecv
State,rank-21,MPI_STATE,0.000795,0.000795,0.000000,0.000000,PMPI_Reduce
State,rank-21,MPI_STATE,0.000795,0.000795,0.000000,0.000000,PMPI_Reduce
State,rank-21,MPI_STATE,0.000795,0.000810,0.000015,0.000000,PMPI_Barrier
State,rank-21,MPI_STATE,0.000810,0.000810,0.000000,0.000000,PMPI_Finalize
State,rank-20,MPI_STATE,0.000000,0.000000,0.000000,0.000000,PMPI_Init
State,rank-20,MPI_STATE,0.000000,0.000005,0.000005,0.000000,PMPI_Barrier
State,rank-20,MPI_STATE,0.000005,0.000066,0.000061,0.000000,PMPI_Scatter
State,rank-20,MPI_STATE,0.000066,0.000080,0.000014,0.000000,PMPI_Sendrecv
State,rank-20,MPI_STATE,0.000080,0.000106,0.000026,0.000000,PMPI_Sendrecv
State,rank-20,MPI_STATE,0.000106,0.000134,0.000028,0.000000,PMPI_Sendrecv
State,rank-20,MPI_STATE,0.000134,0.000280,0.000146,0.000000,PMPI_Sendrecv
State,rank-20,MPI_STATE,0.000280,0.000305,0.000025,0.000000,PMPI_Sendrecv
State,rank-20,MPI_STATE,0.000305,0.000407,0.000102,0.000000,PMPI_Sendrecv
State,rank-20,MPI_STATE,0.000407,0.000795,0.000388,0.000000,PMPI_Sendrecv
State,rank-20,MPI_STATE,0.000795,0.000795,0.000000,0.000000,PMPI_Reduce
State,rank-20,MPI_STATE,0.000795,0.000795,0.000000,0.000000,PMPI_Reduce
State,rank-20,MPI_STATE,0.000795,0.000810,0.000015,0.000000,PMPI_Barrier
State,rank-20,MPI_STATE,0.000810,0.000810,0.000000,0.000000,PMPI_Finalize
State,rank-19,MPI_STATE,0.000000,0.000000,0.000000,0.000000,PMPI_Init
State,rank-19,MPI_STATE,0.000000,0.000005,0.000005,0.000000,PMPI_Barrier
State,rank-19,MPI_STATE,0.000005,0.000053,0.000048,0.000000,PMPI_Scatter
State,rank-19,MPI_STATE,0.000053,0.000055,0.000002,0.000000,PMPI_Sendrecv
State,rank-19,MPI_STATE,0.000055,0.000063,0.000008,0.000000,PMPI_Sendrecv
State,rank-19,MPI_STATE,0.000063,0.000134,0.000071,0.000000,PMPI_Sendrecv
State,rank-19,MPI_STATE,0.000134,0.000280,0.000146,0.000000,PMPI_Sendrecv
State,rank-19,MPI_STATE,0.000280,0.000305,0.000025,0.000000,PMPI_Sendrecv
State,rank-19,MPI_STATE,0.000305,0.000407,0.000102,0.000000,PMPI_Sendrecv
State,rank-19,MPI_STATE,0.000407,0.000795,0.000388,0.000000,PMPI_Sendrecv
State,rank-19,MPI_STATE,0.000795,0.000795,0.000000,0.000000,PMPI_Reduce
State,rank-19,MPI_STATE,0.000795,0.000795,0.000000,0.000000,PMPI_Reduce
State,rank-19,MPI_STATE,0.000795,0.000809,0.000014,0.000000,PMPI_Barrier
State,rank-19,MPI_STATE,0.000809,0.000809,0.000000,0.000000,PMPI_Finalize
State,rank-1,MPI_STATE,0.000000,0.000000,0.000000,0.000000,PMPI_Init
State,rank-1,MPI_STATE,0.000000,0.000005,0.000005,0.000000,PMPI_Barrier
State,rank-1,MPI_STATE,0.000005,0.000007,0.000002,0.000000,PMPI_Scatter
State,rank-1,MPI_STATE,0.000007,0.000018,0.000011,0.000000,PMPI_Sendrecv
State,rank-1,MPI_STATE,0.000018,0.000085,0.000067,0.000000,PMPI_Sendrecv
State,rank-1,MPI_STATE,0.000085,0.000157,0.000072,0.000000,PMPI_Sendrecv
State,rank-1,MPI_STATE,0.000157,0.000278,0.000121,0.000000,PMPI_Sendrecv
State,rank-1,MPI_STATE,0.000278,0.000305,0.000027,0.000000,PMPI_Sendrecv
State,rank-1,MPI_STATE,0.000305,0.000407,0.000102,0.000000,PMPI_Sendrecv
State,rank-1,MPI_STATE,0.000407,0.000795,0.000388,0.000000,PMPI_Sendrecv
State,rank-1,MPI_STATE,0.000795,0.000795,0.000000,0.000000,PMPI_Reduce
State,rank-1,MPI_STATE,0.000795,0.000795,0.000000,0.000000,PMPI_Reduce
State,rank-1,MPI_STATE,0.000795,0.000809,0.000014,0.000000,PMPI_Barrier
State,rank-1,MPI_STATE,0.000809,0.000809,0.000000,0.000000,PMPI_Finalize
State,rank-18,MPI_STATE,0.000000,0.000000,0.000000,0.000000,PMPI_Init
State,rank-18,MPI_STATE,0.000000,0.000005,0.000005,0.000000,PMPI_Barrier
State,rank-18,MPI_STATE,0.000005,0.000039,0.000034,0.000000,PMPI_Scatter
State,rank-18,MPI_STATE,0.000039,0.000055,0.000016,0.000000,PMPI_Sendrecv
State,rank-18,MPI_STATE,0.000055,0.000063,0.000008,0.000000,PMPI_Sendrecv
State,rank-18,MPI_STATE,0.000063,0.000134,0.000071,0.000000,PMPI_Sendrecv
State,rank-18,MPI_STATE,0.000134,0.000280,0.000146,0.000000,PMPI_Sendrecv
State,rank-18,MPI_STATE,0.000280,0.000305,0.000025,0.000000,PMPI_Sendrecv
State,rank-18,MPI_STATE,0.000305,0.000407,0.000102,0.000000,PMPI_Sendrecv
State,rank-18,MPI_STATE,0.000407,0.000795,0.000388,0.000000,PMPI_Sendrecv
State,rank-18,MPI_STATE,0.000795,0.000795,0.000000,0.000000,PMPI_Reduce
State,rank-18,MPI_STATE,0.000795,0.000795,0.000000,0.000000,PMPI_Reduce
State,rank-18,MPI_STATE,0.000795,0.000809,0.000014,0.000000,PMPI_Barrier
State,rank-18,MPI_STATE,0.000809,0.000809,0.000000,0.000000,PMPI_Finalize
State,rank-17,MPI_STATE,0.000000,0.000000,0.000000,0.000000,PMPI_Init
State,rank-17,MPI_STATE,0.000000,0.000005,0.000005,0.000000,PMPI_Barrier
State,rank-17,MPI_STATE,0.000005,0.000024,0.000019,0.000000,PMPI_Scatter
State,rank-17,MPI_STATE,0.000024,0.000026,0.000002,0.000000,PMPI_Sendrecv
State,rank-17,MPI_STATE,0.000026,0.000063,0.000037,0.000000,PMPI_Sendrecv
State,rank-17,MPI_STATE,0.000063,0.000134,0.000071,0.000000,PMPI_Sendrecv
State,rank-17,MPI_STATE,0.000134,0.000280,0.000146,0.000000,PMPI_Sendrecv
State,rank-17,MPI_STATE,0.000280,0.000305,0.000025,0.000000,PMPI_Sendrecv
State,rank-17,MPI_STATE,0.000305,0.000407,0.000102,0.000000,PMPI_Sendrecv
State,rank-17,MPI_STATE,0.000407,0.000795,0.000388,0.000000,PMPI_Sendrecv
State,rank-17,MPI_STATE,0.000795,0.000795,0.000000,0.000000,PMPI_Reduce
State,rank-17,MPI_STATE,0.000795,0.000795,0.000000,0.000000,PMPI_Reduce
State,rank-17,MPI_STATE,0.000795,0.000809,0.000014,0.000000,PMPI_Barrier
State,rank-17,MPI_STATE,0.000809,0.000809,0.000000,0.000000,PMPI_Finalize
State,rank-16,MPI_STATE,0.000000,0.000000,0.000000,0.000000,PMPI_Init
State,rank-16,MPI_STATE,0.000000,0.000005,0.000005,0.000000,PMPI_Barrier
State,rank-16,MPI_STATE,0.000005,0.000006,0.000001,0.000000,PMPI_Scatter
State,rank-16,MPI_STATE,0.000006,0.000026,0.000020,0.000000,PMPI_Sendrecv
State,rank-16,MPI_STATE,0.000026,0.000063,0.000037,0.000000,PMPI_Sendrecv
State,rank-16,MPI_STATE,0.000063,0.000134,0.000071,0.000000,PMPI_Sendrecv
State,rank-16,MPI_STATE,0.000134,0.000280,0.000146,0.000000,PMPI_Sendrecv
State,rank-16,MPI_STATE,0.000280,0.000305,0.000025,0.000000,PMPI_Sendrecv
State,rank-16,MPI_STATE,0.000305,0.000407,0.000102,0.000000,PMPI_Sendrecv
State,rank-16,MPI_STATE,0.000407,0.000795,0.000388,0.000000,PMPI_Sendrecv
State,rank-16,MPI_STATE,0.000795,0.000795,0.000000,0.000000,PMPI_Reduce
State,rank-16,MPI_STATE,0.000795,0.000795,0.000000,0.000000,PMPI_Reduce
State,rank-16,MPI_STATE,0.000795,0.000809,0.000014,0.000000,PMPI_Barrier
State,rank-16,MPI_STATE,0.000809,0.000809,0.000000,0.000000,PMPI_Finalize
State,rank-15,MPI_STATE,0.000000,0.000000,0.000000,0.000000,PMPI_Init
State,rank-15,MPI_STATE,0.000000,0.000007,0.000007,0.000000,PMPI_Barrier
State,rank-15,MPI_STATE,0.000008,0.000135,0.000127,0.000000,PMPI_Scatter
State,rank-15,MPI_STATE,0.000135,0.000138,0.000003,0.000000,PMPI_Sendrecv
State,rank-15,MPI_STATE,0.000138,0.000147,0.000009,0.000000,PMPI_Sendrecv
State,rank-15,MPI_STATE,0.000147,0.000175,0.000028,0.000000,PMPI_Sendrecv
State,rank-15,MPI_STATE,0.000175,0.000278,0.000103,0.000000,PMPI_Sendrecv
State,rank-15,MPI_STATE,0.000278,0.000305,0.000027,0.000000,PMPI_Sendrecv
State,rank-15,MPI_STATE,0.000305,0.000407,0.000102,0.000000,PMPI_Sendrecv
State,rank-15,MPI_STATE,0.000407,0.000795,0.000388,0.000000,PMPI_Sendrecv
State,rank-15,MPI_STATE,0.000795,0.000795,0.000000,0.000000,PMPI_Reduce
State,rank-15,MPI_STATE,0.000795,0.000795,0.000000,0.000000,PMPI_Reduce
State,rank-15,MPI_STATE,0.000795,0.000812,0.000017,0.000000,PMPI_Barrier
State,rank-15,MPI_STATE,0.000812,0.000812,0.000000,0.000000,PMPI_Finalize
State,rank-14,MPI_STATE,0.000000,0.000000,0.000000,0.000000,PMPI_Init
State,rank-14,MPI_STATE,0.000000,0.000007,0.000007,0.000000,PMPI_Barrier
State,rank-14,MPI_STATE,0.000007,0.000131,0.000124,0.000000,PMPI_Scatter
State,rank-14,MPI_STATE,0.000131,0.000138,0.000007,0.000000,PMPI_Sendrecv
State,rank-14,MPI_STATE,0.000138,0.000147,0.000009,0.000000,PMPI_Sendrecv
State,rank-14,MPI_STATE,0.000147,0.000175,0.000028,0.000000,PMPI_Sendrecv
State,rank-14,MPI_STATE,0.000175,0.000278,0.000103,0.000000,PMPI_Sendrecv
State,rank-14,MPI_STATE,0.000278,0.000305,0.000027,0.000000,PMPI_Sendrecv
State,rank-14,MPI_STATE,0.000305,0.000407,0.000102,0.000000,PMPI_Sendrecv
State,rank-14,MPI_STATE,0.000407,0.000795,0.000388,0.000000,PMPI_Sendrecv
State,rank-14,MPI_STATE,0.000795,0.000795,0.000000,0.000000,PMPI_Reduce
State,rank-14,MPI_STATE,0.000795,0.000795,0.000000,0.000000,PMPI_Reduce
State,rank-14,MPI_STATE,0.000795,0.000811,0.000016,0.000000,PMPI_Barrier
State,rank-14,MPI_STATE,0.000811,0.000811,0.000000,0.000000,PMPI_Finalize
State,rank-13,MPI_STATE,0.000000,0.000000,0.000000,0.000000,PMPI_Init
State,rank-13,MPI_STATE,0.000000,0.000007,0.000007,0.000000,PMPI_Barrier
State,rank-13,MPI_STATE,0.000007,0.000126,0.000119,0.000000,PMPI_Scatter
State,rank-13,MPI_STATE,0.000126,0.000130,0.000004,0.000000,PMPI_Sendrecv
State,rank-13,MPI_STATE,0.000130,0.000147,0.000017,0.000000,PMPI_Sendrecv
State,rank-13,MPI_STATE,0.000147,0.000175,0.000028,0.000000,PMPI_Sendrecv
State,rank-13,MPI_STATE,0.000175,0.000278,0.000103,0.000000,PMPI_Sendrecv
State,rank-13,MPI_STATE,0.000278,0.000305,0.000027,0.000000,PMPI_Sendrecv
State,rank-13,MPI_STATE,0.000305,0.000407,0.000102,0.000000,PMPI_Sendrecv
State,rank-13,MPI_STATE,0.000407,0.000795,0.000388,0.000000,PMPI_Sendrecv
State,rank-13,MPI_STATE,0.000795,0.000795,0.000000,0.000000,PMPI_Reduce
State,rank-13,MPI_STATE,0.000795,0.000795,0.000000,0.000000,PMPI_Reduce
State,rank-13,MPI_STATE,0.000795,0.000811,0.000016,0.000000,PMPI_Barrier
State,rank-13,MPI_STATE,0.000811,0.000811,0.000000,0.000000,PMPI_Finalize
State,rank-12,MPI_STATE,0.000000,0.000000,0.000000,0.000000,PMPI_Init
State,rank-12,MPI_STATE,0.000000,0.000007,0.000007,0.000000,PMPI_Barrier
State,rank-12,MPI_STATE,0.000007,0.000121,0.000114,0.000000,PMPI_Scatter
State,rank-12,MPI_STATE,0.000121,0.000130,0.000009,0.000000,PMPI_Sendrecv
State,rank-12,MPI_STATE,0.000130,0.000147,0.000017,0.000000,PMPI_Sendrecv
State,rank-12,MPI_STATE,0.000147,0.000175,0.000028,0.000000,PMPI_Sendrecv
State,rank-12,MPI_STATE,0.000175,0.000278,0.000103,0.000000,PMPI_Sendrecv
State,rank-12,MPI_STATE,0.000278,0.000305,0.000027,0.000000,PMPI_Sendrecv
State,rank-12,MPI_STATE,0.000305,0.000407,0.000102,0.000000,PMPI_Sendrecv
State,rank-12,MPI_STATE,0.000407,0.000795,0.000388,0.000000,PMPI_Sendrecv
State,rank-12,MPI_STATE,0.000795,0.000795,0.000000,0.000000,PMPI_Reduce
State,rank-12,MPI_STATE,0.000795,0.000795,0.000000,0.000000,PMPI_Reduce
State,rank-12,MPI_STATE,0.000795,0.000811,0.000016,0.000000,PMPI_Barrier
State,rank-12,MPI_STATE,0.000811,0.000811,0.000000,0.000000,PMPI_Finalize
State,rank-127,MPI_STATE,0.000000,0.000000,0.000000,0.000000,PMPI_Init
State,rank-127,MPI_STATE,0.000000,0.000009,0.000009,0.000000,PMPI_Barrier
State,rank-127,MPI_STATE,0.000009,0.000154,0.000145,0.000000,PMPI_Scatter
State,rank-127,MPI_STATE,0.000154,0.000156,0.000002,0.000000,PMPI_Sendrecv
State,rank-127,MPI_STATE,0.000156,0.000165,0.000009,0.000000,PMPI_Sendrecv
State,rank-127,MPI_STATE,0.000165,0.000193,0.000028,0.000000,PMPI_Sendrecv
State,rank-127,MPI_STATE,0.000193,0.000296,0.000103,0.000000,PMPI_Sendrecv
State,rank-127,MPI_STATE,0.000296,0.000320,0.000024,0.000000,PMPI_Sendrecv
State,rank-127,MPI_STATE,0.000320,0.000416,0.000096,0.000000,PMPI_Sendrecv
State,rank-127,MPI_STATE,0.000416,0.000795,0.000379,0.000000,PMPI_Sendrecv
State,rank-127,MPI_STATE,0.000795,0.000795,0.000000,0.000000,PMPI_Reduce
State,rank-127,MPI_STATE,0.000795,0.000795,0.000000,0.000000,PMPI_Reduce
State,rank-127,MPI_STATE,0.000795,0.000813,0.000018,0.000000,PMPI_Barrier
State,rank-127,MPI_STATE,0.000813,0.000813,0.000000,0.000000,PMPI_Finalize
State,rank-126,MPI_STATE,0.000000,0.000000,0.000000,0.000000,PMPI_Init
State,rank-126,MPI_STATE,0.000000,0.000009,0.000009,0.000000,PMPI_Barrier
State,rank-126,MPI_STATE,0.000009,0.000152,0.000143,0.000000,PMPI_Scatter
State,rank-126,MPI_STATE,0.000152,0.000156,0.000004,0.000000,PMPI_Sendrecv
State,rank-126,MPI_STATE,0.000156,0.000165,0.000009,0.000000,PMPI_Sendrecv
State,rank-126,MPI_STATE,0.000165,0.000193,0.000028,0.000000,PMPI_Sendrecv
State,rank-126,MPI_STATE,0.000193,0.000296,0.000103,0.000000,PMPI_Sendrecv
State,rank-126,MPI_STATE,0.000296,0.000320,0.000024,0.000000,PMPI_Sendrecv
State,rank-126,MPI_STATE,0.000320,0.000416,0.000096,0.000000,PMPI_Sendrecv
State,rank-126,MPI_STATE,0.000416,0.000795,0.000379,0.000000,PMPI_Sendrecv
State,rank-126,MPI_STATE,0.000795,0.000795,0.000000,0.000000,PMPI_Reduce
State,rank-126,MPI_STATE,0.000795,0.000795,0.000000,0.000000,PMPI_Reduce
State,rank-126,MPI_STATE,0.000795,0.000813,0.000018,0.000000,PMPI_Barrier
State,rank-126,MPI_STATE,0.000813,0.000813,0.000000,0.000000,PMPI_Finalize
State,rank-125,MPI_STATE,0.000000,0.000000,0.000000,0.000000,PMPI_Init
State,rank-125,MPI_STATE,0.000000,0.000009,0.000009,0.000000,PMPI_Barrier
State,rank-125,MPI_STATE,0.000009,0.000150,0.000141,0.000000,PMPI_Scatter
State,rank-125,MPI_STATE,0.000150,0.000152,0.000002,0.000000,PMPI_Sendrecv
State,rank-125,MPI_STATE,0.000152,0.000165,0.000013,0.000000,PMPI_Sendrecv
State,rank-125,MPI_STATE,0.000165,0.000193,0.000028,0.000000,PMPI_Sendrecv
State,rank-125,MPI_STATE,0.000193,0.000296,0.000103,0.000000,PMPI_Sendrecv
State,rank-125,MPI_STATE,0.000296,0.000320,0.000024,0.000000,PMPI_Sendrecv
State,rank-125,MPI_STATE,0.000320,0.000416,0.000096,0.000000,PMPI_Sendrecv
State,rank-125,MPI_STATE,0.000416,0.000795,0.000379,0.000000,PMPI_Sendrecv
State,rank-125,MPI_STATE,0.000795,0.000795,0.000000,0.000000,PMPI_Reduce
State,rank-125,MPI_STATE,0.000795,0.000795,0.000000,0.000000,PMPI_Reduce
State,rank-125,MPI_STATE,0.000795,0.000813,0.000018,0.000000,PMPI_Barrier
State,rank-125,MPI_STATE,0.000813,0.000813,0.000000,0.000000,PMPI_Finalize
State,rank-124,MPI_STATE,0.000000,0.000000,0.000000,0.000000,PMPI_Init
State,rank-124,MPI_STATE,0.000000,0.000008,0.000008,0.000000,PMPI_Barrier
State,rank-124,MPI_STATE,0.000008,0.000147,0.000139,0.000000,PMPI_Scatter
State,rank-124,MPI_STATE,0.000147,0.000152,0.000005,0.000000,PMPI_Sendrecv
State,rank-124,MPI_STATE,0.000152,0.000165,0.000013,0.000000,PMPI_Sendrecv
State,rank-124,MPI_STATE,0.000165,0.000193,0.000028,0.000000,PMPI_Sendrecv
State,rank-124,MPI_STATE,0.000193,0.000296,0.000103,0.000000,PMPI_Sendrecv
State,rank-124,MPI_STATE,0.000296,0.000320,0.000024,0.000000,PMPI_Sendrecv
State,rank-124,MPI_STATE,0.000320,0.000416,0.000096,0.000000,PMPI_Sendrecv
State,rank-124,MPI_STATE,0.000416,0.000795,0.000379,0.000000,PMPI_Sendrecv
State,rank-124,MPI_STATE,0.000795,0.000795,0.000000,0.000000,PMPI_Reduce
State,rank-124,MPI_STATE,0.000795,0.000795,0.000000,0.000000,PMPI_Reduce
State,rank-124,MPI_STATE,0.000795,0.000812,0.000017,0.000000,PMPI_Barrier
State,rank-124,MPI_STATE,0.000812,0.000812,0.000000,0.000000,PMPI_Finalize
State,rank-123,MPI_STATE,0.000000,0.000000,0.000000,0.000000,PMPI_Init
State,rank-123,MPI_STATE,0.000000,0.000008,0.000008,0.000000,PMPI_Barrier
State,rank-123,MPI_STATE,0.000008,0.000145,0.000137,0.000000,PMPI_Scatter
State,rank-123,MPI_STATE,0.000145,0.000147,0.000002,0.000000,PMPI_Sendrecv
State,rank-123,MPI_STATE,0.000147,0.000155,0.000008,0.000000,PMPI_Sendrecv
State,rank-123,MPI_STATE,0.000155,0.000193,0.000038,0.000000,PMPI_Sendrecv
State,rank-123,MPI_STATE,0.000193,0.000296,0.000103,0.000000,PMPI_Sendrecv
State,rank-123,MPI_STATE,0.000296,0.000320,0.000024,0.000000,PMPI_Sendrecv
State,rank-123,MPI_STATE,0.000320,0.000416,0.000096,0.000000,PMPI_Sendrecv
State,rank-123,MPI_STATE,0.000416,0.000795,0.000379,0.000000,PMPI_Sendrecv
State,rank-123,MPI_STATE,0.000795,0.000795,0.000000,0.000000,PMPI_Reduce
State,rank-123,MPI_STATE,0.000795,0.000795,0.000000,0.000000,PMPI_Reduce
State,rank-123,MPI_STATE,0.000795,0.000812,0.000017,0.000000,PMPI_Barrier
State,rank-123,MPI_STATE,0.000812,0.000812,0.000000,0.000000,PMPI_Finalize
State,rank-122,MPI_STATE,0.000000,0.000000,0.000000,0.000000,PMPI_Init
State,rank-122,MPI_STATE,0.000000,0.000008,0.000008,0.000000,PMPI_Barrier
State,rank-122,MPI_STATE,0.000008,0.000141,0.000133,0.000000,PMPI_Scatter
State,rank-122,MPI_STATE,0.000141,0.000147,0.000006,0.000000,PMPI_Sendrecv
State,rank-122,MPI_STATE,0.000147,0.000155,0.000008,0.000000,PMPI_Sendrecv
State,rank-122,MPI_STATE,0.000155,0.000193,0.000038,0.000000,PMPI_Sendrecv
State,rank-122,MPI_STATE,0.000193,0.000296,0.000103,0.000000,PMPI_Sendrecv
State,rank-122,MPI_STATE,0.000296,0.000320,0.000024,0.000000,PMPI_Sendrecv
State,rank-122,MPI_STATE,0.000320,0.000416,0.000096,0.000000,PMPI_Sendrecv
State,rank-122,MPI_STATE,0.000416,0.000795,0.000379,0.000000,PMPI_Sendrecv
State,rank-122,MPI_STATE,0.000795,0.000795,0.000000,0.000000,PMPI_Reduce
State,rank-122,MPI_STATE,0.000795,0.000795,0.000000,0.000000,PMPI_Reduce
State,rank-122,MPI_STATE,0.000795,0.000812,0.000017,0.000000,PMPI_Barrier
State,rank-122,MPI_STATE,0.000812,0.000812,0.000000,0.000000,PMPI_Finalize
State,rank-121,MPI_STATE,0.000000,0.000000,0.000000,0.000000,PMPI_Init
State,rank-121,MPI_STATE,0.000000,0.000008,0.000008,0.000000,PMPI_Barrier
State,rank-121,MPI_STATE,0.000008,0.000137,0.000129,0.000000,PMPI_Scatter
State,rank-121,MPI_STATE,0.000137,0.000140,0.000003,0.000000,PMPI_Sendrecv
State,rank-121,MPI_STATE,0.000140,0.000155,0.000015,0.000000,PMPI_Sendrecv
State,rank-121,MPI_STATE,0.000155,0.000193,0.000038,0.000000,PMPI_Sendrecv
State,rank-121,MPI_STATE,0.000193,0.000296,0.000103,0.000000,PMPI_Sendrecv
State,rank-121,MPI_STATE,0.000296,0.000320,0.000024,0.000000,PMPI_Sendrecv
State,rank-121,MPI_STATE,0.000320,0.000416,0.000096,0.000000,PMPI_Sendrecv
State,rank-121,MPI_STATE,0.000416,0.000795,0.000379,0.000000,PMPI_Sendrecv
State,rank-121,MPI_STATE,0.000795,0.000795,0.000000,0.000000,PMPI_Reduce
State,rank-121,MPI_STATE,0.000795,0.000795,0.000000,0.000000,PMPI_Reduce
State,rank-121,MPI_STATE,0.000795,0.000812,0.000017,0.000000,PMPI_Barrier
State,rank-121,MPI_STATE,0.000812,0.000812,0.000000,0.000000,PMPI_Finalize
State,rank-120,MPI_STATE,0.000000,0.000000,0.000000,0.000000,PMPI_Init
State,rank-120,MPI_STATE,0.000000,0.000007,0.000007,0.000000,PMPI_Barrier
State,rank-120,MPI_STATE,0.000008,0.000133,0.000125,0.000000,PMPI_Scatter
State,rank-120,MPI_STATE,0.000133,0.000140,0.000007,0.000000,PMPI_Sendrecv
State,rank-120,MPI_STATE,0.000140,0.000155,0.000015,0.000000,PMPI_Sendrecv
State,rank-120,MPI_STATE,0.000155,0.000193,0.000038,0.000000,PMPI_Sendrecv
State,rank-120,MPI_STATE,0.000193,0.000296,0.000103,0.000000,PMPI_Sendrecv
State,rank-120,MPI_STATE,0.000296,0.000320,0.000024,0.000000,PMPI_Sendrecv
State,rank-120,MPI_STATE,0.000320,0.000416,0.000096,0.000000,PMPI_Sendrecv
State,rank-120,MPI_STATE,0.000416,0.000795,0.000379,0.000000,PMPI_Sendrecv
State,rank-120,MPI_STATE,0.000795,0.000795,0.000000,0.000000,PMPI_Reduce
State,rank-120,MPI_STATE,0.000795,0.000795,0.000000,0.000000,PMPI_Reduce
State,rank-120,MPI_STATE,0.000795,0.000812,0.000017,0.000000,PMPI_Barrier
State,rank-120,MPI_STATE,0.000812,0.000812,0.000000,0.000000,PMPI_Finalize
State,rank-119,MPI_STATE,0.000000,0.000000,0.000000,0.000000,PMPI_Init
State,rank-119,MPI_STATE,0.000000,0.000007,0.000007,0.000000,PMPI_Barrier
State,rank-119,MPI_STATE,0.000007,0.000129,0.000122,0.000000,PMPI_Scatter
State,rank-119,MPI_STATE,0.000129,0.000131,0.000002,0.000000,PMPI_Sendrecv
State,rank-119,MPI_STATE,0.000131,0.000140,0.000009,0.000000,PMPI_Sendrecv
State,rank-119,MPI_STATE,0.000140,0.000168,0.000028,0.000000,PMPI_Sendrecv
State,rank-119,MPI_STATE,0.000168,0.000296,0.000128,0.000000,PMPI_Sendrecv
State,rank-119,MPI_STATE,0.000296,0.000320,0.000024,0.000000,PMPI_Sendrecv
State,rank-119,MPI_STATE,0.000320,0.000416,0.000096,0.000000,PMPI_Sendrecv
State,rank-119,MPI_STATE,0.000416,0.000795,0.000379,0.000000,PMPI_Sendrecv
State,rank-119,MPI_STATE,0.000795,0.000795,0.000000,0.000000,PMPI_Reduce
State,rank-119,MPI_STATE,0.000795,0.000795,0.000000,0.000000,PMPI_Reduce
State,rank-119,MPI_STATE,0.000795,0.000811,0.000016,0.000000,PMPI_Barrier
State,rank-119,MPI_STATE,0.000811,0.000811,0.000000,0.000000,PMPI_Finalize
State,rank-11,MPI_STATE,0.000000,0.000000,0.000000,0.000000,PMPI_Init
State,rank-11,MPI_STATE,0.000000,0.000007,0.000007,0.000000,PMPI_Barrier
State,rank-11,MPI_STATE,0.000007,0.000117,0.000110,0.000000,PMPI_Scatter
State,rank-11,MPI_STATE,0.000117,0.000121,0.000004,0.000000,PMPI_Sendrecv
State,rank-11,MPI_STATE,0.000121,0.000135,0.000014,0.000000,PMPI_Sendrecv
State,rank-11,MPI_STATE,0.000135,0.000175,0.000040,0.000000,PMPI_Sendrecv
State,rank-11,MPI_STATE,0.000175,0.000278,0.000103,0.000000,PMPI_Sendrecv
State,rank-11,MPI_STATE,0.000278,0.000305,0.000027,0.000000,PMPI_Sendrecv
State,rank-11,MPI_STATE,0.000305,0.000407,0.000102,0.000000,PMPI_Sendrecv
State,rank-11,MPI_STATE,0.000407,0.000795,0.000388,0.000000,PMPI_Sendrecv
State,rank-11,MPI_STATE,0.000795,0.000795,0.000000,0.000000,PMPI_Reduce
State,rank-11,MPI_STATE,0.000795,0.000795,0.000000,0.000000,PMPI_Reduce
State,rank-11,MPI_STATE,0.000795,0.000811,0.000016,0.000000,PMPI_Barrier
State,rank-11,MPI_STATE,0.000811,0.000811,0.000000,0.000000,PMPI_Finalize
State,rank-118,MPI_STATE,0.000000,0.000000,0.000000,0.000000,PMPI_Init
State,rank-118,MPI_STATE,0.000000,0.000007,0.000007,0.000000,PMPI_Barrier
State,rank-118,MPI_STATE,0.000007,0.000124,0.000117,0.000000,PMPI_Scatter
State,rank-118,MPI_STATE,0.000124,0.000131,0.000007,0.000000,PMPI_Sendrecv
State,rank-118,MPI_STATE,0.000131,0.000140,0.000009,0.000000,PMPI_Sendrecv
State,rank-118,MPI_STATE,0.000140,0.000168,0.000028,0.000000,PMPI_Sendrecv
State,rank-118,MPI_STATE,0.000168,0.000296,0.000128,0.000000,PMPI_Sendrecv
State,rank-118,MPI_STATE,0.000296,0.000320,0.000024,0.000000,PMPI_Sendrecv
State,rank-118,MPI_STATE,0.000320,0.000416,0.000096,0.000000,PMPI_Sendrecv
State,rank-118,MPI_STATE,0.000416,0.000795,0.000379,0.000000,PMPI_Sendrecv
State,rank-118,MPI_STATE,0.000795,0.000795,0.000000,0.000000,PMPI_Reduce
State,rank-118,MPI_STATE,0.000795,0.000795,0.000000,0.000000,PMPI_Reduce
State,rank-118,MPI_STATE,0.000795,0.000811,0.000016,0.000000,PMPI_Barrier
State,rank-118,MPI_STATE,0.000811,0.000811,0.000000,0.000000,PMPI_Finalize
State,rank-117,MPI_STATE,0.000000,0.000000,0.000000,0.000000,PMPI_Init
State,rank-117,MPI_STATE,0.000000,0.000007,0.000007,0.000000,PMPI_Barrier
State,rank-117,MPI_STATE,0.000007,0.000104,0.000097,0.000000,PMPI_Scatter
State,rank-117,MPI_STATE,0.000104,0.000107,0.000003,0.000000,PMPI_Sendrecv
State,rank-117,MPI_STATE,0.000107,0.000140,0.000033,0.000000,PMPI_Sendrecv
State,rank-117,MPI_STATE,0.000140,0.000168,0.000028,0.000000,PMPI_Sendrecv
State,rank-117,MPI_STATE,0.000168,0.000296,0.000128,0.000000,PMPI_Sendrecv
State,rank-117,MPI_STATE,0.000296,0.000320,0.000024,0.000000,PMPI_Sendrecv
State,rank-117,MPI_STATE,0.000320,0.000416,0.000096,0.000000,PMPI_Sendrecv
State,rank-117,MPI_STATE,0.000416,0.000795,0.000379,0.000000,PMPI_Sendrecv
State,rank-117,MPI_STATE,0.000795,0.000795,0.000000,0.000000,PMPI_Reduce
State,rank-117,MPI_STATE,0.000795,0.000795,0.000000,0.000000,PMPI_Reduce
State,rank-117,MPI_STATE,0.000795,0.000811,0.000016,0.000000,PMPI_Barrier
State,rank-117,MPI_STATE,0.000811,0.000811,0.000000,0.000000,PMPI_Finalize
State,rank-116,MPI_STATE,0.000000,0.000000,0.000000,0.000000,PMPI_Init
State,rank-116,MPI_STATE,0.000000,0.000007,0.000007,0.000000,PMPI_Barrier
State,rank-116,MPI_STATE,0.000007,0.000103,0.000096,0.000000,PMPI_Scatter
State,rank-116,MPI_STATE,0.000103,0.000107,0.000004,0.000000,PMPI_Sendrecv
State,rank-116,MPI_STATE,0.000107,0.000140,0.000033,0.000000,PMPI_Sendrecv
State,rank-116,MPI_STATE,0.000140,0.000168,0.000028,0.000000,PMPI_Sendrecv
State,rank-116,MPI_STATE,0.000168,0.000296,0.000128,0.000000,PMPI_Sendrecv
State,rank-116,MPI_STATE,0.000296,0.000320,0.000024,0.000000,PMPI_Sendrecv
State,rank-116,MPI_STATE,0.000320,0.000416,0.000096,0.000000,PMPI_Sendrecv
State,rank-116,MPI_STATE,0.000416,0.000795,0.000379,0.000000,PMPI_Sendrecv
State,rank-116,MPI_STATE,0.000795,0.000795,0.000000,0.000000,PMPI_Reduce
State,rank-116,MPI_STATE,0.000795,0.000795,0.000000,0.000000,PMPI_Reduce
State,rank-116,MPI_STATE,0.000795,0.000811,0.000016,0.000000,PMPI_Barrier
State,rank-116,MPI_STATE,0.000811,0.000811,0.000000,0.000000,PMPI_Finalize
State,rank-115,MPI_STATE,0.000000,0.000000,0.000000,0.000000,PMPI_Init
State,rank-115,MPI_STATE,0.000000,0.000006,0.000006,0.000000,PMPI_Barrier
State,rank-115,MPI_STATE,0.000006,0.000102,0.000096,0.000000,PMPI_Scatter
State,rank-115,MPI_STATE,0.000102,0.000105,0.000003,0.000000,PMPI_Sendrecv
State,rank-115,MPI_STATE,0.000105,0.000113,0.000008,0.000000,PMPI_Sendrecv
State,rank-115,MPI_STATE,0.000113,0.000168,0.000055,0.000000,PMPI_Sendrecv
State,rank-115,MPI_STATE,0.000168,0.000296,0.000128,0.000000,PMPI_Sendrecv
State,rank-115,MPI_STATE,0.000296,0.000320,0.000024,0.000000,PMPI_Sendrecv
State,rank-115,MPI_STATE,0.000320,0.000416,0.000096,0.000000,PMPI_Sendrecv
State,rank-115,MPI_STATE,0.000416,0.000795,0.000379,0.000000,PMPI_Sendrecv
State,rank-115,MPI_STATE,0.000795,0.000795,0.000000,0.000000,PMPI_Reduce
State,rank-115,MPI_STATE,0.000795,0.000795,0.000000,0.000000,PMPI_Reduce
State,rank-115,MPI_STATE,0.000795,0.000811,0.000016,0.000000,PMPI_Barrier
State,rank-115,MPI_STATE,0.000811,0.000811,0.000000,0.000000,PMPI_Finalize
State,rank-114,MPI_STATE,0.000000,0.000000,0.000000,0.000000,PMPI_Init
State,rank-114,MPI_STATE,0.000000,0.000006,0.000006,0.000000,PMPI_Barrier
State,rank-114,MPI_STATE,0.000006,0.000100,0.000094,0.000000,PMPI_Scatter
State,rank-114,MPI_STATE,0.000100,0.000105,0.000005,0.000000,PMPI_Sendrecv
State,rank-114,MPI_STATE,0.000105,0.000113,0.000008,0.000000,PMPI_Sendrecv
State,rank-114,MPI_STATE,0.000113,0.000168,0.000055,0.000000,PMPI_Sendrecv
State,rank-114,MPI_STATE,0.000168,0.000296,0.000128,0.000000,PMPI_Sendrecv
State,rank-114,MPI_STATE,0.000296,0.000320,0.000024,0.000000,PMPI_Sendrecv
State,rank-114,MPI_STATE,0.000320,0.000416,0.000096,0.000000,PMPI_Sendrecv
State,rank-114,MPI_STATE,0.000416,0.000795,0.000379,0.000000,PMPI_Sendrecv
State,rank-114,MPI_STATE,0.000795,0.000795,0.000000,0.000000,PMPI_Reduce
State,rank-114,MPI_STATE,0.000795,0.000795,0.000000,0.000000,PMPI_Reduce
State,rank-114,MPI_STATE,0.000795,0.000810,0.000015,0.000000,PMPI_Barrier
State,rank-114,MPI_STATE,0.000810,0.000810,0.000000,0.000000,PMPI_Finalize
State,rank-113,MPI_STATE,0.000000,0.000000,0.000000,0.000000,PMPI_Init
State,rank-113,MPI_STATE,0.000000,0.000006,0.000006,0.000000,PMPI_Barrier
State,rank-113,MPI_STATE,0.000006,0.000071,0.000065,0.000000,PMPI_Scatter
State,rank-113,MPI_STATE,0.000071,0.000073,0.000002,0.000000,PMPI_Sendrecv
State,rank-113,MPI_STATE,0.000073,0.000113,0.000040,0.000000,PMPI_Sendrecv
State,rank-113,MPI_STATE,0.000113,0.000168,0.000055,0.000000,PMPI_Sendrecv
State,rank-113,MPI_STATE,0.000168,0.000296,0.000128,0.000000,PMPI_Sendrecv
State,rank-113,MPI_STATE,0.000296,0.000320,0.000024,0.000000,PMPI_Sendrecv
State,rank-113,MPI_STATE,0.000320,0.000416,0.000096,0.000000,PMPI_Sendrecv
State,rank-113,MPI_STATE,0.000416,0.000795,0.000379,0.000000,PMPI_Sendrecv
State,rank-113,MPI_STATE,0.000795,0.000795,0.000000,0.000000,PMPI_Reduce
State,rank-113,MPI_STATE,0.000795,0.000795,0.000000,0.000000,PMPI_Reduce
State,rank-113,MPI_STATE,0.000795,0.000810,0.000015,0.000000,PMPI_Barrier
State,rank-113,MPI_STATE,0.000810,0.000810,0.000000,0.000000,PMPI_Finalize
State,rank-112,MPI_STATE,0.000000,0.000000,0.000000,0.000000,PMPI_Init
State,rank-112,MPI_STATE,0.000000,0.000006,0.000006,0.000000,PMPI_Barrier
State,rank-112,MPI_STATE,0.000006,0.000012,0.000006,0.000000,PMPI_Scatter
State,rank-112,MPI_STATE,0.000012,0.000073,0.000061,0.000000,PMPI_Sendrecv
State,rank-112,MPI_STATE,0.000073,0.000113,0.000040,0.000000,PMPI_Sendrecv
State,rank-112,MPI_STATE,0.000113,0.000168,0.000055,0.000000,PMPI_Sendrecv
State,rank-112,MPI_STATE,0.000168,0.000296,0.000128,0.000000,PMPI_Sendrecv
State,rank-112,MPI_STATE,0.000296,0.000320,0.000024,0.000000,PMPI_Sendrecv
State,rank-112,MPI_STATE,0.000320,0.000416,0.000096,0.000000,PMPI_Sendrecv
State,rank-112,MPI_STATE,0.000416,0.000795,0.000379,0.000000,PMPI_Sendrecv
State,rank-112,MPI_STATE,0.000795,0.000795,0.000000,0.000000,PMPI_Reduce
State,rank-112,MPI_STATE,0.000795,0.000795,0.000000,0.000000,PMPI_Reduce
State,rank-112,MPI_STATE,0.000795,0.000810,0.000015,0.000000,PMPI_Barrier
State,rank-112,MPI_STATE,0.000810,0.000810,0.000000,0.000000,PMPI_Finalize
State,rank-111,MPI_STATE,0.000000,0.000000,0.000000,0.000000,PMPI_Init
State,rank-111,MPI_STATE,0.000000,0.000009,0.000009,0.000000,PMPI_Barrier
State,rank-111,MPI_STATE,0.000009,0.000152,0.000143,0.000000,PMPI_Scatter
State,rank-111,MPI_STATE,0.000152,0.000154,0.000002,0.000000,PMPI_Sendrecv
State,rank-111,MPI_STATE,0.000154,0.000162,0.000008,0.000000,PMPI_Sendrecv
State,rank-111,MPI_STATE,0.000162,0.000191,0.000029,0.000000,PMPI_Sendrecv
State,rank-111,MPI_STATE,0.000191,0.000294,0.000103,0.000000,PMPI_Sendrecv
State,rank-111,MPI_STATE,0.000294,0.000320,0.000026,0.000000,PMPI_Sendrecv
State,rank-111,MPI_STATE,0.000320,0.000416,0.000096,0.000000,PMPI_Sendrecv
State,rank-111,MPI_STATE,0.000416,0.000795,0.000379,0.000000,PMPI_Sendrecv
State,rank-111,MPI_STATE,0.000795,0.000795,0.000000,0.000000,PMPI_Reduce
State,rank-111,MPI_STATE,0.000795,0.000795,0.000000,0.000000,PMPI_Reduce
State,rank-111,MPI_STATE,0.000795,0.000813,0.000018,0.000000,PMPI_Barrier
State,rank-111,MPI_STATE,0.000813,0.000813,0.000000,0.000000,PMPI_Finalize
State,rank-110,MPI_STATE,0.000000,0.000000,0.000000,0.000000,PMPI_Init
State,rank-110,MPI_STATE,0.000000,0.000009,0.000009,0.000000,PMPI_Barrier
State,rank-110,MPI_STATE,0.000009,0.000150,0.000141,0.000000,PMPI_Scatter
State,rank-110,MPI_STATE,0.000150,0.000154,0.000004,0.000000,PMPI_Sendrecv
State,rank-110,MPI_STATE,0.000154,0.000162,0.000008,0.000000,PMPI_Sendrecv
State,rank-110,MPI_STATE,0.000162,0.000191,0.000029,0.000000,PMPI_Sendrecv
State,rank-110,MPI_STATE,0.000191,0.000294,0.000103,0.000000,PMPI_Sendrecv
State,rank-110,MPI_STATE,0.000294,0.000320,0.000026,0.000000,PMPI_Sendrecv
State,rank-110,MPI_STATE,0.000320,0.000416,0.000096,0.000000,PMPI_Sendrecv
State,rank-110,MPI_STATE,0.000416,0.000795,0.000379,0.000000,PMPI_Sendrecv
State,rank-110,MPI_STATE,0.000795,0.000795,0.000000,0.000000,PMPI_Reduce
State,rank-110,MPI_STATE,0.000795,0.000795,0.000000,0.000000,PMPI_Reduce
State,rank-110,MPI_STATE,0.000795,0.000813,0.000018,0.000000,PMPI_Barrier
State,rank-110,MPI_STATE,0.000813,0.000813,0.000000,0.000000,PMPI_Finalize
State,rank-109,MPI_STATE,0.000000,0.000000,0.000000,0.000000,PMPI_Init
State,rank-109,MPI_STATE,0.000000,0.000008,0.000008,0.000000,PMPI_Barrier
State,rank-109,MPI_STATE,0.000008,0.000147,0.000139,0.000000,PMPI_Scatter
State,rank-109,MPI_STATE,0.000147,0.000150,0.000003,0.000000,PMPI_Sendrecv
State,rank-109,MPI_STATE,0.000150,0.000162,0.000012,0.000000,PMPI_Sendrecv
State,rank-109,MPI_STATE,0.000162,0.000191,0.000029,0.000000,PMPI_Sendrecv
State,rank-109,MPI_STATE,0.000191,0.000294,0.000103,0.000000,PMPI_Sendrecv
State,rank-109,MPI_STATE,0.000294,0.000320,0.000026,0.000000,PMPI_Sendrecv
State,rank-109,MPI_STATE,0.000320,0.000416,0.000096,0.000000,PMPI_Sendrecv
State,rank-109,MPI_STATE,0.000416,0.000795,0.000379,0.000000,PMPI_Sendrecv
State,rank-109,MPI_STATE,0.000795,0.000795,0.000000,0.000000,PMPI_Reduce
State,rank-109,MPI_STATE,0.000795,0.000795,0.000000,0.000000,PMPI_Reduce
State,rank-109,MPI_STATE,0.000795,0.000812,0.000017,0.000000,PMPI_Barrier
State,rank-109,MPI_STATE,0.000812,0.000812,0.000000,0.000000,PMPI_Finalize
State,rank-10,MPI_STATE,0.000000,0.000000,0.000000,0.000000,PMPI_Init
State,rank-10,MPI_STATE,0.000000,0.000006,0.000006,0.000000,PMPI_Barrier
State,rank-10,MPI_STATE,0.000006,0.000110,0.000104,0.000000,PMPI_Scatter
State,rank-10,MPI_STATE,0.000110,0.000121,0.000011,0.000000,PMPI_Sendrecv
State,rank-10,MPI_STATE,0.000121,0.000135,0.000014,0.000000,PMPI_Sendrecv
State,rank-10,MPI_STATE,0.000135,0.000175,0.000040,0.000000,PMPI_Sendrecv
State,rank-10,MPI_STATE,0.000175,0.000278,0.000103,0.000000,PMPI_Sendrecv
State,rank-10,MPI_STATE,0.000278,0.000305,0.000027,0.000000,PMPI_Sendrecv
State,rank-10,MPI_STATE,0.000305,0.000407,0.000102,0.000000,PMPI_Sendrecv
State,rank-10,MPI_STATE,0.000407,0.000795,0.000388,0.000000,PMPI_Sendrecv
State,rank-10,MPI_STATE,0.000795,0.000795,0.000000,0.000000,PMPI_Reduce
State,rank-10,MPI_STATE,0.000795,0.000795,0.000000,0.000000,PMPI_Reduce
State,rank-10,MPI_STATE,0.000795,0.000811,0.000016,0.000000,PMPI_Barrier
State,rank-10,MPI_STATE,0.000811,0.000811,0.000000,0.000000,PMPI_Finalize
State,rank-108,MPI_STATE,0.000000,0.000000,0.000000,0.000000,PMPI_Init
State,rank-108,MPI_STATE,0.000000,0.000008,0.000008,0.000000,PMPI_Barrier
State,rank-108,MPI_STATE,0.000008,0.000145,0.000137,0.000000,PMPI_Scatter
State,rank-108,MPI_STATE,0.000145,0.000150,0.000005,0.000000,PMPI_Sendrecv
State,rank-108,MPI_STATE,0.000150,0.000162,0.000012,0.000000,PMPI_Sendrecv
State,rank-108,MPI_STATE,0.000162,0.000191,0.000029,0.000000,PMPI_Sendrecv
State,rank-108,MPI_STATE,0.000191,0.000294,0.000103,0.000000,PMPI_Sendrecv
State,rank-108,MPI_STATE,0.000294,0.000320,0.000026,0.000000,PMPI_Sendrecv
State,rank-108,MPI_STATE,0.000320,0.000416,0.000096,0.000000,PMPI_Sendrecv
State,rank-108,MPI_STATE,0.000416,0.000795,0.000379,0.000000,PMPI_Sendrecv
State,rank-108,MPI_STATE,0.000795,0.000795,0.000000,0.000000,PMPI_Reduce
State,rank-108,MPI_STATE,0.000795,0.000795,0.000000,0.000000,PMPI_Reduce
State,rank-108,MPI_STATE,0.000795,0.000812,0.000017,0.000000,PMPI_Barrier
State,rank-108,MPI_STATE,0.000812,0.000812,0.000000,0.000000,PMPI_Finalize
State,rank-107,MPI_STATE,0.000000,0.000000,0.000000,0.000000,PMPI_Init
State,rank-107,MPI_STATE,0.000000,0.000008,0.000008,0.000000,PMPI_Barrier
State,rank-107,MPI_STATE,0.000008,0.000142,0.000134,0.000000,PMPI_Scatter
State,rank-107,MPI_STATE,0.000142,0.000144,0.000002,0.000000,PMPI_Sendrecv
State,rank-107,MPI_STATE,0.000144,0.000153,0.000009,0.000000,PMPI_Sendrecv
State,rank-107,MPI_STATE,0.000153,0.000191,0.000038,0.000000,PMPI_Sendrecv
State,rank-107,MPI_STATE,0.000191,0.000294,0.000103,0.000000,PMPI_Sendrecv
State,rank-107,MPI_STATE,0.000294,0.000320,0.000026,0.000000,PMPI_Sendrecv
State,rank-107,MPI_STATE,0.000320,0.000416,0.000096,0.000000,PMPI_Sendrecv
State,rank-107,MPI_STATE,0.000416,0.000795,0.000379,0.000000,PMPI_Sendrecv
State,rank-107,MPI_STATE,0.000795,0.000795,0.000000,0.000000,PMPI_Reduce
State,rank-107,MPI_STATE,0.000795,0.000795,0.000000,0.000000,PMPI_Reduce
State,rank-107,MPI_STATE,0.000795,0.000812,0.000017,0.000000,PMPI_Barrier
State,rank-107,MPI_STATE,0.000812,0.000812,0.000000,0.000000,PMPI_Finalize
State,rank-106,MPI_STATE,0.000000,0.000000,0.000000,0.000000,PMPI_Init
State,rank-106,MPI_STATE,0.000000,0.000008,0.000008,0.000000,PMPI_Barrier
State,rank-106,MPI_STATE,0.000008,0.000137,0.000129,0.000000,PMPI_Scatter
State,rank-106,MPI_STATE,0.000137,0.000144,0.000007,0.000000,PMPI_Sendrecv
State,rank-106,MPI_STATE,0.000144,0.000153,0.000009,0.000000,PMPI_Sendrecv
State,rank-106,MPI_STATE,0.000153,0.000191,0.000038,0.000000,PMPI_Sendrecv
State,rank-106,MPI_STATE,0.000191,0.000294,0.000103,0.000000,PMPI_Sendrecv
State,rank-106,MPI_STATE,0.000294,0.000320,0.000026,0.000000,PMPI_Sendrecv
State,rank-106,MPI_STATE,0.000320,0.000416,0.000096,0.000000,PMPI_Sendrecv
State,rank-106,MPI_STATE,0.000416,0.000795,0.000379,0.000000,PMPI_Sendrecv
State,rank-106,MPI_STATE,0.000795,0.000795,0.000000,0.000000,PMPI_Reduce
State,rank-106,MPI_STATE,0.000795,0.000795,0.000000,0.000000,PMPI_Reduce
State,rank-106,MPI_STATE,0.000795,0.000812,0.000017,0.000000,PMPI_Barrier
State,rank-106,MPI_STATE,0.000812,0.000812,0.000000,0.000000,PMPI_Finalize
State,rank-105,MPI_STATE,0.000000,0.000000,0.000000,0.000000,PMPI_Init
State,rank-105,MPI_STATE,0.000000,0.000007,0.000007,0.000000,PMPI_Barrier
State,rank-105,MPI_STATE,0.000008,0.000133,0.000125,0.000000,PMPI_Scatter
State,rank-105,MPI_STATE,0.000133,0.000136,0.000003,0.000000,PMPI_Sendrecv
State,rank-105,MPI_STATE,0.000136,0.000153,0.000017,0.000000,PMPI_Sendrecv
State,rank-105,MPI_STATE,0.000153,0.000191,0.000038,0.000000,PMPI_Sendrecv
State,rank-105,MPI_STATE,0.000191,0.000294,0.000103,0.000000,PMPI_Sendrecv
State,rank-105,MPI_STATE,0.000294,0.000320,0.000026,0.000000,PMPI_Sendrecv
State,rank-105,MPI_STATE,0.000320,0.000416,0.000096,0.000000,PMPI_Sendrecv
State,rank-105,MPI_STATE,0.000416,0.000795,0.000379,0.000000,PMPI_Sendrecv
State,rank-105,MPI_STATE,0.000795,0.000795,0.000000,0.000000,PMPI_Reduce
State,rank-105,MPI_STATE,0.000795,0.000795,0.000000,0.000000,PMPI_Reduce
State,rank-105,MPI_STATE,0.000795,0.000812,0.000017,0.000000,PMPI_Barrier
State,rank-105,MPI_STATE,0.000812,0.000812,0.000000,0.000000,PMPI_Finalize
State,rank-104,MPI_STATE,0.000000,0.000000,0.000000,0.000000,PMPI_Init
State,rank-104,MPI_STATE,0.000000,0.000007,0.000007,0.000000,PMPI_Barrier
State,rank-104,MPI_STATE,0.000007,0.000129,0.000122,0.000000,PMPI_Scatter
State,rank-104,MPI_STATE,0.000129,0.000136,0.000007,0.000000,PMPI_Sendrecv
State,rank-104,MPI_STATE,0.000136,0.000153,0.000017,0.000000,PMPI_Sendrecv
State,rank-104,MPI_STATE,0.000153,0.000191,0.000038,0.000000,PMPI_Sendrecv
State,rank-104,MPI_STATE,0.000191,0.000294,0.000103,0.000000,PMPI_Sendrecv
State,rank-104,MPI_STATE,0.000294,0.000320,0.000026,0.000000,PMPI_Sendrecv
State,rank-104,MPI_STATE,0.000320,0.000416,0.000096,0.000000,PMPI_Sendrecv
State,rank-104,MPI_STATE,0.000416,0.000795,0.000379,0.000000,PMPI_Sendrecv
State,rank-104,MPI_STATE,0.000795,0.000795,0.000000,0.000000,PMPI_Reduce
State,rank-104,MPI_STATE,0.000795,0.000795,0.000000,0.000000,PMPI_Reduce
State,rank-104,MPI_STATE,0.000795,0.000811,0.000016,0.000000,PMPI_Barrier
State,rank-104,MPI_STATE,0.000811,0.000811,0.000000,0.000000,PMPI_Finalize
State,rank-103,MPI_STATE,0.000000,0.000000,0.000000,0.000000,PMPI_Init
State,rank-103,MPI_STATE,0.000000,0.000007,0.000007,0.000000,PMPI_Barrier
State,rank-103,MPI_STATE,0.000007,0.000124,0.000117,0.000000,PMPI_Scatter
State,rank-103,MPI_STATE,0.000124,0.000126,0.000002,0.000000,PMPI_Sendrecv
State,rank-103,MPI_STATE,0.000126,0.000135,0.000009,0.000000,PMPI_Sendrecv
State,rank-103,MPI_STATE,0.000135,0.000163,0.000028,0.000000,PMPI_Sendrecv
State,rank-103,MPI_STATE,0.000163,0.000294,0.000131,0.000000,PMPI_Sendrecv
State,rank-103,MPI_STATE,0.000294,0.000320,0.000026,0.000000,PMPI_Sendrecv
State,rank-103,MPI_STATE,0.000320,0.000416,0.000096,0.000000,PMPI_Sendrecv
State,rank-103,MPI_STATE,0.000416,0.000795,0.000379,0.000000,PMPI_Sendrecv
State,rank-103,MPI_STATE,0.000795,0.000795,0.000000,0.000000,PMPI_Reduce
State,rank-103,MPI_STATE,0.000795,0.000795,0.000000,0.000000,PMPI_Reduce
State,rank-103,MPI_STATE,0.000795,0.000811,0.000016,0.000000,PMPI_Barrier
State,rank-103,MPI_STATE,0.000811,0.000811,0.000000,0.000000,PMPI_Finalize
State,rank-102,MPI_STATE,0.000000,0.000000,0.000000,0.000000,PMPI_Init
State,rank-102,MPI_STATE,0.000000,0.000007,0.000007,0.000000,PMPI_Barrier
State,rank-102,MPI_STATE,0.000007,0.000120,0.000113,0.000000,PMPI_Scatter
State,rank-102,MPI_STATE,0.000120,0.000126,0.000006,0.000000,PMPI_Sendrecv
State,rank-102,MPI_STATE,0.000126,0.000135,0.000009,0.000000,PMPI_Sendrecv
State,rank-102,MPI_STATE,0.000135,0.000163,0.000028,0.000000,PMPI_Sendrecv
State,rank-102,MPI_STATE,0.000163,0.000294,0.000131,0.000000,PMPI_Sendrecv
State,rank-102,MPI_STATE,0.000294,0.000320,0.000026,0.000000,PMPI_Sendrecv
State,rank-102,MPI_STATE,0.000320,0.000416,0.000096,0.000000,PMPI_Sendrecv
State,rank-102,MPI_STATE,0.000416,0.000795,0.000379,0.000000,PMPI_Sendrecv
State,rank-102,MPI_STATE,0.000795,0.000795,0.000000,0.000000,PMPI_Reduce
State,rank-102,MPI_STATE,0.000795,0.000795,0.000000,0.000000,PMPI_Reduce
State,rank-102,MPI_STATE,0.000795,0.000811,0.000016,0.000000,PMPI_Barrier
State,rank-102,MPI_STATE,0.000811,0.000811,0.000000,0.000000,PMPI_Finalize
State,rank-101,MPI_STATE,0.000000,0.000000,0.000000,0.000000,PMPI_Init
State,rank-101,MPI_STATE,0.000000,0.000007,0.000007,0.000000,PMPI_Barrier
State,rank-101,MPI_STATE,0.000007,0.000104,0.000097,0.000000,PMPI_Scatter
State,rank-101,MPI_STATE,0.000104,0.000106,0.000002,0.000000,PMPI_Sendrecv
State,rank-101,MPI_STATE,0.000106,0.000135,0.000029,0.000000,PMPI_Sendrecv
State,rank-101,MPI_STATE,0.000135,0.000163,0.000028,0.000000,PMPI_Sendrecv
State,rank-101,MPI_STATE,0.000163,0.000294,0.000131,0.000000,PMPI_Sendrecv
State,rank-101,MPI_STATE,0.000294,0.000320,0.000026,0.000000,PMPI_Sendrecv
State,rank-101,MPI_STATE,0.000320,0.000416,0.000096,0.000000,PMPI_Sendrecv
State,rank-101,MPI_STATE,0.000416,0.000795,0.000379,0.000000,PMPI_Sendrecv
State,rank-101,MPI_STATE,0.000795,0.000795,0.000000,0.000000,PMPI_Reduce
State,rank-101,MPI_STATE,0.000795,0.000795,0.000000,0.000000,PMPI_Reduce
State,rank-101,MPI_STATE,0.000795,0.000811,0.000016,0.000000,PMPI_Barrier
State,rank-101,MPI_STATE,0.000811,0.000811,0.000000,0.000000,PMPI_Finalize
State,rank-100,MPI_STATE,0.000000,0.000000,0.000000,0.000000,PMPI_Init
State,rank-100,MPI_STATE,0.000000,0.000006,0.000006,0.000000,PMPI_Barrier
State,rank-100,MPI_STATE,0.000006,0.000102,0.000096,0.000000,PMPI_Scatter
State,rank-100,MPI_STATE,0.000102,0.000106,0.000004,0.000000,PMPI_Sendrecv
State,rank-100,MPI_STATE,0.000106,0.000135,0.000029,0.000000,PMPI_Sendrecv
State,rank-100,MPI_STATE,0.000135,0.000163,0.000028,0.000000,PMPI_Sendrecv
State,rank-100,MPI_STATE,0.000163,0.000294,0.000131,0.000000,PMPI_Sendrecv
State,rank-100,MPI_STATE,0.000294,0.000320,0.000026,0.000000,PMPI_Sendrecv
State,rank-100,MPI_STATE,0.000320,0.000416,0.000096,0.000000,PMPI_Sendrecv
State,rank-100,MPI_STATE,0.000416,0.000795,0.000379,0.000000,PMPI_Sendrecv
State,rank-100,MPI_STATE,0.000795,0.000795,0.000000,0.000000,PMPI_Reduce
State,rank-100,MPI_STATE,0.000795,0.000795,0.000000,0.000000,PMPI_Reduce
State,rank-100,MPI_STATE,0.000795,0.000811,0.000016,0.000000,PMPI_Barrier
State,rank-100,MPI_STATE,0.000811,0.000811,0.000000,0.000000,PMPI_Finalize
State,rank-99,MPI_STATE,0.000000,0.000000,0.000000,0.000000,PMPI_Init
State,rank-99,MPI_STATE,0.000000,0.000006,0.000006,0.000000,PMPI_Barrier
State,rank-99,MPI_STATE,0.000006,0.000100,0.000094,0.000000,PMPI_Scatter
State,rank-99,MPI_STATE,0.000100,0.000102,0.000002,0.000000,PMPI_Sendrecv
State,rank-99,MPI_STATE,0.000102,0.000111,0.000009,0.000000,PMPI_Sendrecv
State,rank-99,MPI_STATE,0.000111,0.000163,0.000052,0.000000,PMPI_Sendrecv
State,rank-99,MPI_STATE,0.000163,0.000294,0.000131,0.000000,PMPI_Sendrecv
State,rank-99,MPI_STATE,0.000294,0.000320,0.000026,0.000000,PMPI_Sendrecv
State,rank-99,MPI_STATE,0.000320,0.000416,0.000096,0.000000,PMPI_Sendrecv
State,rank-99,MPI_STATE,0.000416,0.000795,0.000379,0.000000,PMPI_Sendrecv
State,rank-99,MPI_STATE,0.000795,0.000795,0.000000,0.000000,PMPI_Reduce
State,rank-99,MPI_STATE,0.000795,0.000795,0.000000,0.000000,PMPI_Reduce
State,rank-99,MPI_STATE,0.000795,0.000810,0.000015,0.000000,PMPI_Barrier
State,rank-99,MPI_STATE,0.000810,0.000810,0.000000,0.000000,PMPI_Finalize
State,rank-9,MPI_STATE,0.000000,0.000000,0.000000,0.000000,PMPI_Init
State,rank-9,MPI_STATE,0.000000,0.000006,0.000006,0.000000,PMPI_Barrier
State,rank-9,MPI_STATE,0.000006,0.000103,0.000097,0.000000,PMPI_Scatter
State,rank-9,MPI_STATE,0.000103,0.000107,0.000004,0.000000,PMPI_Sendrecv
State,rank-9,MPI_STATE,0.000107,0.000135,0.000028,0.000000,PMPI_Sendrecv
State,rank-9,MPI_STATE,0.000135,0.000175,0.000040,0.000000,PMPI_Sendrecv
State,rank-9,MPI_STATE,0.000175,0.000278,0.000103,0.000000,PMPI_Sendrecv
State,rank-9,MPI_STATE,0.000278,0.000305,0.000027,0.000000,PMPI_Sendrecv
State,rank-9,MPI_STATE,0.000305,0.000407,0.000102,0.000000,PMPI_Sendrecv
State,rank-9,MPI_STATE,0.000407,0.000795,0.000388,0.000000,PMPI_Sendrecv
State,rank-9,MPI_STATE,0.000795,0.000795,0.000000,0.000000,PMPI_Reduce
State,rank-9,MPI_STATE,0.000795,0.000795,0.000000,0.000000,PMPI_Reduce
State,rank-9,MPI_STATE,0.000795,0.000810,0.000015,0.000000,PMPI_Barrier
State,rank-9,MPI_STATE,0.000810,0.000810,0.000000,0.000000,PMPI_Finalize
State,rank-0,MPI_STATE,0.000000,0.000000,0.000000,0.000000,PMPI_Init
State,rank-0,MPI_STATE,0.000000,0.000004,0.000004,0.000000,PMPI_Barrier
State,rank-0,MPI_STATE,0.000004,0.000004,0.000000,0.000000,PMPI_Scatter
State,rank-0,MPI_STATE,0.000004,0.000018,0.000014,0.000000,PMPI_Sendrecv
State,rank-0,MPI_STATE,0.000018,0.000085,0.000067,0.000000,PMPI_Sendrecv
State,rank-0,MPI_STATE,0.000085,0.000157,0.000072,0.000000,PMPI_Sendrecv
State,rank-0,MPI_STATE,0.000157,0.000278,0.000121,0.000000,PMPI_Sendrecv
State,rank-0,MPI_STATE,0.000278,0.000305,0.000027,0.000000,PMPI_Sendrecv
State,rank-0,MPI_STATE,0.000305,0.000407,0.000102,0.000000,PMPI_Sendrecv
State,rank-0,MPI_STATE,0.000407,0.000795,0.000388,0.000000,PMPI_Sendrecv
State,rank-0,MPI_STATE,0.000795,0.000800,0.000005,0.000000,PMPI_Reduce
State,rank-0,MPI_STATE,0.000800,0.000804,0.000004,0.000000,PMPI_Reduce
State,rank-0,MPI_STATE,0.000804,0.000809,0.000005,0.000000,PMPI_Barrier
State,rank-0,MPI_STATE,0.000809,0.000809,0.000000,0.000000,PMPI_Finalize
