#This file was generated using SimGrid-4.1.0
#[/Users/j/Desktop/A-Bcast-Model-for-Given-Topologies/bin/runner /Users/j/Desktop/A-Bcast-Model-for-Given-Topologies/topo/2Dmesh/platform_2dmesh_8x16.xml ffgb 512 64 0 _ /Users/j/Desktop/A-Bcast-Model-for-Given-Topologies/topo/2Dmesh/platform_2dmesh_8x16.tdat ]
%EventDef PajeDefineContainerType 0
%       Alias string
%       Type string
%       Name string
%EndEventDef
%EventDef PajeDefineVariableType 1
%       Alias string
%       Type string
%       Name string
%       Color color
%EndEventDef
%EventDef PajeDefineStateType 2
%       Alias string
%       Type string
%       Name string
%EndEventDef
%EventDef PajeDefineEventType 3
%       Alias string
%       Type string
%       Name string
%EndEventDef
%EventDef PajeDefineLinkType 4
%       Alias string
%       Type string
%       StartContainerType string
%       EndContainerType string
%       Name string
%EndEventDef
%EventDef PajeDefineEntityValue 5
%       Alias string
%       Type string
%       Name string
%       Color color
%EndEventDef
%EventDef PajeCreateContainer 6
%       Time date
%       Alias string
%       Type string
%       Container string
%       Name string
%EndEventDef
%EventDef PajeDestroyContainer 7
%       Time date
%       Type string
%       Name string
%EndEventDef
%EventDef PajeSetVariable 8
%       Time date
%       Type string
%       Container string
%       Value double
%EndEventDef
%EventDef PajeAddVariable 9
%       Time date
%       Type string
%       Container string
%       Value double
%EndEventDef
%EventDef PajeSubVariable 10
%       Time date
%       Type string
%       Container string
%       Value double
%EndEventDef
%EventDef PajeSetState 11
%       Time date
%       Type string
%       Container string
%       Value string
%EndEventDef
%EventDef PajePushState 12
%       Time date
%       Type string
%       Container string
%       Value string
%EndEventDef
%EventDef PajePopState 13
%       Time date
%       Type string
%       Container string
%EndEventDef
%EventDef PajeResetState 14
%       Time date
%       Type string
%       Container string
%EndEventDef
%EventDef PajeStartLink 15
%       Time date
%       Type string
%       Container string
%       Value string
%       StartContainer string
%       Key string
%EndEventDef
%EventDef PajeEndLink 16
%       Time date
%       Type string
%       Container string
%       Value string
%       EndContainer string
%       Key string
%EndEventDef
%EventDef PajeNewEvent 17
%       Time date
%       Type string
%       Container string
%       Value string
%EndEventDef
0 1 0 MPI
2 2 1 MPI_STATE
4 3 0 1 1 MPI_LINK
4 4 0 1 1 MIGRATE_LINK
2 5 1 MIGRATE_STATE
6 0.000000 1 1 0 "rank-0"
6 0.000000 2 1 0 "rank-1"
6 0.000000 3 1 0 "rank-2"
6 0.000000 4 1 0 "rank-3"
6 0.000000 5 1 0 "rank-4"
6 0.000000 6 1 0 "rank-5"
6 0.000000 7 1 0 "rank-6"
6 0.000000 8 1 0 "rank-7"
6 0.000000 9 1 0 "rank-8"
6 0.000000 10 1 0 "rank-9"
6 0.000000 11 1 0 "rank-10"
6 0.000000 12 1 0 "rank-11"
6 0.000000 13 1 0 "rank-12"
6 0.000000 14 1 0 "rank-13"
6 0.000000 15 1 0 "rank-14"
6 0.000000 16 1 0 "rank-15"
6 0.000000 17 1 0 "rank-16"
6 0.000000 18 1 0 "rank-17"
6 0.000000 19 1 0 "rank-18"
6 0.000000 20 1 0 "rank-19"
6 0.000000 21 1 0 "rank-20"
6 0.000000 22 1 0 "rank-21"
6 0.000000 23 1 0 "rank-22"
6 0.000000 24 1 0 "rank-23"
6 0.000000 25 1 0 "rank-24"
6 0.000000 26 1 0 "rank-25"
6 0.000000 27 1 0 "rank-26"
6 0.000000 28 1 0 "rank-27"
6 0.000000 29 1 0 "rank-28"
6 0.000000 30 1 0 "rank-29"
6 0.000000 31 1 0 "rank-30"
6 0.000000 32 1 0 "rank-31"
6 0.000000 33 1 0 "rank-32"
6 0.000000 34 1 0 "rank-33"
6 0.000000 35 1 0 "rank-34"
6 0.000000 36 1 0 "rank-35"
6 0.000000 37 1 0 "rank-36"
6 0.000000 38 1 0 "rank-37"
6 0.000000 39 1 0 "rank-38"
6 0.000000 40 1 0 "rank-39"
6 0.000000 41 1 0 "rank-40"
6 0.000000 42 1 0 "rank-41"
6 0.000000 43 1 0 "rank-42"
6 0.000000 44 1 0 "rank-43"
6 0.000000 45 1 0 "rank-44"
6 0.000000 46 1 0 "rank-45"
6 0.000000 47 1 0 "rank-46"
6 0.000000 48 1 0 "rank-47"
6 0.000000 49 1 0 "rank-48"
6 0.000000 50 1 0 "rank-49"
6 0.000000 51 1 0 "rank-50"
6 0.000000 52 1 0 "rank-51"
6 0.000000 53 1 0 "rank-52"
6 0.000000 54 1 0 "rank-53"
6 0.000000 55 1 0 "rank-54"
6 0.000000 56 1 0 "rank-55"
6 0.000000 57 1 0 "rank-56"
6 0.000000 58 1 0 "rank-57"
6 0.000000 59 1 0 "rank-58"
6 0.000000 60 1 0 "rank-59"
6 0.000000 61 1 0 "rank-60"
6 0.000000 62 1 0 "rank-61"
6 0.000000 63 1 0 "rank-62"
6 0.000000 64 1 0 "rank-63"
6 0.000000 65 1 0 "rank-64"
6 0.000000 66 1 0 "rank-65"
6 0.000000 67 1 0 "rank-66"
6 0.000000 68 1 0 "rank-67"
6 0.000000 69 1 0 "rank-68"
6 0.000000 70 1 0 "rank-69"
6 0.000000 71 1 0 "rank-70"
6 0.000000 72 1 0 "rank-71"
6 0.000000 73 1 0 "rank-72"
6 0.000000 74 1 0 "rank-73"
6 0.000000 75 1 0 "rank-74"
6 0.000000 76 1 0 "rank-75"
6 0.000000 77 1 0 "rank-76"
6 0.000000 78 1 0 "rank-77"
6 0.000000 79 1 0 "rank-78"
6 0.000000 80 1 0 "rank-79"
6 0.000000 81 1 0 "rank-80"
6 0.000000 82 1 0 "rank-81"
6 0.000000 83 1 0 "rank-82"
6 0.000000 84 1 0 "rank-83"
6 0.000000 85 1 0 "rank-84"
6 0.000000 86 1 0 "rank-85"
6 0.000000 87 1 0 "rank-86"
6 0.000000 88 1 0 "rank-87"
6 0.000000 89 1 0 "rank-88"
6 0.000000 90 1 0 "rank-89"
6 0.000000 91 1 0 "rank-90"
6 0.000000 92 1 0 "rank-91"
6 0.000000 93 1 0 "rank-92"
6 0.000000 94 1 0 "rank-93"
6 0.000000 95 1 0 "rank-94"
6 0.000000 96 1 0 "rank-95"
6 0.000000 97 1 0 "rank-96"
6 0.000000 98 1 0 "rank-97"
6 0.000000 99 1 0 "rank-98"
6 0.000000 100 1 0 "rank-99"
6 0.000000 101 1 0 "rank-100"
6 0.000000 102 1 0 "rank-101"
6 0.000000 103 1 0 "rank-102"
6 0.000000 104 1 0 "rank-103"
6 0.000000 105 1 0 "rank-104"
6 0.000000 106 1 0 "rank-105"
6 0.000000 107 1 0 "rank-106"
6 0.000000 108 1 0 "rank-107"
6 0.000000 109 1 0 "rank-108"
6 0.000000 110 1 0 "rank-109"
6 0.000000 111 1 0 "rank-110"
6 0.000000 112 1 0 "rank-111"
6 0.000000 113 1 0 "rank-112"
6 0.000000 114 1 0 "rank-113"
6 0.000000 115 1 0 "rank-114"
6 0.000000 116 1 0 "rank-115"
6 0.000000 117 1 0 "rank-116"
6 0.000000 118 1 0 "rank-117"
6 0.000000 119 1 0 "rank-118"
6 0.000000 120 1 0 "rank-119"
6 0.000000 121 1 0 "rank-120"
6 0.000000 122 1 0 "rank-121"
6 0.000000 123 1 0 "rank-122"
6 0.000000 124 1 0 "rank-123"
6 0.000000 125 1 0 "rank-124"
6 0.000000 126 1 0 "rank-125"
6 0.000000 127 1 0 "rank-126"
6 0.000000 128 1 0 "rank-127"
5 6 2 PMPI_Init "0 1 0"
12 0.000000 2 1 6
13 0.000000 2 1
12 0.000000 2 2 6
13 0.000000 2 2
12 0.000000 2 3 6
13 0.000000 2 3
12 0.000000 2 4 6
13 0.000000 2 4
12 0.000000 2 5 6
13 0.000000 2 5
12 0.000000 2 6 6
13 0.000000 2 6
12 0.000000 2 7 6
13 0.000000 2 7
12 0.000000 2 8 6
13 0.000000 2 8
12 0.000000 2 9 6
13 0.000000 2 9
12 0.000000 2 10 6
13 0.000000 2 10
12 0.000000 2 11 6
13 0.000000 2 11
12 0.000000 2 12 6
13 0.000000 2 12
12 0.000000 2 13 6
13 0.000000 2 13
12 0.000000 2 14 6
13 0.000000 2 14
12 0.000000 2 15 6
13 0.000000 2 15
12 0.000000 2 16 6
13 0.000000 2 16
12 0.000000 2 17 6
13 0.000000 2 17
12 0.000000 2 18 6
13 0.000000 2 18
12 0.000000 2 19 6
13 0.000000 2 19
12 0.000000 2 20 6
13 0.000000 2 20
12 0.000000 2 21 6
13 0.000000 2 21
12 0.000000 2 22 6
13 0.000000 2 22
12 0.000000 2 23 6
13 0.000000 2 23
12 0.000000 2 24 6
13 0.000000 2 24
12 0.000000 2 25 6
13 0.000000 2 25
12 0.000000 2 26 6
13 0.000000 2 26
12 0.000000 2 27 6
13 0.000000 2 27
12 0.000000 2 28 6
13 0.000000 2 28
12 0.000000 2 29 6
13 0.000000 2 29
12 0.000000 2 30 6
13 0.000000 2 30
12 0.000000 2 31 6
13 0.000000 2 31
12 0.000000 2 32 6
13 0.000000 2 32
12 0.000000 2 33 6
13 0.000000 2 33
12 0.000000 2 34 6
13 0.000000 2 34
12 0.000000 2 35 6
13 0.000000 2 35
12 0.000000 2 36 6
13 0.000000 2 36
12 0.000000 2 37 6
13 0.000000 2 37
12 0.000000 2 38 6
13 0.000000 2 38
12 0.000000 2 39 6
13 0.000000 2 39
12 0.000000 2 40 6
13 0.000000 2 40
12 0.000000 2 41 6
13 0.000000 2 41
12 0.000000 2 42 6
13 0.000000 2 42
12 0.000000 2 43 6
13 0.000000 2 43
12 0.000000 2 44 6
13 0.000000 2 44
12 0.000000 2 45 6
13 0.000000 2 45
12 0.000000 2 46 6
13 0.000000 2 46
12 0.000000 2 47 6
13 0.000000 2 47
12 0.000000 2 48 6
13 0.000000 2 48
12 0.000000 2 49 6
13 0.000000 2 49
12 0.000000 2 50 6
13 0.000000 2 50
12 0.000000 2 51 6
13 0.000000 2 51
12 0.000000 2 52 6
13 0.000000 2 52
12 0.000000 2 53 6
13 0.000000 2 53
12 0.000000 2 54 6
13 0.000000 2 54
12 0.000000 2 55 6
13 0.000000 2 55
12 0.000000 2 56 6
13 0.000000 2 56
12 0.000000 2 57 6
13 0.000000 2 57
12 0.000000 2 58 6
13 0.000000 2 58
12 0.000000 2 59 6
13 0.000000 2 59
12 0.000000 2 60 6
13 0.000000 2 60
12 0.000000 2 61 6
13 0.000000 2 61
12 0.000000 2 62 6
13 0.000000 2 62
12 0.000000 2 63 6
13 0.000000 2 63
12 0.000000 2 64 6
13 0.000000 2 64
12 0.000000 2 65 6
13 0.000000 2 65
12 0.000000 2 66 6
13 0.000000 2 66
12 0.000000 2 67 6
13 0.000000 2 67
12 0.000000 2 68 6
13 0.000000 2 68
12 0.000000 2 69 6
13 0.000000 2 69
12 0.000000 2 70 6
13 0.000000 2 70
12 0.000000 2 71 6
13 0.000000 2 71
12 0.000000 2 72 6
13 0.000000 2 72
12 0.000000 2 73 6
13 0.000000 2 73
12 0.000000 2 74 6
13 0.000000 2 74
12 0.000000 2 75 6
13 0.000000 2 75
12 0.000000 2 76 6
13 0.000000 2 76
12 0.000000 2 77 6
13 0.000000 2 77
12 0.000000 2 78 6
13 0.000000 2 78
12 0.000000 2 79 6
13 0.000000 2 79
12 0.000000 2 80 6
13 0.000000 2 80
12 0.000000 2 81 6
13 0.000000 2 81
12 0.000000 2 82 6
13 0.000000 2 82
12 0.000000 2 83 6
13 0.000000 2 83
12 0.000000 2 84 6
13 0.000000 2 84
12 0.000000 2 85 6
13 0.000000 2 85
12 0.000000 2 86 6
13 0.000000 2 86
12 0.000000 2 87 6
13 0.000000 2 87
12 0.000000 2 88 6
13 0.000000 2 88
12 0.000000 2 89 6
13 0.000000 2 89
12 0.000000 2 90 6
13 0.000000 2 90
12 0.000000 2 91 6
13 0.000000 2 91
12 0.000000 2 92 6
13 0.000000 2 92
12 0.000000 2 93 6
13 0.000000 2 93
12 0.000000 2 94 6
13 0.000000 2 94
12 0.000000 2 95 6
13 0.000000 2 95
12 0.000000 2 96 6
13 0.000000 2 96
12 0.000000 2 97 6
13 0.000000 2 97
12 0.000000 2 98 6
13 0.000000 2 98
12 0.000000 2 99 6
13 0.000000 2 99
12 0.000000 2 100 6
13 0.000000 2 100
12 0.000000 2 101 6
13 0.000000 2 101
12 0.000000 2 102 6
13 0.000000 2 102
12 0.000000 2 103 6
13 0.000000 2 103
12 0.000000 2 104 6
13 0.000000 2 104
12 0.000000 2 105 6
13 0.000000 2 105
12 0.000000 2 106 6
13 0.000000 2 106
12 0.000000 2 107 6
13 0.000000 2 107
12 0.000000 2 108 6
13 0.000000 2 108
12 0.000000 2 109 6
13 0.000000 2 109
12 0.000000 2 110 6
13 0.000000 2 110
12 0.000000 2 111 6
13 0.000000 2 111
12 0.000000 2 112 6
13 0.000000 2 112
12 0.000000 2 113 6
13 0.000000 2 113
12 0.000000 2 114 6
13 0.000000 2 114
12 0.000000 2 115 6
13 0.000000 2 115
12 0.000000 2 116 6
13 0.000000 2 116
12 0.000000 2 117 6
13 0.000000 2 117
12 0.000000 2 118 6
13 0.000000 2 118
12 0.000000 2 119 6
13 0.000000 2 119
12 0.000000 2 120 6
13 0.000000 2 120
12 0.000000 2 121 6
13 0.000000 2 121
12 0.000000 2 122 6
13 0.000000 2 122
12 0.000000 2 123 6
13 0.000000 2 123
12 0.000000 2 124 6
13 0.000000 2 124
12 0.000000 2 125 6
13 0.000000 2 125
12 0.000000 2 126 6
13 0.000000 2 126
12 0.000000 2 127 6
13 0.000000 2 127
12 0.000000 2 128 6
13 0.000000 2 128
5 7 2 PMPI_Bcast "0 0.78 0.39"
5 8 2 PMPI_Barrier "0 0.39 0.78"
5 9 2 PMPI_Recv "1 0 0"
5 10 2 PMPI_Isend "0.52 0.52 1"
5 11 2 PMPI_Waitall "0.78 0.78 0"
5 12 2 PMPI_Reduce "0 1 0"
5 13 2 PMPI_Finalize "0 1 0"
12 0.000056 2 116 7
12 0.000056 2 123 7
12 0.000057 2 118 7
12 0.000057 2 122 7
12 0.000058 2 124 7
12 0.000060 2 117 7
12 0.000060 2 126 7
12 0.000060 2 128 7
12 0.000061 2 6 7
12 0.000061 2 95 7
12 0.000061 2 125 7
12 0.000062 2 87 7
12 0.000062 2 92 7
12 0.000062 2 107 7
12 0.000062 2 110 7
12 0.000062 2 119 7
12 0.000062 2 127 7
12 0.000063 2 96 7
12 0.000063 2 106 7
12 0.000063 2 120 7
12 0.000063 2 121 7
12 0.000064 2 5 7
12 0.000064 2 83 7
12 0.000064 2 86 7
12 0.000064 2 104 7
12 0.000064 2 105 7
12 0.000064 2 108 7
12 0.000064 2 111 7
12 0.000065 2 7 7
12 0.000065 2 8 7
12 0.000065 2 84 7
12 0.000065 2 89 7
12 0.000065 2 99 7
12 0.000065 2 102 7
12 0.000065 2 109 7
12 0.000066 2 80 7
12 0.000066 2 82 7
12 0.000066 2 85 7
12 0.000066 2 94 7
12 0.000066 2 97 7
12 0.000067 2 88 7
12 0.000067 2 91 7
12 0.000068 2 4 7
12 0.000068 2 70 7
12 0.000068 2 103 7
12 0.000069 2 78 7
12 0.000069 2 81 7
12 0.000069 2 93 7
12 0.000069 2 114 7
12 0.000070 2 59 7
12 0.000070 2 63 7
12 0.000070 2 98 7
12 0.000071 2 48 7
12 0.000071 2 58 7
12 0.000071 2 61 7
12 0.000071 2 101 7
12 0.000072 2 33 7
12 0.000072 2 40 7
12 0.000072 2 64 7
12 0.000072 2 100 7
12 0.000072 2 113 7
12 0.000073 2 35 7
12 0.000073 2 44 7
12 0.000073 2 57 7
12 0.000073 2 60 7
12 0.000073 2 112 7
12 0.000074 2 32 7
12 0.000074 2 41 7
12 0.000074 2 53 7
12 0.000074 2 67 7
12 0.000074 2 77 7
12 0.000075 2 3 7
12 0.000075 2 56 7
12 0.000075 2 69 7
12 0.000075 2 79 7
12 0.000076 2 37 7
12 0.000076 2 45 7
12 0.000076 2 68 7
12 0.000077 2 43 7
12 0.000077 2 46 7
12 0.000077 2 54 7
12 0.000077 2 66 7
12 0.000078 2 16 7
12 0.000078 2 17 7
12 0.000078 2 28 7
12 0.000078 2 47 7
12 0.000078 2 55 7
12 0.000078 2 76 7
12 0.000078 2 90 7
12 0.000079 2 15 7
12 0.000079 2 36 7
12 0.000079 2 51 7
12 0.000080 2 14 7
12 0.000080 2 72 7
12 0.000081 2 18 7
12 0.000081 2 29 7
12 0.000081 2 38 7
12 0.000081 2 42 7
12 0.000082 2 11 7
12 0.000082 2 12 7
12 0.000082 2 23 7
12 0.000082 2 39 7
12 0.000082 2 50 7
12 0.000083 2 20 7
12 0.000083 2 22 7
12 0.000083 2 34 7
12 0.000084 2 13 7
12 0.000084 2 62 7
12 0.000084 2 74 7
12 0.000085 2 9 7
12 0.000087 2 24 7
12 0.000087 2 73 7
12 0.000088 2 25 7
12 0.000088 2 26 7
12 0.000088 2 31 7
12 0.000089 2 19 7
12 0.000089 2 21 7
12 0.000089 2 52 7
12 0.000095 2 10 7
12 0.000099 2 2 7
12 0.000102 2 49 7
12 0.000110 2 27 7
12 0.000111 2 115 7
12 0.000126 2 75 7
12 0.000133 2 65 7
12 0.000133 2 71 7
12 0.000195 2 30 7
12 0.000655 2 1 7
15 0.000655 3 0 PTP 1 1_65_-3334_1
15 0.000655 3 0 PTP 1 1_33_-3334_2
15 0.000655 3 0 PTP 1 1_17_-3334_3
15 0.000655 3 0 PTP 1 1_9_-3334_4
15 0.000655 3 0 PTP 1 1_5_-3334_5
15 0.000655 3 0 PTP 1 1_3_-3334_6
15 0.000655 3 0 PTP 1 1_2_-3334_7
13 0.000655 2 1
16 0.000655 3 0 PTP 17 1_17_-3334_3
15 0.000655 3 0 PTP 17 17_25_-3334_8
16 0.000655 3 0 PTP 2 1_2_-3334_7
13 0.000655 2 2
15 0.000655 3 0 PTP 17 17_21_-3334_9
15 0.000655 3 0 PTP 17 17_19_-3334_10
15 0.000655 3 0 PTP 17 17_18_-3334_11
13 0.000655 2 17
16 0.000655 3 0 PTP 33 1_33_-3334_2
15 0.000655 3 0 PTP 33 33_49_-3334_12
16 0.000655 3 0 PTP 3 1_3_-3334_6
15 0.000655 3 0 PTP 3 3_4_-3334_13
15 0.000655 3 0 PTP 33 33_41_-3334_14
13 0.000655 2 3
15 0.000655 3 0 PTP 33 33_37_-3334_15
15 0.000655 3 0 PTP 33 33_35_-3334_16
15 0.000655 3 0 PTP 33 33_34_-3334_17
13 0.000655 2 33
16 0.000655 3 0 PTP 18 17_18_-3334_11
13 0.000655 2 18
16 0.000656 3 0 PTP 19 17_19_-3334_10
15 0.000656 3 0 PTP 19 19_20_-3334_18
16 0.000656 3 0 PTP 49 33_49_-3334_12
15 0.000656 3 0 PTP 49 49_57_-3334_19
16 0.000656 3 0 PTP 4 3_4_-3334_13
13 0.000656 2 4
16 0.000656 3 0 PTP 34 33_34_-3334_17
13 0.000656 2 34
13 0.000656 2 19
15 0.000656 3 0 PTP 49 49_53_-3334_20
15 0.000656 3 0 PTP 49 49_51_-3334_21
15 0.000656 3 0 PTP 49 49_50_-3334_22
13 0.000656 2 49
16 0.000656 3 0 PTP 65 1_65_-3334_1
15 0.000656 3 0 PTP 65 65_97_-3334_23
16 0.000656 3 0 PTP 5 1_5_-3334_5
15 0.000656 3 0 PTP 5 5_7_-3334_24
15 0.000656 3 0 PTP 65 65_81_-3334_25
15 0.000656 3 0 PTP 5 5_6_-3334_26
15 0.000656 3 0 PTP 65 65_73_-3334_27
13 0.000656 2 5
15 0.000656 3 0 PTP 65 65_69_-3334_28
15 0.000656 3 0 PTP 65 65_67_-3334_29
15 0.000656 3 0 PTP 65 65_66_-3334_30
13 0.000656 2 65
16 0.000656 3 0 PTP 35 33_35_-3334_16
15 0.000656 3 0 PTP 35 35_36_-3334_31
13 0.000656 2 35
16 0.000656 3 0 PTP 20 19_20_-3334_18
13 0.000656 2 20
16 0.000656 3 0 PTP 50 49_50_-3334_22
13 0.000656 2 50
16 0.000656 3 0 PTP 81 65_81_-3334_25
15 0.000656 3 0 PTP 81 81_89_-3334_32
16 0.000656 3 0 PTP 6 5_6_-3334_26
13 0.000656 2 6
16 0.000656 3 0 PTP 66 65_66_-3334_30
13 0.000656 2 66
16 0.000656 3 0 PTP 21 17_21_-3334_9
15 0.000656 3 0 PTP 21 21_23_-3334_33
15 0.000656 3 0 PTP 81 81_85_-3334_34
15 0.000656 3 0 PTP 21 21_22_-3334_35
15 0.000656 3 0 PTP 81 81_83_-3334_36
13 0.000656 2 21
15 0.000656 3 0 PTP 81 81_82_-3334_37
13 0.000656 2 81
16 0.000656 3 0 PTP 51 49_51_-3334_21
15 0.000656 3 0 PTP 51 51_52_-3334_38
16 0.000656 3 0 PTP 36 35_36_-3334_31
13 0.000656 2 36
13 0.000656 2 51
16 0.000656 3 0 PTP 97 65_97_-3334_23
15 0.000656 3 0 PTP 97 97_113_-3334_39
16 0.000656 3 0 PTP 7 5_7_-3334_24
15 0.000656 3 0 PTP 7 7_8_-3334_40
16 0.000656 3 0 PTP 67 65_67_-3334_29
15 0.000656 3 0 PTP 67 67_68_-3334_41
16 0.000656 3 0 PTP 37 33_37_-3334_15
15 0.000656 3 0 PTP 37 37_39_-3334_42
15 0.000656 3 0 PTP 97 97_105_-3334_43
13 0.000656 2 7
13 0.000656 2 67
15 0.000656 3 0 PTP 37 37_38_-3334_44
15 0.000656 3 0 PTP 97 97_101_-3334_45
13 0.000656 2 37
15 0.000656 3 0 PTP 97 97_99_-3334_46
15 0.000656 3 0 PTP 97 97_98_-3334_47
13 0.000656 2 97
16 0.000656 3 0 PTP 22 21_22_-3334_35
13 0.000656 2 22
16 0.000656 3 0 PTP 82 81_82_-3334_37
13 0.000656 2 82
16 0.000656 3 0 PTP 52 51_52_-3334_38
13 0.000656 2 52
16 0.000656 3 0 PTP 23 21_23_-3334_33
15 0.000656 3 0 PTP 23 23_24_-3334_48
16 0.000656 3 0 PTP 83 81_83_-3334_36
15 0.000656 3 0 PTP 83 83_84_-3334_49
16 0.000656 3 0 PTP 113 97_113_-3334_39
15 0.000656 3 0 PTP 113 113_121_-3334_50
16 0.000656 3 0 PTP 8 7_8_-3334_40
13 0.000656 2 8
16 0.000656 3 0 PTP 68 67_68_-3334_41
13 0.000656 2 68
16 0.000656 3 0 PTP 38 37_38_-3334_44
13 0.000656 2 38
16 0.000656 3 0 PTP 98 97_98_-3334_47
13 0.000656 2 98
16 0.000656 3 0 PTP 53 49_53_-3334_20
15 0.000656 3 0 PTP 53 53_55_-3334_51
13 0.000656 2 23
13 0.000656 2 83
15 0.000656 3 0 PTP 113 113_117_-3334_52
15 0.000656 3 0 PTP 53 53_54_-3334_53
15 0.000656 3 0 PTP 113 113_115_-3334_54
13 0.000656 2 53
15 0.000656 3 0 PTP 113 113_114_-3334_55
13 0.000656 2 113
16 0.000657 3 0 PTP 9 1_9_-3334_4
15 0.000657 3 0 PTP 9 9_13_-3334_56
15 0.000657 3 0 PTP 9 9_11_-3334_57
15 0.000657 3 0 PTP 9 9_10_-3334_58
13 0.000657 2 9
16 0.000657 3 0 PTP 69 65_69_-3334_28
15 0.000657 3 0 PTP 69 69_71_-3334_59
15 0.000657 3 0 PTP 69 69_70_-3334_60
13 0.000657 2 69
16 0.000657 3 0 PTP 39 37_39_-3334_42
15 0.000657 3 0 PTP 39 39_40_-3334_61
16 0.000657 3 0 PTP 99 97_99_-3334_46
15 0.000657 3 0 PTP 99 99_100_-3334_62
13 0.000657 2 39
13 0.000657 2 99
16 0.000657 3 0 PTP 24 23_24_-3334_48
13 0.000657 2 24
16 0.000657 3 0 PTP 84 83_84_-3334_49
13 0.000657 2 84
16 0.000657 3 0 PTP 54 53_54_-3334_53
13 0.000657 2 54
16 0.000657 3 0 PTP 114 113_114_-3334_55
13 0.000657 2 114
16 0.000657 3 0 PTP 10 9_10_-3334_58
13 0.000657 2 10
16 0.000657 3 0 PTP 25 17_25_-3334_8
15 0.000657 3 0 PTP 25 25_29_-3334_63
15 0.000657 3 0 PTP 25 25_27_-3334_64
15 0.000657 3 0 PTP 25 25_26_-3334_65
13 0.000657 2 25
16 0.000657 3 0 PTP 70 69_70_-3334_60
13 0.000657 2 70
16 0.000657 3 0 PTP 85 81_85_-3334_34
15 0.000657 3 0 PTP 85 85_87_-3334_66
15 0.000657 3 0 PTP 85 85_86_-3334_67
13 0.000657 2 85
16 0.000657 3 0 PTP 55 53_55_-3334_51
15 0.000657 3 0 PTP 55 55_56_-3334_68
16 0.000657 3 0 PTP 115 113_115_-3334_54
15 0.000657 3 0 PTP 115 115_116_-3334_69
16 0.000657 3 0 PTP 40 39_40_-3334_61
13 0.000657 2 40
16 0.000657 3 0 PTP 100 99_100_-3334_62
13 0.000657 2 100
13 0.000657 2 55
13 0.000657 2 115
16 0.000657 3 0 PTP 11 9_11_-3334_57
15 0.000657 3 0 PTP 11 11_12_-3334_70
16 0.000657 3 0 PTP 41 33_41_-3334_14
15 0.000657 3 0 PTP 41 41_45_-3334_71
13 0.000657 2 11
15 0.000657 3 0 PTP 41 41_43_-3334_72
15 0.000657 3 0 PTP 41 41_42_-3334_73
13 0.000657 2 41
16 0.000657 3 0 PTP 71 69_71_-3334_59
15 0.000657 3 0 PTP 71 71_72_-3334_74
16 0.000657 3 0 PTP 26 25_26_-3334_65
13 0.000657 2 26
16 0.000657 3 0 PTP 101 97_101_-3334_45
15 0.000657 3 0 PTP 101 101_103_-3334_75
13 0.000657 2 71
15 0.000657 3 0 PTP 101 101_102_-3334_76
13 0.000657 2 101
16 0.000657 3 0 PTP 86 85_86_-3334_67
13 0.000657 2 86
16 0.000657 3 0 PTP 56 55_56_-3334_68
13 0.000657 2 56
16 0.000657 3 0 PTP 116 115_116_-3334_69
13 0.000657 2 116
16 0.000657 3 0 PTP 27 25_27_-3334_64
15 0.000657 3 0 PTP 27 27_28_-3334_77
16 0.000657 3 0 PTP 12 11_12_-3334_70
13 0.000657 2 12
16 0.000657 3 0 PTP 42 41_42_-3334_73
13 0.000657 2 42
16 0.000657 3 0 PTP 57 49_57_-3334_19
15 0.000657 3 0 PTP 57 57_61_-3334_78
13 0.000657 2 27
15 0.000657 3 0 PTP 57 57_59_-3334_79
15 0.000657 3 0 PTP 57 57_58_-3334_80
13 0.000657 2 57
16 0.000657 3 0 PTP 87 85_87_-3334_66
15 0.000657 3 0 PTP 87 87_88_-3334_81
16 0.000657 3 0 PTP 72 71_72_-3334_74
13 0.000657 2 72
16 0.000657 3 0 PTP 102 101_102_-3334_76
13 0.000657 2 102
16 0.000657 3 0 PTP 117 113_117_-3334_52
15 0.000657 3 0 PTP 117 117_119_-3334_82
13 0.000657 2 87
15 0.000657 3 0 PTP 117 117_118_-3334_83
13 0.000657 2 117
16 0.000657 3 0 PTP 73 65_73_-3334_27
15 0.000657 3 0 PTP 73 73_77_-3334_84
16 0.000657 3 0 PTP 13 9_13_-3334_56
15 0.000657 3 0 PTP 13 13_15_-3334_85
15 0.000657 3 0 PTP 73 73_75_-3334_86
15 0.000657 3 0 PTP 13 13_14_-3334_87
15 0.000657 3 0 PTP 73 73_74_-3334_88
13 0.000657 2 13
13 0.000657 2 73
16 0.000657 3 0 PTP 43 41_43_-3334_72
15 0.000657 3 0 PTP 43 43_44_-3334_89
13 0.000657 2 43
12 0.000657 2 83 7
16 0.000657 3 0 PTP 103 101_103_-3334_75
15 0.000657 3 0 PTP 103 103_104_-3334_90
16 0.000657 3 0 PTP 28 27_28_-3334_77
13 0.000657 2 28
16 0.000657 3 0 PTP 58 57_58_-3334_80
13 0.000657 2 58
13 0.000657 2 103
16 0.000658 3 0 PTP 88 87_88_-3334_81
13 0.000658 2 88
16 0.000658 3 0 PTP 118 117_118_-3334_83
13 0.000658 2 118
16 0.000658 3 0 PTP 14 13_14_-3334_87
13 0.000658 2 14
16 0.000658 3 0 PTP 74 73_74_-3334_88
13 0.000658 2 74
16 0.000658 3 0 PTP 29 25_29_-3334_63
15 0.000658 3 0 PTP 29 29_31_-3334_91
16 0.000658 3 0 PTP 89 81_89_-3334_32
15 0.000658 3 0 PTP 89 89_93_-3334_92
15 0.000658 3 0 PTP 29 29_30_-3334_93
15 0.000658 3 0 PTP 89 89_91_-3334_94
13 0.000658 2 29
15 0.000658 3 0 PTP 89 89_90_-3334_95
13 0.000658 2 89
16 0.000658 3 0 PTP 59 57_59_-3334_79
15 0.000658 3 0 PTP 59 59_60_-3334_96
16 0.000658 3 0 PTP 44 43_44_-3334_89
13 0.000658 2 44
13 0.000658 2 59
16 0.000658 3 0 PTP 119 117_119_-3334_82
15 0.000658 3 0 PTP 119 119_120_-3334_97
16 0.000658 3 0 PTP 104 103_104_-3334_90
13 0.000658 2 104
13 0.000658 2 119
16 0.000658 3 0 PTP 15 13_15_-3334_85
15 0.000658 3 0 PTP 15 15_16_-3334_98
16 0.000658 3 0 PTP 75 73_75_-3334_86
15 0.000658 3 0 PTP 75 75_76_-3334_99
16 0.000658 3 0 PTP 45 41_45_-3334_71
15 0.000658 3 0 PTP 45 45_47_-3334_100
16 0.000658 3 0 PTP 105 97_105_-3334_43
15 0.000658 3 0 PTP 105 105_109_-3334_101
13 0.000658 2 15
13 0.000658 2 75
15 0.000658 3 0 PTP 45 45_46_-3334_102
15 0.000658 3 0 PTP 105 105_107_-3334_103
13 0.000658 2 45
15 0.000658 3 0 PTP 105 105_106_-3334_104
13 0.000658 2 105
16 0.000658 3 0 PTP 30 29_30_-3334_93
13 0.000658 2 30
16 0.000658 3 0 PTP 90 89_90_-3334_95
13 0.000658 2 90
12 0.000658 2 50 7
16 0.000658 3 0 PTP 60 59_60_-3334_96
13 0.000658 2 60
16 0.000658 3 0 PTP 120 119_120_-3334_97
13 0.000658 2 120
12 0.000658 2 66 7
12 0.000658 2 81 7
16 0.000658 3 0 PTP 31 29_31_-3334_91
15 0.000658 3 0 PTP 31 31_32_-3334_105
16 0.000658 3 0 PTP 91 89_91_-3334_94
15 0.000658 3 0 PTP 91 91_92_-3334_106
16 0.000658 3 0 PTP 16 15_16_-3334_98
13 0.000658 2 16
16 0.000658 3 0 PTP 76 75_76_-3334_99
13 0.000658 2 76
16 0.000658 3 0 PTP 46 45_46_-3334_102
13 0.000658 2 46
16 0.000658 3 0 PTP 106 105_106_-3334_104
13 0.000658 2 106
16 0.000658 3 0 PTP 61 57_61_-3334_78
15 0.000658 3 0 PTP 61 61_63_-3334_107
16 0.000658 3 0 PTP 121 113_121_-3334_50
15 0.000658 3 0 PTP 121 121_125_-3334_108
13 0.000658 2 31
13 0.000658 2 91
15 0.000658 3 0 PTP 61 61_62_-3334_109
15 0.000658 3 0 PTP 121 121_123_-3334_110
13 0.000658 2 61
15 0.000658 3 0 PTP 121 121_122_-3334_111
13 0.000658 2 121
12 0.000658 2 116 7
16 0.000658 3 0 PTP 77 73_77_-3334_84
15 0.000658 3 0 PTP 77 77_79_-3334_112
15 0.000658 3 0 PTP 77 77_78_-3334_113
13 0.000658 2 77
12 0.000658 2 67 7
12 0.000658 2 37 7
16 0.000658 3 0 PTP 47 45_47_-3334_100
15 0.000658 3 0 PTP 47 47_48_-3334_114
16 0.000658 3 0 PTP 107 105_107_-3334_103
15 0.000658 3 0 PTP 107 107_108_-3334_115
13 0.000658 2 47
13 0.000658 2 107
12 0.000658 2 22 7
12 0.000658 2 117 7
16 0.000658 3 0 PTP 32 31_32_-3334_105
13 0.000658 2 32
16 0.000658 3 0 PTP 92 91_92_-3334_106
13 0.000658 2 92
16 0.000658 3 0 PTP 62 61_62_-3334_109
13 0.000658 2 62
16 0.000658 3 0 PTP 122 121_122_-3334_111
13 0.000658 2 122
12 0.000658 2 3 7
16 0.000658 3 0 PTP 78 77_78_-3334_113
13 0.000658 2 78
16 0.000658 3 0 PTP 93 89_93_-3334_92
15 0.000658 3 0 PTP 93 93_95_-3334_116
15 0.000658 3 0 PTP 93 93_94_-3334_117
13 0.000658 2 93
12 0.000658 2 23 7
16 0.000658 3 0 PTP 63 61_63_-3334_107
15 0.000658 3 0 PTP 63 63_64_-3334_118
16 0.000658 3 0 PTP 123 121_123_-3334_110
15 0.000658 3 0 PTP 123 123_124_-3334_119
16 0.000658 3 0 PTP 48 47_48_-3334_114
13 0.000658 2 48
16 0.000658 3 0 PTP 108 107_108_-3334_115
13 0.000658 2 108
13 0.000658 2 63
13 0.000658 2 123
16 0.000659 3 0 PTP 79 77_79_-3334_112
15 0.000659 3 0 PTP 79 79_80_-3334_120
16 0.000659 3 0 PTP 109 105_109_-3334_101
15 0.000659 3 0 PTP 109 109_111_-3334_121
13 0.000659 2 79
15 0.000659 3 0 PTP 109 109_110_-3334_122
13 0.000659 2 109
12 0.000659 2 19 7
12 0.000659 2 99 7
16 0.000659 3 0 PTP 94 93_94_-3334_117
13 0.000659 2 94
12 0.000659 2 84 7
12 0.000659 2 114 7
16 0.000659 3 0 PTP 64 63_64_-3334_118
13 0.000659 2 64
16 0.000659 3 0 PTP 124 123_124_-3334_119
13 0.000659 2 124
12 0.000659 2 75 7
12 0.000659 2 70 7
12 0.000659 2 85 7
16 0.000659 3 0 PTP 95 93_95_-3334_116
15 0.000659 3 0 PTP 95 95_96_-3334_123
16 0.000659 3 0 PTP 80 79_80_-3334_120
13 0.000659 2 80
16 0.000659 3 0 PTP 110 109_110_-3334_122
13 0.000659 2 110
16 0.000659 3 0 PTP 125 121_125_-3334_108
15 0.000659 3 0 PTP 125 125_127_-3334_124
13 0.000659 2 95
15 0.000659 3 0 PTP 125 125_126_-3334_125
13 0.000659 2 125
12 0.000659 2 100 7
12 0.000659 2 115 7
12 0.000659 2 1 7
15 0.000659 3 0 PTP 1 1_65_-3334_126
15 0.000659 3 0 PTP 1 1_33_-3334_127
15 0.000659 3 0 PTP 1 1_17_-3334_128
15 0.000659 3 0 PTP 1 1_9_-3334_129
15 0.000659 3 0 PTP 1 1_5_-3334_130
15 0.000659 3 0 PTP 1 1_3_-3334_131
15 0.000659 3 0 PTP 1 1_2_-3334_132
13 0.000659 2 1
12 0.000659 2 41 7
12 0.000659 2 21 7
12 0.000659 2 71 7
12 0.000659 2 101 7
12 0.000659 2 121 7
16 0.000659 3 0 PTP 111 109_111_-3334_121
15 0.000659 3 0 PTP 111 111_112_-3334_133
13 0.000659 2 111
12 0.000659 2 51 7
12 0.000659 2 86 7
16 0.000659 3 0 PTP 96 95_96_-3334_123
13 0.000659 2 96
16 0.000659 3 0 PTP 126 125_126_-3334_125
13 0.000659 2 126
12 0.000659 2 2 7
12 0.000659 2 17 7
12 0.000659 2 7 7
12 0.000659 2 97 7
12 0.000659 2 57 7
12 0.000659 2 102 7
12 0.000659 2 122 7
16 0.000659 3 0 PTP 127 125_127_-3334_124
15 0.000659 3 0 PTP 127 127_128_-3334_134
16 0.000659 3 0 PTP 112 111_112_-3334_133
13 0.000659 2 112
13 0.000659 2 127
12 0.000659 2 13 7
12 0.000659 2 73 7
12 0.000659 2 33 7
16 0.000659 3 0 PTP 3 1_3_-3334_131
15 0.000659 3 0 PTP 3 3_4_-3334_135
13 0.000659 2 3
12 0.000659 2 43 7
12 0.000659 2 18 7
16 0.000659 3 0 PTP 2 1_2_-3334_132
13 0.000659 2 2
16 0.000659 3 0 PTP 17 1_17_-3334_128
15 0.000659 3 0 PTP 17 17_25_-3334_136
15 0.000659 3 0 PTP 17 17_21_-3334_137
15 0.000659 3 0 PTP 17 17_19_-3334_138
15 0.000659 3 0 PTP 17 17_18_-3334_139
13 0.000659 2 17
12 0.000659 2 68 7
12 0.000659 2 38 7
12 0.000659 2 98 7
12 0.000659 2 113 7
12 0.000659 2 28 7
12 0.000659 2 58 7
12 0.000659 2 103 7
12 0.000660 2 88 7
12 0.000660 2 118 7
16 0.000660 3 0 PTP 128 127_128_-3334_134
13 0.000660 2 128
12 0.000660 2 74 7
12 0.000660 2 89 7
12 0.000660 2 4 7
12 0.000660 2 34 7
12 0.000660 2 49 7
12 0.000660 2 59 7
16 0.000660 3 0 PTP 18 17_18_-3334_139
13 0.000660 2 18
12 0.000660 2 24 7
12 0.000660 2 104 7
12 0.000660 2 5 7
12 0.000660 2 65 7
12 0.000660 2 10 7
12 0.000660 2 25 7
12 0.000660 2 45 7
12 0.000660 2 105 7
12 0.000660 2 35 7
16 0.000660 3 0 PTP 33 1_33_-3334_127
15 0.000660 3 0 PTP 33 33_49_-3334_140
15 0.000660 3 0 PTP 33 33_41_-3334_141
15 0.000660 3 0 PTP 33 33_37_-3334_142
15 0.000660 3 0 PTP 33 33_35_-3334_143
15 0.000660 3 0 PTP 33 33_34_-3334_144
13 0.000660 2 33
12 0.000660 2 90 7
12 0.000660 2 95 7
12 0.000660 2 20 7
16 0.000660 3 0 PTP 19 17_19_-3334_138
15 0.000660 3 0 PTP 19 19_20_-3334_145
16 0.000660 3 0 PTP 4 3_4_-3334_135
13 0.000660 2 4
13 0.000660 2 19
12 0.000660 2 55 7
12 0.000660 2 120 7
12 0.000660 2 6 7
12 0.000660 2 26 7
12 0.000660 2 106 7
12 0.000660 2 91 7
16 0.000660 3 0 PTP 49 33_49_-3334_140
15 0.000660 3 0 PTP 49 49_57_-3334_146
16 0.000660 3 0 PTP 34 33_34_-3334_144
13 0.000660 2 34
15 0.000660 3 0 PTP 49 49_53_-3334_147
15 0.000660 3 0 PTP 49 49_51_-3334_148
15 0.000660 3 0 PTP 49 49_50_-3334_149
13 0.000660 2 49
16 0.000660 3 0 PTP 20 19_20_-3334_145
13 0.000660 2 20
12 0.000660 2 56 7
12 0.000660 2 12 7
12 0.000660 2 42 7
12 0.000660 2 27 7
12 0.000660 2 107 7
12 0.000660 2 82 7
16 0.000660 3 0 PTP 35 33_35_-3334_143
15 0.000660 3 0 PTP 35 35_36_-3334_150
16 0.000660 3 0 PTP 21 17_21_-3334_137
15 0.000660 3 0 PTP 21 21_23_-3334_151
13 0.000660 2 35
15 0.000660 3 0 PTP 21 21_22_-3334_152
13 0.000660 2 21
12 0.000660 2 72 7
12 0.000660 2 87 7
16 0.000660 3 0 PTP 50 49_50_-3334_149
13 0.000660 2 50
12 0.000660 2 93 7
12 0.000660 2 8 7
12 0.000660 2 48 7
12 0.000660 2 108 7
12 0.000660 2 63 7
12 0.000660 2 123 7
16 0.000660 3 0 PTP 51 49_51_-3334_148
15 0.000660 3 0 PTP 51 51_52_-3334_153
16 0.000660 3 0 PTP 22 21_22_-3334_152
13 0.000660 2 22
13 0.000660 2 51
12 0.000661 2 9 7
16 0.000661 3 0 PTP 5 1_5_-3334_130
15 0.000661 3 0 PTP 5 5_7_-3334_154
16 0.000661 3 0 PTP 65 1_65_-3334_126
15 0.000661 3 0 PTP 65 65_97_-3334_155
15 0.000661 3 0 PTP 5 5_6_-3334_156
15 0.000661 3 0 PTP 65 65_81_-3334_157
13 0.000661 2 5
15 0.000661 3 0 PTP 65 65_73_-3334_158
15 0.000661 3 0 PTP 65 65_69_-3334_159
15 0.000661 3 0 PTP 65 65_67_-3334_160
15 0.000661 3 0 PTP 65 65_66_-3334_161
13 0.000661 2 65
12 0.000661 2 29 7
12 0.000661 2 109 7
12 0.000661 2 39 7
16 0.000661 3 0 PTP 37 33_37_-3334_142
15 0.000661 3 0 PTP 37 37_39_-3334_162
15 0.000661 3 0 PTP 37 37_38_-3334_163
13 0.000661 2 37
12 0.000661 2 94 7
16 0.000661 3 0 PTP 23 21_23_-3334_151
15 0.000661 3 0 PTP 23 23_24_-3334_164
13 0.000661 2 23
12 0.000661 2 119 7
12 0.000661 2 64 7
12 0.000661 2 124 7
16 0.000661 3 0 PTP 6 5_6_-3334_156
13 0.000661 2 6
16 0.000661 3 0 PTP 81 65_81_-3334_157
15 0.000661 3 0 PTP 81 81_89_-3334_165
16 0.000661 3 0 PTP 66 65_66_-3334_161
13 0.000661 2 66
15 0.000661 3 0 PTP 81 81_85_-3334_166
15 0.000661 3 0 PTP 81 81_83_-3334_167
15 0.000661 3 0 PTP 81 81_82_-3334_168
13 0.000661 2 81
12 0.000661 2 30 7
12 0.000661 2 110 7
16 0.000661 3 0 PTP 38 37_38_-3334_163
13 0.000661 2 38
12 0.000661 2 60 7
16 0.000661 3 0 PTP 24 23_24_-3334_164
13 0.000661 2 24
12 0.000661 2 11 7
16 0.000661 3 0 PTP 7 5_7_-3334_154
15 0.000661 3 0 PTP 7 7_8_-3334_169
16 0.000661 3 0 PTP 97 65_97_-3334_155
15 0.000661 3 0 PTP 97 97_113_-3334_170
16 0.000661 3 0 PTP 67 65_67_-3334_160
15 0.000661 3 0 PTP 67 67_68_-3334_171
13 0.000661 2 7
15 0.000661 3 0 PTP 97 97_105_-3334_172
13 0.000661 2 67
15 0.000661 3 0 PTP 97 97_101_-3334_173
15 0.000661 3 0 PTP 97 97_99_-3334_174
15 0.000661 3 0 PTP 97 97_98_-3334_175
13 0.000661 2 97
12 0.000661 2 76 7
12 0.000661 2 46 7
16 0.000661 3 0 PTP 39 37_39_-3334_162
15 0.000661 3 0 PTP 39 39_40_-3334_176
16 0.000661 3 0 PTP 82 81_82_-3334_168
13 0.000661 2 82
13 0.000661 2 39
12 0.000661 2 96 7
12 0.000661 2 126 7
16 0.000661 3 0 PTP 83 81_83_-3334_167
15 0.000661 3 0 PTP 83 83_84_-3334_177
16 0.000661 3 0 PTP 8 7_8_-3334_169
13 0.000661 2 8
16 0.000661 3 0 PTP 113 97_113_-3334_170
15 0.000661 3 0 PTP 113 113_121_-3334_178
16 0.000661 3 0 PTP 68 67_68_-3334_171
13 0.000661 2 68
16 0.000661 3 0 PTP 98 97_98_-3334_175
13 0.000661 2 98
13 0.000661 2 83
15 0.000661 3 0 PTP 113 113_117_-3334_179
15 0.000661 3 0 PTP 113 113_115_-3334_180
15 0.000661 3 0 PTP 113 113_114_-3334_181
13 0.000661 2 113
12 0.000661 2 32 7
12 0.000661 2 92 7
12 0.000661 2 62 7
12 0.000661 2 127 7
16 0.000661 3 0 PTP 25 17_25_-3334_136
15 0.000661 3 0 PTP 25 25_29_-3334_182
15 0.000661 3 0 PTP 25 25_27_-3334_183
15 0.000661 3 0 PTP 25 25_26_-3334_184
13 0.000661 2 25
16 0.000661 3 0 PTP 41 33_41_-3334_141
15 0.000661 3 0 PTP 41 41_45_-3334_185
15 0.000661 3 0 PTP 41 41_43_-3334_186
15 0.000661 3 0 PTP 41 41_42_-3334_187
13 0.000661 2 41
16 0.000661 3 0 PTP 99 97_99_-3334_174
15 0.000661 3 0 PTP 99 99_100_-3334_188
13 0.000661 2 99
16 0.000662 3 0 PTP 84 83_84_-3334_177
13 0.000662 2 84
16 0.000662 3 0 PTP 114 113_114_-3334_181
13 0.000662 2 114
12 0.000662 2 128 7
12 0.000662 2 69 7
12 0.000662 2 14 7
16 0.000662 3 0 PTP 26 25_26_-3334_184
13 0.000662 2 26
12 0.000662 2 44 7
16 0.000662 3 0 PTP 42 41_42_-3334_187
13 0.000662 2 42
16 0.000662 3 0 PTP 85 81_85_-3334_166
15 0.000662 3 0 PTP 85 85_87_-3334_189
16 0.000662 3 0 PTP 57 49_57_-3334_146
15 0.000662 3 0 PTP 57 57_61_-3334_190
15 0.000662 3 0 PTP 85 85_86_-3334_191
15 0.000662 3 0 PTP 57 57_59_-3334_192
13 0.000662 2 85
15 0.000662 3 0 PTP 57 57_58_-3334_193
13 0.000662 2 57
16 0.000662 3 0 PTP 115 113_115_-3334_180
15 0.000662 3 0 PTP 115 115_116_-3334_194
16 0.000662 3 0 PTP 100 99_100_-3334_188
13 0.000662 2 100
13 0.000662 2 115
12 0.000662 2 15 7
16 0.000662 3 0 PTP 27 25_27_-3334_183
15 0.000662 3 0 PTP 27 27_28_-3334_195
13 0.000662 2 27
16 0.000662 3 0 PTP 43 41_43_-3334_186
15 0.000662 3 0 PTP 43 43_44_-3334_196
16 0.000662 3 0 PTP 101 97_101_-3334_173
15 0.000662 3 0 PTP 101 101_103_-3334_197
13 0.000662 2 43
15 0.000662 3 0 PTP 101 101_102_-3334_198
13 0.000662 2 101
12 0.000662 2 80 7
12 0.000662 2 125 7
12 0.000662 2 40 7
16 0.000662 3 0 PTP 86 85_86_-3334_191
13 0.000662 2 86
16 0.000662 3 0 PTP 58 57_58_-3334_193
13 0.000662 2 58
16 0.000662 3 0 PTP 116 115_116_-3334_194
13 0.000662 2 116
12 0.000662 2 16 7
12 0.000662 2 31 7
12 0.000662 2 61 7
12 0.000662 2 111 7
16 0.000662 3 0 PTP 28 27_28_-3334_195
13 0.000662 2 28
12 0.000662 2 36 7
16 0.000662 3 0 PTP 87 85_87_-3334_189
15 0.000662 3 0 PTP 87 87_88_-3334_199
16 0.000662 3 0 PTP 59 57_59_-3334_192
15 0.000662 3 0 PTP 59 59_60_-3334_200
16 0.000662 3 0 PTP 44 43_44_-3334_196
13 0.000662 2 44
16 0.000662 3 0 PTP 102 101_102_-3334_198
13 0.000662 2 102
16 0.000662 3 0 PTP 117 113_117_-3334_179
15 0.000662 3 0 PTP 117 117_119_-3334_201
13 0.000662 2 87
13 0.000662 2 59
15 0.000662 3 0 PTP 117 117_118_-3334_202
13 0.000662 2 117
12 0.000662 2 20 8
15 0.000662 3 0 PTP 20 20_1_-778_203
16 0.000662 3 0 PTP 40 39_40_-3334_176
13 0.000662 2 40
16 0.000662 3 0 PTP 9 1_9_-3334_129
15 0.000662 3 0 PTP 9 9_13_-3334_204
15 0.000662 3 0 PTP 9 9_11_-3334_205
15 0.000662 3 0 PTP 9 9_10_-3334_206
13 0.000662 2 9
12 0.000662 2 77 7
16 0.000662 3 0 PTP 73 65_73_-3334_158
15 0.000662 3 0 PTP 73 73_77_-3334_207
15 0.000662 3 0 PTP 73 73_75_-3334_208
15 0.000662 3 0 PTP 73 73_74_-3334_209
13 0.000662 2 73
16 0.000662 3 0 PTP 29 25_29_-3334_182
15 0.000662 3 0 PTP 29 29_31_-3334_210
15 0.000662 3 0 PTP 29 29_30_-3334_211
13 0.000662 2 29
12 0.000662 2 47 7
16 0.000662 3 0 PTP 45 41_45_-3334_185
15 0.000662 3 0 PTP 45 45_47_-3334_212
15 0.000662 3 0 PTP 45 45_46_-3334_213
13 0.000662 2 45
16 0.000662 3 0 PTP 103 101_103_-3334_197
15 0.000662 3 0 PTP 103 103_104_-3334_214
13 0.000662 2 103
12 0.000662 2 112 7
12 0.000662 2 52 7
16 0.000662 3 0 PTP 36 35_36_-3334_150
13 0.000662 2 36
16 0.000662 3 0 PTP 88 87_88_-3334_199
13 0.000662 2 88
16 0.000662 3 0 PTP 60 59_60_-3334_200
13 0.000662 2 60
16 0.000662 3 0 PTP 118 117_118_-3334_202
13 0.000662 2 118
16 0.000662 3 0 PTP 10 9_10_-3334_206
13 0.000662 2 10
12 0.000662 2 3 8
15 0.000662 3 0 PTP 3 3_1_-778_215
16 0.000662 3 0 PTP 69 65_69_-3334_159
15 0.000662 3 0 PTP 69 69_71_-3334_216
15 0.000662 3 0 PTP 69 69_70_-3334_217
13 0.000662 2 69
12 0.000662 2 78 7
16 0.000662 3 0 PTP 74 73_74_-3334_209
13 0.000662 2 74
16 0.000662 3 0 PTP 89 81_89_-3334_165
15 0.000662 3 0 PTP 89 89_93_-3334_218
15 0.000662 3 0 PTP 89 89_91_-3334_219
15 0.000662 3 0 PTP 89 89_90_-3334_220
13 0.000662 2 89
16 0.000662 3 0 PTP 30 29_30_-3334_211
13 0.000662 2 30
12 0.000662 2 53 7
16 0.000662 3 0 PTP 46 45_46_-3334_213
13 0.000662 2 46
16 0.000663 3 0 PTP 119 117_119_-3334_201
15 0.000663 3 0 PTP 119 119_120_-3334_221
16 0.000663 3 0 PTP 104 103_104_-3334_214
13 0.000663 2 104
13 0.000663 2 119
16 0.000663 3 0 PTP 52 51_52_-3334_153
13 0.000663 2 52
16 0.000663 3 0 PTP 11 9_11_-3334_205
15 0.000663 3 0 PTP 11 11_12_-3334_222
13 0.000663 2 11
12 0.000663 2 79 7
16 0.000663 3 0 PTP 75 73_75_-3334_208
15 0.000663 3 0 PTP 75 75_76_-3334_223
16 0.000663 3 0 PTP 105 97_105_-3334_172
15 0.000663 3 0 PTP 105 105_109_-3334_224
13 0.000663 2 75
15 0.000663 3 0 PTP 105 105_107_-3334_225
15 0.000663 3 0 PTP 105 105_106_-3334_226
13 0.000663 2 105
16 0.000663 3 0 PTP 31 29_31_-3334_210
15 0.000663 3 0 PTP 31 31_32_-3334_227
13 0.000663 2 31
16 0.000663 3 0 PTP 70 69_70_-3334_217
13 0.000663 2 70
16 0.000663 3 0 PTP 47 45_47_-3334_212
15 0.000663 3 0 PTP 47 47_48_-3334_228
16 0.000663 3 0 PTP 90 89_90_-3334_220
13 0.000663 2 90
13 0.000663 2 47
12 0.000663 2 54 7
12 0.000663 2 23 8
15 0.000663 3 0 PTP 23 23_1_-778_229
16 0.000663 3 0 PTP 120 119_120_-3334_221
13 0.000663 2 120
16 0.000663 3 0 PTP 12 11_12_-3334_222
13 0.000663 2 12
16 0.000663 3 0 PTP 71 69_71_-3334_216
15 0.000663 3 0 PTP 71 71_72_-3334_230
13 0.000663 2 71
16 0.000663 3 0 PTP 91 89_91_-3334_219
15 0.000663 3 0 PTP 91 91_92_-3334_231
16 0.000663 3 0 PTP 76 75_76_-3334_223
13 0.000663 2 76
16 0.000663 3 0 PTP 106 105_106_-3334_226
13 0.000663 2 106
16 0.000663 3 0 PTP 61 57_61_-3334_190
15 0.000663 3 0 PTP 61 61_63_-3334_232
16 0.000663 3 0 PTP 121 113_121_-3334_178
15 0.000663 3 0 PTP 121 121_125_-3334_233
13 0.000663 2 91
15 0.000663 3 0 PTP 61 61_62_-3334_234
15 0.000663 3 0 PTP 121 121_123_-3334_235
13 0.000663 2 61
15 0.000663 3 0 PTP 121 121_122_-3334_236
13 0.000663 2 121
12 0.000663 2 19 8
15 0.000663 3 0 PTP 19 19_1_-778_237
16 0.000663 3 0 PTP 32 31_32_-3334_227
13 0.000663 2 32
16 0.000663 3 0 PTP 48 47_48_-3334_228
13 0.000663 2 48
16 0.000663 3 0 PTP 13 9_13_-3334_204
15 0.000663 3 0 PTP 13 13_15_-3334_238
15 0.000663 3 0 PTP 13 13_14_-3334_239
13 0.000663 2 13
16 0.000663 3 0 PTP 77 73_77_-3334_207
15 0.000663 3 0 PTP 77 77_79_-3334_240
15 0.000663 3 0 PTP 77 77_78_-3334_241
13 0.000663 2 77
16 0.000663 3 0 PTP 107 105_107_-3334_225
15 0.000663 3 0 PTP 107 107_108_-3334_242
13 0.000663 2 107
12 0.000663 2 34 8
15 0.000663 3 0 PTP 34 34_1_-778_243
12 0.000663 2 39 8
15 0.000663 3 0 PTP 39 39_1_-778_244
12 0.000663 2 102 8
15 0.000663 3 0 PTP 102 102_1_-778_245
16 0.000663 3 0 PTP 72 71_72_-3334_230
13 0.000663 2 72
16 0.000663 3 0 PTP 92 91_92_-3334_231
13 0.000663 2 92
16 0.000663 3 0 PTP 62 61_62_-3334_234
13 0.000663 2 62
16 0.000663 3 0 PTP 122 121_122_-3334_236
13 0.000663 2 122
16 0.000663 3 0 PTP 14 13_14_-3334_239
13 0.000663 2 14
16 0.000663 3 0 PTP 78 77_78_-3334_241
13 0.000663 2 78
16 0.000663 3 0 PTP 93 89_93_-3334_218
15 0.000663 3 0 PTP 93 93_95_-3334_246
15 0.000663 3 0 PTP 93 93_94_-3334_247
13 0.000663 2 93
12 0.000663 2 68 8
15 0.000663 3 0 PTP 68 68_1_-778_248
16 0.000663 3 0 PTP 53 49_53_-3334_147
15 0.000663 3 0 PTP 53 53_55_-3334_249
15 0.000663 3 0 PTP 53 53_54_-3334_250
13 0.000663 2 53
16 0.000663 3 0 PTP 63 61_63_-3334_232
15 0.000663 3 0 PTP 63 63_64_-3334_251
16 0.000663 3 0 PTP 123 121_123_-3334_235
15 0.000663 3 0 PTP 123 123_124_-3334_252
16 0.000663 3 0 PTP 108 107_108_-3334_242
13 0.000663 2 108
13 0.000663 2 63
13 0.000663 2 123
12 0.000663 2 25 8
15 0.000663 3 0 PTP 25 25_1_-778_253
16 0.000663 3 0 PTP 15 13_15_-3334_238
15 0.000663 3 0 PTP 15 15_16_-3334_254
13 0.000663 2 15
12 0.000663 2 41 8
15 0.000663 3 0 PTP 41 41_1_-778_255
12 0.000663 2 2 8
15 0.000663 3 0 PTP 2 2_1_-778_256
12 0.000663 2 17 8
15 0.000663 3 0 PTP 17 17_1_-778_257
16 0.000663 3 0 PTP 79 77_79_-3334_240
15 0.000663 3 0 PTP 79 79_80_-3334_258
16 0.000663 3 0 PTP 109 105_109_-3334_224
15 0.000663 3 0 PTP 109 109_111_-3334_259
13 0.000663 2 79
15 0.000663 3 0 PTP 109 109_110_-3334_260
13 0.000663 2 109
16 0.000663 3 0 PTP 94 93_94_-3334_247
13 0.000663 2 94
12 0.000663 2 51 8
15 0.000663 3 0 PTP 51 51_1_-778_261
12 0.000664 2 84 8
15 0.000664 3 0 PTP 84 84_1_-778_262
16 0.000664 3 0 PTP 54 53_54_-3334_250
13 0.000664 2 54
16 0.000664 3 0 PTP 64 63_64_-3334_251
13 0.000664 2 64
16 0.000664 3 0 PTP 124 123_124_-3334_252
13 0.000664 2 124
12 0.000664 2 65 8
15 0.000664 3 0 PTP 65 65_1_-778_263
16 0.000664 3 0 PTP 16 15_16_-3334_254
13 0.000664 2 16
12 0.000664 2 37 8
15 0.000664 3 0 PTP 37 37_1_-778_264
12 0.000664 2 85 8
15 0.000664 3 0 PTP 85 85_1_-778_265
12 0.000664 2 18 8
15 0.000664 3 0 PTP 18 18_1_-778_266
16 0.000664 3 0 PTP 95 93_95_-3334_246
15 0.000664 3 0 PTP 95 95_96_-3334_267
16 0.000664 3 0 PTP 80 79_80_-3334_258
13 0.000664 2 80
16 0.000664 3 0 PTP 110 109_110_-3334_260
13 0.000664 2 110
16 0.000664 3 0 PTP 125 121_125_-3334_233
15 0.000664 3 0 PTP 125 125_127_-3334_268
13 0.000664 2 95
15 0.000664 3 0 PTP 125 125_126_-3334_269
13 0.000664 2 125
12 0.000664 2 100 8
15 0.000664 3 0 PTP 100 100_1_-778_270
12 0.000664 2 115 8
15 0.000664 3 0 PTP 115 115_1_-778_271
16 0.000664 3 0 PTP 55 53_55_-3334_249
15 0.000664 3 0 PTP 55 55_56_-3334_272
13 0.000664 2 55
12 0.000664 2 27 8
15 0.000664 3 0 PTP 27 27_1_-778_273
12 0.000664 2 33 8
15 0.000664 3 0 PTP 33 33_1_-778_274
12 0.000664 2 6 8
15 0.000664 3 0 PTP 6 6_1_-778_275
12 0.000664 2 81 8
15 0.000664 3 0 PTP 81 81_1_-778_276
12 0.000664 2 43 8
15 0.000664 3 0 PTP 43 43_1_-778_277
12 0.000664 2 101 8
15 0.000664 3 0 PTP 101 101_1_-778_278
12 0.000664 2 4 8
15 0.000664 3 0 PTP 4 4_1_-778_279
16 0.000664 3 0 PTP 111 109_111_-3334_259
15 0.000664 3 0 PTP 111 111_112_-3334_280
13 0.000664 2 111
12 0.000664 2 86 8
15 0.000664 3 0 PTP 86 86_1_-778_281
16 0.000664 3 0 PTP 96 95_96_-3334_267
13 0.000664 2 96
16 0.000664 3 0 PTP 126 125_126_-3334_269
13 0.000664 2 126
12 0.000664 2 24 8
15 0.000664 3 0 PTP 24 24_1_-778_282
12 0.000664 2 116 8
15 0.000664 3 0 PTP 116 116_1_-778_283
16 0.000664 3 0 PTP 56 55_56_-3334_272
13 0.000664 2 56
12 0.000664 2 1 8
12 0.000664 2 67 8
15 0.000664 3 0 PTP 67 67_1_-778_284
12 0.000664 2 49 8
15 0.000664 3 0 PTP 49 49_1_-778_285
12 0.000664 2 82 8
15 0.000664 3 0 PTP 82 82_1_-778_286
12 0.000664 2 59 8
15 0.000664 3 0 PTP 59 59_1_-778_287
12 0.000664 2 117 8
15 0.000664 3 0 PTP 117 117_1_-778_288
16 0.000664 3 0 PTP 127 125_127_-3334_268
15 0.000664 3 0 PTP 127 127_128_-3334_289
16 0.000664 3 0 PTP 112 111_112_-3334_280
13 0.000664 2 112
13 0.000664 2 127
12 0.000664 2 40 8
15 0.000664 3 0 PTP 40 40_1_-778_290
12 0.000664 2 9 8
15 0.000664 3 0 PTP 9 9_1_-778_291
16 0.000664 3 0 PTP 1 2_1_-778_256
16 0.000664 3 0 PTP 1 17_1_-778_257
12 0.000664 2 45 8
15 0.000664 3 0 PTP 45 45_1_-778_292
12 0.000664 2 35 8
15 0.000664 3 0 PTP 35 35_1_-778_293
12 0.000664 2 21 8
15 0.000664 3 0 PTP 21 21_1_-778_294
12 0.000664 2 8 8
15 0.000664 3 0 PTP 8 8_1_-778_295
12 0.000664 2 98 8
15 0.000664 3 0 PTP 98 98_1_-778_296
12 0.000664 2 113 8
15 0.000664 3 0 PTP 113 113_1_-778_297
12 0.000664 2 103 8
15 0.000664 3 0 PTP 103 103_1_-778_298
12 0.000664 2 50 8
15 0.000664 3 0 PTP 50 50_1_-778_299
12 0.000664 2 88 8
15 0.000664 3 0 PTP 88 88_1_-778_300
12 0.000664 2 60 8
15 0.000664 3 0 PTP 60 60_1_-778_301
16 0.000664 3 0 PTP 128 127_128_-3334_289
13 0.000664 2 128
16 0.000664 3 0 PTP 1 33_1_-778_274
16 0.000664 3 0 PTP 1 3_1_-778_215
16 0.000664 3 0 PTP 1 18_1_-778_266
12 0.000664 2 10 8
15 0.000664 3 0 PTP 10 10_1_-778_302
12 0.000664 2 46 8
15 0.000664 3 0 PTP 46 46_1_-778_303
12 0.000664 2 22 8
15 0.000664 3 0 PTP 22 22_1_-778_304
12 0.000665 2 114 8
15 0.000665 3 0 PTP 114 114_1_-778_305
12 0.000665 2 119 8
15 0.000665 3 0 PTP 119 119_1_-778_306
16 0.000665 3 0 PTP 1 4_1_-778_279
16 0.000665 3 0 PTP 1 19_1_-778_237
16 0.000665 3 0 PTP 1 34_1_-778_243
12 0.000665 2 11 8
15 0.000665 3 0 PTP 11 11_1_-778_307
12 0.000665 2 5 8
15 0.000665 3 0 PTP 5 5_1_-778_308
12 0.000665 2 105 8
15 0.000665 3 0 PTP 105 105_1_-778_309
12 0.000665 2 26 8
15 0.000665 3 0 PTP 26 26_1_-778_310
12 0.000665 2 42 8
15 0.000665 3 0 PTP 42 42_1_-778_311
12 0.000665 2 57 8
15 0.000665 3 0 PTP 57 57_1_-778_312
16 0.000665 3 0 PTP 1 49_1_-778_285
16 0.000665 3 0 PTP 1 20_1_-778_203
16 0.000665 3 0 PTP 1 65_1_-778_263
12 0.000665 2 66 8
15 0.000665 3 0 PTP 66 66_1_-778_313
12 0.000665 2 76 8
15 0.000665 3 0 PTP 76 76_1_-778_314
12 0.000665 2 91 8
15 0.000665 3 0 PTP 91 91_1_-778_315
12 0.000665 2 38 8
15 0.000665 3 0 PTP 38 38_1_-778_316
12 0.000665 2 58 8
15 0.000665 3 0 PTP 58 58_1_-778_317
16 0.000665 3 0 PTP 1 81_1_-778_276
16 0.000665 3 0 PTP 1 6_1_-778_275
16 0.000665 3 0 PTP 1 51_1_-778_261
12 0.000665 2 77 8
15 0.000665 3 0 PTP 77 77_1_-778_318
12 0.000665 2 7 8
15 0.000665 3 0 PTP 7 7_1_-778_319
12 0.000665 2 97 8
15 0.000665 3 0 PTP 97 97_1_-778_320
12 0.000665 2 28 8
15 0.000665 3 0 PTP 28 28_1_-778_321
12 0.000665 2 107 8
15 0.000665 3 0 PTP 107 107_1_-778_322
16 0.000665 3 0 PTP 1 35_1_-778_293
12 0.000665 2 87 8
15 0.000665 3 0 PTP 87 87_1_-778_323
12 0.000665 2 92 8
15 0.000665 3 0 PTP 92 92_1_-778_324
16 0.000665 3 0 PTP 1 50_1_-778_299
16 0.000665 3 0 PTP 1 37_1_-778_264
12 0.000665 2 73 8
15 0.000665 3 0 PTP 73 73_1_-778_325
12 0.000665 2 29 8
15 0.000665 3 0 PTP 29 29_1_-778_326
16 0.000665 3 0 PTP 1 67_1_-778_284
16 0.000665 3 0 PTP 1 21_1_-778_294
12 0.000665 2 83 8
15 0.000665 3 0 PTP 83 83_1_-778_327
12 0.000665 2 53 8
15 0.000665 3 0 PTP 53 53_1_-778_328
16 0.000665 3 0 PTP 1 82_1_-778_286
12 0.000665 2 118 8
15 0.000665 3 0 PTP 118 118_1_-778_329
16 0.000665 3 0 PTP 1 23_1_-778_229
16 0.000665 3 0 PTP 1 68_1_-778_248
16 0.000665 3 0 PTP 1 5_1_-778_308
12 0.000665 2 69 8
15 0.000665 3 0 PTP 69 69_1_-778_330
12 0.000665 2 74 8
15 0.000665 3 0 PTP 74 74_1_-778_331
12 0.000665 2 89 8
15 0.000665 3 0 PTP 89 89_1_-778_332
12 0.000665 2 30 8
15 0.000665 3 0 PTP 30 30_1_-778_333
12 0.000665 2 99 8
15 0.000665 3 0 PTP 99 99_1_-778_334
12 0.000666 2 104 8
15 0.000666 3 0 PTP 104 104_1_-778_335
12 0.000666 2 52 8
15 0.000666 3 0 PTP 52 52_1_-778_336
16 0.000666 3 0 PTP 1 24_1_-778_282
16 0.000666 3 0 PTP 1 39_1_-778_244
16 0.000666 3 0 PTP 1 84_1_-778_262
12 0.000666 2 75 8
15 0.000666 3 0 PTP 75 75_1_-778_337
12 0.000666 2 70 8
15 0.000666 3 0 PTP 70 70_1_-778_338
12 0.000666 2 47 8
15 0.000666 3 0 PTP 47 47_1_-778_339
16 0.000666 3 0 PTP 1 113_1_-778_297
16 0.000666 3 0 PTP 1 8_1_-778_295
16 0.000666 3 0 PTP 1 98_1_-778_296
12 0.000666 2 55 8
15 0.000666 3 0 PTP 55 55_1_-778_340
16 0.000666 3 0 PTP 1 22_1_-778_304
12 0.000666 2 120 8
15 0.000666 3 0 PTP 120 120_1_-778_341
16 0.000666 3 0 PTP 1 9_1_-778_291
16 0.000666 3 0 PTP 1 25_1_-778_253
16 0.000666 3 0 PTP 1 85_1_-778_265
16 0.000666 3 0 PTP 1 100_1_-778_270
16 0.000666 3 0 PTP 1 115_1_-778_271
12 0.000666 2 12 8
15 0.000666 3 0 PTP 12 12_1_-778_342
16 0.000666 3 0 PTP 1 66_1_-778_313
12 0.000666 2 71 8
15 0.000666 3 0 PTP 71 71_1_-778_343
12 0.000666 2 106 8
15 0.000666 3 0 PTP 106 106_1_-778_344
12 0.000666 2 61 8
15 0.000666 3 0 PTP 61 61_1_-778_345
12 0.000666 2 121 8
15 0.000666 3 0 PTP 121 121_1_-778_346
12 0.000666 2 48 8
15 0.000666 3 0 PTP 48 48_1_-778_347
16 0.000666 3 0 PTP 1 40_1_-778_290
16 0.000666 3 0 PTP 1 41_1_-778_255
16 0.000666 3 0 PTP 1 86_1_-778_281
16 0.000666 3 0 PTP 1 101_1_-778_278
16 0.000666 3 0 PTP 1 116_1_-778_283
12 0.000666 2 44 8
15 0.000666 3 0 PTP 44 44_1_-778_348
12 0.000666 2 72 8
15 0.000666 3 0 PTP 72 72_1_-778_349
12 0.000666 2 62 8
15 0.000666 3 0 PTP 62 62_1_-778_350
12 0.000666 2 122 8
15 0.000666 3 0 PTP 122 122_1_-778_351
16 0.000666 3 0 PTP 1 114_1_-778_305
16 0.000666 3 0 PTP 1 27_1_-778_273
16 0.000666 3 0 PTP 1 102_1_-778_245
16 0.000666 3 0 PTP 1 10_1_-778_302
16 0.000666 3 0 PTP 1 7_1_-778_319
16 0.000666 3 0 PTP 1 97_1_-778_320
12 0.000666 2 78 8
15 0.000666 3 0 PTP 78 78_1_-778_352
12 0.000666 2 108 8
15 0.000666 3 0 PTP 108 108_1_-778_353
16 0.000666 3 0 PTP 1 38_1_-778_316
12 0.000666 2 36 8
15 0.000666 3 0 PTP 36 36_1_-778_354
16 0.000666 3 0 PTP 1 117_1_-778_288
16 0.000666 3 0 PTP 1 43_1_-778_277
12 0.000666 2 109 8
15 0.000666 3 0 PTP 109 109_1_-778_355
12 0.000666 2 94 8
15 0.000666 3 0 PTP 94 94_1_-778_356
12 0.000667 2 54 8
15 0.000667 3 0 PTP 54 54_1_-778_357
12 0.000667 2 124 8
15 0.000667 3 0 PTP 124 124_1_-778_358
16 0.000667 3 0 PTP 1 11_1_-778_307
12 0.000667 2 31 8
15 0.000667 3 0 PTP 31 31_1_-778_359
16 0.000667 3 0 PTP 1 26_1_-778_310
12 0.000667 2 90 8
15 0.000667 3 0 PTP 90 90_1_-778_360
12 0.000667 2 110 8
15 0.000667 3 0 PTP 110 110_1_-778_361
12 0.000667 2 125 8
15 0.000667 3 0 PTP 125 125_1_-778_362
16 0.000667 3 0 PTP 1 83_1_-778_327
16 0.000667 3 0 PTP 1 53_1_-778_328
16 0.000667 3 0 PTP 1 103_1_-778_298
16 0.000667 3 0 PTP 1 59_1_-778_287
16 0.000667 3 0 PTP 1 52_1_-778_336
16 0.000667 3 0 PTP 1 88_1_-778_300
12 0.000667 2 32 8
15 0.000667 3 0 PTP 32 32_1_-778_363
16 0.000667 3 0 PTP 1 42_1_-778_311
16 0.000667 3 0 PTP 1 57_1_-778_312
12 0.000667 2 56 8
15 0.000667 3 0 PTP 56 56_1_-778_364
16 0.000667 3 0 PTP 1 69_1_-778_330
16 0.000667 3 0 PTP 1 45_1_-778_292
16 0.000667 3 0 PTP 1 99_1_-778_334
12 0.000667 2 112 8
15 0.000667 3 0 PTP 112 112_1_-778_365
12 0.000667 2 127 8
15 0.000667 3 0 PTP 127 127_1_-778_366
16 0.000667 3 0 PTP 1 119_1_-778_306
16 0.000667 3 0 PTP 1 60_1_-778_301
12 0.000667 2 14 8
15 0.000667 3 0 PTP 14 14_1_-778_367
12 0.000667 2 63 8
15 0.000667 3 0 PTP 63 63_1_-778_368
12 0.000667 2 123 8
15 0.000667 3 0 PTP 123 123_1_-778_369
16 0.000667 3 0 PTP 1 36_1_-778_354
16 0.000667 3 0 PTP 1 87_1_-778_323
16 0.000667 3 0 PTP 1 58_1_-778_317
12 0.000667 2 15 8
15 0.000667 3 0 PTP 15 15_1_-778_370
16 0.000667 3 0 PTP 1 105_1_-778_309
16 0.000667 3 0 PTP 1 70_1_-778_338
16 0.000667 3 0 PTP 1 28_1_-778_321
16 0.000668 3 0 PTP 1 46_1_-778_303
16 0.000668 3 0 PTP 1 55_1_-778_340
16 0.000668 3 0 PTP 1 73_1_-778_325
12 0.000668 2 16 8
15 0.000668 3 0 PTP 16 16_1_-778_371
12 0.000668 2 80 8
15 0.000668 3 0 PTP 80 80_1_-778_372
16 0.000668 3 0 PTP 1 118_1_-778_329
16 0.000668 3 0 PTP 1 29_1_-778_326
16 0.000668 3 0 PTP 1 71_1_-778_343
12 0.000668 2 111 8
15 0.000668 3 0 PTP 111 111_1_-778_373
16 0.000668 3 0 PTP 1 76_1_-778_314
16 0.000668 3 0 PTP 1 91_1_-778_315
12 0.000668 2 96 8
15 0.000668 3 0 PTP 96 96_1_-778_374
12 0.000668 2 13 8
15 0.000668 3 0 PTP 13 13_1_-778_375
16 0.000668 3 0 PTP 1 12_1_-778_342
16 0.000668 3 0 PTP 1 74_1_-778_331
16 0.000668 3 0 PTP 1 89_1_-778_332
16 0.000668 3 0 PTP 1 54_1_-778_357
16 0.000668 3 0 PTP 1 104_1_-778_335
16 0.000668 3 0 PTP 1 77_1_-778_318
12 0.000668 2 93 8
15 0.000668 3 0 PTP 93 93_1_-778_376
16 0.000668 3 0 PTP 1 30_1_-778_333
16 0.000668 3 0 PTP 1 107_1_-778_322
16 0.000668 3 0 PTP 1 72_1_-778_349
16 0.000668 3 0 PTP 1 92_1_-778_324
12 0.000668 2 128 8
15 0.000668 3 0 PTP 128 128_1_-778_377
16 0.000668 3 0 PTP 1 75_1_-778_337
12 0.000669 2 64 8
15 0.000669 3 0 PTP 64 64_1_-778_378
16 0.000669 3 0 PTP 1 120_1_-778_341
12 0.000669 2 95 8
15 0.000669 3 0 PTP 95 95_1_-778_379
16 0.000669 3 0 PTP 1 44_1_-778_348
16 0.000669 3 0 PTP 1 106_1_-778_344
16 0.000669 3 0 PTP 1 61_1_-778_345
16 0.000669 3 0 PTP 1 121_1_-778_346
16 0.000669 3 0 PTP 1 47_1_-778_339
12 0.000669 2 126 8
15 0.000669 3 0 PTP 126 126_1_-778_380
16 0.000669 3 0 PTP 1 56_1_-778_364
16 0.000669 3 0 PTP 1 62_1_-778_350
16 0.000669 3 0 PTP 1 122_1_-778_351
16 0.000669 3 0 PTP 1 48_1_-778_347
12 0.000669 2 79 8
15 0.000669 3 0 PTP 79 79_1_-778_381
16 0.000670 3 0 PTP 1 90_1_-778_360
16 0.000670 3 0 PTP 1 31_1_-778_359
16 0.000670 3 0 PTP 1 78_1_-778_352
16 0.000670 3 0 PTP 1 108_1_-778_353
16 0.000670 3 0 PTP 1 14_1_-778_367
16 0.000670 3 0 PTP 1 109_1_-778_355
16 0.000670 3 0 PTP 1 32_1_-778_363
16 0.000670 3 0 PTP 1 94_1_-778_356
16 0.000670 3 0 PTP 1 124_1_-778_358
16 0.000670 3 0 PTP 1 15_1_-778_370
16 0.000670 3 0 PTP 1 13_1_-778_375
16 0.000671 3 0 PTP 1 110_1_-778_361
16 0.000671 3 0 PTP 1 125_1_-778_362
16 0.000671 3 0 PTP 1 16_1_-778_371
16 0.000671 3 0 PTP 1 63_1_-778_368
16 0.000671 3 0 PTP 1 123_1_-778_369
16 0.000671 3 0 PTP 1 112_1_-778_365
16 0.000671 3 0 PTP 1 127_1_-778_366
16 0.000672 3 0 PTP 1 80_1_-778_372
16 0.000672 3 0 PTP 1 93_1_-778_376
16 0.000672 3 0 PTP 1 111_1_-778_373
16 0.000672 3 0 PTP 1 96_1_-778_374
16 0.000672 3 0 PTP 1 64_1_-778_378
16 0.000673 3 0 PTP 1 95_1_-778_379
16 0.000673 3 0 PTP 1 128_1_-778_377
16 0.000673 3 0 PTP 1 126_1_-778_380
16 0.000673 3 0 PTP 1 79_1_-778_381
15 0.000673 3 0 PTP 1 1_2_-778_382
15 0.000673 3 0 PTP 1 1_3_-778_383
15 0.000673 3 0 PTP 1 1_4_-778_384
15 0.000673 3 0 PTP 1 1_5_-778_385
15 0.000673 3 0 PTP 1 1_6_-778_386
15 0.000673 3 0 PTP 1 1_7_-778_387
15 0.000673 3 0 PTP 1 1_8_-778_388
15 0.000673 3 0 PTP 1 1_9_-778_389
15 0.000673 3 0 PTP 1 1_10_-778_390
15 0.000673 3 0 PTP 1 1_11_-778_391
15 0.000673 3 0 PTP 1 1_12_-778_392
15 0.000673 3 0 PTP 1 1_13_-778_393
15 0.000673 3 0 PTP 1 1_14_-778_394
15 0.000673 3 0 PTP 1 1_15_-778_395
15 0.000673 3 0 PTP 1 1_16_-778_396
15 0.000673 3 0 PTP 1 1_17_-778_397
15 0.000673 3 0 PTP 1 1_18_-778_398
15 0.000673 3 0 PTP 1 1_19_-778_399
15 0.000673 3 0 PTP 1 1_20_-778_400
15 0.000673 3 0 PTP 1 1_21_-778_401
15 0.000673 3 0 PTP 1 1_22_-778_402
15 0.000673 3 0 PTP 1 1_23_-778_403
15 0.000673 3 0 PTP 1 1_24_-778_404
15 0.000673 3 0 PTP 1 1_25_-778_405
15 0.000673 3 0 PTP 1 1_26_-778_406
15 0.000673 3 0 PTP 1 1_27_-778_407
15 0.000673 3 0 PTP 1 1_28_-778_408
15 0.000673 3 0 PTP 1 1_29_-778_409
15 0.000673 3 0 PTP 1 1_30_-778_410
15 0.000673 3 0 PTP 1 1_31_-778_411
15 0.000673 3 0 PTP 1 1_32_-778_412
15 0.000673 3 0 PTP 1 1_33_-778_413
15 0.000673 3 0 PTP 1 1_34_-778_414
15 0.000673 3 0 PTP 1 1_35_-778_415
15 0.000673 3 0 PTP 1 1_36_-778_416
15 0.000673 3 0 PTP 1 1_37_-778_417
15 0.000673 3 0 PTP 1 1_38_-778_418
15 0.000673 3 0 PTP 1 1_39_-778_419
15 0.000673 3 0 PTP 1 1_40_-778_420
15 0.000673 3 0 PTP 1 1_41_-778_421
15 0.000673 3 0 PTP 1 1_42_-778_422
15 0.000673 3 0 PTP 1 1_43_-778_423
15 0.000673 3 0 PTP 1 1_44_-778_424
15 0.000673 3 0 PTP 1 1_45_-778_425
15 0.000673 3 0 PTP 1 1_46_-778_426
15 0.000673 3 0 PTP 1 1_47_-778_427
15 0.000673 3 0 PTP 1 1_48_-778_428
15 0.000673 3 0 PTP 1 1_49_-778_429
15 0.000673 3 0 PTP 1 1_50_-778_430
15 0.000673 3 0 PTP 1 1_51_-778_431
15 0.000673 3 0 PTP 1 1_52_-778_432
15 0.000673 3 0 PTP 1 1_53_-778_433
15 0.000673 3 0 PTP 1 1_54_-778_434
15 0.000673 3 0 PTP 1 1_55_-778_435
15 0.000673 3 0 PTP 1 1_56_-778_436
15 0.000673 3 0 PTP 1 1_57_-778_437
15 0.000673 3 0 PTP 1 1_58_-778_438
15 0.000673 3 0 PTP 1 1_59_-778_439
15 0.000673 3 0 PTP 1 1_60_-778_440
15 0.000673 3 0 PTP 1 1_61_-778_441
15 0.000673 3 0 PTP 1 1_62_-778_442
15 0.000673 3 0 PTP 1 1_63_-778_443
15 0.000673 3 0 PTP 1 1_64_-778_444
15 0.000673 3 0 PTP 1 1_65_-778_445
15 0.000673 3 0 PTP 1 1_66_-778_446
15 0.000673 3 0 PTP 1 1_67_-778_447
15 0.000673 3 0 PTP 1 1_68_-778_448
15 0.000673 3 0 PTP 1 1_69_-778_449
15 0.000673 3 0 PTP 1 1_70_-778_450
15 0.000673 3 0 PTP 1 1_71_-778_451
15 0.000673 3 0 PTP 1 1_72_-778_452
15 0.000673 3 0 PTP 1 1_73_-778_453
15 0.000673 3 0 PTP 1 1_74_-778_454
15 0.000673 3 0 PTP 1 1_75_-778_455
15 0.000673 3 0 PTP 1 1_76_-778_456
15 0.000673 3 0 PTP 1 1_77_-778_457
15 0.000673 3 0 PTP 1 1_78_-778_458
15 0.000673 3 0 PTP 1 1_79_-778_459
15 0.000673 3 0 PTP 1 1_80_-778_460
15 0.000673 3 0 PTP 1 1_81_-778_461
15 0.000673 3 0 PTP 1 1_82_-778_462
15 0.000673 3 0 PTP 1 1_83_-778_463
15 0.000673 3 0 PTP 1 1_84_-778_464
15 0.000673 3 0 PTP 1 1_85_-778_465
15 0.000673 3 0 PTP 1 1_86_-778_466
15 0.000673 3 0 PTP 1 1_87_-778_467
15 0.000673 3 0 PTP 1 1_88_-778_468
15 0.000673 3 0 PTP 1 1_89_-778_469
15 0.000673 3 0 PTP 1 1_90_-778_470
15 0.000673 3 0 PTP 1 1_91_-778_471
15 0.000673 3 0 PTP 1 1_92_-778_472
15 0.000673 3 0 PTP 1 1_93_-778_473
15 0.000673 3 0 PTP 1 1_94_-778_474
15 0.000673 3 0 PTP 1 1_95_-778_475
15 0.000673 3 0 PTP 1 1_96_-778_476
15 0.000673 3 0 PTP 1 1_97_-778_477
15 0.000673 3 0 PTP 1 1_98_-778_478
15 0.000673 3 0 PTP 1 1_99_-778_479
15 0.000673 3 0 PTP 1 1_100_-778_480
15 0.000673 3 0 PTP 1 1_101_-778_481
15 0.000673 3 0 PTP 1 1_102_-778_482
15 0.000673 3 0 PTP 1 1_103_-778_483
15 0.000673 3 0 PTP 1 1_104_-778_484
15 0.000673 3 0 PTP 1 1_105_-778_485
15 0.000673 3 0 PTP 1 1_106_-778_486
15 0.000673 3 0 PTP 1 1_107_-778_487
15 0.000673 3 0 PTP 1 1_108_-778_488
15 0.000673 3 0 PTP 1 1_109_-778_489
15 0.000673 3 0 PTP 1 1_110_-778_490
15 0.000673 3 0 PTP 1 1_111_-778_491
15 0.000673 3 0 PTP 1 1_112_-778_492
15 0.000673 3 0 PTP 1 1_113_-778_493
15 0.000673 3 0 PTP 1 1_114_-778_494
15 0.000673 3 0 PTP 1 1_115_-778_495
15 0.000673 3 0 PTP 1 1_116_-778_496
15 0.000673 3 0 PTP 1 1_117_-778_497
15 0.000673 3 0 PTP 1 1_118_-778_498
15 0.000673 3 0 PTP 1 1_119_-778_499
15 0.000673 3 0 PTP 1 1_120_-778_500
15 0.000673 3 0 PTP 1 1_121_-778_501
15 0.000673 3 0 PTP 1 1_122_-778_502
15 0.000673 3 0 PTP 1 1_123_-778_503
15 0.000673 3 0 PTP 1 1_124_-778_504
15 0.000673 3 0 PTP 1 1_125_-778_505
15 0.000673 3 0 PTP 1 1_126_-778_506
15 0.000673 3 0 PTP 1 1_127_-778_507
15 0.000673 3 0 PTP 1 1_128_-778_508
13 0.000673 2 1
16 0.000673 3 0 PTP 2 1_2_-778_382
13 0.000673 2 2
16 0.000673 3 0 PTP 17 1_17_-778_397
13 0.000673 2 17
16 0.000673 3 0 PTP 33 1_33_-778_413
13 0.000673 2 33
16 0.000673 3 0 PTP 18 1_18_-778_398
13 0.000673 2 18
16 0.000673 3 0 PTP 3 1_3_-778_383
13 0.000673 2 3
16 0.000674 3 0 PTP 49 1_49_-778_429
13 0.000674 2 49
16 0.000674 3 0 PTP 34 1_34_-778_414
13 0.000674 2 34
16 0.000674 3 0 PTP 19 1_19_-778_399
13 0.000674 2 19
16 0.000674 3 0 PTP 4 1_4_-778_384
13 0.000674 2 4
16 0.000674 3 0 PTP 65 1_65_-778_445
13 0.000674 2 65
16 0.000674 3 0 PTP 50 1_50_-778_430
13 0.000674 2 50
16 0.000674 3 0 PTP 35 1_35_-778_415
13 0.000674 2 35
16 0.000674 3 0 PTP 20 1_20_-778_400
13 0.000674 2 20
16 0.000674 3 0 PTP 5 1_5_-778_385
13 0.000674 2 5
16 0.000674 3 0 PTP 81 1_81_-778_461
13 0.000674 2 81
16 0.000674 3 0 PTP 66 1_66_-778_446
13 0.000674 2 66
16 0.000674 3 0 PTP 51 1_51_-778_431
13 0.000674 2 51
16 0.000674 3 0 PTP 36 1_36_-778_416
13 0.000674 2 36
16 0.000674 3 0 PTP 21 1_21_-778_401
13 0.000674 2 21
16 0.000674 3 0 PTP 6 1_6_-778_386
13 0.000674 2 6
16 0.000674 3 0 PTP 97 1_97_-778_477
13 0.000674 2 97
16 0.000674 3 0 PTP 82 1_82_-778_462
13 0.000674 2 82
16 0.000674 3 0 PTP 67 1_67_-778_447
13 0.000674 2 67
16 0.000674 3 0 PTP 52 1_52_-778_432
13 0.000674 2 52
16 0.000674 3 0 PTP 37 1_37_-778_417
13 0.000674 2 37
16 0.000674 3 0 PTP 22 1_22_-778_402
13 0.000674 2 22
16 0.000674 3 0 PTP 7 1_7_-778_387
13 0.000674 2 7
16 0.000674 3 0 PTP 113 1_113_-778_493
13 0.000674 2 113
16 0.000675 3 0 PTP 98 1_98_-778_478
13 0.000675 2 98
16 0.000675 3 0 PTP 83 1_83_-778_463
13 0.000675 2 83
16 0.000675 3 0 PTP 68 1_68_-778_448
13 0.000675 2 68
16 0.000675 3 0 PTP 53 1_53_-778_433
13 0.000675 2 53
16 0.000675 3 0 PTP 38 1_38_-778_418
13 0.000675 2 38
16 0.000675 3 0 PTP 23 1_23_-778_403
13 0.000675 2 23
16 0.000675 3 0 PTP 8 1_8_-778_388
13 0.000675 2 8
16 0.000675 3 0 PTP 114 1_114_-778_494
13 0.000675 2 114
16 0.000675 3 0 PTP 99 1_99_-778_479
13 0.000675 2 99
16 0.000675 3 0 PTP 84 1_84_-778_464
13 0.000675 2 84
16 0.000675 3 0 PTP 69 1_69_-778_449
13 0.000675 2 69
16 0.000675 3 0 PTP 54 1_54_-778_434
13 0.000675 2 54
16 0.000675 3 0 PTP 39 1_39_-778_419
13 0.000675 2 39
16 0.000675 3 0 PTP 24 1_24_-778_404
13 0.000675 2 24
16 0.000675 3 0 PTP 9 1_9_-778_389
13 0.000675 2 9
16 0.000675 3 0 PTP 115 1_115_-778_495
13 0.000675 2 115
16 0.000675 3 0 PTP 100 1_100_-778_480
13 0.000675 2 100
16 0.000675 3 0 PTP 85 1_85_-778_465
13 0.000675 2 85
16 0.000675 3 0 PTP 70 1_70_-778_450
13 0.000675 2 70
16 0.000675 3 0 PTP 55 1_55_-778_435
13 0.000675 2 55
16 0.000675 3 0 PTP 40 1_40_-778_420
13 0.000675 2 40
16 0.000675 3 0 PTP 25 1_25_-778_405
13 0.000675 2 25
16 0.000675 3 0 PTP 10 1_10_-778_390
13 0.000675 2 10
16 0.000675 3 0 PTP 116 1_116_-778_496
13 0.000675 2 116
16 0.000675 3 0 PTP 101 1_101_-778_481
13 0.000675 2 101
16 0.000675 3 0 PTP 86 1_86_-778_466
13 0.000675 2 86
16 0.000675 3 0 PTP 71 1_71_-778_451
13 0.000675 2 71
16 0.000675 3 0 PTP 56 1_56_-778_436
13 0.000675 2 56
16 0.000675 3 0 PTP 41 1_41_-778_421
13 0.000675 2 41
16 0.000675 3 0 PTP 26 1_26_-778_406
13 0.000675 2 26
16 0.000675 3 0 PTP 11 1_11_-778_391
13 0.000675 2 11
16 0.000675 3 0 PTP 117 1_117_-778_497
13 0.000675 2 117
16 0.000675 3 0 PTP 102 1_102_-778_482
13 0.000675 2 102
16 0.000675 3 0 PTP 87 1_87_-778_467
13 0.000675 2 87
16 0.000675 3 0 PTP 72 1_72_-778_452
13 0.000675 2 72
16 0.000675 3 0 PTP 57 1_57_-778_437
13 0.000675 2 57
16 0.000675 3 0 PTP 42 1_42_-778_422
13 0.000675 2 42
16 0.000675 3 0 PTP 27 1_27_-778_407
13 0.000675 2 27
16 0.000675 3 0 PTP 12 1_12_-778_392
13 0.000675 2 12
16 0.000676 3 0 PTP 118 1_118_-778_498
13 0.000676 2 118
16 0.000676 3 0 PTP 103 1_103_-778_483
13 0.000676 2 103
16 0.000676 3 0 PTP 88 1_88_-778_468
13 0.000676 2 88
16 0.000676 3 0 PTP 73 1_73_-778_453
13 0.000676 2 73
16 0.000676 3 0 PTP 58 1_58_-778_438
13 0.000676 2 58
16 0.000676 3 0 PTP 43 1_43_-778_423
13 0.000676 2 43
16 0.000676 3 0 PTP 28 1_28_-778_408
13 0.000676 2 28
16 0.000676 3 0 PTP 13 1_13_-778_393
13 0.000676 2 13
16 0.000676 3 0 PTP 119 1_119_-778_499
13 0.000676 2 119
16 0.000676 3 0 PTP 104 1_104_-778_484
13 0.000676 2 104
16 0.000676 3 0 PTP 89 1_89_-778_469
13 0.000676 2 89
16 0.000676 3 0 PTP 74 1_74_-778_454
13 0.000676 2 74
16 0.000676 3 0 PTP 59 1_59_-778_439
13 0.000676 2 59
16 0.000676 3 0 PTP 44 1_44_-778_424
13 0.000676 2 44
16 0.000676 3 0 PTP 29 1_29_-778_409
13 0.000676 2 29
16 0.000676 3 0 PTP 14 1_14_-778_394
13 0.000676 2 14
16 0.000676 3 0 PTP 120 1_120_-778_500
13 0.000676 2 120
16 0.000676 3 0 PTP 105 1_105_-778_485
13 0.000676 2 105
16 0.000676 3 0 PTP 90 1_90_-778_470
13 0.000676 2 90
16 0.000676 3 0 PTP 75 1_75_-778_455
13 0.000676 2 75
16 0.000676 3 0 PTP 60 1_60_-778_440
13 0.000676 2 60
16 0.000676 3 0 PTP 45 1_45_-778_425
13 0.000676 2 45
16 0.000676 3 0 PTP 30 1_30_-778_410
13 0.000676 2 30
16 0.000676 3 0 PTP 15 1_15_-778_395
13 0.000676 2 15
16 0.000676 3 0 PTP 121 1_121_-778_501
13 0.000676 2 121
16 0.000676 3 0 PTP 106 1_106_-778_486
13 0.000676 2 106
16 0.000676 3 0 PTP 91 1_91_-778_471
13 0.000676 2 91
16 0.000676 3 0 PTP 76 1_76_-778_456
13 0.000676 2 76
16 0.000676 3 0 PTP 61 1_61_-778_441
13 0.000676 2 61
16 0.000676 3 0 PTP 46 1_46_-778_426
13 0.000676 2 46
16 0.000676 3 0 PTP 31 1_31_-778_411
13 0.000676 2 31
16 0.000676 3 0 PTP 16 1_16_-778_396
13 0.000676 2 16
16 0.000676 3 0 PTP 122 1_122_-778_502
13 0.000676 2 122
16 0.000676 3 0 PTP 107 1_107_-778_487
13 0.000676 2 107
16 0.000676 3 0 PTP 92 1_92_-778_472
13 0.000676 2 92
16 0.000676 3 0 PTP 77 1_77_-778_457
13 0.000676 2 77
16 0.000676 3 0 PTP 62 1_62_-778_442
13 0.000676 2 62
16 0.000676 3 0 PTP 47 1_47_-778_427
13 0.000676 2 47
16 0.000676 3 0 PTP 32 1_32_-778_412
13 0.000676 2 32
12 0.000677 2 18 9
12 0.000677 2 8 9
16 0.000677 3 0 PTP 123 1_123_-778_503
13 0.000677 2 123
16 0.000677 3 0 PTP 108 1_108_-778_488
13 0.000677 2 108
16 0.000677 3 0 PTP 93 1_93_-778_473
13 0.000677 2 93
16 0.000677 3 0 PTP 78 1_78_-778_458
13 0.000677 2 78
16 0.000677 3 0 PTP 63 1_63_-778_443
13 0.000677 2 63
16 0.000677 3 0 PTP 48 1_48_-778_428
13 0.000677 2 48
12 0.000677 2 49 9
16 0.000677 3 0 PTP 124 1_124_-778_504
13 0.000677 2 124
16 0.000677 3 0 PTP 109 1_109_-778_489
13 0.000677 2 109
16 0.000677 3 0 PTP 94 1_94_-778_474
13 0.000677 2 94
16 0.000677 3 0 PTP 79 1_79_-778_459
13 0.000677 2 79
16 0.000677 3 0 PTP 64 1_64_-778_444
13 0.000677 2 64
12 0.000677 2 35 9
12 0.000677 2 25 9
16 0.000677 3 0 PTP 125 1_125_-778_505
13 0.000677 2 125
16 0.000677 3 0 PTP 110 1_110_-778_490
13 0.000677 2 110
16 0.000677 3 0 PTP 95 1_95_-778_475
13 0.000677 2 95
16 0.000677 3 0 PTP 80 1_80_-778_460
13 0.000677 2 80
12 0.000677 2 21 9
16 0.000677 3 0 PTP 126 1_126_-778_506
13 0.000677 2 126
16 0.000677 3 0 PTP 111 1_111_-778_491
13 0.000677 2 111
16 0.000677 3 0 PTP 96 1_96_-778_476
13 0.000677 2 96
12 0.000677 2 17 9
12 0.000677 2 7 9
12 0.000677 2 52 9
12 0.000677 2 82 9
12 0.000677 2 12 9
16 0.000677 3 0 PTP 127 1_127_-778_507
13 0.000677 2 127
16 0.000677 3 0 PTP 112 1_112_-778_492
13 0.000677 2 112
12 0.000678 2 3 9
12 0.000678 2 33 9
12 0.000678 2 113 9
12 0.000678 2 53 9
12 0.000678 2 98 9
16 0.000678 3 0 PTP 128 1_128_-778_508
13 0.000678 2 128
12 0.000678 2 19 9
12 0.000678 2 34 9
12 0.000678 2 9 9
12 0.000678 2 24 9
12 0.000678 2 69 9
12 0.000678 2 114 9
12 0.000678 2 65 9
12 0.000678 2 5 9
12 0.000678 2 20 9
12 0.000678 2 50 9
12 0.000678 2 10 9
12 0.000678 2 85 9
12 0.000678 2 115 9
12 0.000678 2 70 9
12 0.000678 2 30 9
12 0.000678 2 81 9
12 0.000678 2 6 9
12 0.000678 2 36 9
12 0.000678 2 51 9
12 0.000678 2 66 9
12 0.000678 2 11 9
12 0.000678 2 71 9
12 0.000678 2 101 9
12 0.000678 2 106 9
12 0.000678 2 2 9
12 0.000678 2 22 9
12 0.000678 2 37 9
12 0.000678 2 67 9
12 0.000678 2 27 9
12 0.000678 2 72 9
12 0.000678 2 87 9
12 0.000678 2 102 9
12 0.000678 2 92 9
12 0.000679 2 23 9
12 0.000679 2 38 9
12 0.000679 2 68 9
12 0.000679 2 83 9
12 0.000679 2 28 9
12 0.000679 2 58 9
12 0.000679 2 88 9
12 0.000679 2 39 9
12 0.000679 2 54 9
12 0.000679 2 84 9
12 0.000679 2 99 9
12 0.000679 2 44 9
12 0.000679 2 29 9
12 0.000679 2 89 9
12 0.000679 2 40 9
12 0.000679 2 55 9
12 0.000679 2 100 9
12 0.000679 2 45 9
12 0.000679 2 90 9
12 0.000679 2 95 9
12 0.000679 2 26 9
12 0.000679 2 41 9
12 0.000679 2 56 9
12 0.000679 2 86 9
12 0.000679 2 116 9
12 0.000679 2 16 9
12 0.000679 2 61 9
12 0.000679 2 91 9
12 0.000679 2 42 9
12 0.000679 2 57 9
12 0.000679 2 117 9
12 0.000679 2 32 9
12 0.000679 2 47 9
12 0.000679 2 107 9
12 0.000680 2 13 9
12 0.000680 2 43 9
12 0.000680 2 73 9
12 0.000680 2 103 9
12 0.000680 2 118 9
12 0.000680 2 63 9
12 0.000680 2 93 9
12 0.000680 2 108 9
12 0.000680 2 14 9
12 0.000680 2 59 9
12 0.000680 2 74 9
12 0.000680 2 104 9
12 0.000680 2 119 9
12 0.000680 2 79 9
12 0.000680 2 109 9
12 0.000680 2 15 9
12 0.000680 2 60 9
12 0.000680 2 75 9
12 0.000680 2 105 9
12 0.000680 2 120 9
12 0.000680 2 125 9
12 0.000680 2 46 9
12 0.000680 2 76 9
12 0.000680 2 121 9
12 0.000680 2 111 9
12 0.000680 2 62 9
12 0.000680 2 77 9
12 0.000680 2 122 9
12 0.000680 2 112 9
12 0.000681 2 48 9
12 0.000681 2 78 9
12 0.000681 2 123 9
12 0.000681 2 64 9
12 0.000681 2 94 9
12 0.000681 2 124 9
12 0.000681 2 80 9
12 0.000681 2 110 9
12 0.000681 2 31 9
12 0.000681 2 96 9
12 0.000681 2 126 9
12 0.000681 2 97 9
12 0.000682 2 127 9
12 0.000683 2 128 9
12 0.000736 2 1 10
15 0.000736 3 0 PTP 1 1_128_0_509
15 0.000736 3 0 PTP 1 1_128_0_510
13 0.000736 2 1
12 0.000738 2 1 10
15 0.000738 3 0 PTP 1 1_112_0_511
15 0.000738 3 0 PTP 1 1_112_0_512
13 0.000738 2 1
12 0.000740 2 1 10
15 0.000740 3 0 PTP 1 1_127_0_513
15 0.000740 3 0 PTP 1 1_127_0_514
13 0.000740 2 1
16 0.000740 3 0 PTP 128 1_128_0_509
13 0.000740 2 128
12 0.000741 2 1 10
15 0.000741 3 0 PTP 1 1_111_0_515
15 0.000741 3 0 PTP 1 1_111_0_516
13 0.000741 2 1
12 0.000742 2 1 10
15 0.000742 3 0 PTP 1 1_110_0_517
15 0.000742 3 0 PTP 1 1_110_0_518
13 0.000742 2 1
16 0.000742 3 0 PTP 112 1_112_0_511
13 0.000742 2 112
12 0.000742 2 128 10
15 0.000742 3 0 PTP 128 128_2_0_519
15 0.000742 3 0 PTP 128 128_2_0_520
13 0.000742 2 128
12 0.000744 2 112 10
15 0.000744 3 0 PTP 112 112_3_0_521
15 0.000744 3 0 PTP 112 112_3_0_522
16 0.000744 3 0 PTP 127 1_127_0_513
13 0.000744 2 127
13 0.000744 2 112
12 0.000744 2 128 10
15 0.000744 3 0 PTP 128 128_17_0_523
15 0.000744 3 0 PTP 128 128_17_0_524
13 0.000744 2 128
16 0.000745 3 0 PTP 111 1_111_0_515
13 0.000745 2 111
12 0.000745 2 1 10
15 0.000745 3 0 PTP 1 1_48_0_525
15 0.000745 3 0 PTP 1 1_48_0_526
13 0.000745 2 1
16 0.000746 3 0 PTP 110 1_110_0_517
13 0.000746 2 110
12 0.000746 2 111 10
15 0.000746 3 0 PTP 111 111_35_0_527
15 0.000746 3 0 PTP 111 111_35_0_528
13 0.000746 2 111
12 0.000746 2 127 10
15 0.000746 3 0 PTP 127 127_19_0_529
15 0.000746 3 0 PTP 127 127_19_0_530
12 0.000746 2 112 10
15 0.000746 3 0 PTP 112 112_33_0_531
15 0.000746 3 0 PTP 112 112_33_0_532
13 0.000746 2 127
13 0.000746 2 112
12 0.000746 2 128 10
15 0.000746 3 0 PTP 128 128_18_0_533
15 0.000746 3 0 PTP 128 128_18_0_534
13 0.000746 2 128
16 0.000747 3 0 PTP 2 128_2_0_519
13 0.000747 2 2
12 0.000747 2 1 10
15 0.000747 3 0 PTP 1 1_77_0_535
15 0.000747 3 0 PTP 1 1_77_0_536
13 0.000747 2 1
12 0.000747 2 127 10
15 0.000747 3 0 PTP 127 127_5_0_537
15 0.000747 3 0 PTP 127 127_5_0_538
12 0.000747 2 112 10
15 0.000747 3 0 PTP 112 112_49_0_539
15 0.000747 3 0 PTP 112 112_49_0_540
13 0.000747 2 127
13 0.000747 2 112
12 0.000748 2 110 10
15 0.000748 3 0 PTP 110 110_37_0_541
15 0.000748 3 0 PTP 110 110_37_0_542
13 0.000748 2 110
16 0.000748 3 0 PTP 3 112_3_0_521
13 0.000748 2 3
12 0.000748 2 112 10
15 0.000748 3 0 PTP 112 112_6_0_543
15 0.000748 3 0 PTP 112 112_6_0_544
13 0.000748 2 112
12 0.000748 2 128 10
15 0.000748 3 0 PTP 128 128_34_0_545
15 0.000748 3 0 PTP 128 128_34_0_546
13 0.000748 2 128
16 0.000748 3 0 PTP 48 1_48_0_525
13 0.000748 2 48
16 0.000749 3 0 PTP 17 128_17_0_523
13 0.000749 2 17
12 0.000749 2 110 10
15 0.000749 3 0 PTP 110 110_39_0_547
15 0.000749 3 0 PTP 110 110_39_0_548
13 0.000749 2 110
12 0.000749 2 111 10
15 0.000749 3 0 PTP 111 111_51_0_549
15 0.000749 3 0 PTP 111 111_51_0_550
13 0.000749 2 111
16 0.000749 3 0 PTP 35 111_35_0_527
13 0.000749 2 35
12 0.000749 2 127 10
15 0.000749 3 0 PTP 127 127_21_0_551
15 0.000749 3 0 PTP 127 127_21_0_552
12 0.000749 2 112 10
15 0.000749 3 0 PTP 112 112_23_0_553
15 0.000749 3 0 PTP 112 112_23_0_554
13 0.000749 2 127
13 0.000749 2 112
12 0.000750 2 2 10
15 0.000750 3 0 PTP 2 2_96_0_555
15 0.000750 3 0 PTP 2 2_96_0_556
12 0.000750 2 17 10
15 0.000750 3 0 PTP 17 17_95_0_557
15 0.000750 3 0 PTP 17 17_95_0_558
13 0.000750 2 2
13 0.000750 2 17
16 0.000750 3 0 PTP 19 127_19_0_529
13 0.000750 2 19
12 0.000750 2 110 11
13 0.000750 2 110
12 0.000750 2 3 10
15 0.000750 3 0 PTP 3 3_80_0_559
15 0.000750 3 0 PTP 3 3_80_0_560
16 0.000750 3 0 PTP 33 112_33_0_531
13 0.000750 2 33
13 0.000750 2 3
12 0.000750 2 112 11
13 0.000750 2 112
16 0.000750 3 0 PTP 77 1_77_0_535
13 0.000750 2 77
16 0.000750 3 0 PTP 18 128_18_0_533
13 0.000750 2 18
16 0.000750 3 0 PTP 37 110_37_0_541
13 0.000750 2 37
12 0.000750 2 128 10
15 0.000750 3 0 PTP 128 128_65_0_561
15 0.000750 3 0 PTP 128 128_65_0_562
13 0.000750 2 128
12 0.000750 2 48 10
15 0.000750 3 0 PTP 48 48_87_0_563
15 0.000750 3 0 PTP 48 48_87_0_564
13 0.000750 2 48
12 0.000751 2 17 10
15 0.000751 3 0 PTP 17 17_79_0_565
15 0.000751 3 0 PTP 17 17_79_0_566
13 0.000751 2 17
16 0.000751 3 0 PTP 5 127_5_0_537
13 0.000751 2 5
16 0.000751 3 0 PTP 49 112_49_0_539
13 0.000751 2 49
12 0.000751 2 33 10
15 0.000751 3 0 PTP 33 33_16_0_567
15 0.000751 3 0 PTP 33 33_16_0_568
13 0.000751 2 33
16 0.000751 3 0 PTP 39 110_39_0_547
13 0.000751 2 39
12 0.000751 2 111 10
15 0.000751 3 0 PTP 111 111_68_0_569
15 0.000751 3 0 PTP 111 111_68_0_570
13 0.000751 2 111
12 0.000751 2 35 10
15 0.000751 3 0 PTP 35 35_31_0_571
15 0.000751 3 0 PTP 35 35_31_0_572
13 0.000751 2 35
12 0.000751 2 127 10
15 0.000751 3 0 PTP 127 127_38_0_573
15 0.000751 3 0 PTP 127 127_38_0_574
13 0.000751 2 127
16 0.000751 3 0 PTP 6 112_6_0_543
13 0.000751 2 6
12 0.000751 2 37 10
15 0.000751 3 0 PTP 37 37_74_0_575
15 0.000751 3 0 PTP 37 37_74_0_576
13 0.000751 2 37
12 0.000752 2 2 10
15 0.000752 3 0 PTP 2 2_126_0_577
15 0.000752 3 0 PTP 2 2_126_0_578
13 0.000752 2 2
12 0.000752 2 19 10
15 0.000752 3 0 PTP 19 19_124_0_579
15 0.000752 3 0 PTP 19 19_124_0_580
13 0.000752 2 19
12 0.000752 2 3 10
15 0.000752 3 0 PTP 3 3_64_0_581
15 0.000752 3 0 PTP 3 3_64_0_582
13 0.000752 2 3
16 0.000752 3 0 PTP 51 111_51_0_549
13 0.000752 2 51
16 0.000752 3 0 PTP 23 112_23_0_553
13 0.000752 2 23
16 0.000752 3 0 PTP 34 128_34_0_545
13 0.000752 2 34
12 0.000752 2 35 10
15 0.000752 3 0 PTP 35 35_28_0_583
15 0.000752 3 0 PTP 35 35_28_0_584
13 0.000752 2 35
12 0.000752 2 18 10
15 0.000752 3 0 PTP 18 18_109_0_585
15 0.000752 3 0 PTP 18 18_109_0_586
13 0.000752 2 18
16 0.000752 3 0 PTP 21 127_21_0_551
13 0.000752 2 21
12 0.000752 2 48 11
13 0.000752 2 48
12 0.000753 2 17 10
15 0.000753 3 0 PTP 17 17_93_0_587
15 0.000753 3 0 PTP 17 17_93_0_588
12 0.000753 2 2 10
15 0.000753 3 0 PTP 2 2_125_0_589
15 0.000753 3 0 PTP 2 2_125_0_590
13 0.000753 2 17
13 0.000753 2 2
12 0.000753 2 5 10
15 0.000753 3 0 PTP 5 5_47_0_591
15 0.000753 3 0 PTP 5 5_47_0_592
13 0.000753 2 5
12 0.000753 2 49 10
15 0.000753 3 0 PTP 49 49_13_0_593
15 0.000753 3 0 PTP 49 49_13_0_594
13 0.000753 2 49
16 0.000753 3 0 PTP 74 37_74_0_575
13 0.000753 2 74
16 0.000753 3 0 PTP 87 48_87_0_563
13 0.000753 2 87
12 0.000753 2 33 10
15 0.000753 3 0 PTP 33 33_32_0_595
15 0.000753 3 0 PTP 33 33_32_0_596
13 0.000753 2 33
12 0.000753 2 51 10
15 0.000753 3 0 PTP 51 51_26_0_597
15 0.000753 3 0 PTP 51 51_26_0_598
13 0.000753 2 51
12 0.000753 2 111 11
13 0.000753 2 111
16 0.000753 3 0 PTP 95 17_95_0_557
13 0.000753 2 95
12 0.000753 2 34 10
15 0.000753 3 0 PTP 34 34_14_0_599
15 0.000753 3 0 PTP 34 34_14_0_600
13 0.000753 2 34
12 0.000753 2 35 11
13 0.000753 2 35
12 0.000753 2 127 11
13 0.000753 2 127
16 0.000753 3 0 PTP 96 2_96_0_555
13 0.000753 2 96
16 0.000753 3 0 PTP 80 3_80_0_559
13 0.000753 2 80
12 0.000753 2 6 10
15 0.000753 3 0 PTP 6 6_60_0_601
15 0.000753 3 0 PTP 6 6_60_0_602
13 0.000753 2 6
12 0.000753 2 37 11
13 0.000753 2 37
12 0.000753 2 128 10
15 0.000753 3 0 PTP 128 128_8_0_603
15 0.000753 3 0 PTP 128 128_8_0_604
13 0.000753 2 128
12 0.000754 2 17 10
15 0.000754 3 0 PTP 17 17_122_0_605
15 0.000754 3 0 PTP 17 17_122_0_606
13 0.000754 2 17
16 0.000754 3 0 PTP 68 111_68_0_569
13 0.000754 2 68
16 0.000754 3 0 PTP 31 35_31_0_571
13 0.000754 2 31
16 0.000754 3 0 PTP 79 17_79_0_565
13 0.000754 2 79
12 0.000754 2 3 10
15 0.000754 3 0 PTP 3 3_78_0_607
15 0.000754 3 0 PTP 3 3_78_0_608
16 0.000754 3 0 PTP 65 128_65_0_561
13 0.000754 2 65
13 0.000754 2 3
16 0.000754 3 0 PTP 38 127_38_0_573
13 0.000754 2 38
16 0.000754 3 0 PTP 28 35_28_0_583
13 0.000754 2 28
16 0.000754 3 0 PTP 16 33_16_0_567
13 0.000754 2 16
12 0.000754 2 18 10
15 0.000754 3 0 PTP 18 18_123_0_609
15 0.000754 3 0 PTP 18 18_123_0_610
13 0.000754 2 18
12 0.000754 2 21 10
15 0.000754 3 0 PTP 21 21_90_0_611
15 0.000754 3 0 PTP 21 21_90_0_612
13 0.000754 2 21
12 0.000754 2 128 11
13 0.000754 2 128
12 0.000755 2 2 10
15 0.000755 3 0 PTP 2 2_63_0_613
15 0.000755 3 0 PTP 2 2_63_0_614
12 0.000755 2 17 11
13 0.000755 2 17
13 0.000755 2 2
16 0.000755 3 0 PTP 124 19_124_0_579
13 0.000755 2 124
12 0.000755 2 19 10
15 0.000755 3 0 PTP 19 19_15_0_615
15 0.000755 3 0 PTP 19 19_15_0_616
12 0.000755 2 49 10
15 0.000755 3 0 PTP 49 49_45_0_617
15 0.000755 3 0 PTP 49 49_45_0_618
13 0.000755 2 19
13 0.000755 2 49
16 0.000755 3 0 PTP 26 51_26_0_597
13 0.000755 2 26
16 0.000755 3 0 PTP 47 5_47_0_591
13 0.000755 2 47
12 0.000755 2 65 10
15 0.000755 3 0 PTP 65 65_25_0_619
15 0.000755 3 0 PTP 65 65_25_0_620
12 0.000755 2 3 10
15 0.000755 3 0 PTP 3 3_107_0_621
15 0.000755 3 0 PTP 3 3_107_0_622
12 0.000755 2 33 10
15 0.000755 3 0 PTP 33 33_91_0_623
15 0.000755 3 0 PTP 33 33_91_0_624
13 0.000755 2 65
13 0.000755 2 3
13 0.000755 2 33
12 0.000755 2 51 11
13 0.000755 2 51
12 0.000755 2 95 10
15 0.000755 3 0 PTP 95 95_20_0_625
15 0.000755 3 0 PTP 95 95_20_0_626
13 0.000755 2 95
16 0.000755 3 0 PTP 64 3_64_0_581
13 0.000755 2 64
12 0.000755 2 34 10
15 0.000755 3 0 PTP 34 34_11_0_627
15 0.000755 3 0 PTP 34 34_11_0_628
13 0.000755 2 34
16 0.000755 3 0 PTP 60 6_60_0_601
13 0.000755 2 60
12 0.000755 2 112 12
15 0.000755 3 0 PTP 112 112_1_-112_629
13 0.000755 2 112
16 0.000755 3 0 PTP 126 2_126_0_577
13 0.000755 2 126
12 0.000755 2 96 10
15 0.000755 3 0 PTP 96 96_4_0_630
15 0.000755 3 0 PTP 96 96_4_0_631
13 0.000755 2 96
12 0.000755 2 80 10
15 0.000755 3 0 PTP 80 80_97_0_632
15 0.000755 3 0 PTP 80 80_97_0_633
13 0.000755 2 80
12 0.000755 2 6 11
13 0.000755 2 6
16 0.000756 3 0 PTP 109 18_109_0_585
13 0.000756 2 109
12 0.000756 2 5 10
15 0.000756 3 0 PTP 5 5_106_0_634
15 0.000756 3 0 PTP 5 5_106_0_635
13 0.000756 2 5
16 0.000756 3 0 PTP 93 17_93_0_587
13 0.000756 2 93
12 0.000756 2 124 10
15 0.000756 3 0 PTP 124 124_52_0_636
15 0.000756 3 0 PTP 124 124_52_0_637
16 0.000756 3 0 PTP 13 49_13_0_593
13 0.000756 2 13
13 0.000756 2 124
12 0.000756 2 31 10
15 0.000756 3 0 PTP 31 31_103_0_638
15 0.000756 3 0 PTP 31 31_103_0_639
13 0.000756 2 31
12 0.000756 2 19 10
15 0.000756 3 0 PTP 19 19_76_0_640
15 0.000756 3 0 PTP 19 19_76_0_641
13 0.000756 2 19
12 0.000756 2 79 10
15 0.000756 3 0 PTP 79 79_82_0_642
15 0.000756 3 0 PTP 79 79_82_0_643
13 0.000756 2 79
16 0.000756 3 0 PTP 14 34_14_0_599
13 0.000756 2 14
12 0.000756 2 3 11
13 0.000756 2 3
12 0.000756 2 95 10
15 0.000756 3 0 PTP 95 95_36_0_644
15 0.000756 3 0 PTP 95 95_36_0_645
16 0.000756 3 0 PTP 125 2_125_0_589
13 0.000756 2 125
13 0.000756 2 95
16 0.000756 3 0 PTP 32 33_32_0_595
13 0.000756 2 32
16 0.000756 3 0 PTP 90 21_90_0_611
13 0.000756 2 90
12 0.000756 2 112 12
15 0.000756 3 0 PTP 112 112_1_-112_646
13 0.000756 2 112
12 0.000756 2 16 10
15 0.000756 3 0 PTP 16 16_98_0_647
15 0.000756 3 0 PTP 16 16_98_0_648
13 0.000756 2 16
12 0.000756 2 18 10
15 0.000756 3 0 PTP 18 18_61_0_649
15 0.000756 3 0 PTP 18 18_61_0_650
13 0.000756 2 18
12 0.000756 2 21 11
13 0.000756 2 21
16 0.000756 3 0 PTP 8 128_8_0_603
13 0.000756 2 8
12 0.000757 2 109 10
15 0.000757 3 0 PTP 109 109_22_0_651
15 0.000757 3 0 PTP 109 109_22_0_652
16 0.000757 3 0 PTP 122 17_122_0_605
13 0.000757 2 122
13 0.000757 2 109
12 0.000757 2 2 10
15 0.000757 3 0 PTP 2 2_92_0_653
15 0.000757 3 0 PTP 2 2_92_0_654
13 0.000757 2 2
12 0.000757 2 13 10
15 0.000757 3 0 PTP 13 13_118_0_655
15 0.000757 3 0 PTP 13 13_118_0_656
13 0.000757 2 13
12 0.000757 2 49 11
13 0.000757 2 49
12 0.000757 2 19 11
13 0.000757 2 19
12 0.000757 2 79 10
15 0.000757 3 0 PTP 79 79_84_0_657
15 0.000757 3 0 PTP 79 79_84_0_658
13 0.000757 2 79
16 0.000757 3 0 PTP 78 3_78_0_607
13 0.000757 2 78
12 0.000757 2 47 10
15 0.000757 3 0 PTP 47 47_70_0_659
15 0.000757 3 0 PTP 47 47_70_0_660
13 0.000757 2 47
12 0.000757 2 65 11
13 0.000757 2 65
12 0.000757 2 33 11
13 0.000757 2 33
12 0.000757 2 23 12
15 0.000757 3 0 PTP 23 23_1_-112_661
13 0.000757 2 23
12 0.000757 2 95 10
15 0.000757 3 0 PTP 95 95_53_0_662
15 0.000757 3 0 PTP 95 95_53_0_663
13 0.000757 2 95
12 0.000757 2 64 10
15 0.000757 3 0 PTP 64 64_115_0_664
15 0.000757 3 0 PTP 64 64_115_0_665
13 0.000757 2 64
16 0.000757 3 0 PTP 25 65_25_0_619
13 0.000757 2 25
12 0.000757 2 34 11
13 0.000757 2 34
12 0.000757 2 77 12
15 0.000757 3 0 PTP 77 77_1_-112_666
13 0.000757 2 77
12 0.000757 2 96 10
15 0.000757 3 0 PTP 96 96_113_0_667
15 0.000757 3 0 PTP 96 96_113_0_668
13 0.000757 2 96
16 0.000757 3 0 PTP 123 18_123_0_609
13 0.000757 2 123
12 0.000757 2 80 10
15 0.000757 3 0 PTP 80 80_81_0_669
15 0.000757 3 0 PTP 80 80_81_0_670
13 0.000757 2 80
16 0.000757 3 0 PTP 45 49_45_0_617
13 0.000757 2 45
16 0.000757 3 0 PTP 11 34_11_0_627
13 0.000757 2 11
16 0.000757 3 0 PTP 15 19_15_0_615
13 0.000757 2 15
12 0.000758 2 109 10
15 0.000758 3 0 PTP 109 109_24_0_671
15 0.000758 3 0 PTP 109 109_24_0_672
13 0.000758 2 109
16 0.000758 3 0 PTP 91 33_91_0_623
13 0.000758 2 91
12 0.000758 2 5 11
13 0.000758 2 5
12 0.000758 2 93 10
15 0.000758 3 0 PTP 93 93_55_0_673
15 0.000758 3 0 PTP 93 93_55_0_674
13 0.000758 2 93
16 0.000758 3 0 PTP 63 2_63_0_613
13 0.000758 2 63
12 0.000758 2 124 10
15 0.000758 3 0 PTP 124 124_54_0_675
15 0.000758 3 0 PTP 124 124_54_0_676
13 0.000758 2 124
12 0.000758 2 31 11
13 0.000758 2 31
16 0.000758 3 0 PTP 107 3_107_0_621
13 0.000758 2 107
16 0.000758 3 0 PTP 106 5_106_0_634
13 0.000758 2 106
12 0.000758 2 74 12
15 0.000758 3 0 PTP 74 74_1_-112_677
13 0.000758 2 74
12 0.000758 2 87 12
15 0.000758 3 0 PTP 87 87_1_-112_678
13 0.000758 2 87
12 0.000758 2 14 10
15 0.000758 3 0 PTP 14 14_85_0_679
15 0.000758 3 0 PTP 14 14_85_0_680
12 0.000758 2 78 10
15 0.000758 3 0 PTP 78 78_40_0_681
15 0.000758 3 0 PTP 78 78_40_0_682
13 0.000758 2 14
13 0.000758 2 78
12 0.000758 2 47 11
13 0.000758 2 47
12 0.000758 2 39 12
15 0.000758 3 0 PTP 39 39_1_-112_683
13 0.000758 2 39
16 0.000758 3 0 PTP 20 95_20_0_625
13 0.000758 2 20
12 0.000758 2 125 10
15 0.000758 3 0 PTP 125 125_67_0_684
15 0.000758 3 0 PTP 125 125_67_0_685
13 0.000758 2 125
16 0.000758 3 0 PTP 52 124_52_0_636
13 0.000758 2 52
12 0.000758 2 32 10
15 0.000758 3 0 PTP 32 32_120_0_686
15 0.000758 3 0 PTP 32 32_120_0_687
13 0.000758 2 32
16 0.000758 3 0 PTP 76 19_76_0_640
13 0.000758 2 76
12 0.000758 2 112 8
15 0.000758 3 0 PTP 112 112_1_-778_688
12 0.000758 2 77 12
15 0.000758 3 0 PTP 77 77_1_-112_689
13 0.000758 2 77
12 0.000758 2 126 10
15 0.000758 3 0 PTP 126 126_50_0_690
15 0.000758 3 0 PTP 126 126_50_0_691
13 0.000758 2 126
12 0.000758 2 16 10
15 0.000758 3 0 PTP 16 16_100_0_692
15 0.000758 3 0 PTP 16 16_100_0_693
13 0.000758 2 16
16 0.000758 3 0 PTP 103 31_103_0_638
13 0.000758 2 103
12 0.000758 2 18 11
13 0.000758 2 18
12 0.000759 2 109 11
13 0.000759 2 109
12 0.000759 2 2 11
13 0.000759 2 2
16 0.000759 3 0 PTP 82 79_82_0_642
13 0.000759 2 82
16 0.000759 3 0 PTP 97 80_97_0_632
13 0.000759 2 97
12 0.000759 2 13 11
13 0.000759 2 13
12 0.000759 2 124 11
13 0.000759 2 124
16 0.000759 3 0 PTP 36 95_36_0_644
13 0.000759 2 36
16 0.000759 3 0 PTP 22 109_22_0_651
13 0.000759 2 22
12 0.000759 2 79 11
13 0.000759 2 79
12 0.000759 2 78 11
13 0.000759 2 78
16 0.000759 3 0 PTP 61 18_61_0_649
13 0.000759 2 61
12 0.000759 2 23 12
15 0.000759 3 0 PTP 23 23_1_-112_694
13 0.000759 2 23
12 0.000759 2 111 12
15 0.000759 3 0 PTP 111 111_1_-112_695
13 0.000759 2 111
12 0.000759 2 95 11
13 0.000759 2 95
12 0.000759 2 64 10
15 0.000759 3 0 PTP 64 64_117_0_696
15 0.000759 3 0 PTP 64 64_117_0_697
13 0.000759 2 64
16 0.000759 3 0 PTP 70 47_70_0_659
13 0.000759 2 70
16 0.000759 3 0 PTP 84 79_84_0_657
13 0.000759 2 84
16 0.000759 3 0 PTP 55 93_55_0_673
13 0.000759 2 55
12 0.000759 2 96 10
15 0.000759 3 0 PTP 96 96_114_0_698
15 0.000759 3 0 PTP 96 96_114_0_699
13 0.000759 2 96
12 0.000759 2 123 10
15 0.000759 3 0 PTP 123 123_88_0_700
15 0.000759 3 0 PTP 123 123_88_0_701
12 0.000759 2 16 11
13 0.000759 2 16
13 0.000759 2 123
12 0.000759 2 80 10
15 0.000759 3 0 PTP 80 80_116_0_702
15 0.000759 3 0 PTP 80 80_116_0_703
13 0.000759 2 80
12 0.000759 2 15 10
15 0.000759 3 0 PTP 15 15_102_0_704
15 0.000759 3 0 PTP 15 15_102_0_705
13 0.000759 2 15
12 0.000759 2 6 12
15 0.000759 3 0 PTP 6 6_1_-112_706
13 0.000759 2 6
12 0.000759 2 37 12
15 0.000759 3 0 PTP 37 37_1_-112_707
13 0.000759 2 37
16 0.000759 3 0 PTP 53 95_53_0_662
13 0.000759 2 53
16 0.000760 3 0 PTP 24 109_24_0_671
13 0.000760 2 24
16 0.000760 3 0 PTP 118 13_118_0_655
13 0.000760 2 118
16 0.000760 3 0 PTP 40 78_40_0_681
13 0.000760 2 40
16 0.000760 3 0 PTP 92 2_92_0_653
13 0.000760 2 92
12 0.000760 2 17 12
15 0.000760 3 0 PTP 17 17_1_-112_708
13 0.000760 2 17
12 0.000760 2 68 12
15 0.000760 3 0 PTP 68 68_1_-112_709
13 0.000760 2 68
12 0.000760 2 82 10
15 0.000760 3 0 PTP 82 82_57_0_710
15 0.000760 3 0 PTP 82 82_57_0_711
13 0.000760 2 82
12 0.000760 2 93 11
13 0.000760 2 93
16 0.000760 3 0 PTP 54 124_54_0_675
13 0.000760 2 54
12 0.000760 2 63 10
15 0.000760 3 0 PTP 63 63_71_0_712
15 0.000760 3 0 PTP 63 63_71_0_713
13 0.000760 2 63
12 0.000760 2 74 12
15 0.000760 3 0 PTP 74 74_1_-112_714
13 0.000760 2 74
12 0.000760 2 87 12
15 0.000760 3 0 PTP 87 87_1_-112_715
13 0.000760 2 87
12 0.000760 2 14 11
13 0.000760 2 14
12 0.000760 2 51 12
15 0.000760 3 0 PTP 51 51_1_-112_716
12 0.000760 2 38 12
15 0.000760 3 0 PTP 38 38_1_-112_717
13 0.000760 2 51
13 0.000760 2 38
12 0.000760 2 39 12
15 0.000760 3 0 PTP 39 39_1_-112_718
13 0.000760 2 39
12 0.000760 2 20 10
15 0.000760 3 0 PTP 20 20_62_0_719
15 0.000760 3 0 PTP 20 20_62_0_720
13 0.000760 2 20
12 0.000760 2 125 10
15 0.000760 3 0 PTP 125 125_69_0_721
15 0.000760 3 0 PTP 125 125_69_0_722
13 0.000760 2 125
12 0.000760 2 52 10
15 0.000760 3 0 PTP 52 52_43_0_723
15 0.000760 3 0 PTP 52 52_43_0_724
13 0.000760 2 52
12 0.000760 2 32 11
13 0.000760 2 32
12 0.000760 2 28 12
15 0.000760 3 0 PTP 28 28_1_-112_725
12 0.000760 2 90 12
15 0.000760 3 0 PTP 90 90_1_-112_726
12 0.000760 2 60 12
15 0.000760 3 0 PTP 60 60_1_-112_727
13 0.000760 2 28
13 0.000760 2 90
13 0.000760 2 60
12 0.000760 2 127 12
15 0.000760 3 0 PTP 127 127_1_-112_728
13 0.000760 2 127
12 0.000760 2 77 8
15 0.000760 3 0 PTP 77 77_1_-778_729
16 0.000760 3 0 PTP 98 16_98_0_647
13 0.000760 2 98
12 0.000760 2 126 10
15 0.000760 3 0 PTP 126 126_66_0_730
15 0.000760 3 0 PTP 126 126_66_0_731
13 0.000760 2 126
16 0.000760 3 0 PTP 88 123_88_0_700
13 0.000760 2 88
12 0.000760 2 8 12
15 0.000760 3 0 PTP 8 8_1_-112_732
12 0.000760 2 21 12
15 0.000760 3 0 PTP 21 21_1_-112_733
13 0.000760 2 8
13 0.000760 2 21
12 0.000760 2 37 12
15 0.000760 3 0 PTP 37 37_1_-112_734
13 0.000760 2 37
16 0.000760 3 0 PTP 115 64_115_0_664
13 0.000760 2 115
16 0.000760 3 0 PTP 81 80_81_0_669
13 0.000760 2 81
12 0.000761 2 68 12
15 0.000761 3 0 PTP 68 68_1_-112_735
13 0.000761 2 68
16 0.000761 3 0 PTP 113 96_113_0_667
13 0.000761 2 113
16 0.000761 3 0 PTP 67 125_67_0_684
13 0.000761 2 67
16 0.000761 3 0 PTP 85 14_85_0_679
13 0.000761 2 85
12 0.000761 2 97 10
15 0.000761 3 0 PTP 97 97_12_0_736
15 0.000761 3 0 PTP 97 97_12_0_737
13 0.000761 2 97
12 0.000761 2 19 12
15 0.000761 3 0 PTP 19 19_1_-112_738
13 0.000761 2 19
12 0.000761 2 26 12
15 0.000761 3 0 PTP 26 26_1_-112_739
13 0.000761 2 26
12 0.000761 2 87 8
15 0.000761 3 0 PTP 87 87_1_-778_740
12 0.000761 2 36 10
15 0.000761 3 0 PTP 36 36_59_0_741
15 0.000761 3 0 PTP 36 36_59_0_742
13 0.000761 2 36
12 0.000761 2 22 10
15 0.000761 3 0 PTP 22 22_105_0_743
15 0.000761 3 0 PTP 22 22_105_0_744
16 0.000761 3 0 PTP 120 32_120_0_686
13 0.000761 2 120
13 0.000761 2 22
12 0.000761 2 3 12
15 0.000761 3 0 PTP 3 3_1_-112_745
13 0.000761 2 3
12 0.000761 2 23 8
15 0.000761 3 0 PTP 23 23_1_-778_746
12 0.000761 2 39 8
15 0.000761 3 0 PTP 39 39_1_-778_747
12 0.000761 2 111 12
15 0.000761 3 0 PTP 111 111_1_-112_748
13 0.000761 2 111
12 0.000761 2 52 11
13 0.000761 2 52
12 0.000761 2 64 11
13 0.000761 2 64
12 0.000761 2 96 10
15 0.000761 3 0 PTP 96 96_99_0_749
15 0.000761 3 0 PTP 96 96_99_0_750
13 0.000761 2 96
12 0.000761 2 123 11
13 0.000761 2 123
12 0.000761 2 80 11
13 0.000761 2 80
12 0.000761 2 45 12
15 0.000761 3 0 PTP 45 45_1_-112_751
13 0.000761 2 45
12 0.000761 2 15 11
13 0.000761 2 15
12 0.000761 2 37 8
15 0.000761 3 0 PTP 37 37_1_-778_752
16 0.000761 3 0 PTP 50 126_50_0_690
13 0.000761 2 50
16 0.000762 3 0 PTP 57 82_57_0_710
13 0.000762 2 57
16 0.000762 3 0 PTP 71 63_71_0_712
13 0.000762 2 71
12 0.000762 2 91 12
15 0.000762 3 0 PTP 91 91_1_-112_753
13 0.000762 2 91
12 0.000762 2 17 12
15 0.000762 3 0 PTP 17 17_1_-112_754
13 0.000762 2 17
12 0.000762 2 82 11
13 0.000762 2 82
16 0.000762 3 0 PTP 43 52_43_0_723
13 0.000762 2 43
12 0.000762 2 63 11
13 0.000762 2 63
12 0.000762 2 107 12
15 0.000762 3 0 PTP 107 107_1_-112_755
13 0.000762 2 107
12 0.000762 2 74 8
15 0.000762 3 0 PTP 74 74_1_-778_756
12 0.000762 2 36 11
13 0.000762 2 36
16 0.000762 3 0 PTP 100 16_100_0_692
13 0.000762 2 100
12 0.000762 2 65 12
15 0.000762 3 0 PTP 65 65_1_-112_757
13 0.000762 2 65
12 0.000762 2 51 12
15 0.000762 3 0 PTP 51 51_1_-112_758
12 0.000762 2 38 12
15 0.000762 3 0 PTP 38 38_1_-112_759
13 0.000762 2 51
13 0.000762 2 38
12 0.000762 2 111 8
15 0.000762 3 0 PTP 111 111_1_-778_760
12 0.000762 2 20 10
15 0.000762 3 0 PTP 20 20_121_0_761
15 0.000762 3 0 PTP 20 20_121_0_762
13 0.000762 2 20
16 0.000762 3 0 PTP 117 64_117_0_696
13 0.000762 2 117
12 0.000762 2 125 11
13 0.000762 2 125
12 0.000762 2 28 12
15 0.000762 3 0 PTP 28 28_1_-112_763
12 0.000762 2 90 12
15 0.000762 3 0 PTP 90 90_1_-112_764
12 0.000762 2 60 12
15 0.000762 3 0 PTP 60 60_1_-112_765
13 0.000762 2 28
13 0.000762 2 90
13 0.000762 2 60
12 0.000762 2 127 12
15 0.000762 3 0 PTP 127 127_1_-112_766
13 0.000762 2 127
12 0.000762 2 98 10
15 0.000762 3 0 PTP 98 98_56_0_767
15 0.000762 3 0 PTP 98 98_56_0_768
13 0.000762 2 98
16 0.000762 3 0 PTP 69 125_69_0_721
13 0.000762 2 69
16 0.000762 3 0 PTP 116 80_116_0_702
13 0.000762 2 116
16 0.000762 3 0 PTP 102 15_102_0_704
13 0.000762 2 102
12 0.000762 2 18 12
15 0.000762 3 0 PTP 18 18_1_-112_769
13 0.000762 2 18
12 0.000762 2 11 12
15 0.000762 3 0 PTP 11 11_1_-112_770
13 0.000762 2 11
12 0.000762 2 6 12
15 0.000762 3 0 PTP 6 6_1_-112_771
12 0.000762 2 21 12
15 0.000762 3 0 PTP 21 21_1_-112_772
13 0.000762 2 6
13 0.000762 2 21
12 0.000762 2 128 12
15 0.000762 3 0 PTP 128 128_1_-112_773
13 0.000762 2 128
16 0.000762 3 0 PTP 62 20_62_0_719
13 0.000762 2 62
12 0.000762 2 48 12
15 0.000762 3 0 PTP 48 48_1_-112_774
13 0.000762 2 48
16 0.000762 3 0 PTP 59 36_59_0_741
13 0.000762 2 59
16 0.000762 3 0 PTP 114 96_114_0_698
13 0.000762 2 114
12 0.000762 2 115 10
15 0.000762 3 0 PTP 115 115_89_0_775
15 0.000762 3 0 PTP 115 115_89_0_776
13 0.000762 2 115
12 0.000762 2 81 10
15 0.000762 3 0 PTP 81 81_58_0_777
15 0.000762 3 0 PTP 81 81_58_0_778
16 0.000762 3 0 PTP 105 22_105_0_743
13 0.000762 2 105
13 0.000762 2 81
12 0.000763 2 68 8
15 0.000763 3 0 PTP 68 68_1_-778_779
12 0.000763 2 113 10
15 0.000763 3 0 PTP 113 113_29_0_780
15 0.000763 3 0 PTP 113 113_29_0_781
13 0.000763 2 113
12 0.000763 2 67 10
15 0.000763 3 0 PTP 67 67_41_0_782
15 0.000763 3 0 PTP 67 67_41_0_783
13 0.000763 2 67
12 0.000763 2 97 10
15 0.000763 3 0 PTP 97 97_27_0_784
15 0.000763 3 0 PTP 97 97_27_0_785
13 0.000763 2 97
12 0.000763 2 13 12
15 0.000763 3 0 PTP 13 13_1_-112_786
13 0.000763 2 13
12 0.000763 2 49 12
15 0.000763 3 0 PTP 49 49_1_-112_787
12 0.000763 2 19 12
15 0.000763 3 0 PTP 19 19_1_-112_788
13 0.000763 2 49
13 0.000763 2 19
12 0.000763 2 26 12
15 0.000763 3 0 PTP 26 26_1_-112_789
13 0.000763 2 26
12 0.000763 2 22 11
13 0.000763 2 22
12 0.000763 2 61 12
15 0.000763 3 0 PTP 61 61_1_-112_790
13 0.000763 2 61
12 0.000763 2 33 12
15 0.000763 3 0 PTP 33 33_1_-112_791
12 0.000763 2 3 12
15 0.000763 3 0 PTP 3 3_1_-112_792
12 0.000763 2 65 12
15 0.000763 3 0 PTP 65 65_1_-112_793
13 0.000763 2 33
13 0.000763 2 3
13 0.000763 2 65
12 0.000763 2 51 8
15 0.000763 3 0 PTP 51 51_1_-778_794
12 0.000763 2 38 8
15 0.000763 3 0 PTP 38 38_1_-778_795
12 0.000763 2 25 12
15 0.000763 3 0 PTP 25 25_1_-112_796
13 0.000763 2 25
12 0.000763 2 60 8
15 0.000763 3 0 PTP 60 60_1_-778_797
12 0.000763 2 35 12
15 0.000763 3 0 PTP 35 35_1_-112_798
13 0.000763 2 35
12 0.000763 2 127 8
15 0.000763 3 0 PTP 127 127_1_-778_799
16 0.000763 3 0 PTP 66 126_66_0_730
13 0.000763 2 66
12 0.000763 2 126 10
15 0.000763 3 0 PTP 126 126_83_0_800
15 0.000763 3 0 PTP 126 126_83_0_801
13 0.000763 2 126
12 0.000763 2 96 11
13 0.000763 2 96
12 0.000763 2 16 12
15 0.000763 3 0 PTP 16 16_1_-112_802
13 0.000763 2 16
12 0.000763 2 103 12
15 0.000763 3 0 PTP 103 103_1_-112_803
13 0.000763 2 103
12 0.000763 2 45 12
15 0.000763 3 0 PTP 45 45_1_-112_804
13 0.000763 2 45
12 0.000763 2 18 12
15 0.000763 3 0 PTP 18 18_1_-112_805
13 0.000763 2 18
12 0.000763 2 8 12
15 0.000763 3 0 PTP 8 8_1_-112_806
12 0.000763 2 6 8
15 0.000763 3 0 PTP 6 6_1_-778_807
12 0.000763 2 21 8
15 0.000763 3 0 PTP 21 21_1_-778_808
13 0.000763 2 8
12 0.000763 2 50 10
15 0.000763 3 0 PTP 50 50_30_0_809
15 0.000763 3 0 PTP 50 50_30_0_810
13 0.000763 2 50
12 0.000764 2 122 12
15 0.000764 3 0 PTP 122 122_1_-112_811
12 0.000764 2 109 12
15 0.000764 3 0 PTP 109 109_1_-112_812
13 0.000764 2 122
13 0.000764 2 109
12 0.000764 2 2 12
15 0.000764 3 0 PTP 2 2_1_-112_813
12 0.000764 2 17 8
15 0.000764 3 0 PTP 17 17_1_-778_814
13 0.000764 2 2
12 0.000764 2 5 12
15 0.000764 3 0 PTP 5 5_1_-112_815
13 0.000764 2 5
12 0.000764 2 93 12
15 0.000764 3 0 PTP 93 93_1_-112_816
13 0.000764 2 93
12 0.000764 2 31 12
15 0.000764 3 0 PTP 31 31_1_-112_817
13 0.000764 2 31
12 0.000764 2 107 12
15 0.000764 3 0 PTP 107 107_1_-112_818
13 0.000764 2 107
12 0.000764 2 106 12
15 0.000764 3 0 PTP 106 106_1_-112_819
13 0.000764 2 106
12 0.000764 2 79 12
15 0.000764 3 0 PTP 79 79_1_-112_820
13 0.000764 2 79
12 0.000764 2 3 8
15 0.000764 3 0 PTP 3 3_1_-778_821
12 0.000764 2 65 8
15 0.000764 3 0 PTP 65 65_1_-778_822
16 0.000764 3 0 PTP 56 98_56_0_767
13 0.000764 2 56
16 0.000764 3 0 PTP 12 97_12_0_736
13 0.000764 2 12
12 0.000764 2 20 11
13 0.000764 2 20
16 0.000764 3 0 PTP 89 115_89_0_775
13 0.000764 2 89
16 0.000764 3 0 PTP 99 96_99_0_749
13 0.000764 2 99
12 0.000764 2 95 12
15 0.000764 3 0 PTP 95 95_1_-112_823
13 0.000764 2 95
12 0.000764 2 70 12
15 0.000764 3 0 PTP 70 70_1_-112_824
13 0.000764 2 70
12 0.000764 2 28 8
15 0.000764 3 0 PTP 28 28_1_-778_825
12 0.000764 2 90 8
15 0.000764 3 0 PTP 90 90_1_-778_826
12 0.000764 2 35 12
15 0.000764 3 0 PTP 35 35_1_-112_827
13 0.000764 2 35
16 0.000764 3 0 PTP 121 20_121_0_761
13 0.000764 2 121
12 0.000764 2 98 11
13 0.000764 2 98
16 0.000764 3 0 PTP 41 67_41_0_782
13 0.000764 2 41
12 0.000764 2 126 11
13 0.000764 2 126
12 0.000764 2 55 12
15 0.000764 3 0 PTP 55 55_1_-112_828
13 0.000764 2 55
12 0.000764 2 16 12
15 0.000764 3 0 PTP 16 16_1_-112_829
13 0.000764 2 16
12 0.000764 2 45 8
15 0.000764 3 0 PTP 45 45_1_-778_830
12 0.000764 2 18 8
15 0.000764 3 0 PTP 18 18_1_-778_831
12 0.000764 2 11 12
15 0.000764 3 0 PTP 11 11_1_-112_832
13 0.000764 2 11
12 0.000764 2 128 12
15 0.000764 3 0 PTP 128 128_1_-112_833
13 0.000764 2 128
12 0.000764 2 48 12
15 0.000764 3 0 PTP 48 48_1_-112_834
13 0.000764 2 48
12 0.000764 2 114 10
15 0.000764 3 0 PTP 114 114_73_0_835
15 0.000764 3 0 PTP 114 114_73_0_836
13 0.000764 2 114
12 0.000764 2 115 11
13 0.000764 2 115
12 0.000764 2 53 12
15 0.000764 3 0 PTP 53 53_1_-112_837
13 0.000764 2 53
12 0.000765 2 92 12
15 0.000765 3 0 PTP 92 92_1_-112_838
13 0.000765 2 92
12 0.000765 2 91 12
15 0.000765 3 0 PTP 91 91_1_-112_839
13 0.000765 2 91
12 0.000765 2 113 10
15 0.000765 3 0 PTP 113 113_44_0_840
15 0.000765 3 0 PTP 113 113_44_0_841
13 0.000765 2 113
16 0.000765 3 0 PTP 58 81_58_0_777
13 0.000765 2 58
12 0.000765 2 67 11
13 0.000765 2 67
12 0.000765 2 93 12
15 0.000765 3 0 PTP 93 93_1_-112_842
13 0.000765 2 93
12 0.000765 2 54 12
15 0.000765 3 0 PTP 54 54_1_-112_843
13 0.000765 2 54
12 0.000765 2 13 12
15 0.000765 3 0 PTP 13 13_1_-112_844
13 0.000765 2 13
12 0.000765 2 49 12
15 0.000765 3 0 PTP 49 49_1_-112_845
12 0.000765 2 19 8
15 0.000765 3 0 PTP 19 19_1_-778_846
13 0.000765 2 49
12 0.000765 2 26 8
15 0.000765 3 0 PTP 26 26_1_-778_847
12 0.000765 2 61 12
15 0.000765 3 0 PTP 61 61_1_-112_848
13 0.000765 2 61
12 0.000765 2 47 12
15 0.000765 3 0 PTP 47 47_1_-112_849
13 0.000765 2 47
12 0.000765 2 33 12
15 0.000765 3 0 PTP 33 33_1_-112_850
13 0.000765 2 33
12 0.000765 2 70 12
15 0.000765 3 0 PTP 70 70_1_-112_851
13 0.000765 2 70
12 0.000765 2 76 12
15 0.000765 3 0 PTP 76 76_1_-112_852
12 0.000765 2 25 12
15 0.000765 3 0 PTP 25 25_1_-112_853
13 0.000765 2 76
13 0.000765 2 25
12 0.000765 2 66 10
15 0.000765 3 0 PTP 66 66_42_0_854
15 0.000765 3 0 PTP 66 66_42_0_855
13 0.000765 2 66
12 0.000765 2 103 12
15 0.000765 3 0 PTP 103 103_1_-112_856
13 0.000765 2 103
12 0.000765 2 8 8
15 0.000765 3 0 PTP 8 8_1_-778_857
12 0.000765 2 62 10
15 0.000765 3 0 PTP 62 62_104_0_858
15 0.000765 3 0 PTP 62 62_104_0_859
13 0.000765 2 62
12 0.000765 2 48 8
15 0.000765 3 0 PTP 48 48_1_-778_860
12 0.000765 2 114 11
13 0.000765 2 114
12 0.000765 2 81 11
13 0.000765 2 81
12 0.000765 2 53 12
15 0.000765 3 0 PTP 53 53_1_-112_861
13 0.000765 2 53
12 0.000766 2 24 12
15 0.000766 3 0 PTP 24 24_1_-112_862
13 0.000766 2 24
12 0.000766 2 122 12
15 0.000766 3 0 PTP 122 122_1_-112_863
12 0.000766 2 109 12
15 0.000766 3 0 PTP 109 109_1_-112_864
13 0.000766 2 122
13 0.000766 2 109
12 0.000766 2 5 12
15 0.000766 3 0 PTP 5 5_1_-112_865
13 0.000766 2 5
12 0.000766 2 113 11
13 0.000766 2 113
16 0.000766 3 0 PTP 27 97_27_0_784
13 0.000766 2 27
12 0.000766 2 97 11
13 0.000766 2 97
12 0.000766 2 85 12
15 0.000766 3 0 PTP 85 85_1_-112_866
13 0.000766 2 85
12 0.000766 2 93 8
15 0.000766 3 0 PTP 93 93_1_-778_867
12 0.000766 2 63 12
15 0.000766 3 0 PTP 63 63_1_-112_868
13 0.000766 2 63
12 0.000766 2 31 12
15 0.000766 3 0 PTP 31 31_1_-112_869
13 0.000766 2 31
12 0.000766 2 107 8
15 0.000766 3 0 PTP 107 107_1_-778_870
12 0.000766 2 49 8
15 0.000766 3 0 PTP 49 49_1_-778_871
12 0.000766 2 106 12
15 0.000766 3 0 PTP 106 106_1_-112_872
13 0.000766 2 106
16 0.000766 3 0 PTP 83 126_83_0_800
13 0.000766 2 83
12 0.000766 2 79 12
15 0.000766 3 0 PTP 79 79_1_-112_873
13 0.000766 2 79
12 0.000766 2 14 12
15 0.000766 3 0 PTP 14 14_1_-112_874
12 0.000766 2 61 8
15 0.000766 3 0 PTP 61 61_1_-778_875
13 0.000766 2 14
12 0.000766 2 12 10
15 0.000766 3 0 PTP 12 12_101_0_876
15 0.000766 3 0 PTP 12 12_101_0_877
13 0.000766 2 12
12 0.000766 2 95 12
15 0.000766 3 0 PTP 95 95_1_-112_878
13 0.000766 2 95
12 0.000766 2 64 12
15 0.000766 3 0 PTP 64 64_1_-112_879
13 0.000766 2 64
12 0.000766 2 76 12
15 0.000766 3 0 PTP 76 76_1_-112_880
13 0.000766 2 76
12 0.000766 2 34 12
15 0.000766 3 0 PTP 34 34_1_-112_881
13 0.000766 2 34
12 0.000766 2 35 8
15 0.000766 3 0 PTP 35 35_1_-778_882
16 0.000766 3 0 PTP 29 113_29_0_780
13 0.000766 2 29
16 0.000766 3 0 PTP 30 50_30_0_809
13 0.000766 2 30
12 0.000766 2 84 12
15 0.000766 3 0 PTP 84 84_1_-112_883
13 0.000766 2 84
12 0.000766 2 55 12
15 0.000766 3 0 PTP 55 55_1_-112_884
13 0.000766 2 55
12 0.000766 2 88 12
15 0.000766 3 0 PTP 88 88_1_-112_885
13 0.000766 2 88
12 0.000766 2 128 8
15 0.000766 3 0 PTP 128 128_1_-778_886
16 0.000766 3 0 PTP 73 114_73_0_835
13 0.000766 2 73
12 0.000766 2 50 10
15 0.000766 3 0 PTP 50 50_10_0_887
15 0.000766 3 0 PTP 50 50_10_0_888
13 0.000766 2 50
12 0.000766 2 53 8
15 0.000766 3 0 PTP 53 53_1_-778_889
12 0.000767 2 57 12
15 0.000767 3 0 PTP 57 57_1_-112_890
13 0.000767 2 57
12 0.000767 2 118 12
15 0.000767 3 0 PTP 118 118_1_-112_891
13 0.000767 2 118
12 0.000767 2 71 12
15 0.000767 3 0 PTP 71 71_1_-112_892
13 0.000767 2 71
12 0.000767 2 92 12
15 0.000767 3 0 PTP 92 92_1_-112_893
13 0.000767 2 92
12 0.000767 2 91 8
15 0.000767 3 0 PTP 91 91_1_-778_894
12 0.000767 2 2 12
15 0.000767 3 0 PTP 2 2_1_-112_895
13 0.000767 2 2
12 0.000767 2 43 12
15 0.000767 3 0 PTP 43 43_1_-112_896
13 0.000767 2 43
12 0.000767 2 54 12
15 0.000767 3 0 PTP 54 54_1_-112_897
13 0.000767 2 54
12 0.000767 2 13 8
15 0.000767 3 0 PTP 13 13_1_-778_898
12 0.000767 2 106 8
15 0.000767 3 0 PTP 106 106_1_-778_899
12 0.000767 2 100 12
15 0.000767 3 0 PTP 100 100_1_-112_900
13 0.000767 2 100
12 0.000767 2 78 12
15 0.000767 3 0 PTP 78 78_1_-112_901
12 0.000767 2 14 12
15 0.000767 3 0 PTP 14 14_1_-112_902
13 0.000767 2 78
13 0.000767 2 14
12 0.000767 2 33 8
15 0.000767 3 0 PTP 33 33_1_-778_903
12 0.000767 2 32 12
15 0.000767 3 0 PTP 32 32_1_-112_904
13 0.000767 2 32
12 0.000767 2 70 8
15 0.000767 3 0 PTP 70 70_1_-778_905
12 0.000767 2 25 8
15 0.000767 3 0 PTP 25 25_1_-778_906
16 0.000767 3 0 PTP 104 62_104_0_858
13 0.000767 2 104
16 0.000767 3 0 PTP 42 66_42_0_854
13 0.000767 2 42
12 0.000767 2 66 11
13 0.000767 2 66
12 0.000767 2 55 8
15 0.000767 3 0 PTP 55 55_1_-778_907
12 0.000767 2 16 8
15 0.000767 3 0 PTP 16 16_1_-778_908
12 0.000767 2 88 12
15 0.000767 3 0 PTP 88 88_1_-112_909
12 0.000767 2 103 8
15 0.000767 3 0 PTP 103 103_1_-778_910
13 0.000767 2 88
12 0.000767 2 102 12
15 0.000767 3 0 PTP 102 102_1_-112_911
13 0.000767 2 102
12 0.000767 2 11 8
15 0.000767 3 0 PTP 11 11_1_-778_912
12 0.000767 2 62 11
13 0.000767 2 62
12 0.000767 2 59 12
15 0.000767 3 0 PTP 59 59_1_-112_913
13 0.000767 2 59
12 0.000768 2 24 12
15 0.000768 3 0 PTP 24 24_1_-112_914
13 0.000768 2 24
12 0.000768 2 122 8
15 0.000768 3 0 PTP 122 122_1_-778_915
12 0.000768 2 109 8
15 0.000768 3 0 PTP 109 109_1_-778_916
12 0.000768 2 71 12
15 0.000768 3 0 PTP 71 71_1_-112_917
13 0.000768 2 71
12 0.000768 2 2 8
15 0.000768 3 0 PTP 2 2_1_-778_918
12 0.000768 2 5 8
15 0.000768 3 0 PTP 5 5_1_-778_919
12 0.000768 2 82 12
15 0.000768 3 0 PTP 82 82_1_-112_920
13 0.000768 2 82
12 0.000768 2 85 12
15 0.000768 3 0 PTP 85 85_1_-112_921
13 0.000768 2 85
12 0.000768 2 43 12
15 0.000768 3 0 PTP 43 43_1_-112_922
13 0.000768 2 43
12 0.000768 2 63 12
15 0.000768 3 0 PTP 63 63_1_-112_923
13 0.000768 2 63
12 0.000768 2 124 12
15 0.000768 3 0 PTP 124 124_1_-112_924
13 0.000768 2 124
12 0.000768 2 31 8
15 0.000768 3 0 PTP 31 31_1_-778_925
16 0.000768 3 0 PTP 44 113_44_0_840
13 0.000768 2 44
12 0.000768 2 120 12
15 0.000768 3 0 PTP 120 120_1_-112_926
13 0.000768 2 120
12 0.000768 2 79 8
15 0.000768 3 0 PTP 79 79_1_-778_927
12 0.000768 2 47 12
15 0.000768 3 0 PTP 47 47_1_-112_928
13 0.000768 2 47
12 0.000768 2 12 11
13 0.000768 2 12
12 0.000768 2 20 12
15 0.000768 3 0 PTP 20 20_1_-112_929
13 0.000768 2 20
12 0.000768 2 117 12
15 0.000768 3 0 PTP 117 117_1_-112_930
13 0.000768 2 117
12 0.000768 2 125 12
15 0.000768 3 0 PTP 125 125_1_-112_931
12 0.000768 2 95 8
15 0.000768 3 0 PTP 95 95_1_-778_932
13 0.000768 2 125
12 0.000768 2 52 12
15 0.000768 3 0 PTP 52 52_1_-112_933
13 0.000768 2 52
12 0.000768 2 64 12
15 0.000768 3 0 PTP 64 64_1_-112_934
13 0.000768 2 64
12 0.000768 2 76 8
15 0.000768 3 0 PTP 76 76_1_-778_935
12 0.000768 2 29 10
15 0.000768 3 0 PTP 29 29_119_0_936
15 0.000768 3 0 PTP 29 29_119_0_937
13 0.000768 2 29
12 0.000768 2 30 10
15 0.000768 3 0 PTP 30 30_86_0_938
15 0.000768 3 0 PTP 30 30_86_0_939
13 0.000768 2 30
12 0.000768 2 98 12
15 0.000768 3 0 PTP 98 98_1_-112_940
13 0.000768 2 98
12 0.000768 2 84 12
15 0.000768 3 0 PTP 84 84_1_-112_941
13 0.000768 2 84
12 0.000768 2 69 12
15 0.000768 3 0 PTP 69 69_1_-112_942
13 0.000768 2 69
12 0.000768 2 96 12
15 0.000768 3 0 PTP 96 96_1_-112_943
13 0.000768 2 96
12 0.000768 2 123 12
15 0.000768 3 0 PTP 123 123_1_-112_944
13 0.000768 2 123
12 0.000768 2 88 8
15 0.000768 3 0 PTP 88 88_1_-778_945
12 0.000768 2 80 12
15 0.000768 3 0 PTP 80 80_1_-112_946
13 0.000768 2 80
12 0.000768 2 15 12
15 0.000768 3 0 PTP 15 15_1_-112_947
13 0.000768 2 15
12 0.000768 2 50 11
13 0.000768 2 50
12 0.000768 2 59 12
15 0.000768 3 0 PTP 59 59_1_-112_948
13 0.000768 2 59
12 0.000769 2 105 12
15 0.000769 3 0 PTP 105 105_1_-112_949
13 0.000769 2 105
12 0.000769 2 57 12
15 0.000769 3 0 PTP 57 57_1_-112_950
13 0.000769 2 57
12 0.000769 2 24 8
15 0.000769 3 0 PTP 24 24_1_-778_951
12 0.000769 2 118 12
15 0.000769 3 0 PTP 118 118_1_-112_952
13 0.000769 2 118
12 0.000769 2 40 12
15 0.000769 3 0 PTP 40 40_1_-112_953
13 0.000769 2 40
12 0.000769 2 92 8
15 0.000769 3 0 PTP 92 92_1_-778_954
16 0.000769 3 0 PTP 101 12_101_0_876
13 0.000769 2 101
16 0.000769 3 0 PTP 10 50_10_0_887
13 0.000769 2 10
12 0.000769 2 43 8
15 0.000769 3 0 PTP 43 43_1_-778_955
12 0.000769 2 54 8
15 0.000769 3 0 PTP 54 54_1_-778_956
12 0.000769 2 63 8
15 0.000769 3 0 PTP 63 63_1_-778_957
12 0.000769 2 36 12
15 0.000769 3 0 PTP 36 36_1_-112_958
12 0.000769 2 100 12
15 0.000769 3 0 PTP 100 100_1_-112_959
13 0.000769 2 36
13 0.000769 2 100
12 0.000769 2 78 12
15 0.000769 3 0 PTP 78 78_1_-112_960
12 0.000769 2 14 8
15 0.000769 3 0 PTP 14 14_1_-778_961
13 0.000769 2 78
12 0.000769 2 32 12
15 0.000769 3 0 PTP 32 32_1_-112_962
12 0.000769 2 64 8
15 0.000769 3 0 PTP 64 64_1_-778_963
13 0.000769 2 32
12 0.000769 2 34 12
15 0.000769 3 0 PTP 34 34_1_-112_964
13 0.000769 2 34
12 0.000769 2 29 11
13 0.000769 2 29
12 0.000769 2 41 12
15 0.000769 3 0 PTP 41 41_1_-112_965
13 0.000769 2 41
12 0.000769 2 84 8
15 0.000769 3 0 PTP 84 84_1_-778_966
12 0.000769 2 69 12
15 0.000769 3 0 PTP 69 69_1_-112_967
13 0.000769 2 69
12 0.000769 2 116 12
15 0.000769 3 0 PTP 116 116_1_-112_968
13 0.000769 2 116
12 0.000769 2 102 12
15 0.000769 3 0 PTP 102 102_1_-112_969
13 0.000769 2 102
12 0.000769 2 15 12
15 0.000769 3 0 PTP 15 15_1_-112_970
13 0.000769 2 15
12 0.000770 2 71 8
15 0.000770 3 0 PTP 71 71_1_-778_971
12 0.000770 2 67 12
15 0.000770 3 0 PTP 67 67_1_-112_972
13 0.000770 2 67
12 0.000770 2 82 12
15 0.000770 3 0 PTP 82 82_1_-112_973
13 0.000770 2 82
12 0.000770 2 124 12
15 0.000770 3 0 PTP 124 124_1_-112_974
13 0.000770 2 124
12 0.000770 2 36 12
15 0.000770 3 0 PTP 36 36_1_-112_975
13 0.000770 2 36
12 0.000770 2 22 12
15 0.000770 3 0 PTP 22 22_1_-112_976
12 0.000770 2 120 12
15 0.000770 3 0 PTP 120 120_1_-112_977
13 0.000770 2 22
13 0.000770 2 120
12 0.000770 2 20 12
15 0.000770 3 0 PTP 20 20_1_-112_978
13 0.000770 2 20
12 0.000770 2 117 12
15 0.000770 3 0 PTP 117 117_1_-112_979
13 0.000770 2 117
12 0.000770 2 125 12
15 0.000770 3 0 PTP 125 125_1_-112_980
13 0.000770 2 125
12 0.000770 2 99 12
15 0.000770 3 0 PTP 99 99_1_-112_981
13 0.000770 2 99
12 0.000770 2 52 12
15 0.000770 3 0 PTP 52 52_1_-112_982
13 0.000770 2 52
12 0.000770 2 34 8
15 0.000770 3 0 PTP 34 34_1_-778_983
12 0.000770 2 30 11
13 0.000770 2 30
12 0.000770 2 98 12
15 0.000770 3 0 PTP 98 98_1_-112_984
13 0.000770 2 98
12 0.000770 2 126 12
15 0.000770 3 0 PTP 126 126_1_-112_985
13 0.000770 2 126
12 0.000770 2 69 8
15 0.000770 3 0 PTP 69 69_1_-778_986
12 0.000770 2 96 12
15 0.000770 3 0 PTP 96 96_1_-112_987
13 0.000770 2 96
12 0.000770 2 116 12
15 0.000770 3 0 PTP 116 116_1_-112_988
13 0.000770 2 116
12 0.000770 2 123 12
15 0.000770 3 0 PTP 123 123_1_-112_989
13 0.000770 2 123
12 0.000770 2 102 8
15 0.000770 3 0 PTP 102 102_1_-778_990
12 0.000770 2 73 12
15 0.000770 3 0 PTP 73 73_1_-112_991
13 0.000770 2 73
12 0.000770 2 59 8
15 0.000770 3 0 PTP 59 59_1_-778_992
12 0.000770 2 114 12
15 0.000770 3 0 PTP 114 114_1_-112_993
13 0.000770 2 114
12 0.000770 2 115 12
15 0.000770 3 0 PTP 115 115_1_-112_994
13 0.000770 2 115
12 0.000771 2 105 12
15 0.000771 3 0 PTP 105 105_1_-112_995
13 0.000771 2 105
12 0.000771 2 57 8
15 0.000771 3 0 PTP 57 57_1_-778_996
16 0.000771 3 0 PTP 119 29_119_0_936
13 0.000771 2 119
16 0.000771 3 0 PTP 86 30_86_0_938
13 0.000771 2 86
12 0.000771 2 27 12
15 0.000771 3 0 PTP 27 27_1_-112_997
13 0.000771 2 27
12 0.000771 2 82 8
15 0.000771 3 0 PTP 82 82_1_-778_998
12 0.000771 2 85 8
15 0.000771 3 0 PTP 85 85_1_-778_999
12 0.000771 2 97 12
15 0.000771 3 0 PTP 97 97_1_-112_1000
13 0.000771 2 97
12 0.000771 2 100 8
15 0.000771 3 0 PTP 100 100_1_-778_1001
12 0.000771 2 22 12
15 0.000771 3 0 PTP 22 22_1_-112_1002
12 0.000771 2 120 8
15 0.000771 3 0 PTP 120 120_1_-778_1003
13 0.000771 2 22
12 0.000771 2 78 8
15 0.000771 3 0 PTP 78 78_1_-778_1004
12 0.000771 2 47 8
15 0.000771 3 0 PTP 47 47_1_-778_1005
12 0.000771 2 56 12
15 0.000771 3 0 PTP 56 56_1_-112_1006
13 0.000771 2 56
12 0.000771 2 89 12
15 0.000771 3 0 PTP 89 89_1_-112_1007
13 0.000771 2 89
12 0.000771 2 99 12
15 0.000771 3 0 PTP 99 99_1_-112_1008
13 0.000771 2 99
12 0.000771 2 32 8
15 0.000771 3 0 PTP 32 32_1_-778_1009
12 0.000771 2 121 12
15 0.000771 3 0 PTP 121 121_1_-112_1010
13 0.000771 2 121
12 0.000771 2 41 12
15 0.000771 3 0 PTP 41 41_1_-112_1011
13 0.000771 2 41
12 0.000771 2 80 12
15 0.000771 3 0 PTP 80 80_1_-112_1012
13 0.000771 2 80
12 0.000771 2 15 8
15 0.000771 3 0 PTP 15 15_1_-778_1013
12 0.000772 2 105 8
15 0.000772 3 0 PTP 105 105_1_-778_1014
12 0.000772 2 118 8
15 0.000772 3 0 PTP 118 118_1_-778_1015
12 0.000772 2 40 12
15 0.000772 3 0 PTP 40 40_1_-112_1016
13 0.000772 2 40
12 0.000772 2 113 12
15 0.000772 3 0 PTP 113 113_1_-112_1017
13 0.000772 2 113
12 0.000772 2 58 12
15 0.000772 3 0 PTP 58 58_1_-112_1018
13 0.000772 2 58
12 0.000772 2 67 12
15 0.000772 3 0 PTP 67 67_1_-112_1019
13 0.000772 2 67
12 0.000772 2 124 8
15 0.000772 3 0 PTP 124 124_1_-778_1020
12 0.000772 2 36 8
15 0.000772 3 0 PTP 36 36_1_-778_1021
12 0.000772 2 20 8
15 0.000772 3 0 PTP 20 20_1_-778_1022
12 0.000772 2 117 8
15 0.000772 3 0 PTP 117 117_1_-778_1023
12 0.000772 2 125 8
15 0.000772 3 0 PTP 125 125_1_-778_1024
12 0.000772 2 99 8
15 0.000772 3 0 PTP 99 99_1_-778_1025
12 0.000772 2 52 8
15 0.000772 3 0 PTP 52 52_1_-778_1026
12 0.000772 2 98 8
15 0.000772 3 0 PTP 98 98_1_-778_1027
12 0.000772 2 126 12
15 0.000772 3 0 PTP 126 126_1_-112_1028
13 0.000772 2 126
12 0.000772 2 116 8
15 0.000772 3 0 PTP 116 116_1_-778_1029
12 0.000772 2 123 8
15 0.000772 3 0 PTP 123 123_1_-778_1030
12 0.000772 2 80 8
15 0.000772 3 0 PTP 80 80_1_-778_1031
12 0.000772 2 62 12
15 0.000772 3 0 PTP 62 62_1_-112_1032
13 0.000772 2 62
12 0.000772 2 73 12
15 0.000772 3 0 PTP 73 73_1_-112_1033
13 0.000772 2 73
12 0.000772 2 114 12
15 0.000772 3 0 PTP 114 114_1_-112_1034
13 0.000772 2 114
12 0.000773 2 97 12
15 0.000773 3 0 PTP 97 97_1_-112_1035
13 0.000773 2 97
12 0.000773 2 56 12
15 0.000773 3 0 PTP 56 56_1_-112_1036
13 0.000773 2 56
12 0.000773 2 89 12
15 0.000773 3 0 PTP 89 89_1_-112_1037
13 0.000773 2 89
12 0.000773 2 42 12
15 0.000773 3 0 PTP 42 42_1_-112_1038
12 0.000773 2 121 12
15 0.000773 3 0 PTP 121 121_1_-112_1039
13 0.000773 2 42
13 0.000773 2 121
12 0.000773 2 41 8
15 0.000773 3 0 PTP 41 41_1_-778_1040
12 0.000773 2 126 8
15 0.000773 3 0 PTP 126 126_1_-778_1041
12 0.000773 2 96 8
15 0.000773 3 0 PTP 96 96_1_-778_1042
12 0.000773 2 73 8
15 0.000773 3 0 PTP 73 73_1_-778_1043
12 0.000773 2 50 12
15 0.000773 3 0 PTP 50 50_1_-112_1044
13 0.000773 2 50
12 0.000773 2 115 12
15 0.000773 3 0 PTP 115 115_1_-112_1045
13 0.000773 2 115
12 0.000774 2 81 12
15 0.000774 3 0 PTP 81 81_1_-112_1046
13 0.000774 2 81
12 0.000774 2 40 8
15 0.000774 3 0 PTP 40 40_1_-778_1047
12 0.000774 2 113 12
15 0.000774 3 0 PTP 113 113_1_-112_1048
13 0.000774 2 113
12 0.000774 2 27 12
15 0.000774 3 0 PTP 27 27_1_-112_1049
12 0.000774 2 58 12
15 0.000774 3 0 PTP 58 58_1_-112_1050
13 0.000774 2 27
13 0.000774 2 58
12 0.000774 2 67 8
15 0.000774 3 0 PTP 67 67_1_-778_1051
12 0.000774 2 44 12
15 0.000774 3 0 PTP 44 44_1_-112_1052
13 0.000774 2 44
12 0.000774 2 83 12
15 0.000774 3 0 PTP 83 83_1_-112_1053
13 0.000774 2 83
12 0.000774 2 22 8
15 0.000774 3 0 PTP 22 22_1_-778_1054
12 0.000774 2 12 12
15 0.000774 3 0 PTP 12 12_1_-112_1055
13 0.000774 2 12
12 0.000774 2 89 8
15 0.000774 3 0 PTP 89 89_1_-778_1056
12 0.000774 2 104 12
15 0.000774 3 0 PTP 104 104_1_-112_1057
13 0.000774 2 104
12 0.000774 2 30 12
15 0.000774 3 0 PTP 30 30_1_-112_1058
13 0.000774 2 30
12 0.000774 2 42 12
15 0.000774 3 0 PTP 42 42_1_-112_1059
13 0.000774 2 42
12 0.000774 2 66 12
15 0.000774 3 0 PTP 66 66_1_-112_1060
13 0.000774 2 66
12 0.000774 2 62 12
15 0.000774 3 0 PTP 62 62_1_-112_1061
13 0.000774 2 62
12 0.000774 2 114 8
15 0.000774 3 0 PTP 114 114_1_-778_1062
12 0.000775 2 81 12
15 0.000775 3 0 PTP 81 81_1_-112_1063
13 0.000775 2 81
12 0.000775 2 101 12
15 0.000775 3 0 PTP 101 101_1_-112_1064
13 0.000775 2 101
12 0.000775 2 113 8
15 0.000775 3 0 PTP 113 113_1_-778_1065
12 0.000775 2 10 12
15 0.000775 3 0 PTP 10 10_1_-112_1066
13 0.000775 2 10
12 0.000775 2 58 8
15 0.000775 3 0 PTP 58 58_1_-778_1067
12 0.000775 2 97 8
15 0.000775 3 0 PTP 97 97_1_-778_1068
12 0.000775 2 56 8
15 0.000775 3 0 PTP 56 56_1_-778_1069
12 0.000775 2 12 12
15 0.000775 3 0 PTP 12 12_1_-112_1070
13 0.000775 2 12
12 0.000775 2 29 12
15 0.000775 3 0 PTP 29 29_1_-112_1071
13 0.000775 2 29
12 0.000775 2 121 8
15 0.000775 3 0 PTP 121 121_1_-778_1072
12 0.000775 2 115 8
15 0.000775 3 0 PTP 115 115_1_-778_1073
12 0.000776 2 101 12
15 0.000776 3 0 PTP 101 101_1_-112_1074
13 0.000776 2 101
12 0.000776 2 44 12
15 0.000776 3 0 PTP 44 44_1_-112_1075
13 0.000776 2 44
12 0.000776 2 83 12
15 0.000776 3 0 PTP 83 83_1_-112_1076
13 0.000776 2 83
12 0.000776 2 104 12
15 0.000776 3 0 PTP 104 104_1_-112_1077
13 0.000776 2 104
12 0.000776 2 30 12
15 0.000776 3 0 PTP 30 30_1_-112_1078
13 0.000776 2 30
12 0.000776 2 42 8
15 0.000776 3 0 PTP 42 42_1_-778_1079
12 0.000776 2 66 12
15 0.000776 3 0 PTP 66 66_1_-112_1080
13 0.000776 2 66
12 0.000776 2 62 8
15 0.000776 3 0 PTP 62 62_1_-778_1081
12 0.000776 2 50 12
15 0.000776 3 0 PTP 50 50_1_-112_1082
13 0.000776 2 50
12 0.000777 2 10 12
15 0.000777 3 0 PTP 10 10_1_-112_1083
13 0.000777 2 10
12 0.000777 2 27 8
15 0.000777 3 0 PTP 27 27_1_-778_1084
12 0.000777 2 44 8
15 0.000777 3 0 PTP 44 44_1_-778_1085
12 0.000777 2 83 8
15 0.000777 3 0 PTP 83 83_1_-778_1086
12 0.000777 2 12 8
15 0.000777 3 0 PTP 12 12_1_-778_1087
12 0.000777 2 29 12
15 0.000777 3 0 PTP 29 29_1_-112_1088
13 0.000777 2 29
12 0.000777 2 66 8
15 0.000777 3 0 PTP 66 66_1_-778_1089
12 0.000778 2 81 8
15 0.000778 3 0 PTP 81 81_1_-778_1090
12 0.000778 2 101 8
15 0.000778 3 0 PTP 101 101_1_-778_1091
12 0.000778 2 104 8
15 0.000778 3 0 PTP 104 104_1_-778_1092
12 0.000778 2 30 8
15 0.000778 3 0 PTP 30 30_1_-778_1093
12 0.000779 2 10 8
15 0.000779 3 0 PTP 10 10_1_-778_1094
12 0.000779 2 29 8
15 0.000779 3 0 PTP 29 29_1_-778_1095
12 0.000779 2 50 8
15 0.000779 3 0 PTP 50 50_1_-778_1096
12 0.000780 2 119 12
15 0.000780 3 0 PTP 119 119_1_-112_1097
13 0.000780 2 119
12 0.000781 2 119 12
15 0.000781 3 0 PTP 119 119_1_-112_1098
13 0.000781 2 119
12 0.000781 2 86 12
15 0.000781 3 0 PTP 86 86_1_-112_1099
13 0.000781 2 86
12 0.000782 2 119 8
15 0.000782 3 0 PTP 119 119_1_-778_1100
12 0.000783 2 86 12
15 0.000783 3 0 PTP 86 86_1_-112_1101
13 0.000783 2 86
12 0.000785 2 86 8
15 0.000785 3 0 PTP 86 86_1_-778_1102
12 0.000794 2 1 11
13 0.000794 2 1
12 0.000795 2 110 12
15 0.000795 3 0 PTP 110 110_1_-112_1103
13 0.000795 2 110
12 0.000797 2 110 12
15 0.000797 3 0 PTP 110 110_1_-112_1104
13 0.000797 2 110
12 0.000798 2 110 8
15 0.000798 3 0 PTP 110 110_1_-778_1105
12 0.000801 2 1 12
16 0.000801 3 0 PTP 1 2_1_-112_813
16 0.000801 3 0 PTP 1 17_1_-112_708
16 0.000802 3 0 PTP 1 33_1_-112_791
16 0.000802 3 0 PTP 1 3_1_-112_745
16 0.000802 3 0 PTP 1 18_1_-112_769
16 0.000802 3 0 PTP 1 49_1_-112_787
16 0.000802 3 0 PTP 1 19_1_-112_738
16 0.000802 3 0 PTP 1 34_1_-112_881
16 0.000802 3 0 PTP 1 65_1_-112_757
16 0.000802 3 0 PTP 1 5_1_-112_815
16 0.000802 3 0 PTP 1 20_1_-112_929
16 0.000802 3 0 PTP 1 35_1_-112_798
16 0.000802 3 0 PTP 1 50_1_-112_1044
16 0.000802 3 0 PTP 1 81_1_-112_1046
16 0.000802 3 0 PTP 1 6_1_-112_706
16 0.000802 3 0 PTP 1 21_1_-112_733
16 0.000802 3 0 PTP 1 36_1_-112_958
16 0.000802 3 0 PTP 1 51_1_-112_716
16 0.000802 3 0 PTP 1 66_1_-112_1060
16 0.000802 3 0 PTP 1 97_1_-112_1000
16 0.000802 3 0 PTP 1 22_1_-112_976
16 0.000802 3 0 PTP 1 37_1_-112_707
16 0.000802 3 0 PTP 1 52_1_-112_933
16 0.000802 3 0 PTP 1 67_1_-112_972
16 0.000802 3 0 PTP 1 82_1_-112_920
16 0.000803 3 0 PTP 1 113_1_-112_1017
16 0.000803 3 0 PTP 1 8_1_-112_732
16 0.000803 3 0 PTP 1 23_1_-112_661
16 0.000803 3 0 PTP 1 38_1_-112_717
16 0.000803 3 0 PTP 1 53_1_-112_837
16 0.000803 3 0 PTP 1 68_1_-112_709
16 0.000803 3 0 PTP 1 83_1_-112_1053
16 0.000803 3 0 PTP 1 98_1_-112_940
16 0.000803 3 0 PTP 1 24_1_-112_862
16 0.000803 3 0 PTP 1 39_1_-112_683
16 0.000803 3 0 PTP 1 54_1_-112_843
16 0.000803 3 0 PTP 1 69_1_-112_942
16 0.000803 3 0 PTP 1 84_1_-112_883
16 0.000803 3 0 PTP 1 99_1_-112_981
16 0.000803 3 0 PTP 1 114_1_-112_993
16 0.000803 3 0 PTP 1 10_1_-112_1066
16 0.000803 3 0 PTP 1 25_1_-112_796
16 0.000803 3 0 PTP 1 40_1_-112_953
16 0.000803 3 0 PTP 1 55_1_-112_828
16 0.000803 3 0 PTP 1 70_1_-112_824
16 0.000803 3 0 PTP 1 85_1_-112_866
16 0.000803 3 0 PTP 1 100_1_-112_900
16 0.000803 3 0 PTP 1 115_1_-112_994
16 0.000803 3 0 PTP 1 11_1_-112_770
16 0.000803 3 0 PTP 1 26_1_-112_739
16 0.000803 3 0 PTP 1 41_1_-112_965
16 0.000803 3 0 PTP 1 56_1_-112_1006
16 0.000803 3 0 PTP 1 71_1_-112_892
16 0.000803 3 0 PTP 1 86_1_-112_1099
16 0.000803 3 0 PTP 1 101_1_-112_1064
16 0.000803 3 0 PTP 1 116_1_-112_968
16 0.000803 3 0 PTP 1 12_1_-112_1055
16 0.000803 3 0 PTP 1 27_1_-112_997
16 0.000803 3 0 PTP 1 42_1_-112_1038
16 0.000803 3 0 PTP 1 57_1_-112_890
16 0.000803 3 0 PTP 1 87_1_-112_678
16 0.000803 3 0 PTP 1 102_1_-112_911
16 0.000803 3 0 PTP 1 117_1_-112_930
16 0.000804 3 0 PTP 1 13_1_-112_786
16 0.000804 3 0 PTP 1 28_1_-112_725
16 0.000804 3 0 PTP 1 43_1_-112_896
16 0.000804 3 0 PTP 1 58_1_-112_1018
16 0.000804 3 0 PTP 1 73_1_-112_991
16 0.000804 3 0 PTP 1 88_1_-112_885
16 0.000804 3 0 PTP 1 103_1_-112_803
16 0.000804 3 0 PTP 1 118_1_-112_891
16 0.000804 3 0 PTP 1 14_1_-112_874
16 0.000804 3 0 PTP 1 29_1_-112_1071
16 0.000804 3 0 PTP 1 44_1_-112_1052
16 0.000804 3 0 PTP 1 59_1_-112_913
16 0.000804 3 0 PTP 1 74_1_-112_677
16 0.000804 3 0 PTP 1 89_1_-112_1007
16 0.000804 3 0 PTP 1 104_1_-112_1057
16 0.000804 3 0 PTP 1 119_1_-112_1097
16 0.000804 3 0 PTP 1 15_1_-112_947
16 0.000804 3 0 PTP 1 30_1_-112_1058
16 0.000804 3 0 PTP 1 45_1_-112_751
16 0.000804 3 0 PTP 1 60_1_-112_727
16 0.000804 3 0 PTP 1 90_1_-112_726
16 0.000804 3 0 PTP 1 105_1_-112_949
16 0.000804 3 0 PTP 1 120_1_-112_926
16 0.000804 3 0 PTP 1 16_1_-112_802
16 0.000804 3 0 PTP 1 31_1_-112_817
16 0.000804 3 0 PTP 1 61_1_-112_790
16 0.000804 3 0 PTP 1 76_1_-112_852
16 0.000804 3 0 PTP 1 91_1_-112_753
16 0.000804 3 0 PTP 1 106_1_-112_819
16 0.000804 3 0 PTP 1 121_1_-112_1010
16 0.000804 3 0 PTP 1 32_1_-112_904
16 0.000804 3 0 PTP 1 47_1_-112_849
16 0.000804 3 0 PTP 1 62_1_-112_1032
16 0.000804 3 0 PTP 1 77_1_-112_666
16 0.000804 3 0 PTP 1 92_1_-112_838
16 0.000804 3 0 PTP 1 107_1_-112_755
16 0.000804 3 0 PTP 1 122_1_-112_811
16 0.000805 3 0 PTP 1 48_1_-112_774
16 0.000805 3 0 PTP 1 63_1_-112_868
16 0.000805 3 0 PTP 1 78_1_-112_901
16 0.000805 3 0 PTP 1 93_1_-112_816
16 0.000805 3 0 PTP 1 123_1_-112_944
16 0.000805 3 0 PTP 1 64_1_-112_879
16 0.000805 3 0 PTP 1 79_1_-112_820
16 0.000805 3 0 PTP 1 109_1_-112_812
16 0.000805 3 0 PTP 1 124_1_-112_924
16 0.000805 3 0 PTP 1 80_1_-112_946
16 0.000805 3 0 PTP 1 95_1_-112_823
16 0.000805 3 0 PTP 1 110_1_-112_1103
16 0.000805 3 0 PTP 1 125_1_-112_931
16 0.000805 3 0 PTP 1 96_1_-112_943
16 0.000805 3 0 PTP 1 111_1_-112_695
16 0.000805 3 0 PTP 1 126_1_-112_985
16 0.000805 3 0 PTP 1 112_1_-112_629
16 0.000805 3 0 PTP 1 127_1_-112_728
16 0.000806 3 0 PTP 1 128_1_-112_773
12 0.000819 2 4 9
16 0.000822 3 0 PTP 4 96_4_0_630
13 0.000822 2 4
12 0.000825 2 4 10
15 0.000825 3 0 PTP 4 4_94_0_1106
15 0.000825 3 0 PTP 4 4_94_0_1107
13 0.000825 2 4
12 0.000826 2 4 10
15 0.000826 3 0 PTP 4 4_108_0_1108
15 0.000826 3 0 PTP 4 4_108_0_1109
13 0.000826 2 4
12 0.000827 2 4 10
15 0.000827 3 0 PTP 4 4_46_0_1110
15 0.000827 3 0 PTP 4 4_46_0_1111
13 0.000827 2 4
16 0.000828 3 0 PTP 94 4_94_0_1106
13 0.000828 2 94
16 0.000829 3 0 PTP 108 4_108_0_1108
13 0.000829 2 108
12 0.000829 2 4 11
13 0.000829 2 4
16 0.000829 3 0 PTP 46 4_46_0_1110
13 0.000829 2 46
12 0.000831 2 108 10
15 0.000831 3 0 PTP 108 108_72_0_1112
15 0.000831 3 0 PTP 108 108_72_0_1113
13 0.000831 2 108
12 0.000831 2 94 10
15 0.000831 3 0 PTP 94 94_7_0_1114
15 0.000831 3 0 PTP 94 94_7_0_1115
13 0.000831 2 94
16 0.000832 3 0 PTP 72 108_72_0_1112
13 0.000832 2 72
12 0.000833 2 108 11
13 0.000833 2 108
16 0.000833 3 0 PTP 7 94_7_0_1114
13 0.000833 2 7
12 0.000834 2 94 10
15 0.000834 3 0 PTP 94 94_9_0_1116
15 0.000834 3 0 PTP 94 94_9_0_1117
13 0.000834 2 94
12 0.000834 2 4 12
15 0.000834 3 0 PTP 4 4_1_-112_1118
13 0.000834 2 4
16 0.000835 3 0 PTP 1 4_1_-112_1118
12 0.000835 2 7 10
15 0.000835 3 0 PTP 7 7_75_0_1119
15 0.000835 3 0 PTP 7 7_75_0_1120
13 0.000835 2 7
12 0.000835 2 46 12
15 0.000835 3 0 PTP 46 46_1_-112_1121
13 0.000835 2 46
16 0.000836 3 0 PTP 9 94_9_0_1116
13 0.000836 2 9
12 0.000836 2 4 12
15 0.000836 3 0 PTP 4 4_1_-112_1122
13 0.000836 2 4
16 0.000837 3 0 PTP 75 7_75_0_1119
13 0.000837 2 75
12 0.000837 2 94 11
13 0.000837 2 94
12 0.000837 2 72 12
15 0.000837 3 0 PTP 72 72_1_-112_1123
13 0.000837 2 72
12 0.000837 2 7 11
13 0.000837 2 7
12 0.000837 2 46 12
15 0.000837 3 0 PTP 46 46_1_-112_1124
13 0.000837 2 46
12 0.000838 2 108 12
15 0.000838 3 0 PTP 108 108_1_-112_1125
13 0.000838 2 108
12 0.000838 2 4 8
15 0.000838 3 0 PTP 4 4_1_-778_1126
12 0.000838 2 46 8
15 0.000838 3 0 PTP 46 46_1_-778_1127
16 0.000838 3 0 PTP 1 46_1_-112_1121
16 0.000839 3 0 PTP 1 72_1_-112_1123
12 0.000840 2 108 12
15 0.000840 3 0 PTP 108 108_1_-112_1128
13 0.000840 2 108
12 0.000840 2 72 12
15 0.000840 3 0 PTP 72 72_1_-112_1129
13 0.000840 2 72
12 0.000841 2 108 8
15 0.000841 3 0 PTP 108 108_1_-778_1130
16 0.000841 3 0 PTP 1 108_1_-112_1125
12 0.000842 2 94 12
15 0.000842 3 0 PTP 94 94_1_-112_1131
13 0.000842 2 94
12 0.000843 2 9 12
15 0.000843 3 0 PTP 9 9_1_-112_1132
13 0.000843 2 9
12 0.000843 2 72 8
15 0.000843 3 0 PTP 72 72_1_-778_1133
12 0.000843 2 7 12
15 0.000843 3 0 PTP 7 7_1_-112_1134
13 0.000843 2 7
12 0.000844 2 9 12
15 0.000844 3 0 PTP 9 9_1_-112_1135
13 0.000844 2 9
12 0.000844 2 94 12
15 0.000844 3 0 PTP 94 94_1_-112_1136
13 0.000844 2 94
16 0.000845 3 0 PTP 1 7_1_-112_1134
16 0.000845 3 0 PTP 1 9_1_-112_1132
12 0.000845 2 75 12
15 0.000845 3 0 PTP 75 75_1_-112_1137
13 0.000845 2 75
12 0.000845 2 7 12
15 0.000845 3 0 PTP 7 7_1_-112_1138
13 0.000845 2 7
16 0.000846 3 0 PTP 1 94_1_-112_1131
12 0.000846 2 9 8
15 0.000846 3 0 PTP 9 9_1_-778_1139
12 0.000846 2 94 8
15 0.000846 3 0 PTP 94 94_1_-778_1140
12 0.000847 2 75 12
15 0.000847 3 0 PTP 75 75_1_-112_1141
13 0.000847 2 75
12 0.000847 2 7 8
15 0.000847 3 0 PTP 7 7_1_-778_1142
16 0.000848 3 0 PTP 1 75_1_-112_1137
13 0.000848 2 1
12 0.000849 2 75 8
15 0.000849 3 0 PTP 75 75_1_-778_1143
12 0.000851 2 1 12
16 0.000851 3 0 PTP 1 2_1_-112_895
16 0.000851 3 0 PTP 1 17_1_-112_754
16 0.000851 3 0 PTP 1 33_1_-112_850
16 0.000851 3 0 PTP 1 3_1_-112_792
16 0.000851 3 0 PTP 1 18_1_-112_805
16 0.000851 3 0 PTP 1 49_1_-112_845
16 0.000851 3 0 PTP 1 4_1_-112_1122
16 0.000851 3 0 PTP 1 19_1_-112_788
16 0.000851 3 0 PTP 1 34_1_-112_964
16 0.000852 3 0 PTP 1 65_1_-112_793
16 0.000852 3 0 PTP 1 5_1_-112_865
16 0.000852 3 0 PTP 1 20_1_-112_978
16 0.000852 3 0 PTP 1 35_1_-112_827
16 0.000852 3 0 PTP 1 50_1_-112_1082
16 0.000852 3 0 PTP 1 81_1_-112_1063
16 0.000852 3 0 PTP 1 6_1_-112_771
16 0.000852 3 0 PTP 1 21_1_-112_772
16 0.000852 3 0 PTP 1 36_1_-112_975
16 0.000852 3 0 PTP 1 51_1_-112_758
16 0.000852 3 0 PTP 1 66_1_-112_1080
16 0.000852 3 0 PTP 1 97_1_-112_1035
16 0.000852 3 0 PTP 1 7_1_-112_1138
16 0.000852 3 0 PTP 1 22_1_-112_1002
16 0.000852 3 0 PTP 1 37_1_-112_734
16 0.000852 3 0 PTP 1 52_1_-112_982
16 0.000852 3 0 PTP 1 67_1_-112_1019
16 0.000852 3 0 PTP 1 82_1_-112_973
16 0.000852 3 0 PTP 1 113_1_-112_1048
16 0.000852 3 0 PTP 1 8_1_-112_806
16 0.000852 3 0 PTP 1 23_1_-112_694
16 0.000852 3 0 PTP 1 38_1_-112_759
16 0.000852 3 0 PTP 1 53_1_-112_861
16 0.000852 3 0 PTP 1 68_1_-112_735
16 0.000852 3 0 PTP 1 83_1_-112_1076
16 0.000852 3 0 PTP 1 98_1_-112_984
16 0.000852 3 0 PTP 1 9_1_-112_1135
16 0.000852 3 0 PTP 1 24_1_-112_914
16 0.000852 3 0 PTP 1 39_1_-112_718
16 0.000852 3 0 PTP 1 54_1_-112_897
16 0.000852 3 0 PTP 1 69_1_-112_967
16 0.000852 3 0 PTP 1 84_1_-112_941
16 0.000852 3 0 PTP 1 99_1_-112_1008
16 0.000852 3 0 PTP 1 114_1_-112_1034
16 0.000853 3 0 PTP 1 10_1_-112_1083
16 0.000853 3 0 PTP 1 25_1_-112_853
16 0.000853 3 0 PTP 1 40_1_-112_1016
16 0.000853 3 0 PTP 1 55_1_-112_884
16 0.000853 3 0 PTP 1 70_1_-112_851
16 0.000853 3 0 PTP 1 85_1_-112_921
16 0.000853 3 0 PTP 1 100_1_-112_959
16 0.000853 3 0 PTP 1 115_1_-112_1045
16 0.000853 3 0 PTP 1 11_1_-112_832
16 0.000853 3 0 PTP 1 26_1_-112_789
16 0.000853 3 0 PTP 1 41_1_-112_1011
16 0.000853 3 0 PTP 1 56_1_-112_1036
16 0.000853 3 0 PTP 1 71_1_-112_917
16 0.000853 3 0 PTP 1 86_1_-112_1101
16 0.000853 3 0 PTP 1 101_1_-112_1074
16 0.000853 3 0 PTP 1 116_1_-112_988
16 0.000853 3 0 PTP 1 12_1_-112_1070
16 0.000853 3 0 PTP 1 27_1_-112_1049
16 0.000853 3 0 PTP 1 42_1_-112_1059
16 0.000853 3 0 PTP 1 57_1_-112_950
16 0.000853 3 0 PTP 1 72_1_-112_1129
16 0.000853 3 0 PTP 1 87_1_-112_715
16 0.000853 3 0 PTP 1 102_1_-112_969
16 0.000853 3 0 PTP 1 117_1_-112_979
16 0.000853 3 0 PTP 1 13_1_-112_844
16 0.000853 3 0 PTP 1 28_1_-112_763
16 0.000853 3 0 PTP 1 43_1_-112_922
16 0.000853 3 0 PTP 1 58_1_-112_1050
16 0.000853 3 0 PTP 1 73_1_-112_1033
16 0.000853 3 0 PTP 1 88_1_-112_909
16 0.000853 3 0 PTP 1 103_1_-112_856
16 0.000853 3 0 PTP 1 118_1_-112_952
16 0.000853 3 0 PTP 1 14_1_-112_902
16 0.000853 3 0 PTP 1 29_1_-112_1088
16 0.000853 3 0 PTP 1 44_1_-112_1075
16 0.000853 3 0 PTP 1 59_1_-112_948
16 0.000853 3 0 PTP 1 74_1_-112_714
16 0.000853 3 0 PTP 1 89_1_-112_1037
16 0.000853 3 0 PTP 1 104_1_-112_1077
16 0.000853 3 0 PTP 1 119_1_-112_1098
16 0.000854 3 0 PTP 1 15_1_-112_970
16 0.000854 3 0 PTP 1 30_1_-112_1078
16 0.000854 3 0 PTP 1 45_1_-112_804
16 0.000854 3 0 PTP 1 60_1_-112_765
16 0.000854 3 0 PTP 1 75_1_-112_1141
16 0.000854 3 0 PTP 1 90_1_-112_764
16 0.000854 3 0 PTP 1 105_1_-112_995
16 0.000854 3 0 PTP 1 120_1_-112_977
16 0.000854 3 0 PTP 1 16_1_-112_829
16 0.000854 3 0 PTP 1 31_1_-112_869
16 0.000854 3 0 PTP 1 46_1_-112_1124
16 0.000854 3 0 PTP 1 61_1_-112_848
16 0.000854 3 0 PTP 1 76_1_-112_880
16 0.000854 3 0 PTP 1 91_1_-112_839
16 0.000854 3 0 PTP 1 106_1_-112_872
16 0.000854 3 0 PTP 1 121_1_-112_1039
16 0.000854 3 0 PTP 1 32_1_-112_962
16 0.000854 3 0 PTP 1 47_1_-112_928
16 0.000854 3 0 PTP 1 62_1_-112_1061
16 0.000854 3 0 PTP 1 77_1_-112_689
16 0.000854 3 0 PTP 1 92_1_-112_893
16 0.000854 3 0 PTP 1 107_1_-112_818
16 0.000854 3 0 PTP 1 122_1_-112_863
16 0.000854 3 0 PTP 1 48_1_-112_834
16 0.000854 3 0 PTP 1 63_1_-112_923
16 0.000854 3 0 PTP 1 78_1_-112_960
16 0.000854 3 0 PTP 1 93_1_-112_842
16 0.000854 3 0 PTP 1 108_1_-112_1128
16 0.000854 3 0 PTP 1 123_1_-112_989
16 0.000854 3 0 PTP 1 64_1_-112_934
16 0.000854 3 0 PTP 1 79_1_-112_873
16 0.000854 3 0 PTP 1 94_1_-112_1136
16 0.000854 3 0 PTP 1 109_1_-112_864
16 0.000854 3 0 PTP 1 124_1_-112_974
16 0.000855 3 0 PTP 1 80_1_-112_1012
16 0.000855 3 0 PTP 1 95_1_-112_878
16 0.000855 3 0 PTP 1 110_1_-112_1104
16 0.000855 3 0 PTP 1 125_1_-112_980
16 0.000855 3 0 PTP 1 96_1_-112_987
16 0.000855 3 0 PTP 1 111_1_-112_748
16 0.000855 3 0 PTP 1 126_1_-112_1028
16 0.000855 3 0 PTP 1 112_1_-112_646
16 0.000855 3 0 PTP 1 127_1_-112_766
16 0.000855 3 0 PTP 1 128_1_-112_833
13 0.000855 2 1
12 0.000860 2 1 8
16 0.000860 3 0 PTP 1 2_1_-778_918
16 0.000860 3 0 PTP 1 17_1_-778_814
16 0.000861 3 0 PTP 1 33_1_-778_903
16 0.000861 3 0 PTP 1 3_1_-778_821
16 0.000861 3 0 PTP 1 18_1_-778_831
16 0.000861 3 0 PTP 1 49_1_-778_871
16 0.000861 3 0 PTP 1 4_1_-778_1126
16 0.000861 3 0 PTP 1 19_1_-778_846
16 0.000861 3 0 PTP 1 34_1_-778_983
16 0.000861 3 0 PTP 1 65_1_-778_822
16 0.000861 3 0 PTP 1 5_1_-778_919
16 0.000861 3 0 PTP 1 20_1_-778_1022
16 0.000861 3 0 PTP 1 35_1_-778_882
16 0.000861 3 0 PTP 1 50_1_-778_1096
16 0.000861 3 0 PTP 1 81_1_-778_1090
16 0.000861 3 0 PTP 1 6_1_-778_807
16 0.000861 3 0 PTP 1 21_1_-778_808
16 0.000861 3 0 PTP 1 36_1_-778_1021
16 0.000861 3 0 PTP 1 51_1_-778_794
16 0.000861 3 0 PTP 1 66_1_-778_1089
16 0.000861 3 0 PTP 1 97_1_-778_1068
16 0.000861 3 0 PTP 1 7_1_-778_1142
16 0.000861 3 0 PTP 1 22_1_-778_1054
16 0.000861 3 0 PTP 1 37_1_-778_752
16 0.000861 3 0 PTP 1 52_1_-778_1026
16 0.000861 3 0 PTP 1 67_1_-778_1051
16 0.000861 3 0 PTP 1 82_1_-778_998
16 0.000862 3 0 PTP 1 113_1_-778_1065
16 0.000862 3 0 PTP 1 8_1_-778_857
16 0.000862 3 0 PTP 1 23_1_-778_746
16 0.000862 3 0 PTP 1 38_1_-778_795
16 0.000862 3 0 PTP 1 53_1_-778_889
16 0.000862 3 0 PTP 1 68_1_-778_779
16 0.000862 3 0 PTP 1 83_1_-778_1086
16 0.000862 3 0 PTP 1 98_1_-778_1027
16 0.000862 3 0 PTP 1 9_1_-778_1139
16 0.000862 3 0 PTP 1 24_1_-778_951
16 0.000862 3 0 PTP 1 39_1_-778_747
16 0.000862 3 0 PTP 1 54_1_-778_956
16 0.000862 3 0 PTP 1 69_1_-778_986
16 0.000862 3 0 PTP 1 84_1_-778_966
16 0.000862 3 0 PTP 1 99_1_-778_1025
16 0.000862 3 0 PTP 1 114_1_-778_1062
16 0.000862 3 0 PTP 1 10_1_-778_1094
16 0.000862 3 0 PTP 1 25_1_-778_906
16 0.000862 3 0 PTP 1 40_1_-778_1047
16 0.000862 3 0 PTP 1 55_1_-778_907
16 0.000862 3 0 PTP 1 70_1_-778_905
16 0.000862 3 0 PTP 1 85_1_-778_999
16 0.000862 3 0 PTP 1 100_1_-778_1001
16 0.000862 3 0 PTP 1 115_1_-778_1073
16 0.000862 3 0 PTP 1 11_1_-778_912
16 0.000862 3 0 PTP 1 26_1_-778_847
16 0.000862 3 0 PTP 1 41_1_-778_1040
16 0.000862 3 0 PTP 1 56_1_-778_1069
16 0.000862 3 0 PTP 1 71_1_-778_971
16 0.000862 3 0 PTP 1 86_1_-778_1102
16 0.000862 3 0 PTP 1 101_1_-778_1091
16 0.000862 3 0 PTP 1 116_1_-778_1029
16 0.000862 3 0 PTP 1 12_1_-778_1087
16 0.000862 3 0 PTP 1 27_1_-778_1084
16 0.000862 3 0 PTP 1 42_1_-778_1079
16 0.000862 3 0 PTP 1 57_1_-778_996
16 0.000862 3 0 PTP 1 72_1_-778_1133
16 0.000862 3 0 PTP 1 87_1_-778_740
16 0.000862 3 0 PTP 1 102_1_-778_990
16 0.000862 3 0 PTP 1 117_1_-778_1023
16 0.000863 3 0 PTP 1 13_1_-778_898
16 0.000863 3 0 PTP 1 28_1_-778_825
16 0.000863 3 0 PTP 1 43_1_-778_955
16 0.000863 3 0 PTP 1 58_1_-778_1067
16 0.000863 3 0 PTP 1 73_1_-778_1043
16 0.000863 3 0 PTP 1 88_1_-778_945
16 0.000863 3 0 PTP 1 103_1_-778_910
16 0.000863 3 0 PTP 1 118_1_-778_1015
16 0.000863 3 0 PTP 1 14_1_-778_961
16 0.000863 3 0 PTP 1 29_1_-778_1095
16 0.000863 3 0 PTP 1 44_1_-778_1085
16 0.000863 3 0 PTP 1 59_1_-778_992
16 0.000863 3 0 PTP 1 74_1_-778_756
16 0.000863 3 0 PTP 1 89_1_-778_1056
16 0.000863 3 0 PTP 1 104_1_-778_1092
16 0.000863 3 0 PTP 1 119_1_-778_1100
16 0.000863 3 0 PTP 1 15_1_-778_1013
16 0.000863 3 0 PTP 1 30_1_-778_1093
16 0.000863 3 0 PTP 1 45_1_-778_830
16 0.000863 3 0 PTP 1 60_1_-778_797
16 0.000863 3 0 PTP 1 75_1_-778_1143
16 0.000863 3 0 PTP 1 90_1_-778_826
16 0.000863 3 0 PTP 1 105_1_-778_1014
16 0.000863 3 0 PTP 1 120_1_-778_1003
16 0.000863 3 0 PTP 1 16_1_-778_908
16 0.000863 3 0 PTP 1 31_1_-778_925
16 0.000863 3 0 PTP 1 46_1_-778_1127
16 0.000863 3 0 PTP 1 61_1_-778_875
16 0.000863 3 0 PTP 1 76_1_-778_935
16 0.000863 3 0 PTP 1 91_1_-778_894
16 0.000863 3 0 PTP 1 106_1_-778_899
16 0.000863 3 0 PTP 1 121_1_-778_1072
16 0.000863 3 0 PTP 1 32_1_-778_1009
16 0.000863 3 0 PTP 1 47_1_-778_1005
16 0.000863 3 0 PTP 1 62_1_-778_1081
16 0.000863 3 0 PTP 1 77_1_-778_729
16 0.000863 3 0 PTP 1 92_1_-778_954
16 0.000863 3 0 PTP 1 107_1_-778_870
16 0.000863 3 0 PTP 1 122_1_-778_915
16 0.000864 3 0 PTP 1 48_1_-778_860
16 0.000864 3 0 PTP 1 63_1_-778_957
16 0.000864 3 0 PTP 1 78_1_-778_1004
16 0.000864 3 0 PTP 1 93_1_-778_867
16 0.000864 3 0 PTP 1 108_1_-778_1130
16 0.000864 3 0 PTP 1 123_1_-778_1030
16 0.000864 3 0 PTP 1 64_1_-778_963
16 0.000864 3 0 PTP 1 79_1_-778_927
16 0.000864 3 0 PTP 1 94_1_-778_1140
16 0.000864 3 0 PTP 1 109_1_-778_916
16 0.000864 3 0 PTP 1 124_1_-778_1020
16 0.000864 3 0 PTP 1 80_1_-778_1031
16 0.000864 3 0 PTP 1 95_1_-778_932
16 0.000864 3 0 PTP 1 110_1_-778_1105
16 0.000864 3 0 PTP 1 125_1_-778_1024
16 0.000864 3 0 PTP 1 96_1_-778_1042
16 0.000864 3 0 PTP 1 111_1_-778_760
16 0.000864 3 0 PTP 1 126_1_-778_1041
16 0.000864 3 0 PTP 1 112_1_-778_688
16 0.000864 3 0 PTP 1 127_1_-778_799
16 0.000865 3 0 PTP 1 128_1_-778_886
15 0.000865 3 0 PTP 1 1_2_-778_1144
15 0.000865 3 0 PTP 1 1_3_-778_1145
15 0.000865 3 0 PTP 1 1_4_-778_1146
15 0.000865 3 0 PTP 1 1_5_-778_1147
15 0.000865 3 0 PTP 1 1_6_-778_1148
15 0.000865 3 0 PTP 1 1_7_-778_1149
15 0.000865 3 0 PTP 1 1_8_-778_1150
15 0.000865 3 0 PTP 1 1_9_-778_1151
15 0.000865 3 0 PTP 1 1_10_-778_1152
15 0.000865 3 0 PTP 1 1_11_-778_1153
15 0.000865 3 0 PTP 1 1_12_-778_1154
15 0.000865 3 0 PTP 1 1_13_-778_1155
15 0.000865 3 0 PTP 1 1_14_-778_1156
15 0.000865 3 0 PTP 1 1_15_-778_1157
15 0.000865 3 0 PTP 1 1_16_-778_1158
15 0.000865 3 0 PTP 1 1_17_-778_1159
15 0.000865 3 0 PTP 1 1_18_-778_1160
15 0.000865 3 0 PTP 1 1_19_-778_1161
15 0.000865 3 0 PTP 1 1_20_-778_1162
15 0.000865 3 0 PTP 1 1_21_-778_1163
15 0.000865 3 0 PTP 1 1_22_-778_1164
15 0.000865 3 0 PTP 1 1_23_-778_1165
15 0.000865 3 0 PTP 1 1_24_-778_1166
15 0.000865 3 0 PTP 1 1_25_-778_1167
15 0.000865 3 0 PTP 1 1_26_-778_1168
15 0.000865 3 0 PTP 1 1_27_-778_1169
15 0.000865 3 0 PTP 1 1_28_-778_1170
15 0.000865 3 0 PTP 1 1_29_-778_1171
15 0.000865 3 0 PTP 1 1_30_-778_1172
15 0.000865 3 0 PTP 1 1_31_-778_1173
15 0.000865 3 0 PTP 1 1_32_-778_1174
15 0.000865 3 0 PTP 1 1_33_-778_1175
15 0.000865 3 0 PTP 1 1_34_-778_1176
15 0.000865 3 0 PTP 1 1_35_-778_1177
15 0.000865 3 0 PTP 1 1_36_-778_1178
15 0.000865 3 0 PTP 1 1_37_-778_1179
15 0.000865 3 0 PTP 1 1_38_-778_1180
15 0.000865 3 0 PTP 1 1_39_-778_1181
15 0.000865 3 0 PTP 1 1_40_-778_1182
15 0.000865 3 0 PTP 1 1_41_-778_1183
15 0.000865 3 0 PTP 1 1_42_-778_1184
15 0.000865 3 0 PTP 1 1_43_-778_1185
15 0.000865 3 0 PTP 1 1_44_-778_1186
15 0.000865 3 0 PTP 1 1_45_-778_1187
15 0.000865 3 0 PTP 1 1_46_-778_1188
15 0.000865 3 0 PTP 1 1_47_-778_1189
15 0.000865 3 0 PTP 1 1_48_-778_1190
15 0.000865 3 0 PTP 1 1_49_-778_1191
15 0.000865 3 0 PTP 1 1_50_-778_1192
15 0.000865 3 0 PTP 1 1_51_-778_1193
15 0.000865 3 0 PTP 1 1_52_-778_1194
15 0.000865 3 0 PTP 1 1_53_-778_1195
15 0.000865 3 0 PTP 1 1_54_-778_1196
15 0.000865 3 0 PTP 1 1_55_-778_1197
15 0.000865 3 0 PTP 1 1_56_-778_1198
15 0.000865 3 0 PTP 1 1_57_-778_1199
15 0.000865 3 0 PTP 1 1_58_-778_1200
15 0.000865 3 0 PTP 1 1_59_-778_1201
15 0.000865 3 0 PTP 1 1_60_-778_1202
15 0.000865 3 0 PTP 1 1_61_-778_1203
15 0.000865 3 0 PTP 1 1_62_-778_1204
15 0.000865 3 0 PTP 1 1_63_-778_1205
15 0.000865 3 0 PTP 1 1_64_-778_1206
15 0.000865 3 0 PTP 1 1_65_-778_1207
15 0.000865 3 0 PTP 1 1_66_-778_1208
15 0.000865 3 0 PTP 1 1_67_-778_1209
15 0.000865 3 0 PTP 1 1_68_-778_1210
15 0.000865 3 0 PTP 1 1_69_-778_1211
15 0.000865 3 0 PTP 1 1_70_-778_1212
15 0.000865 3 0 PTP 1 1_71_-778_1213
15 0.000865 3 0 PTP 1 1_72_-778_1214
15 0.000865 3 0 PTP 1 1_73_-778_1215
15 0.000865 3 0 PTP 1 1_74_-778_1216
15 0.000865 3 0 PTP 1 1_75_-778_1217
15 0.000865 3 0 PTP 1 1_76_-778_1218
15 0.000865 3 0 PTP 1 1_77_-778_1219
15 0.000865 3 0 PTP 1 1_78_-778_1220
15 0.000865 3 0 PTP 1 1_79_-778_1221
15 0.000865 3 0 PTP 1 1_80_-778_1222
15 0.000865 3 0 PTP 1 1_81_-778_1223
15 0.000865 3 0 PTP 1 1_82_-778_1224
15 0.000865 3 0 PTP 1 1_83_-778_1225
15 0.000865 3 0 PTP 1 1_84_-778_1226
15 0.000865 3 0 PTP 1 1_85_-778_1227
15 0.000865 3 0 PTP 1 1_86_-778_1228
15 0.000865 3 0 PTP 1 1_87_-778_1229
15 0.000865 3 0 PTP 1 1_88_-778_1230
15 0.000865 3 0 PTP 1 1_89_-778_1231
15 0.000865 3 0 PTP 1 1_90_-778_1232
15 0.000865 3 0 PTP 1 1_91_-778_1233
15 0.000865 3 0 PTP 1 1_92_-778_1234
15 0.000865 3 0 PTP 1 1_93_-778_1235
15 0.000865 3 0 PTP 1 1_94_-778_1236
15 0.000865 3 0 PTP 1 1_95_-778_1237
15 0.000865 3 0 PTP 1 1_96_-778_1238
15 0.000865 3 0 PTP 1 1_97_-778_1239
15 0.000865 3 0 PTP 1 1_98_-778_1240
15 0.000865 3 0 PTP 1 1_99_-778_1241
15 0.000865 3 0 PTP 1 1_100_-778_1242
15 0.000865 3 0 PTP 1 1_101_-778_1243
15 0.000865 3 0 PTP 1 1_102_-778_1244
15 0.000865 3 0 PTP 1 1_103_-778_1245
15 0.000865 3 0 PTP 1 1_104_-778_1246
15 0.000865 3 0 PTP 1 1_105_-778_1247
15 0.000865 3 0 PTP 1 1_106_-778_1248
15 0.000865 3 0 PTP 1 1_107_-778_1249
15 0.000865 3 0 PTP 1 1_108_-778_1250
15 0.000865 3 0 PTP 1 1_109_-778_1251
15 0.000865 3 0 PTP 1 1_110_-778_1252
15 0.000865 3 0 PTP 1 1_111_-778_1253
15 0.000865 3 0 PTP 1 1_112_-778_1254
15 0.000865 3 0 PTP 1 1_113_-778_1255
15 0.000865 3 0 PTP 1 1_114_-778_1256
15 0.000865 3 0 PTP 1 1_115_-778_1257
15 0.000865 3 0 PTP 1 1_116_-778_1258
15 0.000865 3 0 PTP 1 1_117_-778_1259
15 0.000865 3 0 PTP 1 1_118_-778_1260
15 0.000865 3 0 PTP 1 1_119_-778_1261
15 0.000865 3 0 PTP 1 1_120_-778_1262
15 0.000865 3 0 PTP 1 1_121_-778_1263
15 0.000865 3 0 PTP 1 1_122_-778_1264
15 0.000865 3 0 PTP 1 1_123_-778_1265
15 0.000865 3 0 PTP 1 1_124_-778_1266
15 0.000865 3 0 PTP 1 1_125_-778_1267
15 0.000865 3 0 PTP 1 1_126_-778_1268
15 0.000865 3 0 PTP 1 1_127_-778_1269
15 0.000865 3 0 PTP 1 1_128_-778_1270
13 0.000865 2 1
16 0.000865 3 0 PTP 2 1_2_-778_1144
13 0.000865 2 2
16 0.000865 3 0 PTP 17 1_17_-778_1159
13 0.000865 2 17
16 0.000865 3 0 PTP 33 1_33_-778_1175
13 0.000865 2 33
16 0.000865 3 0 PTP 18 1_18_-778_1160
13 0.000865 2 18
16 0.000865 3 0 PTP 3 1_3_-778_1145
13 0.000865 2 3
16 0.000865 3 0 PTP 49 1_49_-778_1191
13 0.000865 2 49
16 0.000865 3 0 PTP 34 1_34_-778_1176
13 0.000865 2 34
16 0.000865 3 0 PTP 19 1_19_-778_1161
13 0.000865 2 19
16 0.000865 3 0 PTP 4 1_4_-778_1146
13 0.000865 2 4
16 0.000865 3 0 PTP 65 1_65_-778_1207
13 0.000865 2 65
16 0.000865 3 0 PTP 50 1_50_-778_1192
13 0.000865 2 50
16 0.000865 3 0 PTP 35 1_35_-778_1177
13 0.000865 2 35
16 0.000865 3 0 PTP 20 1_20_-778_1162
13 0.000865 2 20
16 0.000865 3 0 PTP 5 1_5_-778_1147
13 0.000865 2 5
16 0.000866 3 0 PTP 81 1_81_-778_1223
13 0.000866 2 81
16 0.000866 3 0 PTP 66 1_66_-778_1208
13 0.000866 2 66
16 0.000866 3 0 PTP 51 1_51_-778_1193
13 0.000866 2 51
16 0.000866 3 0 PTP 36 1_36_-778_1178
13 0.000866 2 36
16 0.000866 3 0 PTP 21 1_21_-778_1163
13 0.000866 2 21
16 0.000866 3 0 PTP 6 1_6_-778_1148
13 0.000866 2 6
16 0.000866 3 0 PTP 97 1_97_-778_1239
13 0.000866 2 97
16 0.000866 3 0 PTP 82 1_82_-778_1224
13 0.000866 2 82
16 0.000866 3 0 PTP 67 1_67_-778_1209
13 0.000866 2 67
16 0.000866 3 0 PTP 52 1_52_-778_1194
13 0.000866 2 52
16 0.000866 3 0 PTP 37 1_37_-778_1179
13 0.000866 2 37
16 0.000866 3 0 PTP 22 1_22_-778_1164
13 0.000866 2 22
16 0.000866 3 0 PTP 7 1_7_-778_1149
13 0.000866 2 7
16 0.000866 3 0 PTP 113 1_113_-778_1255
13 0.000866 2 113
16 0.000866 3 0 PTP 98 1_98_-778_1240
13 0.000866 2 98
16 0.000866 3 0 PTP 83 1_83_-778_1225
13 0.000866 2 83
16 0.000866 3 0 PTP 68 1_68_-778_1210
13 0.000866 2 68
16 0.000866 3 0 PTP 53 1_53_-778_1195
13 0.000866 2 53
16 0.000866 3 0 PTP 38 1_38_-778_1180
13 0.000866 2 38
16 0.000866 3 0 PTP 23 1_23_-778_1165
13 0.000866 2 23
16 0.000866 3 0 PTP 8 1_8_-778_1150
13 0.000866 2 8
16 0.000866 3 0 PTP 114 1_114_-778_1256
13 0.000866 2 114
16 0.000866 3 0 PTP 99 1_99_-778_1241
13 0.000866 2 99
16 0.000866 3 0 PTP 84 1_84_-778_1226
13 0.000866 2 84
16 0.000866 3 0 PTP 69 1_69_-778_1211
13 0.000866 2 69
16 0.000866 3 0 PTP 54 1_54_-778_1196
13 0.000866 2 54
16 0.000866 3 0 PTP 39 1_39_-778_1181
13 0.000866 2 39
16 0.000866 3 0 PTP 24 1_24_-778_1166
13 0.000866 2 24
16 0.000866 3 0 PTP 9 1_9_-778_1151
13 0.000866 2 9
16 0.000867 3 0 PTP 115 1_115_-778_1257
13 0.000867 2 115
16 0.000867 3 0 PTP 100 1_100_-778_1242
13 0.000867 2 100
16 0.000867 3 0 PTP 85 1_85_-778_1227
13 0.000867 2 85
16 0.000867 3 0 PTP 70 1_70_-778_1212
13 0.000867 2 70
16 0.000867 3 0 PTP 55 1_55_-778_1197
13 0.000867 2 55
16 0.000867 3 0 PTP 40 1_40_-778_1182
13 0.000867 2 40
16 0.000867 3 0 PTP 25 1_25_-778_1167
13 0.000867 2 25
16 0.000867 3 0 PTP 10 1_10_-778_1152
13 0.000867 2 10
16 0.000867 3 0 PTP 116 1_116_-778_1258
13 0.000867 2 116
16 0.000867 3 0 PTP 101 1_101_-778_1243
13 0.000867 2 101
16 0.000867 3 0 PTP 86 1_86_-778_1228
13 0.000867 2 86
16 0.000867 3 0 PTP 71 1_71_-778_1213
13 0.000867 2 71
16 0.000867 3 0 PTP 56 1_56_-778_1198
13 0.000867 2 56
16 0.000867 3 0 PTP 41 1_41_-778_1183
13 0.000867 2 41
16 0.000867 3 0 PTP 26 1_26_-778_1168
13 0.000867 2 26
16 0.000867 3 0 PTP 11 1_11_-778_1153
13 0.000867 2 11
16 0.000867 3 0 PTP 117 1_117_-778_1259
13 0.000867 2 117
16 0.000867 3 0 PTP 102 1_102_-778_1244
13 0.000867 2 102
16 0.000867 3 0 PTP 87 1_87_-778_1229
13 0.000867 2 87
16 0.000867 3 0 PTP 72 1_72_-778_1214
13 0.000867 2 72
16 0.000867 3 0 PTP 57 1_57_-778_1199
13 0.000867 2 57
16 0.000867 3 0 PTP 42 1_42_-778_1184
13 0.000867 2 42
16 0.000867 3 0 PTP 27 1_27_-778_1169
13 0.000867 2 27
16 0.000867 3 0 PTP 12 1_12_-778_1154
13 0.000867 2 12
12 0.000867 2 18 13
13 0.000867 2 18
7 0.000867 1 18
16 0.000867 3 0 PTP 118 1_118_-778_1260
13 0.000867 2 118
16 0.000867 3 0 PTP 103 1_103_-778_1245
13 0.000867 2 103
16 0.000867 3 0 PTP 88 1_88_-778_1230
13 0.000867 2 88
16 0.000867 3 0 PTP 73 1_73_-778_1215
13 0.000867 2 73
16 0.000867 3 0 PTP 58 1_58_-778_1200
13 0.000867 2 58
16 0.000867 3 0 PTP 43 1_43_-778_1185
13 0.000867 2 43
16 0.000867 3 0 PTP 28 1_28_-778_1170
13 0.000867 2 28
16 0.000867 3 0 PTP 13 1_13_-778_1155
13 0.000867 2 13
12 0.000867 2 34 13
13 0.000867 2 34
7 0.000867 1 34
12 0.000867 2 4 13
13 0.000867 2 4
7 0.000867 1 4
16 0.000867 3 0 PTP 119 1_119_-778_1261
13 0.000867 2 119
16 0.000867 3 0 PTP 104 1_104_-778_1246
13 0.000867 2 104
16 0.000867 3 0 PTP 89 1_89_-778_1231
13 0.000867 2 89
16 0.000867 3 0 PTP 74 1_74_-778_1216
13 0.000867 2 74
16 0.000867 3 0 PTP 59 1_59_-778_1201
13 0.000867 2 59
16 0.000867 3 0 PTP 44 1_44_-778_1186
13 0.000867 2 44
16 0.000867 3 0 PTP 29 1_29_-778_1171
13 0.000867 2 29
16 0.000867 3 0 PTP 14 1_14_-778_1156
13 0.000867 2 14
12 0.000867 2 50 13
13 0.000867 2 50
7 0.000867 1 50
12 0.000867 2 35 13
13 0.000867 2 35
7 0.000867 1 35
12 0.000867 2 5 13
13 0.000867 2 5
7 0.000867 1 5
16 0.000868 3 0 PTP 120 1_120_-778_1262
13 0.000868 2 120
16 0.000868 3 0 PTP 105 1_105_-778_1247
13 0.000868 2 105
16 0.000868 3 0 PTP 90 1_90_-778_1232
13 0.000868 2 90
16 0.000868 3 0 PTP 75 1_75_-778_1217
13 0.000868 2 75
16 0.000868 3 0 PTP 60 1_60_-778_1202
13 0.000868 2 60
16 0.000868 3 0 PTP 45 1_45_-778_1187
13 0.000868 2 45
16 0.000868 3 0 PTP 30 1_30_-778_1172
13 0.000868 2 30
16 0.000868 3 0 PTP 15 1_15_-778_1157
13 0.000868 2 15
12 0.000868 2 81 13
13 0.000868 2 81
7 0.000868 1 81
12 0.000868 2 66 13
13 0.000868 2 66
7 0.000868 1 66
12 0.000868 2 36 13
13 0.000868 2 36
7 0.000868 1 36
12 0.000868 2 21 13
13 0.000868 2 21
7 0.000868 1 21
12 0.000868 2 6 13
13 0.000868 2 6
7 0.000868 1 6
16 0.000868 3 0 PTP 121 1_121_-778_1263
13 0.000868 2 121
16 0.000868 3 0 PTP 106 1_106_-778_1248
13 0.000868 2 106
16 0.000868 3 0 PTP 91 1_91_-778_1233
13 0.000868 2 91
16 0.000868 3 0 PTP 76 1_76_-778_1218
13 0.000868 2 76
16 0.000868 3 0 PTP 61 1_61_-778_1203
13 0.000868 2 61
16 0.000868 3 0 PTP 46 1_46_-778_1188
13 0.000868 2 46
16 0.000868 3 0 PTP 31 1_31_-778_1173
13 0.000868 2 31
16 0.000868 3 0 PTP 16 1_16_-778_1158
13 0.000868 2 16
12 0.000868 2 17 13
13 0.000868 2 17
7 0.000868 1 17
12 0.000868 2 97 13
13 0.000868 2 97
7 0.000868 1 97
12 0.000868 2 67 13
13 0.000868 2 67
7 0.000868 1 67
12 0.000868 2 52 13
13 0.000868 2 52
7 0.000868 1 52
12 0.000868 2 37 13
13 0.000868 2 37
7 0.000868 1 37
12 0.000868 2 22 13
13 0.000868 2 22
7 0.000868 1 22
12 0.000868 2 7 13
13 0.000868 2 7
7 0.000868 1 7
16 0.000868 3 0 PTP 122 1_122_-778_1264
13 0.000868 2 122
16 0.000868 3 0 PTP 107 1_107_-778_1249
13 0.000868 2 107
16 0.000868 3 0 PTP 92 1_92_-778_1234
13 0.000868 2 92
16 0.000868 3 0 PTP 77 1_77_-778_1219
13 0.000868 2 77
16 0.000868 3 0 PTP 62 1_62_-778_1204
13 0.000868 2 62
16 0.000868 3 0 PTP 47 1_47_-778_1189
13 0.000868 2 47
16 0.000868 3 0 PTP 32 1_32_-778_1174
13 0.000868 2 32
12 0.000868 2 3 13
13 0.000868 2 3
7 0.000868 1 3
12 0.000868 2 113 13
13 0.000868 2 113
7 0.000868 1 113
12 0.000868 2 98 13
13 0.000868 2 98
7 0.000868 1 98
12 0.000868 2 83 13
13 0.000868 2 83
7 0.000868 1 83
12 0.000868 2 68 13
13 0.000868 2 68
7 0.000868 1 68
12 0.000868 2 53 13
13 0.000868 2 53
7 0.000868 1 53
12 0.000868 2 23 13
13 0.000868 2 23
7 0.000868 1 23
12 0.000868 2 8 13
13 0.000868 2 8
7 0.000868 1 8
16 0.000868 3 0 PTP 123 1_123_-778_1265
13 0.000868 2 123
16 0.000868 3 0 PTP 108 1_108_-778_1250
13 0.000868 2 108
16 0.000868 3 0 PTP 93 1_93_-778_1235
13 0.000868 2 93
16 0.000868 3 0 PTP 78 1_78_-778_1220
13 0.000868 2 78
16 0.000868 3 0 PTP 63 1_63_-778_1205
13 0.000868 2 63
16 0.000868 3 0 PTP 48 1_48_-778_1190
13 0.000868 2 48
12 0.000868 2 49 13
13 0.000868 2 49
7 0.000868 1 49
12 0.000868 2 19 13
13 0.000868 2 19
7 0.000868 1 19
12 0.000868 2 99 13
13 0.000868 2 99
7 0.000868 1 99
12 0.000868 2 84 13
13 0.000868 2 84
7 0.000868 1 84
12 0.000868 2 69 13
13 0.000868 2 69
7 0.000868 1 69
12 0.000868 2 54 13
13 0.000868 2 54
7 0.000868 1 54
12 0.000868 2 39 13
13 0.000868 2 39
7 0.000868 1 39
12 0.000868 2 24 13
13 0.000868 2 24
7 0.000868 1 24
12 0.000868 2 9 13
13 0.000868 2 9
7 0.000868 1 9
16 0.000868 3 0 PTP 124 1_124_-778_1266
13 0.000868 2 124
16 0.000868 3 0 PTP 109 1_109_-778_1251
13 0.000868 2 109
16 0.000868 3 0 PTP 94 1_94_-778_1236
13 0.000868 2 94
16 0.000868 3 0 PTP 79 1_79_-778_1221
13 0.000868 2 79
16 0.000868 3 0 PTP 64 1_64_-778_1206
13 0.000868 2 64
12 0.000868 2 65 13
13 0.000868 2 65
7 0.000868 1 65
12 0.000868 2 20 13
13 0.000868 2 20
7 0.000868 1 20
12 0.000869 2 115 13
13 0.000869 2 115
7 0.000869 1 115
12 0.000869 2 100 13
13 0.000869 2 100
7 0.000869 1 100
12 0.000869 2 85 13
13 0.000869 2 85
7 0.000869 1 85
12 0.000869 2 70 13
13 0.000869 2 70
7 0.000869 1 70
12 0.000869 2 55 13
13 0.000869 2 55
7 0.000869 1 55
12 0.000869 2 40 13
13 0.000869 2 40
7 0.000869 1 40
12 0.000869 2 10 13
13 0.000869 2 10
7 0.000869 1 10
16 0.000869 3 0 PTP 125 1_125_-778_1267
13 0.000869 2 125
16 0.000869 3 0 PTP 110 1_110_-778_1252
13 0.000869 2 110
16 0.000869 3 0 PTP 95 1_95_-778_1237
13 0.000869 2 95
16 0.000869 3 0 PTP 80 1_80_-778_1222
13 0.000869 2 80
12 0.000869 2 51 13
13 0.000869 2 51
7 0.000869 1 51
12 0.000869 2 116 13
13 0.000869 2 116
7 0.000869 1 116
12 0.000869 2 101 13
13 0.000869 2 101
7 0.000869 1 101
12 0.000869 2 86 13
13 0.000869 2 86
7 0.000869 1 86
12 0.000869 2 71 13
13 0.000869 2 71
7 0.000869 1 71
12 0.000869 2 56 13
13 0.000869 2 56
7 0.000869 1 56
12 0.000869 2 26 13
13 0.000869 2 26
7 0.000869 1 26
12 0.000869 2 11 13
13 0.000869 2 11
7 0.000869 1 11
16 0.000869 3 0 PTP 126 1_126_-778_1268
13 0.000869 2 126
16 0.000869 3 0 PTP 111 1_111_-778_1253
13 0.000869 2 111
16 0.000869 3 0 PTP 96 1_96_-778_1238
13 0.000869 2 96
12 0.000869 2 82 13
13 0.000869 2 82
7 0.000869 1 82
12 0.000869 2 117 13
13 0.000869 2 117
7 0.000869 1 117
12 0.000869 2 102 13
13 0.000869 2 102
7 0.000869 1 102
12 0.000869 2 87 13
13 0.000869 2 87
7 0.000869 1 87
12 0.000869 2 57 13
13 0.000869 2 57
7 0.000869 1 57
12 0.000869 2 42 13
13 0.000869 2 42
7 0.000869 1 42
12 0.000869 2 27 13
13 0.000869 2 27
7 0.000869 1 27
12 0.000869 2 12 13
13 0.000869 2 12
7 0.000869 1 12
16 0.000869 3 0 PTP 127 1_127_-778_1269
13 0.000869 2 127
16 0.000869 3 0 PTP 112 1_112_-778_1254
13 0.000869 2 112
12 0.000869 2 88 13
13 0.000869 2 88
7 0.000869 1 88
12 0.000869 2 73 13
13 0.000869 2 73
7 0.000869 1 73
12 0.000869 2 43 13
13 0.000869 2 43
7 0.000869 1 43
12 0.000869 2 28 13
13 0.000869 2 28
7 0.000869 1 28
12 0.000869 2 13 13
13 0.000869 2 13
7 0.000869 1 13
16 0.000869 3 0 PTP 128 1_128_-778_1270
13 0.000869 2 128
12 0.000869 2 114 13
13 0.000869 2 114
7 0.000869 1 114
12 0.000869 2 104 13
13 0.000869 2 104
7 0.000869 1 104
12 0.000869 2 89 13
13 0.000869 2 89
7 0.000869 1 89
12 0.000869 2 74 13
13 0.000869 2 74
7 0.000869 1 74
12 0.000869 2 44 13
13 0.000869 2 44
7 0.000869 1 44
12 0.000869 2 29 13
13 0.000869 2 29
7 0.000869 1 29
12 0.000869 2 14 13
13 0.000869 2 14
7 0.000869 1 14
12 0.000870 2 25 13
13 0.000870 2 25
7 0.000870 1 25
12 0.000870 2 105 13
13 0.000870 2 105
7 0.000870 1 105
12 0.000870 2 90 13
13 0.000870 2 90
7 0.000870 1 90
12 0.000870 2 75 13
13 0.000870 2 75
7 0.000870 1 75
12 0.000870 2 60 13
13 0.000870 2 60
7 0.000870 1 60
12 0.000870 2 45 13
13 0.000870 2 45
7 0.000870 1 45
12 0.000870 2 15 13
13 0.000870 2 15
7 0.000870 1 15
12 0.000870 2 41 13
13 0.000870 2 41
7 0.000870 1 41
12 0.000870 2 106 13
13 0.000870 2 106
7 0.000870 1 106
12 0.000870 2 91 13
13 0.000870 2 91
7 0.000870 1 91
12 0.000870 2 76 13
13 0.000870 2 76
7 0.000870 1 76
12 0.000870 2 61 13
13 0.000870 2 61
7 0.000870 1 61
12 0.000870 2 46 13
13 0.000870 2 46
7 0.000870 1 46
12 0.000870 2 31 13
13 0.000870 2 31
7 0.000870 1 31
12 0.000870 2 16 13
13 0.000870 2 16
7 0.000870 1 16
12 0.000870 2 72 13
13 0.000870 2 72
7 0.000870 1 72
12 0.000870 2 107 13
13 0.000870 2 107
7 0.000870 1 107
12 0.000870 2 92 13
13 0.000870 2 92
7 0.000870 1 92
12 0.000870 2 77 13
13 0.000870 2 77
7 0.000870 1 77
12 0.000870 2 62 13
13 0.000870 2 62
7 0.000870 1 62
12 0.000870 2 47 13
13 0.000870 2 47
7 0.000870 1 47
12 0.000870 2 32 13
13 0.000870 2 32
7 0.000870 1 32
12 0.000870 2 58 13
13 0.000870 2 58
7 0.000870 1 58
12 0.000870 2 108 13
13 0.000870 2 108
7 0.000870 1 108
12 0.000870 2 93 13
13 0.000870 2 93
7 0.000870 1 93
12 0.000870 2 78 13
13 0.000870 2 78
7 0.000870 1 78
12 0.000870 2 63 13
13 0.000870 2 63
7 0.000870 1 63
12 0.000870 2 48 13
13 0.000870 2 48
7 0.000870 1 48
12 0.000870 2 119 13
13 0.000870 2 119
7 0.000870 1 119
12 0.000870 2 124 13
13 0.000870 2 124
7 0.000870 1 124
12 0.000870 2 109 13
13 0.000870 2 109
7 0.000870 1 109
12 0.000870 2 94 13
13 0.000870 2 94
7 0.000870 1 94
12 0.000870 2 79 13
13 0.000870 2 79
7 0.000870 1 79
12 0.000870 2 64 13
13 0.000870 2 64
7 0.000870 1 64
12 0.000871 2 120 13
13 0.000871 2 120
7 0.000871 1 120
12 0.000871 2 30 13
13 0.000871 2 30
7 0.000871 1 30
12 0.000871 2 125 13
13 0.000871 2 125
7 0.000871 1 125
12 0.000871 2 110 13
13 0.000871 2 110
7 0.000871 1 110
12 0.000871 2 95 13
13 0.000871 2 95
7 0.000871 1 95
12 0.000871 2 80 13
13 0.000871 2 80
7 0.000871 1 80
12 0.000871 2 121 13
13 0.000871 2 121
7 0.000871 1 121
12 0.000871 2 111 13
13 0.000871 2 111
7 0.000871 1 111
12 0.000871 2 122 13
13 0.000871 2 122
7 0.000871 1 122
12 0.000871 2 127 13
13 0.000871 2 127
7 0.000871 1 127
12 0.000871 2 112 13
13 0.000871 2 112
7 0.000871 1 112
12 0.000871 2 33 13
13 0.000871 2 33
7 0.000871 1 33
12 0.000871 2 118 13
13 0.000871 2 118
7 0.000871 1 118
12 0.000871 2 103 13
13 0.000871 2 103
7 0.000871 1 103
12 0.000871 2 123 13
13 0.000871 2 123
7 0.000871 1 123
12 0.000872 2 126 13
13 0.000872 2 126
7 0.000872 1 126
12 0.000872 2 96 13
13 0.000872 2 96
7 0.000872 1 96
12 0.000872 2 128 13
13 0.000872 2 128
7 0.000872 1 128
12 0.000873 2 2 13
13 0.000873 2 2
7 0.000873 1 2
12 0.000873 2 38 13
13 0.000873 2 38
7 0.000873 1 38
12 0.000873 2 59 13
13 0.000873 2 59
7 0.000873 1 59
12 0.000929 2 1 13
13 0.000929 2 1
7 0.000929 1 1
