State,rank-98,MPI_STATE,0.000000,0.000000,0.000000,0.000000,PMPI_Init
State,rank-98,MPI_STATE,0.000031,0.000516,0.000485,0.000000,PMPI_Barrier
State,rank-98,MPI_STATE,0.000520,0.000625,0.000105,0.000000,PMPI_Scatter
State,rank-98,MPI_STATE,0.000633,0.000776,0.000143,0.000000,PMPI_Sendrecv
State,rank-98,MPI_STATE,0.000777,0.000790,0.000013,0.000000,PMPI_Sendrecv
State,rank-98,MPI_STATE,0.000791,0.000835,0.000044,0.000000,PMPI_Sendrecv
State,rank-98,MPI_STATE,0.000837,0.000897,0.000060,0.000000,PMPI_Sendrecv
State,rank-98,MPI_STATE,0.000899,0.001003,0.000104,0.000000,PMPI_Sendrecv
State,rank-98,MPI_STATE,0.001005,0.001193,0.000188,0.000000,PMPI_Sendrecv
State,rank-98,MPI_STATE,0.001195,0.001571,0.000376,0.000000,PMPI_Sendrecv
State,rank-98,MPI_STATE,0.004621,0.004621,0.000000,0.000000,PMPI_Reduce
State,rank-98,MPI_STATE,0.004623,0.004623,0.000000,0.000000,PMPI_Reduce
State,rank-98,MPI_STATE,0.004624,0.004693,0.000069,0.000000,PMPI_Barrier
State,rank-98,MPI_STATE,0.004695,0.004695,0.000000,0.000000,PMPI_Finalize
State,rank-97,MPI_STATE,0.000000,0.000000,0.000000,0.000000,PMPI_Init
State,rank-97,MPI_STATE,0.000037,0.000516,0.000479,0.000000,PMPI_Barrier
State,rank-97,MPI_STATE,0.000520,0.000725,0.000205,0.000000,PMPI_Scatter
State,rank-97,MPI_STATE,0.000732,0.000740,0.000008,0.000000,PMPI_Sendrecv
State,rank-97,MPI_STATE,0.000741,0.000790,0.000049,0.000000,PMPI_Sendrecv
State,rank-97,MPI_STATE,0.000792,0.000835,0.000043,0.000000,PMPI_Sendrecv
State,rank-97,MPI_STATE,0.000837,0.000899,0.000062,0.000000,PMPI_Sendrecv
State,rank-97,MPI_STATE,0.000901,0.001001,0.000100,0.000000,PMPI_Sendrecv
State,rank-97,MPI_STATE,0.001002,0.001190,0.000188,0.000000,PMPI_Sendrecv
State,rank-97,MPI_STATE,0.001192,0.001568,0.000376,0.000000,PMPI_Sendrecv
State,rank-97,MPI_STATE,0.004575,0.004575,0.000000,0.000000,PMPI_Reduce
State,rank-97,MPI_STATE,0.004577,0.004577,0.000000,0.000000,PMPI_Reduce
State,rank-97,MPI_STATE,0.004579,0.004693,0.000114,0.000000,PMPI_Barrier
State,rank-97,MPI_STATE,0.004695,0.004695,0.000000,0.000000,PMPI_Finalize
State,rank-96,MPI_STATE,0.000000,0.000000,0.000000,0.000000,PMPI_Init
State,rank-96,MPI_STATE,0.000031,0.000516,0.000485,0.000000,PMPI_Barrier
State,rank-96,MPI_STATE,0.000520,0.000531,0.000011,0.000000,PMPI_Scatter
State,rank-96,MPI_STATE,0.000542,0.000740,0.000198,0.000000,PMPI_Sendrecv
State,rank-96,MPI_STATE,0.000742,0.000790,0.000048,0.000000,PMPI_Sendrecv
State,rank-96,MPI_STATE,0.000792,0.000834,0.000042,0.000000,PMPI_Sendrecv
State,rank-96,MPI_STATE,0.000836,0.000897,0.000061,0.000000,PMPI_Sendrecv
State,rank-96,MPI_STATE,0.000899,0.001002,0.000103,0.000000,PMPI_Sendrecv
State,rank-96,MPI_STATE,0.001004,0.001192,0.000188,0.000000,PMPI_Sendrecv
State,rank-96,MPI_STATE,0.001194,0.001570,0.000376,0.000000,PMPI_Sendrecv
State,rank-96,MPI_STATE,0.004643,0.004643,0.000000,0.000000,PMPI_Reduce
State,rank-96,MPI_STATE,0.004645,0.004645,0.000000,0.000000,PMPI_Reduce
State,rank-96,MPI_STATE,0.004646,0.004692,0.000046,0.000000,PMPI_Barrier
State,rank-96,MPI_STATE,0.004693,0.004693,0.000000,0.000000,PMPI_Finalize
State,rank-95,MPI_STATE,0.000000,0.000000,0.000000,0.000000,PMPI_Init
State,rank-95,MPI_STATE,0.000032,0.000517,0.000485,0.000000,PMPI_Barrier
State,rank-95,MPI_STATE,0.000521,0.000789,0.000268,0.000000,PMPI_Scatter
State,rank-95,MPI_STATE,0.000796,0.000804,0.000008,0.000000,PMPI_Sendrecv
State,rank-95,MPI_STATE,0.000806,0.000819,0.000013,0.000000,PMPI_Sendrecv
State,rank-95,MPI_STATE,0.000821,0.000846,0.000025,0.000000,PMPI_Sendrecv
State,rank-95,MPI_STATE,0.000847,0.000895,0.000048,0.000000,PMPI_Sendrecv
State,rank-95,MPI_STATE,0.000897,0.000992,0.000095,0.000000,PMPI_Sendrecv
State,rank-95,MPI_STATE,0.000994,0.001193,0.000199,0.000000,PMPI_Sendrecv
State,rank-95,MPI_STATE,0.001195,0.001571,0.000376,0.000000,PMPI_Sendrecv
State,rank-95,MPI_STATE,0.004606,0.004606,0.000000,0.000000,PMPI_Reduce
State,rank-95,MPI_STATE,0.004609,0.004609,0.000000,0.000000,PMPI_Reduce
State,rank-95,MPI_STATE,0.004610,0.004693,0.000083,0.000000,PMPI_Barrier
State,rank-95,MPI_STATE,0.004695,0.004695,0.000000,0.000000,PMPI_Finalize
State,rank-94,MPI_STATE,0.000000,0.000000,0.000000,0.000000,PMPI_Init
State,rank-94,MPI_STATE,0.000032,0.000516,0.000484,0.000000,PMPI_Barrier
State,rank-94,MPI_STATE,0.000520,0.000644,0.000124,0.000000,PMPI_Scatter
State,rank-94,MPI_STATE,0.000654,0.000804,0.000150,0.000000,PMPI_Sendrecv
State,rank-94,MPI_STATE,0.000806,0.000819,0.000013,0.000000,PMPI_Sendrecv
State,rank-94,MPI_STATE,0.000821,0.000846,0.000025,0.000000,PMPI_Sendrecv
State,rank-94,MPI_STATE,0.000848,0.000896,0.000048,0.000000,PMPI_Sendrecv
State,rank-94,MPI_STATE,0.000897,0.000992,0.000095,0.000000,PMPI_Sendrecv
State,rank-94,MPI_STATE,0.000994,0.001190,0.000196,0.000000,PMPI_Sendrecv
State,rank-94,MPI_STATE,0.001192,0.001568,0.000376,0.000000,PMPI_Sendrecv
State,rank-94,MPI_STATE,0.004572,0.004572,0.000000,0.000000,PMPI_Reduce
State,rank-94,MPI_STATE,0.004579,0.004579,0.000000,0.000000,PMPI_Reduce
State,rank-94,MPI_STATE,0.004580,0.004693,0.000113,0.000000,PMPI_Barrier
State,rank-94,MPI_STATE,0.004695,0.004695,0.000000,0.000000,PMPI_Finalize
State,rank-93,MPI_STATE,0.000000,0.000000,0.000000,0.000000,PMPI_Init
State,rank-93,MPI_STATE,0.000028,0.000516,0.000488,0.000000,PMPI_Barrier
State,rank-93,MPI_STATE,0.000520,0.000778,0.000258,0.000000,PMPI_Scatter
State,rank-93,MPI_STATE,0.000786,0.000794,0.000008,0.000000,PMPI_Sendrecv
State,rank-93,MPI_STATE,0.000795,0.000819,0.000024,0.000000,PMPI_Sendrecv
State,rank-93,MPI_STATE,0.000821,0.000846,0.000025,0.000000,PMPI_Sendrecv
State,rank-93,MPI_STATE,0.000847,0.000895,0.000048,0.000000,PMPI_Sendrecv
State,rank-93,MPI_STATE,0.000896,0.000991,0.000095,0.000000,PMPI_Sendrecv
State,rank-93,MPI_STATE,0.000992,0.001191,0.000199,0.000000,PMPI_Sendrecv
State,rank-93,MPI_STATE,0.001193,0.001569,0.000376,0.000000,PMPI_Sendrecv
State,rank-93,MPI_STATE,0.004584,0.004584,0.000000,0.000000,PMPI_Reduce
State,rank-93,MPI_STATE,0.004586,0.004586,0.000000,0.000000,PMPI_Reduce
State,rank-93,MPI_STATE,0.004587,0.004693,0.000106,0.000000,PMPI_Barrier
State,rank-93,MPI_STATE,0.004695,0.004695,0.000000,0.000000,PMPI_Finalize
State,rank-92,MPI_STATE,0.000000,0.000000,0.000000,0.000000,PMPI_Init
State,rank-92,MPI_STATE,0.000034,0.000516,0.000482,0.000000,PMPI_Barrier
State,rank-92,MPI_STATE,0.000519,0.000585,0.000066,0.000000,PMPI_Scatter
State,rank-92,MPI_STATE,0.000593,0.000794,0.000201,0.000000,PMPI_Sendrecv
State,rank-92,MPI_STATE,0.000796,0.000819,0.000023,0.000000,PMPI_Sendrecv
State,rank-92,MPI_STATE,0.000821,0.000846,0.000025,0.000000,PMPI_Sendrecv
State,rank-92,MPI_STATE,0.000848,0.000896,0.000048,0.000000,PMPI_Sendrecv
State,rank-92,MPI_STATE,0.000897,0.000992,0.000095,0.000000,PMPI_Sendrecv
State,rank-92,MPI_STATE,0.000993,0.001190,0.000197,0.000000,PMPI_Sendrecv
State,rank-92,MPI_STATE,0.001191,0.001567,0.000376,0.000000,PMPI_Sendrecv
State,rank-92,MPI_STATE,0.004599,0.004599,0.000000,0.000000,PMPI_Reduce
State,rank-92,MPI_STATE,0.004601,0.004601,0.000000,0.000000,PMPI_Reduce
State,rank-92,MPI_STATE,0.004604,0.004693,0.000089,0.000000,PMPI_Barrier
State,rank-92,MPI_STATE,0.004695,0.004695,0.000000,0.000000,PMPI_Finalize
State,rank-91,MPI_STATE,0.000000,0.000000,0.000000,0.000000,PMPI_Init
State,rank-91,MPI_STATE,0.000032,0.000516,0.000484,0.000000,PMPI_Barrier
State,rank-91,MPI_STATE,0.000520,0.000778,0.000258,0.000000,PMPI_Scatter
State,rank-91,MPI_STATE,0.000783,0.000791,0.000008,0.000000,PMPI_Sendrecv
State,rank-91,MPI_STATE,0.000797,0.000810,0.000013,0.000000,PMPI_Sendrecv
State,rank-91,MPI_STATE,0.000811,0.000846,0.000035,0.000000,PMPI_Sendrecv
State,rank-91,MPI_STATE,0.000847,0.000895,0.000048,0.000000,PMPI_Sendrecv
State,rank-91,MPI_STATE,0.000898,0.000993,0.000095,0.000000,PMPI_Sendrecv
State,rank-91,MPI_STATE,0.000995,0.001192,0.000197,0.000000,PMPI_Sendrecv
State,rank-91,MPI_STATE,0.001194,0.001570,0.000376,0.000000,PMPI_Sendrecv
State,rank-91,MPI_STATE,0.004578,0.004578,0.000000,0.000000,PMPI_Reduce
State,rank-91,MPI_STATE,0.004580,0.004580,0.000000,0.000000,PMPI_Reduce
State,rank-91,MPI_STATE,0.004581,0.004693,0.000112,0.000000,PMPI_Barrier
State,rank-91,MPI_STATE,0.004695,0.004695,0.000000,0.000000,PMPI_Finalize
State,rank-90,MPI_STATE,0.000000,0.000000,0.000000,0.000000,PMPI_Init
State,rank-90,MPI_STATE,0.000031,0.000516,0.000485,0.000000,PMPI_Barrier
State,rank-90,MPI_STATE,0.000519,0.000640,0.000121,0.000000,PMPI_Scatter
State,rank-90,MPI_STATE,0.000649,0.000791,0.000142,0.000000,PMPI_Sendrecv
State,rank-90,MPI_STATE,0.000792,0.000805,0.000013,0.000000,PMPI_Sendrecv
State,rank-90,MPI_STATE,0.000806,0.000846,0.000040,0.000000,PMPI_Sendrecv
State,rank-90,MPI_STATE,0.000847,0.000895,0.000048,0.000000,PMPI_Sendrecv
State,rank-90,MPI_STATE,0.000897,0.000992,0.000095,0.000000,PMPI_Sendrecv
State,rank-90,MPI_STATE,0.000993,0.001192,0.000199,0.000000,PMPI_Sendrecv
State,rank-90,MPI_STATE,0.001194,0.001570,0.000376,0.000000,PMPI_Sendrecv
State,rank-90,MPI_STATE,0.004579,0.004579,0.000000,0.000000,PMPI_Reduce
State,rank-90,MPI_STATE,0.004581,0.004581,0.000000,0.000000,PMPI_Reduce
State,rank-90,MPI_STATE,0.004583,0.004693,0.000110,0.000000,PMPI_Barrier
State,rank-90,MPI_STATE,0.004695,0.004695,0.000000,0.000000,PMPI_Finalize
State,rank-89,MPI_STATE,0.000000,0.000000,0.000000,0.000000,PMPI_Init
State,rank-89,MPI_STATE,0.000032,0.000516,0.000484,0.000000,PMPI_Barrier
State,rank-89,MPI_STATE,0.000521,0.000762,0.000241,0.000000,PMPI_Scatter
State,rank-89,MPI_STATE,0.000769,0.000777,0.000008,0.000000,PMPI_Sendrecv
State,rank-89,MPI_STATE,0.000779,0.000810,0.000031,0.000000,PMPI_Sendrecv
State,rank-89,MPI_STATE,0.000811,0.000846,0.000035,0.000000,PMPI_Sendrecv
State,rank-89,MPI_STATE,0.000848,0.000896,0.000048,0.000000,PMPI_Sendrecv
State,rank-89,MPI_STATE,0.000898,0.000993,0.000095,0.000000,PMPI_Sendrecv
State,rank-89,MPI_STATE,0.000994,0.001191,0.000197,0.000000,PMPI_Sendrecv
State,rank-89,MPI_STATE,0.001192,0.001568,0.000376,0.000000,PMPI_Sendrecv
State,rank-89,MPI_STATE,0.004610,0.004610,0.000000,0.000000,PMPI_Reduce
State,rank-89,MPI_STATE,0.004613,0.004613,0.000000,0.000000,PMPI_Reduce
State,rank-89,MPI_STATE,0.004615,0.004693,0.000078,0.000000,PMPI_Barrier
State,rank-89,MPI_STATE,0.004695,0.004695,0.000000,0.000000,PMPI_Finalize
State,rank-8,MPI_STATE,0.000000,0.000000,0.000000,0.000000,PMPI_Init
State,rank-8,MPI_STATE,0.000047,0.000516,0.000469,0.000000,PMPI_Barrier
State,rank-8,MPI_STATE,0.000520,0.000536,0.000016,0.000000,PMPI_Scatter
State,rank-8,MPI_STATE,0.000551,0.000683,0.000132,0.000000,PMPI_Sendrecv
State,rank-8,MPI_STATE,0.000685,0.000754,0.000069,0.000000,PMPI_Sendrecv
State,rank-8,MPI_STATE,0.000756,0.000816,0.000060,0.000000,PMPI_Sendrecv
State,rank-8,MPI_STATE,0.000818,0.000866,0.000048,0.000000,PMPI_Sendrecv
State,rank-8,MPI_STATE,0.000868,0.000980,0.000112,0.000000,PMPI_Sendrecv
State,rank-8,MPI_STATE,0.000982,0.001182,0.000200,0.000000,PMPI_Sendrecv
State,rank-8,MPI_STATE,0.001184,0.001572,0.000388,0.000000,PMPI_Sendrecv
State,rank-8,MPI_STATE,0.004616,0.004616,0.000000,0.000000,PMPI_Reduce
State,rank-8,MPI_STATE,0.004620,0.004620,0.000000,0.000000,PMPI_Reduce
State,rank-8,MPI_STATE,0.004622,0.004692,0.000070,0.000000,PMPI_Barrier
State,rank-8,MPI_STATE,0.004693,0.004693,0.000000,0.000000,PMPI_Finalize
State,rank-88,MPI_STATE,0.000000,0.000000,0.000000,0.000000,PMPI_Init
State,rank-88,MPI_STATE,0.000030,0.000516,0.000486,0.000000,PMPI_Barrier
State,rank-88,MPI_STATE,0.000520,0.000553,0.000033,0.000000,PMPI_Scatter
State,rank-88,MPI_STATE,0.000561,0.000777,0.000216,0.000000,PMPI_Sendrecv
State,rank-88,MPI_STATE,0.000778,0.000805,0.000027,0.000000,PMPI_Sendrecv
State,rank-88,MPI_STATE,0.000806,0.000846,0.000040,0.000000,PMPI_Sendrecv
State,rank-88,MPI_STATE,0.000848,0.000896,0.000048,0.000000,PMPI_Sendrecv
State,rank-88,MPI_STATE,0.000897,0.000992,0.000095,0.000000,PMPI_Sendrecv
State,rank-88,MPI_STATE,0.000994,0.001193,0.000199,0.000000,PMPI_Sendrecv
State,rank-88,MPI_STATE,0.001196,0.001572,0.000376,0.000000,PMPI_Sendrecv
State,rank-88,MPI_STATE,0.004578,0.004578,0.000000,0.000000,PMPI_Reduce
State,rank-88,MPI_STATE,0.004580,0.004580,0.000000,0.000000,PMPI_Reduce
State,rank-88,MPI_STATE,0.004581,0.004693,0.000112,0.000000,PMPI_Barrier
State,rank-88,MPI_STATE,0.004695,0.004695,0.000000,0.000000,PMPI_Finalize
State,rank-87,MPI_STATE,0.000000,0.000000,0.000000,0.000000,PMPI_Init
State,rank-87,MPI_STATE,0.000029,0.000516,0.000487,0.000000,PMPI_Barrier
State,rank-87,MPI_STATE,0.000519,0.000778,0.000259,0.000000,PMPI_Scatter
State,rank-87,MPI_STATE,0.000784,0.000792,0.000008,0.000000,PMPI_Sendrecv
State,rank-87,MPI_STATE,0.000794,0.000807,0.000013,0.000000,PMPI_Sendrecv
State,rank-87,MPI_STATE,0.000808,0.000833,0.000025,0.000000,PMPI_Sendrecv
State,rank-87,MPI_STATE,0.000835,0.000895,0.000060,0.000000,PMPI_Sendrecv
State,rank-87,MPI_STATE,0.000897,0.000992,0.000095,0.000000,PMPI_Sendrecv
State,rank-87,MPI_STATE,0.000993,0.001193,0.000200,0.000000,PMPI_Sendrecv
State,rank-87,MPI_STATE,0.001195,0.001571,0.000376,0.000000,PMPI_Sendrecv
State,rank-87,MPI_STATE,0.004577,0.004577,0.000000,0.000000,PMPI_Reduce
State,rank-87,MPI_STATE,0.004579,0.004579,0.000000,0.000000,PMPI_Reduce
State,rank-87,MPI_STATE,0.004580,0.004693,0.000113,0.000000,PMPI_Barrier
State,rank-87,MPI_STATE,0.004695,0.004695,0.000000,0.000000,PMPI_Finalize
State,rank-86,MPI_STATE,0.000000,0.000000,0.000000,0.000000,PMPI_Init
State,rank-86,MPI_STATE,0.000033,0.000516,0.000483,0.000000,PMPI_Barrier
State,rank-86,MPI_STATE,0.000520,0.000640,0.000120,0.000000,PMPI_Scatter
State,rank-86,MPI_STATE,0.000647,0.000792,0.000145,0.000000,PMPI_Sendrecv
State,rank-86,MPI_STATE,0.000794,0.000807,0.000013,0.000000,PMPI_Sendrecv
State,rank-86,MPI_STATE,0.000808,0.000833,0.000025,0.000000,PMPI_Sendrecv
State,rank-86,MPI_STATE,0.000834,0.000896,0.000062,0.000000,PMPI_Sendrecv
State,rank-86,MPI_STATE,0.000897,0.000992,0.000095,0.000000,PMPI_Sendrecv
State,rank-86,MPI_STATE,0.000993,0.001191,0.000198,0.000000,PMPI_Sendrecv
State,rank-86,MPI_STATE,0.001194,0.001570,0.000376,0.000000,PMPI_Sendrecv
State,rank-86,MPI_STATE,0.004593,0.004593,0.000000,0.000000,PMPI_Reduce
State,rank-86,MPI_STATE,0.004595,0.004595,0.000000,0.000000,PMPI_Reduce
State,rank-86,MPI_STATE,0.004597,0.004693,0.000096,0.000000,PMPI_Barrier
State,rank-86,MPI_STATE,0.004694,0.004694,0.000000,0.000000,PMPI_Finalize
State,rank-85,MPI_STATE,0.000000,0.000000,0.000000,0.000000,PMPI_Init
State,rank-85,MPI_STATE,0.000031,0.000516,0.000485,0.000000,PMPI_Barrier
State,rank-85,MPI_STATE,0.000521,0.000762,0.000241,0.000000,PMPI_Scatter
State,rank-85,MPI_STATE,0.000769,0.000777,0.000008,0.000000,PMPI_Sendrecv
State,rank-85,MPI_STATE,0.000778,0.000807,0.000029,0.000000,PMPI_Sendrecv
State,rank-85,MPI_STATE,0.000809,0.000834,0.000025,0.000000,PMPI_Sendrecv
State,rank-85,MPI_STATE,0.000836,0.000895,0.000059,0.000000,PMPI_Sendrecv
State,rank-85,MPI_STATE,0.000897,0.000992,0.000095,0.000000,PMPI_Sendrecv
State,rank-85,MPI_STATE,0.000994,0.001192,0.000198,0.000000,PMPI_Sendrecv
State,rank-85,MPI_STATE,0.001195,0.001571,0.000376,0.000000,PMPI_Sendrecv
State,rank-85,MPI_STATE,0.004612,0.004612,0.000000,0.000000,PMPI_Reduce
State,rank-85,MPI_STATE,0.004615,0.004615,0.000000,0.000000,PMPI_Reduce
State,rank-85,MPI_STATE,0.004617,0.004693,0.000076,0.000000,PMPI_Barrier
State,rank-85,MPI_STATE,0.004694,0.004694,0.000000,0.000000,PMPI_Finalize
State,rank-84,MPI_STATE,0.000000,0.000000,0.000000,0.000000,PMPI_Init
State,rank-84,MPI_STATE,0.000031,0.000516,0.000485,0.000000,PMPI_Barrier
State,rank-84,MPI_STATE,0.000520,0.000580,0.000060,0.000000,PMPI_Scatter
State,rank-84,MPI_STATE,0.000588,0.000777,0.000189,0.000000,PMPI_Sendrecv
State,rank-84,MPI_STATE,0.000778,0.000807,0.000029,0.000000,PMPI_Sendrecv
State,rank-84,MPI_STATE,0.000809,0.000834,0.000025,0.000000,PMPI_Sendrecv
State,rank-84,MPI_STATE,0.000836,0.000896,0.000060,0.000000,PMPI_Sendrecv
State,rank-84,MPI_STATE,0.000898,0.000993,0.000095,0.000000,PMPI_Sendrecv
State,rank-84,MPI_STATE,0.000994,0.001190,0.000196,0.000000,PMPI_Sendrecv
State,rank-84,MPI_STATE,0.001192,0.001568,0.000376,0.000000,PMPI_Sendrecv
State,rank-84,MPI_STATE,0.004648,0.004648,0.000000,0.000000,PMPI_Reduce
State,rank-84,MPI_STATE,0.004650,0.004650,0.000000,0.000000,PMPI_Reduce
State,rank-84,MPI_STATE,0.004652,0.004693,0.000041,0.000000,PMPI_Barrier
State,rank-84,MPI_STATE,0.004695,0.004695,0.000000,0.000000,PMPI_Finalize
State,rank-83,MPI_STATE,0.000000,0.000000,0.000000,0.000000,PMPI_Init
State,rank-83,MPI_STATE,0.000032,0.000516,0.000484,0.000000,PMPI_Barrier
State,rank-83,MPI_STATE,0.000520,0.000762,0.000242,0.000000,PMPI_Scatter
State,rank-83,MPI_STATE,0.000769,0.000777,0.000008,0.000000,PMPI_Sendrecv
State,rank-83,MPI_STATE,0.000779,0.000792,0.000013,0.000000,PMPI_Sendrecv
State,rank-83,MPI_STATE,0.000794,0.000833,0.000039,0.000000,PMPI_Sendrecv
State,rank-83,MPI_STATE,0.000835,0.000895,0.000060,0.000000,PMPI_Sendrecv
State,rank-83,MPI_STATE,0.000896,0.000991,0.000095,0.000000,PMPI_Sendrecv
State,rank-83,MPI_STATE,0.000993,0.001192,0.000199,0.000000,PMPI_Sendrecv
State,rank-83,MPI_STATE,0.001194,0.001570,0.000376,0.000000,PMPI_Sendrecv
State,rank-83,MPI_STATE,0.004611,0.004611,0.000000,0.000000,PMPI_Reduce
State,rank-83,MPI_STATE,0.004613,0.004613,0.000000,0.000000,PMPI_Reduce
State,rank-83,MPI_STATE,0.004615,0.004693,0.000078,0.000000,PMPI_Barrier
State,rank-83,MPI_STATE,0.004695,0.004695,0.000000,0.000000,PMPI_Finalize
State,rank-82,MPI_STATE,0.000000,0.000000,0.000000,0.000000,PMPI_Init
State,rank-82,MPI_STATE,0.000031,0.000516,0.000485,0.000000,PMPI_Barrier
State,rank-82,MPI_STATE,0.000656,0.000661,0.000005,0.000000,PMPI_Scatter
State,rank-82,MPI_STATE,0.000667,0.000777,0.000110,0.000000,PMPI_Sendrecv
State,rank-82,MPI_STATE,0.000779,0.000792,0.000013,0.000000,PMPI_Sendrecv
State,rank-82,MPI_STATE,0.000794,0.000833,0.000039,0.000000,PMPI_Sendrecv
State,rank-82,MPI_STATE,0.000835,0.000895,0.000060,0.000000,PMPI_Sendrecv
State,rank-82,MPI_STATE,0.000896,0.000991,0.000095,0.000000,PMPI_Sendrecv
State,rank-82,MPI_STATE,0.000993,0.001193,0.000200,0.000000,PMPI_Sendrecv
State,rank-82,MPI_STATE,0.001195,0.001571,0.000376,0.000000,PMPI_Sendrecv
State,rank-82,MPI_STATE,0.004627,0.004627,0.000000,0.000000,PMPI_Reduce
State,rank-82,MPI_STATE,0.004629,0.004629,0.000000,0.000000,PMPI_Reduce
State,rank-82,MPI_STATE,0.004631,0.004693,0.000062,0.000000,PMPI_Barrier
State,rank-82,MPI_STATE,0.004695,0.004695,0.000000,0.000000,PMPI_Finalize
State,rank-81,MPI_STATE,0.000000,0.000000,0.000000,0.000000,PMPI_Init
State,rank-81,MPI_STATE,0.000030,0.000516,0.000486,0.000000,PMPI_Barrier
State,rank-81,MPI_STATE,0.000519,0.000725,0.000206,0.000000,PMPI_Scatter
State,rank-81,MPI_STATE,0.000730,0.000738,0.000008,0.000000,PMPI_Sendrecv
State,rank-81,MPI_STATE,0.000740,0.000792,0.000052,0.000000,PMPI_Sendrecv
State,rank-81,MPI_STATE,0.000795,0.000834,0.000039,0.000000,PMPI_Sendrecv
State,rank-81,MPI_STATE,0.000835,0.000896,0.000061,0.000000,PMPI_Sendrecv
State,rank-81,MPI_STATE,0.000899,0.000994,0.000095,0.000000,PMPI_Sendrecv
State,rank-81,MPI_STATE,0.000996,0.001190,0.000194,0.000000,PMPI_Sendrecv
State,rank-81,MPI_STATE,0.001192,0.001568,0.000376,0.000000,PMPI_Sendrecv
State,rank-81,MPI_STATE,0.004570,0.004570,0.000000,0.000000,PMPI_Reduce
State,rank-81,MPI_STATE,0.004573,0.004573,0.000000,0.000000,PMPI_Reduce
State,rank-81,MPI_STATE,0.004575,0.004693,0.000118,0.000000,PMPI_Barrier
State,rank-81,MPI_STATE,0.004694,0.004694,0.000000,0.000000,PMPI_Finalize
State,rank-80,MPI_STATE,0.000000,0.000000,0.000000,0.000000,PMPI_Init
State,rank-80,MPI_STATE,0.000031,0.000516,0.000485,0.000000,PMPI_Barrier
State,rank-80,MPI_STATE,0.000520,0.000537,0.000017,0.000000,PMPI_Scatter
State,rank-80,MPI_STATE,0.000547,0.000738,0.000191,0.000000,PMPI_Sendrecv
State,rank-80,MPI_STATE,0.000740,0.000792,0.000052,0.000000,PMPI_Sendrecv
State,rank-80,MPI_STATE,0.000794,0.000834,0.000040,0.000000,PMPI_Sendrecv
State,rank-80,MPI_STATE,0.000836,0.000896,0.000060,0.000000,PMPI_Sendrecv
State,rank-80,MPI_STATE,0.000898,0.000993,0.000095,0.000000,PMPI_Sendrecv
State,rank-80,MPI_STATE,0.000995,0.001192,0.000197,0.000000,PMPI_Sendrecv
State,rank-80,MPI_STATE,0.001194,0.001570,0.000376,0.000000,PMPI_Sendrecv
State,rank-80,MPI_STATE,0.004605,0.004605,0.000000,0.000000,PMPI_Reduce
State,rank-80,MPI_STATE,0.004607,0.004607,0.000000,0.000000,PMPI_Reduce
State,rank-80,MPI_STATE,0.004609,0.004692,0.000083,0.000000,PMPI_Barrier
State,rank-80,MPI_STATE,0.004694,0.004694,0.000000,0.000000,PMPI_Finalize
State,rank-79,MPI_STATE,0.000000,0.000000,0.000000,0.000000,PMPI_Init
State,rank-79,MPI_STATE,0.000030,0.000516,0.000486,0.000000,PMPI_Barrier
State,rank-79,MPI_STATE,0.000521,0.000778,0.000257,0.000000,PMPI_Scatter
State,rank-79,MPI_STATE,0.000785,0.000793,0.000008,0.000000,PMPI_Sendrecv
State,rank-79,MPI_STATE,0.000794,0.000807,0.000013,0.000000,PMPI_Sendrecv
State,rank-79,MPI_STATE,0.000809,0.000834,0.000025,0.000000,PMPI_Sendrecv
State,rank-79,MPI_STATE,0.000836,0.000884,0.000048,0.000000,PMPI_Sendrecv
State,rank-79,MPI_STATE,0.000886,0.000992,0.000106,0.000000,PMPI_Sendrecv
State,rank-79,MPI_STATE,0.000993,0.001193,0.000200,0.000000,PMPI_Sendrecv
State,rank-79,MPI_STATE,0.001195,0.001571,0.000376,0.000000,PMPI_Sendrecv
State,rank-79,MPI_STATE,0.004593,0.004593,0.000000,0.000000,PMPI_Reduce
State,rank-79,MPI_STATE,0.004595,0.004595,0.000000,0.000000,PMPI_Reduce
State,rank-79,MPI_STATE,0.004596,0.004693,0.000097,0.000000,PMPI_Barrier
State,rank-79,MPI_STATE,0.004695,0.004695,0.000000,0.000000,PMPI_Finalize
State,rank-7,MPI_STATE,0.000000,0.000000,0.000000,0.000000,PMPI_Init
State,rank-7,MPI_STATE,0.000039,0.000516,0.000477,0.000000,PMPI_Barrier
State,rank-7,MPI_STATE,0.000520,0.000725,0.000205,0.000000,PMPI_Scatter
State,rank-7,MPI_STATE,0.000732,0.000740,0.000008,0.000000,PMPI_Sendrecv
State,rank-7,MPI_STATE,0.000741,0.000754,0.000013,0.000000,PMPI_Sendrecv
State,rank-7,MPI_STATE,0.000756,0.000794,0.000038,0.000000,PMPI_Sendrecv
State,rank-7,MPI_STATE,0.000796,0.000865,0.000069,0.000000,PMPI_Sendrecv
State,rank-7,MPI_STATE,0.000867,0.000980,0.000113,0.000000,PMPI_Sendrecv
State,rank-7,MPI_STATE,0.000983,0.001183,0.000200,0.000000,PMPI_Sendrecv
State,rank-7,MPI_STATE,0.001184,0.001571,0.000387,0.000000,PMPI_Sendrecv
State,rank-7,MPI_STATE,0.004624,0.004624,0.000000,0.000000,PMPI_Reduce
State,rank-7,MPI_STATE,0.004626,0.004626,0.000000,0.000000,PMPI_Reduce
State,rank-7,MPI_STATE,0.004628,0.004693,0.000065,0.000000,PMPI_Barrier
State,rank-7,MPI_STATE,0.004695,0.004695,0.000000,0.000000,PMPI_Finalize
State,rank-78,MPI_STATE,0.000000,0.000000,0.000000,0.000000,PMPI_Init
State,rank-78,MPI_STATE,0.000033,0.000516,0.000483,0.000000,PMPI_Barrier
State,rank-78,MPI_STATE,0.000520,0.000640,0.000120,0.000000,PMPI_Scatter
State,rank-78,MPI_STATE,0.000646,0.000793,0.000147,0.000000,PMPI_Sendrecv
State,rank-78,MPI_STATE,0.000795,0.000808,0.000013,0.000000,PMPI_Sendrecv
State,rank-78,MPI_STATE,0.000810,0.000835,0.000025,0.000000,PMPI_Sendrecv
State,rank-78,MPI_STATE,0.000837,0.000885,0.000048,0.000000,PMPI_Sendrecv
State,rank-78,MPI_STATE,0.000887,0.000992,0.000105,0.000000,PMPI_Sendrecv
State,rank-78,MPI_STATE,0.000994,0.001191,0.000197,0.000000,PMPI_Sendrecv
State,rank-78,MPI_STATE,0.001193,0.001569,0.000376,0.000000,PMPI_Sendrecv
State,rank-78,MPI_STATE,0.004574,0.004574,0.000000,0.000000,PMPI_Reduce
State,rank-78,MPI_STATE,0.004576,0.004576,0.000000,0.000000,PMPI_Reduce
State,rank-78,MPI_STATE,0.004577,0.004693,0.000116,0.000000,PMPI_Barrier
State,rank-78,MPI_STATE,0.004695,0.004695,0.000000,0.000000,PMPI_Finalize
State,rank-77,MPI_STATE,0.000000,0.000000,0.000000,0.000000,PMPI_Init
State,rank-77,MPI_STATE,0.000034,0.000516,0.000482,0.000000,PMPI_Barrier
State,rank-77,MPI_STATE,0.000519,0.000762,0.000243,0.000000,PMPI_Scatter
State,rank-77,MPI_STATE,0.000769,0.000777,0.000008,0.000000,PMPI_Sendrecv
State,rank-77,MPI_STATE,0.000778,0.000807,0.000029,0.000000,PMPI_Sendrecv
State,rank-77,MPI_STATE,0.000810,0.000835,0.000025,0.000000,PMPI_Sendrecv
State,rank-77,MPI_STATE,0.000836,0.000884,0.000048,0.000000,PMPI_Sendrecv
State,rank-77,MPI_STATE,0.000886,0.000991,0.000105,0.000000,PMPI_Sendrecv
State,rank-77,MPI_STATE,0.000993,0.001191,0.000198,0.000000,PMPI_Sendrecv
State,rank-77,MPI_STATE,0.001193,0.001569,0.000376,0.000000,PMPI_Sendrecv
State,rank-77,MPI_STATE,0.004584,0.004584,0.000000,0.000000,PMPI_Reduce
State,rank-77,MPI_STATE,0.004586,0.004586,0.000000,0.000000,PMPI_Reduce
State,rank-77,MPI_STATE,0.004587,0.004693,0.000106,0.000000,PMPI_Barrier
State,rank-77,MPI_STATE,0.004694,0.004694,0.000000,0.000000,PMPI_Finalize
State,rank-76,MPI_STATE,0.000000,0.000000,0.000000,0.000000,PMPI_Init
State,rank-76,MPI_STATE,0.000035,0.000516,0.000481,0.000000,PMPI_Barrier
State,rank-76,MPI_STATE,0.000519,0.000580,0.000061,0.000000,PMPI_Scatter
State,rank-76,MPI_STATE,0.000589,0.000777,0.000188,0.000000,PMPI_Sendrecv
State,rank-76,MPI_STATE,0.000779,0.000808,0.000029,0.000000,PMPI_Sendrecv
State,rank-76,MPI_STATE,0.000810,0.000835,0.000025,0.000000,PMPI_Sendrecv
State,rank-76,MPI_STATE,0.000837,0.000885,0.000048,0.000000,PMPI_Sendrecv
State,rank-76,MPI_STATE,0.000886,0.000992,0.000106,0.000000,PMPI_Sendrecv
State,rank-76,MPI_STATE,0.000994,0.001190,0.000196,0.000000,PMPI_Sendrecv
State,rank-76,MPI_STATE,0.001192,0.001568,0.000376,0.000000,PMPI_Sendrecv
State,rank-76,MPI_STATE,0.004596,0.004596,0.000000,0.000000,PMPI_Reduce
State,rank-76,MPI_STATE,0.004598,0.004598,0.000000,0.000000,PMPI_Reduce
State,rank-76,MPI_STATE,0.004600,0.004693,0.000093,0.000000,PMPI_Barrier
State,rank-76,MPI_STATE,0.004694,0.004694,0.000000,0.000000,PMPI_Finalize
State,rank-75,MPI_STATE,0.000000,0.000000,0.000000,0.000000,PMPI_Init
State,rank-75,MPI_STATE,0.000068,0.000516,0.000448,0.000000,PMPI_Barrier
State,rank-75,MPI_STATE,0.000520,0.000762,0.000242,0.000000,PMPI_Scatter
State,rank-75,MPI_STATE,0.000768,0.000776,0.000008,0.000000,PMPI_Sendrecv
State,rank-75,MPI_STATE,0.000778,0.000791,0.000013,0.000000,PMPI_Sendrecv
State,rank-75,MPI_STATE,0.000793,0.000834,0.000041,0.000000,PMPI_Sendrecv
State,rank-75,MPI_STATE,0.000837,0.000885,0.000048,0.000000,PMPI_Sendrecv
State,rank-75,MPI_STATE,0.000887,0.000993,0.000106,0.000000,PMPI_Sendrecv
State,rank-75,MPI_STATE,0.000996,0.001192,0.000196,0.000000,PMPI_Sendrecv
State,rank-75,MPI_STATE,0.001194,0.001570,0.000376,0.000000,PMPI_Sendrecv
State,rank-75,MPI_STATE,0.004563,0.004563,0.000000,0.000000,PMPI_Reduce
State,rank-75,MPI_STATE,0.004565,0.004565,0.000000,0.000000,PMPI_Reduce
State,rank-75,MPI_STATE,0.004567,0.004693,0.000126,0.000000,PMPI_Barrier
State,rank-75,MPI_STATE,0.004695,0.004695,0.000000,0.000000,PMPI_Finalize
State,rank-74,MPI_STATE,0.000000,0.000000,0.000000,0.000000,PMPI_Init
State,rank-74,MPI_STATE,0.000037,0.000516,0.000479,0.000000,PMPI_Barrier
State,rank-74,MPI_STATE,0.000521,0.000625,0.000104,0.000000,PMPI_Scatter
State,rank-74,MPI_STATE,0.000634,0.000776,0.000142,0.000000,PMPI_Sendrecv
State,rank-74,MPI_STATE,0.000777,0.000790,0.000013,0.000000,PMPI_Sendrecv
State,rank-74,MPI_STATE,0.000791,0.000835,0.000044,0.000000,PMPI_Sendrecv
State,rank-74,MPI_STATE,0.000837,0.000885,0.000048,0.000000,PMPI_Sendrecv
State,rank-74,MPI_STATE,0.000887,0.000992,0.000105,0.000000,PMPI_Sendrecv
State,rank-74,MPI_STATE,0.000994,0.001193,0.000199,0.000000,PMPI_Sendrecv
State,rank-74,MPI_STATE,0.001194,0.001570,0.000376,0.000000,PMPI_Sendrecv
State,rank-74,MPI_STATE,0.004571,0.004571,0.000000,0.000000,PMPI_Reduce
State,rank-74,MPI_STATE,0.004573,0.004573,0.000000,0.000000,PMPI_Reduce
State,rank-74,MPI_STATE,0.004575,0.004693,0.000118,0.000000,PMPI_Barrier
State,rank-74,MPI_STATE,0.004695,0.004695,0.000000,0.000000,PMPI_Finalize
State,rank-73,MPI_STATE,0.000000,0.000000,0.000000,0.000000,PMPI_Init
State,rank-73,MPI_STATE,0.000038,0.000516,0.000478,0.000000,PMPI_Barrier
State,rank-73,MPI_STATE,0.000519,0.000725,0.000206,0.000000,PMPI_Scatter
State,rank-73,MPI_STATE,0.000731,0.000739,0.000008,0.000000,PMPI_Sendrecv
State,rank-73,MPI_STATE,0.000741,0.000791,0.000050,0.000000,PMPI_Sendrecv
State,rank-73,MPI_STATE,0.000793,0.000835,0.000042,0.000000,PMPI_Sendrecv
State,rank-73,MPI_STATE,0.000836,0.000884,0.000048,0.000000,PMPI_Sendrecv
State,rank-73,MPI_STATE,0.000885,0.000993,0.000108,0.000000,PMPI_Sendrecv
State,rank-73,MPI_STATE,0.000995,0.001191,0.000196,0.000000,PMPI_Sendrecv
State,rank-73,MPI_STATE,0.001193,0.001569,0.000376,0.000000,PMPI_Sendrecv
State,rank-73,MPI_STATE,0.004609,0.004609,0.000000,0.000000,PMPI_Reduce
State,rank-73,MPI_STATE,0.004611,0.004611,0.000000,0.000000,PMPI_Reduce
State,rank-73,MPI_STATE,0.004613,0.004693,0.000080,0.000000,PMPI_Barrier
State,rank-73,MPI_STATE,0.004695,0.004695,0.000000,0.000000,PMPI_Finalize
State,rank-72,MPI_STATE,0.000000,0.000000,0.000000,0.000000,PMPI_Init
State,rank-72,MPI_STATE,0.000034,0.000516,0.000482,0.000000,PMPI_Barrier
State,rank-72,MPI_STATE,0.000519,0.000548,0.000029,0.000000,PMPI_Scatter
State,rank-72,MPI_STATE,0.000558,0.000739,0.000181,0.000000,PMPI_Sendrecv
State,rank-72,MPI_STATE,0.000740,0.000790,0.000050,0.000000,PMPI_Sendrecv
State,rank-72,MPI_STATE,0.000792,0.000835,0.000043,0.000000,PMPI_Sendrecv
State,rank-72,MPI_STATE,0.000836,0.000884,0.000048,0.000000,PMPI_Sendrecv
State,rank-72,MPI_STATE,0.000885,0.000992,0.000107,0.000000,PMPI_Sendrecv
State,rank-72,MPI_STATE,0.000993,0.001194,0.000201,0.000000,PMPI_Sendrecv
State,rank-72,MPI_STATE,0.001196,0.001572,0.000376,0.000000,PMPI_Sendrecv
State,rank-72,MPI_STATE,0.004625,0.004625,0.000000,0.000000,PMPI_Reduce
State,rank-72,MPI_STATE,0.004628,0.004628,0.000000,0.000000,PMPI_Reduce
State,rank-72,MPI_STATE,0.004631,0.004692,0.000061,0.000000,PMPI_Barrier
State,rank-72,MPI_STATE,0.004694,0.004694,0.000000,0.000000,PMPI_Finalize
State,rank-71,MPI_STATE,0.000000,0.000000,0.000000,0.000000,PMPI_Init
State,rank-71,MPI_STATE,0.000042,0.000516,0.000474,0.000000,PMPI_Barrier
State,rank-71,MPI_STATE,0.000521,0.000762,0.000241,0.000000,PMPI_Scatter
State,rank-71,MPI_STATE,0.000769,0.000777,0.000008,0.000000,PMPI_Sendrecv
State,rank-71,MPI_STATE,0.000779,0.000792,0.000013,0.000000,PMPI_Sendrecv
State,rank-71,MPI_STATE,0.000794,0.000818,0.000024,0.000000,PMPI_Sendrecv
State,rank-71,MPI_STATE,0.000820,0.000884,0.000064,0.000000,PMPI_Sendrecv
State,rank-71,MPI_STATE,0.000886,0.000992,0.000106,0.000000,PMPI_Sendrecv
State,rank-71,MPI_STATE,0.000994,0.001193,0.000199,0.000000,PMPI_Sendrecv
State,rank-71,MPI_STATE,0.001195,0.001571,0.000376,0.000000,PMPI_Sendrecv
State,rank-71,MPI_STATE,0.004619,0.004619,0.000000,0.000000,PMPI_Reduce
State,rank-71,MPI_STATE,0.004621,0.004621,0.000000,0.000000,PMPI_Reduce
State,rank-71,MPI_STATE,0.004622,0.004693,0.000071,0.000000,PMPI_Barrier
State,rank-71,MPI_STATE,0.004695,0.004695,0.000000,0.000000,PMPI_Finalize
State,rank-70,MPI_STATE,0.000000,0.000000,0.000000,0.000000,PMPI_Init
State,rank-70,MPI_STATE,0.000059,0.000516,0.000457,0.000000,PMPI_Barrier
State,rank-70,MPI_STATE,0.000519,0.000625,0.000106,0.000000,PMPI_Scatter
State,rank-70,MPI_STATE,0.000632,0.000777,0.000145,0.000000,PMPI_Sendrecv
State,rank-70,MPI_STATE,0.000779,0.000792,0.000013,0.000000,PMPI_Sendrecv
State,rank-70,MPI_STATE,0.000794,0.000818,0.000024,0.000000,PMPI_Sendrecv
State,rank-70,MPI_STATE,0.000820,0.000885,0.000065,0.000000,PMPI_Sendrecv
State,rank-70,MPI_STATE,0.000887,0.000992,0.000105,0.000000,PMPI_Sendrecv
State,rank-70,MPI_STATE,0.000996,0.001192,0.000196,0.000000,PMPI_Sendrecv
State,rank-70,MPI_STATE,0.001194,0.001570,0.000376,0.000000,PMPI_Sendrecv
State,rank-70,MPI_STATE,0.004563,0.004563,0.000000,0.000000,PMPI_Reduce
State,rank-70,MPI_STATE,0.004565,0.004565,0.000000,0.000000,PMPI_Reduce
State,rank-70,MPI_STATE,0.004567,0.004693,0.000126,0.000000,PMPI_Barrier
State,rank-70,MPI_STATE,0.004695,0.004695,0.000000,0.000000,PMPI_Finalize
State,rank-69,MPI_STATE,0.000000,0.000000,0.000000,0.000000,PMPI_Init
State,rank-69,MPI_STATE,0.000034,0.000516,0.000482,0.000000,PMPI_Barrier
State,rank-69,MPI_STATE,0.000521,0.000725,0.000204,0.000000,PMPI_Scatter
State,rank-69,MPI_STATE,0.000731,0.000739,0.000008,0.000000,PMPI_Sendrecv
State,rank-69,MPI_STATE,0.000741,0.000792,0.000051,0.000000,PMPI_Sendrecv
State,rank-69,MPI_STATE,0.000794,0.000818,0.000024,0.000000,PMPI_Sendrecv
State,rank-69,MPI_STATE,0.000820,0.000884,0.000064,0.000000,PMPI_Sendrecv
State,rank-69,MPI_STATE,0.000885,0.000992,0.000107,0.000000,PMPI_Sendrecv
State,rank-69,MPI_STATE,0.000995,0.001192,0.000197,0.000000,PMPI_Sendrecv
State,rank-69,MPI_STATE,0.001194,0.001570,0.000376,0.000000,PMPI_Sendrecv
State,rank-69,MPI_STATE,0.004592,0.004592,0.000000,0.000000,PMPI_Reduce
State,rank-69,MPI_STATE,0.004598,0.004598,0.000000,0.000000,PMPI_Reduce
State,rank-69,MPI_STATE,0.004600,0.004693,0.000093,0.000000,PMPI_Barrier
State,rank-69,MPI_STATE,0.004695,0.004695,0.000000,0.000000,PMPI_Finalize
State,rank-6,MPI_STATE,0.000000,0.000000,0.000000,0.000000,PMPI_Init
State,rank-6,MPI_STATE,0.000045,0.000516,0.000471,0.000000,PMPI_Barrier
State,rank-6,MPI_STATE,0.000520,0.000598,0.000078,0.000000,PMPI_Scatter
State,rank-6,MPI_STATE,0.000606,0.000740,0.000134,0.000000,PMPI_Sendrecv
State,rank-6,MPI_STATE,0.000741,0.000754,0.000013,0.000000,PMPI_Sendrecv
State,rank-6,MPI_STATE,0.000755,0.000780,0.000025,0.000000,PMPI_Sendrecv
State,rank-6,MPI_STATE,0.000782,0.000867,0.000085,0.000000,PMPI_Sendrecv
State,rank-6,MPI_STATE,0.000868,0.000981,0.000113,0.000000,PMPI_Sendrecv
State,rank-6,MPI_STATE,0.000982,0.001183,0.000201,0.000000,PMPI_Sendrecv
State,rank-6,MPI_STATE,0.001185,0.001570,0.000385,0.000000,PMPI_Sendrecv
State,rank-6,MPI_STATE,0.004558,0.004558,0.000000,0.000000,PMPI_Reduce
State,rank-6,MPI_STATE,0.004560,0.004560,0.000000,0.000000,PMPI_Reduce
State,rank-6,MPI_STATE,0.004562,0.004692,0.000130,0.000000,PMPI_Barrier
State,rank-6,MPI_STATE,0.004694,0.004694,0.000000,0.000000,PMPI_Finalize
State,rank-68,MPI_STATE,0.000000,0.000000,0.000000,0.000000,PMPI_Init
State,rank-68,MPI_STATE,0.000036,0.000516,0.000480,0.000000,PMPI_Barrier
State,rank-68,MPI_STATE,0.000521,0.000567,0.000046,0.000000,PMPI_Scatter
State,rank-68,MPI_STATE,0.000573,0.000739,0.000166,0.000000,PMPI_Sendrecv
State,rank-68,MPI_STATE,0.000741,0.000792,0.000051,0.000000,PMPI_Sendrecv
State,rank-68,MPI_STATE,0.000794,0.000818,0.000024,0.000000,PMPI_Sendrecv
State,rank-68,MPI_STATE,0.000820,0.000885,0.000065,0.000000,PMPI_Sendrecv
State,rank-68,MPI_STATE,0.000887,0.000993,0.000106,0.000000,PMPI_Sendrecv
State,rank-68,MPI_STATE,0.000994,0.001191,0.000197,0.000000,PMPI_Sendrecv
State,rank-68,MPI_STATE,0.001193,0.001569,0.000376,0.000000,PMPI_Sendrecv
State,rank-68,MPI_STATE,0.004617,0.004617,0.000000,0.000000,PMPI_Reduce
State,rank-68,MPI_STATE,0.004620,0.004620,0.000000,0.000000,PMPI_Reduce
State,rank-68,MPI_STATE,0.004621,0.004692,0.000071,0.000000,PMPI_Barrier
State,rank-68,MPI_STATE,0.004694,0.004694,0.000000,0.000000,PMPI_Finalize
State,rank-67,MPI_STATE,0.000000,0.000000,0.000000,0.000000,PMPI_Init
State,rank-67,MPI_STATE,0.000031,0.000516,0.000485,0.000000,PMPI_Barrier
State,rank-67,MPI_STATE,0.000520,0.000725,0.000205,0.000000,PMPI_Scatter
State,rank-67,MPI_STATE,0.000731,0.000739,0.000008,0.000000,PMPI_Sendrecv
State,rank-67,MPI_STATE,0.000741,0.000754,0.000013,0.000000,PMPI_Sendrecv
State,rank-67,MPI_STATE,0.000756,0.000818,0.000062,0.000000,PMPI_Sendrecv
State,rank-67,MPI_STATE,0.000819,0.000885,0.000066,0.000000,PMPI_Sendrecv
State,rank-67,MPI_STATE,0.000888,0.000991,0.000103,0.000000,PMPI_Sendrecv
State,rank-67,MPI_STATE,0.000992,0.001192,0.000200,0.000000,PMPI_Sendrecv
State,rank-67,MPI_STATE,0.001194,0.001570,0.000376,0.000000,PMPI_Sendrecv
State,rank-67,MPI_STATE,0.004597,0.004597,0.000000,0.000000,PMPI_Reduce
State,rank-67,MPI_STATE,0.004599,0.004599,0.000000,0.000000,PMPI_Reduce
State,rank-67,MPI_STATE,0.004601,0.004693,0.000092,0.000000,PMPI_Barrier
State,rank-67,MPI_STATE,0.004695,0.004695,0.000000,0.000000,PMPI_Finalize
State,rank-66,MPI_STATE,0.000000,0.000000,0.000000,0.000000,PMPI_Init
State,rank-66,MPI_STATE,0.000038,0.000516,0.000478,0.000000,PMPI_Barrier
State,rank-66,MPI_STATE,0.000519,0.000598,0.000079,0.000000,PMPI_Scatter
State,rank-66,MPI_STATE,0.000606,0.000739,0.000133,0.000000,PMPI_Sendrecv
State,rank-66,MPI_STATE,0.000741,0.000754,0.000013,0.000000,PMPI_Sendrecv
State,rank-66,MPI_STATE,0.000755,0.000818,0.000063,0.000000,PMPI_Sendrecv
State,rank-66,MPI_STATE,0.000819,0.000885,0.000066,0.000000,PMPI_Sendrecv
State,rank-66,MPI_STATE,0.000886,0.000991,0.000105,0.000000,PMPI_Sendrecv
State,rank-66,MPI_STATE,0.000993,0.001193,0.000200,0.000000,PMPI_Sendrecv
State,rank-66,MPI_STATE,0.001195,0.001571,0.000376,0.000000,PMPI_Sendrecv
State,rank-66,MPI_STATE,0.004619,0.004619,0.000000,0.000000,PMPI_Reduce
State,rank-66,MPI_STATE,0.004622,0.004622,0.000000,0.000000,PMPI_Reduce
State,rank-66,MPI_STATE,0.004623,0.004692,0.000069,0.000000,PMPI_Barrier
State,rank-66,MPI_STATE,0.004694,0.004694,0.000000,0.000000,PMPI_Finalize
State,rank-65,MPI_STATE,0.000000,0.000000,0.000000,0.000000,PMPI_Init
State,rank-65,MPI_STATE,0.000039,0.000516,0.000477,0.000000,PMPI_Barrier
State,rank-65,MPI_STATE,0.000521,0.000668,0.000147,0.000000,PMPI_Scatter
State,rank-65,MPI_STATE,0.000674,0.000682,0.000008,0.000000,PMPI_Sendrecv
State,rank-65,MPI_STATE,0.000684,0.000754,0.000070,0.000000,PMPI_Sendrecv
State,rank-65,MPI_STATE,0.000755,0.000818,0.000063,0.000000,PMPI_Sendrecv
State,rank-65,MPI_STATE,0.000819,0.000884,0.000065,0.000000,PMPI_Sendrecv
State,rank-65,MPI_STATE,0.000886,0.000994,0.000108,0.000000,PMPI_Sendrecv
State,rank-65,MPI_STATE,0.000997,0.001190,0.000193,0.000000,PMPI_Sendrecv
State,rank-65,MPI_STATE,0.001192,0.001568,0.000376,0.000000,PMPI_Sendrecv
State,rank-65,MPI_STATE,0.004564,0.004564,0.000000,0.000000,PMPI_Reduce
State,rank-65,MPI_STATE,0.004567,0.004567,0.000000,0.000000,PMPI_Reduce
State,rank-65,MPI_STATE,0.004569,0.004692,0.000123,0.000000,PMPI_Barrier
State,rank-65,MPI_STATE,0.004694,0.004694,0.000000,0.000000,PMPI_Finalize
State,rank-64,MPI_STATE,0.000000,0.000000,0.000000,0.000000,PMPI_Init
State,rank-64,MPI_STATE,0.000040,0.000516,0.000476,0.000000,PMPI_Barrier
State,rank-64,MPI_STATE,0.000522,0.000527,0.000005,0.000000,PMPI_Scatter
State,rank-64,MPI_STATE,0.000542,0.000682,0.000140,0.000000,PMPI_Sendrecv
State,rank-64,MPI_STATE,0.000684,0.000754,0.000070,0.000000,PMPI_Sendrecv
State,rank-64,MPI_STATE,0.000756,0.000818,0.000062,0.000000,PMPI_Sendrecv
State,rank-64,MPI_STATE,0.000820,0.000884,0.000064,0.000000,PMPI_Sendrecv
State,rank-64,MPI_STATE,0.000886,0.000993,0.000107,0.000000,PMPI_Sendrecv
State,rank-64,MPI_STATE,0.000994,0.001192,0.000198,0.000000,PMPI_Sendrecv
State,rank-64,MPI_STATE,0.001193,0.001569,0.000376,0.000000,PMPI_Sendrecv
State,rank-64,MPI_STATE,0.004565,0.004565,0.000000,0.000000,PMPI_Reduce
State,rank-64,MPI_STATE,0.004568,0.004568,0.000000,0.000000,PMPI_Reduce
State,rank-64,MPI_STATE,0.004570,0.004692,0.000122,0.000000,PMPI_Barrier
State,rank-64,MPI_STATE,0.004694,0.004694,0.000000,0.000000,PMPI_Finalize
State,rank-63,MPI_STATE,0.000000,0.000000,0.000000,0.000000,PMPI_Init
State,rank-63,MPI_STATE,0.000045,0.000517,0.000472,0.000000,PMPI_Barrier
State,rank-63,MPI_STATE,0.000522,0.000789,0.000267,0.000000,PMPI_Scatter
State,rank-63,MPI_STATE,0.000797,0.000805,0.000008,0.000000,PMPI_Sendrecv
State,rank-63,MPI_STATE,0.000807,0.000820,0.000013,0.000000,PMPI_Sendrecv
State,rank-63,MPI_STATE,0.000822,0.000847,0.000025,0.000000,PMPI_Sendrecv
State,rank-63,MPI_STATE,0.000849,0.000897,0.000048,0.000000,PMPI_Sendrecv
State,rank-63,MPI_STATE,0.000899,0.000994,0.000095,0.000000,PMPI_Sendrecv
State,rank-63,MPI_STATE,0.000996,0.001184,0.000188,0.000000,PMPI_Sendrecv
State,rank-63,MPI_STATE,0.001186,0.001571,0.000385,0.000000,PMPI_Sendrecv
State,rank-63,MPI_STATE,0.004573,0.004573,0.000000,0.000000,PMPI_Reduce
State,rank-63,MPI_STATE,0.004576,0.004576,0.000000,0.000000,PMPI_Reduce
State,rank-63,MPI_STATE,0.004579,0.004693,0.000114,0.000000,PMPI_Barrier
State,rank-63,MPI_STATE,0.004695,0.004695,0.000000,0.000000,PMPI_Finalize
State,rank-62,MPI_STATE,0.000000,0.000000,0.000000,0.000000,PMPI_Init
State,rank-62,MPI_STATE,0.000043,0.000516,0.000473,0.000000,PMPI_Barrier
State,rank-62,MPI_STATE,0.000521,0.000644,0.000123,0.000000,PMPI_Scatter
State,rank-62,MPI_STATE,0.000651,0.000805,0.000154,0.000000,PMPI_Sendrecv
State,rank-62,MPI_STATE,0.000807,0.000820,0.000013,0.000000,PMPI_Sendrecv
State,rank-62,MPI_STATE,0.000822,0.000847,0.000025,0.000000,PMPI_Sendrecv
State,rank-62,MPI_STATE,0.000849,0.000897,0.000048,0.000000,PMPI_Sendrecv
State,rank-62,MPI_STATE,0.000899,0.000994,0.000095,0.000000,PMPI_Sendrecv
State,rank-62,MPI_STATE,0.000996,0.001184,0.000188,0.000000,PMPI_Sendrecv
State,rank-62,MPI_STATE,0.001186,0.001568,0.000382,0.000000,PMPI_Sendrecv
State,rank-62,MPI_STATE,0.004558,0.004558,0.000000,0.000000,PMPI_Reduce
State,rank-62,MPI_STATE,0.004561,0.004561,0.000000,0.000000,PMPI_Reduce
State,rank-62,MPI_STATE,0.004562,0.004693,0.000131,0.000000,PMPI_Barrier
State,rank-62,MPI_STATE,0.004695,0.004695,0.000000,0.000000,PMPI_Finalize
State,rank-61,MPI_STATE,0.000000,0.000000,0.000000,0.000000,PMPI_Init
State,rank-61,MPI_STATE,0.000035,0.000516,0.000481,0.000000,PMPI_Barrier
State,rank-61,MPI_STATE,0.000520,0.000778,0.000258,0.000000,PMPI_Scatter
State,rank-61,MPI_STATE,0.000785,0.000793,0.000008,0.000000,PMPI_Sendrecv
State,rank-61,MPI_STATE,0.000794,0.000820,0.000026,0.000000,PMPI_Sendrecv
State,rank-61,MPI_STATE,0.000823,0.000848,0.000025,0.000000,PMPI_Sendrecv
State,rank-61,MPI_STATE,0.000849,0.000897,0.000048,0.000000,PMPI_Sendrecv
State,rank-61,MPI_STATE,0.000899,0.000994,0.000095,0.000000,PMPI_Sendrecv
State,rank-61,MPI_STATE,0.000995,0.001183,0.000188,0.000000,PMPI_Sendrecv
State,rank-61,MPI_STATE,0.001185,0.001569,0.000384,0.000000,PMPI_Sendrecv
State,rank-61,MPI_STATE,0.004583,0.004583,0.000000,0.000000,PMPI_Reduce
State,rank-61,MPI_STATE,0.004585,0.004585,0.000000,0.000000,PMPI_Reduce
State,rank-61,MPI_STATE,0.004587,0.004693,0.000106,0.000000,PMPI_Barrier
State,rank-61,MPI_STATE,0.004696,0.004696,0.000000,0.000000,PMPI_Finalize
State,rank-60,MPI_STATE,0.000000,0.000000,0.000000,0.000000,PMPI_Init
State,rank-60,MPI_STATE,0.000035,0.000516,0.000481,0.000000,PMPI_Barrier
State,rank-60,MPI_STATE,0.000520,0.000585,0.000065,0.000000,PMPI_Scatter
State,rank-60,MPI_STATE,0.000595,0.000793,0.000198,0.000000,PMPI_Sendrecv
State,rank-60,MPI_STATE,0.000795,0.000820,0.000025,0.000000,PMPI_Sendrecv
State,rank-60,MPI_STATE,0.000821,0.000846,0.000025,0.000000,PMPI_Sendrecv
State,rank-60,MPI_STATE,0.000848,0.000896,0.000048,0.000000,PMPI_Sendrecv
State,rank-60,MPI_STATE,0.000897,0.000992,0.000095,0.000000,PMPI_Sendrecv
State,rank-60,MPI_STATE,0.000994,0.001182,0.000188,0.000000,PMPI_Sendrecv
State,rank-60,MPI_STATE,0.001183,0.001568,0.000385,0.000000,PMPI_Sendrecv
State,rank-60,MPI_STATE,0.004573,0.004573,0.000000,0.000000,PMPI_Reduce
State,rank-60,MPI_STATE,0.004575,0.004575,0.000000,0.000000,PMPI_Reduce
State,rank-60,MPI_STATE,0.004576,0.004693,0.000117,0.000000,PMPI_Barrier
State,rank-60,MPI_STATE,0.004696,0.004696,0.000000,0.000000,PMPI_Finalize
State,rank-59,MPI_STATE,0.000000,0.000000,0.000000,0.000000,PMPI_Init
State,rank-59,MPI_STATE,0.000040,0.000516,0.000476,0.000000,PMPI_Barrier
State,rank-59,MPI_STATE,0.000520,0.000778,0.000258,0.000000,PMPI_Scatter
State,rank-59,MPI_STATE,0.000786,0.000794,0.000008,0.000000,PMPI_Sendrecv
State,rank-59,MPI_STATE,0.000795,0.000808,0.000013,0.000000,PMPI_Sendrecv
State,rank-59,MPI_STATE,0.000809,0.000847,0.000038,0.000000,PMPI_Sendrecv
State,rank-59,MPI_STATE,0.000849,0.000897,0.000048,0.000000,PMPI_Sendrecv
State,rank-59,MPI_STATE,0.000899,0.000994,0.000095,0.000000,PMPI_Sendrecv
State,rank-59,MPI_STATE,0.000995,0.001183,0.000188,0.000000,PMPI_Sendrecv
State,rank-59,MPI_STATE,0.001184,0.001570,0.000386,0.000000,PMPI_Sendrecv
State,rank-59,MPI_STATE,0.004556,0.004556,0.000000,0.000000,PMPI_Reduce
State,rank-59,MPI_STATE,0.004560,0.004560,0.000000,0.000000,PMPI_Reduce
State,rank-59,MPI_STATE,0.004562,0.004693,0.000131,0.000000,PMPI_Barrier
State,rank-59,MPI_STATE,0.004695,0.004695,0.000000,0.000000,PMPI_Finalize
State,rank-5,MPI_STATE,0.000000,0.000000,0.000000,0.000000,PMPI_Init
State,rank-5,MPI_STATE,0.000037,0.000516,0.000479,0.000000,PMPI_Barrier
State,rank-5,MPI_STATE,0.000521,0.000668,0.000147,0.000000,PMPI_Scatter
State,rank-5,MPI_STATE,0.000675,0.000683,0.000008,0.000000,PMPI_Sendrecv
State,rank-5,MPI_STATE,0.000685,0.000754,0.000069,0.000000,PMPI_Sendrecv
State,rank-5,MPI_STATE,0.000756,0.000787,0.000031,0.000000,PMPI_Sendrecv
State,rank-5,MPI_STATE,0.000788,0.000866,0.000078,0.000000,PMPI_Sendrecv
State,rank-5,MPI_STATE,0.000867,0.000982,0.000115,0.000000,PMPI_Sendrecv
State,rank-5,MPI_STATE,0.000983,0.001184,0.000201,0.000000,PMPI_Sendrecv
State,rank-5,MPI_STATE,0.001186,0.001570,0.000384,0.000000,PMPI_Sendrecv
State,rank-5,MPI_STATE,0.004623,0.004623,0.000000,0.000000,PMPI_Reduce
State,rank-5,MPI_STATE,0.004625,0.004625,0.000000,0.000000,PMPI_Reduce
State,rank-5,MPI_STATE,0.004627,0.004692,0.000065,0.000000,PMPI_Barrier
State,rank-5,MPI_STATE,0.004694,0.004694,0.000000,0.000000,PMPI_Finalize
State,rank-58,MPI_STATE,0.000000,0.000000,0.000000,0.000000,PMPI_Init
State,rank-58,MPI_STATE,0.000037,0.000516,0.000479,0.000000,PMPI_Barrier
State,rank-58,MPI_STATE,0.000521,0.000640,0.000119,0.000000,PMPI_Scatter
State,rank-58,MPI_STATE,0.000646,0.000794,0.000148,0.000000,PMPI_Sendrecv
State,rank-58,MPI_STATE,0.000796,0.000809,0.000013,0.000000,PMPI_Sendrecv
State,rank-58,MPI_STATE,0.000811,0.000847,0.000036,0.000000,PMPI_Sendrecv
State,rank-58,MPI_STATE,0.000848,0.000896,0.000048,0.000000,PMPI_Sendrecv
State,rank-58,MPI_STATE,0.000897,0.000992,0.000095,0.000000,PMPI_Sendrecv
State,rank-58,MPI_STATE,0.000994,0.001182,0.000188,0.000000,PMPI_Sendrecv
State,rank-58,MPI_STATE,0.001183,0.001571,0.000388,0.000000,PMPI_Sendrecv
State,rank-58,MPI_STATE,0.004606,0.004606,0.000000,0.000000,PMPI_Reduce
State,rank-58,MPI_STATE,0.004608,0.004608,0.000000,0.000000,PMPI_Reduce
State,rank-58,MPI_STATE,0.004609,0.004693,0.000084,0.000000,PMPI_Barrier
State,rank-58,MPI_STATE,0.004694,0.004694,0.000000,0.000000,PMPI_Finalize
State,rank-57,MPI_STATE,0.000000,0.000000,0.000000,0.000000,PMPI_Init
State,rank-57,MPI_STATE,0.000038,0.000516,0.000478,0.000000,PMPI_Barrier
State,rank-57,MPI_STATE,0.000521,0.000762,0.000241,0.000000,PMPI_Scatter
State,rank-57,MPI_STATE,0.000769,0.000777,0.000008,0.000000,PMPI_Sendrecv
State,rank-57,MPI_STATE,0.000778,0.000808,0.000030,0.000000,PMPI_Sendrecv
State,rank-57,MPI_STATE,0.000810,0.000848,0.000038,0.000000,PMPI_Sendrecv
State,rank-57,MPI_STATE,0.000851,0.000899,0.000048,0.000000,PMPI_Sendrecv
State,rank-57,MPI_STATE,0.000900,0.000995,0.000095,0.000000,PMPI_Sendrecv
State,rank-57,MPI_STATE,0.000997,0.001185,0.000188,0.000000,PMPI_Sendrecv
State,rank-57,MPI_STATE,0.001187,0.001569,0.000382,0.000000,PMPI_Sendrecv
State,rank-57,MPI_STATE,0.004607,0.004607,0.000000,0.000000,PMPI_Reduce
State,rank-57,MPI_STATE,0.004609,0.004609,0.000000,0.000000,PMPI_Reduce
State,rank-57,MPI_STATE,0.004610,0.004693,0.000083,0.000000,PMPI_Barrier
State,rank-57,MPI_STATE,0.004695,0.004695,0.000000,0.000000,PMPI_Finalize
State,rank-56,MPI_STATE,0.000000,0.000000,0.000000,0.000000,PMPI_Init
State,rank-56,MPI_STATE,0.000035,0.000516,0.000481,0.000000,PMPI_Barrier
State,rank-56,MPI_STATE,0.000523,0.000553,0.000030,0.000000,PMPI_Scatter
State,rank-56,MPI_STATE,0.000562,0.000777,0.000215,0.000000,PMPI_Sendrecv
State,rank-56,MPI_STATE,0.000780,0.000809,0.000029,0.000000,PMPI_Sendrecv
State,rank-56,MPI_STATE,0.000810,0.000846,0.000036,0.000000,PMPI_Sendrecv
State,rank-56,MPI_STATE,0.000847,0.000895,0.000048,0.000000,PMPI_Sendrecv
State,rank-56,MPI_STATE,0.000897,0.000992,0.000095,0.000000,PMPI_Sendrecv
State,rank-56,MPI_STATE,0.000994,0.001182,0.000188,0.000000,PMPI_Sendrecv
State,rank-56,MPI_STATE,0.001184,0.001572,0.000388,0.000000,PMPI_Sendrecv
State,rank-56,MPI_STATE,0.004573,0.004573,0.000000,0.000000,PMPI_Reduce
State,rank-56,MPI_STATE,0.004575,0.004575,0.000000,0.000000,PMPI_Reduce
State,rank-56,MPI_STATE,0.004577,0.004693,0.000116,0.000000,PMPI_Barrier
State,rank-56,MPI_STATE,0.004695,0.004695,0.000000,0.000000,PMPI_Finalize
State,rank-55,MPI_STATE,0.000000,0.000000,0.000000,0.000000,PMPI_Init
State,rank-55,MPI_STATE,0.000032,0.000516,0.000484,0.000000,PMPI_Barrier
State,rank-55,MPI_STATE,0.000520,0.000778,0.000258,0.000000,PMPI_Scatter
State,rank-55,MPI_STATE,0.000784,0.000792,0.000008,0.000000,PMPI_Sendrecv
State,rank-55,MPI_STATE,0.000794,0.000807,0.000013,0.000000,PMPI_Sendrecv
State,rank-55,MPI_STATE,0.000809,0.000834,0.000025,0.000000,PMPI_Sendrecv
State,rank-55,MPI_STATE,0.000835,0.000897,0.000062,0.000000,PMPI_Sendrecv
State,rank-55,MPI_STATE,0.000898,0.000993,0.000095,0.000000,PMPI_Sendrecv
State,rank-55,MPI_STATE,0.000994,0.001182,0.000188,0.000000,PMPI_Sendrecv
State,rank-55,MPI_STATE,0.001183,0.001571,0.000388,0.000000,PMPI_Sendrecv
State,rank-55,MPI_STATE,0.004573,0.004573,0.000000,0.000000,PMPI_Reduce
State,rank-55,MPI_STATE,0.004575,0.004575,0.000000,0.000000,PMPI_Reduce
State,rank-55,MPI_STATE,0.004577,0.004693,0.000116,0.000000,PMPI_Barrier
State,rank-55,MPI_STATE,0.004696,0.004696,0.000000,0.000000,PMPI_Finalize
State,rank-54,MPI_STATE,0.000000,0.000000,0.000000,0.000000,PMPI_Init
State,rank-54,MPI_STATE,0.000034,0.000516,0.000482,0.000000,PMPI_Barrier
State,rank-54,MPI_STATE,0.000519,0.000640,0.000121,0.000000,PMPI_Scatter
State,rank-54,MPI_STATE,0.000647,0.000792,0.000145,0.000000,PMPI_Sendrecv
State,rank-54,MPI_STATE,0.000794,0.000807,0.000013,0.000000,PMPI_Sendrecv
State,rank-54,MPI_STATE,0.000808,0.000833,0.000025,0.000000,PMPI_Sendrecv
State,rank-54,MPI_STATE,0.000835,0.000897,0.000062,0.000000,PMPI_Sendrecv
State,rank-54,MPI_STATE,0.000899,0.000994,0.000095,0.000000,PMPI_Sendrecv
State,rank-54,MPI_STATE,0.000995,0.001183,0.000188,0.000000,PMPI_Sendrecv
State,rank-54,MPI_STATE,0.001184,0.001568,0.000384,0.000000,PMPI_Sendrecv
State,rank-54,MPI_STATE,0.004577,0.004577,0.000000,0.000000,PMPI_Reduce
State,rank-54,MPI_STATE,0.004581,0.004581,0.000000,0.000000,PMPI_Reduce
State,rank-54,MPI_STATE,0.004582,0.004693,0.000111,0.000000,PMPI_Barrier
State,rank-54,MPI_STATE,0.004695,0.004695,0.000000,0.000000,PMPI_Finalize
State,rank-53,MPI_STATE,0.000000,0.000000,0.000000,0.000000,PMPI_Init
State,rank-53,MPI_STATE,0.000035,0.000516,0.000481,0.000000,PMPI_Barrier
State,rank-53,MPI_STATE,0.000520,0.000762,0.000242,0.000000,PMPI_Scatter
State,rank-53,MPI_STATE,0.000768,0.000776,0.000008,0.000000,PMPI_Sendrecv
State,rank-53,MPI_STATE,0.000778,0.000807,0.000029,0.000000,PMPI_Sendrecv
State,rank-53,MPI_STATE,0.000809,0.000834,0.000025,0.000000,PMPI_Sendrecv
State,rank-53,MPI_STATE,0.000836,0.000897,0.000061,0.000000,PMPI_Sendrecv
State,rank-53,MPI_STATE,0.000899,0.000994,0.000095,0.000000,PMPI_Sendrecv
State,rank-53,MPI_STATE,0.000996,0.001184,0.000188,0.000000,PMPI_Sendrecv
State,rank-53,MPI_STATE,0.001186,0.001570,0.000384,0.000000,PMPI_Sendrecv
State,rank-53,MPI_STATE,0.004564,0.004564,0.000000,0.000000,PMPI_Reduce
State,rank-53,MPI_STATE,0.004566,0.004566,0.000000,0.000000,PMPI_Reduce
State,rank-53,MPI_STATE,0.004567,0.004693,0.000126,0.000000,PMPI_Barrier
State,rank-53,MPI_STATE,0.004695,0.004695,0.000000,0.000000,PMPI_Finalize
State,rank-52,MPI_STATE,0.000000,0.000000,0.000000,0.000000,PMPI_Init
State,rank-52,MPI_STATE,0.000032,0.000516,0.000484,0.000000,PMPI_Barrier
State,rank-52,MPI_STATE,0.000521,0.000580,0.000059,0.000000,PMPI_Scatter
State,rank-52,MPI_STATE,0.000588,0.000776,0.000188,0.000000,PMPI_Sendrecv
State,rank-52,MPI_STATE,0.000778,0.000807,0.000029,0.000000,PMPI_Sendrecv
State,rank-52,MPI_STATE,0.000809,0.000834,0.000025,0.000000,PMPI_Sendrecv
State,rank-52,MPI_STATE,0.000835,0.000896,0.000061,0.000000,PMPI_Sendrecv
State,rank-52,MPI_STATE,0.000898,0.000993,0.000095,0.000000,PMPI_Sendrecv
State,rank-52,MPI_STATE,0.000995,0.001183,0.000188,0.000000,PMPI_Sendrecv
State,rank-52,MPI_STATE,0.001185,0.001567,0.000382,0.000000,PMPI_Sendrecv
State,rank-52,MPI_STATE,0.004558,0.004558,0.000000,0.000000,PMPI_Reduce
State,rank-52,MPI_STATE,0.004561,0.004561,0.000000,0.000000,PMPI_Reduce
State,rank-52,MPI_STATE,0.004562,0.004693,0.000131,0.000000,PMPI_Barrier
State,rank-52,MPI_STATE,0.004695,0.004695,0.000000,0.000000,PMPI_Finalize
State,rank-51,MPI_STATE,0.000000,0.000000,0.000000,0.000000,PMPI_Init
State,rank-51,MPI_STATE,0.000033,0.000516,0.000483,0.000000,PMPI_Barrier
State,rank-51,MPI_STATE,0.000521,0.000762,0.000241,0.000000,PMPI_Scatter
State,rank-51,MPI_STATE,0.000769,0.000777,0.000008,0.000000,PMPI_Sendrecv
State,rank-51,MPI_STATE,0.000778,0.000791,0.000013,0.000000,PMPI_Sendrecv
State,rank-51,MPI_STATE,0.000792,0.000834,0.000042,0.000000,PMPI_Sendrecv
State,rank-51,MPI_STATE,0.000836,0.000897,0.000061,0.000000,PMPI_Sendrecv
State,rank-51,MPI_STATE,0.000899,0.000994,0.000095,0.000000,PMPI_Sendrecv
State,rank-51,MPI_STATE,0.000996,0.001184,0.000188,0.000000,PMPI_Sendrecv
State,rank-51,MPI_STATE,0.001185,0.001570,0.000385,0.000000,PMPI_Sendrecv
State,rank-51,MPI_STATE,0.004573,0.004573,0.000000,0.000000,PMPI_Reduce
State,rank-51,MPI_STATE,0.004575,0.004575,0.000000,0.000000,PMPI_Reduce
State,rank-51,MPI_STATE,0.004576,0.004693,0.000117,0.000000,PMPI_Barrier
State,rank-51,MPI_STATE,0.004695,0.004695,0.000000,0.000000,PMPI_Finalize
State,rank-50,MPI_STATE,0.000000,0.000000,0.000000,0.000000,PMPI_Init
State,rank-50,MPI_STATE,0.000035,0.000516,0.000481,0.000000,PMPI_Barrier
State,rank-50,MPI_STATE,0.000521,0.000625,0.000104,0.000000,PMPI_Scatter
State,rank-50,MPI_STATE,0.000633,0.000777,0.000144,0.000000,PMPI_Sendrecv
State,rank-50,MPI_STATE,0.000779,0.000792,0.000013,0.000000,PMPI_Sendrecv
State,rank-50,MPI_STATE,0.000794,0.000833,0.000039,0.000000,PMPI_Sendrecv
State,rank-50,MPI_STATE,0.000834,0.000896,0.000062,0.000000,PMPI_Sendrecv
State,rank-50,MPI_STATE,0.000898,0.000993,0.000095,0.000000,PMPI_Sendrecv
State,rank-50,MPI_STATE,0.000995,0.001183,0.000188,0.000000,PMPI_Sendrecv
State,rank-50,MPI_STATE,0.001185,0.001571,0.000386,0.000000,PMPI_Sendrecv
State,rank-50,MPI_STATE,0.004573,0.004573,0.000000,0.000000,PMPI_Reduce
State,rank-50,MPI_STATE,0.004575,0.004575,0.000000,0.000000,PMPI_Reduce
State,rank-50,MPI_STATE,0.004576,0.004693,0.000117,0.000000,PMPI_Barrier
State,rank-50,MPI_STATE,0.004695,0.004695,0.000000,0.000000,PMPI_Finalize
State,rank-49,MPI_STATE,0.000000,0.000000,0.000000,0.000000,PMPI_Init
State,rank-49,MPI_STATE,0.000033,0.000516,0.000483,0.000000,PMPI_Barrier
State,rank-49,MPI_STATE,0.000519,0.000725,0.000206,0.000000,PMPI_Scatter
State,rank-49,MPI_STATE,0.000732,0.000740,0.000008,0.000000,PMPI_Sendrecv
State,rank-49,MPI_STATE,0.000742,0.000791,0.000049,0.000000,PMPI_Sendrecv
State,rank-49,MPI_STATE,0.000792,0.000834,0.000042,0.000000,PMPI_Sendrecv
State,rank-49,MPI_STATE,0.000836,0.000899,0.000063,0.000000,PMPI_Sendrecv
State,rank-49,MPI_STATE,0.000902,0.000997,0.000095,0.000000,PMPI_Sendrecv
State,rank-49,MPI_STATE,0.000999,0.001187,0.000188,0.000000,PMPI_Sendrecv
State,rank-49,MPI_STATE,0.001189,0.001568,0.000379,0.000000,PMPI_Sendrecv
State,rank-49,MPI_STATE,0.004589,0.004589,0.000000,0.000000,PMPI_Reduce
State,rank-49,MPI_STATE,0.004592,0.004592,0.000000,0.000000,PMPI_Reduce
State,rank-49,MPI_STATE,0.004594,0.004693,0.000099,0.000000,PMPI_Barrier
State,rank-49,MPI_STATE,0.004695,0.004695,0.000000,0.000000,PMPI_Finalize
State,rank-4,MPI_STATE,0.000000,0.000000,0.000000,0.000000,PMPI_Init
State,rank-4,MPI_STATE,0.000048,0.000516,0.000468,0.000000,PMPI_Barrier
State,rank-4,MPI_STATE,0.000520,0.000545,0.000025,0.000000,PMPI_Scatter
State,rank-4,MPI_STATE,0.000552,0.000683,0.000131,0.000000,PMPI_Sendrecv
State,rank-4,MPI_STATE,0.000685,0.000754,0.000069,0.000000,PMPI_Sendrecv
State,rank-4,MPI_STATE,0.000756,0.000781,0.000025,0.000000,PMPI_Sendrecv
State,rank-4,MPI_STATE,0.000782,0.000865,0.000083,0.000000,PMPI_Sendrecv
State,rank-4,MPI_STATE,0.000866,0.000980,0.000114,0.000000,PMPI_Sendrecv
State,rank-4,MPI_STATE,0.000982,0.001182,0.000200,0.000000,PMPI_Sendrecv
State,rank-4,MPI_STATE,0.001184,0.001569,0.000385,0.000000,PMPI_Sendrecv
State,rank-4,MPI_STATE,0.004606,0.004606,0.000000,0.000000,PMPI_Reduce
State,rank-4,MPI_STATE,0.004609,0.004609,0.000000,0.000000,PMPI_Reduce
State,rank-4,MPI_STATE,0.004611,0.004692,0.000081,0.000000,PMPI_Barrier
State,rank-4,MPI_STATE,0.004694,0.004694,0.000000,0.000000,PMPI_Finalize
State,rank-48,MPI_STATE,0.000000,0.000000,0.000000,0.000000,PMPI_Init
State,rank-48,MPI_STATE,0.000035,0.000516,0.000481,0.000000,PMPI_Barrier
State,rank-48,MPI_STATE,0.000521,0.000537,0.000016,0.000000,PMPI_Scatter
State,rank-48,MPI_STATE,0.000547,0.000740,0.000193,0.000000,PMPI_Sendrecv
State,rank-48,MPI_STATE,0.000742,0.000792,0.000050,0.000000,PMPI_Sendrecv
State,rank-48,MPI_STATE,0.000793,0.000834,0.000041,0.000000,PMPI_Sendrecv
State,rank-48,MPI_STATE,0.000835,0.000895,0.000060,0.000000,PMPI_Sendrecv
State,rank-48,MPI_STATE,0.000896,0.000991,0.000095,0.000000,PMPI_Sendrecv
State,rank-48,MPI_STATE,0.000993,0.001181,0.000188,0.000000,PMPI_Sendrecv
State,rank-48,MPI_STATE,0.001183,0.001569,0.000386,0.000000,PMPI_Sendrecv
State,rank-48,MPI_STATE,0.004608,0.004608,0.000000,0.000000,PMPI_Reduce
State,rank-48,MPI_STATE,0.004610,0.004610,0.000000,0.000000,PMPI_Reduce
State,rank-48,MPI_STATE,0.004612,0.004692,0.000080,0.000000,PMPI_Barrier
State,rank-48,MPI_STATE,0.004694,0.004694,0.000000,0.000000,PMPI_Finalize
State,rank-47,MPI_STATE,0.000000,0.000000,0.000000,0.000000,PMPI_Init
State,rank-47,MPI_STATE,0.000036,0.000516,0.000480,0.000000,PMPI_Barrier
State,rank-47,MPI_STATE,0.000521,0.000778,0.000257,0.000000,PMPI_Scatter
State,rank-47,MPI_STATE,0.000786,0.000794,0.000008,0.000000,PMPI_Sendrecv
State,rank-47,MPI_STATE,0.000796,0.000809,0.000013,0.000000,PMPI_Sendrecv
State,rank-47,MPI_STATE,0.000810,0.000835,0.000025,0.000000,PMPI_Sendrecv
State,rank-47,MPI_STATE,0.000837,0.000885,0.000048,0.000000,PMPI_Sendrecv
State,rank-47,MPI_STATE,0.000887,0.000994,0.000107,0.000000,PMPI_Sendrecv
State,rank-47,MPI_STATE,0.000996,0.001184,0.000188,0.000000,PMPI_Sendrecv
State,rank-47,MPI_STATE,0.001186,0.001570,0.000384,0.000000,PMPI_Sendrecv
State,rank-47,MPI_STATE,0.004572,0.004572,0.000000,0.000000,PMPI_Reduce
State,rank-47,MPI_STATE,0.004574,0.004574,0.000000,0.000000,PMPI_Reduce
State,rank-47,MPI_STATE,0.004576,0.004693,0.000117,0.000000,PMPI_Barrier
State,rank-47,MPI_STATE,0.004695,0.004695,0.000000,0.000000,PMPI_Finalize
State,rank-46,MPI_STATE,0.000000,0.000000,0.000000,0.000000,PMPI_Init
State,rank-46,MPI_STATE,0.000035,0.000516,0.000481,0.000000,PMPI_Barrier
State,rank-46,MPI_STATE,0.000520,0.000640,0.000120,0.000000,PMPI_Scatter
State,rank-46,MPI_STATE,0.000647,0.000794,0.000147,0.000000,PMPI_Sendrecv
State,rank-46,MPI_STATE,0.000796,0.000809,0.000013,0.000000,PMPI_Sendrecv
State,rank-46,MPI_STATE,0.000810,0.000835,0.000025,0.000000,PMPI_Sendrecv
State,rank-46,MPI_STATE,0.000837,0.000885,0.000048,0.000000,PMPI_Sendrecv
State,rank-46,MPI_STATE,0.000887,0.000994,0.000107,0.000000,PMPI_Sendrecv
State,rank-46,MPI_STATE,0.000996,0.001184,0.000188,0.000000,PMPI_Sendrecv
State,rank-46,MPI_STATE,0.001186,0.001569,0.000383,0.000000,PMPI_Sendrecv
State,rank-46,MPI_STATE,0.004567,0.004567,0.000000,0.000000,PMPI_Reduce
State,rank-46,MPI_STATE,0.004569,0.004569,0.000000,0.000000,PMPI_Reduce
State,rank-46,MPI_STATE,0.004571,0.004693,0.000122,0.000000,PMPI_Barrier
State,rank-46,MPI_STATE,0.004695,0.004695,0.000000,0.000000,PMPI_Finalize
State,rank-45,MPI_STATE,0.000000,0.000000,0.000000,0.000000,PMPI_Init
State,rank-45,MPI_STATE,0.000036,0.000516,0.000480,0.000000,PMPI_Barrier
State,rank-45,MPI_STATE,0.000520,0.000762,0.000242,0.000000,PMPI_Scatter
State,rank-45,MPI_STATE,0.000769,0.000777,0.000008,0.000000,PMPI_Sendrecv
State,rank-45,MPI_STATE,0.000779,0.000809,0.000030,0.000000,PMPI_Sendrecv
State,rank-45,MPI_STATE,0.000811,0.000836,0.000025,0.000000,PMPI_Sendrecv
State,rank-45,MPI_STATE,0.000838,0.000886,0.000048,0.000000,PMPI_Sendrecv
State,rank-45,MPI_STATE,0.000888,0.000994,0.000106,0.000000,PMPI_Sendrecv
State,rank-45,MPI_STATE,0.000996,0.001184,0.000188,0.000000,PMPI_Sendrecv
State,rank-45,MPI_STATE,0.001185,0.001569,0.000384,0.000000,PMPI_Sendrecv
State,rank-45,MPI_STATE,0.004584,0.004584,0.000000,0.000000,PMPI_Reduce
State,rank-45,MPI_STATE,0.004586,0.004586,0.000000,0.000000,PMPI_Reduce
State,rank-45,MPI_STATE,0.004587,0.004693,0.000106,0.000000,PMPI_Barrier
State,rank-45,MPI_STATE,0.004695,0.004695,0.000000,0.000000,PMPI_Finalize
State,rank-44,MPI_STATE,0.000000,0.000000,0.000000,0.000000,PMPI_Init
State,rank-44,MPI_STATE,0.000035,0.000516,0.000481,0.000000,PMPI_Barrier
State,rank-44,MPI_STATE,0.000520,0.000580,0.000060,0.000000,PMPI_Scatter
State,rank-44,MPI_STATE,0.000589,0.000777,0.000188,0.000000,PMPI_Sendrecv
State,rank-44,MPI_STATE,0.000780,0.000809,0.000029,0.000000,PMPI_Sendrecv
State,rank-44,MPI_STATE,0.000811,0.000836,0.000025,0.000000,PMPI_Sendrecv
State,rank-44,MPI_STATE,0.000837,0.000885,0.000048,0.000000,PMPI_Sendrecv
State,rank-44,MPI_STATE,0.000886,0.000992,0.000106,0.000000,PMPI_Sendrecv
State,rank-44,MPI_STATE,0.000993,0.001181,0.000188,0.000000,PMPI_Sendrecv
State,rank-44,MPI_STATE,0.001182,0.001568,0.000386,0.000000,PMPI_Sendrecv
State,rank-44,MPI_STATE,0.004615,0.004615,0.000000,0.000000,PMPI_Reduce
State,rank-44,MPI_STATE,0.004617,0.004617,0.000000,0.000000,PMPI_Reduce
State,rank-44,MPI_STATE,0.004618,0.004693,0.000075,0.000000,PMPI_Barrier
State,rank-44,MPI_STATE,0.004695,0.004695,0.000000,0.000000,PMPI_Finalize
State,rank-43,MPI_STATE,0.000000,0.000000,0.000000,0.000000,PMPI_Init
State,rank-43,MPI_STATE,0.000033,0.000516,0.000483,0.000000,PMPI_Barrier
State,rank-43,MPI_STATE,0.000521,0.000762,0.000241,0.000000,PMPI_Scatter
State,rank-43,MPI_STATE,0.000769,0.000777,0.000008,0.000000,PMPI_Sendrecv
State,rank-43,MPI_STATE,0.000779,0.000792,0.000013,0.000000,PMPI_Sendrecv
State,rank-43,MPI_STATE,0.000794,0.000835,0.000041,0.000000,PMPI_Sendrecv
State,rank-43,MPI_STATE,0.000836,0.000884,0.000048,0.000000,PMPI_Sendrecv
State,rank-43,MPI_STATE,0.000885,0.000994,0.000109,0.000000,PMPI_Sendrecv
State,rank-43,MPI_STATE,0.000996,0.001184,0.000188,0.000000,PMPI_Sendrecv
State,rank-43,MPI_STATE,0.001186,0.001570,0.000384,0.000000,PMPI_Sendrecv
State,rank-43,MPI_STATE,0.004600,0.004600,0.000000,0.000000,PMPI_Reduce
State,rank-43,MPI_STATE,0.004603,0.004603,0.000000,0.000000,PMPI_Reduce
State,rank-43,MPI_STATE,0.004606,0.004693,0.000087,0.000000,PMPI_Barrier
State,rank-43,MPI_STATE,0.004695,0.004695,0.000000,0.000000,PMPI_Finalize
State,rank-42,MPI_STATE,0.000000,0.000000,0.000000,0.000000,PMPI_Init
State,rank-42,MPI_STATE,0.000043,0.000516,0.000473,0.000000,PMPI_Barrier
State,rank-42,MPI_STATE,0.000520,0.000625,0.000105,0.000000,PMPI_Scatter
State,rank-42,MPI_STATE,0.000637,0.000777,0.000140,0.000000,PMPI_Sendrecv
State,rank-42,MPI_STATE,0.000779,0.000792,0.000013,0.000000,PMPI_Sendrecv
State,rank-42,MPI_STATE,0.000794,0.000835,0.000041,0.000000,PMPI_Sendrecv
State,rank-42,MPI_STATE,0.000837,0.000885,0.000048,0.000000,PMPI_Sendrecv
State,rank-42,MPI_STATE,0.000887,0.000992,0.000105,0.000000,PMPI_Sendrecv
State,rank-42,MPI_STATE,0.000994,0.001182,0.000188,0.000000,PMPI_Sendrecv
State,rank-42,MPI_STATE,0.001184,0.001571,0.000387,0.000000,PMPI_Sendrecv
State,rank-42,MPI_STATE,0.004606,0.004606,0.000000,0.000000,PMPI_Reduce
State,rank-42,MPI_STATE,0.004608,0.004608,0.000000,0.000000,PMPI_Reduce
State,rank-42,MPI_STATE,0.004610,0.004693,0.000083,0.000000,PMPI_Barrier
State,rank-42,MPI_STATE,0.004695,0.004695,0.000000,0.000000,PMPI_Finalize
State,rank-41,MPI_STATE,0.000000,0.000000,0.000000,0.000000,PMPI_Init
State,rank-41,MPI_STATE,0.000036,0.000516,0.000480,0.000000,PMPI_Barrier
State,rank-41,MPI_STATE,0.000520,0.000725,0.000205,0.000000,PMPI_Scatter
State,rank-41,MPI_STATE,0.000732,0.000740,0.000008,0.000000,PMPI_Sendrecv
State,rank-41,MPI_STATE,0.000741,0.000792,0.000051,0.000000,PMPI_Sendrecv
State,rank-41,MPI_STATE,0.000794,0.000836,0.000042,0.000000,PMPI_Sendrecv
State,rank-41,MPI_STATE,0.000837,0.000885,0.000048,0.000000,PMPI_Sendrecv
State,rank-41,MPI_STATE,0.000887,0.000995,0.000108,0.000000,PMPI_Sendrecv
State,rank-41,MPI_STATE,0.000997,0.001185,0.000188,0.000000,PMPI_Sendrecv
State,rank-41,MPI_STATE,0.001186,0.001569,0.000383,0.000000,PMPI_Sendrecv
State,rank-41,MPI_STATE,0.004642,0.004642,0.000000,0.000000,PMPI_Reduce
State,rank-41,MPI_STATE,0.004644,0.004644,0.000000,0.000000,PMPI_Reduce
State,rank-41,MPI_STATE,0.004646,0.004693,0.000047,0.000000,PMPI_Barrier
State,rank-41,MPI_STATE,0.004695,0.004695,0.000000,0.000000,PMPI_Finalize
State,rank-40,MPI_STATE,0.000000,0.000000,0.000000,0.000000,PMPI_Init
State,rank-40,MPI_STATE,0.000036,0.000516,0.000480,0.000000,PMPI_Barrier
State,rank-40,MPI_STATE,0.000520,0.000548,0.000028,0.000000,PMPI_Scatter
State,rank-40,MPI_STATE,0.000558,0.000740,0.000182,0.000000,PMPI_Sendrecv
State,rank-40,MPI_STATE,0.000741,0.000792,0.000051,0.000000,PMPI_Sendrecv
State,rank-40,MPI_STATE,0.000794,0.000836,0.000042,0.000000,PMPI_Sendrecv
State,rank-40,MPI_STATE,0.000838,0.000886,0.000048,0.000000,PMPI_Sendrecv
State,rank-40,MPI_STATE,0.000887,0.000992,0.000105,0.000000,PMPI_Sendrecv
State,rank-40,MPI_STATE,0.000994,0.001182,0.000188,0.000000,PMPI_Sendrecv
State,rank-40,MPI_STATE,0.001183,0.001571,0.000388,0.000000,PMPI_Sendrecv
State,rank-40,MPI_STATE,0.004579,0.004579,0.000000,0.000000,PMPI_Reduce
State,rank-40,MPI_STATE,0.004581,0.004581,0.000000,0.000000,PMPI_Reduce
State,rank-40,MPI_STATE,0.004583,0.004692,0.000109,0.000000,PMPI_Barrier
State,rank-40,MPI_STATE,0.004694,0.004694,0.000000,0.000000,PMPI_Finalize
State,rank-39,MPI_STATE,0.000000,0.000000,0.000000,0.000000,PMPI_Init
State,rank-39,MPI_STATE,0.000043,0.000516,0.000473,0.000000,PMPI_Barrier
State,rank-39,MPI_STATE,0.000521,0.000762,0.000241,0.000000,PMPI_Scatter
State,rank-39,MPI_STATE,0.000767,0.000775,0.000008,0.000000,PMPI_Sendrecv
State,rank-39,MPI_STATE,0.000778,0.000791,0.000013,0.000000,PMPI_Sendrecv
State,rank-39,MPI_STATE,0.000792,0.000816,0.000024,0.000000,PMPI_Sendrecv
State,rank-39,MPI_STATE,0.000818,0.000885,0.000067,0.000000,PMPI_Sendrecv
State,rank-39,MPI_STATE,0.000887,0.000993,0.000106,0.000000,PMPI_Sendrecv
State,rank-39,MPI_STATE,0.000995,0.001183,0.000188,0.000000,PMPI_Sendrecv
State,rank-39,MPI_STATE,0.001184,0.001570,0.000386,0.000000,PMPI_Sendrecv
State,rank-39,MPI_STATE,0.004580,0.004580,0.000000,0.000000,PMPI_Reduce
State,rank-39,MPI_STATE,0.004582,0.004582,0.000000,0.000000,PMPI_Reduce
State,rank-39,MPI_STATE,0.004583,0.004693,0.000110,0.000000,PMPI_Barrier
State,rank-39,MPI_STATE,0.004695,0.004695,0.000000,0.000000,PMPI_Finalize
State,rank-3,MPI_STATE,0.000000,0.000000,0.000000,0.000000,PMPI_Init
State,rank-3,MPI_STATE,0.000051,0.000516,0.000465,0.000000,PMPI_Barrier
State,rank-3,MPI_STATE,0.000519,0.000668,0.000149,0.000000,PMPI_Scatter
State,rank-3,MPI_STATE,0.000674,0.000682,0.000008,0.000000,PMPI_Sendrecv
State,rank-3,MPI_STATE,0.000683,0.000708,0.000025,0.000000,PMPI_Sendrecv
State,rank-3,MPI_STATE,0.000709,0.000794,0.000085,0.000000,PMPI_Sendrecv
State,rank-3,MPI_STATE,0.000797,0.000864,0.000067,0.000000,PMPI_Sendrecv
State,rank-3,MPI_STATE,0.000867,0.000980,0.000113,0.000000,PMPI_Sendrecv
State,rank-3,MPI_STATE,0.000982,0.001184,0.000202,0.000000,PMPI_Sendrecv
State,rank-3,MPI_STATE,0.001187,0.001570,0.000383,0.000000,PMPI_Sendrecv
State,rank-3,MPI_STATE,0.004597,0.004597,0.000000,0.000000,PMPI_Reduce
State,rank-3,MPI_STATE,0.004599,0.004599,0.000000,0.000000,PMPI_Reduce
State,rank-3,MPI_STATE,0.004601,0.004692,0.000091,0.000000,PMPI_Barrier
State,rank-3,MPI_STATE,0.004694,0.004694,0.000000,0.000000,PMPI_Finalize
State,rank-38,MPI_STATE,0.000000,0.000000,0.000000,0.000000,PMPI_Init
State,rank-38,MPI_STATE,0.000036,0.000516,0.000480,0.000000,PMPI_Barrier
State,rank-38,MPI_STATE,0.000519,0.000625,0.000106,0.000000,PMPI_Scatter
State,rank-38,MPI_STATE,0.000632,0.000775,0.000143,0.000000,PMPI_Sendrecv
State,rank-38,MPI_STATE,0.000777,0.000790,0.000013,0.000000,PMPI_Sendrecv
State,rank-38,MPI_STATE,0.000792,0.000816,0.000024,0.000000,PMPI_Sendrecv
State,rank-38,MPI_STATE,0.000818,0.000885,0.000067,0.000000,PMPI_Sendrecv
State,rank-38,MPI_STATE,0.000886,0.000994,0.000108,0.000000,PMPI_Sendrecv
State,rank-38,MPI_STATE,0.000995,0.001183,0.000188,0.000000,PMPI_Sendrecv
State,rank-38,MPI_STATE,0.001185,0.001570,0.000385,0.000000,PMPI_Sendrecv
State,rank-38,MPI_STATE,0.004562,0.004562,0.000000,0.000000,PMPI_Reduce
State,rank-38,MPI_STATE,0.004564,0.004564,0.000000,0.000000,PMPI_Reduce
State,rank-38,MPI_STATE,0.004569,0.004693,0.000124,0.000000,PMPI_Barrier
State,rank-38,MPI_STATE,0.004695,0.004695,0.000000,0.000000,PMPI_Finalize
State,rank-37,MPI_STATE,0.000000,0.000000,0.000000,0.000000,PMPI_Init
State,rank-37,MPI_STATE,0.000034,0.000516,0.000482,0.000000,PMPI_Barrier
State,rank-37,MPI_STATE,0.000521,0.000725,0.000204,0.000000,PMPI_Scatter
State,rank-37,MPI_STATE,0.000731,0.000739,0.000008,0.000000,PMPI_Sendrecv
State,rank-37,MPI_STATE,0.000741,0.000791,0.000050,0.000000,PMPI_Sendrecv
State,rank-37,MPI_STATE,0.000792,0.000816,0.000024,0.000000,PMPI_Sendrecv
State,rank-37,MPI_STATE,0.000817,0.000886,0.000069,0.000000,PMPI_Sendrecv
State,rank-37,MPI_STATE,0.000889,0.000994,0.000105,0.000000,PMPI_Sendrecv
State,rank-37,MPI_STATE,0.000996,0.001184,0.000188,0.000000,PMPI_Sendrecv
State,rank-37,MPI_STATE,0.001186,0.001571,0.000385,0.000000,PMPI_Sendrecv
State,rank-37,MPI_STATE,0.004629,0.004629,0.000000,0.000000,PMPI_Reduce
State,rank-37,MPI_STATE,0.004631,0.004631,0.000000,0.000000,PMPI_Reduce
State,rank-37,MPI_STATE,0.004633,0.004693,0.000060,0.000000,PMPI_Barrier
State,rank-37,MPI_STATE,0.004695,0.004695,0.000000,0.000000,PMPI_Finalize
State,rank-36,MPI_STATE,0.000000,0.000000,0.000000,0.000000,PMPI_Init
State,rank-36,MPI_STATE,0.000031,0.000516,0.000485,0.000000,PMPI_Barrier
State,rank-36,MPI_STATE,0.000520,0.000567,0.000047,0.000000,PMPI_Scatter
State,rank-36,MPI_STATE,0.000573,0.000739,0.000166,0.000000,PMPI_Sendrecv
State,rank-36,MPI_STATE,0.000741,0.000790,0.000049,0.000000,PMPI_Sendrecv
State,rank-36,MPI_STATE,0.000792,0.000816,0.000024,0.000000,PMPI_Sendrecv
State,rank-36,MPI_STATE,0.000817,0.000885,0.000068,0.000000,PMPI_Sendrecv
State,rank-36,MPI_STATE,0.000887,0.000993,0.000106,0.000000,PMPI_Sendrecv
State,rank-36,MPI_STATE,0.000994,0.001182,0.000188,0.000000,PMPI_Sendrecv
State,rank-36,MPI_STATE,0.001184,0.001569,0.000385,0.000000,PMPI_Sendrecv
State,rank-36,MPI_STATE,0.004605,0.004605,0.000000,0.000000,PMPI_Reduce
State,rank-36,MPI_STATE,0.004607,0.004607,0.000000,0.000000,PMPI_Reduce
State,rank-36,MPI_STATE,0.004608,0.004692,0.000084,0.000000,PMPI_Barrier
State,rank-36,MPI_STATE,0.004694,0.004694,0.000000,0.000000,PMPI_Finalize
State,rank-35,MPI_STATE,0.000000,0.000000,0.000000,0.000000,PMPI_Init
State,rank-35,MPI_STATE,0.000033,0.000516,0.000483,0.000000,PMPI_Barrier
State,rank-35,MPI_STATE,0.000520,0.000725,0.000205,0.000000,PMPI_Scatter
State,rank-35,MPI_STATE,0.000733,0.000741,0.000008,0.000000,PMPI_Sendrecv
State,rank-35,MPI_STATE,0.000742,0.000755,0.000013,0.000000,PMPI_Sendrecv
State,rank-35,MPI_STATE,0.000757,0.000816,0.000059,0.000000,PMPI_Sendrecv
State,rank-35,MPI_STATE,0.000817,0.000884,0.000067,0.000000,PMPI_Sendrecv
State,rank-35,MPI_STATE,0.000886,0.000994,0.000108,0.000000,PMPI_Sendrecv
State,rank-35,MPI_STATE,0.000996,0.001184,0.000188,0.000000,PMPI_Sendrecv
State,rank-35,MPI_STATE,0.001185,0.001569,0.000384,0.000000,PMPI_Sendrecv
State,rank-35,MPI_STATE,0.004560,0.004560,0.000000,0.000000,PMPI_Reduce
State,rank-35,MPI_STATE,0.004562,0.004562,0.000000,0.000000,PMPI_Reduce
State,rank-35,MPI_STATE,0.004564,0.004693,0.000129,0.000000,PMPI_Barrier
State,rank-35,MPI_STATE,0.004695,0.004695,0.000000,0.000000,PMPI_Finalize
State,rank-34,MPI_STATE,0.000000,0.000000,0.000000,0.000000,PMPI_Init
State,rank-34,MPI_STATE,0.000038,0.000516,0.000478,0.000000,PMPI_Barrier
State,rank-34,MPI_STATE,0.000520,0.000598,0.000078,0.000000,PMPI_Scatter
State,rank-34,MPI_STATE,0.000605,0.000741,0.000136,0.000000,PMPI_Sendrecv
State,rank-34,MPI_STATE,0.000743,0.000756,0.000013,0.000000,PMPI_Sendrecv
State,rank-34,MPI_STATE,0.000758,0.000816,0.000058,0.000000,PMPI_Sendrecv
State,rank-34,MPI_STATE,0.000818,0.000885,0.000067,0.000000,PMPI_Sendrecv
State,rank-34,MPI_STATE,0.000886,0.000993,0.000107,0.000000,PMPI_Sendrecv
State,rank-34,MPI_STATE,0.000995,0.001183,0.000188,0.000000,PMPI_Sendrecv
State,rank-34,MPI_STATE,0.001185,0.001571,0.000386,0.000000,PMPI_Sendrecv
State,rank-34,MPI_STATE,0.004606,0.004606,0.000000,0.000000,PMPI_Reduce
State,rank-34,MPI_STATE,0.004608,0.004608,0.000000,0.000000,PMPI_Reduce
State,rank-34,MPI_STATE,0.004609,0.004692,0.000083,0.000000,PMPI_Barrier
State,rank-34,MPI_STATE,0.004694,0.004694,0.000000,0.000000,PMPI_Finalize
State,rank-33,MPI_STATE,0.000000,0.000000,0.000000,0.000000,PMPI_Init
State,rank-33,MPI_STATE,0.000034,0.000516,0.000482,0.000000,PMPI_Barrier
State,rank-33,MPI_STATE,0.000520,0.000668,0.000148,0.000000,PMPI_Scatter
State,rank-33,MPI_STATE,0.000675,0.000683,0.000008,0.000000,PMPI_Sendrecv
State,rank-33,MPI_STATE,0.000685,0.000755,0.000070,0.000000,PMPI_Sendrecv
State,rank-33,MPI_STATE,0.000756,0.000816,0.000060,0.000000,PMPI_Sendrecv
State,rank-33,MPI_STATE,0.000818,0.000885,0.000067,0.000000,PMPI_Sendrecv
State,rank-33,MPI_STATE,0.000887,0.000997,0.000110,0.000000,PMPI_Sendrecv
State,rank-33,MPI_STATE,0.000998,0.001186,0.000188,0.000000,PMPI_Sendrecv
State,rank-33,MPI_STATE,0.001188,0.001568,0.000380,0.000000,PMPI_Sendrecv
State,rank-33,MPI_STATE,0.004591,0.004591,0.000000,0.000000,PMPI_Reduce
State,rank-33,MPI_STATE,0.004594,0.004594,0.000000,0.000000,PMPI_Reduce
State,rank-33,MPI_STATE,0.004596,0.004692,0.000096,0.000000,PMPI_Barrier
State,rank-33,MPI_STATE,0.004694,0.004694,0.000000,0.000000,PMPI_Finalize
State,rank-32,MPI_STATE,0.000000,0.000000,0.000000,0.000000,PMPI_Init
State,rank-32,MPI_STATE,0.000033,0.000516,0.000483,0.000000,PMPI_Barrier
State,rank-32,MPI_STATE,0.000522,0.000529,0.000007,0.000000,PMPI_Scatter
State,rank-32,MPI_STATE,0.000540,0.000683,0.000143,0.000000,PMPI_Sendrecv
State,rank-32,MPI_STATE,0.000685,0.000756,0.000071,0.000000,PMPI_Sendrecv
State,rank-32,MPI_STATE,0.000758,0.000816,0.000058,0.000000,PMPI_Sendrecv
State,rank-32,MPI_STATE,0.000817,0.000886,0.000069,0.000000,PMPI_Sendrecv
State,rank-32,MPI_STATE,0.000887,0.000991,0.000104,0.000000,PMPI_Sendrecv
State,rank-32,MPI_STATE,0.000992,0.001180,0.000188,0.000000,PMPI_Sendrecv
State,rank-32,MPI_STATE,0.001182,0.001570,0.000388,0.000000,PMPI_Sendrecv
State,rank-32,MPI_STATE,0.004647,0.004647,0.000000,0.000000,PMPI_Reduce
State,rank-32,MPI_STATE,0.004649,0.004649,0.000000,0.000000,PMPI_Reduce
State,rank-32,MPI_STATE,0.004652,0.004692,0.000040,0.000000,PMPI_Barrier
State,rank-32,MPI_STATE,0.004694,0.004694,0.000000,0.000000,PMPI_Finalize
State,rank-31,MPI_STATE,0.000000,0.000000,0.000000,0.000000,PMPI_Init
State,rank-31,MPI_STATE,0.000035,0.000516,0.000481,0.000000,PMPI_Barrier
State,rank-31,MPI_STATE,0.000521,0.000778,0.000257,0.000000,PMPI_Scatter
State,rank-31,MPI_STATE,0.000786,0.000794,0.000008,0.000000,PMPI_Sendrecv
State,rank-31,MPI_STATE,0.000795,0.000808,0.000013,0.000000,PMPI_Sendrecv
State,rank-31,MPI_STATE,0.000809,0.000834,0.000025,0.000000,PMPI_Sendrecv
State,rank-31,MPI_STATE,0.000835,0.000883,0.000048,0.000000,PMPI_Sendrecv
State,rank-31,MPI_STATE,0.000884,0.000979,0.000095,0.000000,PMPI_Sendrecv
State,rank-31,MPI_STATE,0.000981,0.001184,0.000203,0.000000,PMPI_Sendrecv
State,rank-31,MPI_STATE,0.001186,0.001571,0.000385,0.000000,PMPI_Sendrecv
State,rank-31,MPI_STATE,0.004604,0.004604,0.000000,0.000000,PMPI_Reduce
State,rank-31,MPI_STATE,0.004606,0.004606,0.000000,0.000000,PMPI_Reduce
State,rank-31,MPI_STATE,0.004608,0.004693,0.000085,0.000000,PMPI_Barrier
State,rank-31,MPI_STATE,0.004695,0.004695,0.000000,0.000000,PMPI_Finalize
State,rank-30,MPI_STATE,0.000000,0.000000,0.000000,0.000000,PMPI_Init
State,rank-30,MPI_STATE,0.000035,0.000516,0.000481,0.000000,PMPI_Barrier
State,rank-30,MPI_STATE,0.000519,0.000640,0.000121,0.000000,PMPI_Scatter
State,rank-30,MPI_STATE,0.000645,0.000794,0.000149,0.000000,PMPI_Sendrecv
State,rank-30,MPI_STATE,0.000795,0.000808,0.000013,0.000000,PMPI_Sendrecv
State,rank-30,MPI_STATE,0.000810,0.000835,0.000025,0.000000,PMPI_Sendrecv
State,rank-30,MPI_STATE,0.000836,0.000884,0.000048,0.000000,PMPI_Sendrecv
State,rank-30,MPI_STATE,0.000885,0.000980,0.000095,0.000000,PMPI_Sendrecv
State,rank-30,MPI_STATE,0.000982,0.001184,0.000202,0.000000,PMPI_Sendrecv
State,rank-30,MPI_STATE,0.001185,0.001568,0.000383,0.000000,PMPI_Sendrecv
State,rank-30,MPI_STATE,0.004584,0.004584,0.000000,0.000000,PMPI_Reduce
State,rank-30,MPI_STATE,0.004586,0.004586,0.000000,0.000000,PMPI_Reduce
State,rank-30,MPI_STATE,0.004588,0.004693,0.000105,0.000000,PMPI_Barrier
State,rank-30,MPI_STATE,0.004694,0.004694,0.000000,0.000000,PMPI_Finalize
State,rank-29,MPI_STATE,0.000000,0.000000,0.000000,0.000000,PMPI_Init
State,rank-29,MPI_STATE,0.000034,0.000516,0.000482,0.000000,PMPI_Barrier
State,rank-29,MPI_STATE,0.000521,0.000762,0.000241,0.000000,PMPI_Scatter
State,rank-29,MPI_STATE,0.000770,0.000778,0.000008,0.000000,PMPI_Sendrecv
State,rank-29,MPI_STATE,0.000779,0.000808,0.000029,0.000000,PMPI_Sendrecv
State,rank-29,MPI_STATE,0.000810,0.000835,0.000025,0.000000,PMPI_Sendrecv
State,rank-29,MPI_STATE,0.000837,0.000885,0.000048,0.000000,PMPI_Sendrecv
State,rank-29,MPI_STATE,0.000887,0.000982,0.000095,0.000000,PMPI_Sendrecv
State,rank-29,MPI_STATE,0.000983,0.001183,0.000200,0.000000,PMPI_Sendrecv
State,rank-29,MPI_STATE,0.001184,0.001569,0.000385,0.000000,PMPI_Sendrecv
State,rank-29,MPI_STATE,0.004582,0.004582,0.000000,0.000000,PMPI_Reduce
State,rank-29,MPI_STATE,0.004585,0.004585,0.000000,0.000000,PMPI_Reduce
State,rank-29,MPI_STATE,0.004587,0.004693,0.000106,0.000000,PMPI_Barrier
State,rank-29,MPI_STATE,0.004694,0.004694,0.000000,0.000000,PMPI_Finalize
State,rank-2,MPI_STATE,0.000000,0.000000,0.000000,0.000000,PMPI_Init
State,rank-2,MPI_STATE,0.000038,0.000516,0.000478,0.000000,PMPI_Barrier
State,rank-2,MPI_STATE,0.000520,0.000559,0.000039,0.000000,PMPI_Scatter
State,rank-2,MPI_STATE,0.000565,0.000682,0.000117,0.000000,PMPI_Sendrecv
State,rank-2,MPI_STATE,0.000683,0.000696,0.000013,0.000000,PMPI_Sendrecv
State,rank-2,MPI_STATE,0.000697,0.000780,0.000083,0.000000,PMPI_Sendrecv
State,rank-2,MPI_STATE,0.000782,0.000868,0.000086,0.000000,PMPI_Sendrecv
State,rank-2,MPI_STATE,0.000870,0.000980,0.000110,0.000000,PMPI_Sendrecv
State,rank-2,MPI_STATE,0.000981,0.001183,0.000202,0.000000,PMPI_Sendrecv
State,rank-2,MPI_STATE,0.001185,0.001571,0.000386,0.000000,PMPI_Sendrecv
State,rank-2,MPI_STATE,0.004586,0.004586,0.000000,0.000000,PMPI_Reduce
State,rank-2,MPI_STATE,0.004588,0.004588,0.000000,0.000000,PMPI_Reduce
State,rank-2,MPI_STATE,0.004590,0.004692,0.000102,0.000000,PMPI_Barrier
State,rank-2,MPI_STATE,0.004694,0.004694,0.000000,0.000000,PMPI_Finalize
State,rank-28,MPI_STATE,0.000000,0.000000,0.000000,0.000000,PMPI_Init
State,rank-28,MPI_STATE,0.000040,0.000516,0.000476,0.000000,PMPI_Barrier
State,rank-28,MPI_STATE,0.000520,0.000580,0.000060,0.000000,PMPI_Scatter
State,rank-28,MPI_STATE,0.000588,0.000778,0.000190,0.000000,PMPI_Sendrecv
State,rank-28,MPI_STATE,0.000779,0.000808,0.000029,0.000000,PMPI_Sendrecv
State,rank-28,MPI_STATE,0.000809,0.000834,0.000025,0.000000,PMPI_Sendrecv
State,rank-28,MPI_STATE,0.000835,0.000883,0.000048,0.000000,PMPI_Sendrecv
State,rank-28,MPI_STATE,0.000885,0.000980,0.000095,0.000000,PMPI_Sendrecv
State,rank-28,MPI_STATE,0.000981,0.001182,0.000201,0.000000,PMPI_Sendrecv
State,rank-28,MPI_STATE,0.001184,0.001567,0.000383,0.000000,PMPI_Sendrecv
State,rank-28,MPI_STATE,0.004597,0.004597,0.000000,0.000000,PMPI_Reduce
State,rank-28,MPI_STATE,0.004599,0.004599,0.000000,0.000000,PMPI_Reduce
State,rank-28,MPI_STATE,0.004600,0.004693,0.000093,0.000000,PMPI_Barrier
State,rank-28,MPI_STATE,0.004694,0.004694,0.000000,0.000000,PMPI_Finalize
State,rank-27,MPI_STATE,0.000000,0.000000,0.000000,0.000000,PMPI_Init
State,rank-27,MPI_STATE,0.000067,0.000516,0.000449,0.000000,PMPI_Barrier
State,rank-27,MPI_STATE,0.000520,0.000762,0.000242,0.000000,PMPI_Scatter
State,rank-27,MPI_STATE,0.000769,0.000777,0.000008,0.000000,PMPI_Sendrecv
State,rank-27,MPI_STATE,0.000779,0.000792,0.000013,0.000000,PMPI_Sendrecv
State,rank-27,MPI_STATE,0.000794,0.000834,0.000040,0.000000,PMPI_Sendrecv
State,rank-27,MPI_STATE,0.000836,0.000884,0.000048,0.000000,PMPI_Sendrecv
State,rank-27,MPI_STATE,0.000886,0.000981,0.000095,0.000000,PMPI_Sendrecv
State,rank-27,MPI_STATE,0.000983,0.001183,0.000200,0.000000,PMPI_Sendrecv
State,rank-27,MPI_STATE,0.001185,0.001570,0.000385,0.000000,PMPI_Sendrecv
State,rank-27,MPI_STATE,0.004560,0.004560,0.000000,0.000000,PMPI_Reduce
State,rank-27,MPI_STATE,0.004562,0.004562,0.000000,0.000000,PMPI_Reduce
State,rank-27,MPI_STATE,0.004564,0.004693,0.000129,0.000000,PMPI_Barrier
State,rank-27,MPI_STATE,0.004695,0.004695,0.000000,0.000000,PMPI_Finalize
State,rank-26,MPI_STATE,0.000000,0.000000,0.000000,0.000000,PMPI_Init
State,rank-26,MPI_STATE,0.000076,0.000516,0.000440,0.000000,PMPI_Barrier
State,rank-26,MPI_STATE,0.000519,0.000625,0.000106,0.000000,PMPI_Scatter
State,rank-26,MPI_STATE,0.000633,0.000777,0.000144,0.000000,PMPI_Sendrecv
State,rank-26,MPI_STATE,0.000778,0.000791,0.000013,0.000000,PMPI_Sendrecv
State,rank-26,MPI_STATE,0.000793,0.000835,0.000042,0.000000,PMPI_Sendrecv
State,rank-26,MPI_STATE,0.000836,0.000884,0.000048,0.000000,PMPI_Sendrecv
State,rank-26,MPI_STATE,0.000886,0.000981,0.000095,0.000000,PMPI_Sendrecv
State,rank-26,MPI_STATE,0.000983,0.001182,0.000199,0.000000,PMPI_Sendrecv
State,rank-26,MPI_STATE,0.001184,0.001570,0.000386,0.000000,PMPI_Sendrecv
State,rank-26,MPI_STATE,0.004633,0.004633,0.000000,0.000000,PMPI_Reduce
State,rank-26,MPI_STATE,0.004635,0.004635,0.000000,0.000000,PMPI_Reduce
State,rank-26,MPI_STATE,0.004637,0.004693,0.000056,0.000000,PMPI_Barrier
State,rank-26,MPI_STATE,0.004695,0.004695,0.000000,0.000000,PMPI_Finalize
State,rank-25,MPI_STATE,0.000000,0.000000,0.000000,0.000000,PMPI_Init
State,rank-25,MPI_STATE,0.000040,0.000516,0.000476,0.000000,PMPI_Barrier
State,rank-25,MPI_STATE,0.000519,0.000725,0.000206,0.000000,PMPI_Scatter
State,rank-25,MPI_STATE,0.000730,0.000738,0.000008,0.000000,PMPI_Sendrecv
State,rank-25,MPI_STATE,0.000740,0.000792,0.000052,0.000000,PMPI_Sendrecv
State,rank-25,MPI_STATE,0.000794,0.000835,0.000041,0.000000,PMPI_Sendrecv
State,rank-25,MPI_STATE,0.000837,0.000885,0.000048,0.000000,PMPI_Sendrecv
State,rank-25,MPI_STATE,0.000887,0.000982,0.000095,0.000000,PMPI_Sendrecv
State,rank-25,MPI_STATE,0.000983,0.001185,0.000202,0.000000,PMPI_Sendrecv
State,rank-25,MPI_STATE,0.001186,0.001568,0.000382,0.000000,PMPI_Sendrecv
State,rank-25,MPI_STATE,0.004578,0.004578,0.000000,0.000000,PMPI_Reduce
State,rank-25,MPI_STATE,0.004579,0.004579,0.000000,0.000000,PMPI_Reduce
State,rank-25,MPI_STATE,0.004581,0.004693,0.000112,0.000000,PMPI_Barrier
State,rank-25,MPI_STATE,0.004695,0.004695,0.000000,0.000000,PMPI_Finalize
State,rank-24,MPI_STATE,0.000000,0.000000,0.000000,0.000000,PMPI_Init
State,rank-24,MPI_STATE,0.000033,0.000516,0.000483,0.000000,PMPI_Barrier
State,rank-24,MPI_STATE,0.000520,0.000548,0.000028,0.000000,PMPI_Scatter
State,rank-24,MPI_STATE,0.000558,0.000738,0.000180,0.000000,PMPI_Sendrecv
State,rank-24,MPI_STATE,0.000740,0.000791,0.000051,0.000000,PMPI_Sendrecv
State,rank-24,MPI_STATE,0.000793,0.000834,0.000041,0.000000,PMPI_Sendrecv
State,rank-24,MPI_STATE,0.000836,0.000884,0.000048,0.000000,PMPI_Sendrecv
State,rank-24,MPI_STATE,0.000885,0.000980,0.000095,0.000000,PMPI_Sendrecv
State,rank-24,MPI_STATE,0.000982,0.001182,0.000200,0.000000,PMPI_Sendrecv
State,rank-24,MPI_STATE,0.001184,0.001572,0.000388,0.000000,PMPI_Sendrecv
State,rank-24,MPI_STATE,0.004629,0.004629,0.000000,0.000000,PMPI_Reduce
State,rank-24,MPI_STATE,0.004631,0.004631,0.000000,0.000000,PMPI_Reduce
State,rank-24,MPI_STATE,0.004632,0.004692,0.000060,0.000000,PMPI_Barrier
State,rank-24,MPI_STATE,0.004693,0.004693,0.000000,0.000000,PMPI_Finalize
State,rank-23,MPI_STATE,0.000000,0.000000,0.000000,0.000000,PMPI_Init
State,rank-23,MPI_STATE,0.000037,0.000516,0.000479,0.000000,PMPI_Barrier
State,rank-23,MPI_STATE,0.000521,0.000762,0.000241,0.000000,PMPI_Scatter
State,rank-23,MPI_STATE,0.000767,0.000775,0.000008,0.000000,PMPI_Sendrecv
State,rank-23,MPI_STATE,0.000777,0.000790,0.000013,0.000000,PMPI_Sendrecv
State,rank-23,MPI_STATE,0.000791,0.000815,0.000024,0.000000,PMPI_Sendrecv
State,rank-23,MPI_STATE,0.000817,0.000883,0.000066,0.000000,PMPI_Sendrecv
State,rank-23,MPI_STATE,0.000885,0.000980,0.000095,0.000000,PMPI_Sendrecv
State,rank-23,MPI_STATE,0.000982,0.001182,0.000200,0.000000,PMPI_Sendrecv
State,rank-23,MPI_STATE,0.001183,0.001571,0.000388,0.000000,PMPI_Sendrecv
State,rank-23,MPI_STATE,0.004602,0.004602,0.000000,0.000000,PMPI_Reduce
State,rank-23,MPI_STATE,0.004604,0.004604,0.000000,0.000000,PMPI_Reduce
State,rank-23,MPI_STATE,0.004606,0.004693,0.000087,0.000000,PMPI_Barrier
State,rank-23,MPI_STATE,0.004694,0.004694,0.000000,0.000000,PMPI_Finalize
State,rank-22,MPI_STATE,0.000000,0.000000,0.000000,0.000000,PMPI_Init
State,rank-22,MPI_STATE,0.000036,0.000516,0.000480,0.000000,PMPI_Barrier
State,rank-22,MPI_STATE,0.000521,0.000625,0.000104,0.000000,PMPI_Scatter
State,rank-22,MPI_STATE,0.000633,0.000775,0.000142,0.000000,PMPI_Sendrecv
State,rank-22,MPI_STATE,0.000777,0.000790,0.000013,0.000000,PMPI_Sendrecv
State,rank-22,MPI_STATE,0.000792,0.000816,0.000024,0.000000,PMPI_Sendrecv
State,rank-22,MPI_STATE,0.000818,0.000884,0.000066,0.000000,PMPI_Sendrecv
State,rank-22,MPI_STATE,0.000886,0.000981,0.000095,0.000000,PMPI_Sendrecv
State,rank-22,MPI_STATE,0.000983,0.001183,0.000200,0.000000,PMPI_Sendrecv
State,rank-22,MPI_STATE,0.001185,0.001570,0.000385,0.000000,PMPI_Sendrecv
State,rank-22,MPI_STATE,0.004607,0.004607,0.000000,0.000000,PMPI_Reduce
State,rank-22,MPI_STATE,0.004609,0.004609,0.000000,0.000000,PMPI_Reduce
State,rank-22,MPI_STATE,0.004611,0.004693,0.000082,0.000000,PMPI_Barrier
State,rank-22,MPI_STATE,0.004695,0.004695,0.000000,0.000000,PMPI_Finalize
State,rank-21,MPI_STATE,0.000000,0.000000,0.000000,0.000000,PMPI_Init
State,rank-21,MPI_STATE,0.000035,0.000516,0.000481,0.000000,PMPI_Barrier
State,rank-21,MPI_STATE,0.000519,0.000725,0.000206,0.000000,PMPI_Scatter
State,rank-21,MPI_STATE,0.000730,0.000738,0.000008,0.000000,PMPI_Sendrecv
State,rank-21,MPI_STATE,0.000740,0.000790,0.000050,0.000000,PMPI_Sendrecv
State,rank-21,MPI_STATE,0.000792,0.000816,0.000024,0.000000,PMPI_Sendrecv
State,rank-21,MPI_STATE,0.000818,0.000885,0.000067,0.000000,PMPI_Sendrecv
State,rank-21,MPI_STATE,0.000887,0.000982,0.000095,0.000000,PMPI_Sendrecv
State,rank-21,MPI_STATE,0.000984,0.001184,0.000200,0.000000,PMPI_Sendrecv
State,rank-21,MPI_STATE,0.001186,0.001571,0.000385,0.000000,PMPI_Sendrecv
State,rank-21,MPI_STATE,0.004634,0.004634,0.000000,0.000000,PMPI_Reduce
State,rank-21,MPI_STATE,0.004636,0.004636,0.000000,0.000000,PMPI_Reduce
State,rank-21,MPI_STATE,0.004639,0.004693,0.000054,0.000000,PMPI_Barrier
State,rank-21,MPI_STATE,0.004695,0.004695,0.000000,0.000000,PMPI_Finalize
State,rank-20,MPI_STATE,0.000000,0.000000,0.000000,0.000000,PMPI_Init
State,rank-20,MPI_STATE,0.000036,0.000516,0.000480,0.000000,PMPI_Barrier
State,rank-20,MPI_STATE,0.000522,0.000567,0.000045,0.000000,PMPI_Scatter
State,rank-20,MPI_STATE,0.000573,0.000738,0.000165,0.000000,PMPI_Sendrecv
State,rank-20,MPI_STATE,0.000740,0.000790,0.000050,0.000000,PMPI_Sendrecv
State,rank-20,MPI_STATE,0.000792,0.000816,0.000024,0.000000,PMPI_Sendrecv
State,rank-20,MPI_STATE,0.000818,0.000883,0.000065,0.000000,PMPI_Sendrecv
State,rank-20,MPI_STATE,0.000885,0.000980,0.000095,0.000000,PMPI_Sendrecv
State,rank-20,MPI_STATE,0.000981,0.001183,0.000202,0.000000,PMPI_Sendrecv
State,rank-20,MPI_STATE,0.001185,0.001568,0.000383,0.000000,PMPI_Sendrecv
State,rank-20,MPI_STATE,0.004620,0.004620,0.000000,0.000000,PMPI_Reduce
State,rank-20,MPI_STATE,0.004623,0.004623,0.000000,0.000000,PMPI_Reduce
State,rank-20,MPI_STATE,0.004625,0.004692,0.000067,0.000000,PMPI_Barrier
State,rank-20,MPI_STATE,0.004693,0.004693,0.000000,0.000000,PMPI_Finalize
State,rank-19,MPI_STATE,0.000000,0.000000,0.000000,0.000000,PMPI_Init
State,rank-19,MPI_STATE,0.000035,0.000516,0.000481,0.000000,PMPI_Barrier
State,rank-19,MPI_STATE,0.000520,0.000725,0.000205,0.000000,PMPI_Scatter
State,rank-19,MPI_STATE,0.000731,0.000739,0.000008,0.000000,PMPI_Sendrecv
State,rank-19,MPI_STATE,0.000741,0.000754,0.000013,0.000000,PMPI_Sendrecv
State,rank-19,MPI_STATE,0.000755,0.000815,0.000060,0.000000,PMPI_Sendrecv
State,rank-19,MPI_STATE,0.000817,0.000884,0.000067,0.000000,PMPI_Sendrecv
State,rank-19,MPI_STATE,0.000885,0.000980,0.000095,0.000000,PMPI_Sendrecv
State,rank-19,MPI_STATE,0.000982,0.001184,0.000202,0.000000,PMPI_Sendrecv
State,rank-19,MPI_STATE,0.001186,0.001570,0.000384,0.000000,PMPI_Sendrecv
State,rank-19,MPI_STATE,0.004595,0.004595,0.000000,0.000000,PMPI_Reduce
State,rank-19,MPI_STATE,0.004598,0.004598,0.000000,0.000000,PMPI_Reduce
State,rank-19,MPI_STATE,0.004599,0.004693,0.000094,0.000000,PMPI_Barrier
State,rank-19,MPI_STATE,0.004695,0.004695,0.000000,0.000000,PMPI_Finalize
State,rank-1,MPI_STATE,0.000000,0.000000,0.000000,0.000000,PMPI_Init
State,rank-1,MPI_STATE,0.000075,0.000516,0.000441,0.000000,PMPI_Barrier
State,rank-1,MPI_STATE,0.000520,0.000587,0.000067,0.000000,PMPI_Scatter
State,rank-1,MPI_STATE,0.000596,0.000671,0.000075,0.000000,PMPI_Sendrecv
State,rank-1,MPI_STATE,0.000674,0.000708,0.000034,0.000000,PMPI_Sendrecv
State,rank-1,MPI_STATE,0.000711,0.000787,0.000076,0.000000,PMPI_Sendrecv
State,rank-1,MPI_STATE,0.000788,0.000866,0.000078,0.000000,PMPI_Sendrecv
State,rank-1,MPI_STATE,0.000868,0.000982,0.000114,0.000000,PMPI_Sendrecv
State,rank-1,MPI_STATE,0.000984,0.001186,0.000202,0.000000,PMPI_Sendrecv
State,rank-1,MPI_STATE,0.001189,0.001568,0.000379,0.000000,PMPI_Sendrecv
State,rank-1,MPI_STATE,0.004569,0.004569,0.000000,0.000000,PMPI_Reduce
State,rank-1,MPI_STATE,0.004571,0.004571,0.000000,0.000000,PMPI_Reduce
State,rank-1,MPI_STATE,0.004572,0.004692,0.000120,0.000000,PMPI_Barrier
State,rank-1,MPI_STATE,0.004694,0.004694,0.000000,0.000000,PMPI_Finalize
State,rank-18,MPI_STATE,0.000000,0.000000,0.000000,0.000000,PMPI_Init
State,rank-18,MPI_STATE,0.000035,0.000516,0.000481,0.000000,PMPI_Barrier
State,rank-18,MPI_STATE,0.000521,0.000598,0.000077,0.000000,PMPI_Scatter
State,rank-18,MPI_STATE,0.000606,0.000739,0.000133,0.000000,PMPI_Sendrecv
State,rank-18,MPI_STATE,0.000741,0.000754,0.000013,0.000000,PMPI_Sendrecv
State,rank-18,MPI_STATE,0.000756,0.000816,0.000060,0.000000,PMPI_Sendrecv
State,rank-18,MPI_STATE,0.000817,0.000884,0.000067,0.000000,PMPI_Sendrecv
State,rank-18,MPI_STATE,0.000885,0.000980,0.000095,0.000000,PMPI_Sendrecv
State,rank-18,MPI_STATE,0.000982,0.001183,0.000201,0.000000,PMPI_Sendrecv
State,rank-18,MPI_STATE,0.001185,0.001571,0.000386,0.000000,PMPI_Sendrecv
State,rank-18,MPI_STATE,0.004613,0.004613,0.000000,0.000000,PMPI_Reduce
State,rank-18,MPI_STATE,0.004616,0.004616,0.000000,0.000000,PMPI_Reduce
State,rank-18,MPI_STATE,0.004618,0.004692,0.000074,0.000000,PMPI_Barrier
State,rank-18,MPI_STATE,0.004694,0.004694,0.000000,0.000000,PMPI_Finalize
State,rank-17,MPI_STATE,0.000000,0.000000,0.000000,0.000000,PMPI_Init
State,rank-17,MPI_STATE,0.000035,0.000516,0.000481,0.000000,PMPI_Barrier
State,rank-17,MPI_STATE,0.000520,0.000668,0.000148,0.000000,PMPI_Scatter
State,rank-17,MPI_STATE,0.000675,0.000683,0.000008,0.000000,PMPI_Sendrecv
State,rank-17,MPI_STATE,0.000684,0.000754,0.000070,0.000000,PMPI_Sendrecv
State,rank-17,MPI_STATE,0.000755,0.000816,0.000061,0.000000,PMPI_Sendrecv
State,rank-17,MPI_STATE,0.000818,0.000885,0.000067,0.000000,PMPI_Sendrecv
State,rank-17,MPI_STATE,0.000887,0.000982,0.000095,0.000000,PMPI_Sendrecv
State,rank-17,MPI_STATE,0.000984,0.001187,0.000203,0.000000,PMPI_Sendrecv
State,rank-17,MPI_STATE,0.001189,0.001568,0.000379,0.000000,PMPI_Sendrecv
State,rank-17,MPI_STATE,0.004578,0.004578,0.000000,0.000000,PMPI_Reduce
State,rank-17,MPI_STATE,0.004580,0.004580,0.000000,0.000000,PMPI_Reduce
State,rank-17,MPI_STATE,0.004582,0.004692,0.000110,0.000000,PMPI_Barrier
State,rank-17,MPI_STATE,0.004694,0.004694,0.000000,0.000000,PMPI_Finalize
State,rank-16,MPI_STATE,0.000000,0.000000,0.000000,0.000000,PMPI_Init
State,rank-16,MPI_STATE,0.000036,0.000516,0.000480,0.000000,PMPI_Barrier
State,rank-16,MPI_STATE,0.000522,0.000531,0.000009,0.000000,PMPI_Scatter
State,rank-16,MPI_STATE,0.000541,0.000683,0.000142,0.000000,PMPI_Sendrecv
State,rank-16,MPI_STATE,0.000685,0.000754,0.000069,0.000000,PMPI_Sendrecv
State,rank-16,MPI_STATE,0.000756,0.000816,0.000060,0.000000,PMPI_Sendrecv
State,rank-16,MPI_STATE,0.000817,0.000884,0.000067,0.000000,PMPI_Sendrecv
State,rank-16,MPI_STATE,0.000886,0.000981,0.000095,0.000000,PMPI_Sendrecv
State,rank-16,MPI_STATE,0.000982,0.001181,0.000199,0.000000,PMPI_Sendrecv
State,rank-16,MPI_STATE,0.001183,0.001570,0.000387,0.000000,PMPI_Sendrecv
State,rank-16,MPI_STATE,0.004618,0.004618,0.000000,0.000000,PMPI_Reduce
State,rank-16,MPI_STATE,0.004620,0.004620,0.000000,0.000000,PMPI_Reduce
State,rank-16,MPI_STATE,0.004621,0.004692,0.000071,0.000000,PMPI_Barrier
State,rank-16,MPI_STATE,0.004694,0.004694,0.000000,0.000000,PMPI_Finalize
State,rank-15,MPI_STATE,0.000000,0.000000,0.000000,0.000000,PMPI_Init
State,rank-15,MPI_STATE,0.000039,0.000516,0.000477,0.000000,PMPI_Barrier
State,rank-15,MPI_STATE,0.000521,0.000762,0.000241,0.000000,PMPI_Scatter
State,rank-15,MPI_STATE,0.000768,0.000776,0.000008,0.000000,PMPI_Sendrecv
State,rank-15,MPI_STATE,0.000777,0.000790,0.000013,0.000000,PMPI_Sendrecv
State,rank-15,MPI_STATE,0.000791,0.000815,0.000024,0.000000,PMPI_Sendrecv
State,rank-15,MPI_STATE,0.000817,0.000865,0.000048,0.000000,PMPI_Sendrecv
State,rank-15,MPI_STATE,0.000867,0.000979,0.000112,0.000000,PMPI_Sendrecv
State,rank-15,MPI_STATE,0.000981,0.001184,0.000203,0.000000,PMPI_Sendrecv
State,rank-15,MPI_STATE,0.001186,0.001571,0.000385,0.000000,PMPI_Sendrecv
State,rank-15,MPI_STATE,0.004616,0.004616,0.000000,0.000000,PMPI_Reduce
State,rank-15,MPI_STATE,0.004618,0.004618,0.000000,0.000000,PMPI_Reduce
State,rank-15,MPI_STATE,0.004620,0.004693,0.000073,0.000000,PMPI_Barrier
State,rank-15,MPI_STATE,0.004699,0.004699,0.000000,0.000000,PMPI_Finalize
State,rank-14,MPI_STATE,0.000000,0.000000,0.000000,0.000000,PMPI_Init
State,rank-14,MPI_STATE,0.000035,0.000516,0.000481,0.000000,PMPI_Barrier
State,rank-14,MPI_STATE,0.000520,0.000625,0.000105,0.000000,PMPI_Scatter
State,rank-14,MPI_STATE,0.000634,0.000776,0.000142,0.000000,PMPI_Sendrecv
State,rank-14,MPI_STATE,0.000778,0.000791,0.000013,0.000000,PMPI_Sendrecv
State,rank-14,MPI_STATE,0.000793,0.000817,0.000024,0.000000,PMPI_Sendrecv
State,rank-14,MPI_STATE,0.000819,0.000867,0.000048,0.000000,PMPI_Sendrecv
State,rank-14,MPI_STATE,0.000869,0.000980,0.000111,0.000000,PMPI_Sendrecv
State,rank-14,MPI_STATE,0.000981,0.001184,0.000203,0.000000,PMPI_Sendrecv
State,rank-14,MPI_STATE,0.001186,0.001569,0.000383,0.000000,PMPI_Sendrecv
State,rank-14,MPI_STATE,0.004580,0.004580,0.000000,0.000000,PMPI_Reduce
State,rank-14,MPI_STATE,0.004582,0.004582,0.000000,0.000000,PMPI_Reduce
State,rank-14,MPI_STATE,0.004584,0.004693,0.000109,0.000000,PMPI_Barrier
State,rank-14,MPI_STATE,0.004695,0.004695,0.000000,0.000000,PMPI_Finalize
State,rank-13,MPI_STATE,0.000000,0.000000,0.000000,0.000000,PMPI_Init
State,rank-13,MPI_STATE,0.000037,0.000516,0.000479,0.000000,PMPI_Barrier
State,rank-13,MPI_STATE,0.000519,0.000725,0.000206,0.000000,PMPI_Scatter
State,rank-13,MPI_STATE,0.000732,0.000740,0.000008,0.000000,PMPI_Sendrecv
State,rank-13,MPI_STATE,0.000741,0.000790,0.000049,0.000000,PMPI_Sendrecv
State,rank-13,MPI_STATE,0.000792,0.000816,0.000024,0.000000,PMPI_Sendrecv
State,rank-13,MPI_STATE,0.000818,0.000866,0.000048,0.000000,PMPI_Sendrecv
State,rank-13,MPI_STATE,0.000868,0.000982,0.000114,0.000000,PMPI_Sendrecv
State,rank-13,MPI_STATE,0.000984,0.001184,0.000200,0.000000,PMPI_Sendrecv
State,rank-13,MPI_STATE,0.001186,0.001569,0.000383,0.000000,PMPI_Sendrecv
State,rank-13,MPI_STATE,0.004586,0.004586,0.000000,0.000000,PMPI_Reduce
State,rank-13,MPI_STATE,0.004589,0.004589,0.000000,0.000000,PMPI_Reduce
State,rank-13,MPI_STATE,0.004591,0.004693,0.000102,0.000000,PMPI_Barrier
State,rank-13,MPI_STATE,0.004695,0.004695,0.000000,0.000000,PMPI_Finalize
State,rank-12,MPI_STATE,0.000000,0.000000,0.000000,0.000000,PMPI_Init
State,rank-12,MPI_STATE,0.000047,0.000516,0.000469,0.000000,PMPI_Barrier
State,rank-12,MPI_STATE,0.000520,0.000567,0.000047,0.000000,PMPI_Scatter
State,rank-12,MPI_STATE,0.000574,0.000740,0.000166,0.000000,PMPI_Sendrecv
State,rank-12,MPI_STATE,0.000741,0.000791,0.000050,0.000000,PMPI_Sendrecv
State,rank-12,MPI_STATE,0.000792,0.000816,0.000024,0.000000,PMPI_Sendrecv
State,rank-12,MPI_STATE,0.000817,0.000865,0.000048,0.000000,PMPI_Sendrecv
State,rank-12,MPI_STATE,0.000866,0.000980,0.000114,0.000000,PMPI_Sendrecv
State,rank-12,MPI_STATE,0.000982,0.001181,0.000199,0.000000,PMPI_Sendrecv
State,rank-12,MPI_STATE,0.001183,0.001568,0.000385,0.000000,PMPI_Sendrecv
State,rank-12,MPI_STATE,0.004585,0.004585,0.000000,0.000000,PMPI_Reduce
State,rank-12,MPI_STATE,0.004587,0.004587,0.000000,0.000000,PMPI_Reduce
State,rank-12,MPI_STATE,0.004589,0.004692,0.000103,0.000000,PMPI_Barrier
State,rank-12,MPI_STATE,0.004693,0.004693,0.000000,0.000000,PMPI_Finalize
State,rank-127,MPI_STATE,0.000000,0.000000,0.000000,0.000000,PMPI_Init
State,rank-127,MPI_STATE,0.000027,0.000517,0.000490,0.000000,PMPI_Barrier
State,rank-127,MPI_STATE,0.000520,0.000794,0.000274,0.000000,PMPI_Scatter
State,rank-127,MPI_STATE,0.000806,0.000814,0.000008,0.000000,PMPI_Sendrecv
State,rank-127,MPI_STATE,0.000816,0.000829,0.000013,0.000000,PMPI_Sendrecv
State,rank-127,MPI_STATE,0.000831,0.000856,0.000025,0.000000,PMPI_Sendrecv
State,rank-127,MPI_STATE,0.000858,0.000906,0.000048,0.000000,PMPI_Sendrecv
State,rank-127,MPI_STATE,0.000908,0.001003,0.000095,0.000000,PMPI_Sendrecv
State,rank-127,MPI_STATE,0.001005,0.001193,0.000188,0.000000,PMPI_Sendrecv
State,rank-127,MPI_STATE,0.001195,0.001571,0.000376,0.000000,PMPI_Sendrecv
State,rank-127,MPI_STATE,0.004582,0.004582,0.000000,0.000000,PMPI_Reduce
State,rank-127,MPI_STATE,0.004584,0.004584,0.000000,0.000000,PMPI_Reduce
State,rank-127,MPI_STATE,0.004585,0.004693,0.000108,0.000000,PMPI_Barrier
State,rank-127,MPI_STATE,0.004696,0.004696,0.000000,0.000000,PMPI_Finalize
State,rank-126,MPI_STATE,0.000000,0.000000,0.000000,0.000000,PMPI_Init
State,rank-126,MPI_STATE,0.000030,0.000517,0.000487,0.000000,PMPI_Barrier
State,rank-126,MPI_STATE,0.000522,0.000645,0.000123,0.000000,PMPI_Scatter
State,rank-126,MPI_STATE,0.000652,0.000814,0.000162,0.000000,PMPI_Sendrecv
State,rank-126,MPI_STATE,0.000816,0.000829,0.000013,0.000000,PMPI_Sendrecv
State,rank-126,MPI_STATE,0.000831,0.000856,0.000025,0.000000,PMPI_Sendrecv
State,rank-126,MPI_STATE,0.000857,0.000905,0.000048,0.000000,PMPI_Sendrecv
State,rank-126,MPI_STATE,0.000906,0.001001,0.000095,0.000000,PMPI_Sendrecv
State,rank-126,MPI_STATE,0.001002,0.001190,0.000188,0.000000,PMPI_Sendrecv
State,rank-126,MPI_STATE,0.001192,0.001568,0.000376,0.000000,PMPI_Sendrecv
State,rank-126,MPI_STATE,0.004576,0.004576,0.000000,0.000000,PMPI_Reduce
State,rank-126,MPI_STATE,0.004579,0.004579,0.000000,0.000000,PMPI_Reduce
State,rank-126,MPI_STATE,0.004580,0.004693,0.000113,0.000000,PMPI_Barrier
State,rank-126,MPI_STATE,0.004695,0.004695,0.000000,0.000000,PMPI_Finalize
State,rank-125,MPI_STATE,0.000000,0.000000,0.000000,0.000000,PMPI_Init
State,rank-125,MPI_STATE,0.000029,0.000517,0.000488,0.000000,PMPI_Barrier
State,rank-125,MPI_STATE,0.000520,0.000787,0.000267,0.000000,PMPI_Scatter
State,rank-125,MPI_STATE,0.000795,0.000803,0.000008,0.000000,PMPI_Sendrecv
State,rank-125,MPI_STATE,0.000804,0.000829,0.000025,0.000000,PMPI_Sendrecv
State,rank-125,MPI_STATE,0.000831,0.000856,0.000025,0.000000,PMPI_Sendrecv
State,rank-125,MPI_STATE,0.000857,0.000905,0.000048,0.000000,PMPI_Sendrecv
State,rank-125,MPI_STATE,0.000906,0.001001,0.000095,0.000000,PMPI_Sendrecv
State,rank-125,MPI_STATE,0.001003,0.001191,0.000188,0.000000,PMPI_Sendrecv
State,rank-125,MPI_STATE,0.001193,0.001569,0.000376,0.000000,PMPI_Sendrecv
State,rank-125,MPI_STATE,0.004593,0.004593,0.000000,0.000000,PMPI_Reduce
State,rank-125,MPI_STATE,0.004595,0.004595,0.000000,0.000000,PMPI_Reduce
State,rank-125,MPI_STATE,0.004596,0.004693,0.000097,0.000000,PMPI_Barrier
State,rank-125,MPI_STATE,0.004695,0.004695,0.000000,0.000000,PMPI_Finalize
State,rank-124,MPI_STATE,0.000000,0.000000,0.000000,0.000000,PMPI_Init
State,rank-124,MPI_STATE,0.000032,0.000516,0.000484,0.000000,PMPI_Barrier
State,rank-124,MPI_STATE,0.000521,0.000586,0.000065,0.000000,PMPI_Scatter
State,rank-124,MPI_STATE,0.000595,0.000803,0.000208,0.000000,PMPI_Sendrecv
State,rank-124,MPI_STATE,0.000805,0.000829,0.000024,0.000000,PMPI_Sendrecv
State,rank-124,MPI_STATE,0.000830,0.000855,0.000025,0.000000,PMPI_Sendrecv
State,rank-124,MPI_STATE,0.000857,0.000905,0.000048,0.000000,PMPI_Sendrecv
State,rank-124,MPI_STATE,0.000906,0.001001,0.000095,0.000000,PMPI_Sendrecv
State,rank-124,MPI_STATE,0.001002,0.001190,0.000188,0.000000,PMPI_Sendrecv
State,rank-124,MPI_STATE,0.001192,0.001568,0.000376,0.000000,PMPI_Sendrecv
State,rank-124,MPI_STATE,0.004575,0.004575,0.000000,0.000000,PMPI_Reduce
State,rank-124,MPI_STATE,0.004577,0.004577,0.000000,0.000000,PMPI_Reduce
State,rank-124,MPI_STATE,0.004578,0.004693,0.000115,0.000000,PMPI_Barrier
State,rank-124,MPI_STATE,0.004695,0.004695,0.000000,0.000000,PMPI_Finalize
State,rank-123,MPI_STATE,0.000000,0.000000,0.000000,0.000000,PMPI_Init
State,rank-123,MPI_STATE,0.000034,0.000517,0.000483,0.000000,PMPI_Barrier
State,rank-123,MPI_STATE,0.000521,0.000779,0.000258,0.000000,PMPI_Scatter
State,rank-123,MPI_STATE,0.000787,0.000795,0.000008,0.000000,PMPI_Sendrecv
State,rank-123,MPI_STATE,0.000797,0.000810,0.000013,0.000000,PMPI_Sendrecv
State,rank-123,MPI_STATE,0.000812,0.000856,0.000044,0.000000,PMPI_Sendrecv
State,rank-123,MPI_STATE,0.000857,0.000905,0.000048,0.000000,PMPI_Sendrecv
State,rank-123,MPI_STATE,0.000907,0.001002,0.000095,0.000000,PMPI_Sendrecv
State,rank-123,MPI_STATE,0.001004,0.001192,0.000188,0.000000,PMPI_Sendrecv
State,rank-123,MPI_STATE,0.001194,0.001570,0.000376,0.000000,PMPI_Sendrecv
State,rank-123,MPI_STATE,0.004558,0.004558,0.000000,0.000000,PMPI_Reduce
State,rank-123,MPI_STATE,0.004560,0.004560,0.000000,0.000000,PMPI_Reduce
State,rank-123,MPI_STATE,0.004562,0.004693,0.000131,0.000000,PMPI_Barrier
State,rank-123,MPI_STATE,0.004695,0.004695,0.000000,0.000000,PMPI_Finalize
State,rank-122,MPI_STATE,0.000000,0.000000,0.000000,0.000000,PMPI_Init
State,rank-122,MPI_STATE,0.000031,0.000516,0.000485,0.000000,PMPI_Barrier
State,rank-122,MPI_STATE,0.000520,0.000644,0.000124,0.000000,PMPI_Scatter
State,rank-122,MPI_STATE,0.000651,0.000795,0.000144,0.000000,PMPI_Sendrecv
State,rank-122,MPI_STATE,0.000796,0.000809,0.000013,0.000000,PMPI_Sendrecv
State,rank-122,MPI_STATE,0.000811,0.000856,0.000045,0.000000,PMPI_Sendrecv
State,rank-122,MPI_STATE,0.000858,0.000906,0.000048,0.000000,PMPI_Sendrecv
State,rank-122,MPI_STATE,0.000908,0.001003,0.000095,0.000000,PMPI_Sendrecv
State,rank-122,MPI_STATE,0.001004,0.001192,0.000188,0.000000,PMPI_Sendrecv
State,rank-122,MPI_STATE,0.001195,0.001571,0.000376,0.000000,PMPI_Sendrecv
State,rank-122,MPI_STATE,0.004609,0.004609,0.000000,0.000000,PMPI_Reduce
State,rank-122,MPI_STATE,0.004611,0.004611,0.000000,0.000000,PMPI_Reduce
State,rank-122,MPI_STATE,0.004613,0.004693,0.000080,0.000000,PMPI_Barrier
State,rank-122,MPI_STATE,0.004696,0.004696,0.000000,0.000000,PMPI_Finalize
State,rank-121,MPI_STATE,0.000000,0.000000,0.000000,0.000000,PMPI_Init
State,rank-121,MPI_STATE,0.000032,0.000516,0.000484,0.000000,PMPI_Barrier
State,rank-121,MPI_STATE,0.000520,0.000778,0.000258,0.000000,PMPI_Scatter
State,rank-121,MPI_STATE,0.000786,0.000794,0.000008,0.000000,PMPI_Sendrecv
State,rank-121,MPI_STATE,0.000795,0.000810,0.000015,0.000000,PMPI_Sendrecv
State,rank-121,MPI_STATE,0.000813,0.000856,0.000043,0.000000,PMPI_Sendrecv
State,rank-121,MPI_STATE,0.000857,0.000905,0.000048,0.000000,PMPI_Sendrecv
State,rank-121,MPI_STATE,0.000906,0.001001,0.000095,0.000000,PMPI_Sendrecv
State,rank-121,MPI_STATE,0.001003,0.001191,0.000188,0.000000,PMPI_Sendrecv
State,rank-121,MPI_STATE,0.001193,0.001569,0.000376,0.000000,PMPI_Sendrecv
State,rank-121,MPI_STATE,0.004585,0.004585,0.000000,0.000000,PMPI_Reduce
State,rank-121,MPI_STATE,0.004587,0.004587,0.000000,0.000000,PMPI_Reduce
State,rank-121,MPI_STATE,0.004590,0.004693,0.000103,0.000000,PMPI_Barrier
State,rank-121,MPI_STATE,0.004695,0.004695,0.000000,0.000000,PMPI_Finalize
State,rank-120,MPI_STATE,0.000000,0.000000,0.000000,0.000000,PMPI_Init
State,rank-120,MPI_STATE,0.000032,0.000516,0.000484,0.000000,PMPI_Barrier
State,rank-120,MPI_STATE,0.000520,0.000554,0.000034,0.000000,PMPI_Scatter
State,rank-120,MPI_STATE,0.000564,0.000794,0.000230,0.000000,PMPI_Sendrecv
State,rank-120,MPI_STATE,0.000796,0.000809,0.000013,0.000000,PMPI_Sendrecv
State,rank-120,MPI_STATE,0.000811,0.000855,0.000044,0.000000,PMPI_Sendrecv
State,rank-120,MPI_STATE,0.000858,0.000906,0.000048,0.000000,PMPI_Sendrecv
State,rank-120,MPI_STATE,0.000909,0.001004,0.000095,0.000000,PMPI_Sendrecv
State,rank-120,MPI_STATE,0.001005,0.001193,0.000188,0.000000,PMPI_Sendrecv
State,rank-120,MPI_STATE,0.001196,0.001572,0.000376,0.000000,PMPI_Sendrecv
State,rank-120,MPI_STATE,0.004582,0.004582,0.000000,0.000000,PMPI_Reduce
State,rank-120,MPI_STATE,0.004584,0.004584,0.000000,0.000000,PMPI_Reduce
State,rank-120,MPI_STATE,0.004586,0.004693,0.000107,0.000000,PMPI_Barrier
State,rank-120,MPI_STATE,0.004695,0.004695,0.000000,0.000000,PMPI_Finalize
State,rank-119,MPI_STATE,0.000000,0.000000,0.000000,0.000000,PMPI_Init
State,rank-119,MPI_STATE,0.000029,0.000517,0.000488,0.000000,PMPI_Barrier
State,rank-119,MPI_STATE,0.000521,0.000789,0.000268,0.000000,PMPI_Scatter
State,rank-119,MPI_STATE,0.000798,0.000806,0.000008,0.000000,PMPI_Sendrecv
State,rank-119,MPI_STATE,0.000807,0.000820,0.000013,0.000000,PMPI_Sendrecv
State,rank-119,MPI_STATE,0.000822,0.000847,0.000025,0.000000,PMPI_Sendrecv
State,rank-119,MPI_STATE,0.000848,0.000906,0.000058,0.000000,PMPI_Sendrecv
State,rank-119,MPI_STATE,0.000908,0.001003,0.000095,0.000000,PMPI_Sendrecv
State,rank-119,MPI_STATE,0.001005,0.001193,0.000188,0.000000,PMPI_Sendrecv
State,rank-119,MPI_STATE,0.001195,0.001571,0.000376,0.000000,PMPI_Sendrecv
State,rank-119,MPI_STATE,0.004622,0.004622,0.000000,0.000000,PMPI_Reduce
State,rank-119,MPI_STATE,0.004625,0.004625,0.000000,0.000000,PMPI_Reduce
State,rank-119,MPI_STATE,0.004627,0.004693,0.000066,0.000000,PMPI_Barrier
State,rank-119,MPI_STATE,0.004695,0.004695,0.000000,0.000000,PMPI_Finalize
State,rank-11,MPI_STATE,0.000000,0.000000,0.000000,0.000000,PMPI_Init
State,rank-11,MPI_STATE,0.000039,0.000516,0.000477,0.000000,PMPI_Barrier
State,rank-11,MPI_STATE,0.000521,0.000725,0.000204,0.000000,PMPI_Scatter
State,rank-11,MPI_STATE,0.000732,0.000740,0.000008,0.000000,PMPI_Sendrecv
State,rank-11,MPI_STATE,0.000741,0.000754,0.000013,0.000000,PMPI_Sendrecv
State,rank-11,MPI_STATE,0.000756,0.000815,0.000059,0.000000,PMPI_Sendrecv
State,rank-11,MPI_STATE,0.000816,0.000864,0.000048,0.000000,PMPI_Sendrecv
State,rank-11,MPI_STATE,0.000866,0.000981,0.000115,0.000000,PMPI_Sendrecv
State,rank-11,MPI_STATE,0.000983,0.001184,0.000201,0.000000,PMPI_Sendrecv
State,rank-11,MPI_STATE,0.001186,0.001570,0.000384,0.000000,PMPI_Sendrecv
State,rank-11,MPI_STATE,0.004622,0.004622,0.000000,0.000000,PMPI_Reduce
State,rank-11,MPI_STATE,0.004624,0.004624,0.000000,0.000000,PMPI_Reduce
State,rank-11,MPI_STATE,0.004626,0.004693,0.000067,0.000000,PMPI_Barrier
State,rank-11,MPI_STATE,0.004695,0.004695,0.000000,0.000000,PMPI_Finalize
State,rank-118,MPI_STATE,0.000000,0.000000,0.000000,0.000000,PMPI_Init
State,rank-118,MPI_STATE,0.000033,0.000516,0.000483,0.000000,PMPI_Barrier
State,rank-118,MPI_STATE,0.000522,0.000644,0.000122,0.000000,PMPI_Scatter
State,rank-118,MPI_STATE,0.000649,0.000806,0.000157,0.000000,PMPI_Sendrecv
State,rank-118,MPI_STATE,0.000808,0.000821,0.000013,0.000000,PMPI_Sendrecv
State,rank-118,MPI_STATE,0.000823,0.000848,0.000025,0.000000,PMPI_Sendrecv
State,rank-118,MPI_STATE,0.000850,0.000905,0.000055,0.000000,PMPI_Sendrecv
State,rank-118,MPI_STATE,0.000907,0.001002,0.000095,0.000000,PMPI_Sendrecv
State,rank-118,MPI_STATE,0.001003,0.001191,0.000188,0.000000,PMPI_Sendrecv
State,rank-118,MPI_STATE,0.001192,0.001568,0.000376,0.000000,PMPI_Sendrecv
State,rank-118,MPI_STATE,0.004584,0.004584,0.000000,0.000000,PMPI_Reduce
State,rank-118,MPI_STATE,0.004586,0.004586,0.000000,0.000000,PMPI_Reduce
State,rank-118,MPI_STATE,0.004588,0.004693,0.000105,0.000000,PMPI_Barrier
State,rank-118,MPI_STATE,0.004695,0.004695,0.000000,0.000000,PMPI_Finalize
State,rank-117,MPI_STATE,0.000000,0.000000,0.000000,0.000000,PMPI_Init
State,rank-117,MPI_STATE,0.000031,0.000516,0.000485,0.000000,PMPI_Barrier
State,rank-117,MPI_STATE,0.000521,0.000778,0.000257,0.000000,PMPI_Scatter
State,rank-117,MPI_STATE,0.000786,0.000794,0.000008,0.000000,PMPI_Sendrecv
State,rank-117,MPI_STATE,0.000795,0.000820,0.000025,0.000000,PMPI_Sendrecv
State,rank-117,MPI_STATE,0.000822,0.000847,0.000025,0.000000,PMPI_Sendrecv
State,rank-117,MPI_STATE,0.000848,0.000905,0.000057,0.000000,PMPI_Sendrecv
State,rank-117,MPI_STATE,0.000907,0.001002,0.000095,0.000000,PMPI_Sendrecv
State,rank-117,MPI_STATE,0.001004,0.001192,0.000188,0.000000,PMPI_Sendrecv
State,rank-117,MPI_STATE,0.001194,0.001570,0.000376,0.000000,PMPI_Sendrecv
State,rank-117,MPI_STATE,0.004591,0.004591,0.000000,0.000000,PMPI_Reduce
State,rank-117,MPI_STATE,0.004593,0.004593,0.000000,0.000000,PMPI_Reduce
State,rank-117,MPI_STATE,0.004594,0.004693,0.000099,0.000000,PMPI_Barrier
State,rank-117,MPI_STATE,0.004695,0.004695,0.000000,0.000000,PMPI_Finalize
State,rank-116,MPI_STATE,0.000000,0.000000,0.000000,0.000000,PMPI_Init
State,rank-116,MPI_STATE,0.000033,0.000516,0.000483,0.000000,PMPI_Barrier
State,rank-116,MPI_STATE,0.000519,0.000585,0.000066,0.000000,PMPI_Scatter
State,rank-116,MPI_STATE,0.000593,0.000794,0.000201,0.000000,PMPI_Sendrecv
State,rank-116,MPI_STATE,0.000796,0.000821,0.000025,0.000000,PMPI_Sendrecv
State,rank-116,MPI_STATE,0.000822,0.000847,0.000025,0.000000,PMPI_Sendrecv
State,rank-116,MPI_STATE,0.000849,0.000905,0.000056,0.000000,PMPI_Sendrecv
State,rank-116,MPI_STATE,0.000906,0.001001,0.000095,0.000000,PMPI_Sendrecv
State,rank-116,MPI_STATE,0.001002,0.001190,0.000188,0.000000,PMPI_Sendrecv
State,rank-116,MPI_STATE,0.001191,0.001567,0.000376,0.000000,PMPI_Sendrecv
State,rank-116,MPI_STATE,0.004582,0.004582,0.000000,0.000000,PMPI_Reduce
State,rank-116,MPI_STATE,0.004584,0.004584,0.000000,0.000000,PMPI_Reduce
State,rank-116,MPI_STATE,0.004586,0.004693,0.000107,0.000000,PMPI_Barrier
State,rank-116,MPI_STATE,0.004695,0.004695,0.000000,0.000000,PMPI_Finalize
State,rank-115,MPI_STATE,0.000000,0.000000,0.000000,0.000000,PMPI_Init
State,rank-115,MPI_STATE,0.000030,0.000516,0.000486,0.000000,PMPI_Barrier
State,rank-115,MPI_STATE,0.000520,0.000778,0.000258,0.000000,PMPI_Scatter
State,rank-115,MPI_STATE,0.000785,0.000793,0.000008,0.000000,PMPI_Sendrecv
State,rank-115,MPI_STATE,0.000796,0.000809,0.000013,0.000000,PMPI_Sendrecv
State,rank-115,MPI_STATE,0.000810,0.000847,0.000037,0.000000,PMPI_Sendrecv
State,rank-115,MPI_STATE,0.000849,0.000905,0.000056,0.000000,PMPI_Sendrecv
State,rank-115,MPI_STATE,0.000907,0.001002,0.000095,0.000000,PMPI_Sendrecv
State,rank-115,MPI_STATE,0.001004,0.001192,0.000188,0.000000,PMPI_Sendrecv
State,rank-115,MPI_STATE,0.001194,0.001570,0.000376,0.000000,PMPI_Sendrecv
State,rank-115,MPI_STATE,0.004569,0.004569,0.000000,0.000000,PMPI_Reduce
State,rank-115,MPI_STATE,0.004571,0.004571,0.000000,0.000000,PMPI_Reduce
State,rank-115,MPI_STATE,0.004573,0.004693,0.000120,0.000000,PMPI_Barrier
State,rank-115,MPI_STATE,0.004694,0.004694,0.000000,0.000000,PMPI_Finalize
State,rank-114,MPI_STATE,0.000000,0.000000,0.000000,0.000000,PMPI_Init
State,rank-114,MPI_STATE,0.000031,0.000516,0.000485,0.000000,PMPI_Barrier
State,rank-114,MPI_STATE,0.000521,0.000640,0.000119,0.000000,PMPI_Scatter
State,rank-114,MPI_STATE,0.000648,0.000793,0.000145,0.000000,PMPI_Sendrecv
State,rank-114,MPI_STATE,0.000795,0.000808,0.000013,0.000000,PMPI_Sendrecv
State,rank-114,MPI_STATE,0.000809,0.000848,0.000039,0.000000,PMPI_Sendrecv
State,rank-114,MPI_STATE,0.000849,0.000906,0.000057,0.000000,PMPI_Sendrecv
State,rank-114,MPI_STATE,0.000908,0.001003,0.000095,0.000000,PMPI_Sendrecv
State,rank-114,MPI_STATE,0.001005,0.001193,0.000188,0.000000,PMPI_Sendrecv
State,rank-114,MPI_STATE,0.001195,0.001571,0.000376,0.000000,PMPI_Sendrecv
State,rank-114,MPI_STATE,0.004611,0.004611,0.000000,0.000000,PMPI_Reduce
State,rank-114,MPI_STATE,0.004613,0.004613,0.000000,0.000000,PMPI_Reduce
State,rank-114,MPI_STATE,0.004614,0.004693,0.000079,0.000000,PMPI_Barrier
State,rank-114,MPI_STATE,0.004695,0.004695,0.000000,0.000000,PMPI_Finalize
State,rank-113,MPI_STATE,0.000000,0.000000,0.000000,0.000000,PMPI_Init
State,rank-113,MPI_STATE,0.000031,0.000516,0.000485,0.000000,PMPI_Barrier
State,rank-113,MPI_STATE,0.000521,0.000762,0.000241,0.000000,PMPI_Scatter
State,rank-113,MPI_STATE,0.000768,0.000776,0.000008,0.000000,PMPI_Sendrecv
State,rank-113,MPI_STATE,0.000777,0.000809,0.000032,0.000000,PMPI_Sendrecv
State,rank-113,MPI_STATE,0.000810,0.000847,0.000037,0.000000,PMPI_Sendrecv
State,rank-113,MPI_STATE,0.000849,0.000905,0.000056,0.000000,PMPI_Sendrecv
State,rank-113,MPI_STATE,0.000906,0.001001,0.000095,0.000000,PMPI_Sendrecv
State,rank-113,MPI_STATE,0.001002,0.001190,0.000188,0.000000,PMPI_Sendrecv
State,rank-113,MPI_STATE,0.001192,0.001568,0.000376,0.000000,PMPI_Sendrecv
State,rank-113,MPI_STATE,0.004571,0.004571,0.000000,0.000000,PMPI_Reduce
State,rank-113,MPI_STATE,0.004573,0.004573,0.000000,0.000000,PMPI_Reduce
State,rank-113,MPI_STATE,0.004574,0.004693,0.000119,0.000000,PMPI_Barrier
State,rank-113,MPI_STATE,0.004696,0.004696,0.000000,0.000000,PMPI_Finalize
State,rank-112,MPI_STATE,0.000000,0.000000,0.000000,0.000000,PMPI_Init
State,rank-112,MPI_STATE,0.000030,0.000516,0.000486,0.000000,PMPI_Barrier
State,rank-112,MPI_STATE,0.000520,0.000539,0.000019,0.000000,PMPI_Scatter
State,rank-112,MPI_STATE,0.000548,0.000776,0.000228,0.000000,PMPI_Sendrecv
State,rank-112,MPI_STATE,0.000777,0.000808,0.000031,0.000000,PMPI_Sendrecv
State,rank-112,MPI_STATE,0.000810,0.000847,0.000037,0.000000,PMPI_Sendrecv
State,rank-112,MPI_STATE,0.000848,0.000906,0.000058,0.000000,PMPI_Sendrecv
State,rank-112,MPI_STATE,0.000907,0.001002,0.000095,0.000000,PMPI_Sendrecv
State,rank-112,MPI_STATE,0.001004,0.001192,0.000188,0.000000,PMPI_Sendrecv
State,rank-112,MPI_STATE,0.001193,0.001569,0.000376,0.000000,PMPI_Sendrecv
State,rank-112,MPI_STATE,0.004599,0.004599,0.000000,0.000000,PMPI_Reduce
State,rank-112,MPI_STATE,0.004602,0.004602,0.000000,0.000000,PMPI_Reduce
State,rank-112,MPI_STATE,0.004603,0.004693,0.000090,0.000000,PMPI_Barrier
State,rank-112,MPI_STATE,0.004695,0.004695,0.000000,0.000000,PMPI_Finalize
State,rank-111,MPI_STATE,0.000000,0.000000,0.000000,0.000000,PMPI_Init
State,rank-111,MPI_STATE,0.000033,0.000517,0.000484,0.000000,PMPI_Barrier
State,rank-111,MPI_STATE,0.000521,0.000789,0.000268,0.000000,PMPI_Scatter
State,rank-111,MPI_STATE,0.000797,0.000805,0.000008,0.000000,PMPI_Sendrecv
State,rank-111,MPI_STATE,0.000808,0.000821,0.000013,0.000000,PMPI_Sendrecv
State,rank-111,MPI_STATE,0.000823,0.000848,0.000025,0.000000,PMPI_Sendrecv
State,rank-111,MPI_STATE,0.000850,0.000898,0.000048,0.000000,PMPI_Sendrecv
State,rank-111,MPI_STATE,0.000900,0.001003,0.000103,0.000000,PMPI_Sendrecv
State,rank-111,MPI_STATE,0.001005,0.001193,0.000188,0.000000,PMPI_Sendrecv
State,rank-111,MPI_STATE,0.001194,0.001570,0.000376,0.000000,PMPI_Sendrecv
State,rank-111,MPI_STATE,0.004567,0.004567,0.000000,0.000000,PMPI_Reduce
State,rank-111,MPI_STATE,0.004569,0.004569,0.000000,0.000000,PMPI_Reduce
State,rank-111,MPI_STATE,0.004570,0.004693,0.000123,0.000000,PMPI_Barrier
State,rank-111,MPI_STATE,0.004694,0.004694,0.000000,0.000000,PMPI_Finalize
State,rank-110,MPI_STATE,0.000000,0.000000,0.000000,0.000000,PMPI_Init
State,rank-110,MPI_STATE,0.000032,0.000516,0.000484,0.000000,PMPI_Barrier
State,rank-110,MPI_STATE,0.000520,0.000644,0.000124,0.000000,PMPI_Scatter
State,rank-110,MPI_STATE,0.000649,0.000805,0.000156,0.000000,PMPI_Sendrecv
State,rank-110,MPI_STATE,0.000808,0.000821,0.000013,0.000000,PMPI_Sendrecv
State,rank-110,MPI_STATE,0.000823,0.000848,0.000025,0.000000,PMPI_Sendrecv
State,rank-110,MPI_STATE,0.000850,0.000898,0.000048,0.000000,PMPI_Sendrecv
State,rank-110,MPI_STATE,0.000900,0.001001,0.000101,0.000000,PMPI_Sendrecv
State,rank-110,MPI_STATE,0.001003,0.001191,0.000188,0.000000,PMPI_Sendrecv
State,rank-110,MPI_STATE,0.001193,0.001569,0.000376,0.000000,PMPI_Sendrecv
State,rank-110,MPI_STATE,0.004563,0.004563,0.000000,0.000000,PMPI_Reduce
State,rank-110,MPI_STATE,0.004567,0.004567,0.000000,0.000000,PMPI_Reduce
State,rank-110,MPI_STATE,0.004570,0.004693,0.000123,0.000000,PMPI_Barrier
State,rank-110,MPI_STATE,0.004694,0.004694,0.000000,0.000000,PMPI_Finalize
State,rank-109,MPI_STATE,0.000000,0.000000,0.000000,0.000000,PMPI_Init
State,rank-109,MPI_STATE,0.000033,0.000516,0.000483,0.000000,PMPI_Barrier
State,rank-109,MPI_STATE,0.000520,0.000778,0.000258,0.000000,PMPI_Scatter
State,rank-109,MPI_STATE,0.000784,0.000792,0.000008,0.000000,PMPI_Sendrecv
State,rank-109,MPI_STATE,0.000795,0.000821,0.000026,0.000000,PMPI_Sendrecv
State,rank-109,MPI_STATE,0.000824,0.000849,0.000025,0.000000,PMPI_Sendrecv
State,rank-109,MPI_STATE,0.000850,0.000898,0.000048,0.000000,PMPI_Sendrecv
State,rank-109,MPI_STATE,0.000900,0.001001,0.000101,0.000000,PMPI_Sendrecv
State,rank-109,MPI_STATE,0.001003,0.001191,0.000188,0.000000,PMPI_Sendrecv
State,rank-109,MPI_STATE,0.001193,0.001569,0.000376,0.000000,PMPI_Sendrecv
State,rank-109,MPI_STATE,0.004590,0.004590,0.000000,0.000000,PMPI_Reduce
State,rank-109,MPI_STATE,0.004592,0.004592,0.000000,0.000000,PMPI_Reduce
State,rank-109,MPI_STATE,0.004594,0.004693,0.000099,0.000000,PMPI_Barrier
State,rank-109,MPI_STATE,0.004695,0.004695,0.000000,0.000000,PMPI_Finalize
State,rank-10,MPI_STATE,0.000000,0.000000,0.000000,0.000000,PMPI_Init
State,rank-10,MPI_STATE,0.000037,0.000516,0.000479,0.000000,PMPI_Barrier
State,rank-10,MPI_STATE,0.000521,0.000598,0.000077,0.000000,PMPI_Scatter
State,rank-10,MPI_STATE,0.000606,0.000740,0.000134,0.000000,PMPI_Sendrecv
State,rank-10,MPI_STATE,0.000741,0.000754,0.000013,0.000000,PMPI_Sendrecv
State,rank-10,MPI_STATE,0.000755,0.000817,0.000062,0.000000,PMPI_Sendrecv
State,rank-10,MPI_STATE,0.000820,0.000868,0.000048,0.000000,PMPI_Sendrecv
State,rank-10,MPI_STATE,0.000869,0.000981,0.000112,0.000000,PMPI_Sendrecv
State,rank-10,MPI_STATE,0.000982,0.001182,0.000200,0.000000,PMPI_Sendrecv
State,rank-10,MPI_STATE,0.001184,0.001570,0.000386,0.000000,PMPI_Sendrecv
State,rank-10,MPI_STATE,0.004584,0.004584,0.000000,0.000000,PMPI_Reduce
State,rank-10,MPI_STATE,0.004586,0.004586,0.000000,0.000000,PMPI_Reduce
State,rank-10,MPI_STATE,0.004587,0.004692,0.000105,0.000000,PMPI_Barrier
State,rank-10,MPI_STATE,0.004694,0.004694,0.000000,0.000000,PMPI_Finalize
State,rank-108,MPI_STATE,0.000000,0.000000,0.000000,0.000000,PMPI_Init
State,rank-108,MPI_STATE,0.000033,0.000516,0.000483,0.000000,PMPI_Barrier
State,rank-108,MPI_STATE,0.000520,0.000585,0.000065,0.000000,PMPI_Scatter
State,rank-108,MPI_STATE,0.000593,0.000792,0.000199,0.000000,PMPI_Sendrecv
State,rank-108,MPI_STATE,0.000793,0.000821,0.000028,0.000000,PMPI_Sendrecv
State,rank-108,MPI_STATE,0.000822,0.000847,0.000025,0.000000,PMPI_Sendrecv
State,rank-108,MPI_STATE,0.000849,0.000897,0.000048,0.000000,PMPI_Sendrecv
State,rank-108,MPI_STATE,0.000899,0.001001,0.000102,0.000000,PMPI_Sendrecv
State,rank-108,MPI_STATE,0.001002,0.001190,0.000188,0.000000,PMPI_Sendrecv
State,rank-108,MPI_STATE,0.001192,0.001568,0.000376,0.000000,PMPI_Sendrecv
State,rank-108,MPI_STATE,0.004560,0.004560,0.000000,0.000000,PMPI_Reduce
State,rank-108,MPI_STATE,0.004563,0.004563,0.000000,0.000000,PMPI_Reduce
State,rank-108,MPI_STATE,0.004564,0.004693,0.000129,0.000000,PMPI_Barrier
State,rank-108,MPI_STATE,0.004695,0.004695,0.000000,0.000000,PMPI_Finalize
State,rank-107,MPI_STATE,0.000000,0.000000,0.000000,0.000000,PMPI_Init
State,rank-107,MPI_STATE,0.000031,0.000516,0.000485,0.000000,PMPI_Barrier
State,rank-107,MPI_STATE,0.000520,0.000778,0.000258,0.000000,PMPI_Scatter
State,rank-107,MPI_STATE,0.000786,0.000794,0.000008,0.000000,PMPI_Sendrecv
State,rank-107,MPI_STATE,0.000795,0.000808,0.000013,0.000000,PMPI_Sendrecv
State,rank-107,MPI_STATE,0.000810,0.000848,0.000038,0.000000,PMPI_Sendrecv
State,rank-107,MPI_STATE,0.000849,0.000897,0.000048,0.000000,PMPI_Sendrecv
State,rank-107,MPI_STATE,0.000899,0.001002,0.000103,0.000000,PMPI_Sendrecv
State,rank-107,MPI_STATE,0.001004,0.001192,0.000188,0.000000,PMPI_Sendrecv
State,rank-107,MPI_STATE,0.001194,0.001570,0.000376,0.000000,PMPI_Sendrecv
State,rank-107,MPI_STATE,0.004558,0.004558,0.000000,0.000000,PMPI_Reduce
State,rank-107,MPI_STATE,0.004560,0.004560,0.000000,0.000000,PMPI_Reduce
State,rank-107,MPI_STATE,0.004562,0.004693,0.000131,0.000000,PMPI_Barrier
State,rank-107,MPI_STATE,0.004695,0.004695,0.000000,0.000000,PMPI_Finalize
State,rank-106,MPI_STATE,0.000000,0.000000,0.000000,0.000000,PMPI_Init
State,rank-106,MPI_STATE,0.000034,0.000516,0.000482,0.000000,PMPI_Barrier
State,rank-106,MPI_STATE,0.000521,0.000640,0.000119,0.000000,PMPI_Scatter
State,rank-106,MPI_STATE,0.000648,0.000794,0.000146,0.000000,PMPI_Sendrecv
State,rank-106,MPI_STATE,0.000796,0.000809,0.000013,0.000000,PMPI_Sendrecv
State,rank-106,MPI_STATE,0.000810,0.000848,0.000038,0.000000,PMPI_Sendrecv
State,rank-106,MPI_STATE,0.000849,0.000897,0.000048,0.000000,PMPI_Sendrecv
State,rank-106,MPI_STATE,0.000899,0.001003,0.000104,0.000000,PMPI_Sendrecv
State,rank-106,MPI_STATE,0.001005,0.001193,0.000188,0.000000,PMPI_Sendrecv
State,rank-106,MPI_STATE,0.001195,0.001571,0.000376,0.000000,PMPI_Sendrecv
State,rank-106,MPI_STATE,0.004573,0.004573,0.000000,0.000000,PMPI_Reduce
State,rank-106,MPI_STATE,0.004575,0.004575,0.000000,0.000000,PMPI_Reduce
State,rank-106,MPI_STATE,0.004576,0.004693,0.000117,0.000000,PMPI_Barrier
State,rank-106,MPI_STATE,0.004695,0.004695,0.000000,0.000000,PMPI_Finalize
State,rank-105,MPI_STATE,0.000000,0.000000,0.000000,0.000000,PMPI_Init
State,rank-105,MPI_STATE,0.000033,0.000516,0.000483,0.000000,PMPI_Barrier
State,rank-105,MPI_STATE,0.000521,0.000762,0.000241,0.000000,PMPI_Scatter
State,rank-105,MPI_STATE,0.000771,0.000779,0.000008,0.000000,PMPI_Sendrecv
State,rank-105,MPI_STATE,0.000781,0.000808,0.000027,0.000000,PMPI_Sendrecv
State,rank-105,MPI_STATE,0.000809,0.000849,0.000040,0.000000,PMPI_Sendrecv
State,rank-105,MPI_STATE,0.000851,0.000899,0.000048,0.000000,PMPI_Sendrecv
State,rank-105,MPI_STATE,0.000901,0.001001,0.000100,0.000000,PMPI_Sendrecv
State,rank-105,MPI_STATE,0.001003,0.001191,0.000188,0.000000,PMPI_Sendrecv
State,rank-105,MPI_STATE,0.001193,0.001569,0.000376,0.000000,PMPI_Sendrecv
State,rank-105,MPI_STATE,0.004644,0.004644,0.000000,0.000000,PMPI_Reduce
State,rank-105,MPI_STATE,0.004646,0.004646,0.000000,0.000000,PMPI_Reduce
State,rank-105,MPI_STATE,0.004647,0.004693,0.000046,0.000000,PMPI_Barrier
State,rank-105,MPI_STATE,0.004695,0.004695,0.000000,0.000000,PMPI_Finalize
State,rank-104,MPI_STATE,0.000000,0.000000,0.000000,0.000000,PMPI_Init
State,rank-104,MPI_STATE,0.000030,0.000516,0.000486,0.000000,PMPI_Barrier
State,rank-104,MPI_STATE,0.000521,0.000553,0.000032,0.000000,PMPI_Scatter
State,rank-104,MPI_STATE,0.000563,0.000779,0.000216,0.000000,PMPI_Sendrecv
State,rank-104,MPI_STATE,0.000781,0.000809,0.000028,0.000000,PMPI_Sendrecv
State,rank-104,MPI_STATE,0.000811,0.000847,0.000036,0.000000,PMPI_Sendrecv
State,rank-104,MPI_STATE,0.000849,0.000897,0.000048,0.000000,PMPI_Sendrecv
State,rank-104,MPI_STATE,0.000898,0.001004,0.000106,0.000000,PMPI_Sendrecv
State,rank-104,MPI_STATE,0.001006,0.001194,0.000188,0.000000,PMPI_Sendrecv
State,rank-104,MPI_STATE,0.001195,0.001571,0.000376,0.000000,PMPI_Sendrecv
State,rank-104,MPI_STATE,0.004590,0.004590,0.000000,0.000000,PMPI_Reduce
State,rank-104,MPI_STATE,0.004592,0.004592,0.000000,0.000000,PMPI_Reduce
State,rank-104,MPI_STATE,0.004594,0.004693,0.000099,0.000000,PMPI_Barrier
State,rank-104,MPI_STATE,0.004694,0.004694,0.000000,0.000000,PMPI_Finalize
State,rank-103,MPI_STATE,0.000000,0.000000,0.000000,0.000000,PMPI_Init
State,rank-103,MPI_STATE,0.000031,0.000516,0.000485,0.000000,PMPI_Barrier
State,rank-103,MPI_STATE,0.000521,0.000778,0.000257,0.000000,PMPI_Scatter
State,rank-103,MPI_STATE,0.000785,0.000793,0.000008,0.000000,PMPI_Sendrecv
State,rank-103,MPI_STATE,0.000795,0.000808,0.000013,0.000000,PMPI_Sendrecv
State,rank-103,MPI_STATE,0.000809,0.000834,0.000025,0.000000,PMPI_Sendrecv
State,rank-103,MPI_STATE,0.000835,0.000898,0.000063,0.000000,PMPI_Sendrecv
State,rank-103,MPI_STATE,0.000900,0.001003,0.000103,0.000000,PMPI_Sendrecv
State,rank-103,MPI_STATE,0.001005,0.001193,0.000188,0.000000,PMPI_Sendrecv
State,rank-103,MPI_STATE,0.001194,0.001570,0.000376,0.000000,PMPI_Sendrecv
State,rank-103,MPI_STATE,0.004583,0.004583,0.000000,0.000000,PMPI_Reduce
State,rank-103,MPI_STATE,0.004585,0.004585,0.000000,0.000000,PMPI_Reduce
State,rank-103,MPI_STATE,0.004587,0.004693,0.000106,0.000000,PMPI_Barrier
State,rank-103,MPI_STATE,0.004695,0.004695,0.000000,0.000000,PMPI_Finalize
State,rank-102,MPI_STATE,0.000000,0.000000,0.000000,0.000000,PMPI_Init
State,rank-102,MPI_STATE,0.000032,0.000516,0.000484,0.000000,PMPI_Barrier
State,rank-102,MPI_STATE,0.000519,0.000640,0.000121,0.000000,PMPI_Scatter
State,rank-102,MPI_STATE,0.000656,0.000793,0.000137,0.000000,PMPI_Sendrecv
State,rank-102,MPI_STATE,0.000795,0.000808,0.000013,0.000000,PMPI_Sendrecv
State,rank-102,MPI_STATE,0.000810,0.000835,0.000025,0.000000,PMPI_Sendrecv
State,rank-102,MPI_STATE,0.000836,0.000898,0.000062,0.000000,PMPI_Sendrecv
State,rank-102,MPI_STATE,0.000899,0.001002,0.000103,0.000000,PMPI_Sendrecv
State,rank-102,MPI_STATE,0.001004,0.001192,0.000188,0.000000,PMPI_Sendrecv
State,rank-102,MPI_STATE,0.001194,0.001570,0.000376,0.000000,PMPI_Sendrecv
State,rank-102,MPI_STATE,0.004588,0.004588,0.000000,0.000000,PMPI_Reduce
State,rank-102,MPI_STATE,0.004590,0.004590,0.000000,0.000000,PMPI_Reduce
State,rank-102,MPI_STATE,0.004591,0.004693,0.000102,0.000000,PMPI_Barrier
State,rank-102,MPI_STATE,0.004694,0.004694,0.000000,0.000000,PMPI_Finalize
State,rank-101,MPI_STATE,0.000000,0.000000,0.000000,0.000000,PMPI_Init
State,rank-101,MPI_STATE,0.000032,0.000516,0.000484,0.000000,PMPI_Barrier
State,rank-101,MPI_STATE,0.000520,0.000762,0.000242,0.000000,PMPI_Scatter
State,rank-101,MPI_STATE,0.000769,0.000777,0.000008,0.000000,PMPI_Sendrecv
State,rank-101,MPI_STATE,0.000778,0.000808,0.000030,0.000000,PMPI_Sendrecv
State,rank-101,MPI_STATE,0.000810,0.000835,0.000025,0.000000,PMPI_Sendrecv
State,rank-101,MPI_STATE,0.000837,0.000898,0.000061,0.000000,PMPI_Sendrecv
State,rank-101,MPI_STATE,0.000901,0.001002,0.000101,0.000000,PMPI_Sendrecv
State,rank-101,MPI_STATE,0.001004,0.001192,0.000188,0.000000,PMPI_Sendrecv
State,rank-101,MPI_STATE,0.001195,0.001571,0.000376,0.000000,PMPI_Sendrecv
State,rank-101,MPI_STATE,0.004626,0.004626,0.000000,0.000000,PMPI_Reduce
State,rank-101,MPI_STATE,0.004628,0.004628,0.000000,0.000000,PMPI_Reduce
State,rank-101,MPI_STATE,0.004630,0.004693,0.000063,0.000000,PMPI_Barrier
State,rank-101,MPI_STATE,0.004695,0.004695,0.000000,0.000000,PMPI_Finalize
State,rank-100,MPI_STATE,0.000000,0.000000,0.000000,0.000000,PMPI_Init
State,rank-100,MPI_STATE,0.000031,0.000516,0.000485,0.000000,PMPI_Barrier
State,rank-100,MPI_STATE,0.000519,0.000580,0.000061,0.000000,PMPI_Scatter
State,rank-100,MPI_STATE,0.000590,0.000777,0.000187,0.000000,PMPI_Sendrecv
State,rank-100,MPI_STATE,0.000779,0.000808,0.000029,0.000000,PMPI_Sendrecv
State,rank-100,MPI_STATE,0.000809,0.000834,0.000025,0.000000,PMPI_Sendrecv
State,rank-100,MPI_STATE,0.000836,0.000897,0.000061,0.000000,PMPI_Sendrecv
State,rank-100,MPI_STATE,0.000899,0.001001,0.000102,0.000000,PMPI_Sendrecv
State,rank-100,MPI_STATE,0.001003,0.001191,0.000188,0.000000,PMPI_Sendrecv
State,rank-100,MPI_STATE,0.001193,0.001569,0.000376,0.000000,PMPI_Sendrecv
State,rank-100,MPI_STATE,0.004611,0.004611,0.000000,0.000000,PMPI_Reduce
State,rank-100,MPI_STATE,0.004614,0.004614,0.000000,0.000000,PMPI_Reduce
State,rank-100,MPI_STATE,0.004617,0.004693,0.000076,0.000000,PMPI_Barrier
State,rank-100,MPI_STATE,0.004696,0.004696,0.000000,0.000000,PMPI_Finalize
State,rank-99,MPI_STATE,0.000000,0.000000,0.000000,0.000000,PMPI_Init
State,rank-99,MPI_STATE,0.000031,0.000516,0.000485,0.000000,PMPI_Barrier
State,rank-99,MPI_STATE,0.000521,0.000762,0.000241,0.000000,PMPI_Scatter
State,rank-99,MPI_STATE,0.000768,0.000776,0.000008,0.000000,PMPI_Sendrecv
State,rank-99,MPI_STATE,0.000777,0.000790,0.000013,0.000000,PMPI_Sendrecv
State,rank-99,MPI_STATE,0.000792,0.000834,0.000042,0.000000,PMPI_Sendrecv
State,rank-99,MPI_STATE,0.000836,0.000897,0.000061,0.000000,PMPI_Sendrecv
State,rank-99,MPI_STATE,0.000897,0.001002,0.000105,0.000000,PMPI_Sendrecv
State,rank-99,MPI_STATE,0.001004,0.001192,0.000188,0.000000,PMPI_Sendrecv
State,rank-99,MPI_STATE,0.001193,0.001569,0.000376,0.000000,PMPI_Sendrecv
State,rank-99,MPI_STATE,0.004585,0.004585,0.000000,0.000000,PMPI_Reduce
State,rank-99,MPI_STATE,0.004587,0.004587,0.000000,0.000000,PMPI_Reduce
State,rank-99,MPI_STATE,0.004589,0.004693,0.000104,0.000000,PMPI_Barrier
State,rank-99,MPI_STATE,0.004694,0.004694,0.000000,0.000000,PMPI_Finalize
State,rank-9,MPI_STATE,0.000000,0.000000,0.000000,0.000000,PMPI_Init
State,rank-9,MPI_STATE,0.000039,0.000516,0.000477,0.000000,PMPI_Barrier
State,rank-9,MPI_STATE,0.000521,0.000668,0.000147,0.000000,PMPI_Scatter
State,rank-9,MPI_STATE,0.000675,0.000683,0.000008,0.000000,PMPI_Sendrecv
State,rank-9,MPI_STATE,0.000685,0.000754,0.000069,0.000000,PMPI_Sendrecv
State,rank-9,MPI_STATE,0.000756,0.000816,0.000060,0.000000,PMPI_Sendrecv
State,rank-9,MPI_STATE,0.000818,0.000866,0.000048,0.000000,PMPI_Sendrecv
State,rank-9,MPI_STATE,0.000867,0.000982,0.000115,0.000000,PMPI_Sendrecv
State,rank-9,MPI_STATE,0.000984,0.001185,0.000201,0.000000,PMPI_Sendrecv
State,rank-9,MPI_STATE,0.001188,0.001569,0.000381,0.000000,PMPI_Sendrecv
State,rank-9,MPI_STATE,0.004592,0.004592,0.000000,0.000000,PMPI_Reduce
State,rank-9,MPI_STATE,0.004594,0.004594,0.000000,0.000000,PMPI_Reduce
State,rank-9,MPI_STATE,0.004596,0.004692,0.000096,0.000000,PMPI_Barrier
State,rank-9,MPI_STATE,0.004694,0.004694,0.000000,0.000000,PMPI_Finalize
State,rank-0,MPI_STATE,0.000000,0.000000,0.000000,0.000000,PMPI_Init
State,rank-0,MPI_STATE,0.000514,0.000515,0.000001,0.000000,PMPI_Barrier
State,rank-0,MPI_STATE,0.000522,0.000522,0.000000,0.000000,PMPI_Scatter
State,rank-0,MPI_STATE,0.000568,0.000671,0.000103,0.000000,PMPI_Sendrecv
State,rank-0,MPI_STATE,0.000673,0.000696,0.000023,0.000000,PMPI_Sendrecv
State,rank-0,MPI_STATE,0.000698,0.000781,0.000083,0.000000,PMPI_Sendrecv
State,rank-0,MPI_STATE,0.000783,0.000866,0.000083,0.000000,PMPI_Sendrecv
State,rank-0,MPI_STATE,0.000868,0.000981,0.000113,0.000000,PMPI_Sendrecv
State,rank-0,MPI_STATE,0.000983,0.001180,0.000197,0.000000,PMPI_Sendrecv
State,rank-0,MPI_STATE,0.001182,0.001569,0.000387,0.000000,PMPI_Sendrecv
State,rank-0,MPI_STATE,0.004681,0.004682,0.000001,0.000000,PMPI_Reduce
State,rank-0,MPI_STATE,0.004686,0.004687,0.000001,0.000000,PMPI_Reduce
State,rank-0,MPI_STATE,0.004690,0.004692,0.000002,0.000000,PMPI_Barrier
State,rank-0,MPI_STATE,0.004731,0.004731,0.000000,0.000000,PMPI_Finalize
