Container, 0, 0, 0, 0.010121, 0.010121, 0
Link, 0, MPI_LINK, 0.000075, 0.000691, 0.000616, PTP, "rank-1", "rank-0", 2_1_-778_80
Link, 0, MPI_LINK, 0.000071, 0.000691, 0.000620, PTP, "rank-2", "rank-0", 3_1_-778_43
Link, 0, MPI_LINK, 0.000061, 0.000691, 0.000630, PTP, "rank-4", "rank-0", 5_1_-778_24
Link, 0, MPI_LINK, 0.000064, 0.000691, 0.000627, PTP, "rank-8", "rank-0", 9_1_-778_32
Link, 0, MPI_LINK, 0.000064, 0.000691, 0.000627, PTP, "rank-16", "rank-0", 17_1_-778_33
Link, 0, MPI_LINK, 0.000114, 0.000691, 0.000577, PTP, "rank-32", "rank-0", 33_1_-778_127
Link, 0, MPI_LINK, 0.000078, 0.000691, 0.000613, PTP, "rank-64", "rank-0", 65_1_-778_108
Link, 0, MPI_LINK, 0.000077, 0.000691, 0.000614, PTP, "rank-96", "rank-0", 97_1_-778_105
Link, 0, MPI_LINK, 0.000079, 0.000691, 0.000612, PTP, "rank-48", "rank-0", 49_1_-778_115
Link, 0, MPI_LINK, 0.000074, 0.000691, 0.000617, PTP, "rank-80", "rank-0", 81_1_-778_73
Link, 0, MPI_LINK, 0.000055, 0.000691, 0.000636, PTP, "rank-24", "rank-0", 25_1_-778_5
Link, 0, MPI_LINK, 0.000059, 0.000691, 0.000632, PTP, "rank-40", "rank-0", 41_1_-778_18
Link, 0, MPI_LINK, 0.000073, 0.000691, 0.000618, PTP, "rank-72", "rank-0", 73_1_-778_61
Link, 0, MPI_LINK, 0.000066, 0.000691, 0.000625, PTP, "rank-12", "rank-0", 13_1_-778_34
Link, 0, MPI_LINK, 0.000066, 0.000691, 0.000625, PTP, "rank-20", "rank-0", 21_1_-778_35
Link, 0, MPI_LINK, 0.000071, 0.000691, 0.000620, PTP, "rank-36", "rank-0", 37_1_-778_44
Link, 0, MPI_LINK, 0.000076, 0.000691, 0.000615, PTP, "rank-68", "rank-0", 69_1_-778_91
Link, 0, MPI_LINK, 0.000080, 0.000691, 0.000611, PTP, "rank-6", "rank-0", 7_1_-778_118
Link, 0, MPI_LINK, 0.000061, 0.000691, 0.000630, PTP, "rank-10", "rank-0", 11_1_-778_25
Link, 0, MPI_LINK, 0.000054, 0.000691, 0.000637, PTP, "rank-18", "rank-0", 19_1_-778_3
Link, 0, MPI_LINK, 0.000060, 0.000691, 0.000631, PTP, "rank-34", "rank-0", 35_1_-778_21
Link, 0, MPI_LINK, 0.000078, 0.000691, 0.000613, PTP, "rank-66", "rank-0", 67_1_-778_110
Link, 0, MPI_LINK, 0.000067, 0.000691, 0.000624, PTP, "rank-3", "rank-0", 4_1_-778_37
Link, 0, MPI_LINK, 0.000069, 0.000691, 0.000622, PTP, "rank-5", "rank-0", 6_1_-778_38
Link, 0, MPI_LINK, 0.000062, 0.000691, 0.000629, PTP, "rank-9", "rank-0", 10_1_-778_28
Link, 0, MPI_LINK, 0.000053, 0.000691, 0.000638, PTP, "rank-17", "rank-0", 18_1_-778_1
Link, 0, MPI_LINK, 0.000061, 0.000691, 0.000630, PTP, "rank-33", "rank-0", 34_1_-778_27
Link, 0, MPI_LINK, 0.000078, 0.000691, 0.000613, PTP, "rank-65", "rank-0", 66_1_-778_109
Link, 0, MPI_LINK, 0.000072, 0.000692, 0.000620, PTP, "rank-112", "rank-0", 113_1_-778_56
Link, 0, MPI_LINK, 0.000073, 0.000692, 0.000619, PTP, "rank-56", "rank-0", 57_1_-778_60
Link, 0, MPI_LINK, 0.000075, 0.000692, 0.000617, PTP, "rank-88", "rank-0", 89_1_-778_86
Link, 0, MPI_LINK, 0.000070, 0.000692, 0.000622, PTP, "rank-104", "rank-0", 105_1_-778_41
Link, 0, MPI_LINK, 0.000061, 0.000692, 0.000631, PTP, "rank-28", "rank-0", 29_1_-778_26
Link, 0, MPI_LINK, 0.000060, 0.000692, 0.000632, PTP, "rank-44", "rank-0", 45_1_-778_23
Link, 0, MPI_LINK, 0.000073, 0.000692, 0.000619, PTP, "rank-52", "rank-0", 53_1_-778_59
Link, 0, MPI_LINK, 0.000073, 0.000692, 0.000619, PTP, "rank-76", "rank-0", 77_1_-778_63
Link, 0, MPI_LINK, 0.000077, 0.000692, 0.000615, PTP, "rank-84", "rank-0", 85_1_-778_103
Link, 0, MPI_LINK, 0.000078, 0.000692, 0.000614, PTP, "rank-100", "rank-0", 101_1_-778_112
Link, 0, MPI_LINK, 0.000063, 0.000692, 0.000629, PTP, "rank-14", "rank-0", 15_1_-778_31
Link, 0, MPI_LINK, 0.000056, 0.000692, 0.000636, PTP, "rank-22", "rank-0", 23_1_-778_6
Link, 0, MPI_LINK, 0.000066, 0.000692, 0.000626, PTP, "rank-26", "rank-0", 27_1_-778_36
Link, 0, MPI_LINK, 0.000057, 0.000692, 0.000635, PTP, "rank-38", "rank-0", 39_1_-778_11
Link, 0, MPI_LINK, 0.000059, 0.000692, 0.000633, PTP, "rank-42", "rank-0", 43_1_-778_19
Link, 0, MPI_LINK, 0.000075, 0.000692, 0.000617, PTP, "rank-50", "rank-0", 51_1_-778_81
Link, 0, MPI_LINK, 0.000075, 0.000692, 0.000617, PTP, "rank-70", "rank-0", 71_1_-778_84
Link, 0, MPI_LINK, 0.000074, 0.000692, 0.000618, PTP, "rank-74", "rank-0", 75_1_-778_71
Link, 0, MPI_LINK, 0.000074, 0.000692, 0.000618, PTP, "rank-82", "rank-0", 83_1_-778_74
Link, 0, MPI_LINK, 0.000076, 0.000692, 0.000616, PTP, "rank-98", "rank-0", 99_1_-778_97
Link, 0, MPI_LINK, 0.000070, 0.000692, 0.000622, PTP, "rank-7", "rank-0", 8_1_-778_39
Link, 0, MPI_LINK, 0.000081, 0.000692, 0.000611, PTP, "rank-11", "rank-0", 12_1_-778_121
Link, 0, MPI_LINK, 0.000063, 0.000692, 0.000629, PTP, "rank-13", "rank-0", 14_1_-778_30
Link, 0, MPI_LINK, 0.000053, 0.000692, 0.000639, PTP, "rank-19", "rank-0", 20_1_-778_2
Link, 0, MPI_LINK, 0.000054, 0.000692, 0.000638, PTP, "rank-21", "rank-0", 22_1_-778_4
Link, 0, MPI_LINK, 0.000056, 0.000692, 0.000636, PTP, "rank-25", "rank-0", 26_1_-778_7
Link, 0, MPI_LINK, 0.000058, 0.000692, 0.000634, PTP, "rank-35", "rank-0", 36_1_-778_13
Link, 0, MPI_LINK, 0.000060, 0.000692, 0.000632, PTP, "rank-37", "rank-0", 38_1_-778_22
Link, 0, MPI_LINK, 0.000058, 0.000692, 0.000634, PTP, "rank-41", "rank-0", 42_1_-778_14
Link, 0, MPI_LINK, 0.000076, 0.000692, 0.000616, PTP, "rank-49", "rank-0", 50_1_-778_88
Link, 0, MPI_LINK, 0.000074, 0.000692, 0.000618, PTP, "rank-67", "rank-0", 68_1_-778_70
Link, 0, MPI_LINK, 0.000082, 0.000692, 0.000610, PTP, "rank-69", "rank-0", 70_1_-778_123
Link, 0, MPI_LINK, 0.000072, 0.000692, 0.000620, PTP, "rank-73", "rank-0", 74_1_-778_51
Link, 0, MPI_LINK, 0.000073, 0.000692, 0.000619, PTP, "rank-81", "rank-0", 82_1_-778_64
Link, 0, MPI_LINK, 0.000079, 0.000692, 0.000613, PTP, "rank-97", "rank-0", 98_1_-778_116
Link, 0, MPI_LINK, 0.000078, 0.000692, 0.000614, PTP, "rank-120", "rank-0", 121_1_-778_113
Link, 0, MPI_LINK, 0.000075, 0.000692, 0.000617, PTP, "rank-60", "rank-0", 61_1_-778_82
Link, 0, MPI_LINK, 0.000074, 0.000692, 0.000618, PTP, "rank-92", "rank-0", 93_1_-778_76
Link, 0, MPI_LINK, 0.000071, 0.000692, 0.000621, PTP, "rank-108", "rank-0", 109_1_-778_47
Link, 0, MPI_LINK, 0.000074, 0.000692, 0.000618, PTP, "rank-116", "rank-0", 117_1_-778_79
Link, 0, MPI_LINK, 0.000056, 0.000692, 0.000636, PTP, "rank-30", "rank-0", 31_1_-778_8
Link, 0, MPI_LINK, 0.000082, 0.000692, 0.000610, PTP, "rank-46", "rank-0", 47_1_-778_122
Link, 0, MPI_LINK, 0.000076, 0.000692, 0.000616, PTP, "rank-54", "rank-0", 55_1_-778_89
Link, 0, MPI_LINK, 0.000074, 0.000692, 0.000618, PTP, "rank-58", "rank-0", 59_1_-778_69
Link, 0, MPI_LINK, 0.000076, 0.000692, 0.000616, PTP, "rank-78", "rank-0", 79_1_-778_92
Link, 0, MPI_LINK, 0.000076, 0.000692, 0.000616, PTP, "rank-86", "rank-0", 87_1_-778_93
Link, 0, MPI_LINK, 0.000077, 0.000692, 0.000615, PTP, "rank-90", "rank-0", 91_1_-778_104
Link, 0, MPI_LINK, 0.000070, 0.000692, 0.000622, PTP, "rank-102", "rank-0", 103_1_-778_40
Link, 0, MPI_LINK, 0.000072, 0.000692, 0.000620, PTP, "rank-106", "rank-0", 107_1_-778_54
Link, 0, MPI_LINK, 0.000072, 0.000692, 0.000620, PTP, "rank-114", "rank-0", 115_1_-778_57
Link, 0, MPI_LINK, 0.000062, 0.000692, 0.000630, PTP, "rank-15", "rank-0", 16_1_-778_29
Link, 0, MPI_LINK, 0.000057, 0.000692, 0.000635, PTP, "rank-23", "rank-0", 24_1_-778_9
Link, 0, MPI_LINK, 0.000057, 0.000692, 0.000635, PTP, "rank-27", "rank-0", 28_1_-778_10
Link, 0, MPI_LINK, 0.000059, 0.000692, 0.000633, PTP, "rank-29", "rank-0", 30_1_-778_16
Link, 0, MPI_LINK, 0.000057, 0.000692, 0.000635, PTP, "rank-39", "rank-0", 40_1_-778_12
Link, 0, MPI_LINK, 0.000059, 0.000692, 0.000633, PTP, "rank-43", "rank-0", 44_1_-778_20
Link, 0, MPI_LINK, 0.000058, 0.000692, 0.000634, PTP, "rank-45", "rank-0", 46_1_-778_15
Link, 0, MPI_LINK, 0.000077, 0.000692, 0.000615, PTP, "rank-51", "rank-0", 52_1_-778_101
Link, 0, MPI_LINK, 0.000074, 0.000692, 0.000618, PTP, "rank-53", "rank-0", 54_1_-778_67
Link, 0, MPI_LINK, 0.000074, 0.000692, 0.000618, PTP, "rank-57", "rank-0", 58_1_-778_68
Link, 0, MPI_LINK, 0.000077, 0.000692, 0.000615, PTP, "rank-71", "rank-0", 72_1_-778_102
Link, 0, MPI_LINK, 0.000073, 0.000692, 0.000619, PTP, "rank-75", "rank-0", 76_1_-778_62
Link, 0, MPI_LINK, 0.000074, 0.000692, 0.000618, PTP, "rank-77", "rank-0", 78_1_-778_72
Link, 0, MPI_LINK, 0.000075, 0.000692, 0.000617, PTP, "rank-83", "rank-0", 84_1_-778_85
Link, 0, MPI_LINK, 0.000074, 0.000692, 0.000618, PTP, "rank-85", "rank-0", 86_1_-778_75
Link, 0, MPI_LINK, 0.000076, 0.000692, 0.000616, PTP, "rank-89", "rank-0", 90_1_-778_95
Link, 0, MPI_LINK, 0.000072, 0.000692, 0.000620, PTP, "rank-99", "rank-0", 100_1_-778_52
Link, 0, MPI_LINK, 0.000071, 0.000692, 0.000621, PTP, "rank-101", "rank-0", 102_1_-778_45
Link, 0, MPI_LINK, 0.000071, 0.000692, 0.000621, PTP, "rank-105", "rank-0", 106_1_-778_46
Link, 0, MPI_LINK, 0.000075, 0.000692, 0.000617, PTP, "rank-113", "rank-0", 114_1_-778_87
Link, 0, MPI_LINK, 0.000076, 0.000692, 0.000616, PTP, "rank-124", "rank-0", 125_1_-778_100
Link, 0, MPI_LINK, 0.000086, 0.000692, 0.000606, PTP, "rank-62", "rank-0", 63_1_-778_125
Link, 0, MPI_LINK, 0.000074, 0.000692, 0.000618, PTP, "rank-94", "rank-0", 95_1_-778_77
Link, 0, MPI_LINK, 0.000072, 0.000692, 0.000620, PTP, "rank-110", "rank-0", 111_1_-778_55
Link, 0, MPI_LINK, 0.000071, 0.000692, 0.000621, PTP, "rank-118", "rank-0", 119_1_-778_48
Link, 0, MPI_LINK, 0.000079, 0.000692, 0.000613, PTP, "rank-122", "rank-0", 123_1_-778_117
Link, 0, MPI_LINK, 0.000059, 0.000692, 0.000633, PTP, "rank-31", "rank-0", 32_1_-778_17
Link, 0, MPI_LINK, 0.000106, 0.000692, 0.000586, PTP, "rank-47", "rank-0", 48_1_-778_126
Link, 0, MPI_LINK, 0.000076, 0.000692, 0.000616, PTP, "rank-55", "rank-0", 56_1_-778_90
Link, 0, MPI_LINK, 0.000078, 0.000692, 0.000614, PTP, "rank-59", "rank-0", 60_1_-778_106
Link, 0, MPI_LINK, 0.000075, 0.000692, 0.000617, PTP, "rank-61", "rank-0", 62_1_-778_83
Link, 0, MPI_LINK, 0.000080, 0.000692, 0.000612, PTP, "rank-79", "rank-0", 80_1_-778_119
Link, 0, MPI_LINK, 0.000076, 0.000692, 0.000616, PTP, "rank-87", "rank-0", 88_1_-778_94
Link, 0, MPI_LINK, 0.000076, 0.000692, 0.000616, PTP, "rank-91", "rank-0", 92_1_-778_96
Link, 0, MPI_LINK, 0.000082, 0.000692, 0.000610, PTP, "rank-93", "rank-0", 94_1_-778_124
Link, 0, MPI_LINK, 0.000072, 0.000692, 0.000620, PTP, "rank-103", "rank-0", 104_1_-778_53
Link, 0, MPI_LINK, 0.000073, 0.000692, 0.000619, PTP, "rank-107", "rank-0", 108_1_-778_65
Link, 0, MPI_LINK, 0.000076, 0.000692, 0.000616, PTP, "rank-109", "rank-0", 110_1_-778_98
Link, 0, MPI_LINK, 0.000074, 0.000692, 0.000618, PTP, "rank-115", "rank-0", 116_1_-778_78
Link, 0, MPI_LINK, 0.000070, 0.000692, 0.000622, PTP, "rank-117", "rank-0", 118_1_-778_42
Link, 0, MPI_LINK, 0.000076, 0.000692, 0.000616, PTP, "rank-121", "rank-0", 122_1_-778_99
Link, 0, MPI_LINK, 0.000071, 0.000692, 0.000621, PTP, "rank-126", "rank-0", 127_1_-778_49
Link, 0, MPI_LINK, 0.000078, 0.000692, 0.000614, PTP, "rank-63", "rank-0", 64_1_-778_107
Link, 0, MPI_LINK, 0.000078, 0.000692, 0.000614, PTP, "rank-95", "rank-0", 96_1_-778_111
Link, 0, MPI_LINK, 0.000073, 0.000692, 0.000619, PTP, "rank-111", "rank-0", 112_1_-778_66
Link, 0, MPI_LINK, 0.000072, 0.000692, 0.000620, PTP, "rank-119", "rank-0", 120_1_-778_58
Link, 0, MPI_LINK, 0.000078, 0.000692, 0.000614, PTP, "rank-123", "rank-0", 124_1_-778_114
Link, 0, MPI_LINK, 0.000080, 0.000692, 0.000612, PTP, "rank-125", "rank-0", 126_1_-778_120
Link, 0, MPI_LINK, 0.000071, 0.000692, 0.000621, PTP, "rank-127", "rank-0", 128_1_-778_50
Link, 0, MPI_LINK, 0.000692, 0.000693, 0.000001, PTP, "rank-0", "rank-1", 1_2_-778_128
Link, 0, MPI_LINK, 0.000692, 0.000693, 0.000001, PTP, "rank-0", "rank-2", 1_3_-778_129
Link, 0, MPI_LINK, 0.000692, 0.000693, 0.000001, PTP, "rank-0", "rank-4", 1_5_-778_131
Link, 0, MPI_LINK, 0.000692, 0.000693, 0.000001, PTP, "rank-0", "rank-8", 1_9_-778_135
Link, 0, MPI_LINK, 0.000692, 0.000693, 0.000001, PTP, "rank-0", "rank-16", 1_17_-778_143
Link, 0, MPI_LINK, 0.000692, 0.000693, 0.000001, PTP, "rank-0", "rank-32", 1_33_-778_159
Link, 0, MPI_LINK, 0.000692, 0.000693, 0.000001, PTP, "rank-0", "rank-64", 1_65_-778_191
Link, 0, MPI_LINK, 0.000692, 0.000693, 0.000001, PTP, "rank-0", "rank-96", 1_97_-778_223
Link, 0, MPI_LINK, 0.000692, 0.000693, 0.000001, PTP, "rank-0", "rank-80", 1_81_-778_207
Link, 0, MPI_LINK, 0.000692, 0.000693, 0.000001, PTP, "rank-0", "rank-48", 1_49_-778_175
Link, 0, MPI_LINK, 0.000692, 0.000693, 0.000001, PTP, "rank-0", "rank-72", 1_73_-778_199
Link, 0, MPI_LINK, 0.000692, 0.000693, 0.000001, PTP, "rank-0", "rank-40", 1_41_-778_167
Link, 0, MPI_LINK, 0.000692, 0.000693, 0.000001, PTP, "rank-0", "rank-24", 1_25_-778_151
Link, 0, MPI_LINK, 0.000692, 0.000693, 0.000001, PTP, "rank-0", "rank-68", 1_69_-778_195
Link, 0, MPI_LINK, 0.000692, 0.000693, 0.000001, PTP, "rank-0", "rank-36", 1_37_-778_163
Link, 0, MPI_LINK, 0.000692, 0.000693, 0.000001, PTP, "rank-0", "rank-20", 1_21_-778_147
Link, 0, MPI_LINK, 0.000692, 0.000693, 0.000001, PTP, "rank-0", "rank-12", 1_13_-778_139
Link, 0, MPI_LINK, 0.000692, 0.000693, 0.000001, PTP, "rank-0", "rank-66", 1_67_-778_193
Link, 0, MPI_LINK, 0.000692, 0.000693, 0.000001, PTP, "rank-0", "rank-34", 1_35_-778_161
Link, 0, MPI_LINK, 0.000692, 0.000693, 0.000001, PTP, "rank-0", "rank-18", 1_19_-778_145
Link, 0, MPI_LINK, 0.000692, 0.000693, 0.000001, PTP, "rank-0", "rank-10", 1_11_-778_137
Link, 0, MPI_LINK, 0.000692, 0.000693, 0.000001, PTP, "rank-0", "rank-6", 1_7_-778_133
Link, 0, MPI_LINK, 0.000692, 0.000693, 0.000001, PTP, "rank-0", "rank-65", 1_66_-778_192
Link, 0, MPI_LINK, 0.000692, 0.000693, 0.000001, PTP, "rank-0", "rank-33", 1_34_-778_160
Link, 0, MPI_LINK, 0.000692, 0.000693, 0.000001, PTP, "rank-0", "rank-17", 1_18_-778_144
Link, 0, MPI_LINK, 0.000692, 0.000693, 0.000001, PTP, "rank-0", "rank-9", 1_10_-778_136
Link, 0, MPI_LINK, 0.000692, 0.000693, 0.000001, PTP, "rank-0", "rank-5", 1_6_-778_132
Link, 0, MPI_LINK, 0.000692, 0.000693, 0.000001, PTP, "rank-0", "rank-3", 1_4_-778_130
Link, 0, MPI_LINK, 0.000692, 0.000693, 0.000001, PTP, "rank-0", "rank-112", 1_113_-778_239
Link, 0, MPI_LINK, 0.000692, 0.000693, 0.000001, PTP, "rank-0", "rank-104", 1_105_-778_231
Link, 0, MPI_LINK, 0.000692, 0.000693, 0.000001, PTP, "rank-0", "rank-88", 1_89_-778_215
Link, 0, MPI_LINK, 0.000692, 0.000693, 0.000001, PTP, "rank-0", "rank-56", 1_57_-778_183
Link, 0, MPI_LINK, 0.000692, 0.000693, 0.000001, PTP, "rank-0", "rank-100", 1_101_-778_227
Link, 0, MPI_LINK, 0.000692, 0.000693, 0.000001, PTP, "rank-0", "rank-84", 1_85_-778_211
Link, 0, MPI_LINK, 0.000692, 0.000693, 0.000001, PTP, "rank-0", "rank-76", 1_77_-778_203
Link, 0, MPI_LINK, 0.000692, 0.000693, 0.000001, PTP, "rank-0", "rank-52", 1_53_-778_179
Link, 0, MPI_LINK, 0.000692, 0.000693, 0.000001, PTP, "rank-0", "rank-44", 1_45_-778_171
Link, 0, MPI_LINK, 0.000692, 0.000693, 0.000001, PTP, "rank-0", "rank-28", 1_29_-778_155
Link, 0, MPI_LINK, 0.000692, 0.000693, 0.000001, PTP, "rank-0", "rank-98", 1_99_-778_225
Link, 0, MPI_LINK, 0.000692, 0.000693, 0.000001, PTP, "rank-0", "rank-82", 1_83_-778_209
Link, 0, MPI_LINK, 0.000692, 0.000693, 0.000001, PTP, "rank-0", "rank-74", 1_75_-778_201
Link, 0, MPI_LINK, 0.000692, 0.000693, 0.000001, PTP, "rank-0", "rank-70", 1_71_-778_197
Link, 0, MPI_LINK, 0.000692, 0.000693, 0.000001, PTP, "rank-0", "rank-50", 1_51_-778_177
Link, 0, MPI_LINK, 0.000692, 0.000693, 0.000001, PTP, "rank-0", "rank-42", 1_43_-778_169
Link, 0, MPI_LINK, 0.000692, 0.000693, 0.000001, PTP, "rank-0", "rank-38", 1_39_-778_165
Link, 0, MPI_LINK, 0.000692, 0.000693, 0.000001, PTP, "rank-0", "rank-26", 1_27_-778_153
Link, 0, MPI_LINK, 0.000692, 0.000693, 0.000001, PTP, "rank-0", "rank-22", 1_23_-778_149
Link, 0, MPI_LINK, 0.000692, 0.000693, 0.000001, PTP, "rank-0", "rank-14", 1_15_-778_141
Link, 0, MPI_LINK, 0.000692, 0.000693, 0.000001, PTP, "rank-0", "rank-97", 1_98_-778_224
Link, 0, MPI_LINK, 0.000692, 0.000693, 0.000001, PTP, "rank-0", "rank-81", 1_82_-778_208
Link, 0, MPI_LINK, 0.000692, 0.000693, 0.000001, PTP, "rank-0", "rank-73", 1_74_-778_200
Link, 0, MPI_LINK, 0.000692, 0.000693, 0.000001, PTP, "rank-0", "rank-69", 1_70_-778_196
Link, 0, MPI_LINK, 0.000692, 0.000693, 0.000001, PTP, "rank-0", "rank-67", 1_68_-778_194
Link, 0, MPI_LINK, 0.000692, 0.000693, 0.000001, PTP, "rank-0", "rank-49", 1_50_-778_176
Link, 0, MPI_LINK, 0.000692, 0.000693, 0.000001, PTP, "rank-0", "rank-41", 1_42_-778_168
Link, 0, MPI_LINK, 0.000692, 0.000693, 0.000001, PTP, "rank-0", "rank-37", 1_38_-778_164
Link, 0, MPI_LINK, 0.000692, 0.000693, 0.000001, PTP, "rank-0", "rank-35", 1_36_-778_162
Link, 0, MPI_LINK, 0.000692, 0.000693, 0.000001, PTP, "rank-0", "rank-25", 1_26_-778_152
Link, 0, MPI_LINK, 0.000692, 0.000693, 0.000001, PTP, "rank-0", "rank-21", 1_22_-778_148
Link, 0, MPI_LINK, 0.000692, 0.000693, 0.000001, PTP, "rank-0", "rank-19", 1_20_-778_146
Link, 0, MPI_LINK, 0.000692, 0.000693, 0.000001, PTP, "rank-0", "rank-13", 1_14_-778_140
Link, 0, MPI_LINK, 0.000692, 0.000693, 0.000001, PTP, "rank-0", "rank-11", 1_12_-778_138
Link, 0, MPI_LINK, 0.000692, 0.000693, 0.000001, PTP, "rank-0", "rank-7", 1_8_-778_134
Link, 0, MPI_LINK, 0.000692, 0.000693, 0.000001, PTP, "rank-0", "rank-120", 1_121_-778_247
Link, 0, MPI_LINK, 0.000692, 0.000693, 0.000001, PTP, "rank-0", "rank-116", 1_117_-778_243
Link, 0, MPI_LINK, 0.000692, 0.000693, 0.000001, PTP, "rank-0", "rank-108", 1_109_-778_235
Link, 0, MPI_LINK, 0.000692, 0.000693, 0.000001, PTP, "rank-0", "rank-92", 1_93_-778_219
Link, 0, MPI_LINK, 0.000692, 0.000693, 0.000001, PTP, "rank-0", "rank-60", 1_61_-778_187
Link, 0, MPI_LINK, 0.000692, 0.000693, 0.000001, PTP, "rank-0", "rank-114", 1_115_-778_241
Link, 0, MPI_LINK, 0.000692, 0.000693, 0.000001, PTP, "rank-0", "rank-106", 1_107_-778_233
Link, 0, MPI_LINK, 0.000692, 0.000693, 0.000001, PTP, "rank-0", "rank-102", 1_103_-778_229
Link, 0, MPI_LINK, 0.000692, 0.000693, 0.000001, PTP, "rank-0", "rank-90", 1_91_-778_217
Link, 0, MPI_LINK, 0.000692, 0.000693, 0.000001, PTP, "rank-0", "rank-86", 1_87_-778_213
Link, 0, MPI_LINK, 0.000692, 0.000693, 0.000001, PTP, "rank-0", "rank-78", 1_79_-778_205
Link, 0, MPI_LINK, 0.000692, 0.000693, 0.000001, PTP, "rank-0", "rank-58", 1_59_-778_185
Link, 0, MPI_LINK, 0.000692, 0.000693, 0.000001, PTP, "rank-0", "rank-54", 1_55_-778_181
Link, 0, MPI_LINK, 0.000692, 0.000693, 0.000001, PTP, "rank-0", "rank-46", 1_47_-778_173
Link, 0, MPI_LINK, 0.000692, 0.000693, 0.000001, PTP, "rank-0", "rank-30", 1_31_-778_157
Link, 0, MPI_LINK, 0.000692, 0.000693, 0.000001, PTP, "rank-0", "rank-113", 1_114_-778_240
Link, 0, MPI_LINK, 0.000692, 0.000693, 0.000001, PTP, "rank-0", "rank-105", 1_106_-778_232
Link, 0, MPI_LINK, 0.000692, 0.000693, 0.000001, PTP, "rank-0", "rank-101", 1_102_-778_228
Link, 0, MPI_LINK, 0.000692, 0.000693, 0.000001, PTP, "rank-0", "rank-99", 1_100_-778_226
Link, 0, MPI_LINK, 0.000692, 0.000693, 0.000001, PTP, "rank-0", "rank-89", 1_90_-778_216
Link, 0, MPI_LINK, 0.000692, 0.000693, 0.000001, PTP, "rank-0", "rank-85", 1_86_-778_212
Link, 0, MPI_LINK, 0.000692, 0.000693, 0.000001, PTP, "rank-0", "rank-83", 1_84_-778_210
Link, 0, MPI_LINK, 0.000692, 0.000693, 0.000001, PTP, "rank-0", "rank-77", 1_78_-778_204
Link, 0, MPI_LINK, 0.000692, 0.000693, 0.000001, PTP, "rank-0", "rank-75", 1_76_-778_202
Link, 0, MPI_LINK, 0.000692, 0.000693, 0.000001, PTP, "rank-0", "rank-71", 1_72_-778_198
Link, 0, MPI_LINK, 0.000692, 0.000693, 0.000001, PTP, "rank-0", "rank-57", 1_58_-778_184
Link, 0, MPI_LINK, 0.000692, 0.000693, 0.000001, PTP, "rank-0", "rank-53", 1_54_-778_180
Link, 0, MPI_LINK, 0.000692, 0.000693, 0.000001, PTP, "rank-0", "rank-51", 1_52_-778_178
Link, 0, MPI_LINK, 0.000692, 0.000693, 0.000001, PTP, "rank-0", "rank-45", 1_46_-778_172
Link, 0, MPI_LINK, 0.000692, 0.000693, 0.000001, PTP, "rank-0", "rank-43", 1_44_-778_170
Link, 0, MPI_LINK, 0.000692, 0.000693, 0.000001, PTP, "rank-0", "rank-39", 1_40_-778_166
Link, 0, MPI_LINK, 0.000692, 0.000693, 0.000001, PTP, "rank-0", "rank-29", 1_30_-778_156
Link, 0, MPI_LINK, 0.000692, 0.000693, 0.000001, PTP, "rank-0", "rank-27", 1_28_-778_154
Link, 0, MPI_LINK, 0.000692, 0.000693, 0.000001, PTP, "rank-0", "rank-23", 1_24_-778_150
Link, 0, MPI_LINK, 0.000692, 0.000693, 0.000001, PTP, "rank-0", "rank-15", 1_16_-778_142
Link, 0, MPI_LINK, 0.000692, 0.000693, 0.000001, PTP, "rank-0", "rank-124", 1_125_-778_251
Link, 0, MPI_LINK, 0.000692, 0.000693, 0.000001, PTP, "rank-0", "rank-122", 1_123_-778_249
Link, 0, MPI_LINK, 0.000692, 0.000693, 0.000001, PTP, "rank-0", "rank-118", 1_119_-778_245
Link, 0, MPI_LINK, 0.000692, 0.000693, 0.000001, PTP, "rank-0", "rank-110", 1_111_-778_237
Link, 0, MPI_LINK, 0.000692, 0.000693, 0.000001, PTP, "rank-0", "rank-94", 1_95_-778_221
Link, 0, MPI_LINK, 0.000692, 0.000693, 0.000001, PTP, "rank-0", "rank-62", 1_63_-778_189
Link, 0, MPI_LINK, 0.000692, 0.000693, 0.000001, PTP, "rank-0", "rank-121", 1_122_-778_248
Link, 0, MPI_LINK, 0.000692, 0.000693, 0.000001, PTP, "rank-0", "rank-117", 1_118_-778_244
Link, 0, MPI_LINK, 0.000692, 0.000693, 0.000001, PTP, "rank-0", "rank-115", 1_116_-778_242
Link, 0, MPI_LINK, 0.000692, 0.000693, 0.000001, PTP, "rank-0", "rank-109", 1_110_-778_236
Link, 0, MPI_LINK, 0.000692, 0.000693, 0.000001, PTP, "rank-0", "rank-107", 1_108_-778_234
Link, 0, MPI_LINK, 0.000692, 0.000693, 0.000001, PTP, "rank-0", "rank-103", 1_104_-778_230
Link, 0, MPI_LINK, 0.000692, 0.000693, 0.000001, PTP, "rank-0", "rank-93", 1_94_-778_220
Link, 0, MPI_LINK, 0.000692, 0.000693, 0.000001, PTP, "rank-0", "rank-91", 1_92_-778_218
Link, 0, MPI_LINK, 0.000692, 0.000693, 0.000001, PTP, "rank-0", "rank-87", 1_88_-778_214
Link, 0, MPI_LINK, 0.000692, 0.000693, 0.000001, PTP, "rank-0", "rank-79", 1_80_-778_206
Link, 0, MPI_LINK, 0.000692, 0.000693, 0.000001, PTP, "rank-0", "rank-61", 1_62_-778_188
Link, 0, MPI_LINK, 0.000692, 0.000693, 0.000001, PTP, "rank-0", "rank-59", 1_60_-778_186
Link, 0, MPI_LINK, 0.000692, 0.000693, 0.000001, PTP, "rank-0", "rank-55", 1_56_-778_182
Link, 0, MPI_LINK, 0.000692, 0.000693, 0.000001, PTP, "rank-0", "rank-47", 1_48_-778_174
Link, 0, MPI_LINK, 0.000692, 0.000693, 0.000001, PTP, "rank-0", "rank-31", 1_32_-778_158
Link, 0, MPI_LINK, 0.000692, 0.000694, 0.000002, PTP, "rank-0", "rank-126", 1_127_-778_253
Link, 0, MPI_LINK, 0.000692, 0.000694, 0.000002, PTP, "rank-0", "rank-125", 1_126_-778_252
Link, 0, MPI_LINK, 0.000692, 0.000694, 0.000002, PTP, "rank-0", "rank-123", 1_124_-778_250
Link, 0, MPI_LINK, 0.000692, 0.000694, 0.000002, PTP, "rank-0", "rank-119", 1_120_-778_246
Link, 0, MPI_LINK, 0.000692, 0.000694, 0.000002, PTP, "rank-0", "rank-111", 1_112_-778_238
Link, 0, MPI_LINK, 0.000692, 0.000694, 0.000002, PTP, "rank-0", "rank-95", 1_96_-778_222
Link, 0, MPI_LINK, 0.000692, 0.000694, 0.000002, PTP, "rank-0", "rank-63", 1_64_-778_190
Link, 0, MPI_LINK, 0.000692, 0.000694, 0.000002, PTP, "rank-0", "rank-127", 1_128_-778_254
Link, 0, MPI_LINK, 0.000749, 0.001129, 0.000380, PTP, "rank-0", "rank-43", 1_44_0_255
Link, 0, MPI_LINK, 0.001130, 0.001883, 0.000753, PTP, "rank-0", "rank-107", 1_108_1_256
Link, 0, MPI_LINK, 0.001132, 0.001885, 0.000753, PTP, "rank-43", "rank-64", 44_65_1_257
Link, 0, MPI_LINK, 0.001884, 0.002262, 0.000378, PTP, "rank-0", "rank-11", 1_12_2_258
Link, 0, MPI_LINK, 0.001886, 0.002264, 0.000378, PTP, "rank-107", "rank-96", 108_97_2_259
Link, 0, MPI_LINK, 0.001888, 0.002266, 0.000378, PTP, "rank-64", "rank-75", 65_76_2_260
Link, 0, MPI_LINK, 0.001888, 0.002266, 0.000378, PTP, "rank-43", "rank-32", 44_33_2_261
Link, 0, MPI_LINK, 0.002265, 0.002644, 0.000379, PTP, "rank-107", "rank-112", 108_113_3_264
Link, 0, MPI_LINK, 0.002268, 0.002647, 0.000379, PTP, "rank-43", "rank-48", 44_49_3_268
Link, 0, MPI_LINK, 0.002269, 0.002947, 0.000678, PTP, "rank-75", "rank-80", 76_81_3_269
Link, 0, MPI_LINK, 0.002266, 0.003020, 0.000754, PTP, "rank-96", "rank-91", 97_92_3_265
Link, 0, MPI_LINK, 0.002645, 0.003022, 0.000377, PTP, "rank-107", "rank-104", 108_105_4_270
Link, 0, MPI_LINK, 0.002647, 0.003024, 0.000377, PTP, "rank-112", "rank-115", 113_116_4_271
Link, 0, MPI_LINK, 0.002649, 0.003026, 0.000377, PTP, "rank-48", "rank-51", 49_52_4_272
Link, 0, MPI_LINK, 0.002649, 0.003026, 0.000377, PTP, "rank-43", "rank-40", 44_41_4_273
Link, 0, MPI_LINK, 0.002948, 0.003325, 0.000377, PTP, "rank-75", "rank-72", 76_73_4_274
Link, 0, MPI_LINK, 0.002950, 0.003327, 0.000377, PTP, "rank-80", "rank-83", 81_84_4_275
Link, 0, MPI_LINK, 0.003023, 0.003400, 0.000377, PTP, "rank-91", "rank-88", 92_89_4_277
Link, 0, MPI_LINK, 0.003024, 0.003402, 0.000378, PTP, "rank-107", "rank-108", 108_109_5_278
Link, 0, MPI_LINK, 0.003027, 0.003405, 0.000378, PTP, "rank-115", "rank-116", 116_117_5_281
Link, 0, MPI_LINK, 0.003028, 0.003406, 0.000378, PTP, "rank-51", "rank-52", 52_53_5_283
Link, 0, MPI_LINK, 0.003029, 0.003407, 0.000378, PTP, "rank-43", "rank-44", 44_45_5_285
Link, 0, MPI_LINK, 0.002264, 0.003434, 0.001170, PTP, "rank-11", "rank-16", 12_17_3_262
Link, 0, MPI_LINK, 0.002268, 0.003643, 0.001375, PTP, "rank-32", "rank-27", 33_28_3_267
Link, 0, MPI_LINK, 0.003327, 0.003705, 0.000378, PTP, "rank-75", "rank-76", 76_77_5_286
Link, 0, MPI_LINK, 0.003022, 0.003732, 0.000710, PTP, "rank-96", "rank-99", 97_100_4_276
Link, 0, MPI_LINK, 0.002264, 0.003765, 0.001501, PTP, "rank-0", "rank-123", 1_124_3_263
Link, 0, MPI_LINK, 0.002267, 0.003766, 0.001499, PTP, "rank-64", "rank-59", 65_60_3_266
Link, 0, MPI_LINK, 0.003028, 0.003772, 0.000744, PTP, "rank-40", "rank-39", 41_40_5_284
Link, 0, MPI_LINK, 0.003404, 0.003779, 0.000375, PTP, "rank-107", "rank-106", 108_107_6_292
Link, 0, MPI_LINK, 0.003402, 0.003780, 0.000378, PTP, "rank-91", "rank-92", 92_93_5_290
Link, 0, MPI_LINK, 0.003405, 0.003780, 0.000375, PTP, "rank-108", "rank-109", 109_110_6_293
Link, 0, MPI_LINK, 0.003408, 0.003783, 0.000375, PTP, "rank-52", "rank-53", 53_54_6_294
Link, 0, MPI_LINK, 0.003408, 0.003783, 0.000375, PTP, "rank-51", "rank-50", 52_51_6_295
Link, 0, MPI_LINK, 0.003408, 0.003783, 0.000375, PTP, "rank-115", "rank-114", 116_115_6_296
Link, 0, MPI_LINK, 0.003408, 0.003783, 0.000375, PTP, "rank-43", "rank-42", 44_43_6_297
Link, 0, MPI_LINK, 0.003409, 0.003784, 0.000375, PTP, "rank-116", "rank-117", 117_118_6_298
Link, 0, MPI_LINK, 0.003410, 0.003785, 0.000375, PTP, "rank-44", "rank-45", 45_46_6_299
Link, 0, MPI_LINK, 0.003436, 0.003813, 0.000377, PTP, "rank-11", "rank-8", 12_9_4_300
Link, 0, MPI_LINK, 0.003438, 0.003815, 0.000377, PTP, "rank-16", "rank-19", 17_20_4_301
Link, 0, MPI_LINK, 0.003330, 0.003933, 0.000603, PTP, "rank-83", "rank-84", 84_85_5_289
Link, 0, MPI_LINK, 0.003645, 0.004021, 0.000376, PTP, "rank-27", "rank-24", 28_25_4_302
Link, 0, MPI_LINK, 0.003027, 0.004035, 0.001008, PTP, "rank-48", "rank-47", 49_48_5_282
Link, 0, MPI_LINK, 0.003706, 0.004082, 0.000376, PTP, "rank-75", "rank-74", 76_75_6_304
Link, 0, MPI_LINK, 0.003403, 0.004083, 0.000680, PTP, "rank-88", "rank-87", 89_88_5_291
Link, 0, MPI_LINK, 0.003708, 0.004084, 0.000376, PTP, "rank-76", "rank-77", 77_78_6_305
Link, 0, MPI_LINK, 0.003769, 0.004146, 0.000377, PTP, "rank-123", "rank-120", 124_121_4_309
Link, 0, MPI_LINK, 0.003771, 0.004148, 0.000377, PTP, "rank-59", "rank-56", 60_57_4_311
Link, 0, MPI_LINK, 0.003774, 0.004150, 0.000376, PTP, "rank-40", "rank-41", 41_42_6_312
Link, 0, MPI_LINK, 0.003776, 0.004152, 0.000376, PTP, "rank-39", "rank-38", 40_39_6_313
Link, 0, MPI_LINK, 0.003645, 0.004156, 0.000511, PTP, "rank-32", "rank-35", 33_36_4_303
Link, 0, MPI_LINK, 0.003782, 0.004158, 0.000376, PTP, "rank-91", "rank-90", 92_91_6_314
Link, 0, MPI_LINK, 0.003783, 0.004159, 0.000376, PTP, "rank-92", "rank-93", 93_94_6_315
Link, 0, MPI_LINK, 0.003816, 0.004194, 0.000378, PTP, "rank-11", "rank-12", 12_13_5_316
Link, 0, MPI_LINK, 0.003935, 0.004311, 0.000376, PTP, "rank-83", "rank-82", 84_83_6_320
Link, 0, MPI_LINK, 0.003936, 0.004312, 0.000376, PTP, "rank-84", "rank-85", 85_86_6_321
Link, 0, MPI_LINK, 0.003025, 0.004321, 0.001296, PTP, "rank-104", "rank-103", 105_104_5_279
Link, 0, MPI_LINK, 0.003819, 0.004322, 0.000503, PTP, "rank-19", "rank-20", 20_21_5_319
Link, 0, MPI_LINK, 0.003328, 0.004372, 0.001044, PTP, "rank-72", "rank-71", 73_72_5_287
Link, 0, MPI_LINK, 0.004023, 0.004401, 0.000378, PTP, "rank-27", "rank-28", 28_29_5_322
Link, 0, MPI_LINK, 0.004039, 0.004415, 0.000376, PTP, "rank-47", "rank-46", 48_47_6_325
Link, 0, MPI_LINK, 0.004085, 0.004460, 0.000375, PTP, "rank-88", "rank-89", 89_90_6_326
Link, 0, MPI_LINK, 0.004087, 0.004462, 0.000375, PTP, "rank-87", "rank-86", 88_87_6_327
Link, 0, MPI_LINK, 0.004038, 0.004478, 0.000440, PTP, "rank-48", "rank-49", 49_50_6_324
Link, 0, MPI_LINK, 0.003767, 0.004480, 0.000713, PTP, "rank-0", "rank-3", 1_4_4_308
Link, 0, MPI_LINK, 0.003026, 0.004523, 0.001497, PTP, "rank-112", "rank-111", 113_112_5_280
Link, 0, MPI_LINK, 0.003734, 0.004523, 0.000789, PTP, "rank-99", "rank-100", 100_101_5_306
Link, 0, MPI_LINK, 0.004149, 0.004527, 0.000378, PTP, "rank-123", "rank-124", 124_125_5_329
Link, 0, MPI_LINK, 0.004150, 0.004528, 0.000378, PTP, "rank-59", "rank-60", 60_61_5_330
Link, 0, MPI_LINK, 0.004149, 0.004537, 0.000388, PTP, "rank-120", "rank-119", 121_120_5_328
Link, 0, MPI_LINK, 0.004161, 0.004539, 0.000378, PTP, "rank-35", "rank-36", 36_37_5_333
Link, 0, MPI_LINK, 0.003769, 0.004555, 0.000786, PTP, "rank-64", "rank-67", 65_68_4_310
Link, 0, MPI_LINK, 0.004025, 0.004572, 0.000547, PTP, "rank-24", "rank-23", 25_24_5_323
Link, 0, MPI_LINK, 0.004196, 0.004572, 0.000376, PTP, "rank-11", "rank-10", 12_11_6_334
Link, 0, MPI_LINK, 0.004197, 0.004573, 0.000376, PTP, "rank-12", "rank-13", 13_14_6_335
Link, 0, MPI_LINK, 0.003329, 0.004671, 0.001342, PTP, "rank-80", "rank-79", 81_80_5_288
Link, 0, MPI_LINK, 0.004323, 0.004699, 0.000376, PTP, "rank-104", "rank-105", 105_106_6_336
Link, 0, MPI_LINK, 0.004325, 0.004701, 0.000376, PTP, "rank-19", "rank-18", 20_19_6_337
Link, 0, MPI_LINK, 0.004326, 0.004702, 0.000376, PTP, "rank-20", "rank-21", 21_22_6_338
Link, 0, MPI_LINK, 0.004326, 0.004702, 0.000376, PTP, "rank-103", "rank-102", 104_103_6_339
Link, 0, MPI_LINK, 0.004375, 0.004751, 0.000376, PTP, "rank-71", "rank-70", 72_71_6_340
Link, 0, MPI_LINK, 0.004375, 0.004751, 0.000376, PTP, "rank-72", "rank-73", 73_74_6_341
Link, 0, MPI_LINK, 0.004404, 0.004780, 0.000376, PTP, "rank-28", "rank-29", 29_30_6_342
Link, 0, MPI_LINK, 0.004404, 0.004780, 0.000376, PTP, "rank-27", "rank-26", 28_27_6_343
Link, 0, MPI_LINK, 0.004151, 0.004788, 0.000637, PTP, "rank-56", "rank-55", 57_56_5_331
Link, 0, MPI_LINK, 0.004525, 0.004901, 0.000376, PTP, "rank-99", "rank-98", 100_99_6_347
Link, 0, MPI_LINK, 0.004526, 0.004902, 0.000376, PTP, "rank-100", "rank-101", 101_102_6_348
Link, 0, MPI_LINK, 0.004527, 0.004902, 0.000375, PTP, "rank-111", "rank-110", 112_111_6_349
Link, 0, MPI_LINK, 0.004525, 0.004903, 0.000378, PTP, "rank-112", "rank-113", 113_114_6_346
Link, 0, MPI_LINK, 0.004529, 0.004905, 0.000376, PTP, "rank-123", "rank-122", 124_123_6_350
Link, 0, MPI_LINK, 0.004530, 0.004906, 0.000376, PTP, "rank-124", "rank-125", 125_126_6_351
Link, 0, MPI_LINK, 0.004531, 0.004907, 0.000376, PTP, "rank-60", "rank-61", 61_62_6_352
Link, 0, MPI_LINK, 0.004531, 0.004907, 0.000376, PTP, "rank-59", "rank-58", 60_59_6_353
Link, 0, MPI_LINK, 0.004539, 0.004915, 0.000376, PTP, "rank-119", "rank-118", 120_119_6_354
Link, 0, MPI_LINK, 0.004539, 0.004915, 0.000376, PTP, "rank-120", "rank-121", 121_122_6_355
Link, 0, MPI_LINK, 0.004541, 0.004917, 0.000376, PTP, "rank-35", "rank-34", 36_35_6_356
Link, 0, MPI_LINK, 0.004542, 0.004918, 0.000376, PTP, "rank-36", "rank-37", 37_38_6_357
Link, 0, MPI_LINK, 0.004574, 0.004949, 0.000375, PTP, "rank-24", "rank-25", 25_26_6_360
Link, 0, MPI_LINK, 0.004575, 0.004950, 0.000375, PTP, "rank-23", "rank-22", 24_23_6_361
Link, 0, MPI_LINK, 0.004673, 0.005048, 0.000375, PTP, "rank-79", "rank-78", 80_79_6_362
Link, 0, MPI_LINK, 0.004674, 0.005049, 0.000375, PTP, "rank-80", "rank-81", 81_82_6_363
Link, 0, MPI_LINK, 0.004557, 0.005154, 0.000597, PTP, "rank-67", "rank-68", 68_69_5_358
Link, 0, MPI_LINK, 0.004791, 0.005167, 0.000376, PTP, "rank-56", "rank-57", 57_58_6_364
Link, 0, MPI_LINK, 0.004794, 0.005170, 0.000376, PTP, "rank-55", "rank-54", 56_55_6_365
Link, 0, MPI_LINK, 0.003734, 0.005206, 0.001472, PTP, "rank-96", "rank-95", 97_96_5_307
Link, 0, MPI_LINK, 0.003818, 0.005520, 0.001702, PTP, "rank-8", "rank-7", 9_8_5_317
Link, 0, MPI_LINK, 0.005157, 0.005533, 0.000376, PTP, "rank-67", "rank-66", 68_67_6_366
Link, 0, MPI_LINK, 0.005158, 0.005534, 0.000376, PTP, "rank-68", "rank-69", 69_70_6_367
Link, 0, MPI_LINK, 0.005208, 0.005583, 0.000375, PTP, "rank-96", "rank-97", 97_98_6_368
Link, 0, MPI_LINK, 0.005209, 0.005584, 0.000375, PTP, "rank-95", "rank-94", 96_95_6_369
Link, 0, MPI_LINK, 0.004483, 0.005794, 0.001311, PTP, "rank-3", "rank-4", 4_5_5_345
Link, 0, MPI_LINK, 0.003818, 0.005858, 0.002040, PTP, "rank-16", "rank-15", 17_16_5_318
Link, 0, MPI_LINK, 0.005522, 0.005897, 0.000375, PTP, "rank-8", "rank-9", 9_10_6_370
Link, 0, MPI_LINK, 0.005523, 0.005898, 0.000375, PTP, "rank-7", "rank-6", 8_7_6_371
Link, 0, MPI_LINK, 0.005796, 0.006172, 0.000376, PTP, "rank-3", "rank-2", 4_3_6_372
Link, 0, MPI_LINK, 0.005797, 0.006173, 0.000376, PTP, "rank-4", "rank-5", 5_6_6_373
Link, 0, MPI_LINK, 0.004158, 0.006190, 0.002032, PTP, "rank-32", "rank-31", 33_32_5_332
Link, 0, MPI_LINK, 0.005860, 0.006235, 0.000375, PTP, "rank-16", "rank-17", 17_18_6_374
Link, 0, MPI_LINK, 0.005861, 0.006236, 0.000375, PTP, "rank-15", "rank-14", 16_15_6_375
Link, 0, MPI_LINK, 0.004482, 0.006381, 0.001899, PTP, "rank-0", "rank-127", 1_128_5_344
Link, 0, MPI_LINK, 0.004558, 0.006432, 0.001874, PTP, "rank-64", "rank-63", 65_64_5_359
Link, 0, MPI_LINK, 0.006192, 0.006567, 0.000375, PTP, "rank-32", "rank-33", 33_34_6_376
Link, 0, MPI_LINK, 0.006193, 0.006568, 0.000375, PTP, "rank-31", "rank-30", 32_31_6_377
Link, 0, MPI_LINK, 0.006387, 0.006763, 0.000376, PTP, "rank-127", "rank-126", 128_127_6_379
Link, 0, MPI_LINK, 0.006384, 0.006766, 0.000382, PTP, "rank-0", "rank-1", 1_2_6_378
Link, 0, MPI_LINK, 0.006435, 0.006811, 0.000376, PTP, "rank-63", "rank-62", 64_63_6_380
Link, 0, MPI_LINK, 0.006435, 0.006811, 0.000376, PTP, "rank-64", "rank-65", 65_66_6_381
Link, 0, MPI_LINK, 0.009771, 0.009802, 0.000031, PTP, "rank-1", "rank-0", 2_1_-112_739
Link, 0, MPI_LINK, 0.009210, 0.009802, 0.000592, PTP, "rank-2", "rank-0", 3_1_-112_715
Link, 0, MPI_LINK, 0.009177, 0.009802, 0.000625, PTP, "rank-4", "rank-0", 5_1_-112_708
Link, 0, MPI_LINK, 0.008972, 0.009802, 0.000830, PTP, "rank-8", "rank-0", 9_1_-112_700
Link, 0, MPI_LINK, 0.009237, 0.009802, 0.000565, PTP, "rank-16", "rank-0", 17_1_-112_719
Link, 0, MPI_LINK, 0.009589, 0.009802, 0.000213, PTP, "rank-32", "rank-0", 33_1_-112_730
Link, 0, MPI_LINK, 0.008567, 0.009802, 0.001235, PTP, "rank-96", "rank-0", 97_1_-112_682
Link, 0, MPI_LINK, 0.007548, 0.009802, 0.002254, PTP, "rank-48", "rank-0", 49_1_-112_493
Link, 0, MPI_LINK, 0.008083, 0.009802, 0.001719, PTP, "rank-80", "rank-0", 81_1_-112_622
Link, 0, MPI_LINK, 0.007935, 0.009802, 0.001867, PTP, "rank-24", "rank-0", 25_1_-112_589
Link, 0, MPI_LINK, 0.007232, 0.009802, 0.002570, PTP, "rank-40", "rank-0", 41_1_-112_454
Link, 0, MPI_LINK, 0.007752, 0.009802, 0.002050, PTP, "rank-72", "rank-0", 73_1_-112_532
Link, 0, MPI_LINK, 0.009171, 0.009802, 0.000631, PTP, "rank-3", "rank-0", 4_1_-112_706
Link, 0, MPI_LINK, 0.009186, 0.009802, 0.000616, PTP, "rank-5", "rank-0", 6_1_-112_712
Link, 0, MPI_LINK, 0.009077, 0.009802, 0.000725, PTP, "rank-9", "rank-0", 10_1_-112_703
Link, 0, MPI_LINK, 0.007625, 0.009802, 0.002177, PTP, "rank-12", "rank-0", 13_1_-112_501
Link, 0, MPI_LINK, 0.009400, 0.009802, 0.000402, PTP, "rank-17", "rank-0", 18_1_-112_727
Link, 0, MPI_LINK, 0.007699, 0.009802, 0.002103, PTP, "rank-20", "rank-0", 21_1_-112_517
Link, 0, MPI_LINK, 0.007903, 0.009802, 0.001899, PTP, "rank-36", "rank-0", 37_1_-112_562
Link, 0, MPI_LINK, 0.008539, 0.009802, 0.001263, PTP, "rank-68", "rank-0", 69_1_-112_672
Link, 0, MPI_LINK, 0.008908, 0.009802, 0.000894, PTP, "rank-6", "rank-0", 7_1_-112_694
Link, 0, MPI_LINK, 0.007753, 0.009802, 0.002049, PTP, "rank-10", "rank-0", 11_1_-112_533
Link, 0, MPI_LINK, 0.008051, 0.009802, 0.001751, PTP, "rank-18", "rank-0", 19_1_-112_613
Link, 0, MPI_LINK, 0.008149, 0.009802, 0.001653, PTP, "rank-34", "rank-0", 35_1_-112_631
Link, 0, MPI_LINK, 0.008549, 0.009802, 0.001253, PTP, "rank-66", "rank-0", 67_1_-112_677
Link, 0, MPI_LINK, 0.007918, 0.009802, 0.001884, PTP, "rank-112", "rank-0", 113_1_-112_576
Link, 0, MPI_LINK, 0.008152, 0.009802, 0.001650, PTP, "rank-56", "rank-0", 57_1_-112_633
Link, 0, MPI_LINK, 0.007464, 0.009802, 0.002338, PTP, "rank-88", "rank-0", 89_1_-112_481
Link, 0, MPI_LINK, 0.007687, 0.009802, 0.002115, PTP, "rank-104", "rank-0", 105_1_-112_511
Link, 0, MPI_LINK, 0.007779, 0.009802, 0.002023, PTP, "rank-28", "rank-0", 29_1_-112_544
Link, 0, MPI_LINK, 0.006776, 0.009802, 0.003026, PTP, "rank-44", "rank-0", 45_1_-112_384
Link, 0, MPI_LINK, 0.006775, 0.009802, 0.003027, PTP, "rank-52", "rank-0", 53_1_-112_383
Link, 0, MPI_LINK, 0.007106, 0.009802, 0.002696, PTP, "rank-76", "rank-0", 77_1_-112_416
Link, 0, MPI_LINK, 0.007373, 0.009802, 0.002429, PTP, "rank-84", "rank-0", 85_1_-112_469
Link, 0, MPI_LINK, 0.007925, 0.009802, 0.001877, PTP, "rank-100", "rank-0", 101_1_-112_585
Link, 0, MPI_LINK, 0.009270, 0.009802, 0.000532, PTP, "rank-14", "rank-0", 15_1_-112_724
Link, 0, MPI_LINK, 0.007943, 0.009802, 0.001859, PTP, "rank-22", "rank-0", 23_1_-112_599
Link, 0, MPI_LINK, 0.007780, 0.009802, 0.002022, PTP, "rank-26", "rank-0", 27_1_-112_545
Link, 0, MPI_LINK, 0.007176, 0.009802, 0.002626, PTP, "rank-38", "rank-0", 39_1_-112_448
Link, 0, MPI_LINK, 0.007187, 0.009802, 0.002615, PTP, "rank-42", "rank-0", 43_1_-112_451
Link, 0, MPI_LINK, 0.007151, 0.009802, 0.002651, PTP, "rank-50", "rank-0", 51_1_-112_433
Link, 0, MPI_LINK, 0.007792, 0.009802, 0.002010, PTP, "rank-70", "rank-0", 71_1_-112_550
Link, 0, MPI_LINK, 0.007442, 0.009802, 0.002360, PTP, "rank-74", "rank-0", 75_1_-112_475
Link, 0, MPI_LINK, 0.007620, 0.009802, 0.002182, PTP, "rank-82", "rank-0", 83_1_-112_499
Link, 0, MPI_LINK, 0.008320, 0.009802, 0.001482, PTP, "rank-98", "rank-0", 99_1_-112_664
Link, 0, MPI_LINK, 0.008964, 0.009802, 0.000838, PTP, "rank-7", "rank-0", 8_1_-112_697
Link, 0, MPI_LINK, 0.007636, 0.009802, 0.002166, PTP, "rank-11", "rank-0", 12_1_-112_505
Link, 0, MPI_LINK, 0.007583, 0.009802, 0.002219, PTP, "rank-13", "rank-0", 14_1_-112_496
Link, 0, MPI_LINK, 0.007704, 0.009802, 0.002098, PTP, "rank-19", "rank-0", 20_1_-112_522
Link, 0, MPI_LINK, 0.007772, 0.009802, 0.002030, PTP, "rank-21", "rank-0", 22_1_-112_539
Link, 0, MPI_LINK, 0.008023, 0.009802, 0.001779, PTP, "rank-25", "rank-0", 26_1_-112_610
Link, 0, MPI_LINK, 0.007903, 0.009802, 0.001899, PTP, "rank-35", "rank-0", 36_1_-112_561
Link, 0, MPI_LINK, 0.007904, 0.009802, 0.001898, PTP, "rank-37", "rank-0", 38_1_-112_564
Link, 0, MPI_LINK, 0.007341, 0.009802, 0.002461, PTP, "rank-41", "rank-0", 42_1_-112_463
Link, 0, MPI_LINK, 0.007647, 0.009802, 0.002155, PTP, "rank-49", "rank-0", 50_1_-112_508
Link, 0, MPI_LINK, 0.008535, 0.009802, 0.001267, PTP, "rank-67", "rank-0", 68_1_-112_670
Link, 0, MPI_LINK, 0.008547, 0.009802, 0.001255, PTP, "rank-69", "rank-0", 70_1_-112_676
Link, 0, MPI_LINK, 0.007746, 0.009802, 0.002056, PTP, "rank-73", "rank-0", 74_1_-112_528
Link, 0, MPI_LINK, 0.008074, 0.009802, 0.001728, PTP, "rank-81", "rank-0", 82_1_-112_617
Link, 0, MPI_LINK, 0.008761, 0.009802, 0.001041, PTP, "rank-97", "rank-0", 98_1_-112_688
Link, 0, MPI_LINK, 0.007937, 0.009803, 0.001866, PTP, "rank-120", "rank-0", 121_1_-112_591
Link, 0, MPI_LINK, 0.007915, 0.009803, 0.001888, PTP, "rank-60", "rank-0", 61_1_-112_574
Link, 0, MPI_LINK, 0.007155, 0.009803, 0.002648, PTP, "rank-92", "rank-0", 93_1_-112_437
Link, 0, MPI_LINK, 0.006778, 0.009803, 0.003025, PTP, "rank-108", "rank-0", 109_1_-112_388
Link, 0, MPI_LINK, 0.006780, 0.009803, 0.003023, PTP, "rank-116", "rank-0", 117_1_-112_393
Link, 0, MPI_LINK, 0.009617, 0.009803, 0.000186, PTP, "rank-30", "rank-0", 31_1_-112_736
Link, 0, MPI_LINK, 0.007435, 0.009803, 0.002368, PTP, "rank-46", "rank-0", 47_1_-112_472
Link, 0, MPI_LINK, 0.008166, 0.009803, 0.001637, PTP, "rank-54", "rank-0", 55_1_-112_640
Link, 0, MPI_LINK, 0.008002, 0.009803, 0.001801, PTP, "rank-58", "rank-0", 59_1_-112_607
Link, 0, MPI_LINK, 0.008127, 0.009803, 0.001676, PTP, "rank-78", "rank-0", 79_1_-112_625
Link, 0, MPI_LINK, 0.007470, 0.009803, 0.002333, PTP, "rank-86", "rank-0", 87_1_-112_484
Link, 0, MPI_LINK, 0.007258, 0.009803, 0.002545, PTP, "rank-90", "rank-0", 91_1_-112_457
Link, 0, MPI_LINK, 0.007699, 0.009803, 0.002104, PTP, "rank-102", "rank-0", 103_1_-112_518
Link, 0, MPI_LINK, 0.007166, 0.009803, 0.002637, PTP, "rank-106", "rank-0", 107_1_-112_445
Link, 0, MPI_LINK, 0.007142, 0.009803, 0.002661, PTP, "rank-114", "rank-0", 115_1_-112_421
Link, 0, MPI_LINK, 0.009235, 0.009803, 0.000568, PTP, "rank-15", "rank-0", 16_1_-112_718
Link, 0, MPI_LINK, 0.007935, 0.009803, 0.001868, PTP, "rank-23", "rank-0", 24_1_-112_590
Link, 0, MPI_LINK, 0.007770, 0.009803, 0.002033, PTP, "rank-27", "rank-0", 28_1_-112_538
Link, 0, MPI_LINK, 0.007827, 0.009803, 0.001976, PTP, "rank-29", "rank-0", 30_1_-112_553
Link, 0, MPI_LINK, 0.007143, 0.009803, 0.002660, PTP, "rank-39", "rank-0", 40_1_-112_423
Link, 0, MPI_LINK, 0.006848, 0.009803, 0.002955, PTP, "rank-43", "rank-0", 44_1_-112_403
Link, 0, MPI_LINK, 0.006789, 0.009803, 0.003014, PTP, "rank-45", "rank-0", 46_1_-112_400
Link, 0, MPI_LINK, 0.006777, 0.009803, 0.003026, PTP, "rank-51", "rank-0", 52_1_-112_385
Link, 0, MPI_LINK, 0.007142, 0.009803, 0.002661, PTP, "rank-53", "rank-0", 54_1_-112_422
Link, 0, MPI_LINK, 0.008193, 0.009803, 0.001610, PTP, "rank-57", "rank-0", 58_1_-112_652
Link, 0, MPI_LINK, 0.007742, 0.009803, 0.002061, PTP, "rank-71", "rank-0", 72_1_-112_526
Link, 0, MPI_LINK, 0.007146, 0.009803, 0.002657, PTP, "rank-75", "rank-0", 76_1_-112_426
Link, 0, MPI_LINK, 0.007106, 0.009803, 0.002697, PTP, "rank-77", "rank-0", 78_1_-112_415
Link, 0, MPI_LINK, 0.007333, 0.009803, 0.002470, PTP, "rank-83", "rank-0", 84_1_-112_460
Link, 0, MPI_LINK, 0.007360, 0.009803, 0.002443, PTP, "rank-85", "rank-0", 86_1_-112_466
Link, 0, MPI_LINK, 0.007501, 0.009803, 0.002302, PTP, "rank-89", "rank-0", 90_1_-112_490
Link, 0, MPI_LINK, 0.007890, 0.009803, 0.001913, PTP, "rank-99", "rank-0", 100_1_-112_556
Link, 0, MPI_LINK, 0.008230, 0.009803, 0.001573, PTP, "rank-101", "rank-0", 102_1_-112_658
Link, 0, MPI_LINK, 0.008203, 0.009803, 0.001600, PTP, "rank-105", "rank-0", 106_1_-112_655
Link, 0, MPI_LINK, 0.007943, 0.009803, 0.001860, PTP, "rank-113", "rank-0", 114_1_-112_598
Link, 0, MPI_LINK, 0.007906, 0.009803, 0.001897, PTP, "rank-124", "rank-0", 125_1_-112_569
Link, 0, MPI_LINK, 0.008785, 0.009803, 0.001018, PTP, "rank-94", "rank-0", 95_1_-112_691
Link, 0, MPI_LINK, 0.008294, 0.009803, 0.001509, PTP, "rank-110", "rank-0", 111_1_-112_661
Link, 0, MPI_LINK, 0.008182, 0.009803, 0.001621, PTP, "rank-118", "rank-0", 119_1_-112_647
Link, 0, MPI_LINK, 0.008381, 0.009803, 0.001422, PTP, "rank-122", "rank-0", 123_1_-112_667
Link, 0, MPI_LINK, 0.009591, 0.009803, 0.000212, PTP, "rank-31", "rank-0", 32_1_-112_731
Link, 0, MPI_LINK, 0.007484, 0.009803, 0.002319, PTP, "rank-47", "rank-0", 48_1_-112_487
Link, 0, MPI_LINK, 0.008154, 0.009803, 0.001649, PTP, "rank-55", "rank-0", 56_1_-112_634
Link, 0, MPI_LINK, 0.007919, 0.009803, 0.001884, PTP, "rank-59", "rank-0", 60_1_-112_577
Link, 0, MPI_LINK, 0.008130, 0.009803, 0.001673, PTP, "rank-61", "rank-0", 62_1_-112_626
Link, 0, MPI_LINK, 0.008072, 0.009803, 0.001731, PTP, "rank-79", "rank-0", 80_1_-112_616
Link, 0, MPI_LINK, 0.007456, 0.009803, 0.002347, PTP, "rank-87", "rank-0", 88_1_-112_478
Link, 0, MPI_LINK, 0.007154, 0.009803, 0.002649, PTP, "rank-91", "rank-0", 92_1_-112_435
Link, 0, MPI_LINK, 0.007155, 0.009803, 0.002648, PTP, "rank-93", "rank-0", 94_1_-112_438
Link, 0, MPI_LINK, 0.007692, 0.009803, 0.002111, PTP, "rank-103", "rank-0", 104_1_-112_513
Link, 0, MPI_LINK, 0.006852, 0.009803, 0.002951, PTP, "rank-107", "rank-0", 108_1_-112_405
Link, 0, MPI_LINK, 0.006991, 0.009803, 0.002812, PTP, "rank-109", "rank-0", 110_1_-112_412
Link, 0, MPI_LINK, 0.006773, 0.009803, 0.003030, PTP, "rank-115", "rank-0", 116_1_-112_382
Link, 0, MPI_LINK, 0.006871, 0.009803, 0.002932, PTP, "rank-117", "rank-0", 118_1_-112_409
Link, 0, MPI_LINK, 0.008173, 0.009803, 0.001630, PTP, "rank-121", "rank-0", 122_1_-112_643
Link, 0, MPI_LINK, 0.008571, 0.009803, 0.001232, PTP, "rank-95", "rank-0", 96_1_-112_684
Link, 0, MPI_LINK, 0.007961, 0.009803, 0.001842, PTP, "rank-111", "rank-0", 112_1_-112_604
Link, 0, MPI_LINK, 0.007919, 0.009803, 0.001884, PTP, "rank-119", "rank-0", 120_1_-112_578
Link, 0, MPI_LINK, 0.007898, 0.009803, 0.001905, PTP, "rank-123", "rank-0", 124_1_-112_559
Link, 0, MPI_LINK, 0.008180, 0.009803, 0.001623, PTP, "rank-125", "rank-0", 126_1_-112_646
Link, 0, MPI_LINK, 0.009776, 0.009803, 0.000027, PTP, "rank-127", "rank-0", 128_1_-112_741
Link, 0, MPI_LINK, 0.009826, 0.009827, 0.000001, PTP, "rank-63", "rank-0", 64_1_-112_745
Link, 0, MPI_LINK, 0.009832, 0.009832, 0.000000, PTP, "rank-64", "rank-0", 65_1_-112_747
Link, 0, MPI_LINK, 0.009848, 0.009848, 0.000000, PTP, "rank-65", "rank-0", 66_1_-112_751
Link, 0, MPI_LINK, 0.009869, 0.009870, 0.000001, PTP, "rank-126", "rank-0", 127_1_-112_754
Link, 0, MPI_LINK, 0.009882, 0.009883, 0.000001, PTP, "rank-33", "rank-0", 34_1_-112_757
Link, 0, MPI_LINK, 0.010071, 0.010072, 0.000001, PTP, "rank-62", "rank-0", 63_1_-112_760
Link, 0, MPI_LINK, 0.009774, 0.010075, 0.000301, PTP, "rank-1", "rank-0", 2_1_-112_740
Link, 0, MPI_LINK, 0.009212, 0.010075, 0.000863, PTP, "rank-2", "rank-0", 3_1_-112_716
Link, 0, MPI_LINK, 0.009180, 0.010075, 0.000895, PTP, "rank-4", "rank-0", 5_1_-112_710
Link, 0, MPI_LINK, 0.008975, 0.010075, 0.001100, PTP, "rank-8", "rank-0", 9_1_-112_701
Link, 0, MPI_LINK, 0.009240, 0.010075, 0.000835, PTP, "rank-16", "rank-0", 17_1_-112_721
Link, 0, MPI_LINK, 0.009591, 0.010075, 0.000484, PTP, "rank-32", "rank-0", 33_1_-112_732
Link, 0, MPI_LINK, 0.009834, 0.010075, 0.000241, PTP, "rank-64", "rank-0", 65_1_-112_749
Link, 0, MPI_LINK, 0.008570, 0.010075, 0.001505, PTP, "rank-96", "rank-0", 97_1_-112_683
Link, 0, MPI_LINK, 0.007551, 0.010075, 0.002524, PTP, "rank-48", "rank-0", 49_1_-112_494
Link, 0, MPI_LINK, 0.008087, 0.010075, 0.001988, PTP, "rank-80", "rank-0", 81_1_-112_623
Link, 0, MPI_LINK, 0.007937, 0.010075, 0.002138, PTP, "rank-24", "rank-0", 25_1_-112_592
Link, 0, MPI_LINK, 0.007234, 0.010075, 0.002841, PTP, "rank-40", "rank-0", 41_1_-112_455
Link, 0, MPI_LINK, 0.007754, 0.010075, 0.002321, PTP, "rank-72", "rank-0", 73_1_-112_534
Link, 0, MPI_LINK, 0.007628, 0.010075, 0.002447, PTP, "rank-12", "rank-0", 13_1_-112_503
Link, 0, MPI_LINK, 0.007702, 0.010075, 0.002373, PTP, "rank-20", "rank-0", 21_1_-112_520
Link, 0, MPI_LINK, 0.007906, 0.010075, 0.002169, PTP, "rank-36", "rank-0", 37_1_-112_566
Link, 0, MPI_LINK, 0.008542, 0.010075, 0.001533, PTP, "rank-68", "rank-0", 69_1_-112_674
Link, 0, MPI_LINK, 0.008911, 0.010075, 0.001164, PTP, "rank-6", "rank-0", 7_1_-112_695
Link, 0, MPI_LINK, 0.007756, 0.010075, 0.002319, PTP, "rank-10", "rank-0", 11_1_-112_535
Link, 0, MPI_LINK, 0.008053, 0.010075, 0.002022, PTP, "rank-18", "rank-0", 19_1_-112_614
Link, 0, MPI_LINK, 0.008152, 0.010075, 0.001923, PTP, "rank-34", "rank-0", 35_1_-112_632
Link, 0, MPI_LINK, 0.008552, 0.010075, 0.001523, PTP, "rank-66", "rank-0", 67_1_-112_680
Link, 0, MPI_LINK, 0.009175, 0.010075, 0.000900, PTP, "rank-3", "rank-0", 4_1_-112_707
Link, 0, MPI_LINK, 0.009188, 0.010075, 0.000887, PTP, "rank-5", "rank-0", 6_1_-112_713
Link, 0, MPI_LINK, 0.009080, 0.010075, 0.000995, PTP, "rank-9", "rank-0", 10_1_-112_704
Link, 0, MPI_LINK, 0.009403, 0.010075, 0.000672, PTP, "rank-17", "rank-0", 18_1_-112_728
Link, 0, MPI_LINK, 0.009885, 0.010075, 0.000190, PTP, "rank-33", "rank-0", 34_1_-112_758
Link, 0, MPI_LINK, 0.009852, 0.010075, 0.000223, PTP, "rank-65", "rank-0", 66_1_-112_752
Link, 0, MPI_LINK, 0.007921, 0.010075, 0.002154, PTP, "rank-112", "rank-0", 113_1_-112_580
Link, 0, MPI_LINK, 0.008156, 0.010075, 0.001919, PTP, "rank-56", "rank-0", 57_1_-112_636
Link, 0, MPI_LINK, 0.007467, 0.010075, 0.002608, PTP, "rank-88", "rank-0", 89_1_-112_482
Link, 0, MPI_LINK, 0.007690, 0.010075, 0.002385, PTP, "rank-104", "rank-0", 105_1_-112_512
Link, 0, MPI_LINK, 0.007782, 0.010075, 0.002293, PTP, "rank-28", "rank-0", 29_1_-112_546
Link, 0, MPI_LINK, 0.006778, 0.010075, 0.003297, PTP, "rank-44", "rank-0", 45_1_-112_389
Link, 0, MPI_LINK, 0.006777, 0.010075, 0.003298, PTP, "rank-52", "rank-0", 53_1_-112_387
Link, 0, MPI_LINK, 0.007108, 0.010075, 0.002967, PTP, "rank-76", "rank-0", 77_1_-112_417
Link, 0, MPI_LINK, 0.007375, 0.010075, 0.002700, PTP, "rank-84", "rank-0", 85_1_-112_470
Link, 0, MPI_LINK, 0.007928, 0.010075, 0.002147, PTP, "rank-100", "rank-0", 101_1_-112_587
Link, 0, MPI_LINK, 0.009274, 0.010075, 0.000801, PTP, "rank-14", "rank-0", 15_1_-112_725
Link, 0, MPI_LINK, 0.007945, 0.010075, 0.002130, PTP, "rank-22", "rank-0", 23_1_-112_601
Link, 0, MPI_LINK, 0.007783, 0.010075, 0.002292, PTP, "rank-26", "rank-0", 27_1_-112_548
Link, 0, MPI_LINK, 0.007178, 0.010075, 0.002897, PTP, "rank-38", "rank-0", 39_1_-112_449
Link, 0, MPI_LINK, 0.007190, 0.010075, 0.002885, PTP, "rank-42", "rank-0", 43_1_-112_452
Link, 0, MPI_LINK, 0.007153, 0.010075, 0.002922, PTP, "rank-50", "rank-0", 51_1_-112_434
Link, 0, MPI_LINK, 0.007795, 0.010075, 0.002280, PTP, "rank-70", "rank-0", 71_1_-112_551
Link, 0, MPI_LINK, 0.007444, 0.010075, 0.002631, PTP, "rank-74", "rank-0", 75_1_-112_476
Link, 0, MPI_LINK, 0.007623, 0.010075, 0.002452, PTP, "rank-82", "rank-0", 83_1_-112_500
Link, 0, MPI_LINK, 0.008323, 0.010075, 0.001752, PTP, "rank-98", "rank-0", 99_1_-112_665
Link, 0, MPI_LINK, 0.008967, 0.010075, 0.001108, PTP, "rank-7", "rank-0", 8_1_-112_698
Link, 0, MPI_LINK, 0.007640, 0.010075, 0.002435, PTP, "rank-11", "rank-0", 12_1_-112_506
Link, 0, MPI_LINK, 0.007585, 0.010075, 0.002490, PTP, "rank-13", "rank-0", 14_1_-112_497
Link, 0, MPI_LINK, 0.007708, 0.010075, 0.002367, PTP, "rank-19", "rank-0", 20_1_-112_524
Link, 0, MPI_LINK, 0.007775, 0.010075, 0.002300, PTP, "rank-21", "rank-0", 22_1_-112_541
Link, 0, MPI_LINK, 0.008026, 0.010075, 0.002049, PTP, "rank-25", "rank-0", 26_1_-112_611
Link, 0, MPI_LINK, 0.007905, 0.010075, 0.002170, PTP, "rank-35", "rank-0", 36_1_-112_565
Link, 0, MPI_LINK, 0.007906, 0.010075, 0.002169, PTP, "rank-37", "rank-0", 38_1_-112_567
Link, 0, MPI_LINK, 0.007343, 0.010075, 0.002732, PTP, "rank-41", "rank-0", 42_1_-112_464
Link, 0, MPI_LINK, 0.007651, 0.010075, 0.002424, PTP, "rank-49", "rank-0", 50_1_-112_509
Link, 0, MPI_LINK, 0.008538, 0.010075, 0.001537, PTP, "rank-67", "rank-0", 68_1_-112_671
Link, 0, MPI_LINK, 0.008550, 0.010075, 0.001525, PTP, "rank-69", "rank-0", 70_1_-112_678
Link, 0, MPI_LINK, 0.007748, 0.010075, 0.002327, PTP, "rank-73", "rank-0", 74_1_-112_530
Link, 0, MPI_LINK, 0.008077, 0.010075, 0.001998, PTP, "rank-81", "rank-0", 82_1_-112_619
Link, 0, MPI_LINK, 0.008763, 0.010075, 0.001312, PTP, "rank-97", "rank-0", 98_1_-112_689
Link, 0, MPI_LINK, 0.007940, 0.010076, 0.002136, PTP, "rank-120", "rank-0", 121_1_-112_595
Link, 0, MPI_LINK, 0.007917, 0.010076, 0.002159, PTP, "rank-60", "rank-0", 61_1_-112_575
Link, 0, MPI_LINK, 0.007157, 0.010076, 0.002919, PTP, "rank-92", "rank-0", 93_1_-112_440
Link, 0, MPI_LINK, 0.006780, 0.010076, 0.003296, PTP, "rank-108", "rank-0", 109_1_-112_394
Link, 0, MPI_LINK, 0.006783, 0.010076, 0.003293, PTP, "rank-116", "rank-0", 117_1_-112_398
Link, 0, MPI_LINK, 0.009620, 0.010076, 0.000456, PTP, "rank-30", "rank-0", 31_1_-112_737
Link, 0, MPI_LINK, 0.007438, 0.010076, 0.002638, PTP, "rank-46", "rank-0", 47_1_-112_473
Link, 0, MPI_LINK, 0.008169, 0.010076, 0.001907, PTP, "rank-54", "rank-0", 55_1_-112_641
Link, 0, MPI_LINK, 0.008005, 0.010076, 0.002071, PTP, "rank-58", "rank-0", 59_1_-112_608
Link, 0, MPI_LINK, 0.008130, 0.010076, 0.001946, PTP, "rank-78", "rank-0", 79_1_-112_627
Link, 0, MPI_LINK, 0.007472, 0.010076, 0.002604, PTP, "rank-86", "rank-0", 87_1_-112_485
Link, 0, MPI_LINK, 0.007261, 0.010076, 0.002815, PTP, "rank-90", "rank-0", 91_1_-112_458
Link, 0, MPI_LINK, 0.007701, 0.010076, 0.002375, PTP, "rank-102", "rank-0", 103_1_-112_519
Link, 0, MPI_LINK, 0.007169, 0.010076, 0.002907, PTP, "rank-106", "rank-0", 107_1_-112_446
Link, 0, MPI_LINK, 0.007145, 0.010076, 0.002931, PTP, "rank-114", "rank-0", 115_1_-112_424
Link, 0, MPI_LINK, 0.009239, 0.010076, 0.000837, PTP, "rank-15", "rank-0", 16_1_-112_720
Link, 0, MPI_LINK, 0.007938, 0.010076, 0.002138, PTP, "rank-23", "rank-0", 24_1_-112_593
Link, 0, MPI_LINK, 0.007774, 0.010076, 0.002302, PTP, "rank-27", "rank-0", 28_1_-112_540
Link, 0, MPI_LINK, 0.007829, 0.010076, 0.002247, PTP, "rank-29", "rank-0", 30_1_-112_554
Link, 0, MPI_LINK, 0.007146, 0.010076, 0.002930, PTP, "rank-39", "rank-0", 40_1_-112_427
Link, 0, MPI_LINK, 0.006851, 0.010076, 0.003225, PTP, "rank-43", "rank-0", 44_1_-112_404
Link, 0, MPI_LINK, 0.006791, 0.010076, 0.003285, PTP, "rank-45", "rank-0", 46_1_-112_401
Link, 0, MPI_LINK, 0.006779, 0.010076, 0.003297, PTP, "rank-51", "rank-0", 52_1_-112_390
Link, 0, MPI_LINK, 0.007145, 0.010076, 0.002931, PTP, "rank-53", "rank-0", 54_1_-112_425
Link, 0, MPI_LINK, 0.008195, 0.010076, 0.001881, PTP, "rank-57", "rank-0", 58_1_-112_653
Link, 0, MPI_LINK, 0.007745, 0.010076, 0.002331, PTP, "rank-71", "rank-0", 72_1_-112_527
Link, 0, MPI_LINK, 0.007149, 0.010076, 0.002927, PTP, "rank-75", "rank-0", 76_1_-112_430
Link, 0, MPI_LINK, 0.007109, 0.010076, 0.002967, PTP, "rank-77", "rank-0", 78_1_-112_418
Link, 0, MPI_LINK, 0.007337, 0.010076, 0.002739, PTP, "rank-83", "rank-0", 84_1_-112_461
Link, 0, MPI_LINK, 0.007363, 0.010076, 0.002713, PTP, "rank-85", "rank-0", 86_1_-112_467
Link, 0, MPI_LINK, 0.007503, 0.010076, 0.002573, PTP, "rank-89", "rank-0", 90_1_-112_491
Link, 0, MPI_LINK, 0.007892, 0.010076, 0.002184, PTP, "rank-99", "rank-0", 100_1_-112_557
Link, 0, MPI_LINK, 0.008234, 0.010076, 0.001842, PTP, "rank-101", "rank-0", 102_1_-112_659
Link, 0, MPI_LINK, 0.008206, 0.010076, 0.001870, PTP, "rank-105", "rank-0", 106_1_-112_656
Link, 0, MPI_LINK, 0.007945, 0.010076, 0.002131, PTP, "rank-113", "rank-0", 114_1_-112_600
Link, 0, MPI_LINK, 0.007909, 0.010076, 0.002167, PTP, "rank-124", "rank-0", 125_1_-112_572
Link, 0, MPI_LINK, 0.010073, 0.010076, 0.000003, PTP, "rank-62", "rank-0", 63_1_-112_761
Link, 0, MPI_LINK, 0.008788, 0.010076, 0.001288, PTP, "rank-94", "rank-0", 95_1_-112_692
Link, 0, MPI_LINK, 0.008297, 0.010076, 0.001779, PTP, "rank-110", "rank-0", 111_1_-112_662
Link, 0, MPI_LINK, 0.008184, 0.010076, 0.001892, PTP, "rank-118", "rank-0", 119_1_-112_649
Link, 0, MPI_LINK, 0.008384, 0.010076, 0.001692, PTP, "rank-122", "rank-0", 123_1_-112_668
Link, 0, MPI_LINK, 0.009594, 0.010076, 0.000482, PTP, "rank-31", "rank-0", 32_1_-112_734
Link, 0, MPI_LINK, 0.007487, 0.010076, 0.002589, PTP, "rank-47", "rank-0", 48_1_-112_488
Link, 0, MPI_LINK, 0.008158, 0.010076, 0.001918, PTP, "rank-55", "rank-0", 56_1_-112_638
Link, 0, MPI_LINK, 0.007923, 0.010076, 0.002153, PTP, "rank-59", "rank-0", 60_1_-112_582
Link, 0, MPI_LINK, 0.008132, 0.010076, 0.001944, PTP, "rank-61", "rank-0", 62_1_-112_628
Link, 0, MPI_LINK, 0.008077, 0.010076, 0.001999, PTP, "rank-79", "rank-0", 80_1_-112_618
Link, 0, MPI_LINK, 0.007460, 0.010076, 0.002616, PTP, "rank-87", "rank-0", 88_1_-112_479
Link, 0, MPI_LINK, 0.007157, 0.010076, 0.002919, PTP, "rank-91", "rank-0", 92_1_-112_439
Link, 0, MPI_LINK, 0.007158, 0.010076, 0.002918, PTP, "rank-93", "rank-0", 94_1_-112_441
Link, 0, MPI_LINK, 0.007695, 0.010076, 0.002381, PTP, "rank-103", "rank-0", 104_1_-112_515
Link, 0, MPI_LINK, 0.006854, 0.010076, 0.003222, PTP, "rank-107", "rank-0", 108_1_-112_407
Link, 0, MPI_LINK, 0.006993, 0.010076, 0.003083, PTP, "rank-109", "rank-0", 110_1_-112_413
Link, 0, MPI_LINK, 0.006777, 0.010076, 0.003299, PTP, "rank-115", "rank-0", 116_1_-112_386
Link, 0, MPI_LINK, 0.006873, 0.010076, 0.003203, PTP, "rank-117", "rank-0", 118_1_-112_410
Link, 0, MPI_LINK, 0.008176, 0.010076, 0.001900, PTP, "rank-121", "rank-0", 122_1_-112_644
Link, 0, MPI_LINK, 0.009873, 0.010076, 0.000203, PTP, "rank-126", "rank-0", 127_1_-112_755
Link, 0, MPI_LINK, 0.009831, 0.010076, 0.000245, PTP, "rank-63", "rank-0", 64_1_-112_746
Link, 0, MPI_LINK, 0.008573, 0.010076, 0.001503, PTP, "rank-95", "rank-0", 96_1_-112_686
Link, 0, MPI_LINK, 0.007964, 0.010076, 0.002112, PTP, "rank-111", "rank-0", 112_1_-112_605
Link, 0, MPI_LINK, 0.007921, 0.010076, 0.002155, PTP, "rank-119", "rank-0", 120_1_-112_581
Link, 0, MPI_LINK, 0.007901, 0.010076, 0.002175, PTP, "rank-123", "rank-0", 124_1_-112_560
Link, 0, MPI_LINK, 0.008183, 0.010076, 0.001893, PTP, "rank-125", "rank-0", 126_1_-112_648
Link, 0, MPI_LINK, 0.009778, 0.010076, 0.000298, PTP, "rank-127", "rank-0", 128_1_-112_743
Link, 0, MPI_LINK, 0.009778, 0.010078, 0.000300, PTP, "rank-1", "rank-0", 2_1_-778_742
Link, 0, MPI_LINK, 0.009215, 0.010078, 0.000863, PTP, "rank-2", "rank-0", 3_1_-778_717
Link, 0, MPI_LINK, 0.009182, 0.010078, 0.000896, PTP, "rank-4", "rank-0", 5_1_-778_711
Link, 0, MPI_LINK, 0.008976, 0.010078, 0.001102, PTP, "rank-8", "rank-0", 9_1_-778_702
Link, 0, MPI_LINK, 0.009241, 0.010078, 0.000837, PTP, "rank-16", "rank-0", 17_1_-778_722
Link, 0, MPI_LINK, 0.009593, 0.010078, 0.000485, PTP, "rank-32", "rank-0", 33_1_-778_733
Link, 0, MPI_LINK, 0.009836, 0.010078, 0.000242, PTP, "rank-64", "rank-0", 65_1_-778_750
Link, 0, MPI_LINK, 0.008571, 0.010079, 0.001508, PTP, "rank-96", "rank-0", 97_1_-778_685
Link, 0, MPI_LINK, 0.007553, 0.010079, 0.002526, PTP, "rank-48", "rank-0", 49_1_-778_495
Link, 0, MPI_LINK, 0.008088, 0.010079, 0.001991, PTP, "rank-80", "rank-0", 81_1_-778_624
Link, 0, MPI_LINK, 0.007938, 0.010079, 0.002141, PTP, "rank-24", "rank-0", 25_1_-778_594
Link, 0, MPI_LINK, 0.007236, 0.010079, 0.002843, PTP, "rank-40", "rank-0", 41_1_-778_456
Link, 0, MPI_LINK, 0.007756, 0.010079, 0.002323, PTP, "rank-72", "rank-0", 73_1_-778_536
Link, 0, MPI_LINK, 0.007630, 0.010079, 0.002449, PTP, "rank-12", "rank-0", 13_1_-778_504
Link, 0, MPI_LINK, 0.007704, 0.010079, 0.002375, PTP, "rank-20", "rank-0", 21_1_-778_523
Link, 0, MPI_LINK, 0.007908, 0.010079, 0.002171, PTP, "rank-36", "rank-0", 37_1_-778_570
Link, 0, MPI_LINK, 0.008544, 0.010079, 0.001535, PTP, "rank-68", "rank-0", 69_1_-778_675
Link, 0, MPI_LINK, 0.008913, 0.010079, 0.001166, PTP, "rank-6", "rank-0", 7_1_-778_696
Link, 0, MPI_LINK, 0.007758, 0.010079, 0.002321, PTP, "rank-10", "rank-0", 11_1_-778_537
Link, 0, MPI_LINK, 0.008055, 0.010079, 0.002024, PTP, "rank-18", "rank-0", 19_1_-778_615
Link, 0, MPI_LINK, 0.008155, 0.010079, 0.001924, PTP, "rank-34", "rank-0", 35_1_-778_635
Link, 0, MPI_LINK, 0.008554, 0.010079, 0.001525, PTP, "rank-66", "rank-0", 67_1_-778_681
Link, 0, MPI_LINK, 0.009178, 0.010079, 0.000901, PTP, "rank-3", "rank-0", 4_1_-778_709
Link, 0, MPI_LINK, 0.009190, 0.010079, 0.000889, PTP, "rank-5", "rank-0", 6_1_-778_714
Link, 0, MPI_LINK, 0.009082, 0.010079, 0.000997, PTP, "rank-9", "rank-0", 10_1_-778_705
Link, 0, MPI_LINK, 0.009405, 0.010079, 0.000674, PTP, "rank-17", "rank-0", 18_1_-778_729
Link, 0, MPI_LINK, 0.009887, 0.010079, 0.000192, PTP, "rank-33", "rank-0", 34_1_-778_759
Link, 0, MPI_LINK, 0.009853, 0.010079, 0.000226, PTP, "rank-65", "rank-0", 66_1_-778_753
Link, 0, MPI_LINK, 0.007924, 0.010079, 0.002155, PTP, "rank-112", "rank-0", 113_1_-778_584
Link, 0, MPI_LINK, 0.008157, 0.010079, 0.001922, PTP, "rank-56", "rank-0", 57_1_-778_637
Link, 0, MPI_LINK, 0.007469, 0.010079, 0.002610, PTP, "rank-88", "rank-0", 89_1_-778_483
Link, 0, MPI_LINK, 0.007692, 0.010079, 0.002387, PTP, "rank-104", "rank-0", 105_1_-778_514
Link, 0, MPI_LINK, 0.007783, 0.010079, 0.002296, PTP, "rank-28", "rank-0", 29_1_-778_547
Link, 0, MPI_LINK, 0.006780, 0.010079, 0.003299, PTP, "rank-44", "rank-0", 45_1_-778_395
Link, 0, MPI_LINK, 0.006779, 0.010079, 0.003300, PTP, "rank-52", "rank-0", 53_1_-778_392
Link, 0, MPI_LINK, 0.007111, 0.010079, 0.002968, PTP, "rank-76", "rank-0", 77_1_-778_419
Link, 0, MPI_LINK, 0.007377, 0.010079, 0.002702, PTP, "rank-84", "rank-0", 85_1_-778_471
Link, 0, MPI_LINK, 0.007930, 0.010079, 0.002149, PTP, "rank-100", "rank-0", 101_1_-778_588
Link, 0, MPI_LINK, 0.009276, 0.010079, 0.000803, PTP, "rank-14", "rank-0", 15_1_-778_726
Link, 0, MPI_LINK, 0.007947, 0.010079, 0.002132, PTP, "rank-22", "rank-0", 23_1_-778_603
Link, 0, MPI_LINK, 0.007786, 0.010079, 0.002293, PTP, "rank-26", "rank-0", 27_1_-778_549
Link, 0, MPI_LINK, 0.007180, 0.010079, 0.002899, PTP, "rank-38", "rank-0", 39_1_-778_450
Link, 0, MPI_LINK, 0.007193, 0.010079, 0.002886, PTP, "rank-42", "rank-0", 43_1_-778_453
Link, 0, MPI_LINK, 0.007154, 0.010079, 0.002925, PTP, "rank-50", "rank-0", 51_1_-778_436
Link, 0, MPI_LINK, 0.007796, 0.010079, 0.002283, PTP, "rank-70", "rank-0", 71_1_-778_552
Link, 0, MPI_LINK, 0.007446, 0.010079, 0.002633, PTP, "rank-74", "rank-0", 75_1_-778_477
Link, 0, MPI_LINK, 0.007627, 0.010079, 0.002452, PTP, "rank-82", "rank-0", 83_1_-778_502
Link, 0, MPI_LINK, 0.008325, 0.010079, 0.001754, PTP, "rank-98", "rank-0", 99_1_-778_666
Link, 0, MPI_LINK, 0.008969, 0.010079, 0.001110, PTP, "rank-7", "rank-0", 8_1_-778_699
Link, 0, MPI_LINK, 0.007642, 0.010079, 0.002437, PTP, "rank-11", "rank-0", 12_1_-778_507
Link, 0, MPI_LINK, 0.007587, 0.010079, 0.002492, PTP, "rank-13", "rank-0", 14_1_-778_498
Link, 0, MPI_LINK, 0.007709, 0.010079, 0.002370, PTP, "rank-19", "rank-0", 20_1_-778_525
Link, 0, MPI_LINK, 0.007777, 0.010079, 0.002302, PTP, "rank-21", "rank-0", 22_1_-778_543
Link, 0, MPI_LINK, 0.008028, 0.010079, 0.002051, PTP, "rank-25", "rank-0", 26_1_-778_612
Link, 0, MPI_LINK, 0.007906, 0.010079, 0.002173, PTP, "rank-35", "rank-0", 36_1_-778_568
Link, 0, MPI_LINK, 0.007908, 0.010079, 0.002171, PTP, "rank-37", "rank-0", 38_1_-778_571
Link, 0, MPI_LINK, 0.007346, 0.010079, 0.002733, PTP, "rank-41", "rank-0", 42_1_-778_465
Link, 0, MPI_LINK, 0.007653, 0.010079, 0.002426, PTP, "rank-49", "rank-0", 50_1_-778_510
Link, 0, MPI_LINK, 0.008540, 0.010079, 0.001539, PTP, "rank-67", "rank-0", 68_1_-778_673
Link, 0, MPI_LINK, 0.008551, 0.010079, 0.001528, PTP, "rank-69", "rank-0", 70_1_-778_679
Link, 0, MPI_LINK, 0.007750, 0.010079, 0.002329, PTP, "rank-73", "rank-0", 74_1_-778_531
Link, 0, MPI_LINK, 0.008078, 0.010079, 0.002001, PTP, "rank-81", "rank-0", 82_1_-778_620
Link, 0, MPI_LINK, 0.008766, 0.010079, 0.001313, PTP, "rank-97", "rank-0", 98_1_-778_690
Link, 0, MPI_LINK, 0.007942, 0.010079, 0.002137, PTP, "rank-120", "rank-0", 121_1_-778_597
Link, 0, MPI_LINK, 0.007920, 0.010079, 0.002159, PTP, "rank-60", "rank-0", 61_1_-778_579
Link, 0, MPI_LINK, 0.007159, 0.010079, 0.002920, PTP, "rank-92", "rank-0", 93_1_-778_443
Link, 0, MPI_LINK, 0.006782, 0.010079, 0.003297, PTP, "rank-108", "rank-0", 109_1_-778_397
Link, 0, MPI_LINK, 0.006785, 0.010079, 0.003294, PTP, "rank-116", "rank-0", 117_1_-778_399
Link, 0, MPI_LINK, 0.009623, 0.010079, 0.000456, PTP, "rank-30", "rank-0", 31_1_-778_738
Link, 0, MPI_LINK, 0.007440, 0.010079, 0.002639, PTP, "rank-46", "rank-0", 47_1_-778_474
Link, 0, MPI_LINK, 0.008173, 0.010079, 0.001906, PTP, "rank-54", "rank-0", 55_1_-778_642
Link, 0, MPI_LINK, 0.008006, 0.010079, 0.002073, PTP, "rank-58", "rank-0", 59_1_-778_609
Link, 0, MPI_LINK, 0.008133, 0.010079, 0.001946, PTP, "rank-78", "rank-0", 79_1_-778_629
Link, 0, MPI_LINK, 0.007474, 0.010079, 0.002605, PTP, "rank-86", "rank-0", 87_1_-778_486
Link, 0, MPI_LINK, 0.007263, 0.010079, 0.002816, PTP, "rank-90", "rank-0", 91_1_-778_459
Link, 0, MPI_LINK, 0.007703, 0.010079, 0.002376, PTP, "rank-102", "rank-0", 103_1_-778_521
Link, 0, MPI_LINK, 0.007171, 0.010079, 0.002908, PTP, "rank-106", "rank-0", 107_1_-778_447
Link, 0, MPI_LINK, 0.007147, 0.010079, 0.002932, PTP, "rank-114", "rank-0", 115_1_-778_428
Link, 0, MPI_LINK, 0.009241, 0.010079, 0.000838, PTP, "rank-15", "rank-0", 16_1_-778_723
Link, 0, MPI_LINK, 0.007940, 0.010079, 0.002139, PTP, "rank-23", "rank-0", 24_1_-778_596
Link, 0, MPI_LINK, 0.007776, 0.010079, 0.002303, PTP, "rank-27", "rank-0", 28_1_-778_542
Link, 0, MPI_LINK, 0.007831, 0.010079, 0.002248, PTP, "rank-29", "rank-0", 30_1_-778_555
Link, 0, MPI_LINK, 0.007149, 0.010079, 0.002930, PTP, "rank-39", "rank-0", 40_1_-778_431
Link, 0, MPI_LINK, 0.006853, 0.010079, 0.003226, PTP, "rank-43", "rank-0", 44_1_-778_406
Link, 0, MPI_LINK, 0.006793, 0.010079, 0.003286, PTP, "rank-45", "rank-0", 46_1_-778_402
Link, 0, MPI_LINK, 0.006781, 0.010079, 0.003298, PTP, "rank-51", "rank-0", 52_1_-778_396
Link, 0, MPI_LINK, 0.007147, 0.010079, 0.002932, PTP, "rank-53", "rank-0", 54_1_-778_429
Link, 0, MPI_LINK, 0.008197, 0.010079, 0.001882, PTP, "rank-57", "rank-0", 58_1_-778_654
Link, 0, MPI_LINK, 0.007747, 0.010079, 0.002332, PTP, "rank-71", "rank-0", 72_1_-778_529
Link, 0, MPI_LINK, 0.007151, 0.010079, 0.002928, PTP, "rank-75", "rank-0", 76_1_-778_432
Link, 0, MPI_LINK, 0.007111, 0.010079, 0.002968, PTP, "rank-77", "rank-0", 78_1_-778_420
Link, 0, MPI_LINK, 0.007339, 0.010079, 0.002740, PTP, "rank-83", "rank-0", 84_1_-778_462
Link, 0, MPI_LINK, 0.007365, 0.010079, 0.002714, PTP, "rank-85", "rank-0", 86_1_-778_468
Link, 0, MPI_LINK, 0.007505, 0.010079, 0.002574, PTP, "rank-89", "rank-0", 90_1_-778_492
Link, 0, MPI_LINK, 0.007894, 0.010079, 0.002185, PTP, "rank-99", "rank-0", 100_1_-778_558
Link, 0, MPI_LINK, 0.008235, 0.010079, 0.001844, PTP, "rank-101", "rank-0", 102_1_-778_660
Link, 0, MPI_LINK, 0.008207, 0.010079, 0.001872, PTP, "rank-105", "rank-0", 106_1_-778_657
Link, 0, MPI_LINK, 0.007946, 0.010079, 0.002133, PTP, "rank-113", "rank-0", 114_1_-778_602
Link, 0, MPI_LINK, 0.007912, 0.010079, 0.002167, PTP, "rank-124", "rank-0", 125_1_-778_573
Link, 0, MPI_LINK, 0.010075, 0.010079, 0.000004, PTP, "rank-62", "rank-0", 63_1_-778_762
Link, 0, MPI_LINK, 0.008791, 0.010079, 0.001288, PTP, "rank-94", "rank-0", 95_1_-778_693
Link, 0, MPI_LINK, 0.008300, 0.010079, 0.001779, PTP, "rank-110", "rank-0", 111_1_-778_663
Link, 0, MPI_LINK, 0.008186, 0.010079, 0.001893, PTP, "rank-118", "rank-0", 119_1_-778_651
Link, 0, MPI_LINK, 0.008386, 0.010079, 0.001693, PTP, "rank-122", "rank-0", 123_1_-778_669
Link, 0, MPI_LINK, 0.009596, 0.010079, 0.000483, PTP, "rank-31", "rank-0", 32_1_-778_735
Link, 0, MPI_LINK, 0.007489, 0.010079, 0.002590, PTP, "rank-47", "rank-0", 48_1_-778_489
Link, 0, MPI_LINK, 0.008159, 0.010079, 0.001920, PTP, "rank-55", "rank-0", 56_1_-778_639
Link, 0, MPI_LINK, 0.007925, 0.010079, 0.002154, PTP, "rank-59", "rank-0", 60_1_-778_586
Link, 0, MPI_LINK, 0.008134, 0.010079, 0.001945, PTP, "rank-61", "rank-0", 62_1_-778_630
Link, 0, MPI_LINK, 0.008079, 0.010079, 0.002000, PTP, "rank-79", "rank-0", 80_1_-778_621
Link, 0, MPI_LINK, 0.007463, 0.010079, 0.002616, PTP, "rank-87", "rank-0", 88_1_-778_480
Link, 0, MPI_LINK, 0.007159, 0.010079, 0.002920, PTP, "rank-91", "rank-0", 92_1_-778_442
Link, 0, MPI_LINK, 0.007159, 0.010079, 0.002920, PTP, "rank-93", "rank-0", 94_1_-778_444
Link, 0, MPI_LINK, 0.007697, 0.010079, 0.002382, PTP, "rank-103", "rank-0", 104_1_-778_516
Link, 0, MPI_LINK, 0.006855, 0.010079, 0.003224, PTP, "rank-107", "rank-0", 108_1_-778_408
Link, 0, MPI_LINK, 0.006995, 0.010079, 0.003084, PTP, "rank-109", "rank-0", 110_1_-778_414
Link, 0, MPI_LINK, 0.006779, 0.010079, 0.003300, PTP, "rank-115", "rank-0", 116_1_-778_391
Link, 0, MPI_LINK, 0.006875, 0.010079, 0.003204, PTP, "rank-117", "rank-0", 118_1_-778_411
Link, 0, MPI_LINK, 0.008179, 0.010079, 0.001900, PTP, "rank-121", "rank-0", 122_1_-778_645
Link, 0, MPI_LINK, 0.009874, 0.010079, 0.000205, PTP, "rank-126", "rank-0", 127_1_-778_756
Link, 0, MPI_LINK, 0.009833, 0.010079, 0.000246, PTP, "rank-63", "rank-0", 64_1_-778_748
Link, 0, MPI_LINK, 0.008575, 0.010079, 0.001504, PTP, "rank-95", "rank-0", 96_1_-778_687
Link, 0, MPI_LINK, 0.007965, 0.010079, 0.002114, PTP, "rank-111", "rank-0", 112_1_-778_606
Link, 0, MPI_LINK, 0.007923, 0.010079, 0.002156, PTP, "rank-119", "rank-0", 120_1_-778_583
Link, 0, MPI_LINK, 0.007903, 0.010079, 0.002176, PTP, "rank-123", "rank-0", 124_1_-778_563
Link, 0, MPI_LINK, 0.008185, 0.010079, 0.001894, PTP, "rank-125", "rank-0", 126_1_-778_650
Link, 0, MPI_LINK, 0.009780, 0.010080, 0.000300, PTP, "rank-127", "rank-0", 128_1_-778_744
Link, 0, MPI_LINK, 0.010080, 0.010080, 0.000000, PTP, "rank-0", "rank-1", 1_2_-778_763
Link, 0, MPI_LINK, 0.010080, 0.010080, 0.000000, PTP, "rank-0", "rank-2", 1_3_-778_764
Link, 0, MPI_LINK, 0.010080, 0.010080, 0.000000, PTP, "rank-0", "rank-4", 1_5_-778_766
Link, 0, MPI_LINK, 0.010080, 0.010080, 0.000000, PTP, "rank-0", "rank-8", 1_9_-778_770
Link, 0, MPI_LINK, 0.010080, 0.010080, 0.000000, PTP, "rank-0", "rank-16", 1_17_-778_778
Link, 0, MPI_LINK, 0.010080, 0.010080, 0.000000, PTP, "rank-0", "rank-32", 1_33_-778_794
Link, 0, MPI_LINK, 0.010080, 0.010080, 0.000000, PTP, "rank-0", "rank-64", 1_65_-778_826
Link, 0, MPI_LINK, 0.010080, 0.010080, 0.000000, PTP, "rank-0", "rank-96", 1_97_-778_858
Link, 0, MPI_LINK, 0.010080, 0.010080, 0.000000, PTP, "rank-0", "rank-80", 1_81_-778_842
Link, 0, MPI_LINK, 0.010080, 0.010080, 0.000000, PTP, "rank-0", "rank-48", 1_49_-778_810
Link, 0, MPI_LINK, 0.010080, 0.010080, 0.000000, PTP, "rank-0", "rank-72", 1_73_-778_834
Link, 0, MPI_LINK, 0.010080, 0.010080, 0.000000, PTP, "rank-0", "rank-40", 1_41_-778_802
Link, 0, MPI_LINK, 0.010080, 0.010080, 0.000000, PTP, "rank-0", "rank-24", 1_25_-778_786
Link, 0, MPI_LINK, 0.010080, 0.010080, 0.000000, PTP, "rank-0", "rank-68", 1_69_-778_830
Link, 0, MPI_LINK, 0.010080, 0.010080, 0.000000, PTP, "rank-0", "rank-36", 1_37_-778_798
Link, 0, MPI_LINK, 0.010080, 0.010080, 0.000000, PTP, "rank-0", "rank-20", 1_21_-778_782
Link, 0, MPI_LINK, 0.010080, 0.010080, 0.000000, PTP, "rank-0", "rank-12", 1_13_-778_774
Link, 0, MPI_LINK, 0.010080, 0.010080, 0.000000, PTP, "rank-0", "rank-66", 1_67_-778_828
Link, 0, MPI_LINK, 0.010080, 0.010080, 0.000000, PTP, "rank-0", "rank-34", 1_35_-778_796
Link, 0, MPI_LINK, 0.010080, 0.010080, 0.000000, PTP, "rank-0", "rank-18", 1_19_-778_780
Link, 0, MPI_LINK, 0.010080, 0.010080, 0.000000, PTP, "rank-0", "rank-10", 1_11_-778_772
Link, 0, MPI_LINK, 0.010080, 0.010080, 0.000000, PTP, "rank-0", "rank-6", 1_7_-778_768
Link, 0, MPI_LINK, 0.010080, 0.010080, 0.000000, PTP, "rank-0", "rank-65", 1_66_-778_827
Link, 0, MPI_LINK, 0.010080, 0.010080, 0.000000, PTP, "rank-0", "rank-33", 1_34_-778_795
Link, 0, MPI_LINK, 0.010080, 0.010080, 0.000000, PTP, "rank-0", "rank-17", 1_18_-778_779
Link, 0, MPI_LINK, 0.010080, 0.010080, 0.000000, PTP, "rank-0", "rank-9", 1_10_-778_771
Link, 0, MPI_LINK, 0.010080, 0.010080, 0.000000, PTP, "rank-0", "rank-5", 1_6_-778_767
Link, 0, MPI_LINK, 0.010080, 0.010080, 0.000000, PTP, "rank-0", "rank-3", 1_4_-778_765
Link, 0, MPI_LINK, 0.010080, 0.010080, 0.000000, PTP, "rank-0", "rank-112", 1_113_-778_874
Link, 0, MPI_LINK, 0.010080, 0.010080, 0.000000, PTP, "rank-0", "rank-104", 1_105_-778_866
Link, 0, MPI_LINK, 0.010080, 0.010080, 0.000000, PTP, "rank-0", "rank-88", 1_89_-778_850
Link, 0, MPI_LINK, 0.010080, 0.010080, 0.000000, PTP, "rank-0", "rank-56", 1_57_-778_818
Link, 0, MPI_LINK, 0.010080, 0.010080, 0.000000, PTP, "rank-0", "rank-100", 1_101_-778_862
Link, 0, MPI_LINK, 0.010080, 0.010080, 0.000000, PTP, "rank-0", "rank-84", 1_85_-778_846
Link, 0, MPI_LINK, 0.010080, 0.010080, 0.000000, PTP, "rank-0", "rank-76", 1_77_-778_838
Link, 0, MPI_LINK, 0.010080, 0.010080, 0.000000, PTP, "rank-0", "rank-52", 1_53_-778_814
Link, 0, MPI_LINK, 0.010080, 0.010080, 0.000000, PTP, "rank-0", "rank-44", 1_45_-778_806
Link, 0, MPI_LINK, 0.010080, 0.010080, 0.000000, PTP, "rank-0", "rank-28", 1_29_-778_790
Link, 0, MPI_LINK, 0.010080, 0.010080, 0.000000, PTP, "rank-0", "rank-98", 1_99_-778_860
Link, 0, MPI_LINK, 0.010080, 0.010080, 0.000000, PTP, "rank-0", "rank-82", 1_83_-778_844
Link, 0, MPI_LINK, 0.010080, 0.010080, 0.000000, PTP, "rank-0", "rank-74", 1_75_-778_836
Link, 0, MPI_LINK, 0.010080, 0.010080, 0.000000, PTP, "rank-0", "rank-70", 1_71_-778_832
Link, 0, MPI_LINK, 0.010080, 0.010080, 0.000000, PTP, "rank-0", "rank-50", 1_51_-778_812
Link, 0, MPI_LINK, 0.010080, 0.010080, 0.000000, PTP, "rank-0", "rank-42", 1_43_-778_804
Link, 0, MPI_LINK, 0.010080, 0.010080, 0.000000, PTP, "rank-0", "rank-38", 1_39_-778_800
Link, 0, MPI_LINK, 0.010080, 0.010080, 0.000000, PTP, "rank-0", "rank-26", 1_27_-778_788
Link, 0, MPI_LINK, 0.010080, 0.010080, 0.000000, PTP, "rank-0", "rank-22", 1_23_-778_784
Link, 0, MPI_LINK, 0.010080, 0.010080, 0.000000, PTP, "rank-0", "rank-14", 1_15_-778_776
Link, 0, MPI_LINK, 0.010080, 0.010080, 0.000000, PTP, "rank-0", "rank-97", 1_98_-778_859
Link, 0, MPI_LINK, 0.010080, 0.010080, 0.000000, PTP, "rank-0", "rank-81", 1_82_-778_843
Link, 0, MPI_LINK, 0.010080, 0.010080, 0.000000, PTP, "rank-0", "rank-73", 1_74_-778_835
Link, 0, MPI_LINK, 0.010080, 0.010080, 0.000000, PTP, "rank-0", "rank-69", 1_70_-778_831
Link, 0, MPI_LINK, 0.010080, 0.010080, 0.000000, PTP, "rank-0", "rank-67", 1_68_-778_829
Link, 0, MPI_LINK, 0.010080, 0.010080, 0.000000, PTP, "rank-0", "rank-49", 1_50_-778_811
Link, 0, MPI_LINK, 0.010080, 0.010080, 0.000000, PTP, "rank-0", "rank-41", 1_42_-778_803
Link, 0, MPI_LINK, 0.010080, 0.010080, 0.000000, PTP, "rank-0", "rank-37", 1_38_-778_799
Link, 0, MPI_LINK, 0.010080, 0.010080, 0.000000, PTP, "rank-0", "rank-35", 1_36_-778_797
Link, 0, MPI_LINK, 0.010080, 0.010080, 0.000000, PTP, "rank-0", "rank-25", 1_26_-778_787
Link, 0, MPI_LINK, 0.010080, 0.010080, 0.000000, PTP, "rank-0", "rank-21", 1_22_-778_783
Link, 0, MPI_LINK, 0.010080, 0.010080, 0.000000, PTP, "rank-0", "rank-19", 1_20_-778_781
Link, 0, MPI_LINK, 0.010080, 0.010080, 0.000000, PTP, "rank-0", "rank-13", 1_14_-778_775
Link, 0, MPI_LINK, 0.010080, 0.010080, 0.000000, PTP, "rank-0", "rank-11", 1_12_-778_773
Link, 0, MPI_LINK, 0.010080, 0.010080, 0.000000, PTP, "rank-0", "rank-7", 1_8_-778_769
Link, 0, MPI_LINK, 0.010080, 0.010080, 0.000000, PTP, "rank-0", "rank-120", 1_121_-778_882
Link, 0, MPI_LINK, 0.010080, 0.010080, 0.000000, PTP, "rank-0", "rank-116", 1_117_-778_878
Link, 0, MPI_LINK, 0.010080, 0.010080, 0.000000, PTP, "rank-0", "rank-108", 1_109_-778_870
Link, 0, MPI_LINK, 0.010080, 0.010080, 0.000000, PTP, "rank-0", "rank-92", 1_93_-778_854
Link, 0, MPI_LINK, 0.010080, 0.010080, 0.000000, PTP, "rank-0", "rank-60", 1_61_-778_822
Link, 0, MPI_LINK, 0.010080, 0.010080, 0.000000, PTP, "rank-0", "rank-114", 1_115_-778_876
Link, 0, MPI_LINK, 0.010080, 0.010080, 0.000000, PTP, "rank-0", "rank-106", 1_107_-778_868
Link, 0, MPI_LINK, 0.010080, 0.010080, 0.000000, PTP, "rank-0", "rank-102", 1_103_-778_864
Link, 0, MPI_LINK, 0.010080, 0.010080, 0.000000, PTP, "rank-0", "rank-90", 1_91_-778_852
Link, 0, MPI_LINK, 0.010080, 0.010080, 0.000000, PTP, "rank-0", "rank-86", 1_87_-778_848
Link, 0, MPI_LINK, 0.010080, 0.010080, 0.000000, PTP, "rank-0", "rank-78", 1_79_-778_840
Link, 0, MPI_LINK, 0.010080, 0.010080, 0.000000, PTP, "rank-0", "rank-58", 1_59_-778_820
Link, 0, MPI_LINK, 0.010080, 0.010080, 0.000000, PTP, "rank-0", "rank-54", 1_55_-778_816
Link, 0, MPI_LINK, 0.010080, 0.010080, 0.000000, PTP, "rank-0", "rank-46", 1_47_-778_808
Link, 0, MPI_LINK, 0.010080, 0.010080, 0.000000, PTP, "rank-0", "rank-30", 1_31_-778_792
Link, 0, MPI_LINK, 0.010080, 0.010080, 0.000000, PTP, "rank-0", "rank-113", 1_114_-778_875
Link, 0, MPI_LINK, 0.010080, 0.010080, 0.000000, PTP, "rank-0", "rank-105", 1_106_-778_867
Link, 0, MPI_LINK, 0.010080, 0.010080, 0.000000, PTP, "rank-0", "rank-101", 1_102_-778_863
Link, 0, MPI_LINK, 0.010080, 0.010080, 0.000000, PTP, "rank-0", "rank-99", 1_100_-778_861
Link, 0, MPI_LINK, 0.010080, 0.010080, 0.000000, PTP, "rank-0", "rank-89", 1_90_-778_851
Link, 0, MPI_LINK, 0.010080, 0.010080, 0.000000, PTP, "rank-0", "rank-85", 1_86_-778_847
Link, 0, MPI_LINK, 0.010080, 0.010080, 0.000000, PTP, "rank-0", "rank-83", 1_84_-778_845
Link, 0, MPI_LINK, 0.010080, 0.010080, 0.000000, PTP, "rank-0", "rank-77", 1_78_-778_839
Link, 0, MPI_LINK, 0.010080, 0.010080, 0.000000, PTP, "rank-0", "rank-75", 1_76_-778_837
Link, 0, MPI_LINK, 0.010080, 0.010080, 0.000000, PTP, "rank-0", "rank-71", 1_72_-778_833
Link, 0, MPI_LINK, 0.010080, 0.010080, 0.000000, PTP, "rank-0", "rank-57", 1_58_-778_819
Link, 0, MPI_LINK, 0.010080, 0.010080, 0.000000, PTP, "rank-0", "rank-53", 1_54_-778_815
Link, 0, MPI_LINK, 0.010080, 0.010080, 0.000000, PTP, "rank-0", "rank-51", 1_52_-778_813
Link, 0, MPI_LINK, 0.010080, 0.010080, 0.000000, PTP, "rank-0", "rank-45", 1_46_-778_807
Link, 0, MPI_LINK, 0.010080, 0.010080, 0.000000, PTP, "rank-0", "rank-43", 1_44_-778_805
Link, 0, MPI_LINK, 0.010080, 0.010080, 0.000000, PTP, "rank-0", "rank-39", 1_40_-778_801
Link, 0, MPI_LINK, 0.010080, 0.010080, 0.000000, PTP, "rank-0", "rank-29", 1_30_-778_791
Link, 0, MPI_LINK, 0.010080, 0.010080, 0.000000, PTP, "rank-0", "rank-27", 1_28_-778_789
Link, 0, MPI_LINK, 0.010080, 0.010080, 0.000000, PTP, "rank-0", "rank-23", 1_24_-778_785
Link, 0, MPI_LINK, 0.010080, 0.010080, 0.000000, PTP, "rank-0", "rank-15", 1_16_-778_777
Link, 0, MPI_LINK, 0.010080, 0.010081, 0.000001, PTP, "rank-0", "rank-124", 1_125_-778_886
Link, 0, MPI_LINK, 0.010080, 0.010081, 0.000001, PTP, "rank-0", "rank-122", 1_123_-778_884
Link, 0, MPI_LINK, 0.010080, 0.010081, 0.000001, PTP, "rank-0", "rank-118", 1_119_-778_880
Link, 0, MPI_LINK, 0.010080, 0.010081, 0.000001, PTP, "rank-0", "rank-110", 1_111_-778_872
Link, 0, MPI_LINK, 0.010080, 0.010081, 0.000001, PTP, "rank-0", "rank-94", 1_95_-778_856
Link, 0, MPI_LINK, 0.010080, 0.010081, 0.000001, PTP, "rank-0", "rank-62", 1_63_-778_824
Link, 0, MPI_LINK, 0.010080, 0.010081, 0.000001, PTP, "rank-0", "rank-121", 1_122_-778_883
Link, 0, MPI_LINK, 0.010080, 0.010081, 0.000001, PTP, "rank-0", "rank-117", 1_118_-778_879
Link, 0, MPI_LINK, 0.010080, 0.010081, 0.000001, PTP, "rank-0", "rank-115", 1_116_-778_877
Link, 0, MPI_LINK, 0.010080, 0.010081, 0.000001, PTP, "rank-0", "rank-109", 1_110_-778_871
Link, 0, MPI_LINK, 0.010080, 0.010081, 0.000001, PTP, "rank-0", "rank-107", 1_108_-778_869
Link, 0, MPI_LINK, 0.010080, 0.010081, 0.000001, PTP, "rank-0", "rank-103", 1_104_-778_865
Link, 0, MPI_LINK, 0.010080, 0.010081, 0.000001, PTP, "rank-0", "rank-93", 1_94_-778_855
Link, 0, MPI_LINK, 0.010080, 0.010081, 0.000001, PTP, "rank-0", "rank-91", 1_92_-778_853
Link, 0, MPI_LINK, 0.010080, 0.010081, 0.000001, PTP, "rank-0", "rank-87", 1_88_-778_849
Link, 0, MPI_LINK, 0.010080, 0.010081, 0.000001, PTP, "rank-0", "rank-79", 1_80_-778_841
Link, 0, MPI_LINK, 0.010080, 0.010081, 0.000001, PTP, "rank-0", "rank-61", 1_62_-778_823
Link, 0, MPI_LINK, 0.010080, 0.010081, 0.000001, PTP, "rank-0", "rank-59", 1_60_-778_821
Link, 0, MPI_LINK, 0.010080, 0.010081, 0.000001, PTP, "rank-0", "rank-55", 1_56_-778_817
Link, 0, MPI_LINK, 0.010080, 0.010081, 0.000001, PTP, "rank-0", "rank-47", 1_48_-778_809
Link, 0, MPI_LINK, 0.010080, 0.010081, 0.000001, PTP, "rank-0", "rank-31", 1_32_-778_793
Link, 0, MPI_LINK, 0.010080, 0.010081, 0.000001, PTP, "rank-0", "rank-126", 1_127_-778_888
Link, 0, MPI_LINK, 0.010080, 0.010081, 0.000001, PTP, "rank-0", "rank-125", 1_126_-778_887
Link, 0, MPI_LINK, 0.010080, 0.010081, 0.000001, PTP, "rank-0", "rank-123", 1_124_-778_885
Link, 0, MPI_LINK, 0.010080, 0.010081, 0.000001, PTP, "rank-0", "rank-119", 1_120_-778_881
Link, 0, MPI_LINK, 0.010080, 0.010081, 0.000001, PTP, "rank-0", "rank-111", 1_112_-778_873
Link, 0, MPI_LINK, 0.010080, 0.010081, 0.000001, PTP, "rank-0", "rank-95", 1_96_-778_857
Link, 0, MPI_LINK, 0.010080, 0.010081, 0.000001, PTP, "rank-0", "rank-63", 1_64_-778_825
Link, 0, MPI_LINK, 0.010080, 0.010081, 0.000001, PTP, "rank-0", "rank-127", 1_128_-778_889
Container, 0, MPI, 0, 0.010082, 0.010082, "rank-98"
State, "rank-98", MPI_STATE, 0.000000, 0.000000, 0.000000, 0.000000, PMPI_Init
State, "rank-98", MPI_STATE, 0.000076, 0.000693, 0.000617, 0.000000, PMPI_Barrier
State, "rank-98", MPI_STATE, 0.000697, 0.004901, 0.004204, 0.000000, PMPI_Recv
State, "rank-98", MPI_STATE, 0.008320, 0.008320, 0.000000, 0.000000, PMPI_Reduce
State, "rank-98", MPI_STATE, 0.008323, 0.008323, 0.000000, 0.000000, PMPI_Reduce
State, "rank-98", MPI_STATE, 0.008325, 0.010080, 0.001755, 0.000000, PMPI_Barrier
State, "rank-98", MPI_STATE, 0.010082, 0.010082, 0.000000, 0.000000, PMPI_Finalize
Container, 0, MPI, 0, 0.010082, 0.010082, "rank-97"
State, "rank-97", MPI_STATE, 0.000000, 0.000000, 0.000000, 0.000000, PMPI_Init
State, "rank-97", MPI_STATE, 0.000079, 0.000693, 0.000614, 0.000000, PMPI_Barrier
State, "rank-97", MPI_STATE, 0.000695, 0.005583, 0.004888, 0.000000, PMPI_Recv
State, "rank-97", MPI_STATE, 0.008761, 0.008761, 0.000000, 0.000000, PMPI_Reduce
State, "rank-97", MPI_STATE, 0.008763, 0.008763, 0.000000, 0.000000, PMPI_Reduce
State, "rank-97", MPI_STATE, 0.008766, 0.010080, 0.001314, 0.000000, PMPI_Barrier
State, "rank-97", MPI_STATE, 0.010082, 0.010082, 0.000000, 0.000000, PMPI_Finalize
Container, 0, MPI, 0, 0.010082, 0.010082, "rank-96"
State, "rank-96", MPI_STATE, 0.000000, 0.000000, 0.000000, 0.000000, PMPI_Init
State, "rank-96", MPI_STATE, 0.000077, 0.000693, 0.000616, 0.000000, PMPI_Barrier
State, "rank-96", MPI_STATE, 0.000697, 0.002264, 0.001567, 0.000000, PMPI_Recv
State, "rank-96", MPI_STATE, 0.002266, 0.003020, 0.000754, 0.000000, PMPI_Send
State, "rank-96", MPI_STATE, 0.003022, 0.003732, 0.000710, 0.000000, PMPI_Send
State, "rank-96", MPI_STATE, 0.003734, 0.005206, 0.001472, 0.000000, PMPI_Send
State, "rank-96", MPI_STATE, 0.005208, 0.005583, 0.000375, 0.000000, PMPI_Send
State, "rank-96", MPI_STATE, 0.008567, 0.008567, 0.000000, 0.000000, PMPI_Reduce
State, "rank-96", MPI_STATE, 0.008570, 0.008570, 0.000000, 0.000000, PMPI_Reduce
State, "rank-96", MPI_STATE, 0.008571, 0.010080, 0.001509, 0.000000, PMPI_Barrier
State, "rank-96", MPI_STATE, 0.010082, 0.010082, 0.000000, 0.000000, PMPI_Finalize
Container, 0, MPI, 0, 0.010083, 0.010083, "rank-95"
State, "rank-95", MPI_STATE, 0.000000, 0.000000, 0.000000, 0.000000, PMPI_Init
State, "rank-95", MPI_STATE, 0.000078, 0.000694, 0.000616, 0.000000, PMPI_Barrier
State, "rank-95", MPI_STATE, 0.000698, 0.005206, 0.004508, 0.000000, PMPI_Recv
State, "rank-95", MPI_STATE, 0.005209, 0.005584, 0.000375, 0.000000, PMPI_Send
State, "rank-95", MPI_STATE, 0.008571, 0.008571, 0.000000, 0.000000, PMPI_Reduce
State, "rank-95", MPI_STATE, 0.008573, 0.008573, 0.000000, 0.000000, PMPI_Reduce
State, "rank-95", MPI_STATE, 0.008575, 0.010081, 0.001506, 0.000000, PMPI_Barrier
State, "rank-95", MPI_STATE, 0.010083, 0.010083, 0.000000, 0.000000, PMPI_Finalize
Container, 0, MPI, 0, 0.010083, 0.010083, "rank-94"
State, "rank-94", MPI_STATE, 0.000000, 0.000000, 0.000000, 0.000000, PMPI_Init
State, "rank-94", MPI_STATE, 0.000074, 0.000693, 0.000619, 0.000000, PMPI_Barrier
State, "rank-94", MPI_STATE, 0.000697, 0.005584, 0.004887, 0.000000, PMPI_Recv
State, "rank-94", MPI_STATE, 0.008785, 0.008785, 0.000000, 0.000000, PMPI_Reduce
State, "rank-94", MPI_STATE, 0.008788, 0.008788, 0.000000, 0.000000, PMPI_Reduce
State, "rank-94", MPI_STATE, 0.008791, 0.010081, 0.001290, 0.000000, PMPI_Barrier
State, "rank-94", MPI_STATE, 0.010083, 0.010083, 0.000000, 0.000000, PMPI_Finalize
Container, 0, MPI, 0, 0.010083, 0.010083, "rank-93"
State, "rank-93", MPI_STATE, 0.000000, 0.000000, 0.000000, 0.000000, PMPI_Init
State, "rank-93", MPI_STATE, 0.000082, 0.000693, 0.000611, 0.000000, PMPI_Barrier
State, "rank-93", MPI_STATE, 0.000697, 0.004159, 0.003462, 0.000000, PMPI_Recv
State, "rank-93", MPI_STATE, 0.007155, 0.007155, 0.000000, 0.000000, PMPI_Reduce
State, "rank-93", MPI_STATE, 0.007158, 0.007158, 0.000000, 0.000000, PMPI_Reduce
State, "rank-93", MPI_STATE, 0.007159, 0.010081, 0.002922, 0.000000, PMPI_Barrier
State, "rank-93", MPI_STATE, 0.010083, 0.010083, 0.000000, 0.000000, PMPI_Finalize
Container, 0, MPI, 0, 0.010082, 0.010082, "rank-92"
State, "rank-92", MPI_STATE, 0.000000, 0.000000, 0.000000, 0.000000, PMPI_Init
State, "rank-92", MPI_STATE, 0.000074, 0.000693, 0.000619, 0.000000, PMPI_Barrier
State, "rank-92", MPI_STATE, 0.000698, 0.003780, 0.003082, 0.000000, PMPI_Recv
State, "rank-92", MPI_STATE, 0.003783, 0.004159, 0.000376, 0.000000, PMPI_Send
State, "rank-92", MPI_STATE, 0.007155, 0.007155, 0.000000, 0.000000, PMPI_Reduce
State, "rank-92", MPI_STATE, 0.007157, 0.007157, 0.000000, 0.000000, PMPI_Reduce
State, "rank-92", MPI_STATE, 0.007159, 0.010080, 0.002921, 0.000000, PMPI_Barrier
State, "rank-92", MPI_STATE, 0.010082, 0.010082, 0.000000, 0.000000, PMPI_Finalize
Container, 0, MPI, 0, 0.010083, 0.010083, "rank-91"
State, "rank-91", MPI_STATE, 0.000000, 0.000000, 0.000000, 0.000000, PMPI_Init
State, "rank-91", MPI_STATE, 0.000076, 0.000693, 0.000617, 0.000000, PMPI_Barrier
State, "rank-91", MPI_STATE, 0.000699, 0.003020, 0.002321, 0.000000, PMPI_Recv
State, "rank-91", MPI_STATE, 0.003023, 0.003400, 0.000377, 0.000000, PMPI_Send
State, "rank-91", MPI_STATE, 0.003402, 0.003780, 0.000378, 0.000000, PMPI_Send
State, "rank-91", MPI_STATE, 0.003782, 0.004158, 0.000376, 0.000000, PMPI_Send
State, "rank-91", MPI_STATE, 0.007154, 0.007154, 0.000000, 0.000000, PMPI_Reduce
State, "rank-91", MPI_STATE, 0.007157, 0.007157, 0.000000, 0.000000, PMPI_Reduce
State, "rank-91", MPI_STATE, 0.007159, 0.010081, 0.002922, 0.000000, PMPI_Barrier
State, "rank-91", MPI_STATE, 0.010083, 0.010083, 0.000000, 0.000000, PMPI_Finalize
Container, 0, MPI, 0, 0.010082, 0.010082, "rank-90"
State, "rank-90", MPI_STATE, 0.000000, 0.000000, 0.000000, 0.000000, PMPI_Init
State, "rank-90", MPI_STATE, 0.000077, 0.000693, 0.000616, 0.000000, PMPI_Barrier
State, "rank-90", MPI_STATE, 0.000697, 0.004158, 0.003461, 0.000000, PMPI_Recv
State, "rank-90", MPI_STATE, 0.007258, 0.007258, 0.000000, 0.000000, PMPI_Reduce
State, "rank-90", MPI_STATE, 0.007261, 0.007261, 0.000000, 0.000000, PMPI_Reduce
State, "rank-90", MPI_STATE, 0.007263, 0.010080, 0.002817, 0.000000, PMPI_Barrier
State, "rank-90", MPI_STATE, 0.010082, 0.010082, 0.000000, 0.000000, PMPI_Finalize
Container, 0, MPI, 0, 0.010082, 0.010082, "rank-89"
State, "rank-89", MPI_STATE, 0.000000, 0.000000, 0.000000, 0.000000, PMPI_Init
State, "rank-89", MPI_STATE, 0.000076, 0.000693, 0.000617, 0.000000, PMPI_Barrier
State, "rank-89", MPI_STATE, 0.000695, 0.004460, 0.003765, 0.000000, PMPI_Recv
State, "rank-89", MPI_STATE, 0.007501, 0.007501, 0.000000, 0.000000, PMPI_Reduce
State, "rank-89", MPI_STATE, 0.007503, 0.007503, 0.000000, 0.000000, PMPI_Reduce
State, "rank-89", MPI_STATE, 0.007505, 0.010080, 0.002575, 0.000000, PMPI_Barrier
State, "rank-89", MPI_STATE, 0.010082, 0.010082, 0.000000, 0.000000, PMPI_Finalize
Container, 0, MPI, 0, 0.010082, 0.010082, "rank-8"
State, "rank-8", MPI_STATE, 0.000000, 0.000000, 0.000000, 0.000000, PMPI_Init
State, "rank-8", MPI_STATE, 0.000064, 0.000693, 0.000629, 0.000000, PMPI_Barrier
State, "rank-8", MPI_STATE, 0.000698, 0.003813, 0.003115, 0.000000, PMPI_Recv
State, "rank-8", MPI_STATE, 0.003818, 0.005520, 0.001702, 0.000000, PMPI_Send
State, "rank-8", MPI_STATE, 0.005522, 0.005897, 0.000375, 0.000000, PMPI_Send
State, "rank-8", MPI_STATE, 0.008972, 0.008972, 0.000000, 0.000000, PMPI_Reduce
State, "rank-8", MPI_STATE, 0.008975, 0.008975, 0.000000, 0.000000, PMPI_Reduce
State, "rank-8", MPI_STATE, 0.008976, 0.010080, 0.001104, 0.000000, PMPI_Barrier
State, "rank-8", MPI_STATE, 0.010082, 0.010082, 0.000000, 0.000000, PMPI_Finalize
Container, 0, MPI, 0, 0.010082, 0.010082, "rank-88"
State, "rank-88", MPI_STATE, 0.000000, 0.000000, 0.000000, 0.000000, PMPI_Init
State, "rank-88", MPI_STATE, 0.000075, 0.000693, 0.000618, 0.000000, PMPI_Barrier
State, "rank-88", MPI_STATE, 0.000697, 0.003400, 0.002703, 0.000000, PMPI_Recv
State, "rank-88", MPI_STATE, 0.003403, 0.004083, 0.000680, 0.000000, PMPI_Send
State, "rank-88", MPI_STATE, 0.004085, 0.004460, 0.000375, 0.000000, PMPI_Send
State, "rank-88", MPI_STATE, 0.007464, 0.007464, 0.000000, 0.000000, PMPI_Reduce
State, "rank-88", MPI_STATE, 0.007467, 0.007467, 0.000000, 0.000000, PMPI_Reduce
State, "rank-88", MPI_STATE, 0.007469, 0.010080, 0.002611, 0.000000, PMPI_Barrier
State, "rank-88", MPI_STATE, 0.010082, 0.010082, 0.000000, 0.000000, PMPI_Finalize
Container, 0, MPI, 0, 0.010083, 0.010083, "rank-87"
State, "rank-87", MPI_STATE, 0.000000, 0.000000, 0.000000, 0.000000, PMPI_Init
State, "rank-87", MPI_STATE, 0.000076, 0.000693, 0.000617, 0.000000, PMPI_Barrier
State, "rank-87", MPI_STATE, 0.000699, 0.004083, 0.003384, 0.000000, PMPI_Recv
State, "rank-87", MPI_STATE, 0.004087, 0.004462, 0.000375, 0.000000, PMPI_Send
State, "rank-87", MPI_STATE, 0.007456, 0.007456, 0.000000, 0.000000, PMPI_Reduce
State, "rank-87", MPI_STATE, 0.007460, 0.007460, 0.000000, 0.000000, PMPI_Reduce
State, "rank-87", MPI_STATE, 0.007463, 0.010081, 0.002618, 0.000000, PMPI_Barrier
State, "rank-87", MPI_STATE, 0.010083, 0.010083, 0.000000, 0.000000, PMPI_Finalize
Container, 0, MPI, 0, 0.010082, 0.010082, "rank-86"
State, "rank-86", MPI_STATE, 0.000000, 0.000000, 0.000000, 0.000000, PMPI_Init
State, "rank-86", MPI_STATE, 0.000076, 0.000693, 0.000617, 0.000000, PMPI_Barrier
State, "rank-86", MPI_STATE, 0.000698, 0.004462, 0.003764, 0.000000, PMPI_Recv
State, "rank-86", MPI_STATE, 0.007470, 0.007470, 0.000000, 0.000000, PMPI_Reduce
State, "rank-86", MPI_STATE, 0.007472, 0.007472, 0.000000, 0.000000, PMPI_Reduce
State, "rank-86", MPI_STATE, 0.007474, 0.010080, 0.002606, 0.000000, PMPI_Barrier
State, "rank-86", MPI_STATE, 0.010082, 0.010082, 0.000000, 0.000000, PMPI_Finalize
Container, 0, MPI, 0, 0.010081, 0.010081, "rank-85"
State, "rank-85", MPI_STATE, 0.000000, 0.000000, 0.000000, 0.000000, PMPI_Init
State, "rank-85", MPI_STATE, 0.000074, 0.000693, 0.000619, 0.000000, PMPI_Barrier
State, "rank-85", MPI_STATE, 0.000697, 0.004312, 0.003615, 0.000000, PMPI_Recv
State, "rank-85", MPI_STATE, 0.007360, 0.007360, 0.000000, 0.000000, PMPI_Reduce
State, "rank-85", MPI_STATE, 0.007363, 0.007363, 0.000000, 0.000000, PMPI_Reduce
State, "rank-85", MPI_STATE, 0.007365, 0.010080, 0.002715, 0.000000, PMPI_Barrier
State, "rank-85", MPI_STATE, 0.010081, 0.010081, 0.000000, 0.000000, PMPI_Finalize
Container, 0, MPI, 0, 0.010082, 0.010082, "rank-84"
State, "rank-84", MPI_STATE, 0.000000, 0.000000, 0.000000, 0.000000, PMPI_Init
State, "rank-84", MPI_STATE, 0.000077, 0.000693, 0.000616, 0.000000, PMPI_Barrier
State, "rank-84", MPI_STATE, 0.000697, 0.003933, 0.003236, 0.000000, PMPI_Recv
State, "rank-84", MPI_STATE, 0.003936, 0.004312, 0.000376, 0.000000, PMPI_Send
State, "rank-84", MPI_STATE, 0.007373, 0.007373, 0.000000, 0.000000, PMPI_Reduce
State, "rank-84", MPI_STATE, 0.007375, 0.007375, 0.000000, 0.000000, PMPI_Reduce
State, "rank-84", MPI_STATE, 0.007377, 0.010080, 0.002703, 0.000000, PMPI_Barrier
State, "rank-84", MPI_STATE, 0.010082, 0.010082, 0.000000, 0.000000, PMPI_Finalize
Container, 0, MPI, 0, 0.010082, 0.010082, "rank-83"
State, "rank-83", MPI_STATE, 0.000000, 0.000000, 0.000000, 0.000000, PMPI_Init
State, "rank-83", MPI_STATE, 0.000075, 0.000693, 0.000618, 0.000000, PMPI_Barrier
State, "rank-83", MPI_STATE, 0.000696, 0.003327, 0.002631, 0.000000, PMPI_Recv
State, "rank-83", MPI_STATE, 0.003330, 0.003933, 0.000603, 0.000000, PMPI_Send
State, "rank-83", MPI_STATE, 0.003935, 0.004311, 0.000376, 0.000000, PMPI_Send
State, "rank-83", MPI_STATE, 0.007333, 0.007333, 0.000000, 0.000000, PMPI_Reduce
State, "rank-83", MPI_STATE, 0.007337, 0.007337, 0.000000, 0.000000, PMPI_Reduce
State, "rank-83", MPI_STATE, 0.007339, 0.010080, 0.002741, 0.000000, PMPI_Barrier
State, "rank-83", MPI_STATE, 0.010082, 0.010082, 0.000000, 0.000000, PMPI_Finalize
Container, 0, MPI, 0, 0.010082, 0.010082, "rank-82"
State, "rank-82", MPI_STATE, 0.000000, 0.000000, 0.000000, 0.000000, PMPI_Init
State, "rank-82", MPI_STATE, 0.000074, 0.000693, 0.000619, 0.000000, PMPI_Barrier
State, "rank-82", MPI_STATE, 0.000697, 0.004311, 0.003614, 0.000000, PMPI_Recv
State, "rank-82", MPI_STATE, 0.007620, 0.007620, 0.000000, 0.000000, PMPI_Reduce
State, "rank-82", MPI_STATE, 0.007623, 0.007623, 0.000000, 0.000000, PMPI_Reduce
State, "rank-82", MPI_STATE, 0.007627, 0.010080, 0.002453, 0.000000, PMPI_Barrier
State, "rank-82", MPI_STATE, 0.010082, 0.010082, 0.000000, 0.000000, PMPI_Finalize
Container, 0, MPI, 0, 0.010082, 0.010082, "rank-81"
State, "rank-81", MPI_STATE, 0.000000, 0.000000, 0.000000, 0.000000, PMPI_Init
State, "rank-81", MPI_STATE, 0.000073, 0.000693, 0.000620, 0.000000, PMPI_Barrier
State, "rank-81", MPI_STATE, 0.000697, 0.005049, 0.004352, 0.000000, PMPI_Recv
State, "rank-81", MPI_STATE, 0.008074, 0.008074, 0.000000, 0.000000, PMPI_Reduce
State, "rank-81", MPI_STATE, 0.008077, 0.008077, 0.000000, 0.000000, PMPI_Reduce
State, "rank-81", MPI_STATE, 0.008078, 0.010080, 0.002002, 0.000000, PMPI_Barrier
State, "rank-81", MPI_STATE, 0.010082, 0.010082, 0.000000, 0.000000, PMPI_Finalize
Container, 0, MPI, 0, 0.010082, 0.010082, "rank-80"
State, "rank-80", MPI_STATE, 0.000000, 0.000000, 0.000000, 0.000000, PMPI_Init
State, "rank-80", MPI_STATE, 0.000074, 0.000693, 0.000619, 0.000000, PMPI_Barrier
State, "rank-80", MPI_STATE, 0.000697, 0.002947, 0.002250, 0.000000, PMPI_Recv
State, "rank-80", MPI_STATE, 0.002950, 0.003327, 0.000377, 0.000000, PMPI_Send
State, "rank-80", MPI_STATE, 0.003329, 0.004671, 0.001342, 0.000000, PMPI_Send
State, "rank-80", MPI_STATE, 0.004674, 0.005049, 0.000375, 0.000000, PMPI_Send
State, "rank-80", MPI_STATE, 0.008083, 0.008083, 0.000000, 0.000000, PMPI_Reduce
State, "rank-80", MPI_STATE, 0.008087, 0.008087, 0.000000, 0.000000, PMPI_Reduce
State, "rank-80", MPI_STATE, 0.008088, 0.010080, 0.001992, 0.000000, PMPI_Barrier
State, "rank-80", MPI_STATE, 0.010082, 0.010082, 0.000000, 0.000000, PMPI_Finalize
Container, 0, MPI, 0, 0.010082, 0.010082, "rank-79"
State, "rank-79", MPI_STATE, 0.000000, 0.000000, 0.000000, 0.000000, PMPI_Init
State, "rank-79", MPI_STATE, 0.000080, 0.000693, 0.000613, 0.000000, PMPI_Barrier
State, "rank-79", MPI_STATE, 0.000698, 0.004671, 0.003973, 0.000000, PMPI_Recv
State, "rank-79", MPI_STATE, 0.004673, 0.005048, 0.000375, 0.000000, PMPI_Send
State, "rank-79", MPI_STATE, 0.008072, 0.008072, 0.000000, 0.000000, PMPI_Reduce
State, "rank-79", MPI_STATE, 0.008077, 0.008077, 0.000000, 0.000000, PMPI_Reduce
State, "rank-79", MPI_STATE, 0.008079, 0.010081, 0.002002, 0.000000, PMPI_Barrier
State, "rank-79", MPI_STATE, 0.010082, 0.010082, 0.000000, 0.000000, PMPI_Finalize
Container, 0, MPI, 0, 0.010082, 0.010082, "rank-7"
State, "rank-7", MPI_STATE, 0.000000, 0.000000, 0.000000, 0.000000, PMPI_Init
State, "rank-7", MPI_STATE, 0.000070, 0.000693, 0.000623, 0.000000, PMPI_Barrier
State, "rank-7", MPI_STATE, 0.000696, 0.005520, 0.004824, 0.000000, PMPI_Recv
State, "rank-7", MPI_STATE, 0.005523, 0.005898, 0.000375, 0.000000, PMPI_Send
State, "rank-7", MPI_STATE, 0.008964, 0.008964, 0.000000, 0.000000, PMPI_Reduce
State, "rank-7", MPI_STATE, 0.008967, 0.008967, 0.000000, 0.000000, PMPI_Reduce
State, "rank-7", MPI_STATE, 0.008969, 0.010080, 0.001111, 0.000000, PMPI_Barrier
State, "rank-7", MPI_STATE, 0.010082, 0.010082, 0.000000, 0.000000, PMPI_Finalize
Container, 0, MPI, 0, 0.010082, 0.010082, "rank-78"
State, "rank-78", MPI_STATE, 0.000000, 0.000000, 0.000000, 0.000000, PMPI_Init
State, "rank-78", MPI_STATE, 0.000076, 0.000693, 0.000617, 0.000000, PMPI_Barrier
State, "rank-78", MPI_STATE, 0.000697, 0.005048, 0.004351, 0.000000, PMPI_Recv
State, "rank-78", MPI_STATE, 0.008127, 0.008127, 0.000000, 0.000000, PMPI_Reduce
State, "rank-78", MPI_STATE, 0.008130, 0.008130, 0.000000, 0.000000, PMPI_Reduce
State, "rank-78", MPI_STATE, 0.008133, 0.010080, 0.001947, 0.000000, PMPI_Barrier
State, "rank-78", MPI_STATE, 0.010082, 0.010082, 0.000000, 0.000000, PMPI_Finalize
Container, 0, MPI, 0, 0.010082, 0.010082, "rank-77"
State, "rank-77", MPI_STATE, 0.000000, 0.000000, 0.000000, 0.000000, PMPI_Init
State, "rank-77", MPI_STATE, 0.000074, 0.000693, 0.000619, 0.000000, PMPI_Barrier
State, "rank-77", MPI_STATE, 0.000696, 0.004084, 0.003388, 0.000000, PMPI_Recv
State, "rank-77", MPI_STATE, 0.007106, 0.007106, 0.000000, 0.000000, PMPI_Reduce
State, "rank-77", MPI_STATE, 0.007109, 0.007109, 0.000000, 0.000000, PMPI_Reduce
State, "rank-77", MPI_STATE, 0.007111, 0.010080, 0.002969, 0.000000, PMPI_Barrier
State, "rank-77", MPI_STATE, 0.010082, 0.010082, 0.000000, 0.000000, PMPI_Finalize
Container, 0, MPI, 0, 0.010081, 0.010081, "rank-76"
State, "rank-76", MPI_STATE, 0.000000, 0.000000, 0.000000, 0.000000, PMPI_Init
State, "rank-76", MPI_STATE, 0.000073, 0.000693, 0.000620, 0.000000, PMPI_Barrier
State, "rank-76", MPI_STATE, 0.000696, 0.003705, 0.003009, 0.000000, PMPI_Recv
State, "rank-76", MPI_STATE, 0.003708, 0.004084, 0.000376, 0.000000, PMPI_Send
State, "rank-76", MPI_STATE, 0.007106, 0.007106, 0.000000, 0.000000, PMPI_Reduce
State, "rank-76", MPI_STATE, 0.007108, 0.007108, 0.000000, 0.000000, PMPI_Reduce
State, "rank-76", MPI_STATE, 0.007111, 0.010080, 0.002969, 0.000000, PMPI_Barrier
State, "rank-76", MPI_STATE, 0.010081, 0.010081, 0.000000, 0.000000, PMPI_Finalize
Container, 0, MPI, 0, 0.010081, 0.010081, "rank-75"
State, "rank-75", MPI_STATE, 0.000000, 0.000000, 0.000000, 0.000000, PMPI_Init
State, "rank-75", MPI_STATE, 0.000073, 0.000693, 0.000620, 0.000000, PMPI_Barrier
State, "rank-75", MPI_STATE, 0.000698, 0.002266, 0.001568, 0.000000, PMPI_Recv
State, "rank-75", MPI_STATE, 0.002269, 0.002947, 0.000678, 0.000000, PMPI_Send
State, "rank-75", MPI_STATE, 0.002948, 0.003325, 0.000377, 0.000000, PMPI_Send
State, "rank-75", MPI_STATE, 0.003327, 0.003705, 0.000378, 0.000000, PMPI_Send
State, "rank-75", MPI_STATE, 0.003706, 0.004082, 0.000376, 0.000000, PMPI_Send
State, "rank-75", MPI_STATE, 0.007146, 0.007146, 0.000000, 0.000000, PMPI_Reduce
State, "rank-75", MPI_STATE, 0.007149, 0.007149, 0.000000, 0.000000, PMPI_Reduce
State, "rank-75", MPI_STATE, 0.007151, 0.010080, 0.002929, 0.000000, PMPI_Barrier
State, "rank-75", MPI_STATE, 0.010081, 0.010081, 0.000000, 0.000000, PMPI_Finalize
Container, 0, MPI, 0, 0.010082, 0.010082, "rank-74"
State, "rank-74", MPI_STATE, 0.000000, 0.000000, 0.000000, 0.000000, PMPI_Init
State, "rank-74", MPI_STATE, 0.000074, 0.000693, 0.000619, 0.000000, PMPI_Barrier
State, "rank-74", MPI_STATE, 0.000698, 0.004082, 0.003384, 0.000000, PMPI_Recv
State, "rank-74", MPI_STATE, 0.007442, 0.007442, 0.000000, 0.000000, PMPI_Reduce
State, "rank-74", MPI_STATE, 0.007444, 0.007444, 0.000000, 0.000000, PMPI_Reduce
State, "rank-74", MPI_STATE, 0.007446, 0.010080, 0.002634, 0.000000, PMPI_Barrier
State, "rank-74", MPI_STATE, 0.010082, 0.010082, 0.000000, 0.000000, PMPI_Finalize
Container, 0, MPI, 0, 0.010082, 0.010082, "rank-73"
State, "rank-73", MPI_STATE, 0.000000, 0.000000, 0.000000, 0.000000, PMPI_Init
State, "rank-73", MPI_STATE, 0.000072, 0.000693, 0.000621, 0.000000, PMPI_Barrier
State, "rank-73", MPI_STATE, 0.000696, 0.004751, 0.004055, 0.000000, PMPI_Recv
State, "rank-73", MPI_STATE, 0.007746, 0.007746, 0.000000, 0.000000, PMPI_Reduce
State, "rank-73", MPI_STATE, 0.007748, 0.007748, 0.000000, 0.000000, PMPI_Reduce
State, "rank-73", MPI_STATE, 0.007750, 0.010080, 0.002330, 0.000000, PMPI_Barrier
State, "rank-73", MPI_STATE, 0.010082, 0.010082, 0.000000, 0.000000, PMPI_Finalize
Container, 0, MPI, 0, 0.010082, 0.010082, "rank-72"
State, "rank-72", MPI_STATE, 0.000000, 0.000000, 0.000000, 0.000000, PMPI_Init
State, "rank-72", MPI_STATE, 0.000073, 0.000693, 0.000620, 0.000000, PMPI_Barrier
State, "rank-72", MPI_STATE, 0.000696, 0.003325, 0.002629, 0.000000, PMPI_Recv
State, "rank-72", MPI_STATE, 0.003328, 0.004372, 0.001044, 0.000000, PMPI_Send
State, "rank-72", MPI_STATE, 0.004375, 0.004751, 0.000376, 0.000000, PMPI_Send
State, "rank-72", MPI_STATE, 0.007752, 0.007752, 0.000000, 0.000000, PMPI_Reduce
State, "rank-72", MPI_STATE, 0.007754, 0.007754, 0.000000, 0.000000, PMPI_Reduce
State, "rank-72", MPI_STATE, 0.007756, 0.010080, 0.002324, 0.000000, PMPI_Barrier
State, "rank-72", MPI_STATE, 0.010082, 0.010082, 0.000000, 0.000000, PMPI_Finalize
Container, 0, MPI, 0, 0.010082, 0.010082, "rank-71"
State, "rank-71", MPI_STATE, 0.000000, 0.000000, 0.000000, 0.000000, PMPI_Init
State, "rank-71", MPI_STATE, 0.000077, 0.000693, 0.000616, 0.000000, PMPI_Barrier
State, "rank-71", MPI_STATE, 0.000696, 0.004372, 0.003676, 0.000000, PMPI_Recv
State, "rank-71", MPI_STATE, 0.004375, 0.004751, 0.000376, 0.000000, PMPI_Send
State, "rank-71", MPI_STATE, 0.007742, 0.007742, 0.000000, 0.000000, PMPI_Reduce
State, "rank-71", MPI_STATE, 0.007745, 0.007745, 0.000000, 0.000000, PMPI_Reduce
State, "rank-71", MPI_STATE, 0.007747, 0.010080, 0.002333, 0.000000, PMPI_Barrier
State, "rank-71", MPI_STATE, 0.010082, 0.010082, 0.000000, 0.000000, PMPI_Finalize
Container, 0, MPI, 0, 0.010082, 0.010082, "rank-70"
State, "rank-70", MPI_STATE, 0.000000, 0.000000, 0.000000, 0.000000, PMPI_Init
State, "rank-70", MPI_STATE, 0.000075, 0.000693, 0.000618, 0.000000, PMPI_Barrier
State, "rank-70", MPI_STATE, 0.000697, 0.004751, 0.004054, 0.000000, PMPI_Recv
State, "rank-70", MPI_STATE, 0.007792, 0.007792, 0.000000, 0.000000, PMPI_Reduce
State, "rank-70", MPI_STATE, 0.007795, 0.007795, 0.000000, 0.000000, PMPI_Reduce
State, "rank-70", MPI_STATE, 0.007796, 0.010080, 0.002284, 0.000000, PMPI_Barrier
State, "rank-70", MPI_STATE, 0.010082, 0.010082, 0.000000, 0.000000, PMPI_Finalize
Container, 0, MPI, 0, 0.010082, 0.010082, "rank-69"
State, "rank-69", MPI_STATE, 0.000000, 0.000000, 0.000000, 0.000000, PMPI_Init
State, "rank-69", MPI_STATE, 0.000082, 0.000693, 0.000611, 0.000000, PMPI_Barrier
State, "rank-69", MPI_STATE, 0.000696, 0.005534, 0.004838, 0.000000, PMPI_Recv
State, "rank-69", MPI_STATE, 0.008547, 0.008547, 0.000000, 0.000000, PMPI_Reduce
State, "rank-69", MPI_STATE, 0.008550, 0.008550, 0.000000, 0.000000, PMPI_Reduce
State, "rank-69", MPI_STATE, 0.008551, 0.010080, 0.001529, 0.000000, PMPI_Barrier
State, "rank-69", MPI_STATE, 0.010082, 0.010082, 0.000000, 0.000000, PMPI_Finalize
Container, 0, MPI, 0, 0.010082, 0.010082, "rank-6"
State, "rank-6", MPI_STATE, 0.000000, 0.000000, 0.000000, 0.000000, PMPI_Init
State, "rank-6", MPI_STATE, 0.000080, 0.000693, 0.000613, 0.000000, PMPI_Barrier
State, "rank-6", MPI_STATE, 0.000698, 0.005898, 0.005200, 0.000000, PMPI_Recv
State, "rank-6", MPI_STATE, 0.008908, 0.008908, 0.000000, 0.000000, PMPI_Reduce
State, "rank-6", MPI_STATE, 0.008911, 0.008911, 0.000000, 0.000000, PMPI_Reduce
State, "rank-6", MPI_STATE, 0.008913, 0.010080, 0.001167, 0.000000, PMPI_Barrier
State, "rank-6", MPI_STATE, 0.010082, 0.010082, 0.000000, 0.000000, PMPI_Finalize
Container, 0, MPI, 0, 0.010082, 0.010082, "rank-68"
State, "rank-68", MPI_STATE, 0.000000, 0.000000, 0.000000, 0.000000, PMPI_Init
State, "rank-68", MPI_STATE, 0.000076, 0.000693, 0.000617, 0.000000, PMPI_Barrier
State, "rank-68", MPI_STATE, 0.000697, 0.005154, 0.004457, 0.000000, PMPI_Recv
State, "rank-68", MPI_STATE, 0.005158, 0.005534, 0.000376, 0.000000, PMPI_Send
State, "rank-68", MPI_STATE, 0.008539, 0.008539, 0.000000, 0.000000, PMPI_Reduce
State, "rank-68", MPI_STATE, 0.008542, 0.008542, 0.000000, 0.000000, PMPI_Reduce
State, "rank-68", MPI_STATE, 0.008544, 0.010080, 0.001536, 0.000000, PMPI_Barrier
State, "rank-68", MPI_STATE, 0.010082, 0.010082, 0.000000, 0.000000, PMPI_Finalize
Container, 0, MPI, 0, 0.010082, 0.010082, "rank-67"
State, "rank-67", MPI_STATE, 0.000000, 0.000000, 0.000000, 0.000000, PMPI_Init
State, "rank-67", MPI_STATE, 0.000074, 0.000693, 0.000619, 0.000000, PMPI_Barrier
State, "rank-67", MPI_STATE, 0.000697, 0.004555, 0.003858, 0.000000, PMPI_Recv
State, "rank-67", MPI_STATE, 0.004557, 0.005154, 0.000597, 0.000000, PMPI_Send
State, "rank-67", MPI_STATE, 0.005157, 0.005533, 0.000376, 0.000000, PMPI_Send
State, "rank-67", MPI_STATE, 0.008535, 0.008535, 0.000000, 0.000000, PMPI_Reduce
State, "rank-67", MPI_STATE, 0.008538, 0.008538, 0.000000, 0.000000, PMPI_Reduce
State, "rank-67", MPI_STATE, 0.008540, 0.010080, 0.001540, 0.000000, PMPI_Barrier
State, "rank-67", MPI_STATE, 0.010082, 0.010082, 0.000000, 0.000000, PMPI_Finalize
Container, 0, MPI, 0, 0.010083, 0.010083, "rank-66"
State, "rank-66", MPI_STATE, 0.000000, 0.000000, 0.000000, 0.000000, PMPI_Init
State, "rank-66", MPI_STATE, 0.000078, 0.000693, 0.000615, 0.000000, PMPI_Barrier
State, "rank-66", MPI_STATE, 0.000697, 0.005533, 0.004836, 0.000000, PMPI_Recv
State, "rank-66", MPI_STATE, 0.008549, 0.008549, 0.000000, 0.000000, PMPI_Reduce
State, "rank-66", MPI_STATE, 0.008552, 0.008552, 0.000000, 0.000000, PMPI_Reduce
State, "rank-66", MPI_STATE, 0.008554, 0.010080, 0.001526, 0.000000, PMPI_Barrier
State, "rank-66", MPI_STATE, 0.010083, 0.010083, 0.000000, 0.000000, PMPI_Finalize
Container, 0, MPI, 0, 0.010082, 0.010082, "rank-65"
State, "rank-65", MPI_STATE, 0.000000, 0.000000, 0.000000, 0.000000, PMPI_Init
State, "rank-65", MPI_STATE, 0.000078, 0.000693, 0.000615, 0.000000, PMPI_Barrier
State, "rank-65", MPI_STATE, 0.000788, 0.006811, 0.006023, 0.000000, PMPI_Recv
State, "rank-65", MPI_STATE, 0.009848, 0.009848, 0.000000, 0.000000, PMPI_Reduce
State, "rank-65", MPI_STATE, 0.009852, 0.009852, 0.000000, 0.000000, PMPI_Reduce
State, "rank-65", MPI_STATE, 0.009853, 0.010080, 0.000227, 0.000000, PMPI_Barrier
State, "rank-65", MPI_STATE, 0.010082, 0.010082, 0.000000, 0.000000, PMPI_Finalize
Container, 0, MPI, 0, 0.010082, 0.010082, "rank-64"
State, "rank-64", MPI_STATE, 0.000000, 0.000000, 0.000000, 0.000000, PMPI_Init
State, "rank-64", MPI_STATE, 0.000078, 0.000693, 0.000615, 0.000000, PMPI_Barrier
State, "rank-64", MPI_STATE, 0.000696, 0.001885, 0.001189, 0.000000, PMPI_Recv
State, "rank-64", MPI_STATE, 0.001888, 0.002266, 0.000378, 0.000000, PMPI_Send
State, "rank-64", MPI_STATE, 0.002267, 0.003766, 0.001499, 0.000000, PMPI_Send
State, "rank-64", MPI_STATE, 0.003769, 0.004555, 0.000786, 0.000000, PMPI_Send
State, "rank-64", MPI_STATE, 0.004558, 0.006432, 0.001874, 0.000000, PMPI_Send
State, "rank-64", MPI_STATE, 0.006435, 0.006811, 0.000376, 0.000000, PMPI_Send
State, "rank-64", MPI_STATE, 0.009832, 0.009832, 0.000000, 0.000000, PMPI_Reduce
State, "rank-64", MPI_STATE, 0.009834, 0.009834, 0.000000, 0.000000, PMPI_Reduce
State, "rank-64", MPI_STATE, 0.009836, 0.010080, 0.000244, 0.000000, PMPI_Barrier
State, "rank-64", MPI_STATE, 0.010082, 0.010082, 0.000000, 0.000000, PMPI_Finalize
Container, 0, MPI, 0, 0.010082, 0.010082, "rank-63"
State, "rank-63", MPI_STATE, 0.000000, 0.000000, 0.000000, 0.000000, PMPI_Init
State, "rank-63", MPI_STATE, 0.000078, 0.000694, 0.000616, 0.000000, PMPI_Barrier
State, "rank-63", MPI_STATE, 0.000698, 0.006432, 0.005734, 0.000000, PMPI_Recv
State, "rank-63", MPI_STATE, 0.006435, 0.006811, 0.000376, 0.000000, PMPI_Send
State, "rank-63", MPI_STATE, 0.009826, 0.009826, 0.000000, 0.000000, PMPI_Reduce
State, "rank-63", MPI_STATE, 0.009831, 0.009831, 0.000000, 0.000000, PMPI_Reduce
State, "rank-63", MPI_STATE, 0.009833, 0.010081, 0.000248, 0.000000, PMPI_Barrier
State, "rank-63", MPI_STATE, 0.010082, 0.010082, 0.000000, 0.000000, PMPI_Finalize
Container, 0, MPI, 0, 0.010083, 0.010083, "rank-62"
State, "rank-62", MPI_STATE, 0.000000, 0.000000, 0.000000, 0.000000, PMPI_Init
State, "rank-62", MPI_STATE, 0.000086, 0.000693, 0.000607, 0.000000, PMPI_Barrier
State, "rank-62", MPI_STATE, 0.000703, 0.006811, 0.006108, 0.000000, PMPI_Recv
State, "rank-62", MPI_STATE, 0.010071, 0.010071, 0.000000, 0.000000, PMPI_Reduce
State, "rank-62", MPI_STATE, 0.010073, 0.010073, 0.000000, 0.000000, PMPI_Reduce
State, "rank-62", MPI_STATE, 0.010075, 0.010081, 0.000006, 0.000000, PMPI_Barrier
State, "rank-62", MPI_STATE, 0.010083, 0.010083, 0.000000, 0.000000, PMPI_Finalize
Container, 0, MPI, 0, 0.010083, 0.010083, "rank-61"
State, "rank-61", MPI_STATE, 0.000000, 0.000000, 0.000000, 0.000000, PMPI_Init
State, "rank-61", MPI_STATE, 0.000075, 0.000693, 0.000618, 0.000000, PMPI_Barrier
State, "rank-61", MPI_STATE, 0.000698, 0.004907, 0.004209, 0.000000, PMPI_Recv
State, "rank-61", MPI_STATE, 0.008130, 0.008130, 0.000000, 0.000000, PMPI_Reduce
State, "rank-61", MPI_STATE, 0.008132, 0.008132, 0.000000, 0.000000, PMPI_Reduce
State, "rank-61", MPI_STATE, 0.008134, 0.010081, 0.001947, 0.000000, PMPI_Barrier
State, "rank-61", MPI_STATE, 0.010083, 0.010083, 0.000000, 0.000000, PMPI_Finalize
Container, 0, MPI, 0, 0.010082, 0.010082, "rank-60"
State, "rank-60", MPI_STATE, 0.000000, 0.000000, 0.000000, 0.000000, PMPI_Init
State, "rank-60", MPI_STATE, 0.000075, 0.000693, 0.000618, 0.000000, PMPI_Barrier
State, "rank-60", MPI_STATE, 0.000697, 0.004528, 0.003831, 0.000000, PMPI_Recv
State, "rank-60", MPI_STATE, 0.004531, 0.004907, 0.000376, 0.000000, PMPI_Send
State, "rank-60", MPI_STATE, 0.007915, 0.007915, 0.000000, 0.000000, PMPI_Reduce
State, "rank-60", MPI_STATE, 0.007917, 0.007917, 0.000000, 0.000000, PMPI_Reduce
State, "rank-60", MPI_STATE, 0.007920, 0.010080, 0.002160, 0.000000, PMPI_Barrier
State, "rank-60", MPI_STATE, 0.010082, 0.010082, 0.000000, 0.000000, PMPI_Finalize
Container, 0, MPI, 0, 0.010084, 0.010084, "rank-59"
State, "rank-59", MPI_STATE, 0.000000, 0.000000, 0.000000, 0.000000, PMPI_Init
State, "rank-59", MPI_STATE, 0.000078, 0.000693, 0.000615, 0.000000, PMPI_Barrier
State, "rank-59", MPI_STATE, 0.000697, 0.003766, 0.003069, 0.000000, PMPI_Recv
State, "rank-59", MPI_STATE, 0.003771, 0.004148, 0.000377, 0.000000, PMPI_Send
State, "rank-59", MPI_STATE, 0.004150, 0.004528, 0.000378, 0.000000, PMPI_Send
State, "rank-59", MPI_STATE, 0.004531, 0.004907, 0.000376, 0.000000, PMPI_Send
State, "rank-59", MPI_STATE, 0.007919, 0.007919, 0.000000, 0.000000, PMPI_Reduce
State, "rank-59", MPI_STATE, 0.007923, 0.007923, 0.000000, 0.000000, PMPI_Reduce
State, "rank-59", MPI_STATE, 0.007925, 0.010081, 0.002156, 0.000000, PMPI_Barrier
State, "rank-59", MPI_STATE, 0.010084, 0.010084, 0.000000, 0.000000, PMPI_Finalize
Container, 0, MPI, 0, 0.010082, 0.010082, "rank-5"
State, "rank-5", MPI_STATE, 0.000000, 0.000000, 0.000000, 0.000000, PMPI_Init
State, "rank-5", MPI_STATE, 0.000069, 0.000693, 0.000624, 0.000000, PMPI_Barrier
State, "rank-5", MPI_STATE, 0.000697, 0.006173, 0.005476, 0.000000, PMPI_Recv
State, "rank-5", MPI_STATE, 0.009186, 0.009186, 0.000000, 0.000000, PMPI_Reduce
State, "rank-5", MPI_STATE, 0.009188, 0.009188, 0.000000, 0.000000, PMPI_Reduce
State, "rank-5", MPI_STATE, 0.009190, 0.010080, 0.000890, 0.000000, PMPI_Barrier
State, "rank-5", MPI_STATE, 0.010082, 0.010082, 0.000000, 0.000000, PMPI_Finalize
Container, 0, MPI, 0, 0.010081, 0.010081, "rank-58"
State, "rank-58", MPI_STATE, 0.000000, 0.000000, 0.000000, 0.000000, PMPI_Init
State, "rank-58", MPI_STATE, 0.000074, 0.000693, 0.000619, 0.000000, PMPI_Barrier
State, "rank-58", MPI_STATE, 0.000696, 0.004907, 0.004211, 0.000000, PMPI_Recv
State, "rank-58", MPI_STATE, 0.008002, 0.008002, 0.000000, 0.000000, PMPI_Reduce
State, "rank-58", MPI_STATE, 0.008005, 0.008005, 0.000000, 0.000000, PMPI_Reduce
State, "rank-58", MPI_STATE, 0.008006, 0.010080, 0.002074, 0.000000, PMPI_Barrier
State, "rank-58", MPI_STATE, 0.010081, 0.010081, 0.000000, 0.000000, PMPI_Finalize
Container, 0, MPI, 0, 0.010082, 0.010082, "rank-57"
State, "rank-57", MPI_STATE, 0.000000, 0.000000, 0.000000, 0.000000, PMPI_Init
State, "rank-57", MPI_STATE, 0.000074, 0.000693, 0.000619, 0.000000, PMPI_Barrier
State, "rank-57", MPI_STATE, 0.000698, 0.005167, 0.004469, 0.000000, PMPI_Recv
State, "rank-57", MPI_STATE, 0.008193, 0.008193, 0.000000, 0.000000, PMPI_Reduce
State, "rank-57", MPI_STATE, 0.008195, 0.008195, 0.000000, 0.000000, PMPI_Reduce
State, "rank-57", MPI_STATE, 0.008197, 0.010080, 0.001883, 0.000000, PMPI_Barrier
State, "rank-57", MPI_STATE, 0.010082, 0.010082, 0.000000, 0.000000, PMPI_Finalize
Container, 0, MPI, 0, 0.010081, 0.010081, "rank-56"
State, "rank-56", MPI_STATE, 0.000000, 0.000000, 0.000000, 0.000000, PMPI_Init
State, "rank-56", MPI_STATE, 0.000073, 0.000693, 0.000620, 0.000000, PMPI_Barrier
State, "rank-56", MPI_STATE, 0.000697, 0.004148, 0.003451, 0.000000, PMPI_Recv
State, "rank-56", MPI_STATE, 0.004151, 0.004788, 0.000637, 0.000000, PMPI_Send
State, "rank-56", MPI_STATE, 0.004791, 0.005167, 0.000376, 0.000000, PMPI_Send
State, "rank-56", MPI_STATE, 0.008152, 0.008152, 0.000000, 0.000000, PMPI_Reduce
State, "rank-56", MPI_STATE, 0.008156, 0.008156, 0.000000, 0.000000, PMPI_Reduce
State, "rank-56", MPI_STATE, 0.008157, 0.010080, 0.001923, 0.000000, PMPI_Barrier
State, "rank-56", MPI_STATE, 0.010081, 0.010081, 0.000000, 0.000000, PMPI_Finalize
Container, 0, MPI, 0, 0.010083, 0.010083, "rank-55"
State, "rank-55", MPI_STATE, 0.000000, 0.000000, 0.000000, 0.000000, PMPI_Init
State, "rank-55", MPI_STATE, 0.000076, 0.000693, 0.000617, 0.000000, PMPI_Barrier
State, "rank-55", MPI_STATE, 0.000697, 0.004788, 0.004091, 0.000000, PMPI_Recv
State, "rank-55", MPI_STATE, 0.004794, 0.005170, 0.000376, 0.000000, PMPI_Send
State, "rank-55", MPI_STATE, 0.008154, 0.008154, 0.000000, 0.000000, PMPI_Reduce
State, "rank-55", MPI_STATE, 0.008158, 0.008158, 0.000000, 0.000000, PMPI_Reduce
State, "rank-55", MPI_STATE, 0.008159, 0.010081, 0.001922, 0.000000, PMPI_Barrier
State, "rank-55", MPI_STATE, 0.010083, 0.010083, 0.000000, 0.000000, PMPI_Finalize
Container, 0, MPI, 0, 0.010082, 0.010082, "rank-54"
State, "rank-54", MPI_STATE, 0.000000, 0.000000, 0.000000, 0.000000, PMPI_Init
State, "rank-54", MPI_STATE, 0.000076, 0.000693, 0.000617, 0.000000, PMPI_Barrier
State, "rank-54", MPI_STATE, 0.000698, 0.005170, 0.004472, 0.000000, PMPI_Recv
State, "rank-54", MPI_STATE, 0.008166, 0.008166, 0.000000, 0.000000, PMPI_Reduce
State, "rank-54", MPI_STATE, 0.008169, 0.008169, 0.000000, 0.000000, PMPI_Reduce
State, "rank-54", MPI_STATE, 0.008173, 0.010080, 0.001907, 0.000000, PMPI_Barrier
State, "rank-54", MPI_STATE, 0.010082, 0.010082, 0.000000, 0.000000, PMPI_Finalize
Container, 0, MPI, 0, 0.010082, 0.010082, "rank-53"
State, "rank-53", MPI_STATE, 0.000000, 0.000000, 0.000000, 0.000000, PMPI_Init
State, "rank-53", MPI_STATE, 0.000074, 0.000693, 0.000619, 0.000000, PMPI_Barrier
State, "rank-53", MPI_STATE, 0.000696, 0.003783, 0.003087, 0.000000, PMPI_Recv
State, "rank-53", MPI_STATE, 0.007142, 0.007142, 0.000000, 0.000000, PMPI_Reduce
State, "rank-53", MPI_STATE, 0.007145, 0.007145, 0.000000, 0.000000, PMPI_Reduce
State, "rank-53", MPI_STATE, 0.007147, 0.010080, 0.002933, 0.000000, PMPI_Barrier
State, "rank-53", MPI_STATE, 0.010082, 0.010082, 0.000000, 0.000000, PMPI_Finalize
Container, 0, MPI, 0, 0.010082, 0.010082, "rank-52"
State, "rank-52", MPI_STATE, 0.000000, 0.000000, 0.000000, 0.000000, PMPI_Init
State, "rank-52", MPI_STATE, 0.000073, 0.000693, 0.000620, 0.000000, PMPI_Barrier
State, "rank-52", MPI_STATE, 0.000697, 0.003406, 0.002709, 0.000000, PMPI_Recv
State, "rank-52", MPI_STATE, 0.003408, 0.003783, 0.000375, 0.000000, PMPI_Send
State, "rank-52", MPI_STATE, 0.006775, 0.006775, 0.000000, 0.000000, PMPI_Reduce
State, "rank-52", MPI_STATE, 0.006777, 0.006777, 0.000000, 0.000000, PMPI_Reduce
State, "rank-52", MPI_STATE, 0.006779, 0.010080, 0.003301, 0.000000, PMPI_Barrier
State, "rank-52", MPI_STATE, 0.010082, 0.010082, 0.000000, 0.000000, PMPI_Finalize
Container, 0, MPI, 0, 0.010082, 0.010082, "rank-51"
State, "rank-51", MPI_STATE, 0.000000, 0.000000, 0.000000, 0.000000, PMPI_Init
State, "rank-51", MPI_STATE, 0.000077, 0.000693, 0.000616, 0.000000, PMPI_Barrier
State, "rank-51", MPI_STATE, 0.000698, 0.003026, 0.002328, 0.000000, PMPI_Recv
State, "rank-51", MPI_STATE, 0.003028, 0.003406, 0.000378, 0.000000, PMPI_Send
State, "rank-51", MPI_STATE, 0.003408, 0.003783, 0.000375, 0.000000, PMPI_Send
State, "rank-51", MPI_STATE, 0.006777, 0.006777, 0.000000, 0.000000, PMPI_Reduce
State, "rank-51", MPI_STATE, 0.006779, 0.006779, 0.000000, 0.000000, PMPI_Reduce
State, "rank-51", MPI_STATE, 0.006781, 0.010080, 0.003299, 0.000000, PMPI_Barrier
State, "rank-51", MPI_STATE, 0.010082, 0.010082, 0.000000, 0.000000, PMPI_Finalize
Container, 0, MPI, 0, 0.010082, 0.010082, "rank-50"
State, "rank-50", MPI_STATE, 0.000000, 0.000000, 0.000000, 0.000000, PMPI_Init
State, "rank-50", MPI_STATE, 0.000075, 0.000693, 0.000618, 0.000000, PMPI_Barrier
State, "rank-50", MPI_STATE, 0.000697, 0.003783, 0.003086, 0.000000, PMPI_Recv
State, "rank-50", MPI_STATE, 0.007151, 0.007151, 0.000000, 0.000000, PMPI_Reduce
State, "rank-50", MPI_STATE, 0.007153, 0.007153, 0.000000, 0.000000, PMPI_Reduce
State, "rank-50", MPI_STATE, 0.007154, 0.010080, 0.002926, 0.000000, PMPI_Barrier
State, "rank-50", MPI_STATE, 0.010082, 0.010082, 0.000000, 0.000000, PMPI_Finalize
Container, 0, MPI, 0, 0.010082, 0.010082, "rank-49"
State, "rank-49", MPI_STATE, 0.000000, 0.000000, 0.000000, 0.000000, PMPI_Init
State, "rank-49", MPI_STATE, 0.000076, 0.000693, 0.000617, 0.000000, PMPI_Barrier
State, "rank-49", MPI_STATE, 0.000697, 0.004478, 0.003781, 0.000000, PMPI_Recv
State, "rank-49", MPI_STATE, 0.007647, 0.007647, 0.000000, 0.000000, PMPI_Reduce
State, "rank-49", MPI_STATE, 0.007651, 0.007651, 0.000000, 0.000000, PMPI_Reduce
State, "rank-49", MPI_STATE, 0.007653, 0.010080, 0.002427, 0.000000, PMPI_Barrier
State, "rank-49", MPI_STATE, 0.010082, 0.010082, 0.000000, 0.000000, PMPI_Finalize
Container, 0, MPI, 0, 0.010081, 0.010081, "rank-4"
State, "rank-4", MPI_STATE, 0.000000, 0.000000, 0.000000, 0.000000, PMPI_Init
State, "rank-4", MPI_STATE, 0.000061, 0.000693, 0.000632, 0.000000, PMPI_Barrier
State, "rank-4", MPI_STATE, 0.000697, 0.005794, 0.005097, 0.000000, PMPI_Recv
State, "rank-4", MPI_STATE, 0.005797, 0.006173, 0.000376, 0.000000, PMPI_Send
State, "rank-4", MPI_STATE, 0.009177, 0.009177, 0.000000, 0.000000, PMPI_Reduce
State, "rank-4", MPI_STATE, 0.009180, 0.009180, 0.000000, 0.000000, PMPI_Reduce
State, "rank-4", MPI_STATE, 0.009182, 0.010080, 0.000898, 0.000000, PMPI_Barrier
State, "rank-4", MPI_STATE, 0.010081, 0.010081, 0.000000, 0.000000, PMPI_Finalize
Container, 0, MPI, 0, 0.010081, 0.010081, "rank-48"
State, "rank-48", MPI_STATE, 0.000000, 0.000000, 0.000000, 0.000000, PMPI_Init
State, "rank-48", MPI_STATE, 0.000079, 0.000693, 0.000614, 0.000000, PMPI_Barrier
State, "rank-48", MPI_STATE, 0.000697, 0.002647, 0.001950, 0.000000, PMPI_Recv
State, "rank-48", MPI_STATE, 0.002649, 0.003026, 0.000377, 0.000000, PMPI_Send
State, "rank-48", MPI_STATE, 0.003027, 0.004035, 0.001008, 0.000000, PMPI_Send
State, "rank-48", MPI_STATE, 0.004038, 0.004478, 0.000440, 0.000000, PMPI_Send
State, "rank-48", MPI_STATE, 0.007548, 0.007548, 0.000000, 0.000000, PMPI_Reduce
State, "rank-48", MPI_STATE, 0.007551, 0.007551, 0.000000, 0.000000, PMPI_Reduce
State, "rank-48", MPI_STATE, 0.007553, 0.010080, 0.002527, 0.000000, PMPI_Barrier
State, "rank-48", MPI_STATE, 0.010081, 0.010081, 0.000000, 0.000000, PMPI_Finalize
Container, 0, MPI, 0, 0.010083, 0.010083, "rank-47"
State, "rank-47", MPI_STATE, 0.000000, 0.000000, 0.000000, 0.000000, PMPI_Init
State, "rank-47", MPI_STATE, 0.000106, 0.000693, 0.000587, 0.000000, PMPI_Barrier
State, "rank-47", MPI_STATE, 0.000698, 0.004035, 0.003337, 0.000000, PMPI_Recv
State, "rank-47", MPI_STATE, 0.004039, 0.004415, 0.000376, 0.000000, PMPI_Send
State, "rank-47", MPI_STATE, 0.007484, 0.007484, 0.000000, 0.000000, PMPI_Reduce
State, "rank-47", MPI_STATE, 0.007487, 0.007487, 0.000000, 0.000000, PMPI_Reduce
State, "rank-47", MPI_STATE, 0.007489, 0.010081, 0.002592, 0.000000, PMPI_Barrier
State, "rank-47", MPI_STATE, 0.010083, 0.010083, 0.000000, 0.000000, PMPI_Finalize
Container, 0, MPI, 0, 0.010082, 0.010082, "rank-46"
State, "rank-46", MPI_STATE, 0.000000, 0.000000, 0.000000, 0.000000, PMPI_Init
State, "rank-46", MPI_STATE, 0.000082, 0.000693, 0.000611, 0.000000, PMPI_Barrier
State, "rank-46", MPI_STATE, 0.000698, 0.004415, 0.003717, 0.000000, PMPI_Recv
State, "rank-46", MPI_STATE, 0.007435, 0.007435, 0.000000, 0.000000, PMPI_Reduce
State, "rank-46", MPI_STATE, 0.007438, 0.007438, 0.000000, 0.000000, PMPI_Reduce
State, "rank-46", MPI_STATE, 0.007440, 0.010080, 0.002640, 0.000000, PMPI_Barrier
State, "rank-46", MPI_STATE, 0.010082, 0.010082, 0.000000, 0.000000, PMPI_Finalize
Container, 0, MPI, 0, 0.010082, 0.010082, "rank-45"
State, "rank-45", MPI_STATE, 0.000000, 0.000000, 0.000000, 0.000000, PMPI_Init
State, "rank-45", MPI_STATE, 0.000058, 0.000693, 0.000635, 0.000000, PMPI_Barrier
State, "rank-45", MPI_STATE, 0.000698, 0.003785, 0.003087, 0.000000, PMPI_Recv
State, "rank-45", MPI_STATE, 0.006789, 0.006789, 0.000000, 0.000000, PMPI_Reduce
State, "rank-45", MPI_STATE, 0.006791, 0.006791, 0.000000, 0.000000, PMPI_Reduce
State, "rank-45", MPI_STATE, 0.006793, 0.010080, 0.003287, 0.000000, PMPI_Barrier
State, "rank-45", MPI_STATE, 0.010082, 0.010082, 0.000000, 0.000000, PMPI_Finalize
Container, 0, MPI, 0, 0.010083, 0.010083, "rank-44"
State, "rank-44", MPI_STATE, 0.000000, 0.000000, 0.000000, 0.000000, PMPI_Init
State, "rank-44", MPI_STATE, 0.000060, 0.000693, 0.000633, 0.000000, PMPI_Barrier
State, "rank-44", MPI_STATE, 0.000697, 0.003407, 0.002710, 0.000000, PMPI_Recv
State, "rank-44", MPI_STATE, 0.003410, 0.003785, 0.000375, 0.000000, PMPI_Send
State, "rank-44", MPI_STATE, 0.006776, 0.006776, 0.000000, 0.000000, PMPI_Reduce
State, "rank-44", MPI_STATE, 0.006778, 0.006778, 0.000000, 0.000000, PMPI_Reduce
State, "rank-44", MPI_STATE, 0.006780, 0.010080, 0.003300, 0.000000, PMPI_Barrier
State, "rank-44", MPI_STATE, 0.010083, 0.010083, 0.000000, 0.000000, PMPI_Finalize
Container, 0, MPI, 0, 0.010083, 0.010083, "rank-43"
State, "rank-43", MPI_STATE, 0.000000, 0.000000, 0.000000, 0.000000, PMPI_Init
State, "rank-43", MPI_STATE, 0.000059, 0.000693, 0.000634, 0.000000, PMPI_Barrier
State, "rank-43", MPI_STATE, 0.000697, 0.001129, 0.000432, 0.000000, PMPI_Recv
State, "rank-43", MPI_STATE, 0.001132, 0.001885, 0.000753, 0.000000, PMPI_Send
State, "rank-43", MPI_STATE, 0.001888, 0.002266, 0.000378, 0.000000, PMPI_Send
State, "rank-43", MPI_STATE, 0.002268, 0.002647, 0.000379, 0.000000, PMPI_Send
State, "rank-43", MPI_STATE, 0.002649, 0.003026, 0.000377, 0.000000, PMPI_Send
State, "rank-43", MPI_STATE, 0.003029, 0.003407, 0.000378, 0.000000, PMPI_Send
State, "rank-43", MPI_STATE, 0.003408, 0.003783, 0.000375, 0.000000, PMPI_Send
State, "rank-43", MPI_STATE, 0.006848, 0.006848, 0.000000, 0.000000, PMPI_Reduce
State, "rank-43", MPI_STATE, 0.006851, 0.006851, 0.000000, 0.000000, PMPI_Reduce
State, "rank-43", MPI_STATE, 0.006853, 0.010080, 0.003227, 0.000000, PMPI_Barrier
State, "rank-43", MPI_STATE, 0.010083, 0.010083, 0.000000, 0.000000, PMPI_Finalize
Container, 0, MPI, 0, 0.010082, 0.010082, "rank-42"
State, "rank-42", MPI_STATE, 0.000000, 0.000000, 0.000000, 0.000000, PMPI_Init
State, "rank-42", MPI_STATE, 0.000059, 0.000693, 0.000634, 0.000000, PMPI_Barrier
State, "rank-42", MPI_STATE, 0.000698, 0.003783, 0.003085, 0.000000, PMPI_Recv
State, "rank-42", MPI_STATE, 0.007187, 0.007187, 0.000000, 0.000000, PMPI_Reduce
State, "rank-42", MPI_STATE, 0.007190, 0.007190, 0.000000, 0.000000, PMPI_Reduce
State, "rank-42", MPI_STATE, 0.007193, 0.010080, 0.002887, 0.000000, PMPI_Barrier
State, "rank-42", MPI_STATE, 0.010082, 0.010082, 0.000000, 0.000000, PMPI_Finalize
Container, 0, MPI, 0, 0.010081, 0.010081, "rank-41"
State, "rank-41", MPI_STATE, 0.000000, 0.000000, 0.000000, 0.000000, PMPI_Init
State, "rank-41", MPI_STATE, 0.000058, 0.000693, 0.000635, 0.000000, PMPI_Barrier
State, "rank-41", MPI_STATE, 0.000698, 0.004150, 0.003452, 0.000000, PMPI_Recv
State, "rank-41", MPI_STATE, 0.007341, 0.007341, 0.000000, 0.000000, PMPI_Reduce
State, "rank-41", MPI_STATE, 0.007343, 0.007343, 0.000000, 0.000000, PMPI_Reduce
State, "rank-41", MPI_STATE, 0.007346, 0.010080, 0.002734, 0.000000, PMPI_Barrier
State, "rank-41", MPI_STATE, 0.010081, 0.010081, 0.000000, 0.000000, PMPI_Finalize
Container, 0, MPI, 0, 0.010081, 0.010081, "rank-40"
State, "rank-40", MPI_STATE, 0.000000, 0.000000, 0.000000, 0.000000, PMPI_Init
State, "rank-40", MPI_STATE, 0.000059, 0.000693, 0.000634, 0.000000, PMPI_Barrier
State, "rank-40", MPI_STATE, 0.000697, 0.003026, 0.002329, 0.000000, PMPI_Recv
State, "rank-40", MPI_STATE, 0.003028, 0.003772, 0.000744, 0.000000, PMPI_Send
State, "rank-40", MPI_STATE, 0.003774, 0.004150, 0.000376, 0.000000, PMPI_Send
State, "rank-40", MPI_STATE, 0.007232, 0.007232, 0.000000, 0.000000, PMPI_Reduce
State, "rank-40", MPI_STATE, 0.007234, 0.007234, 0.000000, 0.000000, PMPI_Reduce
State, "rank-40", MPI_STATE, 0.007236, 0.010080, 0.002844, 0.000000, PMPI_Barrier
State, "rank-40", MPI_STATE, 0.010081, 0.010081, 0.000000, 0.000000, PMPI_Finalize
Container, 0, MPI, 0, 0.010081, 0.010081, "rank-39"
State, "rank-39", MPI_STATE, 0.000000, 0.000000, 0.000000, 0.000000, PMPI_Init
State, "rank-39", MPI_STATE, 0.000057, 0.000693, 0.000636, 0.000000, PMPI_Barrier
State, "rank-39", MPI_STATE, 0.000698, 0.003772, 0.003074, 0.000000, PMPI_Recv
State, "rank-39", MPI_STATE, 0.003776, 0.004152, 0.000376, 0.000000, PMPI_Send
State, "rank-39", MPI_STATE, 0.007143, 0.007143, 0.000000, 0.000000, PMPI_Reduce
State, "rank-39", MPI_STATE, 0.007146, 0.007146, 0.000000, 0.000000, PMPI_Reduce
State, "rank-39", MPI_STATE, 0.007149, 0.010080, 0.002931, 0.000000, PMPI_Barrier
State, "rank-39", MPI_STATE, 0.010081, 0.010081, 0.000000, 0.000000, PMPI_Finalize
Container, 0, MPI, 0, 0.010082, 0.010082, "rank-3"
State, "rank-3", MPI_STATE, 0.000000, 0.000000, 0.000000, 0.000000, PMPI_Init
State, "rank-3", MPI_STATE, 0.000067, 0.000693, 0.000626, 0.000000, PMPI_Barrier
State, "rank-3", MPI_STATE, 0.000697, 0.004480, 0.003783, 0.000000, PMPI_Recv
State, "rank-3", MPI_STATE, 0.004483, 0.005794, 0.001311, 0.000000, PMPI_Send
State, "rank-3", MPI_STATE, 0.005796, 0.006172, 0.000376, 0.000000, PMPI_Send
State, "rank-3", MPI_STATE, 0.009171, 0.009171, 0.000000, 0.000000, PMPI_Reduce
State, "rank-3", MPI_STATE, 0.009175, 0.009175, 0.000000, 0.000000, PMPI_Reduce
State, "rank-3", MPI_STATE, 0.009178, 0.010080, 0.000902, 0.000000, PMPI_Barrier
State, "rank-3", MPI_STATE, 0.010082, 0.010082, 0.000000, 0.000000, PMPI_Finalize
Container, 0, MPI, 0, 0.010082, 0.010082, "rank-38"
State, "rank-38", MPI_STATE, 0.000000, 0.000000, 0.000000, 0.000000, PMPI_Init
State, "rank-38", MPI_STATE, 0.000057, 0.000693, 0.000636, 0.000000, PMPI_Barrier
State, "rank-38", MPI_STATE, 0.000697, 0.004152, 0.003455, 0.000000, PMPI_Recv
State, "rank-38", MPI_STATE, 0.007176, 0.007176, 0.000000, 0.000000, PMPI_Reduce
State, "rank-38", MPI_STATE, 0.007178, 0.007178, 0.000000, 0.000000, PMPI_Reduce
State, "rank-38", MPI_STATE, 0.007180, 0.010080, 0.002900, 0.000000, PMPI_Barrier
State, "rank-38", MPI_STATE, 0.010082, 0.010082, 0.000000, 0.000000, PMPI_Finalize
Container, 0, MPI, 0, 0.010082, 0.010082, "rank-37"
State, "rank-37", MPI_STATE, 0.000000, 0.000000, 0.000000, 0.000000, PMPI_Init
State, "rank-37", MPI_STATE, 0.000060, 0.000693, 0.000633, 0.000000, PMPI_Barrier
State, "rank-37", MPI_STATE, 0.000697, 0.004918, 0.004221, 0.000000, PMPI_Recv
State, "rank-37", MPI_STATE, 0.007904, 0.007904, 0.000000, 0.000000, PMPI_Reduce
State, "rank-37", MPI_STATE, 0.007906, 0.007906, 0.000000, 0.000000, PMPI_Reduce
State, "rank-37", MPI_STATE, 0.007908, 0.010080, 0.002172, 0.000000, PMPI_Barrier
State, "rank-37", MPI_STATE, 0.010082, 0.010082, 0.000000, 0.000000, PMPI_Finalize
Container, 0, MPI, 0, 0.010081, 0.010081, "rank-36"
State, "rank-36", MPI_STATE, 0.000000, 0.000000, 0.000000, 0.000000, PMPI_Init
State, "rank-36", MPI_STATE, 0.000071, 0.000693, 0.000622, 0.000000, PMPI_Barrier
State, "rank-36", MPI_STATE, 0.000697, 0.004539, 0.003842, 0.000000, PMPI_Recv
State, "rank-36", MPI_STATE, 0.004542, 0.004918, 0.000376, 0.000000, PMPI_Send
State, "rank-36", MPI_STATE, 0.007903, 0.007903, 0.000000, 0.000000, PMPI_Reduce
State, "rank-36", MPI_STATE, 0.007906, 0.007906, 0.000000, 0.000000, PMPI_Reduce
State, "rank-36", MPI_STATE, 0.007908, 0.010080, 0.002172, 0.000000, PMPI_Barrier
State, "rank-36", MPI_STATE, 0.010081, 0.010081, 0.000000, 0.000000, PMPI_Finalize
Container, 0, MPI, 0, 0.010082, 0.010082, "rank-35"
State, "rank-35", MPI_STATE, 0.000000, 0.000000, 0.000000, 0.000000, PMPI_Init
State, "rank-35", MPI_STATE, 0.000058, 0.000693, 0.000635, 0.000000, PMPI_Barrier
State, "rank-35", MPI_STATE, 0.000699, 0.004156, 0.003457, 0.000000, PMPI_Recv
State, "rank-35", MPI_STATE, 0.004161, 0.004539, 0.000378, 0.000000, PMPI_Send
State, "rank-35", MPI_STATE, 0.004541, 0.004917, 0.000376, 0.000000, PMPI_Send
State, "rank-35", MPI_STATE, 0.007903, 0.007903, 0.000000, 0.000000, PMPI_Reduce
State, "rank-35", MPI_STATE, 0.007905, 0.007905, 0.000000, 0.000000, PMPI_Reduce
State, "rank-35", MPI_STATE, 0.007906, 0.010080, 0.002174, 0.000000, PMPI_Barrier
State, "rank-35", MPI_STATE, 0.010082, 0.010082, 0.000000, 0.000000, PMPI_Finalize
Container, 0, MPI, 0, 0.010082, 0.010082, "rank-34"
State, "rank-34", MPI_STATE, 0.000000, 0.000000, 0.000000, 0.000000, PMPI_Init
State, "rank-34", MPI_STATE, 0.000060, 0.000693, 0.000633, 0.000000, PMPI_Barrier
State, "rank-34", MPI_STATE, 0.000698, 0.004917, 0.004219, 0.000000, PMPI_Recv
State, "rank-34", MPI_STATE, 0.008149, 0.008149, 0.000000, 0.000000, PMPI_Reduce
State, "rank-34", MPI_STATE, 0.008152, 0.008152, 0.000000, 0.000000, PMPI_Reduce
State, "rank-34", MPI_STATE, 0.008155, 0.010080, 0.001925, 0.000000, PMPI_Barrier
State, "rank-34", MPI_STATE, 0.010082, 0.010082, 0.000000, 0.000000, PMPI_Finalize
Container, 0, MPI, 0, 0.010082, 0.010082, "rank-33"
State, "rank-33", MPI_STATE, 0.000000, 0.000000, 0.000000, 0.000000, PMPI_Init
State, "rank-33", MPI_STATE, 0.000061, 0.000693, 0.000632, 0.000000, PMPI_Barrier
State, "rank-33", MPI_STATE, 0.000697, 0.006567, 0.005870, 0.000000, PMPI_Recv
State, "rank-33", MPI_STATE, 0.009882, 0.009882, 0.000000, 0.000000, PMPI_Reduce
State, "rank-33", MPI_STATE, 0.009885, 0.009885, 0.000000, 0.000000, PMPI_Reduce
State, "rank-33", MPI_STATE, 0.009887, 0.010080, 0.000193, 0.000000, PMPI_Barrier
State, "rank-33", MPI_STATE, 0.010082, 0.010082, 0.000000, 0.000000, PMPI_Finalize
Container, 0, MPI, 0, 0.010081, 0.010081, "rank-32"
State, "rank-32", MPI_STATE, 0.000000, 0.000000, 0.000000, 0.000000, PMPI_Init
State, "rank-32", MPI_STATE, 0.000114, 0.000693, 0.000579, 0.000000, PMPI_Barrier
State, "rank-32", MPI_STATE, 0.000697, 0.002266, 0.001569, 0.000000, PMPI_Recv
State, "rank-32", MPI_STATE, 0.002268, 0.003643, 0.001375, 0.000000, PMPI_Send
State, "rank-32", MPI_STATE, 0.003645, 0.004156, 0.000511, 0.000000, PMPI_Send
State, "rank-32", MPI_STATE, 0.004158, 0.006190, 0.002032, 0.000000, PMPI_Send
State, "rank-32", MPI_STATE, 0.006192, 0.006567, 0.000375, 0.000000, PMPI_Send
State, "rank-32", MPI_STATE, 0.009589, 0.009589, 0.000000, 0.000000, PMPI_Reduce
State, "rank-32", MPI_STATE, 0.009591, 0.009591, 0.000000, 0.000000, PMPI_Reduce
State, "rank-32", MPI_STATE, 0.009593, 0.010080, 0.000487, 0.000000, PMPI_Barrier
State, "rank-32", MPI_STATE, 0.010081, 0.010081, 0.000000, 0.000000, PMPI_Finalize
Container, 0, MPI, 0, 0.010082, 0.010082, "rank-31"
State, "rank-31", MPI_STATE, 0.000000, 0.000000, 0.000000, 0.000000, PMPI_Init
State, "rank-31", MPI_STATE, 0.000059, 0.000693, 0.000634, 0.000000, PMPI_Barrier
State, "rank-31", MPI_STATE, 0.000699, 0.006190, 0.005491, 0.000000, PMPI_Recv
State, "rank-31", MPI_STATE, 0.006193, 0.006568, 0.000375, 0.000000, PMPI_Send
State, "rank-31", MPI_STATE, 0.009591, 0.009591, 0.000000, 0.000000, PMPI_Reduce
State, "rank-31", MPI_STATE, 0.009594, 0.009594, 0.000000, 0.000000, PMPI_Reduce
State, "rank-31", MPI_STATE, 0.009596, 0.010081, 0.000485, 0.000000, PMPI_Barrier
State, "rank-31", MPI_STATE, 0.010082, 0.010082, 0.000000, 0.000000, PMPI_Finalize
Container, 0, MPI, 0, 0.010082, 0.010082, "rank-30"
State, "rank-30", MPI_STATE, 0.000000, 0.000000, 0.000000, 0.000000, PMPI_Init
State, "rank-30", MPI_STATE, 0.000056, 0.000693, 0.000637, 0.000000, PMPI_Barrier
State, "rank-30", MPI_STATE, 0.000698, 0.006568, 0.005870, 0.000000, PMPI_Recv
State, "rank-30", MPI_STATE, 0.009617, 0.009617, 0.000000, 0.000000, PMPI_Reduce
State, "rank-30", MPI_STATE, 0.009620, 0.009620, 0.000000, 0.000000, PMPI_Reduce
State, "rank-30", MPI_STATE, 0.009623, 0.010080, 0.000457, 0.000000, PMPI_Barrier
State, "rank-30", MPI_STATE, 0.010082, 0.010082, 0.000000, 0.000000, PMPI_Finalize
Container, 0, MPI, 0, 0.010082, 0.010082, "rank-29"
State, "rank-29", MPI_STATE, 0.000000, 0.000000, 0.000000, 0.000000, PMPI_Init
State, "rank-29", MPI_STATE, 0.000059, 0.000693, 0.000634, 0.000000, PMPI_Barrier
State, "rank-29", MPI_STATE, 0.000699, 0.004780, 0.004081, 0.000000, PMPI_Recv
State, "rank-29", MPI_STATE, 0.007827, 0.007827, 0.000000, 0.000000, PMPI_Reduce
State, "rank-29", MPI_STATE, 0.007829, 0.007829, 0.000000, 0.000000, PMPI_Reduce
State, "rank-29", MPI_STATE, 0.007831, 0.010080, 0.002249, 0.000000, PMPI_Barrier
State, "rank-29", MPI_STATE, 0.010082, 0.010082, 0.000000, 0.000000, PMPI_Finalize
Container, 0, MPI, 0, 0.010081, 0.010081, "rank-2"
State, "rank-2", MPI_STATE, 0.000000, 0.000000, 0.000000, 0.000000, PMPI_Init
State, "rank-2", MPI_STATE, 0.000071, 0.000693, 0.000622, 0.000000, PMPI_Barrier
State, "rank-2", MPI_STATE, 0.000697, 0.006172, 0.005475, 0.000000, PMPI_Recv
State, "rank-2", MPI_STATE, 0.009210, 0.009210, 0.000000, 0.000000, PMPI_Reduce
State, "rank-2", MPI_STATE, 0.009212, 0.009212, 0.000000, 0.000000, PMPI_Reduce
State, "rank-2", MPI_STATE, 0.009215, 0.010080, 0.000865, 0.000000, PMPI_Barrier
State, "rank-2", MPI_STATE, 0.010081, 0.010081, 0.000000, 0.000000, PMPI_Finalize
Container, 0, MPI, 0, 0.010082, 0.010082, "rank-28"
State, "rank-28", MPI_STATE, 0.000000, 0.000000, 0.000000, 0.000000, PMPI_Init
State, "rank-28", MPI_STATE, 0.000061, 0.000693, 0.000632, 0.000000, PMPI_Barrier
State, "rank-28", MPI_STATE, 0.000697, 0.004401, 0.003704, 0.000000, PMPI_Recv
State, "rank-28", MPI_STATE, 0.004404, 0.004780, 0.000376, 0.000000, PMPI_Send
State, "rank-28", MPI_STATE, 0.007779, 0.007779, 0.000000, 0.000000, PMPI_Reduce
State, "rank-28", MPI_STATE, 0.007782, 0.007782, 0.000000, 0.000000, PMPI_Reduce
State, "rank-28", MPI_STATE, 0.007783, 0.010080, 0.002297, 0.000000, PMPI_Barrier
State, "rank-28", MPI_STATE, 0.010082, 0.010082, 0.000000, 0.000000, PMPI_Finalize
Container, 0, MPI, 0, 0.010081, 0.010081, "rank-27"
State, "rank-27", MPI_STATE, 0.000000, 0.000000, 0.000000, 0.000000, PMPI_Init
State, "rank-27", MPI_STATE, 0.000057, 0.000693, 0.000636, 0.000000, PMPI_Barrier
State, "rank-27", MPI_STATE, 0.000698, 0.003643, 0.002945, 0.000000, PMPI_Recv
State, "rank-27", MPI_STATE, 0.003645, 0.004021, 0.000376, 0.000000, PMPI_Send
State, "rank-27", MPI_STATE, 0.004023, 0.004401, 0.000378, 0.000000, PMPI_Send
State, "rank-27", MPI_STATE, 0.004404, 0.004780, 0.000376, 0.000000, PMPI_Send
State, "rank-27", MPI_STATE, 0.007770, 0.007770, 0.000000, 0.000000, PMPI_Reduce
State, "rank-27", MPI_STATE, 0.007774, 0.007774, 0.000000, 0.000000, PMPI_Reduce
State, "rank-27", MPI_STATE, 0.007776, 0.010080, 0.002304, 0.000000, PMPI_Barrier
State, "rank-27", MPI_STATE, 0.010081, 0.010081, 0.000000, 0.000000, PMPI_Finalize
Container, 0, MPI, 0, 0.010082, 0.010082, "rank-26"
State, "rank-26", MPI_STATE, 0.000000, 0.000000, 0.000000, 0.000000, PMPI_Init
State, "rank-26", MPI_STATE, 0.000066, 0.000693, 0.000627, 0.000000, PMPI_Barrier
State, "rank-26", MPI_STATE, 0.000698, 0.004780, 0.004082, 0.000000, PMPI_Recv
State, "rank-26", MPI_STATE, 0.007780, 0.007780, 0.000000, 0.000000, PMPI_Reduce
State, "rank-26", MPI_STATE, 0.007783, 0.007783, 0.000000, 0.000000, PMPI_Reduce
State, "rank-26", MPI_STATE, 0.007786, 0.010080, 0.002294, 0.000000, PMPI_Barrier
State, "rank-26", MPI_STATE, 0.010082, 0.010082, 0.000000, 0.000000, PMPI_Finalize
Container, 0, MPI, 0, 0.010082, 0.010082, "rank-25"
State, "rank-25", MPI_STATE, 0.000000, 0.000000, 0.000000, 0.000000, PMPI_Init
State, "rank-25", MPI_STATE, 0.000056, 0.000693, 0.000637, 0.000000, PMPI_Barrier
State, "rank-25", MPI_STATE, 0.000697, 0.004949, 0.004252, 0.000000, PMPI_Recv
State, "rank-25", MPI_STATE, 0.008023, 0.008023, 0.000000, 0.000000, PMPI_Reduce
State, "rank-25", MPI_STATE, 0.008026, 0.008026, 0.000000, 0.000000, PMPI_Reduce
State, "rank-25", MPI_STATE, 0.008028, 0.010080, 0.002052, 0.000000, PMPI_Barrier
State, "rank-25", MPI_STATE, 0.010082, 0.010082, 0.000000, 0.000000, PMPI_Finalize
Container, 0, MPI, 0, 0.010082, 0.010082, "rank-24"
State, "rank-24", MPI_STATE, 0.000000, 0.000000, 0.000000, 0.000000, PMPI_Init
State, "rank-24", MPI_STATE, 0.000055, 0.000693, 0.000638, 0.000000, PMPI_Barrier
State, "rank-24", MPI_STATE, 0.000697, 0.004021, 0.003324, 0.000000, PMPI_Recv
State, "rank-24", MPI_STATE, 0.004025, 0.004572, 0.000547, 0.000000, PMPI_Send
State, "rank-24", MPI_STATE, 0.004574, 0.004949, 0.000375, 0.000000, PMPI_Send
State, "rank-24", MPI_STATE, 0.007935, 0.007935, 0.000000, 0.000000, PMPI_Reduce
State, "rank-24", MPI_STATE, 0.007937, 0.007937, 0.000000, 0.000000, PMPI_Reduce
State, "rank-24", MPI_STATE, 0.007938, 0.010080, 0.002142, 0.000000, PMPI_Barrier
State, "rank-24", MPI_STATE, 0.010082, 0.010082, 0.000000, 0.000000, PMPI_Finalize
Container, 0, MPI, 0, 0.010082, 0.010082, "rank-23"
State, "rank-23", MPI_STATE, 0.000000, 0.000000, 0.000000, 0.000000, PMPI_Init
State, "rank-23", MPI_STATE, 0.000057, 0.000693, 0.000636, 0.000000, PMPI_Barrier
State, "rank-23", MPI_STATE, 0.000698, 0.004572, 0.003874, 0.000000, PMPI_Recv
State, "rank-23", MPI_STATE, 0.004575, 0.004950, 0.000375, 0.000000, PMPI_Send
State, "rank-23", MPI_STATE, 0.007935, 0.007935, 0.000000, 0.000000, PMPI_Reduce
State, "rank-23", MPI_STATE, 0.007938, 0.007938, 0.000000, 0.000000, PMPI_Reduce
State, "rank-23", MPI_STATE, 0.007940, 0.010080, 0.002140, 0.000000, PMPI_Barrier
State, "rank-23", MPI_STATE, 0.010082, 0.010082, 0.000000, 0.000000, PMPI_Finalize
Container, 0, MPI, 0, 0.010082, 0.010082, "rank-22"
State, "rank-22", MPI_STATE, 0.000000, 0.000000, 0.000000, 0.000000, PMPI_Init
State, "rank-22", MPI_STATE, 0.000056, 0.000693, 0.000637, 0.000000, PMPI_Barrier
State, "rank-22", MPI_STATE, 0.000698, 0.004950, 0.004252, 0.000000, PMPI_Recv
State, "rank-22", MPI_STATE, 0.007943, 0.007943, 0.000000, 0.000000, PMPI_Reduce
State, "rank-22", MPI_STATE, 0.007945, 0.007945, 0.000000, 0.000000, PMPI_Reduce
State, "rank-22", MPI_STATE, 0.007947, 0.010080, 0.002133, 0.000000, PMPI_Barrier
State, "rank-22", MPI_STATE, 0.010082, 0.010082, 0.000000, 0.000000, PMPI_Finalize
Container, 0, MPI, 0, 0.010084, 0.010084, "rank-21"
State, "rank-21", MPI_STATE, 0.000000, 0.000000, 0.000000, 0.000000, PMPI_Init
State, "rank-21", MPI_STATE, 0.000054, 0.000693, 0.000639, 0.000000, PMPI_Barrier
State, "rank-21", MPI_STATE, 0.000697, 0.004702, 0.004005, 0.000000, PMPI_Recv
State, "rank-21", MPI_STATE, 0.007772, 0.007772, 0.000000, 0.000000, PMPI_Reduce
State, "rank-21", MPI_STATE, 0.007775, 0.007775, 0.000000, 0.000000, PMPI_Reduce
State, "rank-21", MPI_STATE, 0.007777, 0.010080, 0.002303, 0.000000, PMPI_Barrier
State, "rank-21", MPI_STATE, 0.010084, 0.010084, 0.000000, 0.000000, PMPI_Finalize
Container, 0, MPI, 0, 0.010082, 0.010082, "rank-20"
State, "rank-20", MPI_STATE, 0.000000, 0.000000, 0.000000, 0.000000, PMPI_Init
State, "rank-20", MPI_STATE, 0.000066, 0.000693, 0.000627, 0.000000, PMPI_Barrier
State, "rank-20", MPI_STATE, 0.000697, 0.004322, 0.003625, 0.000000, PMPI_Recv
State, "rank-20", MPI_STATE, 0.004326, 0.004702, 0.000376, 0.000000, PMPI_Send
State, "rank-20", MPI_STATE, 0.007699, 0.007699, 0.000000, 0.000000, PMPI_Reduce
State, "rank-20", MPI_STATE, 0.007702, 0.007702, 0.000000, 0.000000, PMPI_Reduce
State, "rank-20", MPI_STATE, 0.007704, 0.010080, 0.002376, 0.000000, PMPI_Barrier
State, "rank-20", MPI_STATE, 0.010082, 0.010082, 0.000000, 0.000000, PMPI_Finalize
Container, 0, MPI, 0, 0.010082, 0.010082, "rank-19"
State, "rank-19", MPI_STATE, 0.000000, 0.000000, 0.000000, 0.000000, PMPI_Init
State, "rank-19", MPI_STATE, 0.000053, 0.000693, 0.000640, 0.000000, PMPI_Barrier
State, "rank-19", MPI_STATE, 0.000697, 0.003815, 0.003118, 0.000000, PMPI_Recv
State, "rank-19", MPI_STATE, 0.003819, 0.004322, 0.000503, 0.000000, PMPI_Send
State, "rank-19", MPI_STATE, 0.004325, 0.004701, 0.000376, 0.000000, PMPI_Send
State, "rank-19", MPI_STATE, 0.007704, 0.007704, 0.000000, 0.000000, PMPI_Reduce
State, "rank-19", MPI_STATE, 0.007708, 0.007708, 0.000000, 0.000000, PMPI_Reduce
State, "rank-19", MPI_STATE, 0.007709, 0.010080, 0.002371, 0.000000, PMPI_Barrier
State, "rank-19", MPI_STATE, 0.010082, 0.010082, 0.000000, 0.000000, PMPI_Finalize
Container, 0, MPI, 0, 0.010082, 0.010082, "rank-1"
State, "rank-1", MPI_STATE, 0.000000, 0.000000, 0.000000, 0.000000, PMPI_Init
State, "rank-1", MPI_STATE, 0.000075, 0.000693, 0.000618, 0.000000, PMPI_Barrier
State, "rank-1", MPI_STATE, 0.000697, 0.006766, 0.006069, 0.000000, PMPI_Recv
State, "rank-1", MPI_STATE, 0.009771, 0.009771, 0.000000, 0.000000, PMPI_Reduce
State, "rank-1", MPI_STATE, 0.009774, 0.009774, 0.000000, 0.000000, PMPI_Reduce
State, "rank-1", MPI_STATE, 0.009778, 0.010080, 0.000302, 0.000000, PMPI_Barrier
State, "rank-1", MPI_STATE, 0.010082, 0.010082, 0.000000, 0.000000, PMPI_Finalize
Container, 0, MPI, 0, 0.010082, 0.010082, "rank-18"
State, "rank-18", MPI_STATE, 0.000000, 0.000000, 0.000000, 0.000000, PMPI_Init
State, "rank-18", MPI_STATE, 0.000054, 0.000693, 0.000639, 0.000000, PMPI_Barrier
State, "rank-18", MPI_STATE, 0.000697, 0.004701, 0.004004, 0.000000, PMPI_Recv
State, "rank-18", MPI_STATE, 0.008051, 0.008051, 0.000000, 0.000000, PMPI_Reduce
State, "rank-18", MPI_STATE, 0.008053, 0.008053, 0.000000, 0.000000, PMPI_Reduce
State, "rank-18", MPI_STATE, 0.008055, 0.010080, 0.002025, 0.000000, PMPI_Barrier
State, "rank-18", MPI_STATE, 0.010082, 0.010082, 0.000000, 0.000000, PMPI_Finalize
Container, 0, MPI, 0, 0.010082, 0.010082, "rank-17"
State, "rank-17", MPI_STATE, 0.000000, 0.000000, 0.000000, 0.000000, PMPI_Init
State, "rank-17", MPI_STATE, 0.000053, 0.000693, 0.000640, 0.000000, PMPI_Barrier
State, "rank-17", MPI_STATE, 0.000697, 0.006235, 0.005538, 0.000000, PMPI_Recv
State, "rank-17", MPI_STATE, 0.009400, 0.009400, 0.000000, 0.000000, PMPI_Reduce
State, "rank-17", MPI_STATE, 0.009403, 0.009403, 0.000000, 0.000000, PMPI_Reduce
State, "rank-17", MPI_STATE, 0.009405, 0.010080, 0.000675, 0.000000, PMPI_Barrier
State, "rank-17", MPI_STATE, 0.010082, 0.010082, 0.000000, 0.000000, PMPI_Finalize
Container, 0, MPI, 0, 0.010082, 0.010082, "rank-16"
State, "rank-16", MPI_STATE, 0.000000, 0.000000, 0.000000, 0.000000, PMPI_Init
State, "rank-16", MPI_STATE, 0.000064, 0.000693, 0.000629, 0.000000, PMPI_Barrier
State, "rank-16", MPI_STATE, 0.000699, 0.003434, 0.002735, 0.000000, PMPI_Recv
State, "rank-16", MPI_STATE, 0.003438, 0.003815, 0.000377, 0.000000, PMPI_Send
State, "rank-16", MPI_STATE, 0.003818, 0.005858, 0.002040, 0.000000, PMPI_Send
State, "rank-16", MPI_STATE, 0.005860, 0.006235, 0.000375, 0.000000, PMPI_Send
State, "rank-16", MPI_STATE, 0.009237, 0.009237, 0.000000, 0.000000, PMPI_Reduce
State, "rank-16", MPI_STATE, 0.009240, 0.009240, 0.000000, 0.000000, PMPI_Reduce
State, "rank-16", MPI_STATE, 0.009241, 0.010080, 0.000839, 0.000000, PMPI_Barrier
State, "rank-16", MPI_STATE, 0.010082, 0.010082, 0.000000, 0.000000, PMPI_Finalize
Container, 0, MPI, 0, 0.010082, 0.010082, "rank-15"
State, "rank-15", MPI_STATE, 0.000000, 0.000000, 0.000000, 0.000000, PMPI_Init
State, "rank-15", MPI_STATE, 0.000062, 0.000693, 0.000631, 0.000000, PMPI_Barrier
State, "rank-15", MPI_STATE, 0.000699, 0.005858, 0.005159, 0.000000, PMPI_Recv
State, "rank-15", MPI_STATE, 0.005861, 0.006236, 0.000375, 0.000000, PMPI_Send
State, "rank-15", MPI_STATE, 0.009235, 0.009235, 0.000000, 0.000000, PMPI_Reduce
State, "rank-15", MPI_STATE, 0.009239, 0.009239, 0.000000, 0.000000, PMPI_Reduce
State, "rank-15", MPI_STATE, 0.009241, 0.010080, 0.000839, 0.000000, PMPI_Barrier
State, "rank-15", MPI_STATE, 0.010082, 0.010082, 0.000000, 0.000000, PMPI_Finalize
Container, 0, MPI, 0, 0.010081, 0.010081, "rank-14"
State, "rank-14", MPI_STATE, 0.000000, 0.000000, 0.000000, 0.000000, PMPI_Init
State, "rank-14", MPI_STATE, 0.000063, 0.000693, 0.000630, 0.000000, PMPI_Barrier
State, "rank-14", MPI_STATE, 0.000698, 0.006236, 0.005538, 0.000000, PMPI_Recv
State, "rank-14", MPI_STATE, 0.009270, 0.009270, 0.000000, 0.000000, PMPI_Reduce
State, "rank-14", MPI_STATE, 0.009274, 0.009274, 0.000000, 0.000000, PMPI_Reduce
State, "rank-14", MPI_STATE, 0.009276, 0.010080, 0.000804, 0.000000, PMPI_Barrier
State, "rank-14", MPI_STATE, 0.010081, 0.010081, 0.000000, 0.000000, PMPI_Finalize
Container, 0, MPI, 0, 0.010082, 0.010082, "rank-13"
State, "rank-13", MPI_STATE, 0.000000, 0.000000, 0.000000, 0.000000, PMPI_Init
State, "rank-13", MPI_STATE, 0.000063, 0.000693, 0.000630, 0.000000, PMPI_Barrier
State, "rank-13", MPI_STATE, 0.000697, 0.004573, 0.003876, 0.000000, PMPI_Recv
State, "rank-13", MPI_STATE, 0.007583, 0.007583, 0.000000, 0.000000, PMPI_Reduce
State, "rank-13", MPI_STATE, 0.007585, 0.007585, 0.000000, 0.000000, PMPI_Reduce
State, "rank-13", MPI_STATE, 0.007587, 0.010080, 0.002493, 0.000000, PMPI_Barrier
State, "rank-13", MPI_STATE, 0.010082, 0.010082, 0.000000, 0.000000, PMPI_Finalize
Container, 0, MPI, 0, 0.01008, 0.01008, "rank-12"
State, "rank-12", MPI_STATE, 0.000000, 0.000000, 0.000000, 0.000000, PMPI_Init
State, "rank-12", MPI_STATE, 0.000066, 0.000693, 0.000627, 0.000000, PMPI_Barrier
State, "rank-12", MPI_STATE, 0.000697, 0.004194, 0.003497, 0.000000, PMPI_Recv
State, "rank-12", MPI_STATE, 0.004197, 0.004573, 0.000376, 0.000000, PMPI_Send
State, "rank-12", MPI_STATE, 0.007625, 0.007625, 0.000000, 0.000000, PMPI_Reduce
State, "rank-12", MPI_STATE, 0.007628, 0.007628, 0.000000, 0.000000, PMPI_Reduce
State, "rank-12", MPI_STATE, 0.007630, 0.010080, 0.002450, 0.000000, PMPI_Barrier
State, "rank-12", MPI_STATE, 0.010080, 0.010080, 0.000000, 0.000000, PMPI_Finalize
Container, 0, MPI, 0, 0.010084, 0.010084, "rank-127"
State, "rank-127", MPI_STATE, 0.000000, 0.000000, 0.000000, 0.000000, PMPI_Init
State, "rank-127", MPI_STATE, 0.000071, 0.000694, 0.000623, 0.000000, PMPI_Barrier
State, "rank-127", MPI_STATE, 0.000699, 0.006381, 0.005682, 0.000000, PMPI_Recv
State, "rank-127", MPI_STATE, 0.006387, 0.006763, 0.000376, 0.000000, PMPI_Send
State, "rank-127", MPI_STATE, 0.009776, 0.009776, 0.000000, 0.000000, PMPI_Reduce
State, "rank-127", MPI_STATE, 0.009778, 0.009778, 0.000000, 0.000000, PMPI_Reduce
State, "rank-127", MPI_STATE, 0.009780, 0.010081, 0.000301, 0.000000, PMPI_Barrier
State, "rank-127", MPI_STATE, 0.010084, 0.010084, 0.000000, 0.000000, PMPI_Finalize
Container, 0, MPI, 0, 0.010083, 0.010083, "rank-126"
State, "rank-126", MPI_STATE, 0.000000, 0.000000, 0.000000, 0.000000, PMPI_Init
State, "rank-126", MPI_STATE, 0.000071, 0.000694, 0.000623, 0.000000, PMPI_Barrier
State, "rank-126", MPI_STATE, 0.000699, 0.006763, 0.006064, 0.000000, PMPI_Recv
State, "rank-126", MPI_STATE, 0.009869, 0.009869, 0.000000, 0.000000, PMPI_Reduce
State, "rank-126", MPI_STATE, 0.009873, 0.009873, 0.000000, 0.000000, PMPI_Reduce
State, "rank-126", MPI_STATE, 0.009874, 0.010081, 0.000207, 0.000000, PMPI_Barrier
State, "rank-126", MPI_STATE, 0.010083, 0.010083, 0.000000, 0.000000, PMPI_Finalize
Container, 0, MPI, 0, 0.010083, 0.010083, "rank-125"
State, "rank-125", MPI_STATE, 0.000000, 0.000000, 0.000000, 0.000000, PMPI_Init
State, "rank-125", MPI_STATE, 0.000080, 0.000694, 0.000614, 0.000000, PMPI_Barrier
State, "rank-125", MPI_STATE, 0.000699, 0.004906, 0.004207, 0.000000, PMPI_Recv
State, "rank-125", MPI_STATE, 0.008180, 0.008180, 0.000000, 0.000000, PMPI_Reduce
State, "rank-125", MPI_STATE, 0.008183, 0.008183, 0.000000, 0.000000, PMPI_Reduce
State, "rank-125", MPI_STATE, 0.008185, 0.010081, 0.001896, 0.000000, PMPI_Barrier
State, "rank-125", MPI_STATE, 0.010083, 0.010083, 0.000000, 0.000000, PMPI_Finalize
Container, 0, MPI, 0, 0.010083, 0.010083, "rank-124"
State, "rank-124", MPI_STATE, 0.000000, 0.000000, 0.000000, 0.000000, PMPI_Init
State, "rank-124", MPI_STATE, 0.000076, 0.000693, 0.000617, 0.000000, PMPI_Barrier
State, "rank-124", MPI_STATE, 0.000698, 0.004527, 0.003829, 0.000000, PMPI_Recv
State, "rank-124", MPI_STATE, 0.004530, 0.004906, 0.000376, 0.000000, PMPI_Send
State, "rank-124", MPI_STATE, 0.007906, 0.007906, 0.000000, 0.000000, PMPI_Reduce
State, "rank-124", MPI_STATE, 0.007909, 0.007909, 0.000000, 0.000000, PMPI_Reduce
State, "rank-124", MPI_STATE, 0.007912, 0.010081, 0.002169, 0.000000, PMPI_Barrier
State, "rank-124", MPI_STATE, 0.010083, 0.010083, 0.000000, 0.000000, PMPI_Finalize
Container, 0, MPI, 0, 0.010083, 0.010083, "rank-123"
State, "rank-123", MPI_STATE, 0.000000, 0.000000, 0.000000, 0.000000, PMPI_Init
State, "rank-123", MPI_STATE, 0.000078, 0.000694, 0.000616, 0.000000, PMPI_Barrier
State, "rank-123", MPI_STATE, 0.000698, 0.003765, 0.003067, 0.000000, PMPI_Recv
State, "rank-123", MPI_STATE, 0.003769, 0.004146, 0.000377, 0.000000, PMPI_Send
State, "rank-123", MPI_STATE, 0.004149, 0.004527, 0.000378, 0.000000, PMPI_Send
State, "rank-123", MPI_STATE, 0.004529, 0.004905, 0.000376, 0.000000, PMPI_Send
State, "rank-123", MPI_STATE, 0.007898, 0.007898, 0.000000, 0.000000, PMPI_Reduce
State, "rank-123", MPI_STATE, 0.007901, 0.007901, 0.000000, 0.000000, PMPI_Reduce
State, "rank-123", MPI_STATE, 0.007903, 0.010081, 0.002178, 0.000000, PMPI_Barrier
State, "rank-123", MPI_STATE, 0.010083, 0.010083, 0.000000, 0.000000, PMPI_Finalize
Container, 0, MPI, 0, 0.010083, 0.010083, "rank-122"
State, "rank-122", MPI_STATE, 0.000000, 0.000000, 0.000000, 0.000000, PMPI_Init
State, "rank-122", MPI_STATE, 0.000079, 0.000693, 0.000614, 0.000000, PMPI_Barrier
State, "rank-122", MPI_STATE, 0.000698, 0.004905, 0.004207, 0.000000, PMPI_Recv
State, "rank-122", MPI_STATE, 0.008381, 0.008381, 0.000000, 0.000000, PMPI_Reduce
State, "rank-122", MPI_STATE, 0.008384, 0.008384, 0.000000, 0.000000, PMPI_Reduce
State, "rank-122", MPI_STATE, 0.008386, 0.010081, 0.001695, 0.000000, PMPI_Barrier
State, "rank-122", MPI_STATE, 0.010083, 0.010083, 0.000000, 0.000000, PMPI_Finalize
Container, 0, MPI, 0, 0.010083, 0.010083, "rank-121"
State, "rank-121", MPI_STATE, 0.000000, 0.000000, 0.000000, 0.000000, PMPI_Init
State, "rank-121", MPI_STATE, 0.000076, 0.000693, 0.000617, 0.000000, PMPI_Barrier
State, "rank-121", MPI_STATE, 0.000697, 0.004915, 0.004218, 0.000000, PMPI_Recv
State, "rank-121", MPI_STATE, 0.008173, 0.008173, 0.000000, 0.000000, PMPI_Reduce
State, "rank-121", MPI_STATE, 0.008176, 0.008176, 0.000000, 0.000000, PMPI_Reduce
State, "rank-121", MPI_STATE, 0.008179, 0.010081, 0.001902, 0.000000, PMPI_Barrier
State, "rank-121", MPI_STATE, 0.010083, 0.010083, 0.000000, 0.000000, PMPI_Finalize
Container, 0, MPI, 0, 0.010083, 0.010083, "rank-120"
State, "rank-120", MPI_STATE, 0.000000, 0.000000, 0.000000, 0.000000, PMPI_Init
State, "rank-120", MPI_STATE, 0.000078, 0.000693, 0.000615, 0.000000, PMPI_Barrier
State, "rank-120", MPI_STATE, 0.000698, 0.004146, 0.003448, 0.000000, PMPI_Recv
State, "rank-120", MPI_STATE, 0.004149, 0.004537, 0.000388, 0.000000, PMPI_Send
State, "rank-120", MPI_STATE, 0.004539, 0.004915, 0.000376, 0.000000, PMPI_Send
State, "rank-120", MPI_STATE, 0.007937, 0.007937, 0.000000, 0.000000, PMPI_Reduce
State, "rank-120", MPI_STATE, 0.007940, 0.007940, 0.000000, 0.000000, PMPI_Reduce
State, "rank-120", MPI_STATE, 0.007942, 0.010080, 0.002138, 0.000000, PMPI_Barrier
State, "rank-120", MPI_STATE, 0.010083, 0.010083, 0.000000, 0.000000, PMPI_Finalize
Container, 0, MPI, 0, 0.010083, 0.010083, "rank-119"
State, "rank-119", MPI_STATE, 0.000000, 0.000000, 0.000000, 0.000000, PMPI_Init
State, "rank-119", MPI_STATE, 0.000072, 0.000694, 0.000622, 0.000000, PMPI_Barrier
State, "rank-119", MPI_STATE, 0.000699, 0.004537, 0.003838, 0.000000, PMPI_Recv
State, "rank-119", MPI_STATE, 0.004539, 0.004915, 0.000376, 0.000000, PMPI_Send
State, "rank-119", MPI_STATE, 0.007919, 0.007919, 0.000000, 0.000000, PMPI_Reduce
State, "rank-119", MPI_STATE, 0.007921, 0.007921, 0.000000, 0.000000, PMPI_Reduce
State, "rank-119", MPI_STATE, 0.007923, 0.010081, 0.002158, 0.000000, PMPI_Barrier
State, "rank-119", MPI_STATE, 0.010083, 0.010083, 0.000000, 0.000000, PMPI_Finalize
Container, 0, MPI, 0, 0.010082, 0.010082, "rank-11"
State, "rank-11", MPI_STATE, 0.000000, 0.000000, 0.000000, 0.000000, PMPI_Init
State, "rank-11", MPI_STATE, 0.000081, 0.000693, 0.000612, 0.000000, PMPI_Barrier
State, "rank-11", MPI_STATE, 0.000697, 0.002262, 0.001565, 0.000000, PMPI_Recv
State, "rank-11", MPI_STATE, 0.002264, 0.003434, 0.001170, 0.000000, PMPI_Send
State, "rank-11", MPI_STATE, 0.003436, 0.003813, 0.000377, 0.000000, PMPI_Send
State, "rank-11", MPI_STATE, 0.003816, 0.004194, 0.000378, 0.000000, PMPI_Send
State, "rank-11", MPI_STATE, 0.004196, 0.004572, 0.000376, 0.000000, PMPI_Send
State, "rank-11", MPI_STATE, 0.007636, 0.007636, 0.000000, 0.000000, PMPI_Reduce
State, "rank-11", MPI_STATE, 0.007640, 0.007640, 0.000000, 0.000000, PMPI_Reduce
State, "rank-11", MPI_STATE, 0.007642, 0.010080, 0.002438, 0.000000, PMPI_Barrier
State, "rank-11", MPI_STATE, 0.010082, 0.010082, 0.000000, 0.000000, PMPI_Finalize
Container, 0, MPI, 0, 0.010084, 0.010084, "rank-118"
State, "rank-118", MPI_STATE, 0.000000, 0.000000, 0.000000, 0.000000, PMPI_Init
State, "rank-118", MPI_STATE, 0.000071, 0.000693, 0.000622, 0.000000, PMPI_Barrier
State, "rank-118", MPI_STATE, 0.000699, 0.004915, 0.004216, 0.000000, PMPI_Recv
State, "rank-118", MPI_STATE, 0.008182, 0.008182, 0.000000, 0.000000, PMPI_Reduce
State, "rank-118", MPI_STATE, 0.008184, 0.008184, 0.000000, 0.000000, PMPI_Reduce
State, "rank-118", MPI_STATE, 0.008186, 0.010081, 0.001895, 0.000000, PMPI_Barrier
State, "rank-118", MPI_STATE, 0.010084, 0.010084, 0.000000, 0.000000, PMPI_Finalize
Container, 0, MPI, 0, 0.010083, 0.010083, "rank-117"
State, "rank-117", MPI_STATE, 0.000000, 0.000000, 0.000000, 0.000000, PMPI_Init
State, "rank-117", MPI_STATE, 0.000070, 0.000693, 0.000623, 0.000000, PMPI_Barrier
State, "rank-117", MPI_STATE, 0.000697, 0.003784, 0.003087, 0.000000, PMPI_Recv
State, "rank-117", MPI_STATE, 0.006871, 0.006871, 0.000000, 0.000000, PMPI_Reduce
State, "rank-117", MPI_STATE, 0.006873, 0.006873, 0.000000, 0.000000, PMPI_Reduce
State, "rank-117", MPI_STATE, 0.006875, 0.010081, 0.003206, 0.000000, PMPI_Barrier
State, "rank-117", MPI_STATE, 0.010083, 0.010083, 0.000000, 0.000000, PMPI_Finalize
Container, 0, MPI, 0, 0.010082, 0.010082, "rank-116"
State, "rank-116", MPI_STATE, 0.000000, 0.000000, 0.000000, 0.000000, PMPI_Init
State, "rank-116", MPI_STATE, 0.000074, 0.000693, 0.000619, 0.000000, PMPI_Barrier
State, "rank-116", MPI_STATE, 0.000697, 0.003405, 0.002708, 0.000000, PMPI_Recv
State, "rank-116", MPI_STATE, 0.003409, 0.003784, 0.000375, 0.000000, PMPI_Send
State, "rank-116", MPI_STATE, 0.006780, 0.006780, 0.000000, 0.000000, PMPI_Reduce
State, "rank-116", MPI_STATE, 0.006783, 0.006783, 0.000000, 0.000000, PMPI_Reduce
State, "rank-116", MPI_STATE, 0.006785, 0.010080, 0.003295, 0.000000, PMPI_Barrier
State, "rank-116", MPI_STATE, 0.010082, 0.010082, 0.000000, 0.000000, PMPI_Finalize
Container, 0, MPI, 0, 0.010083, 0.010083, "rank-115"
State, "rank-115", MPI_STATE, 0.000000, 0.000000, 0.000000, 0.000000, PMPI_Init
State, "rank-115", MPI_STATE, 0.000074, 0.000693, 0.000619, 0.000000, PMPI_Barrier
State, "rank-115", MPI_STATE, 0.000697, 0.003024, 0.002327, 0.000000, PMPI_Recv
State, "rank-115", MPI_STATE, 0.003027, 0.003405, 0.000378, 0.000000, PMPI_Send
State, "rank-115", MPI_STATE, 0.003408, 0.003783, 0.000375, 0.000000, PMPI_Send
State, "rank-115", MPI_STATE, 0.006773, 0.006773, 0.000000, 0.000000, PMPI_Reduce
State, "rank-115", MPI_STATE, 0.006777, 0.006777, 0.000000, 0.000000, PMPI_Reduce
State, "rank-115", MPI_STATE, 0.006779, 0.010081, 0.003302, 0.000000, PMPI_Barrier
State, "rank-115", MPI_STATE, 0.010083, 0.010083, 0.000000, 0.000000, PMPI_Finalize
Container, 0, MPI, 0, 0.010082, 0.010082, "rank-114"
State, "rank-114", MPI_STATE, 0.000000, 0.000000, 0.000000, 0.000000, PMPI_Init
State, "rank-114", MPI_STATE, 0.000072, 0.000693, 0.000621, 0.000000, PMPI_Barrier
State, "rank-114", MPI_STATE, 0.000697, 0.003783, 0.003086, 0.000000, PMPI_Recv
State, "rank-114", MPI_STATE, 0.007142, 0.007142, 0.000000, 0.000000, PMPI_Reduce
State, "rank-114", MPI_STATE, 0.007145, 0.007145, 0.000000, 0.000000, PMPI_Reduce
State, "rank-114", MPI_STATE, 0.007147, 0.010080, 0.002933, 0.000000, PMPI_Barrier
State, "rank-114", MPI_STATE, 0.010082, 0.010082, 0.000000, 0.000000, PMPI_Finalize
Container, 0, MPI, 0, 0.010082, 0.010082, "rank-113"
State, "rank-113", MPI_STATE, 0.000000, 0.000000, 0.000000, 0.000000, PMPI_Init
State, "rank-113", MPI_STATE, 0.000075, 0.000693, 0.000618, 0.000000, PMPI_Barrier
State, "rank-113", MPI_STATE, 0.000698, 0.004903, 0.004205, 0.000000, PMPI_Recv
State, "rank-113", MPI_STATE, 0.007943, 0.007943, 0.000000, 0.000000, PMPI_Reduce
State, "rank-113", MPI_STATE, 0.007945, 0.007945, 0.000000, 0.000000, PMPI_Reduce
State, "rank-113", MPI_STATE, 0.007946, 0.010080, 0.002134, 0.000000, PMPI_Barrier
State, "rank-113", MPI_STATE, 0.010082, 0.010082, 0.000000, 0.000000, PMPI_Finalize
Container, 0, MPI, 0, 0.010082, 0.010082, "rank-112"
State, "rank-112", MPI_STATE, 0.000000, 0.000000, 0.000000, 0.000000, PMPI_Init
State, "rank-112", MPI_STATE, 0.000072, 0.000693, 0.000621, 0.000000, PMPI_Barrier
State, "rank-112", MPI_STATE, 0.000698, 0.002644, 0.001946, 0.000000, PMPI_Recv
State, "rank-112", MPI_STATE, 0.002647, 0.003024, 0.000377, 0.000000, PMPI_Send
State, "rank-112", MPI_STATE, 0.003026, 0.004523, 0.001497, 0.000000, PMPI_Send
State, "rank-112", MPI_STATE, 0.004525, 0.004903, 0.000378, 0.000000, PMPI_Send
State, "rank-112", MPI_STATE, 0.007918, 0.007918, 0.000000, 0.000000, PMPI_Reduce
State, "rank-112", MPI_STATE, 0.007921, 0.007921, 0.000000, 0.000000, PMPI_Reduce
State, "rank-112", MPI_STATE, 0.007924, 0.010080, 0.002156, 0.000000, PMPI_Barrier
State, "rank-112", MPI_STATE, 0.010082, 0.010082, 0.000000, 0.000000, PMPI_Finalize
Container, 0, MPI, 0, 0.010082, 0.010082, "rank-111"
State, "rank-111", MPI_STATE, 0.000000, 0.000000, 0.000000, 0.000000, PMPI_Init
State, "rank-111", MPI_STATE, 0.000073, 0.000694, 0.000621, 0.000000, PMPI_Barrier
State, "rank-111", MPI_STATE, 0.000701, 0.004523, 0.003822, 0.000000, PMPI_Recv
State, "rank-111", MPI_STATE, 0.004527, 0.004902, 0.000375, 0.000000, PMPI_Send
State, "rank-111", MPI_STATE, 0.007961, 0.007961, 0.000000, 0.000000, PMPI_Reduce
State, "rank-111", MPI_STATE, 0.007964, 0.007964, 0.000000, 0.000000, PMPI_Reduce
State, "rank-111", MPI_STATE, 0.007965, 0.010081, 0.002116, 0.000000, PMPI_Barrier
State, "rank-111", MPI_STATE, 0.010082, 0.010082, 0.000000, 0.000000, PMPI_Finalize
Container, 0, MPI, 0, 0.010083, 0.010083, "rank-110"
State, "rank-110", MPI_STATE, 0.000000, 0.000000, 0.000000, 0.000000, PMPI_Init
State, "rank-110", MPI_STATE, 0.000072, 0.000693, 0.000621, 0.000000, PMPI_Barrier
State, "rank-110", MPI_STATE, 0.000696, 0.004902, 0.004206, 0.000000, PMPI_Recv
State, "rank-110", MPI_STATE, 0.008294, 0.008294, 0.000000, 0.000000, PMPI_Reduce
State, "rank-110", MPI_STATE, 0.008297, 0.008297, 0.000000, 0.000000, PMPI_Reduce
State, "rank-110", MPI_STATE, 0.008300, 0.010081, 0.001781, 0.000000, PMPI_Barrier
State, "rank-110", MPI_STATE, 0.010083, 0.010083, 0.000000, 0.000000, PMPI_Finalize
Container, 0, MPI, 0, 0.010083, 0.010083, "rank-109"
State, "rank-109", MPI_STATE, 0.000000, 0.000000, 0.000000, 0.000000, PMPI_Init
State, "rank-109", MPI_STATE, 0.000076, 0.000693, 0.000617, 0.000000, PMPI_Barrier
State, "rank-109", MPI_STATE, 0.000696, 0.003780, 0.003084, 0.000000, PMPI_Recv
State, "rank-109", MPI_STATE, 0.006991, 0.006991, 0.000000, 0.000000, PMPI_Reduce
State, "rank-109", MPI_STATE, 0.006993, 0.006993, 0.000000, 0.000000, PMPI_Reduce
State, "rank-109", MPI_STATE, 0.006995, 0.010081, 0.003086, 0.000000, PMPI_Barrier
State, "rank-109", MPI_STATE, 0.010083, 0.010083, 0.000000, 0.000000, PMPI_Finalize
Container, 0, MPI, 0, 0.010081, 0.010081, "rank-10"
State, "rank-10", MPI_STATE, 0.000000, 0.000000, 0.000000, 0.000000, PMPI_Init
State, "rank-10", MPI_STATE, 0.000061, 0.000693, 0.000632, 0.000000, PMPI_Barrier
State, "rank-10", MPI_STATE, 0.000697, 0.004572, 0.003875, 0.000000, PMPI_Recv
State, "rank-10", MPI_STATE, 0.007753, 0.007753, 0.000000, 0.000000, PMPI_Reduce
State, "rank-10", MPI_STATE, 0.007756, 0.007756, 0.000000, 0.000000, PMPI_Reduce
State, "rank-10", MPI_STATE, 0.007758, 0.010080, 0.002322, 0.000000, PMPI_Barrier
State, "rank-10", MPI_STATE, 0.010081, 0.010081, 0.000000, 0.000000, PMPI_Finalize
Container, 0, MPI, 0, 0.010083, 0.010083, "rank-108"
State, "rank-108", MPI_STATE, 0.000000, 0.000000, 0.000000, 0.000000, PMPI_Init
State, "rank-108", MPI_STATE, 0.000071, 0.000693, 0.000622, 0.000000, PMPI_Barrier
State, "rank-108", MPI_STATE, 0.000697, 0.003402, 0.002705, 0.000000, PMPI_Recv
State, "rank-108", MPI_STATE, 0.003405, 0.003780, 0.000375, 0.000000, PMPI_Send
State, "rank-108", MPI_STATE, 0.006778, 0.006778, 0.000000, 0.000000, PMPI_Reduce
State, "rank-108", MPI_STATE, 0.006780, 0.006780, 0.000000, 0.000000, PMPI_Reduce
State, "rank-108", MPI_STATE, 0.006782, 0.010080, 0.003298, 0.000000, PMPI_Barrier
State, "rank-108", MPI_STATE, 0.010083, 0.010083, 0.000000, 0.000000, PMPI_Finalize
Container, 0, MPI, 0, 0.010082, 0.010082, "rank-107"
State, "rank-107", MPI_STATE, 0.000000, 0.000000, 0.000000, 0.000000, PMPI_Init
State, "rank-107", MPI_STATE, 0.000073, 0.000693, 0.000620, 0.000000, PMPI_Barrier
State, "rank-107", MPI_STATE, 0.000698, 0.001883, 0.001185, 0.000000, PMPI_Recv
State, "rank-107", MPI_STATE, 0.001886, 0.002264, 0.000378, 0.000000, PMPI_Send
State, "rank-107", MPI_STATE, 0.002265, 0.002644, 0.000379, 0.000000, PMPI_Send
State, "rank-107", MPI_STATE, 0.002645, 0.003022, 0.000377, 0.000000, PMPI_Send
State, "rank-107", MPI_STATE, 0.003024, 0.003402, 0.000378, 0.000000, PMPI_Send
State, "rank-107", MPI_STATE, 0.003404, 0.003779, 0.000375, 0.000000, PMPI_Send
State, "rank-107", MPI_STATE, 0.006852, 0.006852, 0.000000, 0.000000, PMPI_Reduce
State, "rank-107", MPI_STATE, 0.006854, 0.006854, 0.000000, 0.000000, PMPI_Reduce
State, "rank-107", MPI_STATE, 0.006855, 0.010081, 0.003226, 0.000000, PMPI_Barrier
State, "rank-107", MPI_STATE, 0.010082, 0.010082, 0.000000, 0.000000, PMPI_Finalize
Container, 0, MPI, 0, 0.010081, 0.010081, "rank-106"
State, "rank-106", MPI_STATE, 0.000000, 0.000000, 0.000000, 0.000000, PMPI_Init
State, "rank-106", MPI_STATE, 0.000072, 0.000693, 0.000621, 0.000000, PMPI_Barrier
State, "rank-106", MPI_STATE, 0.000696, 0.003779, 0.003083, 0.000000, PMPI_Recv
State, "rank-106", MPI_STATE, 0.007166, 0.007166, 0.000000, 0.000000, PMPI_Reduce
State, "rank-106", MPI_STATE, 0.007169, 0.007169, 0.000000, 0.000000, PMPI_Reduce
State, "rank-106", MPI_STATE, 0.007171, 0.010080, 0.002909, 0.000000, PMPI_Barrier
State, "rank-106", MPI_STATE, 0.010081, 0.010081, 0.000000, 0.000000, PMPI_Finalize
Container, 0, MPI, 0, 0.010082, 0.010082, "rank-105"
State, "rank-105", MPI_STATE, 0.000000, 0.000000, 0.000000, 0.000000, PMPI_Init
State, "rank-105", MPI_STATE, 0.000071, 0.000693, 0.000622, 0.000000, PMPI_Barrier
State, "rank-105", MPI_STATE, 0.000697, 0.004699, 0.004002, 0.000000, PMPI_Recv
State, "rank-105", MPI_STATE, 0.008203, 0.008203, 0.000000, 0.000000, PMPI_Reduce
State, "rank-105", MPI_STATE, 0.008206, 0.008206, 0.000000, 0.000000, PMPI_Reduce
State, "rank-105", MPI_STATE, 0.008207, 0.010080, 0.001873, 0.000000, PMPI_Barrier
State, "rank-105", MPI_STATE, 0.010082, 0.010082, 0.000000, 0.000000, PMPI_Finalize
Container, 0, MPI, 0, 0.010083, 0.010083, "rank-104"
State, "rank-104", MPI_STATE, 0.000000, 0.000000, 0.000000, 0.000000, PMPI_Init
State, "rank-104", MPI_STATE, 0.000070, 0.000693, 0.000623, 0.000000, PMPI_Barrier
State, "rank-104", MPI_STATE, 0.000696, 0.003022, 0.002326, 0.000000, PMPI_Recv
State, "rank-104", MPI_STATE, 0.003025, 0.004321, 0.001296, 0.000000, PMPI_Send
State, "rank-104", MPI_STATE, 0.004323, 0.004699, 0.000376, 0.000000, PMPI_Send
State, "rank-104", MPI_STATE, 0.007687, 0.007687, 0.000000, 0.000000, PMPI_Reduce
State, "rank-104", MPI_STATE, 0.007690, 0.007690, 0.000000, 0.000000, PMPI_Reduce
State, "rank-104", MPI_STATE, 0.007692, 0.010080, 0.002388, 0.000000, PMPI_Barrier
State, "rank-104", MPI_STATE, 0.010083, 0.010083, 0.000000, 0.000000, PMPI_Finalize
Container, 0, MPI, 0, 0.010083, 0.010083, "rank-103"
State, "rank-103", MPI_STATE, 0.000000, 0.000000, 0.000000, 0.000000, PMPI_Init
State, "rank-103", MPI_STATE, 0.000072, 0.000693, 0.000621, 0.000000, PMPI_Barrier
State, "rank-103", MPI_STATE, 0.000699, 0.004321, 0.003622, 0.000000, PMPI_Recv
State, "rank-103", MPI_STATE, 0.004326, 0.004702, 0.000376, 0.000000, PMPI_Send
State, "rank-103", MPI_STATE, 0.007692, 0.007692, 0.000000, 0.000000, PMPI_Reduce
State, "rank-103", MPI_STATE, 0.007695, 0.007695, 0.000000, 0.000000, PMPI_Reduce
State, "rank-103", MPI_STATE, 0.007697, 0.010081, 0.002384, 0.000000, PMPI_Barrier
State, "rank-103", MPI_STATE, 0.010083, 0.010083, 0.000000, 0.000000, PMPI_Finalize
Container, 0, MPI, 0, 0.010082, 0.010082, "rank-102"
State, "rank-102", MPI_STATE, 0.000000, 0.000000, 0.000000, 0.000000, PMPI_Init
State, "rank-102", MPI_STATE, 0.000070, 0.000693, 0.000623, 0.000000, PMPI_Barrier
State, "rank-102", MPI_STATE, 0.000697, 0.004702, 0.004005, 0.000000, PMPI_Recv
State, "rank-102", MPI_STATE, 0.007699, 0.007699, 0.000000, 0.000000, PMPI_Reduce
State, "rank-102", MPI_STATE, 0.007701, 0.007701, 0.000000, 0.000000, PMPI_Reduce
State, "rank-102", MPI_STATE, 0.007703, 0.010080, 0.002377, 0.000000, PMPI_Barrier
State, "rank-102", MPI_STATE, 0.010082, 0.010082, 0.000000, 0.000000, PMPI_Finalize
Container, 0, MPI, 0, 0.010083, 0.010083, "rank-101"
State, "rank-101", MPI_STATE, 0.000000, 0.000000, 0.000000, 0.000000, PMPI_Init
State, "rank-101", MPI_STATE, 0.000071, 0.000693, 0.000622, 0.000000, PMPI_Barrier
State, "rank-101", MPI_STATE, 0.000699, 0.004902, 0.004203, 0.000000, PMPI_Recv
State, "rank-101", MPI_STATE, 0.008230, 0.008230, 0.000000, 0.000000, PMPI_Reduce
State, "rank-101", MPI_STATE, 0.008234, 0.008234, 0.000000, 0.000000, PMPI_Reduce
State, "rank-101", MPI_STATE, 0.008235, 0.010080, 0.001845, 0.000000, PMPI_Barrier
State, "rank-101", MPI_STATE, 0.010083, 0.010083, 0.000000, 0.000000, PMPI_Finalize
Container, 0, MPI, 0, 0.010082, 0.010082, "rank-100"
State, "rank-100", MPI_STATE, 0.000000, 0.000000, 0.000000, 0.000000, PMPI_Init
State, "rank-100", MPI_STATE, 0.000078, 0.000693, 0.000615, 0.000000, PMPI_Barrier
State, "rank-100", MPI_STATE, 0.000697, 0.004523, 0.003826, 0.000000, PMPI_Recv
State, "rank-100", MPI_STATE, 0.004526, 0.004902, 0.000376, 0.000000, PMPI_Send
State, "rank-100", MPI_STATE, 0.007925, 0.007925, 0.000000, 0.000000, PMPI_Reduce
State, "rank-100", MPI_STATE, 0.007928, 0.007928, 0.000000, 0.000000, PMPI_Reduce
State, "rank-100", MPI_STATE, 0.007930, 0.010080, 0.002150, 0.000000, PMPI_Barrier
State, "rank-100", MPI_STATE, 0.010082, 0.010082, 0.000000, 0.000000, PMPI_Finalize
Container, 0, MPI, 0, 0.010081, 0.010081, "rank-99"
State, "rank-99", MPI_STATE, 0.000000, 0.000000, 0.000000, 0.000000, PMPI_Init
State, "rank-99", MPI_STATE, 0.000072, 0.000693, 0.000621, 0.000000, PMPI_Barrier
State, "rank-99", MPI_STATE, 0.000698, 0.003732, 0.003034, 0.000000, PMPI_Recv
State, "rank-99", MPI_STATE, 0.003734, 0.004523, 0.000789, 0.000000, PMPI_Send
State, "rank-99", MPI_STATE, 0.004525, 0.004901, 0.000376, 0.000000, PMPI_Send
State, "rank-99", MPI_STATE, 0.007890, 0.007890, 0.000000, 0.000000, PMPI_Reduce
State, "rank-99", MPI_STATE, 0.007892, 0.007892, 0.000000, 0.000000, PMPI_Reduce
State, "rank-99", MPI_STATE, 0.007894, 0.010080, 0.002186, 0.000000, PMPI_Barrier
State, "rank-99", MPI_STATE, 0.010081, 0.010081, 0.000000, 0.000000, PMPI_Finalize
Container, 0, MPI, 0, 0.010082, 0.010082, "rank-9"
State, "rank-9", MPI_STATE, 0.000000, 0.000000, 0.000000, 0.000000, PMPI_Init
State, "rank-9", MPI_STATE, 0.000062, 0.000693, 0.000631, 0.000000, PMPI_Barrier
State, "rank-9", MPI_STATE, 0.000697, 0.005897, 0.005200, 0.000000, PMPI_Recv
State, "rank-9", MPI_STATE, 0.009077, 0.009077, 0.000000, 0.000000, PMPI_Reduce
State, "rank-9", MPI_STATE, 0.009080, 0.009080, 0.000000, 0.000000, PMPI_Reduce
State, "rank-9", MPI_STATE, 0.009082, 0.010080, 0.000998, 0.000000, PMPI_Barrier
State, "rank-9", MPI_STATE, 0.010082, 0.010082, 0.000000, 0.000000, PMPI_Finalize
Container, 0, MPI, 0, 0.010121, 0.010121, "rank-0"
State, "rank-0", MPI_STATE, 0.000000, 0.000000, 0.000000, 0.000000, PMPI_Init
State, "rank-0", MPI_STATE, 0.000691, 0.000692, 0.000001, 0.000000, PMPI_Barrier
State, "rank-0", MPI_STATE, 0.000749, 0.001129, 0.000380, 0.000000, PMPI_Send
State, "rank-0", MPI_STATE, 0.001130, 0.001883, 0.000753, 0.000000, PMPI_Send
State, "rank-0", MPI_STATE, 0.001884, 0.002262, 0.000378, 0.000000, PMPI_Send
State, "rank-0", MPI_STATE, 0.002264, 0.003765, 0.001501, 0.000000, PMPI_Send
State, "rank-0", MPI_STATE, 0.003767, 0.004480, 0.000713, 0.000000, PMPI_Send
State, "rank-0", MPI_STATE, 0.004482, 0.006381, 0.001899, 0.000000, PMPI_Send
State, "rank-0", MPI_STATE, 0.006384, 0.006766, 0.000382, 0.000000, PMPI_Send
State, "rank-0", MPI_STATE, 0.009802, 0.010072, 0.000270, 0.000000, PMPI_Reduce
State, "rank-0", MPI_STATE, 0.010075, 0.010076, 0.000001, 0.000000, PMPI_Reduce
State, "rank-0", MPI_STATE, 0.010078, 0.010080, 0.000002, 0.000000, PMPI_Barrier
State, "rank-0", MPI_STATE, 0.010121, 0.010121, 0.000000, 0.000000, PMPI_Finalize
