#This file was generated using SimGrid-4.1.0
#[/Users/j/Desktop/A-Bcast-Model-for-Given-Topologies/bin/runner /Users/j/Desktop/A-Bcast-Model-for-Given-Topologies/topo/Butterfly/platform_butterfly_128.xml srda 4194304 128 0 _ _ ]
%EventDef PajeDefineContainerType 0
%       Alias string
%       Type string
%       Name string
%EndEventDef
%EventDef PajeDefineVariableType 1
%       Alias string
%       Type string
%       Name string
%       Color color
%EndEventDef
%EventDef PajeDefineStateType 2
%       Alias string
%       Type string
%       Name string
%EndEventDef
%EventDef PajeDefineEventType 3
%       Alias string
%       Type string
%       Name string
%EndEventDef
%EventDef PajeDefineLinkType 4
%       Alias string
%       Type string
%       StartContainerType string
%       EndContainerType string
%       Name string
%EndEventDef
%EventDef PajeDefineEntityValue 5
%       Alias string
%       Type string
%       Name string
%       Color color
%EndEventDef
%EventDef PajeCreateContainer 6
%       Time date
%       Alias string
%       Type string
%       Container string
%       Name string
%EndEventDef
%EventDef PajeDestroyContainer 7
%       Time date
%       Type string
%       Name string
%EndEventDef
%EventDef PajeSetVariable 8
%       Time date
%       Type string
%       Container string
%       Value double
%EndEventDef
%EventDef PajeAddVariable 9
%       Time date
%       Type string
%       Container string
%       Value double
%EndEventDef
%EventDef PajeSubVariable 10
%       Time date
%       Type string
%       Container string
%       Value double
%EndEventDef
%EventDef PajeSetState 11
%       Time date
%       Type string
%       Container string
%       Value string
%EndEventDef
%EventDef PajePushState 12
%       Time date
%       Type string
%       Container string
%       Value string
%EndEventDef
%EventDef PajePopState 13
%       Time date
%       Type string
%       Container string
%EndEventDef
%EventDef PajeResetState 14
%       Time date
%       Type string
%       Container string
%EndEventDef
%EventDef PajeStartLink 15
%       Time date
%       Type string
%       Container string
%       Value string
%       StartContainer string
%       Key string
%EndEventDef
%EventDef PajeEndLink 16
%       Time date
%       Type string
%       Container string
%       Value string
%       EndContainer string
%       Key string
%EndEventDef
%EventDef PajeNewEvent 17
%       Time date
%       Type string
%       Container string
%       Value string
%EndEventDef
0 1 0 MPI
2 2 1 MPI_STATE
4 3 0 1 1 MPI_LINK
4 4 0 1 1 MIGRATE_LINK
2 5 1 MIGRATE_STATE
6 0.000000 1 1 0 "rank-0"
6 0.000000 2 1 0 "rank-1"
6 0.000000 3 1 0 "rank-2"
6 0.000000 4 1 0 "rank-3"
6 0.000000 5 1 0 "rank-4"
6 0.000000 6 1 0 "rank-5"
6 0.000000 7 1 0 "rank-6"
6 0.000000 8 1 0 "rank-7"
6 0.000000 9 1 0 "rank-8"
6 0.000000 10 1 0 "rank-9"
6 0.000000 11 1 0 "rank-10"
6 0.000000 12 1 0 "rank-11"
6 0.000000 13 1 0 "rank-12"
6 0.000000 14 1 0 "rank-13"
6 0.000000 15 1 0 "rank-14"
6 0.000000 16 1 0 "rank-15"
6 0.000000 17 1 0 "rank-16"
6 0.000000 18 1 0 "rank-17"
6 0.000000 19 1 0 "rank-18"
6 0.000000 20 1 0 "rank-19"
6 0.000000 21 1 0 "rank-20"
6 0.000000 22 1 0 "rank-21"
6 0.000000 23 1 0 "rank-22"
6 0.000000 24 1 0 "rank-23"
6 0.000000 25 1 0 "rank-24"
6 0.000000 26 1 0 "rank-25"
6 0.000000 27 1 0 "rank-26"
6 0.000000 28 1 0 "rank-27"
6 0.000000 29 1 0 "rank-28"
6 0.000000 30 1 0 "rank-29"
6 0.000000 31 1 0 "rank-30"
6 0.000000 32 1 0 "rank-31"
6 0.000000 33 1 0 "rank-32"
6 0.000000 34 1 0 "rank-33"
6 0.000000 35 1 0 "rank-34"
6 0.000000 36 1 0 "rank-35"
6 0.000000 37 1 0 "rank-36"
6 0.000000 38 1 0 "rank-37"
6 0.000000 39 1 0 "rank-38"
6 0.000000 40 1 0 "rank-39"
6 0.000000 41 1 0 "rank-40"
6 0.000000 42 1 0 "rank-41"
6 0.000000 43 1 0 "rank-42"
6 0.000000 44 1 0 "rank-43"
6 0.000000 45 1 0 "rank-44"
6 0.000000 46 1 0 "rank-45"
6 0.000000 47 1 0 "rank-46"
6 0.000000 48 1 0 "rank-47"
6 0.000000 49 1 0 "rank-48"
6 0.000000 50 1 0 "rank-49"
6 0.000000 51 1 0 "rank-50"
6 0.000000 52 1 0 "rank-51"
6 0.000000 53 1 0 "rank-52"
6 0.000000 54 1 0 "rank-53"
6 0.000000 55 1 0 "rank-54"
6 0.000000 56 1 0 "rank-55"
6 0.000000 57 1 0 "rank-56"
6 0.000000 58 1 0 "rank-57"
6 0.000000 59 1 0 "rank-58"
6 0.000000 60 1 0 "rank-59"
6 0.000000 61 1 0 "rank-60"
6 0.000000 62 1 0 "rank-61"
6 0.000000 63 1 0 "rank-62"
6 0.000000 64 1 0 "rank-63"
6 0.000000 65 1 0 "rank-64"
6 0.000000 66 1 0 "rank-65"
6 0.000000 67 1 0 "rank-66"
6 0.000000 68 1 0 "rank-67"
6 0.000000 69 1 0 "rank-68"
6 0.000000 70 1 0 "rank-69"
6 0.000000 71 1 0 "rank-70"
6 0.000000 72 1 0 "rank-71"
6 0.000000 73 1 0 "rank-72"
6 0.000000 74 1 0 "rank-73"
6 0.000000 75 1 0 "rank-74"
6 0.000000 76 1 0 "rank-75"
6 0.000000 77 1 0 "rank-76"
6 0.000000 78 1 0 "rank-77"
6 0.000000 79 1 0 "rank-78"
6 0.000000 80 1 0 "rank-79"
6 0.000000 81 1 0 "rank-80"
6 0.000000 82 1 0 "rank-81"
6 0.000000 83 1 0 "rank-82"
6 0.000000 84 1 0 "rank-83"
6 0.000000 85 1 0 "rank-84"
6 0.000000 86 1 0 "rank-85"
6 0.000000 87 1 0 "rank-86"
6 0.000000 88 1 0 "rank-87"
6 0.000000 89 1 0 "rank-88"
6 0.000000 90 1 0 "rank-89"
6 0.000000 91 1 0 "rank-90"
6 0.000000 92 1 0 "rank-91"
6 0.000000 93 1 0 "rank-92"
6 0.000000 94 1 0 "rank-93"
6 0.000000 95 1 0 "rank-94"
6 0.000000 96 1 0 "rank-95"
6 0.000000 97 1 0 "rank-96"
6 0.000000 98 1 0 "rank-97"
6 0.000000 99 1 0 "rank-98"
6 0.000000 100 1 0 "rank-99"
6 0.000000 101 1 0 "rank-100"
6 0.000000 102 1 0 "rank-101"
6 0.000000 103 1 0 "rank-102"
6 0.000000 104 1 0 "rank-103"
6 0.000000 105 1 0 "rank-104"
6 0.000000 106 1 0 "rank-105"
6 0.000000 107 1 0 "rank-106"
6 0.000000 108 1 0 "rank-107"
6 0.000000 109 1 0 "rank-108"
6 0.000000 110 1 0 "rank-109"
6 0.000000 111 1 0 "rank-110"
6 0.000000 112 1 0 "rank-111"
6 0.000000 113 1 0 "rank-112"
6 0.000000 114 1 0 "rank-113"
6 0.000000 115 1 0 "rank-114"
6 0.000000 116 1 0 "rank-115"
6 0.000000 117 1 0 "rank-116"
6 0.000000 118 1 0 "rank-117"
6 0.000000 119 1 0 "rank-118"
6 0.000000 120 1 0 "rank-119"
6 0.000000 121 1 0 "rank-120"
6 0.000000 122 1 0 "rank-121"
6 0.000000 123 1 0 "rank-122"
6 0.000000 124 1 0 "rank-123"
6 0.000000 125 1 0 "rank-124"
6 0.000000 126 1 0 "rank-125"
6 0.000000 127 1 0 "rank-126"
6 0.000000 128 1 0 "rank-127"
5 6 2 PMPI_Init "0 1 0"
12 0.000000 2 1 6
13 0.000000 2 1
12 0.000000 2 2 6
13 0.000000 2 2
12 0.000000 2 3 6
13 0.000000 2 3
12 0.000000 2 4 6
13 0.000000 2 4
12 0.000000 2 5 6
13 0.000000 2 5
12 0.000000 2 6 6
13 0.000000 2 6
12 0.000000 2 7 6
13 0.000000 2 7
12 0.000000 2 8 6
13 0.000000 2 8
12 0.000000 2 9 6
13 0.000000 2 9
12 0.000000 2 10 6
13 0.000000 2 10
12 0.000000 2 11 6
13 0.000000 2 11
12 0.000000 2 12 6
13 0.000000 2 12
12 0.000000 2 13 6
13 0.000000 2 13
12 0.000000 2 14 6
13 0.000000 2 14
12 0.000000 2 15 6
13 0.000000 2 15
12 0.000000 2 16 6
13 0.000000 2 16
12 0.000000 2 17 6
13 0.000000 2 17
12 0.000000 2 18 6
13 0.000000 2 18
12 0.000000 2 19 6
13 0.000000 2 19
12 0.000000 2 20 6
13 0.000000 2 20
12 0.000000 2 21 6
13 0.000000 2 21
12 0.000000 2 22 6
13 0.000000 2 22
12 0.000000 2 23 6
13 0.000000 2 23
12 0.000000 2 24 6
13 0.000000 2 24
12 0.000000 2 25 6
13 0.000000 2 25
12 0.000000 2 26 6
13 0.000000 2 26
12 0.000000 2 27 6
13 0.000000 2 27
12 0.000000 2 28 6
13 0.000000 2 28
12 0.000000 2 29 6
13 0.000000 2 29
12 0.000000 2 30 6
13 0.000000 2 30
12 0.000000 2 31 6
13 0.000000 2 31
12 0.000000 2 32 6
13 0.000000 2 32
12 0.000000 2 33 6
13 0.000000 2 33
12 0.000000 2 34 6
13 0.000000 2 34
12 0.000000 2 35 6
13 0.000000 2 35
12 0.000000 2 36 6
13 0.000000 2 36
12 0.000000 2 37 6
13 0.000000 2 37
12 0.000000 2 38 6
13 0.000000 2 38
12 0.000000 2 39 6
13 0.000000 2 39
12 0.000000 2 40 6
13 0.000000 2 40
12 0.000000 2 41 6
13 0.000000 2 41
12 0.000000 2 42 6
13 0.000000 2 42
12 0.000000 2 43 6
13 0.000000 2 43
12 0.000000 2 44 6
13 0.000000 2 44
12 0.000000 2 45 6
13 0.000000 2 45
12 0.000000 2 46 6
13 0.000000 2 46
12 0.000000 2 47 6
13 0.000000 2 47
12 0.000000 2 48 6
13 0.000000 2 48
12 0.000000 2 49 6
13 0.000000 2 49
12 0.000000 2 50 6
13 0.000000 2 50
12 0.000000 2 51 6
13 0.000000 2 51
12 0.000000 2 52 6
13 0.000000 2 52
12 0.000000 2 53 6
13 0.000000 2 53
12 0.000000 2 54 6
13 0.000000 2 54
12 0.000000 2 55 6
13 0.000000 2 55
12 0.000000 2 56 6
13 0.000000 2 56
12 0.000000 2 57 6
13 0.000000 2 57
12 0.000000 2 58 6
13 0.000000 2 58
12 0.000000 2 59 6
13 0.000000 2 59
12 0.000000 2 60 6
13 0.000000 2 60
12 0.000000 2 61 6
13 0.000000 2 61
12 0.000000 2 62 6
13 0.000000 2 62
12 0.000000 2 63 6
13 0.000000 2 63
12 0.000000 2 64 6
13 0.000000 2 64
12 0.000000 2 65 6
13 0.000000 2 65
12 0.000000 2 66 6
13 0.000000 2 66
12 0.000000 2 67 6
13 0.000000 2 67
12 0.000000 2 68 6
13 0.000000 2 68
12 0.000000 2 69 6
13 0.000000 2 69
12 0.000000 2 70 6
13 0.000000 2 70
12 0.000000 2 71 6
13 0.000000 2 71
12 0.000000 2 72 6
13 0.000000 2 72
12 0.000000 2 73 6
13 0.000000 2 73
12 0.000000 2 74 6
13 0.000000 2 74
12 0.000000 2 75 6
13 0.000000 2 75
12 0.000000 2 76 6
13 0.000000 2 76
12 0.000000 2 77 6
13 0.000000 2 77
12 0.000000 2 78 6
13 0.000000 2 78
12 0.000000 2 79 6
13 0.000000 2 79
12 0.000000 2 80 6
13 0.000000 2 80
12 0.000000 2 81 6
13 0.000000 2 81
12 0.000000 2 82 6
13 0.000000 2 82
12 0.000000 2 83 6
13 0.000000 2 83
12 0.000000 2 84 6
13 0.000000 2 84
12 0.000000 2 85 6
13 0.000000 2 85
12 0.000000 2 86 6
13 0.000000 2 86
12 0.000000 2 87 6
13 0.000000 2 87
12 0.000000 2 88 6
13 0.000000 2 88
12 0.000000 2 89 6
13 0.000000 2 89
12 0.000000 2 90 6
13 0.000000 2 90
12 0.000000 2 91 6
13 0.000000 2 91
12 0.000000 2 92 6
13 0.000000 2 92
12 0.000000 2 93 6
13 0.000000 2 93
12 0.000000 2 94 6
13 0.000000 2 94
12 0.000000 2 95 6
13 0.000000 2 95
12 0.000000 2 96 6
13 0.000000 2 96
12 0.000000 2 97 6
13 0.000000 2 97
12 0.000000 2 98 6
13 0.000000 2 98
12 0.000000 2 99 6
13 0.000000 2 99
12 0.000000 2 100 6
13 0.000000 2 100
12 0.000000 2 101 6
13 0.000000 2 101
12 0.000000 2 102 6
13 0.000000 2 102
12 0.000000 2 103 6
13 0.000000 2 103
12 0.000000 2 104 6
13 0.000000 2 104
12 0.000000 2 105 6
13 0.000000 2 105
12 0.000000 2 106 6
13 0.000000 2 106
12 0.000000 2 107 6
13 0.000000 2 107
12 0.000000 2 108 6
13 0.000000 2 108
12 0.000000 2 109 6
13 0.000000 2 109
12 0.000000 2 110 6
13 0.000000 2 110
12 0.000000 2 111 6
13 0.000000 2 111
12 0.000000 2 112 6
13 0.000000 2 112
12 0.000000 2 113 6
13 0.000000 2 113
12 0.000000 2 114 6
13 0.000000 2 114
12 0.000000 2 115 6
13 0.000000 2 115
12 0.000000 2 116 6
13 0.000000 2 116
12 0.000000 2 117 6
13 0.000000 2 117
12 0.000000 2 118 6
13 0.000000 2 118
12 0.000000 2 119 6
13 0.000000 2 119
12 0.000000 2 120 6
13 0.000000 2 120
12 0.000000 2 121 6
13 0.000000 2 121
12 0.000000 2 122 6
13 0.000000 2 122
12 0.000000 2 123 6
13 0.000000 2 123
12 0.000000 2 124 6
13 0.000000 2 124
12 0.000000 2 125 6
13 0.000000 2 125
12 0.000000 2 126 6
13 0.000000 2 126
12 0.000000 2 127 6
13 0.000000 2 127
12 0.000000 2 128 6
13 0.000000 2 128
5 7 2 PMPI_Barrier "0 0.39 0.78"
5 8 2 PMPI_Scatter "1 0.74 0.54"
5 9 2 PMPI_Sendrecv "0 1 1"
5 10 2 PMPI_Reduce "0 1 0"
5 11 2 PMPI_Finalize "0 1 0"
12 0.000027 2 128 7
15 0.000027 3 0 PTP 128 128_1_-778_1
12 0.000028 2 94 7
15 0.000028 3 0 PTP 94 94_1_-778_2
12 0.000029 2 88 7
15 0.000029 3 0 PTP 88 88_1_-778_3
12 0.000029 2 120 7
15 0.000029 3 0 PTP 120 120_1_-778_4
12 0.000029 2 126 7
15 0.000029 3 0 PTP 126 126_1_-778_5
12 0.000030 2 80 7
15 0.000030 3 0 PTP 80 80_1_-778_6
12 0.000030 2 82 7
15 0.000030 3 0 PTP 82 82_1_-778_7
12 0.000030 2 89 7
15 0.000030 3 0 PTP 89 89_1_-778_8
12 0.000030 2 105 7
15 0.000030 3 0 PTP 105 105_1_-778_9
12 0.000030 2 113 7
15 0.000030 3 0 PTP 113 113_1_-778_10
12 0.000030 2 116 7
15 0.000030 3 0 PTP 116 116_1_-778_11
12 0.000030 2 127 7
15 0.000030 3 0 PTP 127 127_1_-778_12
12 0.000031 2 37 7
15 0.000031 3 0 PTP 37 37_1_-778_13
12 0.000031 2 68 7
15 0.000031 3 0 PTP 68 68_1_-778_14
12 0.000031 2 81 7
15 0.000031 3 0 PTP 81 81_1_-778_15
12 0.000031 2 83 7
15 0.000031 3 0 PTP 83 83_1_-778_16
12 0.000031 2 85 7
15 0.000031 3 0 PTP 85 85_1_-778_17
12 0.000031 2 86 7
15 0.000031 3 0 PTP 86 86_1_-778_18
12 0.000031 2 91 7
15 0.000031 3 0 PTP 91 91_1_-778_19
12 0.000031 2 97 7
15 0.000031 3 0 PTP 97 97_1_-778_20
12 0.000031 2 99 7
15 0.000031 3 0 PTP 99 99_1_-778_21
12 0.000031 2 100 7
15 0.000031 3 0 PTP 100 100_1_-778_22
12 0.000031 2 101 7
15 0.000031 3 0 PTP 101 101_1_-778_23
12 0.000031 2 104 7
15 0.000031 3 0 PTP 104 104_1_-778_24
12 0.000031 2 108 7
15 0.000031 3 0 PTP 108 108_1_-778_25
12 0.000031 2 114 7
15 0.000031 3 0 PTP 114 114_1_-778_26
12 0.000031 2 115 7
15 0.000031 3 0 PTP 115 115_1_-778_27
12 0.000031 2 118 7
15 0.000031 3 0 PTP 118 118_1_-778_28
12 0.000031 2 123 7
15 0.000031 3 0 PTP 123 123_1_-778_29
12 0.000032 2 53 7
15 0.000032 3 0 PTP 53 53_1_-778_30
12 0.000032 2 56 7
15 0.000032 3 0 PTP 56 56_1_-778_31
12 0.000032 2 84 7
15 0.000032 3 0 PTP 84 84_1_-778_32
12 0.000032 2 90 7
15 0.000032 3 0 PTP 90 90_1_-778_33
12 0.000032 2 92 7
15 0.000032 3 0 PTP 92 92_1_-778_34
12 0.000032 2 95 7
15 0.000032 3 0 PTP 95 95_1_-778_35
12 0.000032 2 96 7
15 0.000032 3 0 PTP 96 96_1_-778_36
12 0.000032 2 102 7
15 0.000032 3 0 PTP 102 102_1_-778_37
12 0.000032 2 103 7
15 0.000032 3 0 PTP 103 103_1_-778_38
12 0.000032 2 111 7
15 0.000032 3 0 PTP 111 111_1_-778_39
12 0.000032 2 121 7
15 0.000032 3 0 PTP 121 121_1_-778_40
12 0.000032 2 122 7
15 0.000032 3 0 PTP 122 122_1_-778_41
12 0.000032 2 125 7
15 0.000032 3 0 PTP 125 125_1_-778_42
12 0.000033 2 25 7
15 0.000033 3 0 PTP 25 25_1_-778_43
12 0.000033 2 33 7
15 0.000033 3 0 PTP 33 33_1_-778_44
12 0.000033 2 36 7
15 0.000033 3 0 PTP 36 36_1_-778_45
12 0.000033 2 44 7
15 0.000033 3 0 PTP 44 44_1_-778_46
12 0.000033 2 50 7
15 0.000033 3 0 PTP 50 50_1_-778_47
12 0.000033 2 52 7
15 0.000033 3 0 PTP 52 52_1_-778_48
12 0.000033 2 79 7
15 0.000033 3 0 PTP 79 79_1_-778_49
12 0.000033 2 87 7
15 0.000033 3 0 PTP 87 87_1_-778_50
12 0.000033 2 106 7
15 0.000033 3 0 PTP 106 106_1_-778_51
12 0.000033 2 109 7
15 0.000033 3 0 PTP 109 109_1_-778_52
12 0.000033 2 110 7
15 0.000033 3 0 PTP 110 110_1_-778_53
12 0.000033 2 112 7
15 0.000033 3 0 PTP 112 112_1_-778_54
12 0.000033 2 117 7
15 0.000033 3 0 PTP 117 117_1_-778_55
12 0.000033 2 119 7
15 0.000033 3 0 PTP 119 119_1_-778_56
12 0.000034 2 30 7
15 0.000034 3 0 PTP 30 30_1_-778_57
12 0.000034 2 34 7
15 0.000034 3 0 PTP 34 34_1_-778_58
12 0.000034 2 38 7
15 0.000034 3 0 PTP 38 38_1_-778_59
12 0.000034 2 55 7
15 0.000034 3 0 PTP 55 55_1_-778_60
12 0.000034 2 70 7
15 0.000034 3 0 PTP 70 70_1_-778_61
12 0.000034 2 73 7
15 0.000034 3 0 PTP 73 73_1_-778_62
12 0.000034 2 78 7
15 0.000034 3 0 PTP 78 78_1_-778_63
12 0.000034 2 93 7
15 0.000034 3 0 PTP 93 93_1_-778_64
12 0.000034 2 107 7
15 0.000034 3 0 PTP 107 107_1_-778_65
12 0.000034 2 124 7
15 0.000034 3 0 PTP 124 124_1_-778_66
12 0.000035 2 15 7
15 0.000035 3 0 PTP 15 15_1_-778_67
12 0.000035 2 18 7
15 0.000035 3 0 PTP 18 18_1_-778_68
12 0.000035 2 19 7
15 0.000035 3 0 PTP 19 19_1_-778_69
12 0.000035 2 20 7
15 0.000035 3 0 PTP 20 20_1_-778_70
12 0.000035 2 22 7
15 0.000035 3 0 PTP 22 22_1_-778_71
12 0.000035 2 31 7
15 0.000035 3 0 PTP 31 31_1_-778_72
12 0.000035 2 32 7
15 0.000035 3 0 PTP 32 32_1_-778_73
12 0.000035 2 45 7
15 0.000035 3 0 PTP 45 45_1_-778_74
12 0.000035 2 47 7
15 0.000035 3 0 PTP 47 47_1_-778_75
12 0.000035 2 49 7
15 0.000035 3 0 PTP 49 49_1_-778_76
12 0.000035 2 51 7
15 0.000035 3 0 PTP 51 51_1_-778_77
12 0.000035 2 54 7
15 0.000035 3 0 PTP 54 54_1_-778_78
12 0.000035 2 57 7
15 0.000035 3 0 PTP 57 57_1_-778_79
12 0.000035 2 61 7
15 0.000035 3 0 PTP 61 61_1_-778_80
12 0.000035 2 62 7
15 0.000035 3 0 PTP 62 62_1_-778_81
12 0.000035 2 77 7
15 0.000035 3 0 PTP 77 77_1_-778_82
12 0.000036 2 17 7
15 0.000036 3 0 PTP 17 17_1_-778_83
12 0.000036 2 21 7
15 0.000036 3 0 PTP 21 21_1_-778_84
12 0.000036 2 23 7
15 0.000036 3 0 PTP 23 23_1_-778_85
12 0.000036 2 39 7
15 0.000036 3 0 PTP 39 39_1_-778_86
12 0.000036 2 41 7
15 0.000036 3 0 PTP 41 41_1_-778_87
12 0.000036 2 42 7
15 0.000036 3 0 PTP 42 42_1_-778_88
12 0.000036 2 46 7
15 0.000036 3 0 PTP 46 46_1_-778_89
12 0.000036 2 48 7
15 0.000036 3 0 PTP 48 48_1_-778_90
12 0.000036 2 69 7
15 0.000036 3 0 PTP 69 69_1_-778_91
12 0.000037 2 6 7
15 0.000037 3 0 PTP 6 6_1_-778_92
12 0.000037 2 11 7
15 0.000037 3 0 PTP 11 11_1_-778_93
12 0.000037 2 14 7
15 0.000037 3 0 PTP 14 14_1_-778_94
12 0.000037 2 24 7
15 0.000037 3 0 PTP 24 24_1_-778_95
12 0.000037 2 59 7
15 0.000037 3 0 PTP 59 59_1_-778_96
12 0.000037 2 75 7
15 0.000037 3 0 PTP 75 75_1_-778_97
12 0.000037 2 98 7
15 0.000037 3 0 PTP 98 98_1_-778_98
12 0.000038 2 3 7
15 0.000038 3 0 PTP 3 3_1_-778_99
12 0.000038 2 35 7
15 0.000038 3 0 PTP 35 35_1_-778_100
12 0.000038 2 58 7
15 0.000038 3 0 PTP 58 58_1_-778_101
12 0.000038 2 67 7
15 0.000038 3 0 PTP 67 67_1_-778_102
12 0.000038 2 74 7
15 0.000038 3 0 PTP 74 74_1_-778_103
12 0.000039 2 8 7
15 0.000039 3 0 PTP 8 8_1_-778_104
12 0.000039 2 10 7
15 0.000039 3 0 PTP 10 10_1_-778_105
12 0.000039 2 12 7
15 0.000039 3 0 PTP 12 12_1_-778_106
12 0.000039 2 16 7
15 0.000039 3 0 PTP 16 16_1_-778_107
12 0.000039 2 66 7
15 0.000039 3 0 PTP 66 66_1_-778_108
12 0.000040 2 26 7
15 0.000040 3 0 PTP 26 26_1_-778_109
12 0.000040 2 29 7
15 0.000040 3 0 PTP 29 29_1_-778_110
12 0.000040 2 60 7
15 0.000040 3 0 PTP 60 60_1_-778_111
12 0.000040 2 65 7
15 0.000040 3 0 PTP 65 65_1_-778_112
12 0.000042 2 72 7
15 0.000042 3 0 PTP 72 72_1_-778_113
12 0.000043 2 40 7
15 0.000043 3 0 PTP 40 40_1_-778_114
12 0.000043 2 43 7
15 0.000043 3 0 PTP 43 43_1_-778_115
12 0.000043 2 63 7
15 0.000043 3 0 PTP 63 63_1_-778_116
12 0.000045 2 7 7
15 0.000045 3 0 PTP 7 7_1_-778_117
12 0.000045 2 64 7
15 0.000045 3 0 PTP 64 64_1_-778_118
12 0.000047 2 9 7
15 0.000047 3 0 PTP 9 9_1_-778_119
12 0.000047 2 13 7
15 0.000047 3 0 PTP 13 13_1_-778_120
12 0.000048 2 5 7
15 0.000048 3 0 PTP 5 5_1_-778_121
12 0.000051 2 4 7
15 0.000051 3 0 PTP 4 4_1_-778_122
12 0.000059 2 71 7
15 0.000059 3 0 PTP 71 71_1_-778_123
12 0.000067 2 28 7
15 0.000067 3 0 PTP 28 28_1_-778_124
12 0.000068 2 76 7
15 0.000068 3 0 PTP 76 76_1_-778_125
12 0.000075 2 2 7
15 0.000075 3 0 PTP 2 2_1_-778_126
12 0.000076 2 27 7
15 0.000076 3 0 PTP 27 27_1_-778_127
12 0.000514 2 1 7
16 0.000514 3 0 PTP 1 2_1_-778_126
16 0.000514 3 0 PTP 1 3_1_-778_99
16 0.000514 3 0 PTP 1 5_1_-778_121
16 0.000514 3 0 PTP 1 9_1_-778_119
16 0.000514 3 0 PTP 1 17_1_-778_83
16 0.000514 3 0 PTP 1 33_1_-778_44
16 0.000514 3 0 PTP 1 65_1_-778_112
16 0.000514 3 0 PTP 1 97_1_-778_20
16 0.000514 3 0 PTP 1 49_1_-778_76
16 0.000514 3 0 PTP 1 81_1_-778_15
16 0.000514 3 0 PTP 1 25_1_-778_43
16 0.000514 3 0 PTP 1 41_1_-778_87
16 0.000514 3 0 PTP 1 73_1_-778_62
16 0.000514 3 0 PTP 1 13_1_-778_120
16 0.000514 3 0 PTP 1 21_1_-778_84
16 0.000514 3 0 PTP 1 37_1_-778_13
16 0.000514 3 0 PTP 1 69_1_-778_91
16 0.000514 3 0 PTP 1 7_1_-778_117
16 0.000514 3 0 PTP 1 11_1_-778_93
16 0.000514 3 0 PTP 1 19_1_-778_69
16 0.000514 3 0 PTP 1 35_1_-778_100
16 0.000514 3 0 PTP 1 67_1_-778_102
16 0.000514 3 0 PTP 1 4_1_-778_122
16 0.000514 3 0 PTP 1 6_1_-778_92
16 0.000514 3 0 PTP 1 10_1_-778_105
16 0.000514 3 0 PTP 1 18_1_-778_68
16 0.000514 3 0 PTP 1 34_1_-778_58
16 0.000514 3 0 PTP 1 66_1_-778_108
16 0.000515 3 0 PTP 1 113_1_-778_10
16 0.000515 3 0 PTP 1 57_1_-778_79
16 0.000515 3 0 PTP 1 89_1_-778_8
16 0.000515 3 0 PTP 1 105_1_-778_9
16 0.000515 3 0 PTP 1 29_1_-778_110
16 0.000515 3 0 PTP 1 45_1_-778_74
16 0.000515 3 0 PTP 1 53_1_-778_30
16 0.000515 3 0 PTP 1 77_1_-778_82
16 0.000515 3 0 PTP 1 85_1_-778_17
16 0.000515 3 0 PTP 1 101_1_-778_23
16 0.000515 3 0 PTP 1 15_1_-778_67
16 0.000515 3 0 PTP 1 23_1_-778_85
16 0.000515 3 0 PTP 1 27_1_-778_127
16 0.000515 3 0 PTP 1 39_1_-778_86
16 0.000515 3 0 PTP 1 43_1_-778_115
16 0.000515 3 0 PTP 1 51_1_-778_77
16 0.000515 3 0 PTP 1 71_1_-778_123
16 0.000515 3 0 PTP 1 75_1_-778_97
16 0.000515 3 0 PTP 1 83_1_-778_16
16 0.000515 3 0 PTP 1 99_1_-778_21
16 0.000515 3 0 PTP 1 8_1_-778_104
16 0.000515 3 0 PTP 1 12_1_-778_106
16 0.000515 3 0 PTP 1 14_1_-778_94
16 0.000515 3 0 PTP 1 20_1_-778_70
16 0.000515 3 0 PTP 1 22_1_-778_71
16 0.000515 3 0 PTP 1 26_1_-778_109
16 0.000515 3 0 PTP 1 36_1_-778_45
16 0.000515 3 0 PTP 1 38_1_-778_59
16 0.000515 3 0 PTP 1 42_1_-778_88
16 0.000515 3 0 PTP 1 50_1_-778_47
16 0.000515 3 0 PTP 1 68_1_-778_14
16 0.000515 3 0 PTP 1 70_1_-778_61
16 0.000515 3 0 PTP 1 74_1_-778_103
16 0.000515 3 0 PTP 1 82_1_-778_7
16 0.000515 3 0 PTP 1 98_1_-778_98
16 0.000515 3 0 PTP 1 121_1_-778_40
16 0.000515 3 0 PTP 1 61_1_-778_80
16 0.000515 3 0 PTP 1 93_1_-778_64
16 0.000515 3 0 PTP 1 109_1_-778_52
16 0.000515 3 0 PTP 1 117_1_-778_55
16 0.000515 3 0 PTP 1 31_1_-778_72
16 0.000515 3 0 PTP 1 47_1_-778_75
16 0.000515 3 0 PTP 1 55_1_-778_60
16 0.000515 3 0 PTP 1 59_1_-778_96
16 0.000515 3 0 PTP 1 79_1_-778_49
16 0.000515 3 0 PTP 1 87_1_-778_50
16 0.000515 3 0 PTP 1 91_1_-778_19
16 0.000515 3 0 PTP 1 103_1_-778_38
16 0.000515 3 0 PTP 1 107_1_-778_65
16 0.000515 3 0 PTP 1 115_1_-778_27
16 0.000515 3 0 PTP 1 16_1_-778_107
16 0.000515 3 0 PTP 1 24_1_-778_95
16 0.000515 3 0 PTP 1 28_1_-778_124
16 0.000515 3 0 PTP 1 30_1_-778_57
16 0.000515 3 0 PTP 1 40_1_-778_114
16 0.000515 3 0 PTP 1 44_1_-778_46
16 0.000515 3 0 PTP 1 46_1_-778_89
16 0.000515 3 0 PTP 1 52_1_-778_48
16 0.000515 3 0 PTP 1 54_1_-778_78
16 0.000515 3 0 PTP 1 58_1_-778_101
16 0.000515 3 0 PTP 1 72_1_-778_113
16 0.000515 3 0 PTP 1 76_1_-778_125
16 0.000515 3 0 PTP 1 78_1_-778_63
16 0.000515 3 0 PTP 1 84_1_-778_32
16 0.000515 3 0 PTP 1 86_1_-778_18
16 0.000515 3 0 PTP 1 90_1_-778_33
16 0.000515 3 0 PTP 1 100_1_-778_22
16 0.000515 3 0 PTP 1 102_1_-778_37
16 0.000515 3 0 PTP 1 106_1_-778_51
16 0.000515 3 0 PTP 1 114_1_-778_26
16 0.000515 3 0 PTP 1 125_1_-778_42
16 0.000515 3 0 PTP 1 63_1_-778_116
16 0.000515 3 0 PTP 1 95_1_-778_35
16 0.000515 3 0 PTP 1 111_1_-778_39
16 0.000515 3 0 PTP 1 119_1_-778_56
16 0.000515 3 0 PTP 1 123_1_-778_29
16 0.000515 3 0 PTP 1 32_1_-778_73
16 0.000515 3 0 PTP 1 48_1_-778_90
16 0.000515 3 0 PTP 1 56_1_-778_31
16 0.000515 3 0 PTP 1 60_1_-778_111
16 0.000515 3 0 PTP 1 62_1_-778_81
16 0.000515 3 0 PTP 1 80_1_-778_6
16 0.000515 3 0 PTP 1 88_1_-778_3
16 0.000515 3 0 PTP 1 92_1_-778_34
16 0.000515 3 0 PTP 1 94_1_-778_2
16 0.000515 3 0 PTP 1 104_1_-778_24
16 0.000515 3 0 PTP 1 108_1_-778_25
16 0.000515 3 0 PTP 1 110_1_-778_53
16 0.000515 3 0 PTP 1 116_1_-778_11
16 0.000515 3 0 PTP 1 118_1_-778_28
16 0.000515 3 0 PTP 1 122_1_-778_41
16 0.000515 3 0 PTP 1 127_1_-778_12
16 0.000515 3 0 PTP 1 64_1_-778_118
16 0.000515 3 0 PTP 1 96_1_-778_36
16 0.000515 3 0 PTP 1 112_1_-778_54
16 0.000515 3 0 PTP 1 120_1_-778_4
16 0.000515 3 0 PTP 1 124_1_-778_66
16 0.000515 3 0 PTP 1 126_1_-778_5
16 0.000515 3 0 PTP 1 128_1_-778_1
15 0.000515 3 0 PTP 1 1_2_-778_128
15 0.000515 3 0 PTP 1 1_3_-778_129
15 0.000515 3 0 PTP 1 1_4_-778_130
15 0.000515 3 0 PTP 1 1_5_-778_131
15 0.000515 3 0 PTP 1 1_6_-778_132
15 0.000515 3 0 PTP 1 1_7_-778_133
15 0.000515 3 0 PTP 1 1_8_-778_134
15 0.000515 3 0 PTP 1 1_9_-778_135
15 0.000515 3 0 PTP 1 1_10_-778_136
15 0.000515 3 0 PTP 1 1_11_-778_137
15 0.000515 3 0 PTP 1 1_12_-778_138
15 0.000515 3 0 PTP 1 1_13_-778_139
15 0.000515 3 0 PTP 1 1_14_-778_140
15 0.000515 3 0 PTP 1 1_15_-778_141
15 0.000515 3 0 PTP 1 1_16_-778_142
15 0.000515 3 0 PTP 1 1_17_-778_143
15 0.000515 3 0 PTP 1 1_18_-778_144
15 0.000515 3 0 PTP 1 1_19_-778_145
15 0.000515 3 0 PTP 1 1_20_-778_146
15 0.000515 3 0 PTP 1 1_21_-778_147
15 0.000515 3 0 PTP 1 1_22_-778_148
15 0.000515 3 0 PTP 1 1_23_-778_149
15 0.000515 3 0 PTP 1 1_24_-778_150
15 0.000515 3 0 PTP 1 1_25_-778_151
15 0.000515 3 0 PTP 1 1_26_-778_152
15 0.000515 3 0 PTP 1 1_27_-778_153
15 0.000515 3 0 PTP 1 1_28_-778_154
15 0.000515 3 0 PTP 1 1_29_-778_155
15 0.000515 3 0 PTP 1 1_30_-778_156
15 0.000515 3 0 PTP 1 1_31_-778_157
15 0.000515 3 0 PTP 1 1_32_-778_158
15 0.000515 3 0 PTP 1 1_33_-778_159
15 0.000515 3 0 PTP 1 1_34_-778_160
15 0.000515 3 0 PTP 1 1_35_-778_161
15 0.000515 3 0 PTP 1 1_36_-778_162
15 0.000515 3 0 PTP 1 1_37_-778_163
15 0.000515 3 0 PTP 1 1_38_-778_164
15 0.000515 3 0 PTP 1 1_39_-778_165
15 0.000515 3 0 PTP 1 1_40_-778_166
15 0.000515 3 0 PTP 1 1_41_-778_167
15 0.000515 3 0 PTP 1 1_42_-778_168
15 0.000515 3 0 PTP 1 1_43_-778_169
15 0.000515 3 0 PTP 1 1_44_-778_170
15 0.000515 3 0 PTP 1 1_45_-778_171
15 0.000515 3 0 PTP 1 1_46_-778_172
15 0.000515 3 0 PTP 1 1_47_-778_173
15 0.000515 3 0 PTP 1 1_48_-778_174
15 0.000515 3 0 PTP 1 1_49_-778_175
15 0.000515 3 0 PTP 1 1_50_-778_176
15 0.000515 3 0 PTP 1 1_51_-778_177
15 0.000515 3 0 PTP 1 1_52_-778_178
15 0.000515 3 0 PTP 1 1_53_-778_179
15 0.000515 3 0 PTP 1 1_54_-778_180
15 0.000515 3 0 PTP 1 1_55_-778_181
15 0.000515 3 0 PTP 1 1_56_-778_182
15 0.000515 3 0 PTP 1 1_57_-778_183
15 0.000515 3 0 PTP 1 1_58_-778_184
15 0.000515 3 0 PTP 1 1_59_-778_185
15 0.000515 3 0 PTP 1 1_60_-778_186
15 0.000515 3 0 PTP 1 1_61_-778_187
15 0.000515 3 0 PTP 1 1_62_-778_188
15 0.000515 3 0 PTP 1 1_63_-778_189
15 0.000515 3 0 PTP 1 1_64_-778_190
15 0.000515 3 0 PTP 1 1_65_-778_191
15 0.000515 3 0 PTP 1 1_66_-778_192
15 0.000515 3 0 PTP 1 1_67_-778_193
15 0.000515 3 0 PTP 1 1_68_-778_194
15 0.000515 3 0 PTP 1 1_69_-778_195
15 0.000515 3 0 PTP 1 1_70_-778_196
15 0.000515 3 0 PTP 1 1_71_-778_197
15 0.000515 3 0 PTP 1 1_72_-778_198
15 0.000515 3 0 PTP 1 1_73_-778_199
15 0.000515 3 0 PTP 1 1_74_-778_200
15 0.000515 3 0 PTP 1 1_75_-778_201
15 0.000515 3 0 PTP 1 1_76_-778_202
15 0.000515 3 0 PTP 1 1_77_-778_203
15 0.000515 3 0 PTP 1 1_78_-778_204
15 0.000515 3 0 PTP 1 1_79_-778_205
15 0.000515 3 0 PTP 1 1_80_-778_206
15 0.000515 3 0 PTP 1 1_81_-778_207
15 0.000515 3 0 PTP 1 1_82_-778_208
15 0.000515 3 0 PTP 1 1_83_-778_209
15 0.000515 3 0 PTP 1 1_84_-778_210
15 0.000515 3 0 PTP 1 1_85_-778_211
15 0.000515 3 0 PTP 1 1_86_-778_212
15 0.000515 3 0 PTP 1 1_87_-778_213
15 0.000515 3 0 PTP 1 1_88_-778_214
15 0.000515 3 0 PTP 1 1_89_-778_215
15 0.000515 3 0 PTP 1 1_90_-778_216
15 0.000515 3 0 PTP 1 1_91_-778_217
15 0.000515 3 0 PTP 1 1_92_-778_218
15 0.000515 3 0 PTP 1 1_93_-778_219
15 0.000515 3 0 PTP 1 1_94_-778_220
15 0.000515 3 0 PTP 1 1_95_-778_221
15 0.000515 3 0 PTP 1 1_96_-778_222
15 0.000515 3 0 PTP 1 1_97_-778_223
15 0.000515 3 0 PTP 1 1_98_-778_224
15 0.000515 3 0 PTP 1 1_99_-778_225
15 0.000515 3 0 PTP 1 1_100_-778_226
15 0.000515 3 0 PTP 1 1_101_-778_227
15 0.000515 3 0 PTP 1 1_102_-778_228
15 0.000515 3 0 PTP 1 1_103_-778_229
15 0.000515 3 0 PTP 1 1_104_-778_230
15 0.000515 3 0 PTP 1 1_105_-778_231
15 0.000515 3 0 PTP 1 1_106_-778_232
15 0.000515 3 0 PTP 1 1_107_-778_233
15 0.000515 3 0 PTP 1 1_108_-778_234
15 0.000515 3 0 PTP 1 1_109_-778_235
15 0.000515 3 0 PTP 1 1_110_-778_236
15 0.000515 3 0 PTP 1 1_111_-778_237
15 0.000515 3 0 PTP 1 1_112_-778_238
15 0.000515 3 0 PTP 1 1_113_-778_239
15 0.000515 3 0 PTP 1 1_114_-778_240
15 0.000515 3 0 PTP 1 1_115_-778_241
15 0.000515 3 0 PTP 1 1_116_-778_242
15 0.000515 3 0 PTP 1 1_117_-778_243
15 0.000515 3 0 PTP 1 1_118_-778_244
15 0.000515 3 0 PTP 1 1_119_-778_245
15 0.000515 3 0 PTP 1 1_120_-778_246
15 0.000515 3 0 PTP 1 1_121_-778_247
15 0.000515 3 0 PTP 1 1_122_-778_248
15 0.000515 3 0 PTP 1 1_123_-778_249
15 0.000515 3 0 PTP 1 1_124_-778_250
15 0.000515 3 0 PTP 1 1_125_-778_251
15 0.000515 3 0 PTP 1 1_126_-778_252
15 0.000515 3 0 PTP 1 1_127_-778_253
15 0.000515 3 0 PTP 1 1_128_-778_254
13 0.000515 2 1
16 0.000516 3 0 PTP 2 1_2_-778_128
13 0.000516 2 2
16 0.000516 3 0 PTP 3 1_3_-778_129
13 0.000516 2 3
16 0.000516 3 0 PTP 5 1_5_-778_131
13 0.000516 2 5
16 0.000516 3 0 PTP 9 1_9_-778_135
13 0.000516 2 9
16 0.000516 3 0 PTP 17 1_17_-778_143
13 0.000516 2 17
16 0.000516 3 0 PTP 33 1_33_-778_159
13 0.000516 2 33
16 0.000516 3 0 PTP 65 1_65_-778_191
13 0.000516 2 65
16 0.000516 3 0 PTP 97 1_97_-778_223
13 0.000516 2 97
16 0.000516 3 0 PTP 81 1_81_-778_207
13 0.000516 2 81
16 0.000516 3 0 PTP 49 1_49_-778_175
13 0.000516 2 49
16 0.000516 3 0 PTP 73 1_73_-778_199
13 0.000516 2 73
16 0.000516 3 0 PTP 41 1_41_-778_167
13 0.000516 2 41
16 0.000516 3 0 PTP 25 1_25_-778_151
13 0.000516 2 25
16 0.000516 3 0 PTP 69 1_69_-778_195
13 0.000516 2 69
16 0.000516 3 0 PTP 37 1_37_-778_163
13 0.000516 2 37
16 0.000516 3 0 PTP 21 1_21_-778_147
13 0.000516 2 21
16 0.000516 3 0 PTP 13 1_13_-778_139
13 0.000516 2 13
16 0.000516 3 0 PTP 67 1_67_-778_193
13 0.000516 2 67
16 0.000516 3 0 PTP 35 1_35_-778_161
13 0.000516 2 35
16 0.000516 3 0 PTP 19 1_19_-778_145
13 0.000516 2 19
16 0.000516 3 0 PTP 11 1_11_-778_137
13 0.000516 2 11
16 0.000516 3 0 PTP 7 1_7_-778_133
13 0.000516 2 7
16 0.000516 3 0 PTP 66 1_66_-778_192
13 0.000516 2 66
16 0.000516 3 0 PTP 34 1_34_-778_160
13 0.000516 2 34
16 0.000516 3 0 PTP 18 1_18_-778_144
13 0.000516 2 18
16 0.000516 3 0 PTP 10 1_10_-778_136
13 0.000516 2 10
16 0.000516 3 0 PTP 6 1_6_-778_132
13 0.000516 2 6
16 0.000516 3 0 PTP 4 1_4_-778_130
13 0.000516 2 4
16 0.000516 3 0 PTP 113 1_113_-778_239
13 0.000516 2 113
16 0.000516 3 0 PTP 105 1_105_-778_231
13 0.000516 2 105
16 0.000516 3 0 PTP 89 1_89_-778_215
13 0.000516 2 89
16 0.000516 3 0 PTP 57 1_57_-778_183
13 0.000516 2 57
16 0.000516 3 0 PTP 101 1_101_-778_227
13 0.000516 2 101
16 0.000516 3 0 PTP 85 1_85_-778_211
13 0.000516 2 85
16 0.000516 3 0 PTP 77 1_77_-778_203
13 0.000516 2 77
16 0.000516 3 0 PTP 53 1_53_-778_179
13 0.000516 2 53
16 0.000516 3 0 PTP 45 1_45_-778_171
13 0.000516 2 45
16 0.000516 3 0 PTP 29 1_29_-778_155
13 0.000516 2 29
16 0.000516 3 0 PTP 99 1_99_-778_225
13 0.000516 2 99
16 0.000516 3 0 PTP 83 1_83_-778_209
13 0.000516 2 83
16 0.000516 3 0 PTP 75 1_75_-778_201
13 0.000516 2 75
16 0.000516 3 0 PTP 71 1_71_-778_197
13 0.000516 2 71
16 0.000516 3 0 PTP 51 1_51_-778_177
13 0.000516 2 51
16 0.000516 3 0 PTP 43 1_43_-778_169
13 0.000516 2 43
16 0.000516 3 0 PTP 39 1_39_-778_165
13 0.000516 2 39
16 0.000516 3 0 PTP 27 1_27_-778_153
13 0.000516 2 27
16 0.000516 3 0 PTP 23 1_23_-778_149
13 0.000516 2 23
16 0.000516 3 0 PTP 15 1_15_-778_141
13 0.000516 2 15
16 0.000516 3 0 PTP 98 1_98_-778_224
13 0.000516 2 98
16 0.000516 3 0 PTP 82 1_82_-778_208
13 0.000516 2 82
16 0.000516 3 0 PTP 74 1_74_-778_200
13 0.000516 2 74
16 0.000516 3 0 PTP 70 1_70_-778_196
13 0.000516 2 70
16 0.000516 3 0 PTP 68 1_68_-778_194
13 0.000516 2 68
16 0.000516 3 0 PTP 50 1_50_-778_176
13 0.000516 2 50
16 0.000516 3 0 PTP 42 1_42_-778_168
13 0.000516 2 42
16 0.000516 3 0 PTP 38 1_38_-778_164
13 0.000516 2 38
16 0.000516 3 0 PTP 36 1_36_-778_162
13 0.000516 2 36
16 0.000516 3 0 PTP 26 1_26_-778_152
13 0.000516 2 26
16 0.000516 3 0 PTP 22 1_22_-778_148
13 0.000516 2 22
16 0.000516 3 0 PTP 20 1_20_-778_146
13 0.000516 2 20
16 0.000516 3 0 PTP 14 1_14_-778_140
13 0.000516 2 14
16 0.000516 3 0 PTP 12 1_12_-778_138
13 0.000516 2 12
16 0.000516 3 0 PTP 8 1_8_-778_134
13 0.000516 2 8
16 0.000516 3 0 PTP 121 1_121_-778_247
13 0.000516 2 121
16 0.000516 3 0 PTP 117 1_117_-778_243
13 0.000516 2 117
16 0.000516 3 0 PTP 109 1_109_-778_235
13 0.000516 2 109
16 0.000516 3 0 PTP 93 1_93_-778_219
13 0.000516 2 93
16 0.000516 3 0 PTP 61 1_61_-778_187
13 0.000516 2 61
16 0.000516 3 0 PTP 115 1_115_-778_241
13 0.000516 2 115
16 0.000516 3 0 PTP 107 1_107_-778_233
13 0.000516 2 107
16 0.000516 3 0 PTP 103 1_103_-778_229
13 0.000516 2 103
16 0.000516 3 0 PTP 91 1_91_-778_217
13 0.000516 2 91
16 0.000516 3 0 PTP 87 1_87_-778_213
13 0.000516 2 87
16 0.000516 3 0 PTP 79 1_79_-778_205
13 0.000516 2 79
16 0.000516 3 0 PTP 59 1_59_-778_185
13 0.000516 2 59
16 0.000516 3 0 PTP 55 1_55_-778_181
13 0.000516 2 55
16 0.000516 3 0 PTP 47 1_47_-778_173
13 0.000516 2 47
16 0.000516 3 0 PTP 31 1_31_-778_157
13 0.000516 2 31
16 0.000516 3 0 PTP 114 1_114_-778_240
13 0.000516 2 114
16 0.000516 3 0 PTP 106 1_106_-778_232
13 0.000516 2 106
16 0.000516 3 0 PTP 102 1_102_-778_228
13 0.000516 2 102
16 0.000516 3 0 PTP 100 1_100_-778_226
13 0.000516 2 100
16 0.000516 3 0 PTP 90 1_90_-778_216
13 0.000516 2 90
16 0.000516 3 0 PTP 86 1_86_-778_212
13 0.000516 2 86
16 0.000516 3 0 PTP 84 1_84_-778_210
13 0.000516 2 84
16 0.000516 3 0 PTP 78 1_78_-778_204
13 0.000516 2 78
16 0.000516 3 0 PTP 76 1_76_-778_202
13 0.000516 2 76
16 0.000516 3 0 PTP 72 1_72_-778_198
13 0.000516 2 72
16 0.000516 3 0 PTP 58 1_58_-778_184
13 0.000516 2 58
16 0.000516 3 0 PTP 54 1_54_-778_180
13 0.000516 2 54
16 0.000516 3 0 PTP 52 1_52_-778_178
13 0.000516 2 52
16 0.000516 3 0 PTP 46 1_46_-778_172
13 0.000516 2 46
16 0.000516 3 0 PTP 44 1_44_-778_170
13 0.000516 2 44
16 0.000516 3 0 PTP 40 1_40_-778_166
13 0.000516 2 40
16 0.000516 3 0 PTP 30 1_30_-778_156
13 0.000516 2 30
16 0.000516 3 0 PTP 28 1_28_-778_154
13 0.000516 2 28
16 0.000516 3 0 PTP 24 1_24_-778_150
13 0.000516 2 24
16 0.000516 3 0 PTP 16 1_16_-778_142
13 0.000516 2 16
16 0.000516 3 0 PTP 125 1_125_-778_251
13 0.000516 2 125
16 0.000516 3 0 PTP 123 1_123_-778_249
13 0.000516 2 123
16 0.000516 3 0 PTP 119 1_119_-778_245
13 0.000516 2 119
16 0.000516 3 0 PTP 111 1_111_-778_237
13 0.000516 2 111
16 0.000516 3 0 PTP 95 1_95_-778_221
13 0.000516 2 95
16 0.000516 3 0 PTP 63 1_63_-778_189
13 0.000516 2 63
16 0.000516 3 0 PTP 122 1_122_-778_248
13 0.000516 2 122
16 0.000516 3 0 PTP 118 1_118_-778_244
13 0.000516 2 118
16 0.000516 3 0 PTP 116 1_116_-778_242
13 0.000516 2 116
16 0.000516 3 0 PTP 110 1_110_-778_236
13 0.000516 2 110
16 0.000516 3 0 PTP 108 1_108_-778_234
13 0.000516 2 108
16 0.000516 3 0 PTP 104 1_104_-778_230
13 0.000516 2 104
16 0.000516 3 0 PTP 94 1_94_-778_220
13 0.000516 2 94
16 0.000516 3 0 PTP 92 1_92_-778_218
13 0.000516 2 92
16 0.000516 3 0 PTP 88 1_88_-778_214
13 0.000516 2 88
16 0.000516 3 0 PTP 80 1_80_-778_206
13 0.000516 2 80
16 0.000516 3 0 PTP 62 1_62_-778_188
13 0.000516 2 62
16 0.000516 3 0 PTP 60 1_60_-778_186
13 0.000516 2 60
16 0.000516 3 0 PTP 56 1_56_-778_182
13 0.000516 2 56
16 0.000516 3 0 PTP 48 1_48_-778_174
13 0.000516 2 48
16 0.000516 3 0 PTP 32 1_32_-778_158
13 0.000516 2 32
16 0.000517 3 0 PTP 127 1_127_-778_253
13 0.000517 2 127
16 0.000517 3 0 PTP 126 1_126_-778_252
13 0.000517 2 126
16 0.000517 3 0 PTP 124 1_124_-778_250
13 0.000517 2 124
16 0.000517 3 0 PTP 120 1_120_-778_246
13 0.000517 2 120
16 0.000517 3 0 PTP 112 1_112_-778_238
13 0.000517 2 112
16 0.000517 3 0 PTP 96 1_96_-778_222
13 0.000517 2 96
16 0.000517 3 0 PTP 64 1_64_-778_190
13 0.000517 2 64
16 0.000517 3 0 PTP 128 1_128_-778_254
13 0.000517 2 128
12 0.000519 2 73 8
12 0.000519 2 67 8
12 0.000519 2 4 8
12 0.000519 2 77 8
12 0.000519 2 101 8
12 0.000519 2 27 8
12 0.000519 2 39 8
12 0.000519 2 71 8
12 0.000519 2 82 8
12 0.000519 2 14 8
12 0.000519 2 22 8
12 0.000519 2 26 8
12 0.000519 2 50 8
12 0.000519 2 74 8
12 0.000519 2 93 8
12 0.000519 2 117 8
12 0.000519 2 31 8
12 0.000519 2 55 8
12 0.000519 2 91 8
12 0.000519 2 103 8
12 0.000519 2 78 8
12 0.000519 2 88 8
12 0.000520 2 9 8
12 0.000520 2 5 8
12 0.000520 2 3 8
12 0.000520 2 2 8
12 0.000520 2 126 8
12 0.000520 2 97 8
12 0.000520 2 81 8
12 0.000520 2 25 8
12 0.000520 2 41 8
12 0.000520 2 13 8
12 0.000520 2 37 8
12 0.000520 2 128 8
12 0.000520 2 7 8
12 0.000520 2 35 8
12 0.000520 2 34 8
12 0.000520 2 18 8
12 0.000520 2 113 8
12 0.000520 2 89 8
12 0.000520 2 29 8
12 0.000520 2 45 8
12 0.000520 2 85 8
12 0.000520 2 15 8
12 0.000520 2 43 8
12 0.000520 2 99 8
12 0.000520 2 68 8
12 0.000520 2 8 8
12 0.000520 2 20 8
12 0.000520 2 36 8
12 0.000520 2 42 8
12 0.000520 2 98 8
12 0.000520 2 121 8
12 0.000520 2 61 8
12 0.000520 2 109 8
12 0.000520 2 87 8
12 0.000520 2 47 8
12 0.000520 2 79 8
12 0.000520 2 28 8
12 0.000520 2 46 8
12 0.000520 2 54 8
12 0.000520 2 76 8
12 0.000520 2 84 8
12 0.000520 2 102 8
12 0.000520 2 111 8
12 0.000520 2 95 8
12 0.000520 2 123 8
12 0.000520 2 56 8
12 0.000520 2 60 8
12 0.000520 2 62 8
12 0.000520 2 92 8
12 0.000520 2 94 8
12 0.000520 2 108 8
12 0.000520 2 110 8
12 0.000520 2 116 8
12 0.000520 2 122 8
12 0.000521 2 120 8
12 0.000521 2 96 8
12 0.000521 2 112 8
12 0.000521 2 124 8
12 0.000521 2 49 8
12 0.000521 2 69 8
12 0.000521 2 11 8
12 0.000521 2 19 8
12 0.000521 2 10 8
12 0.000521 2 6 8
12 0.000521 2 66 8
12 0.000521 2 105 8
12 0.000521 2 53 8
12 0.000521 2 23 8
12 0.000521 2 51 8
12 0.000521 2 75 8
12 0.000521 2 12 8
12 0.000521 2 38 8
12 0.000521 2 70 8
12 0.000521 2 107 8
12 0.000521 2 59 8
12 0.000521 2 115 8
12 0.000521 2 24 8
12 0.000521 2 40 8
12 0.000521 2 58 8
12 0.000521 2 72 8
12 0.000521 2 86 8
12 0.000521 2 90 8
12 0.000521 2 106 8
12 0.000521 2 114 8
12 0.000521 2 16 8
12 0.000521 2 30 8
12 0.000521 2 44 8
12 0.000521 2 52 8
12 0.000521 2 100 8
12 0.000521 2 125 8
12 0.000521 2 63 8
12 0.000521 2 32 8
12 0.000521 2 48 8
12 0.000521 2 80 8
12 0.000521 2 104 8
12 0.000521 2 118 8
12 0.000522 2 33 8
12 0.000522 2 17 8
12 0.000522 2 65 8
12 0.000522 2 127 8
12 0.000522 2 64 8
12 0.000522 2 21 8
12 0.000522 2 1 8
15 0.000522 3 0 PTP 1 1_2_-223_255
15 0.000522 3 0 PTP 1 1_3_-223_256
15 0.000522 3 0 PTP 1 1_4_-223_257
15 0.000522 3 0 PTP 1 1_5_-223_258
15 0.000522 3 0 PTP 1 1_6_-223_259
15 0.000522 3 0 PTP 1 1_7_-223_260
15 0.000522 3 0 PTP 1 1_8_-223_261
15 0.000522 3 0 PTP 1 1_9_-223_262
15 0.000522 3 0 PTP 1 1_10_-223_263
15 0.000522 3 0 PTP 1 1_11_-223_264
15 0.000522 3 0 PTP 1 1_12_-223_265
15 0.000522 3 0 PTP 1 1_13_-223_266
15 0.000522 3 0 PTP 1 1_14_-223_267
15 0.000522 3 0 PTP 1 1_15_-223_268
15 0.000522 3 0 PTP 1 1_16_-223_269
15 0.000522 3 0 PTP 1 1_17_-223_270
15 0.000522 3 0 PTP 1 1_18_-223_271
15 0.000522 3 0 PTP 1 1_19_-223_272
15 0.000522 3 0 PTP 1 1_20_-223_273
15 0.000522 3 0 PTP 1 1_21_-223_274
15 0.000522 3 0 PTP 1 1_22_-223_275
15 0.000522 3 0 PTP 1 1_23_-223_276
15 0.000522 3 0 PTP 1 1_24_-223_277
15 0.000522 3 0 PTP 1 1_25_-223_278
15 0.000522 3 0 PTP 1 1_26_-223_279
15 0.000522 3 0 PTP 1 1_27_-223_280
15 0.000522 3 0 PTP 1 1_28_-223_281
15 0.000522 3 0 PTP 1 1_29_-223_282
15 0.000522 3 0 PTP 1 1_30_-223_283
15 0.000522 3 0 PTP 1 1_31_-223_284
15 0.000522 3 0 PTP 1 1_32_-223_285
15 0.000522 3 0 PTP 1 1_33_-223_286
15 0.000522 3 0 PTP 1 1_34_-223_287
15 0.000522 3 0 PTP 1 1_35_-223_288
15 0.000522 3 0 PTP 1 1_36_-223_289
15 0.000522 3 0 PTP 1 1_37_-223_290
15 0.000522 3 0 PTP 1 1_38_-223_291
15 0.000522 3 0 PTP 1 1_39_-223_292
15 0.000522 3 0 PTP 1 1_40_-223_293
15 0.000522 3 0 PTP 1 1_41_-223_294
15 0.000522 3 0 PTP 1 1_42_-223_295
15 0.000522 3 0 PTP 1 1_43_-223_296
15 0.000522 3 0 PTP 1 1_44_-223_297
15 0.000522 3 0 PTP 1 1_45_-223_298
15 0.000522 3 0 PTP 1 1_46_-223_299
15 0.000522 3 0 PTP 1 1_47_-223_300
15 0.000522 3 0 PTP 1 1_48_-223_301
15 0.000522 3 0 PTP 1 1_49_-223_302
15 0.000522 3 0 PTP 1 1_50_-223_303
15 0.000522 3 0 PTP 1 1_51_-223_304
15 0.000522 3 0 PTP 1 1_52_-223_305
15 0.000522 3 0 PTP 1 1_53_-223_306
15 0.000522 3 0 PTP 1 1_54_-223_307
15 0.000522 3 0 PTP 1 1_55_-223_308
15 0.000522 3 0 PTP 1 1_56_-223_309
15 0.000522 3 0 PTP 1 1_57_-223_310
15 0.000522 3 0 PTP 1 1_58_-223_311
15 0.000522 3 0 PTP 1 1_59_-223_312
15 0.000522 3 0 PTP 1 1_60_-223_313
15 0.000522 3 0 PTP 1 1_61_-223_314
15 0.000522 3 0 PTP 1 1_62_-223_315
15 0.000522 3 0 PTP 1 1_63_-223_316
15 0.000522 3 0 PTP 1 1_64_-223_317
15 0.000522 3 0 PTP 1 1_65_-223_318
15 0.000522 3 0 PTP 1 1_66_-223_319
15 0.000522 3 0 PTP 1 1_67_-223_320
15 0.000522 3 0 PTP 1 1_68_-223_321
15 0.000522 3 0 PTP 1 1_69_-223_322
15 0.000522 3 0 PTP 1 1_70_-223_323
15 0.000522 3 0 PTP 1 1_71_-223_324
15 0.000522 3 0 PTP 1 1_72_-223_325
15 0.000522 3 0 PTP 1 1_73_-223_326
15 0.000522 3 0 PTP 1 1_74_-223_327
15 0.000522 3 0 PTP 1 1_75_-223_328
15 0.000522 3 0 PTP 1 1_76_-223_329
15 0.000522 3 0 PTP 1 1_77_-223_330
15 0.000522 3 0 PTP 1 1_78_-223_331
15 0.000522 3 0 PTP 1 1_79_-223_332
15 0.000522 3 0 PTP 1 1_80_-223_333
15 0.000522 3 0 PTP 1 1_81_-223_334
15 0.000522 3 0 PTP 1 1_82_-223_335
15 0.000522 3 0 PTP 1 1_83_-223_336
15 0.000522 3 0 PTP 1 1_84_-223_337
15 0.000522 3 0 PTP 1 1_85_-223_338
15 0.000522 3 0 PTP 1 1_86_-223_339
15 0.000522 3 0 PTP 1 1_87_-223_340
15 0.000522 3 0 PTP 1 1_88_-223_341
15 0.000522 3 0 PTP 1 1_89_-223_342
15 0.000522 3 0 PTP 1 1_90_-223_343
15 0.000522 3 0 PTP 1 1_91_-223_344
15 0.000522 3 0 PTP 1 1_92_-223_345
15 0.000522 3 0 PTP 1 1_93_-223_346
15 0.000522 3 0 PTP 1 1_94_-223_347
15 0.000522 3 0 PTP 1 1_95_-223_348
15 0.000522 3 0 PTP 1 1_96_-223_349
15 0.000522 3 0 PTP 1 1_97_-223_350
15 0.000522 3 0 PTP 1 1_98_-223_351
15 0.000522 3 0 PTP 1 1_99_-223_352
15 0.000522 3 0 PTP 1 1_100_-223_353
15 0.000522 3 0 PTP 1 1_101_-223_354
15 0.000522 3 0 PTP 1 1_102_-223_355
15 0.000522 3 0 PTP 1 1_103_-223_356
15 0.000522 3 0 PTP 1 1_104_-223_357
15 0.000522 3 0 PTP 1 1_105_-223_358
15 0.000522 3 0 PTP 1 1_106_-223_359
15 0.000522 3 0 PTP 1 1_107_-223_360
15 0.000522 3 0 PTP 1 1_108_-223_361
15 0.000522 3 0 PTP 1 1_109_-223_362
15 0.000522 3 0 PTP 1 1_110_-223_363
15 0.000522 3 0 PTP 1 1_111_-223_364
15 0.000522 3 0 PTP 1 1_112_-223_365
15 0.000522 3 0 PTP 1 1_113_-223_366
15 0.000522 3 0 PTP 1 1_114_-223_367
15 0.000522 3 0 PTP 1 1_115_-223_368
15 0.000522 3 0 PTP 1 1_116_-223_369
15 0.000522 3 0 PTP 1 1_117_-223_370
15 0.000522 3 0 PTP 1 1_118_-223_371
15 0.000522 3 0 PTP 1 1_119_-223_372
15 0.000522 3 0 PTP 1 1_120_-223_373
15 0.000522 3 0 PTP 1 1_121_-223_374
15 0.000522 3 0 PTP 1 1_122_-223_375
15 0.000522 3 0 PTP 1 1_123_-223_376
15 0.000522 3 0 PTP 1 1_124_-223_377
15 0.000522 3 0 PTP 1 1_125_-223_378
15 0.000522 3 0 PTP 1 1_126_-223_379
15 0.000522 3 0 PTP 1 1_127_-223_380
15 0.000522 3 0 PTP 1 1_128_-223_381
13 0.000522 2 1
12 0.000522 2 119 8
12 0.000523 2 57 8
16 0.000527 3 0 PTP 65 1_65_-223_318
13 0.000527 2 65
16 0.000529 3 0 PTP 33 1_33_-223_286
13 0.000529 2 33
16 0.000531 3 0 PTP 97 1_97_-223_350
13 0.000531 2 97
16 0.000531 3 0 PTP 17 1_17_-223_270
13 0.000531 2 17
16 0.000536 3 0 PTP 9 1_9_-223_262
13 0.000536 2 9
16 0.000537 3 0 PTP 81 1_81_-223_334
13 0.000537 2 81
16 0.000537 3 0 PTP 49 1_49_-223_302
13 0.000537 2 49
16 0.000539 3 0 PTP 113 1_113_-223_366
13 0.000539 2 113
12 0.000540 2 33 9
15 0.000540 3 0 PTP 33 33_33_0_382
15 0.000540 3 0 PTP 33 33_34_0_383
12 0.000541 2 17 9
15 0.000541 3 0 PTP 17 17_17_0_384
15 0.000541 3 0 PTP 17 17_18_0_385
12 0.000542 2 97 9
15 0.000542 3 0 PTP 97 97_97_0_386
15 0.000542 3 0 PTP 97 97_98_0_387
12 0.000542 2 65 9
15 0.000542 3 0 PTP 65 65_65_0_388
15 0.000542 3 0 PTP 65 65_66_0_389
16 0.000545 3 0 PTP 5 1_5_-223_258
13 0.000545 2 5
12 0.000547 2 81 9
15 0.000547 3 0 PTP 81 81_81_0_390
15 0.000547 3 0 PTP 81 81_82_0_391
12 0.000547 2 49 9
15 0.000547 3 0 PTP 49 49_49_0_392
15 0.000547 3 0 PTP 49 49_50_0_393
12 0.000548 2 113 9
15 0.000548 3 0 PTP 113 113_113_0_394
15 0.000548 3 0 PTP 113 113_114_0_395
16 0.000548 3 0 PTP 73 1_73_-223_326
13 0.000548 2 73
16 0.000548 3 0 PTP 41 1_41_-223_294
13 0.000548 2 41
16 0.000548 3 0 PTP 25 1_25_-223_278
13 0.000548 2 25
12 0.000551 2 9 9
15 0.000551 3 0 PTP 9 9_9_0_396
15 0.000551 3 0 PTP 9 9_10_0_397
12 0.000552 2 5 9
15 0.000552 3 0 PTP 5 5_5_0_398
15 0.000552 3 0 PTP 5 5_6_0_399
16 0.000553 3 0 PTP 105 1_105_-223_358
13 0.000553 2 105
16 0.000553 3 0 PTP 89 1_89_-223_342
13 0.000553 2 89
16 0.000553 3 0 PTP 57 1_57_-223_310
13 0.000553 2 57
16 0.000554 3 0 PTP 121 1_121_-223_374
13 0.000554 2 121
12 0.000558 2 73 9
15 0.000558 3 0 PTP 73 73_73_0_400
15 0.000558 3 0 PTP 73 73_74_0_401
12 0.000558 2 41 9
15 0.000558 3 0 PTP 41 41_41_0_402
15 0.000558 3 0 PTP 41 41_42_0_403
12 0.000558 2 25 9
15 0.000558 3 0 PTP 25 25_25_0_404
15 0.000558 3 0 PTP 25 25_26_0_405
16 0.000559 3 0 PTP 3 1_3_-223_256
13 0.000559 2 3
12 0.000561 2 89 9
15 0.000561 3 0 PTP 89 89_89_0_406
15 0.000561 3 0 PTP 89 89_90_0_407
12 0.000562 2 57 9
15 0.000562 3 0 PTP 57 57_57_0_408
15 0.000562 3 0 PTP 57 57_58_0_409
12 0.000563 2 105 9
15 0.000563 3 0 PTP 105 105_105_0_410
15 0.000563 3 0 PTP 105 105_106_0_411
12 0.000564 2 121 9
15 0.000564 3 0 PTP 121 121_121_0_412
15 0.000564 3 0 PTP 121 121_122_0_413
12 0.000565 2 3 9
15 0.000565 3 0 PTP 3 3_3_0_414
15 0.000565 3 0 PTP 3 3_4_0_415
16 0.000567 3 0 PTP 69 1_69_-223_322
13 0.000567 2 69
16 0.000567 3 0 PTP 37 1_37_-223_290
13 0.000567 2 37
16 0.000567 3 0 PTP 21 1_21_-223_274
13 0.000567 2 21
16 0.000567 3 0 PTP 13 1_13_-223_266
13 0.000567 2 13
12 0.000568 2 1 9
15 0.000568 3 0 PTP 1 1_1_0_416
15 0.000568 3 0 PTP 1 1_2_0_417
12 0.000573 2 69 9
15 0.000573 3 0 PTP 69 69_69_0_418
15 0.000573 3 0 PTP 69 69_70_0_419
12 0.000573 2 37 9
15 0.000573 3 0 PTP 37 37_37_0_420
15 0.000573 3 0 PTP 37 37_38_0_421
12 0.000573 2 21 9
15 0.000573 3 0 PTP 21 21_21_0_422
15 0.000573 3 0 PTP 21 21_22_0_423
12 0.000574 2 13 9
15 0.000574 3 0 PTP 13 13_13_0_424
15 0.000574 3 0 PTP 13 13_14_0_425
16 0.000580 3 0 PTP 101 1_101_-223_354
13 0.000580 2 101
16 0.000580 3 0 PTP 85 1_85_-223_338
13 0.000580 2 85
16 0.000580 3 0 PTP 77 1_77_-223_330
13 0.000580 2 77
16 0.000580 3 0 PTP 53 1_53_-223_306
13 0.000580 2 53
16 0.000580 3 0 PTP 45 1_45_-223_298
13 0.000580 2 45
16 0.000580 3 0 PTP 29 1_29_-223_282
13 0.000580 2 29
16 0.000585 3 0 PTP 117 1_117_-223_370
13 0.000585 2 117
16 0.000585 3 0 PTP 109 1_109_-223_362
13 0.000585 2 109
16 0.000585 3 0 PTP 93 1_93_-223_346
13 0.000585 2 93
16 0.000585 3 0 PTP 61 1_61_-223_314
13 0.000585 2 61
16 0.000586 3 0 PTP 125 1_125_-223_378
13 0.000586 2 125
16 0.000587 3 0 PTP 2 1_2_-223_255
13 0.000587 2 2
12 0.000588 2 85 9
15 0.000588 3 0 PTP 85 85_85_0_426
15 0.000588 3 0 PTP 85 85_86_0_427
12 0.000588 2 53 9
15 0.000588 3 0 PTP 53 53_53_0_428
15 0.000588 3 0 PTP 53 53_54_0_429
12 0.000588 2 29 9
15 0.000588 3 0 PTP 29 29_29_0_430
15 0.000588 3 0 PTP 29 29_30_0_431
12 0.000589 2 77 9
15 0.000589 3 0 PTP 77 77_77_0_432
15 0.000589 3 0 PTP 77 77_78_0_433
12 0.000589 2 45 9
15 0.000589 3 0 PTP 45 45_45_0_434
15 0.000589 3 0 PTP 45 45_46_0_435
12 0.000590 2 101 9
15 0.000590 3 0 PTP 101 101_101_0_436
15 0.000590 3 0 PTP 101 101_102_0_437
12 0.000593 2 117 9
15 0.000593 3 0 PTP 117 117_117_0_438
15 0.000593 3 0 PTP 117 117_118_0_439
12 0.000593 2 109 9
15 0.000593 3 0 PTP 109 109_109_0_440
15 0.000593 3 0 PTP 109 109_110_0_441
12 0.000593 2 93 9
15 0.000593 3 0 PTP 93 93_93_0_442
15 0.000593 3 0 PTP 93 93_94_0_443
12 0.000595 2 125 9
15 0.000595 3 0 PTP 125 125_125_0_444
15 0.000595 3 0 PTP 125 125_126_0_445
12 0.000595 2 61 9
15 0.000595 3 0 PTP 61 61_61_0_446
15 0.000595 3 0 PTP 61 61_62_0_447
12 0.000596 2 2 9
15 0.000596 3 0 PTP 2 2_0_0_448
15 0.000596 3 0 PTP 2 2_1_0_449
16 0.000598 3 0 PTP 67 1_67_-223_320
13 0.000598 2 67
16 0.000598 3 0 PTP 35 1_35_-223_288
13 0.000598 2 35
16 0.000598 3 0 PTP 19 1_19_-223_272
13 0.000598 2 19
16 0.000598 3 0 PTP 11 1_11_-223_264
13 0.000598 2 11
16 0.000598 3 0 PTP 7 1_7_-223_260
13 0.000598 2 7
12 0.000605 2 35 9
15 0.000605 3 0 PTP 35 35_35_0_450
15 0.000605 3 0 PTP 35 35_36_0_451
12 0.000606 2 67 9
15 0.000606 3 0 PTP 67 67_67_0_452
15 0.000606 3 0 PTP 67 67_68_0_453
12 0.000606 2 19 9
15 0.000606 3 0 PTP 19 19_19_0_454
15 0.000606 3 0 PTP 19 19_20_0_455
12 0.000606 2 11 9
15 0.000606 3 0 PTP 11 11_11_0_456
15 0.000606 3 0 PTP 11 11_12_0_457
12 0.000606 2 7 9
15 0.000606 3 0 PTP 7 7_7_0_458
15 0.000606 3 0 PTP 7 7_8_0_459
16 0.000625 3 0 PTP 99 1_99_-223_352
13 0.000625 2 99
16 0.000625 3 0 PTP 75 1_75_-223_328
13 0.000625 2 75
16 0.000625 3 0 PTP 71 1_71_-223_324
13 0.000625 2 71
16 0.000625 3 0 PTP 51 1_51_-223_304
13 0.000625 2 51
16 0.000625 3 0 PTP 43 1_43_-223_296
13 0.000625 2 43
16 0.000625 3 0 PTP 39 1_39_-223_292
13 0.000625 2 39
16 0.000625 3 0 PTP 27 1_27_-223_280
13 0.000625 2 27
16 0.000625 3 0 PTP 23 1_23_-223_276
13 0.000625 2 23
16 0.000625 3 0 PTP 15 1_15_-223_268
13 0.000625 2 15
12 0.000632 2 71 9
15 0.000632 3 0 PTP 71 71_71_0_460
15 0.000632 3 0 PTP 71 71_72_0_461
12 0.000632 2 39 9
15 0.000632 3 0 PTP 39 39_39_0_462
15 0.000632 3 0 PTP 39 39_40_0_463
12 0.000633 2 99 9
15 0.000633 3 0 PTP 99 99_99_0_464
15 0.000633 3 0 PTP 99 99_100_0_465
12 0.000633 2 51 9
15 0.000633 3 0 PTP 51 51_51_0_466
15 0.000633 3 0 PTP 51 51_52_0_467
12 0.000633 2 27 9
15 0.000633 3 0 PTP 27 27_27_0_468
15 0.000633 3 0 PTP 27 27_28_0_469
12 0.000633 2 23 9
15 0.000633 3 0 PTP 23 23_23_0_470
15 0.000633 3 0 PTP 23 23_24_0_471
12 0.000634 2 75 9
15 0.000634 3 0 PTP 75 75_75_0_472
15 0.000634 3 0 PTP 75 75_76_0_473
12 0.000634 2 15 9
15 0.000634 3 0 PTP 15 15_15_0_474
15 0.000634 3 0 PTP 15 15_16_0_475
12 0.000637 2 43 9
15 0.000637 3 0 PTP 43 43_43_0_476
15 0.000637 3 0 PTP 43 43_44_0_477
16 0.000640 3 0 PTP 115 1_115_-223_368
13 0.000640 2 115
16 0.000640 3 0 PTP 107 1_107_-223_360
13 0.000640 2 107
16 0.000640 3 0 PTP 103 1_103_-223_356
13 0.000640 2 103
16 0.000640 3 0 PTP 91 1_91_-223_344
13 0.000640 2 91
16 0.000640 3 0 PTP 87 1_87_-223_340
13 0.000640 2 87
16 0.000640 3 0 PTP 79 1_79_-223_332
13 0.000640 2 79
16 0.000640 3 0 PTP 59 1_59_-223_312
13 0.000640 2 59
16 0.000640 3 0 PTP 55 1_55_-223_308
13 0.000640 2 55
16 0.000640 3 0 PTP 47 1_47_-223_300
13 0.000640 2 47
16 0.000640 3 0 PTP 31 1_31_-223_284
13 0.000640 2 31
16 0.000644 3 0 PTP 123 1_123_-223_376
13 0.000644 2 123
16 0.000644 3 0 PTP 111 1_111_-223_364
13 0.000644 2 111
16 0.000644 3 0 PTP 95 1_95_-223_348
13 0.000644 2 95
16 0.000644 3 0 PTP 63 1_63_-223_316
13 0.000644 2 63
16 0.000644 3 0 PTP 119 1_119_-223_372
13 0.000644 2 119
12 0.000645 2 31 9
15 0.000645 3 0 PTP 31 31_31_0_478
15 0.000645 3 0 PTP 31 31_32_0_479
16 0.000645 3 0 PTP 127 1_127_-223_380
13 0.000645 2 127
12 0.000646 2 79 9
15 0.000646 3 0 PTP 79 79_79_0_480
15 0.000646 3 0 PTP 79 79_80_0_481
12 0.000646 2 59 9
15 0.000646 3 0 PTP 59 59_59_0_482
15 0.000646 3 0 PTP 59 59_60_0_483
12 0.000647 2 87 9
15 0.000647 3 0 PTP 87 87_87_0_484
15 0.000647 3 0 PTP 87 87_88_0_485
12 0.000647 2 55 9
15 0.000647 3 0 PTP 55 55_55_0_486
15 0.000647 3 0 PTP 55 55_56_0_487
12 0.000647 2 47 9
15 0.000647 3 0 PTP 47 47_47_0_488
15 0.000647 3 0 PTP 47 47_48_0_489
12 0.000648 2 115 9
15 0.000648 3 0 PTP 115 115_115_0_490
15 0.000648 3 0 PTP 115 115_116_0_491
12 0.000648 2 107 9
15 0.000648 3 0 PTP 107 107_107_0_492
15 0.000648 3 0 PTP 107 107_108_0_493
12 0.000649 2 91 9
15 0.000649 3 0 PTP 91 91_91_0_494
15 0.000649 3 0 PTP 91 91_92_0_495
12 0.000649 2 111 9
15 0.000649 3 0 PTP 111 111_111_0_496
15 0.000649 3 0 PTP 111 111_112_0_497
12 0.000649 2 119 9
15 0.000649 3 0 PTP 119 119_119_0_498
15 0.000649 3 0 PTP 119 119_120_0_499
12 0.000651 2 123 9
15 0.000651 3 0 PTP 123 123_123_0_500
15 0.000651 3 0 PTP 123 123_124_0_501
12 0.000651 2 63 9
15 0.000651 3 0 PTP 63 63_63_0_502
15 0.000651 3 0 PTP 63 63_64_0_503
12 0.000652 2 127 9
15 0.000652 3 0 PTP 127 127_127_0_504
15 0.000652 3 0 PTP 127 127_128_0_505
12 0.000654 2 95 9
15 0.000654 3 0 PTP 95 95_95_0_506
15 0.000654 3 0 PTP 95 95_96_0_507
12 0.000656 2 103 9
15 0.000656 3 0 PTP 103 103_103_0_508
15 0.000656 3 0 PTP 103 103_104_0_509
12 0.000656 2 83 8
16 0.000661 3 0 PTP 83 1_83_-223_336
13 0.000661 2 83
12 0.000667 2 83 9
15 0.000667 3 0 PTP 83 83_83_0_510
15 0.000667 3 0 PTP 83 83_84_0_511
16 0.000668 3 0 PTP 66 1_66_-223_319
13 0.000668 2 66
16 0.000668 3 0 PTP 34 1_34_-223_287
13 0.000668 2 34
16 0.000668 3 0 PTP 18 1_18_-223_271
13 0.000668 2 18
16 0.000668 3 0 PTP 10 1_10_-223_263
13 0.000668 2 10
16 0.000668 3 0 PTP 6 1_6_-223_259
13 0.000668 2 6
16 0.000668 3 0 PTP 4 1_4_-223_257
13 0.000668 2 4
16 0.000671 3 0 PTP 2 1_2_0_417
16 0.000671 3 0 PTP 2 0_2_0_512
13 0.000671 2 2
16 0.000671 3 0 PTP 1 2_1_0_449
16 0.000671 3 0 PTP 1 1_1_0_416
13 0.000671 2 1
12 0.000673 2 1 9
15 0.000673 3 0 PTP 1 1_2_1_513
15 0.000673 3 0 PTP 1 1_3_1_514
12 0.000674 2 66 9
15 0.000674 3 0 PTP 66 66_64_0_515
15 0.000674 3 0 PTP 66 66_65_0_516
12 0.000674 2 4 9
15 0.000674 3 0 PTP 4 4_2_0_517
15 0.000674 3 0 PTP 4 4_3_0_518
12 0.000674 2 2 9
15 0.000674 3 0 PTP 2 2_3_1_519
15 0.000674 3 0 PTP 2 2_4_1_520
12 0.000675 2 34 9
15 0.000675 3 0 PTP 34 34_32_0_521
15 0.000675 3 0 PTP 34 34_33_0_522
12 0.000675 2 18 9
15 0.000675 3 0 PTP 18 18_16_0_523
15 0.000675 3 0 PTP 18 18_17_0_524
12 0.000675 2 10 9
15 0.000675 3 0 PTP 10 10_8_0_525
15 0.000675 3 0 PTP 10 10_9_0_526
12 0.000675 2 6 9
15 0.000675 3 0 PTP 6 6_4_0_527
15 0.000675 3 0 PTP 6 6_5_0_528
16 0.000682 3 0 PTP 66 65_66_0_389
16 0.000682 3 0 PTP 66 64_66_0_529
13 0.000682 2 66
16 0.000682 3 0 PTP 65 66_65_0_516
16 0.000682 3 0 PTP 65 65_65_0_388
13 0.000682 2 65
16 0.000682 3 0 PTP 4 3_4_0_415
16 0.000682 3 0 PTP 4 2_4_0_530
13 0.000682 2 4
16 0.000682 3 0 PTP 3 4_3_0_518
16 0.000682 3 0 PTP 3 3_3_0_414
13 0.000682 2 3
12 0.000683 2 4 9
15 0.000683 3 0 PTP 4 4_1_1_531
15 0.000683 3 0 PTP 4 4_2_1_532
12 0.000683 2 3 9
15 0.000683 3 0 PTP 3 3_0_1_533
15 0.000683 3 0 PTP 3 3_1_1_534
16 0.000683 3 0 PTP 34 33_34_0_383
16 0.000683 3 0 PTP 34 32_34_0_535
13 0.000683 2 34
16 0.000683 3 0 PTP 33 34_33_0_522
16 0.000683 3 0 PTP 33 33_33_0_382
13 0.000683 2 33
16 0.000683 3 0 PTP 18 17_18_0_385
16 0.000683 3 0 PTP 18 16_18_0_536
13 0.000683 2 18
16 0.000683 3 0 PTP 17 18_17_0_524
16 0.000683 3 0 PTP 17 17_17_0_384
13 0.000683 2 17
16 0.000683 3 0 PTP 10 9_10_0_397
16 0.000683 3 0 PTP 10 8_10_0_537
13 0.000683 2 10
16 0.000683 3 0 PTP 9 10_9_0_526
16 0.000683 3 0 PTP 9 9_9_0_396
13 0.000683 2 9
16 0.000683 3 0 PTP 6 5_6_0_399
16 0.000683 3 0 PTP 6 4_6_0_538
13 0.000683 2 6
16 0.000683 3 0 PTP 5 6_5_0_528
16 0.000683 3 0 PTP 5 5_5_0_398
13 0.000683 2 5
12 0.000684 2 18 9
15 0.000684 3 0 PTP 18 18_19_1_539
15 0.000684 3 0 PTP 18 18_20_1_540
12 0.000684 2 66 9
15 0.000684 3 0 PTP 66 66_67_1_541
15 0.000684 3 0 PTP 66 66_68_1_542
12 0.000684 2 65 9
15 0.000684 3 0 PTP 65 65_66_1_543
15 0.000684 3 0 PTP 65 65_67_1_544
12 0.000685 2 34 9
15 0.000685 3 0 PTP 34 34_35_1_545
15 0.000685 3 0 PTP 34 34_36_1_546
12 0.000685 2 33 9
15 0.000685 3 0 PTP 33 33_34_1_547
15 0.000685 3 0 PTP 33 33_35_1_548
12 0.000685 2 17 9
15 0.000685 3 0 PTP 17 17_18_1_549
15 0.000685 3 0 PTP 17 17_19_1_550
12 0.000685 2 10 9
15 0.000685 3 0 PTP 10 10_11_1_551
15 0.000685 3 0 PTP 10 10_12_1_552
12 0.000685 2 9 9
15 0.000685 3 0 PTP 9 9_10_1_553
15 0.000685 3 0 PTP 9 9_11_1_554
12 0.000685 2 6 9
15 0.000685 3 0 PTP 6 6_7_1_555
15 0.000685 3 0 PTP 6 6_8_1_556
12 0.000685 2 5 9
15 0.000685 3 0 PTP 5 5_6_1_557
15 0.000685 3 0 PTP 5 5_7_1_558
16 0.000696 3 0 PTP 3 1_3_1_514
16 0.000696 3 0 PTP 1 3_1_1_534
16 0.000696 3 0 PTP 1 2_1_1_559
13 0.000696 2 1
16 0.000696 3 0 PTP 3 0_3_1_560
13 0.000696 2 3
12 0.000697 2 3 9
15 0.000697 3 0 PTP 3 3_6_2_561
15 0.000697 3 0 PTP 3 3_7_2_562
12 0.000698 2 1 9
15 0.000698 3 0 PTP 1 1_4_2_563
15 0.000698 3 0 PTP 1 1_5_2_564
16 0.000708 3 0 PTP 4 2_4_1_520
16 0.000708 3 0 PTP 2 4_2_1_532
16 0.000708 3 0 PTP 2 3_2_1_565
13 0.000708 2 2
16 0.000708 3 0 PTP 4 1_4_1_566
13 0.000708 2 4
12 0.000709 2 4 9
15 0.000709 3 0 PTP 4 4_7_2_567
15 0.000709 3 0 PTP 4 4_8_2_568
12 0.000711 2 2 9
15 0.000711 3 0 PTP 2 2_5_2_569
15 0.000711 3 0 PTP 2 2_6_2_570
16 0.000725 3 0 PTP 68 1_68_-223_321
13 0.000725 2 68
16 0.000725 3 0 PTP 36 1_36_-223_289
13 0.000725 2 36
16 0.000725 3 0 PTP 20 1_20_-223_273
13 0.000725 2 20
16 0.000725 3 0 PTP 12 1_12_-223_265
13 0.000725 2 12
16 0.000725 3 0 PTP 8 1_8_-223_261
13 0.000725 2 8
16 0.000725 3 0 PTP 98 1_98_-223_351
13 0.000725 2 98
16 0.000725 3 0 PTP 82 1_82_-223_335
13 0.000725 2 82
16 0.000725 3 0 PTP 74 1_74_-223_327
13 0.000725 2 74
16 0.000725 3 0 PTP 70 1_70_-223_323
13 0.000725 2 70
16 0.000725 3 0 PTP 50 1_50_-223_303
13 0.000725 2 50
16 0.000725 3 0 PTP 42 1_42_-223_295
13 0.000725 2 42
16 0.000725 3 0 PTP 38 1_38_-223_291
13 0.000725 2 38
16 0.000725 3 0 PTP 26 1_26_-223_279
13 0.000725 2 26
16 0.000725 3 0 PTP 22 1_22_-223_275
13 0.000725 2 22
16 0.000725 3 0 PTP 14 1_14_-223_267
13 0.000725 2 14
12 0.000730 2 82 9
15 0.000730 3 0 PTP 82 82_80_0_571
15 0.000730 3 0 PTP 82 82_81_0_572
12 0.000730 2 26 9
15 0.000730 3 0 PTP 26 26_24_0_573
15 0.000730 3 0 PTP 26 26_25_0_574
12 0.000730 2 22 9
15 0.000730 3 0 PTP 22 22_20_0_575
15 0.000730 3 0 PTP 22 22_21_0_576
12 0.000731 2 68 9
15 0.000731 3 0 PTP 68 68_66_0_577
15 0.000731 3 0 PTP 68 68_67_0_578
12 0.000731 2 20 9
15 0.000731 3 0 PTP 20 20_18_0_579
15 0.000731 3 0 PTP 20 20_19_0_580
12 0.000731 2 74 9
15 0.000731 3 0 PTP 74 74_72_0_581
15 0.000731 3 0 PTP 74 74_73_0_582
12 0.000731 2 70 9
15 0.000731 3 0 PTP 70 70_68_0_583
15 0.000731 3 0 PTP 70 70_69_0_584
12 0.000731 2 38 9
15 0.000731 3 0 PTP 38 38_36_0_585
15 0.000731 3 0 PTP 38 38_37_0_586
12 0.000732 2 12 9
15 0.000732 3 0 PTP 12 12_10_0_587
15 0.000732 3 0 PTP 12 12_11_0_588
12 0.000732 2 8 9
15 0.000732 3 0 PTP 8 8_6_0_589
15 0.000732 3 0 PTP 8 8_7_0_590
12 0.000732 2 98 9
15 0.000732 3 0 PTP 98 98_96_0_591
15 0.000732 3 0 PTP 98 98_97_0_592
12 0.000732 2 50 9
15 0.000732 3 0 PTP 50 50_48_0_593
15 0.000732 3 0 PTP 50 50_49_0_594
12 0.000732 2 42 9
15 0.000732 3 0 PTP 42 42_40_0_595
15 0.000732 3 0 PTP 42 42_41_0_596
12 0.000732 2 14 9
15 0.000732 3 0 PTP 14 14_12_0_597
15 0.000732 3 0 PTP 14 14_13_0_598
12 0.000733 2 36 9
15 0.000733 3 0 PTP 36 36_34_0_599
15 0.000733 3 0 PTP 36 36_35_0_600
16 0.000738 3 0 PTP 82 81_82_0_391
16 0.000738 3 0 PTP 82 80_82_0_601
13 0.000738 2 82
16 0.000738 3 0 PTP 81 82_81_0_572
16 0.000738 3 0 PTP 81 81_81_0_390
13 0.000738 2 81
16 0.000738 3 0 PTP 26 25_26_0_405
16 0.000738 3 0 PTP 26 24_26_0_602
13 0.000738 2 26
16 0.000738 3 0 PTP 25 26_25_0_574
16 0.000738 3 0 PTP 25 25_25_0_404
13 0.000738 2 25
16 0.000738 3 0 PTP 22 21_22_0_423
16 0.000738 3 0 PTP 22 20_22_0_603
13 0.000738 2 22
16 0.000738 3 0 PTP 21 22_21_0_576
16 0.000738 3 0 PTP 21 21_21_0_422
13 0.000738 2 21
16 0.000739 3 0 PTP 68 67_68_0_453
16 0.000739 3 0 PTP 68 66_68_0_604
13 0.000739 2 68
16 0.000739 3 0 PTP 67 68_67_0_578
16 0.000739 3 0 PTP 67 67_67_0_452
13 0.000739 2 67
16 0.000739 3 0 PTP 20 19_20_0_455
16 0.000739 3 0 PTP 20 18_20_0_605
13 0.000739 2 20
16 0.000739 3 0 PTP 19 20_19_0_580
16 0.000739 3 0 PTP 19 19_19_0_454
13 0.000739 2 19
16 0.000739 3 0 PTP 74 73_74_0_401
16 0.000739 3 0 PTP 74 72_74_0_606
13 0.000739 2 74
16 0.000739 3 0 PTP 73 74_73_0_582
16 0.000739 3 0 PTP 73 73_73_0_400
13 0.000739 2 73
16 0.000739 3 0 PTP 70 69_70_0_419
16 0.000739 3 0 PTP 70 68_70_0_607
13 0.000739 2 70
16 0.000739 3 0 PTP 69 70_69_0_584
16 0.000739 3 0 PTP 69 69_69_0_418
13 0.000739 2 69
16 0.000739 3 0 PTP 38 37_38_0_421
16 0.000739 3 0 PTP 38 36_38_0_608
13 0.000739 2 38
16 0.000739 3 0 PTP 37 38_37_0_586
16 0.000739 3 0 PTP 37 37_37_0_420
13 0.000739 2 37
12 0.000740 2 82 9
15 0.000740 3 0 PTP 82 82_83_1_609
15 0.000740 3 0 PTP 82 82_84_1_610
12 0.000740 2 81 9
15 0.000740 3 0 PTP 81 81_82_1_611
15 0.000740 3 0 PTP 81 81_83_1_612
12 0.000740 2 26 9
15 0.000740 3 0 PTP 26 26_27_1_613
15 0.000740 3 0 PTP 26 26_28_1_614
12 0.000740 2 25 9
15 0.000740 3 0 PTP 25 25_26_1_615
15 0.000740 3 0 PTP 25 25_27_1_616
12 0.000740 2 22 9
15 0.000740 3 0 PTP 22 22_23_1_617
15 0.000740 3 0 PTP 22 22_24_1_618
12 0.000740 2 21 9
15 0.000740 3 0 PTP 21 21_22_1_619
15 0.000740 3 0 PTP 21 21_23_1_620
12 0.000740 2 73 9
15 0.000740 3 0 PTP 73 73_74_1_621
15 0.000740 3 0 PTP 73 73_75_1_622
16 0.000740 3 0 PTP 12 11_12_0_457
16 0.000740 3 0 PTP 12 10_12_0_623
13 0.000740 2 12
16 0.000740 3 0 PTP 11 12_11_0_588
16 0.000740 3 0 PTP 11 11_11_0_456
13 0.000740 2 11
16 0.000740 3 0 PTP 8 7_8_0_459
16 0.000740 3 0 PTP 8 6_8_0_624
13 0.000740 2 8
16 0.000740 3 0 PTP 7 8_7_0_590
16 0.000740 3 0 PTP 7 7_7_0_458
13 0.000740 2 7
16 0.000740 3 0 PTP 98 97_98_0_387
16 0.000740 3 0 PTP 98 96_98_0_625
13 0.000740 2 98
16 0.000740 3 0 PTP 97 98_97_0_592
16 0.000740 3 0 PTP 97 97_97_0_386
13 0.000740 2 97
16 0.000740 3 0 PTP 50 49_50_0_393
16 0.000740 3 0 PTP 50 48_50_0_626
13 0.000740 2 50
16 0.000740 3 0 PTP 49 50_49_0_594
16 0.000740 3 0 PTP 49 49_49_0_392
13 0.000740 2 49
16 0.000740 3 0 PTP 42 41_42_0_403
16 0.000740 3 0 PTP 42 40_42_0_627
13 0.000740 2 42
16 0.000740 3 0 PTP 41 42_41_0_596
16 0.000740 3 0 PTP 41 41_41_0_402
13 0.000740 2 41
16 0.000740 3 0 PTP 14 13_14_0_425
16 0.000740 3 0 PTP 14 12_14_0_628
13 0.000740 2 14
16 0.000740 3 0 PTP 13 14_13_0_598
16 0.000740 3 0 PTP 13 13_13_0_424
13 0.000740 2 13
12 0.000741 2 12 9
15 0.000741 3 0 PTP 12 12_9_1_629
15 0.000741 3 0 PTP 12 12_10_1_630
12 0.000741 2 11 9
15 0.000741 3 0 PTP 11 11_8_1_631
15 0.000741 3 0 PTP 11 11_9_1_632
12 0.000741 2 8 9
15 0.000741 3 0 PTP 8 8_5_1_633
15 0.000741 3 0 PTP 8 8_6_1_634
12 0.000741 2 7 9
15 0.000741 3 0 PTP 7 7_4_1_635
15 0.000741 3 0 PTP 7 7_5_1_636
12 0.000741 2 98 9
15 0.000741 3 0 PTP 98 98_99_1_637
15 0.000741 3 0 PTP 98 98_100_1_638
12 0.000741 2 42 9
15 0.000741 3 0 PTP 42 42_43_1_639
15 0.000741 3 0 PTP 42 42_44_1_640
12 0.000741 2 41 9
15 0.000741 3 0 PTP 41 41_42_1_641
15 0.000741 3 0 PTP 41 41_43_1_642
12 0.000741 2 14 9
15 0.000741 3 0 PTP 14 14_15_1_643
15 0.000741 3 0 PTP 14 14_16_1_644
12 0.000741 2 13 9
15 0.000741 3 0 PTP 13 13_14_1_645
15 0.000741 3 0 PTP 13 13_15_1_646
12 0.000741 2 68 9
15 0.000741 3 0 PTP 68 68_65_1_647
15 0.000741 3 0 PTP 68 68_66_1_648
12 0.000741 2 67 9
15 0.000741 3 0 PTP 67 67_64_1_649
15 0.000741 3 0 PTP 67 67_65_1_650
12 0.000741 2 20 9
15 0.000741 3 0 PTP 20 20_17_1_651
15 0.000741 3 0 PTP 20 20_18_1_652
12 0.000741 2 19 9
15 0.000741 3 0 PTP 19 19_16_1_653
15 0.000741 3 0 PTP 19 19_17_1_654
12 0.000741 2 74 9
15 0.000741 3 0 PTP 74 74_75_1_655
15 0.000741 3 0 PTP 74 74_76_1_656
12 0.000741 2 70 9
15 0.000741 3 0 PTP 70 70_71_1_657
15 0.000741 3 0 PTP 70 70_72_1_658
12 0.000741 2 69 9
15 0.000741 3 0 PTP 69 69_70_1_659
15 0.000741 3 0 PTP 69 69_71_1_660
12 0.000741 2 38 9
15 0.000741 3 0 PTP 38 38_39_1_661
15 0.000741 3 0 PTP 38 38_40_1_662
12 0.000741 2 37 9
15 0.000741 3 0 PTP 37 37_38_1_663
15 0.000741 3 0 PTP 37 37_39_1_664
16 0.000741 3 0 PTP 36 35_36_0_451
16 0.000741 3 0 PTP 36 34_36_0_665
13 0.000741 2 36
16 0.000741 3 0 PTP 35 36_35_0_600
16 0.000741 3 0 PTP 35 35_35_0_450
13 0.000741 2 35
12 0.000742 2 97 9
15 0.000742 3 0 PTP 97 97_98_1_666
15 0.000742 3 0 PTP 97 97_99_1_667
12 0.000742 2 50 9
15 0.000742 3 0 PTP 50 50_51_1_668
15 0.000742 3 0 PTP 50 50_52_1_669
12 0.000742 2 49 9
15 0.000742 3 0 PTP 49 49_50_1_670
15 0.000742 3 0 PTP 49 49_51_1_671
12 0.000742 2 36 9
15 0.000742 3 0 PTP 36 36_33_1_672
15 0.000742 3 0 PTP 36 36_34_1_673
12 0.000743 2 35 9
15 0.000743 3 0 PTP 35 35_32_1_674
15 0.000743 3 0 PTP 35 35_33_1_675
16 0.000754 3 0 PTP 12 10_12_1_552
16 0.000754 3 0 PTP 11 9_11_1_554
16 0.000754 3 0 PTP 8 6_8_1_556
16 0.000754 3 0 PTP 7 5_7_1_558
16 0.000754 3 0 PTP 68 66_68_1_542
16 0.000754 3 0 PTP 67 65_67_1_544
16 0.000754 3 0 PTP 20 18_20_1_540
16 0.000754 3 0 PTP 19 17_19_1_550
16 0.000754 3 0 PTP 10 12_10_1_630
16 0.000754 3 0 PTP 10 11_10_1_676
13 0.000754 2 10
16 0.000754 3 0 PTP 12 9_12_1_677
13 0.000754 2 12
16 0.000754 3 0 PTP 9 11_9_1_632
16 0.000754 3 0 PTP 9 10_9_1_678
13 0.000754 2 9
16 0.000754 3 0 PTP 11 8_11_1_679
13 0.000754 2 11
16 0.000754 3 0 PTP 6 8_6_1_634
16 0.000754 3 0 PTP 6 7_6_1_680
13 0.000754 2 6
16 0.000754 3 0 PTP 8 5_8_1_681
13 0.000754 2 8
16 0.000754 3 0 PTP 5 7_5_1_636
16 0.000754 3 0 PTP 5 6_5_1_682
13 0.000754 2 5
16 0.000754 3 0 PTP 7 4_7_1_683
13 0.000754 2 7
16 0.000754 3 0 PTP 66 68_66_1_648
16 0.000754 3 0 PTP 66 67_66_1_684
13 0.000754 2 66
16 0.000754 3 0 PTP 68 65_68_1_685
13 0.000754 2 68
16 0.000754 3 0 PTP 65 67_65_1_650
16 0.000754 3 0 PTP 65 66_65_1_686
13 0.000754 2 65
16 0.000754 3 0 PTP 67 64_67_1_687
13 0.000754 2 67
16 0.000754 3 0 PTP 18 20_18_1_652
16 0.000754 3 0 PTP 18 19_18_1_688
13 0.000754 2 18
16 0.000754 3 0 PTP 20 17_20_1_689
13 0.000754 2 20
16 0.000754 3 0 PTP 17 19_17_1_654
16 0.000754 3 0 PTP 17 18_17_1_690
13 0.000754 2 17
16 0.000754 3 0 PTP 19 16_19_1_691
13 0.000754 2 19
12 0.000755 2 11 9
15 0.000755 3 0 PTP 11 11_14_2_692
15 0.000755 3 0 PTP 11 11_15_2_693
12 0.000755 2 7 9
15 0.000755 3 0 PTP 7 7_2_2_694
15 0.000755 3 0 PTP 7 7_3_2_695
12 0.000755 2 66 9
15 0.000755 3 0 PTP 66 66_69_2_696
15 0.000755 3 0 PTP 66 66_70_2_697
12 0.000755 2 67 9
15 0.000755 3 0 PTP 67 67_70_2_698
15 0.000755 3 0 PTP 67 67_71_2_699
12 0.000755 2 18 9
15 0.000755 3 0 PTP 18 18_21_2_700
15 0.000755 3 0 PTP 18 18_22_2_701
12 0.000755 2 20 9
15 0.000755 3 0 PTP 20 20_23_2_702
15 0.000755 3 0 PTP 20 20_24_2_703
16 0.000755 3 0 PTP 36 34_36_1_546
16 0.000755 3 0 PTP 34 36_34_1_673
16 0.000755 3 0 PTP 34 35_34_1_704
13 0.000755 2 34
16 0.000755 3 0 PTP 36 33_36_1_705
13 0.000755 2 36
12 0.000756 2 10 9
15 0.000756 3 0 PTP 10 10_13_2_706
15 0.000756 3 0 PTP 10 10_14_2_707
12 0.000756 2 12 9
15 0.000756 3 0 PTP 12 12_15_2_708
15 0.000756 3 0 PTP 12 12_16_2_709
12 0.000756 2 9 9
15 0.000756 3 0 PTP 9 9_12_2_710
15 0.000756 3 0 PTP 9 9_13_2_711
12 0.000756 2 6 9
15 0.000756 3 0 PTP 6 6_1_2_712
15 0.000756 3 0 PTP 6 6_2_2_713
12 0.000756 2 8 9
15 0.000756 3 0 PTP 8 8_3_2_714
15 0.000756 3 0 PTP 8 8_4_2_715
12 0.000756 2 5 9
15 0.000756 3 0 PTP 5 5_0_2_716
15 0.000756 3 0 PTP 5 5_1_2_717
12 0.000756 2 68 9
15 0.000756 3 0 PTP 68 68_71_2_718
15 0.000756 3 0 PTP 68 68_72_2_719
12 0.000756 2 65 9
15 0.000756 3 0 PTP 65 65_68_2_720
15 0.000756 3 0 PTP 65 65_69_2_721
12 0.000756 2 17 9
15 0.000756 3 0 PTP 17 17_20_2_722
15 0.000756 3 0 PTP 17 17_21_2_723
12 0.000756 2 19 9
15 0.000756 3 0 PTP 19 19_22_2_724
15 0.000756 3 0 PTP 19 19_23_2_725
12 0.000756 2 34 9
15 0.000756 3 0 PTP 34 34_37_2_726
15 0.000756 3 0 PTP 34 34_38_2_727
16 0.000756 3 0 PTP 35 33_35_1_548
16 0.000756 3 0 PTP 33 35_33_1_675
16 0.000756 3 0 PTP 33 34_33_1_728
13 0.000756 2 33
16 0.000756 3 0 PTP 35 32_35_1_729
13 0.000756 2 35
12 0.000757 2 36 9
15 0.000757 3 0 PTP 36 36_39_2_730
15 0.000757 3 0 PTP 36 36_40_2_731
12 0.000758 2 33 9
15 0.000758 3 0 PTP 33 33_36_2_732
15 0.000758 3 0 PTP 33 33_37_2_733
12 0.000758 2 35 9
15 0.000758 3 0 PTP 35 35_38_2_734
15 0.000758 3 0 PTP 35 35_39_2_735
16 0.000762 3 0 PTP 102 1_102_-223_355
13 0.000762 2 102
16 0.000762 3 0 PTP 86 1_86_-223_339
13 0.000762 2 86
16 0.000762 3 0 PTP 78 1_78_-223_331
13 0.000762 2 78
16 0.000762 3 0 PTP 54 1_54_-223_307
13 0.000762 2 54
16 0.000762 3 0 PTP 46 1_46_-223_299
13 0.000762 2 46
16 0.000762 3 0 PTP 30 1_30_-223_283
13 0.000762 2 30
16 0.000762 3 0 PTP 114 1_114_-223_367
13 0.000762 2 114
16 0.000762 3 0 PTP 106 1_106_-223_359
13 0.000762 2 106
16 0.000762 3 0 PTP 100 1_100_-223_353
13 0.000762 2 100
16 0.000762 3 0 PTP 90 1_90_-223_343
13 0.000762 2 90
16 0.000762 3 0 PTP 84 1_84_-223_337
13 0.000762 2 84
16 0.000762 3 0 PTP 76 1_76_-223_329
13 0.000762 2 76
16 0.000762 3 0 PTP 72 1_72_-223_325
13 0.000762 2 72
16 0.000762 3 0 PTP 58 1_58_-223_311
13 0.000762 2 58
16 0.000762 3 0 PTP 52 1_52_-223_305
13 0.000762 2 52
16 0.000762 3 0 PTP 44 1_44_-223_297
13 0.000762 2 44
16 0.000762 3 0 PTP 40 1_40_-223_293
13 0.000762 2 40
16 0.000762 3 0 PTP 28 1_28_-223_281
13 0.000762 2 28
16 0.000762 3 0 PTP 24 1_24_-223_277
13 0.000762 2 24
16 0.000762 3 0 PTP 16 1_16_-223_269
13 0.000762 2 16
12 0.000767 2 40 9
15 0.000767 3 0 PTP 40 40_38_0_736
15 0.000767 3 0 PTP 40 40_39_0_737
12 0.000767 2 24 9
15 0.000767 3 0 PTP 24 24_22_0_738
15 0.000767 3 0 PTP 24 24_23_0_739
12 0.000768 2 54 9
15 0.000768 3 0 PTP 54 54_52_0_740
15 0.000768 3 0 PTP 54 54_53_0_741
12 0.000768 2 114 9
15 0.000768 3 0 PTP 114 114_112_0_742
15 0.000768 3 0 PTP 114 114_113_0_743
12 0.000768 2 100 9
15 0.000768 3 0 PTP 100 100_98_0_744
15 0.000768 3 0 PTP 100 100_99_0_745
12 0.000768 2 76 9
15 0.000768 3 0 PTP 76 76_74_0_746
15 0.000768 3 0 PTP 76 76_75_0_747
12 0.000768 2 16 9
15 0.000768 3 0 PTP 16 16_14_0_748
15 0.000768 3 0 PTP 16 16_15_0_749
12 0.000769 2 102 9
15 0.000769 3 0 PTP 102 102_100_0_750
15 0.000769 3 0 PTP 102 102_101_0_751
12 0.000769 2 86 9
15 0.000769 3 0 PTP 86 86_84_0_752
15 0.000769 3 0 PTP 86 86_85_0_753
12 0.000769 2 78 9
15 0.000769 3 0 PTP 78 78_76_0_754
15 0.000769 3 0 PTP 78 78_77_0_755
12 0.000769 2 46 9
15 0.000769 3 0 PTP 46 46_44_0_756
15 0.000769 3 0 PTP 46 46_45_0_757
12 0.000769 2 90 9
15 0.000769 3 0 PTP 90 90_88_0_758
15 0.000769 3 0 PTP 90 90_89_0_759
12 0.000769 2 84 9
15 0.000769 3 0 PTP 84 84_82_0_760
15 0.000769 3 0 PTP 84 84_83_0_761
12 0.000769 2 72 9
15 0.000769 3 0 PTP 72 72_70_0_762
15 0.000769 3 0 PTP 72 72_71_0_763
12 0.000769 2 58 9
15 0.000769 3 0 PTP 58 58_56_0_764
15 0.000769 3 0 PTP 58 58_57_0_765
12 0.000769 2 52 9
15 0.000769 3 0 PTP 52 52_50_0_766
15 0.000769 3 0 PTP 52 52_51_0_767
12 0.000769 2 44 9
15 0.000769 3 0 PTP 44 44_42_0_768
15 0.000769 3 0 PTP 44 44_43_0_769
12 0.000769 2 28 9
15 0.000769 3 0 PTP 28 28_26_0_770
15 0.000769 3 0 PTP 28 28_27_0_771
12 0.000770 2 30 9
15 0.000770 3 0 PTP 30 30_28_0_772
15 0.000770 3 0 PTP 30 30_29_0_773
12 0.000771 2 106 9
15 0.000771 3 0 PTP 106 106_104_0_774
15 0.000771 3 0 PTP 106 106_105_0_775
16 0.000775 3 0 PTP 40 39_40_0_463
16 0.000775 3 0 PTP 40 38_40_0_776
13 0.000775 2 40
16 0.000775 3 0 PTP 39 40_39_0_737
16 0.000775 3 0 PTP 39 39_39_0_462
13 0.000775 2 39
16 0.000775 3 0 PTP 24 23_24_0_471
16 0.000775 3 0 PTP 24 22_24_0_777
13 0.000775 2 24
16 0.000775 3 0 PTP 23 24_23_0_739
16 0.000775 3 0 PTP 23 23_23_0_470
13 0.000775 2 23
16 0.000776 3 0 PTP 54 53_54_0_429
16 0.000776 3 0 PTP 54 52_54_0_778
13 0.000776 2 54
16 0.000776 3 0 PTP 53 54_53_0_741
16 0.000776 3 0 PTP 53 53_53_0_428
13 0.000776 2 53
16 0.000776 3 0 PTP 114 113_114_0_395
16 0.000776 3 0 PTP 114 112_114_0_779
13 0.000776 2 114
16 0.000776 3 0 PTP 113 114_113_0_743
16 0.000776 3 0 PTP 113 113_113_0_394
13 0.000776 2 113
16 0.000776 3 0 PTP 100 99_100_0_465
16 0.000776 3 0 PTP 100 98_100_0_780
13 0.000776 2 100
16 0.000776 3 0 PTP 99 100_99_0_745
16 0.000776 3 0 PTP 99 99_99_0_464
13 0.000776 2 99
16 0.000776 3 0 PTP 76 75_76_0_473
16 0.000776 3 0 PTP 76 74_76_0_781
13 0.000776 2 76
16 0.000776 3 0 PTP 75 76_75_0_747
16 0.000776 3 0 PTP 75 75_75_0_472
13 0.000776 2 75
16 0.000776 3 0 PTP 16 15_16_0_475
16 0.000776 3 0 PTP 16 14_16_0_782
13 0.000776 2 16
16 0.000776 3 0 PTP 15 16_15_0_749
16 0.000776 3 0 PTP 15 15_15_0_474
13 0.000776 2 15
12 0.000777 2 39 9
15 0.000777 3 0 PTP 39 39_36_1_783
15 0.000777 3 0 PTP 39 39_37_1_784
12 0.000777 2 24 9
15 0.000777 3 0 PTP 24 24_21_1_785
15 0.000777 3 0 PTP 24 24_22_1_786
12 0.000777 2 23 9
15 0.000777 3 0 PTP 23 23_20_1_787
15 0.000777 3 0 PTP 23 23_21_1_788
12 0.000777 2 114 9
15 0.000777 3 0 PTP 114 114_115_1_789
15 0.000777 3 0 PTP 114 114_116_1_790
12 0.000777 2 113 9
15 0.000777 3 0 PTP 113 113_114_1_791
15 0.000777 3 0 PTP 113 113_115_1_792
12 0.000777 2 100 9
15 0.000777 3 0 PTP 100 100_97_1_793
15 0.000777 3 0 PTP 100 100_98_1_794
12 0.000777 2 99 9
15 0.000777 3 0 PTP 99 99_96_1_795
15 0.000777 3 0 PTP 99 99_97_1_796
12 0.000777 2 75 9
15 0.000777 3 0 PTP 75 75_72_1_797
15 0.000777 3 0 PTP 75 75_73_1_798
12 0.000777 2 16 9
15 0.000777 3 0 PTP 16 16_13_1_799
15 0.000777 3 0 PTP 16 16_14_1_800
16 0.000777 3 0 PTP 102 101_102_0_437
16 0.000777 3 0 PTP 102 100_102_0_801
13 0.000777 2 102
16 0.000777 3 0 PTP 101 102_101_0_751
16 0.000777 3 0 PTP 101 101_101_0_436
13 0.000777 2 101
16 0.000777 3 0 PTP 86 85_86_0_427
16 0.000777 3 0 PTP 86 84_86_0_802
13 0.000777 2 86
16 0.000777 3 0 PTP 85 86_85_0_753
16 0.000777 3 0 PTP 85 85_85_0_426
13 0.000777 2 85
16 0.000777 3 0 PTP 78 77_78_0_433
16 0.000777 3 0 PTP 78 76_78_0_803
13 0.000777 2 78
16 0.000777 3 0 PTP 77 78_77_0_755
16 0.000777 3 0 PTP 77 77_77_0_432
13 0.000777 2 77
16 0.000777 3 0 PTP 46 45_46_0_435
16 0.000777 3 0 PTP 46 44_46_0_804
13 0.000777 2 46
16 0.000777 3 0 PTP 45 46_45_0_757
16 0.000777 3 0 PTP 45 45_45_0_434
13 0.000777 2 45
16 0.000777 3 0 PTP 90 89_90_0_407
16 0.000777 3 0 PTP 90 88_90_0_805
13 0.000777 2 90
16 0.000777 3 0 PTP 89 90_89_0_759
16 0.000777 3 0 PTP 89 89_89_0_406
13 0.000777 2 89
16 0.000777 3 0 PTP 84 83_84_0_511
16 0.000777 3 0 PTP 84 82_84_0_806
13 0.000777 2 84
16 0.000777 3 0 PTP 83 84_83_0_761
16 0.000777 3 0 PTP 83 83_83_0_510
13 0.000777 2 83
16 0.000777 3 0 PTP 72 71_72_0_461
16 0.000777 3 0 PTP 72 70_72_0_807
13 0.000777 2 72
16 0.000777 3 0 PTP 71 72_71_0_763
16 0.000777 3 0 PTP 71 71_71_0_460
13 0.000777 2 71
16 0.000777 3 0 PTP 58 57_58_0_409
16 0.000777 3 0 PTP 58 56_58_0_808
13 0.000777 2 58
16 0.000777 3 0 PTP 57 58_57_0_765
16 0.000777 3 0 PTP 57 57_57_0_408
13 0.000777 2 57
16 0.000777 3 0 PTP 52 51_52_0_467
16 0.000777 3 0 PTP 52 50_52_0_809
13 0.000777 2 52
16 0.000777 3 0 PTP 51 52_51_0_767
16 0.000777 3 0 PTP 51 51_51_0_466
13 0.000777 2 51
16 0.000777 3 0 PTP 44 43_44_0_477
16 0.000777 3 0 PTP 44 42_44_0_810
13 0.000777 2 44
16 0.000777 3 0 PTP 43 44_43_0_769
16 0.000777 3 0 PTP 43 43_43_0_476
13 0.000777 2 43
16 0.000777 3 0 PTP 28 27_28_0_469
16 0.000777 3 0 PTP 28 26_28_0_811
13 0.000777 2 28
16 0.000777 3 0 PTP 27 28_27_0_771
16 0.000777 3 0 PTP 27 27_27_0_468
13 0.000777 2 27
12 0.000778 2 40 9
15 0.000778 3 0 PTP 40 40_37_1_812
15 0.000778 3 0 PTP 40 40_38_1_813
12 0.000778 2 102 9
15 0.000778 3 0 PTP 102 102_103_1_814
15 0.000778 3 0 PTP 102 102_104_1_815
12 0.000778 2 86 9
15 0.000778 3 0 PTP 86 86_87_1_816
15 0.000778 3 0 PTP 86 86_88_1_817
12 0.000778 2 85 9
15 0.000778 3 0 PTP 85 85_86_1_818
15 0.000778 3 0 PTP 85 85_87_1_819
12 0.000778 2 78 9
15 0.000778 3 0 PTP 78 78_79_1_820
15 0.000778 3 0 PTP 78 78_80_1_821
12 0.000778 2 89 9
15 0.000778 3 0 PTP 89 89_90_1_822
15 0.000778 3 0 PTP 89 89_91_1_823
12 0.000778 2 58 9
15 0.000778 3 0 PTP 58 58_59_1_824
15 0.000778 3 0 PTP 58 58_60_1_825
12 0.000778 2 52 9
15 0.000778 3 0 PTP 52 52_49_1_826
15 0.000778 3 0 PTP 52 52_50_1_827
12 0.000778 2 27 9
15 0.000778 3 0 PTP 27 27_24_1_828
15 0.000778 3 0 PTP 27 27_25_1_829
12 0.000778 2 54 9
15 0.000778 3 0 PTP 54 54_55_1_830
15 0.000778 3 0 PTP 54 54_56_1_831
12 0.000778 2 53 9
15 0.000778 3 0 PTP 53 53_54_1_832
15 0.000778 3 0 PTP 53 53_55_1_833
12 0.000778 2 76 9
15 0.000778 3 0 PTP 76 76_73_1_834
15 0.000778 3 0 PTP 76 76_74_1_835
12 0.000778 2 15 9
15 0.000778 3 0 PTP 15 15_12_1_836
15 0.000778 3 0 PTP 15 15_13_1_837
16 0.000778 3 0 PTP 30 29_30_0_431
16 0.000778 3 0 PTP 30 28_30_0_838
13 0.000778 2 30
16 0.000778 3 0 PTP 29 30_29_0_773
16 0.000778 3 0 PTP 29 29_29_0_430
13 0.000778 2 29
16 0.000778 3 0 PTP 122 1_122_-223_375
13 0.000778 2 122
16 0.000778 3 0 PTP 118 1_118_-223_371
13 0.000778 2 118
16 0.000778 3 0 PTP 116 1_116_-223_369
13 0.000778 2 116
16 0.000778 3 0 PTP 110 1_110_-223_363
13 0.000778 2 110
16 0.000778 3 0 PTP 108 1_108_-223_361
13 0.000778 2 108
16 0.000778 3 0 PTP 104 1_104_-223_357
13 0.000778 2 104
16 0.000778 3 0 PTP 94 1_94_-223_347
13 0.000778 2 94
16 0.000778 3 0 PTP 92 1_92_-223_345
13 0.000778 2 92
16 0.000778 3 0 PTP 88 1_88_-223_341
13 0.000778 2 88
16 0.000778 3 0 PTP 80 1_80_-223_333
13 0.000778 2 80
16 0.000778 3 0 PTP 62 1_62_-223_315
13 0.000778 2 62
16 0.000778 3 0 PTP 60 1_60_-223_313
13 0.000778 2 60
16 0.000778 3 0 PTP 56 1_56_-223_309
13 0.000778 2 56
16 0.000778 3 0 PTP 48 1_48_-223_301
13 0.000778 2 48
16 0.000778 3 0 PTP 32 1_32_-223_285
13 0.000778 2 32
12 0.000779 2 101 9
15 0.000779 3 0 PTP 101 101_102_1_839
15 0.000779 3 0 PTP 101 101_103_1_840
12 0.000779 2 77 9
15 0.000779 3 0 PTP 77 77_78_1_841
15 0.000779 3 0 PTP 77 77_79_1_842
12 0.000779 2 46 9
15 0.000779 3 0 PTP 46 46_47_1_843
15 0.000779 3 0 PTP 46 46_48_1_844
12 0.000779 2 90 9
15 0.000779 3 0 PTP 90 90_91_1_845
15 0.000779 3 0 PTP 90 90_92_1_846
12 0.000779 2 84 9
15 0.000779 3 0 PTP 84 84_81_1_847
15 0.000779 3 0 PTP 84 84_82_1_848
12 0.000779 2 83 9
15 0.000779 3 0 PTP 83 83_80_1_849
15 0.000779 3 0 PTP 83 83_81_1_850
12 0.000779 2 72 9
15 0.000779 3 0 PTP 72 72_69_1_851
15 0.000779 3 0 PTP 72 72_70_1_852
12 0.000779 2 71 9
15 0.000779 3 0 PTP 71 71_68_1_853
15 0.000779 3 0 PTP 71 71_69_1_854
12 0.000779 2 51 9
15 0.000779 3 0 PTP 51 51_48_1_855
15 0.000779 3 0 PTP 51 51_49_1_856
12 0.000779 2 44 9
15 0.000779 3 0 PTP 44 44_41_1_857
15 0.000779 3 0 PTP 44 44_42_1_858
12 0.000779 2 43 9
15 0.000779 3 0 PTP 43 43_40_1_859
15 0.000779 3 0 PTP 43 43_41_1_860
12 0.000779 2 28 9
15 0.000779 3 0 PTP 28 28_25_1_861
15 0.000779 3 0 PTP 28 28_26_1_862
12 0.000779 2 30 9
15 0.000779 3 0 PTP 30 30_31_1_863
15 0.000779 3 0 PTP 30 30_32_1_864
12 0.000779 2 29 9
15 0.000779 3 0 PTP 29 29_30_1_865
15 0.000779 3 0 PTP 29 29_31_1_866
16 0.000779 3 0 PTP 106 105_106_0_411
16 0.000779 3 0 PTP 106 104_106_0_867
13 0.000779 2 106
16 0.000779 3 0 PTP 105 106_105_0_775
16 0.000779 3 0 PTP 105 105_105_0_410
13 0.000779 2 105
16 0.000779 3 0 PTP 124 1_124_-223_377
13 0.000779 2 124
12 0.000780 2 45 9
15 0.000780 3 0 PTP 45 45_46_1_868
15 0.000780 3 0 PTP 45 45_47_1_869
12 0.000780 2 57 9
15 0.000780 3 0 PTP 57 57_58_1_870
15 0.000780 3 0 PTP 57 57_59_1_871
16 0.000780 3 0 PTP 7 3_7_2_562
16 0.000780 3 0 PTP 3 7_3_2_695
16 0.000780 3 0 PTP 3 6_3_2_872
13 0.000780 2 3
16 0.000780 3 0 PTP 7 2_7_2_873
13 0.000780 2 7
12 0.000781 2 106 9
15 0.000781 3 0 PTP 106 106_107_1_874
15 0.000781 3 0 PTP 106 106_108_1_875
12 0.000781 2 105 9
15 0.000781 3 0 PTP 105 105_106_1_876
15 0.000781 3 0 PTP 105 105_107_1_877
16 0.000781 3 0 PTP 5 1_5_2_564
16 0.000781 3 0 PTP 1 5_1_2_717
16 0.000781 3 0 PTP 1 4_1_2_878
13 0.000781 2 1
16 0.000781 3 0 PTP 5 0_5_2_879
13 0.000781 2 5
12 0.000782 2 3 9
15 0.000782 3 0 PTP 3 3_10_3_880
15 0.000782 3 0 PTP 3 3_11_3_881
12 0.000782 2 7 9
15 0.000782 3 0 PTP 7 7_14_3_882
15 0.000782 3 0 PTP 7 7_15_3_883
12 0.000782 2 5 9
15 0.000782 3 0 PTP 5 5_12_3_884
15 0.000782 3 0 PTP 5 5_13_3_885
12 0.000783 2 1 9
15 0.000783 3 0 PTP 1 1_8_3_886
15 0.000783 3 0 PTP 1 1_9_3_887
12 0.000783 2 92 9
15 0.000783 3 0 PTP 92 92_90_0_888
15 0.000783 3 0 PTP 92 92_91_0_889
12 0.000784 2 110 9
15 0.000784 3 0 PTP 110 110_108_0_890
15 0.000784 3 0 PTP 110 110_109_0_891
12 0.000784 2 88 9
15 0.000784 3 0 PTP 88 88_86_0_892
15 0.000784 3 0 PTP 88 88_87_0_893
12 0.000784 2 56 9
15 0.000784 3 0 PTP 56 56_54_0_894
15 0.000784 3 0 PTP 56 56_55_0_895
12 0.000785 2 116 9
15 0.000785 3 0 PTP 116 116_114_0_896
15 0.000785 3 0 PTP 116 116_115_0_897
12 0.000785 2 104 9
15 0.000785 3 0 PTP 104 104_102_0_898
15 0.000785 3 0 PTP 104 104_103_0_899
12 0.000785 2 80 9
15 0.000785 3 0 PTP 80 80_78_0_900
15 0.000785 3 0 PTP 80 80_79_0_901
12 0.000785 2 62 9
15 0.000785 3 0 PTP 62 62_60_0_902
15 0.000785 3 0 PTP 62 62_61_0_903
12 0.000786 2 122 9
15 0.000786 3 0 PTP 122 122_120_0_904
15 0.000786 3 0 PTP 122 122_121_0_905
12 0.000786 2 118 9
15 0.000786 3 0 PTP 118 118_116_0_906
15 0.000786 3 0 PTP 118 118_117_0_907
12 0.000786 2 108 9
15 0.000786 3 0 PTP 108 108_106_0_908
15 0.000786 3 0 PTP 108 108_107_0_909
12 0.000786 2 94 9
15 0.000786 3 0 PTP 94 94_92_0_910
15 0.000786 3 0 PTP 94 94_93_0_911
12 0.000786 2 60 9
15 0.000786 3 0 PTP 60 60_58_0_912
15 0.000786 3 0 PTP 60 60_59_0_913
12 0.000786 2 48 9
15 0.000786 3 0 PTP 48 48_46_0_914
15 0.000786 3 0 PTP 48 48_47_0_915
12 0.000786 2 32 9
15 0.000786 3 0 PTP 32 32_30_0_916
15 0.000786 3 0 PTP 32 32_31_0_917
16 0.000787 3 0 PTP 6 2_6_2_570
16 0.000787 3 0 PTP 2 6_2_2_713
16 0.000787 3 0 PTP 2 5_2_2_918
13 0.000787 2 2
16 0.000787 3 0 PTP 6 1_6_2_919
13 0.000787 2 6
16 0.000787 3 0 PTP 126 1_126_-223_379
13 0.000787 2 126
12 0.000787 2 124 9
15 0.000787 3 0 PTP 124 124_122_0_920
15 0.000787 3 0 PTP 124 124_123_0_921
12 0.000788 2 2 9
15 0.000788 3 0 PTP 2 2_9_3_922
15 0.000788 3 0 PTP 2 2_10_3_923
12 0.000788 2 6 9
15 0.000788 3 0 PTP 6 6_13_3_924
15 0.000788 3 0 PTP 6 6_14_3_925
16 0.000789 3 0 PTP 120 1_120_-223_373
13 0.000789 2 120
16 0.000789 3 0 PTP 112 1_112_-223_365
13 0.000789 2 112
16 0.000789 3 0 PTP 96 1_96_-223_349
13 0.000789 2 96
16 0.000789 3 0 PTP 64 1_64_-223_317
13 0.000789 2 64
16 0.000790 3 0 PTP 39 37_39_1_664
16 0.000790 3 0 PTP 24 22_24_1_618
16 0.000790 3 0 PTP 23 21_23_1_620
16 0.000790 3 0 PTP 100 98_100_1_638
16 0.000790 3 0 PTP 99 97_99_1_667
16 0.000790 3 0 PTP 75 73_75_1_622
16 0.000790 3 0 PTP 16 14_16_1_644
16 0.000790 3 0 PTP 37 39_37_1_784
16 0.000790 3 0 PTP 37 38_37_1_926
13 0.000790 2 37
16 0.000790 3 0 PTP 39 36_39_1_927
13 0.000790 2 39
16 0.000790 3 0 PTP 22 24_22_1_786
16 0.000790 3 0 PTP 22 23_22_1_928
13 0.000790 2 22
16 0.000790 3 0 PTP 24 21_24_1_929
13 0.000790 2 24
16 0.000790 3 0 PTP 21 23_21_1_788
16 0.000790 3 0 PTP 21 22_21_1_930
13 0.000790 2 21
16 0.000790 3 0 PTP 23 20_23_1_931
13 0.000790 2 23
16 0.000790 3 0 PTP 98 100_98_1_794
16 0.000790 3 0 PTP 98 99_98_1_932
13 0.000790 2 98
16 0.000790 3 0 PTP 100 97_100_1_933
13 0.000790 2 100
16 0.000790 3 0 PTP 97 99_97_1_796
16 0.000790 3 0 PTP 97 98_97_1_934
13 0.000790 2 97
16 0.000790 3 0 PTP 99 96_99_1_935
13 0.000790 2 99
16 0.000790 3 0 PTP 73 75_73_1_798
16 0.000790 3 0 PTP 73 74_73_1_936
13 0.000790 2 73
16 0.000790 3 0 PTP 75 72_75_1_937
13 0.000790 2 75
16 0.000790 3 0 PTP 14 16_14_1_800
16 0.000790 3 0 PTP 14 15_14_1_938
13 0.000790 2 14
16 0.000790 3 0 PTP 16 13_16_1_939
13 0.000790 2 16
12 0.000791 2 24 9
15 0.000791 3 0 PTP 24 24_19_2_940
15 0.000791 3 0 PTP 24 24_20_2_941
12 0.000791 2 99 9
15 0.000791 3 0 PTP 99 99_102_2_942
15 0.000791 3 0 PTP 99 99_103_2_943
12 0.000791 2 75 9
15 0.000791 3 0 PTP 75 75_78_2_944
15 0.000791 3 0 PTP 75 75_79_2_945
12 0.000791 2 16 9
15 0.000791 3 0 PTP 16 16_11_2_946
15 0.000791 3 0 PTP 16 16_12_2_947
16 0.000791 3 0 PTP 40 38_40_1_662
16 0.000791 3 0 PTP 52 50_52_1_669
16 0.000791 3 0 PTP 27 25_27_1_616
16 0.000791 3 0 PTP 76 74_76_1_656
16 0.000791 3 0 PTP 15 13_15_1_646
16 0.000791 3 0 PTP 38 40_38_1_813
16 0.000791 3 0 PTP 38 39_38_1_948
13 0.000791 2 38
16 0.000791 3 0 PTP 40 37_40_1_949
13 0.000791 2 40
16 0.000791 3 0 PTP 50 52_50_1_827
16 0.000791 3 0 PTP 50 51_50_1_950
13 0.000791 2 50
16 0.000791 3 0 PTP 52 49_52_1_951
13 0.000791 2 52
16 0.000791 3 0 PTP 25 27_25_1_829
16 0.000791 3 0 PTP 25 26_25_1_952
13 0.000791 2 25
16 0.000791 3 0 PTP 27 24_27_1_953
13 0.000791 2 27
16 0.000791 3 0 PTP 74 76_74_1_835
16 0.000791 3 0 PTP 74 75_74_1_954
13 0.000791 2 74
16 0.000791 3 0 PTP 76 73_76_1_955
13 0.000791 2 76
16 0.000791 3 0 PTP 13 15_13_1_837
16 0.000791 3 0 PTP 13 14_13_1_956
13 0.000791 2 13
16 0.000791 3 0 PTP 15 12_15_1_957
13 0.000791 2 15
16 0.000791 3 0 PTP 92 91_92_0_495
16 0.000791 3 0 PTP 92 90_92_0_958
13 0.000791 2 92
16 0.000791 3 0 PTP 91 92_91_0_889
16 0.000791 3 0 PTP 91 91_91_0_494
13 0.000791 2 91
12 0.000792 2 37 9
15 0.000792 3 0 PTP 37 37_32_2_959
15 0.000792 3 0 PTP 37 37_33_2_960
12 0.000792 2 39 9
15 0.000792 3 0 PTP 39 39_34_2_961
15 0.000792 3 0 PTP 39 39_35_2_962
12 0.000792 2 22 9
15 0.000792 3 0 PTP 22 22_17_2_963
15 0.000792 3 0 PTP 22 22_18_2_964
12 0.000792 2 21 9
15 0.000792 3 0 PTP 21 21_16_2_965
15 0.000792 3 0 PTP 21 21_17_2_966
12 0.000792 2 23 9
15 0.000792 3 0 PTP 23 23_18_2_967
15 0.000792 3 0 PTP 23 23_19_2_968
12 0.000792 2 98 9
15 0.000792 3 0 PTP 98 98_101_2_969
15 0.000792 3 0 PTP 98 98_102_2_970
12 0.000792 2 100 9
15 0.000792 3 0 PTP 100 100_103_2_971
15 0.000792 3 0 PTP 100 100_104_2_972
12 0.000792 2 97 9
15 0.000792 3 0 PTP 97 97_100_2_973
15 0.000792 3 0 PTP 97 97_101_2_974
12 0.000792 2 73 9
15 0.000792 3 0 PTP 73 73_76_2_975
15 0.000792 3 0 PTP 73 73_77_2_976
12 0.000792 2 14 9
15 0.000792 3 0 PTP 14 14_9_2_977
15 0.000792 3 0 PTP 14 14_10_2_978
12 0.000792 2 38 9
15 0.000792 3 0 PTP 38 38_33_2_979
15 0.000792 3 0 PTP 38 38_34_2_980
12 0.000792 2 40 9
15 0.000792 3 0 PTP 40 40_35_2_981
15 0.000792 3 0 PTP 40 40_36_2_982
12 0.000792 2 50 9
15 0.000792 3 0 PTP 50 50_53_2_983
15 0.000792 3 0 PTP 50 50_54_2_984
12 0.000792 2 52 9
15 0.000792 3 0 PTP 52 52_55_2_985
15 0.000792 3 0 PTP 52 52_56_2_986
12 0.000792 2 13 9
15 0.000792 3 0 PTP 13 13_8_2_987
15 0.000792 3 0 PTP 13 13_9_2_988
16 0.000792 3 0 PTP 84 82_84_1_610
16 0.000792 3 0 PTP 83 81_83_1_612
16 0.000792 3 0 PTP 72 70_72_1_658
16 0.000792 3 0 PTP 71 69_71_1_660
16 0.000792 3 0 PTP 51 49_51_1_671
16 0.000792 3 0 PTP 44 42_44_1_640
16 0.000792 3 0 PTP 43 41_43_1_642
16 0.000792 3 0 PTP 28 26_28_1_614
16 0.000792 3 0 PTP 82 84_82_1_848
16 0.000792 3 0 PTP 82 83_82_1_989
13 0.000792 2 82
16 0.000792 3 0 PTP 84 81_84_1_990
13 0.000792 2 84
16 0.000792 3 0 PTP 81 83_81_1_850
16 0.000792 3 0 PTP 81 82_81_1_991
13 0.000792 2 81
16 0.000792 3 0 PTP 83 80_83_1_992
13 0.000792 2 83
16 0.000792 3 0 PTP 70 72_70_1_852
16 0.000792 3 0 PTP 70 71_70_1_993
13 0.000792 2 70
16 0.000792 3 0 PTP 72 69_72_1_994
13 0.000792 2 72
16 0.000792 3 0 PTP 69 71_69_1_854
16 0.000792 3 0 PTP 69 70_69_1_995
13 0.000792 2 69
16 0.000792 3 0 PTP 71 68_71_1_996
13 0.000792 2 71
16 0.000792 3 0 PTP 49 51_49_1_856
16 0.000792 3 0 PTP 49 50_49_1_997
13 0.000792 2 49
16 0.000792 3 0 PTP 51 48_51_1_998
13 0.000792 2 51
16 0.000792 3 0 PTP 42 44_42_1_858
16 0.000792 3 0 PTP 42 43_42_1_999
13 0.000792 2 42
16 0.000792 3 0 PTP 44 41_44_1_1000
13 0.000792 2 44
16 0.000792 3 0 PTP 41 43_41_1_860
16 0.000792 3 0 PTP 41 42_41_1_1001
13 0.000792 2 41
16 0.000792 3 0 PTP 43 40_43_1_1002
13 0.000792 2 43
16 0.000792 3 0 PTP 26 28_26_1_862
16 0.000792 3 0 PTP 26 27_26_1_1003
13 0.000792 2 26
16 0.000792 3 0 PTP 28 25_28_1_1004
13 0.000792 2 28
12 0.000792 2 91 9
15 0.000792 3 0 PTP 91 91_88_1_1005
15 0.000792 3 0 PTP 91 91_89_1_1006
16 0.000792 3 0 PTP 110 109_110_0_441
16 0.000792 3 0 PTP 110 108_110_0_1007
13 0.000792 2 110
16 0.000792 3 0 PTP 109 110_109_0_891
16 0.000792 3 0 PTP 109 109_109_0_440
13 0.000792 2 109
16 0.000792 3 0 PTP 88 87_88_0_485
16 0.000792 3 0 PTP 88 86_88_0_1008
13 0.000792 2 88
16 0.000792 3 0 PTP 87 88_87_0_893
16 0.000792 3 0 PTP 87 87_87_0_484
13 0.000792 2 87
16 0.000792 3 0 PTP 56 55_56_0_487
16 0.000792 3 0 PTP 56 54_56_0_1009
13 0.000792 2 56
16 0.000792 3 0 PTP 55 56_55_0_895
16 0.000792 3 0 PTP 55 55_55_0_486
13 0.000792 2 55
12 0.000793 2 25 9
15 0.000793 3 0 PTP 25 25_28_2_1010
15 0.000793 3 0 PTP 25 25_29_2_1011
12 0.000793 2 27 9
15 0.000793 3 0 PTP 27 27_30_2_1012
15 0.000793 3 0 PTP 27 27_31_2_1013
12 0.000793 2 74 9
15 0.000793 3 0 PTP 74 74_77_2_1014
15 0.000793 3 0 PTP 74 74_78_2_1015
12 0.000793 2 76 9
15 0.000793 3 0 PTP 76 76_79_2_1016
15 0.000793 3 0 PTP 76 76_80_2_1017
12 0.000793 2 15 9
15 0.000793 3 0 PTP 15 15_10_2_1018
15 0.000793 3 0 PTP 15 15_11_2_1019
12 0.000793 2 49 9
15 0.000793 3 0 PTP 49 49_52_2_1020
15 0.000793 3 0 PTP 49 49_53_2_1021
12 0.000793 2 109 9
15 0.000793 3 0 PTP 109 109_110_1_1022
15 0.000793 3 0 PTP 109 109_111_1_1023
16 0.000793 3 0 PTP 116 115_116_0_491
16 0.000793 3 0 PTP 116 114_116_0_1024
13 0.000793 2 116
16 0.000793 3 0 PTP 115 116_115_0_897
16 0.000793 3 0 PTP 115 115_115_0_490
13 0.000793 2 115
16 0.000793 3 0 PTP 104 103_104_0_509
16 0.000793 3 0 PTP 104 102_104_0_1025
13 0.000793 2 104
16 0.000793 3 0 PTP 103 104_103_0_899
16 0.000793 3 0 PTP 103 103_103_0_508
13 0.000793 2 103
16 0.000793 3 0 PTP 80 79_80_0_481
16 0.000793 3 0 PTP 80 78_80_0_1026
13 0.000793 2 80
16 0.000793 3 0 PTP 79 80_79_0_901
16 0.000793 3 0 PTP 79 79_79_0_480
13 0.000793 2 79
16 0.000793 3 0 PTP 62 61_62_0_447
16 0.000793 3 0 PTP 62 60_62_0_1027
13 0.000793 2 62
16 0.000793 3 0 PTP 61 62_61_0_903
16 0.000793 3 0 PTP 61 61_61_0_446
13 0.000793 2 61
12 0.000794 2 84 9
15 0.000794 3 0 PTP 84 84_87_2_1028
15 0.000794 3 0 PTP 84 84_88_2_1029
12 0.000794 2 81 9
15 0.000794 3 0 PTP 81 81_84_2_1030
15 0.000794 3 0 PTP 81 81_85_2_1031
12 0.000794 2 83 9
15 0.000794 3 0 PTP 83 83_86_2_1032
15 0.000794 3 0 PTP 83 83_87_2_1033
12 0.000794 2 70 9
15 0.000794 3 0 PTP 70 70_65_2_1034
15 0.000794 3 0 PTP 70 70_66_2_1035
12 0.000794 2 72 9
15 0.000794 3 0 PTP 72 72_67_2_1036
15 0.000794 3 0 PTP 72 72_68_2_1037
12 0.000794 2 69 9
15 0.000794 3 0 PTP 69 69_64_2_1038
15 0.000794 3 0 PTP 69 69_65_2_1039
12 0.000794 2 71 9
15 0.000794 3 0 PTP 71 71_66_2_1040
15 0.000794 3 0 PTP 71 71_67_2_1041
12 0.000794 2 51 9
15 0.000794 3 0 PTP 51 51_54_2_1042
15 0.000794 3 0 PTP 51 51_55_2_1043
12 0.000794 2 42 9
15 0.000794 3 0 PTP 42 42_45_2_1044
15 0.000794 3 0 PTP 42 42_46_2_1045
12 0.000794 2 44 9
15 0.000794 3 0 PTP 44 44_47_2_1046
15 0.000794 3 0 PTP 44 44_48_2_1047
12 0.000794 2 41 9
15 0.000794 3 0 PTP 41 41_44_2_1048
15 0.000794 3 0 PTP 41 41_45_2_1049
12 0.000794 2 43 9
15 0.000794 3 0 PTP 43 43_46_2_1050
15 0.000794 3 0 PTP 43 43_47_2_1051
12 0.000794 2 26 9
15 0.000794 3 0 PTP 26 26_29_2_1052
15 0.000794 3 0 PTP 26 26_30_2_1053
12 0.000794 2 28 9
15 0.000794 3 0 PTP 28 28_31_2_1054
15 0.000794 3 0 PTP 28 28_32_2_1055
16 0.000794 3 0 PTP 8 4_8_2_568
16 0.000794 3 0 PTP 4 8_4_2_715
16 0.000794 3 0 PTP 4 7_4_2_1056
13 0.000794 2 4
16 0.000794 3 0 PTP 8 3_8_2_1057
13 0.000794 2 8
16 0.000794 3 0 PTP 128 1_128_-223_381
13 0.000794 2 128
12 0.000794 2 80 9
15 0.000794 3 0 PTP 80 80_77_1_1058
15 0.000794 3 0 PTP 80 80_78_1_1059
12 0.000794 2 62 9
15 0.000794 3 0 PTP 62 62_63_1_1060
15 0.000794 3 0 PTP 62 62_64_1_1061
12 0.000794 2 88 9
15 0.000794 3 0 PTP 88 88_85_1_1062
15 0.000794 3 0 PTP 88 88_86_1_1063
12 0.000794 2 87 9
15 0.000794 3 0 PTP 87 87_84_1_1064
15 0.000794 3 0 PTP 87 87_85_1_1065
12 0.000794 2 56 9
15 0.000794 3 0 PTP 56 56_53_1_1066
15 0.000794 3 0 PTP 56 56_54_1_1067
12 0.000794 2 55 9
15 0.000794 3 0 PTP 55 55_52_1_1068
15 0.000794 3 0 PTP 55 55_53_1_1069
16 0.000794 3 0 PTP 122 121_122_0_413
16 0.000794 3 0 PTP 122 120_122_0_1070
13 0.000794 2 122
16 0.000794 3 0 PTP 121 122_121_0_905
16 0.000794 3 0 PTP 121 121_121_0_412
13 0.000794 2 121
16 0.000794 3 0 PTP 118 117_118_0_439
16 0.000794 3 0 PTP 118 116_118_0_1071
13 0.000794 2 118
16 0.000794 3 0 PTP 117 118_117_0_907
16 0.000794 3 0 PTP 117 117_117_0_438
13 0.000794 2 117
16 0.000794 3 0 PTP 108 107_108_0_493
16 0.000794 3 0 PTP 108 106_108_0_1072
13 0.000794 2 108
16 0.000794 3 0 PTP 107 108_107_0_909
16 0.000794 3 0 PTP 107 107_107_0_492
13 0.000794 2 107
16 0.000794 3 0 PTP 94 93_94_0_443
16 0.000794 3 0 PTP 94 92_94_0_1073
13 0.000794 2 94
16 0.000794 3 0 PTP 93 94_93_0_911
16 0.000794 3 0 PTP 93 93_93_0_442
13 0.000794 2 93
16 0.000794 3 0 PTP 60 59_60_0_483
16 0.000794 3 0 PTP 60 58_60_0_1074
13 0.000794 2 60
16 0.000794 3 0 PTP 59 60_59_0_913
16 0.000794 3 0 PTP 59 59_59_0_482
13 0.000794 2 59
16 0.000794 3 0 PTP 48 47_48_0_489
16 0.000794 3 0 PTP 48 46_48_0_1075
13 0.000794 2 48
16 0.000794 3 0 PTP 47 48_47_0_915
16 0.000794 3 0 PTP 47 47_47_0_488
13 0.000794 2 47
16 0.000794 3 0 PTP 32 31_32_0_479
16 0.000794 3 0 PTP 32 30_32_0_1076
13 0.000794 2 32
16 0.000794 3 0 PTP 31 32_31_0_917
16 0.000794 3 0 PTP 31 31_31_0_478
13 0.000794 2 31
12 0.000795 2 126 9
15 0.000795 3 0 PTP 126 126_124_0_1077
15 0.000795 3 0 PTP 126 126_125_0_1078
12 0.000795 2 82 9
15 0.000795 3 0 PTP 82 82_85_2_1079
15 0.000795 3 0 PTP 82 82_86_2_1080
12 0.000795 2 110 9
15 0.000795 3 0 PTP 110 110_111_1_1081
15 0.000795 3 0 PTP 110 110_112_1_1082
12 0.000795 2 115 9
15 0.000795 3 0 PTP 115 115_112_1_1083
15 0.000795 3 0 PTP 115 115_113_1_1084
12 0.000795 2 104 9
15 0.000795 3 0 PTP 104 104_101_1_1085
15 0.000795 3 0 PTP 104 104_102_1_1086
12 0.000795 2 103 9
15 0.000795 3 0 PTP 103 103_100_1_1087
15 0.000795 3 0 PTP 103 103_101_1_1088
12 0.000795 2 79 9
15 0.000795 3 0 PTP 79 79_76_1_1089
15 0.000795 3 0 PTP 79 79_77_1_1090
12 0.000795 2 61 9
15 0.000795 3 0 PTP 61 61_62_1_1091
15 0.000795 3 0 PTP 61 61_63_1_1092
12 0.000795 2 122 9
15 0.000795 3 0 PTP 122 122_123_1_1093
15 0.000795 3 0 PTP 122 122_124_1_1094
12 0.000795 2 118 9
15 0.000795 3 0 PTP 118 118_119_1_1095
15 0.000795 3 0 PTP 118 118_120_1_1096
12 0.000795 2 108 9
15 0.000795 3 0 PTP 108 108_105_1_1097
15 0.000795 3 0 PTP 108 108_106_1_1098
12 0.000795 2 94 9
15 0.000795 3 0 PTP 94 94_95_1_1099
15 0.000795 3 0 PTP 94 94_96_1_1100
12 0.000795 2 60 9
15 0.000795 3 0 PTP 60 60_57_1_1101
15 0.000795 3 0 PTP 60 60_58_1_1102
12 0.000795 2 32 9
15 0.000795 3 0 PTP 32 32_29_1_1103
15 0.000795 3 0 PTP 32 32_30_1_1104
12 0.000795 2 31 9
15 0.000795 3 0 PTP 31 31_28_1_1105
15 0.000795 3 0 PTP 31 31_29_1_1106
16 0.000795 3 0 PTP 124 123_124_0_501
16 0.000795 3 0 PTP 124 122_124_0_1107
13 0.000795 2 124
16 0.000795 3 0 PTP 123 124_123_0_921
16 0.000795 3 0 PTP 123 123_123_0_500
13 0.000795 2 123
12 0.000796 2 8 9
15 0.000796 3 0 PTP 8 8_15_3_1108
15 0.000796 3 0 PTP 8 8_16_3_1109
12 0.000796 2 96 9
15 0.000796 3 0 PTP 96 96_94_0_1110
15 0.000796 3 0 PTP 96 96_95_0_1111
12 0.000796 2 116 9
15 0.000796 3 0 PTP 116 116_113_1_1112
15 0.000796 3 0 PTP 116 116_114_1_1113
12 0.000796 2 121 9
15 0.000796 3 0 PTP 121 121_122_1_1114
15 0.000796 3 0 PTP 121 121_123_1_1115
12 0.000796 2 117 9
15 0.000796 3 0 PTP 117 117_118_1_1116
15 0.000796 3 0 PTP 117 117_119_1_1117
12 0.000796 2 107 9
15 0.000796 3 0 PTP 107 107_104_1_1118
15 0.000796 3 0 PTP 107 107_105_1_1119
12 0.000796 2 93 9
15 0.000796 3 0 PTP 93 93_94_1_1120
15 0.000796 3 0 PTP 93 93_95_1_1121
12 0.000796 2 59 9
15 0.000796 3 0 PTP 59 59_56_1_1122
15 0.000796 3 0 PTP 59 59_57_1_1123
12 0.000796 2 48 9
15 0.000796 3 0 PTP 48 48_45_1_1124
15 0.000796 3 0 PTP 48 48_46_1_1125
12 0.000796 2 47 9
15 0.000796 3 0 PTP 47 47_44_1_1126
15 0.000796 3 0 PTP 47 47_45_1_1127
12 0.000796 2 123 9
15 0.000796 3 0 PTP 123 123_120_1_1128
15 0.000796 3 0 PTP 123 123_121_1_1129
12 0.000797 2 4 9
15 0.000797 3 0 PTP 4 4_11_3_1130
15 0.000797 3 0 PTP 4 4_12_3_1131
12 0.000797 2 112 9
15 0.000797 3 0 PTP 112 112_110_0_1132
15 0.000797 3 0 PTP 112 112_111_0_1133
12 0.000797 2 64 9
15 0.000797 3 0 PTP 64 64_62_0_1134
15 0.000797 3 0 PTP 64 64_63_0_1135
12 0.000797 2 92 9
15 0.000797 3 0 PTP 92 92_89_1_1136
15 0.000797 3 0 PTP 92 92_90_1_1137
12 0.000797 2 124 9
15 0.000797 3 0 PTP 124 124_121_1_1138
15 0.000797 3 0 PTP 124 124_122_1_1139
12 0.000798 2 120 9
15 0.000798 3 0 PTP 120 120_118_0_1140
15 0.000798 3 0 PTP 120 120_119_0_1141
16 0.000803 3 0 PTP 126 125_126_0_445
16 0.000803 3 0 PTP 126 124_126_0_1142
13 0.000803 2 126
16 0.000803 3 0 PTP 125 126_125_0_1078
16 0.000803 3 0 PTP 125 125_125_0_444
13 0.000803 2 125
12 0.000804 2 126 9
15 0.000804 3 0 PTP 126 126_127_1_1143
15 0.000804 3 0 PTP 126 126_128_1_1144
16 0.000804 3 0 PTP 96 95_96_0_507
16 0.000804 3 0 PTP 96 94_96_0_1145
13 0.000804 2 96
16 0.000804 3 0 PTP 95 96_95_0_1111
16 0.000804 3 0 PTP 95 95_95_0_506
13 0.000804 2 95
12 0.000805 2 125 9
15 0.000805 3 0 PTP 125 125_126_1_1146
15 0.000805 3 0 PTP 125 125_127_1_1147
16 0.000805 3 0 PTP 91 89_91_1_823
16 0.000805 3 0 PTP 89 91_89_1_1006
16 0.000805 3 0 PTP 89 90_89_1_1148
13 0.000805 2 89
16 0.000805 3 0 PTP 91 88_91_1_1149
13 0.000805 2 91
16 0.000805 3 0 PTP 112 111_112_0_497
16 0.000805 3 0 PTP 112 110_112_0_1150
13 0.000805 2 112
16 0.000805 3 0 PTP 111 112_111_0_1133
16 0.000805 3 0 PTP 111 111_111_0_496
13 0.000805 2 111
16 0.000805 3 0 PTP 64 63_64_0_503
16 0.000805 3 0 PTP 64 62_64_0_1151
13 0.000805 2 64
16 0.000805 3 0 PTP 63 64_63_0_1135
16 0.000805 3 0 PTP 63 63_63_0_502
13 0.000805 2 63
12 0.000806 2 128 9
15 0.000806 3 0 PTP 128 128_126_0_1152
15 0.000806 3 0 PTP 128 128_127_0_1153
12 0.000806 2 89 9
15 0.000806 3 0 PTP 89 89_92_2_1154
15 0.000806 3 0 PTP 89 89_93_2_1155
12 0.000806 2 91 9
15 0.000806 3 0 PTP 91 91_94_2_1156
15 0.000806 3 0 PTP 91 91_95_2_1157
12 0.000806 2 96 9
15 0.000806 3 0 PTP 96 96_93_1_1158
15 0.000806 3 0 PTP 96 96_94_1_1159
12 0.000806 2 95 9
15 0.000806 3 0 PTP 95 95_92_1_1160
15 0.000806 3 0 PTP 95 95_93_1_1161
16 0.000806 3 0 PTP 120 119_120_0_499
16 0.000806 3 0 PTP 120 118_120_0_1162
13 0.000806 2 120
16 0.000806 3 0 PTP 119 120_119_0_1141
16 0.000806 3 0 PTP 119 119_119_0_498
13 0.000806 2 119
16 0.000807 3 0 PTP 80 78_80_1_821
16 0.000807 3 0 PTP 88 86_88_1_817
16 0.000807 3 0 PTP 87 85_87_1_819
16 0.000807 3 0 PTP 56 54_56_1_831
16 0.000807 3 0 PTP 55 53_55_1_833
16 0.000807 3 0 PTP 78 80_78_1_1059
16 0.000807 3 0 PTP 78 79_78_1_1163
13 0.000807 2 78
16 0.000807 3 0 PTP 80 77_80_1_1164
13 0.000807 2 80
16 0.000807 3 0 PTP 86 88_86_1_1063
16 0.000807 3 0 PTP 86 87_86_1_1165
13 0.000807 2 86
16 0.000807 3 0 PTP 88 85_88_1_1166
13 0.000807 2 88
16 0.000807 3 0 PTP 85 87_85_1_1065
16 0.000807 3 0 PTP 85 86_85_1_1167
13 0.000807 2 85
16 0.000807 3 0 PTP 87 84_87_1_1168
13 0.000807 2 87
16 0.000807 3 0 PTP 54 56_54_1_1067
16 0.000807 3 0 PTP 54 55_54_1_1169
13 0.000807 2 54
16 0.000807 3 0 PTP 56 53_56_1_1170
13 0.000807 2 56
16 0.000807 3 0 PTP 53 55_53_1_1069
16 0.000807 3 0 PTP 53 54_53_1_1171
13 0.000807 2 53
16 0.000807 3 0 PTP 55 52_55_1_1172
13 0.000807 2 55
12 0.000807 2 64 9
15 0.000807 3 0 PTP 64 64_61_1_1173
15 0.000807 3 0 PTP 64 64_62_1_1174
12 0.000807 2 63 9
15 0.000807 3 0 PTP 63 63_60_1_1175
15 0.000807 3 0 PTP 63 63_61_1_1176
12 0.000807 2 120 9
15 0.000807 3 0 PTP 120 120_117_1_1177
15 0.000807 3 0 PTP 120 120_118_1_1178
12 0.000808 2 88 9
15 0.000808 3 0 PTP 88 88_83_2_1179
15 0.000808 3 0 PTP 88 88_84_2_1180
12 0.000808 2 87 9
15 0.000808 3 0 PTP 87 87_82_2_1181
15 0.000808 3 0 PTP 87 87_83_2_1182
12 0.000808 2 55 9
15 0.000808 3 0 PTP 55 55_50_2_1183
15 0.000808 3 0 PTP 55 55_51_2_1184
16 0.000808 3 0 PTP 115 113_115_1_792
16 0.000808 3 0 PTP 104 102_104_1_815
16 0.000808 3 0 PTP 103 101_103_1_840
16 0.000808 3 0 PTP 79 77_79_1_842
16 0.000808 3 0 PTP 108 106_108_1_875
16 0.000808 3 0 PTP 60 58_60_1_825
16 0.000808 3 0 PTP 32 30_32_1_864
16 0.000808 3 0 PTP 31 29_31_1_866
16 0.000808 3 0 PTP 113 115_113_1_1084
16 0.000808 3 0 PTP 113 114_113_1_1185
13 0.000808 2 113
16 0.000808 3 0 PTP 115 112_115_1_1186
13 0.000808 2 115
16 0.000808 3 0 PTP 102 104_102_1_1086
16 0.000808 3 0 PTP 102 103_102_1_1187
13 0.000808 2 102
16 0.000808 3 0 PTP 104 101_104_1_1188
13 0.000808 2 104
16 0.000808 3 0 PTP 101 103_101_1_1088
16 0.000808 3 0 PTP 101 102_101_1_1189
13 0.000808 2 101
16 0.000808 3 0 PTP 103 100_103_1_1190
13 0.000808 2 103
16 0.000808 3 0 PTP 77 79_77_1_1090
16 0.000808 3 0 PTP 77 78_77_1_1191
13 0.000808 2 77
16 0.000808 3 0 PTP 79 76_79_1_1192
13 0.000808 2 79
16 0.000808 3 0 PTP 106 108_106_1_1098
16 0.000808 3 0 PTP 106 107_106_1_1193
13 0.000808 2 106
16 0.000808 3 0 PTP 108 105_108_1_1194
13 0.000808 2 108
16 0.000808 3 0 PTP 58 60_58_1_1102
16 0.000808 3 0 PTP 58 59_58_1_1195
13 0.000808 2 58
16 0.000808 3 0 PTP 60 57_60_1_1196
13 0.000808 2 60
16 0.000808 3 0 PTP 30 32_30_1_1104
16 0.000808 3 0 PTP 30 31_30_1_1197
13 0.000808 2 30
16 0.000808 3 0 PTP 32 29_32_1_1198
13 0.000808 2 32
16 0.000808 3 0 PTP 29 31_29_1_1106
16 0.000808 3 0 PTP 29 30_29_1_1199
13 0.000808 2 29
16 0.000808 3 0 PTP 31 28_31_1_1200
13 0.000808 2 31
12 0.000808 2 112 9
15 0.000808 3 0 PTP 112 112_109_1_1201
15 0.000808 3 0 PTP 112 112_110_1_1202
12 0.000808 2 111 9
15 0.000808 3 0 PTP 111 111_108_1_1203
15 0.000808 3 0 PTP 111 111_109_1_1204
12 0.000808 2 119 9
15 0.000808 3 0 PTP 119 119_116_1_1205
15 0.000808 3 0 PTP 119 119_117_1_1206
12 0.000809 2 80 9
15 0.000809 3 0 PTP 80 80_75_2_1207
15 0.000809 3 0 PTP 80 80_76_2_1208
12 0.000809 2 86 9
15 0.000809 3 0 PTP 86 86_81_2_1209
15 0.000809 3 0 PTP 86 86_82_2_1210
12 0.000809 2 85 9
15 0.000809 3 0 PTP 85 85_80_2_1211
15 0.000809 3 0 PTP 85 85_81_2_1212
12 0.000809 2 54 9
15 0.000809 3 0 PTP 54 54_49_2_1213
15 0.000809 3 0 PTP 54 54_50_2_1214
12 0.000809 2 56 9
15 0.000809 3 0 PTP 56 56_51_2_1215
15 0.000809 3 0 PTP 56 56_52_2_1216
12 0.000809 2 53 9
15 0.000809 3 0 PTP 53 53_48_2_1217
15 0.000809 3 0 PTP 53 53_49_2_1218
12 0.000809 2 115 9
15 0.000809 3 0 PTP 115 115_118_2_1219
15 0.000809 3 0 PTP 115 115_119_2_1220
12 0.000809 2 104 9
15 0.000809 3 0 PTP 104 104_99_2_1221
15 0.000809 3 0 PTP 104 104_100_2_1222
12 0.000809 2 101 9
15 0.000809 3 0 PTP 101 101_96_2_1223
15 0.000809 3 0 PTP 101 101_97_2_1224
12 0.000809 2 106 9
15 0.000809 3 0 PTP 106 106_109_2_1225
15 0.000809 3 0 PTP 106 106_110_2_1226
12 0.000809 2 60 9
15 0.000809 3 0 PTP 60 60_63_2_1227
15 0.000809 3 0 PTP 60 60_64_2_1228
12 0.000809 2 32 9
15 0.000809 3 0 PTP 32 32_27_2_1229
15 0.000809 3 0 PTP 32 32_28_2_1230
12 0.000809 2 29 9
15 0.000809 3 0 PTP 29 29_24_2_1231
15 0.000809 3 0 PTP 29 29_25_2_1232
16 0.000809 3 0 PTP 116 114_116_1_790
16 0.000809 3 0 PTP 107 105_107_1_877
16 0.000809 3 0 PTP 59 57_59_1_871
16 0.000809 3 0 PTP 48 46_48_1_844
16 0.000809 3 0 PTP 47 45_47_1_869
16 0.000809 3 0 PTP 114 116_114_1_1113
16 0.000809 3 0 PTP 114 115_114_1_1233
13 0.000809 2 114
16 0.000809 3 0 PTP 116 113_116_1_1234
13 0.000809 2 116
16 0.000809 3 0 PTP 105 107_105_1_1119
16 0.000809 3 0 PTP 105 106_105_1_1235
13 0.000809 2 105
16 0.000809 3 0 PTP 107 104_107_1_1236
13 0.000809 2 107
16 0.000809 3 0 PTP 57 59_57_1_1123
16 0.000809 3 0 PTP 57 58_57_1_1237
13 0.000809 2 57
16 0.000809 3 0 PTP 59 56_59_1_1238
13 0.000809 2 59
16 0.000809 3 0 PTP 46 48_46_1_1125
16 0.000809 3 0 PTP 46 47_46_1_1239
13 0.000809 2 46
16 0.000809 3 0 PTP 48 45_48_1_1240
13 0.000809 2 48
16 0.000809 3 0 PTP 45 47_45_1_1127
16 0.000809 3 0 PTP 45 46_45_1_1241
13 0.000809 2 45
16 0.000809 3 0 PTP 47 44_47_1_1242
13 0.000809 2 47
16 0.000809 3 0 PTP 123 121_123_1_1115
16 0.000809 3 0 PTP 121 123_121_1_1129
16 0.000809 3 0 PTP 121 122_121_1_1243
13 0.000809 2 121
16 0.000809 3 0 PTP 123 120_123_1_1244
13 0.000809 2 123
12 0.000810 2 78 9
15 0.000810 3 0 PTP 78 78_73_2_1245
15 0.000810 3 0 PTP 78 78_74_2_1246
12 0.000810 2 114 9
15 0.000810 3 0 PTP 114 114_117_2_1247
15 0.000810 3 0 PTP 114 114_118_2_1248
12 0.000810 2 116 9
15 0.000810 3 0 PTP 116 116_119_2_1249
15 0.000810 3 0 PTP 116 116_120_2_1250
12 0.000810 2 107 9
15 0.000810 3 0 PTP 107 107_110_2_1251
15 0.000810 3 0 PTP 107 107_111_2_1252
12 0.000810 2 57 9
15 0.000810 3 0 PTP 57 57_60_2_1253
15 0.000810 3 0 PTP 57 57_61_2_1254
12 0.000810 2 48 9
15 0.000810 3 0 PTP 48 48_43_2_1255
15 0.000810 3 0 PTP 48 48_44_2_1256
12 0.000810 2 47 9
15 0.000810 3 0 PTP 47 47_42_2_1257
15 0.000810 3 0 PTP 47 47_43_2_1258
12 0.000810 2 113 9
15 0.000810 3 0 PTP 113 113_116_2_1259
15 0.000810 3 0 PTP 113 113_117_2_1260
12 0.000810 2 102 9
15 0.000810 3 0 PTP 102 102_97_2_1261
15 0.000810 3 0 PTP 102 102_98_2_1262
12 0.000810 2 103 9
15 0.000810 3 0 PTP 103 103_98_2_1263
15 0.000810 3 0 PTP 103 103_99_2_1264
12 0.000810 2 77 9
15 0.000810 3 0 PTP 77 77_72_2_1265
15 0.000810 3 0 PTP 77 77_73_2_1266
12 0.000810 2 79 9
15 0.000810 3 0 PTP 79 79_74_2_1267
15 0.000810 3 0 PTP 79 79_75_2_1268
12 0.000810 2 108 9
15 0.000810 3 0 PTP 108 108_111_2_1269
15 0.000810 3 0 PTP 108 108_112_2_1270
12 0.000810 2 58 9
15 0.000810 3 0 PTP 58 58_61_2_1271
15 0.000810 3 0 PTP 58 58_62_2_1272
12 0.000810 2 30 9
15 0.000810 3 0 PTP 30 30_25_2_1273
15 0.000810 3 0 PTP 30 30_26_2_1274
12 0.000810 2 31 9
15 0.000810 3 0 PTP 31 31_26_2_1275
15 0.000810 3 0 PTP 31 31_27_2_1276
16 0.000810 3 0 PTP 92 90_92_1_846
16 0.000810 3 0 PTP 90 92_90_1_1137
16 0.000810 3 0 PTP 90 91_90_1_1277
13 0.000810 2 90
16 0.000810 3 0 PTP 92 89_92_1_1278
13 0.000810 2 92
16 0.000810 3 0 PTP 124 122_124_1_1094
16 0.000810 3 0 PTP 122 124_122_1_1139
16 0.000810 3 0 PTP 122 123_122_1_1279
13 0.000810 2 122
16 0.000810 3 0 PTP 124 121_124_1_1280
13 0.000810 2 124
12 0.000811 2 105 9
15 0.000811 3 0 PTP 105 105_108_2_1281
15 0.000811 3 0 PTP 105 105_109_2_1282
12 0.000811 2 59 9
15 0.000811 3 0 PTP 59 59_62_2_1283
15 0.000811 3 0 PTP 59 59_63_2_1284
12 0.000811 2 46 9
15 0.000811 3 0 PTP 46 46_41_2_1285
15 0.000811 3 0 PTP 46 46_42_2_1286
12 0.000811 2 45 9
15 0.000811 3 0 PTP 45 45_40_2_1287
15 0.000811 3 0 PTP 45 45_41_2_1288
12 0.000811 2 90 9
15 0.000811 3 0 PTP 90 90_93_2_1289
15 0.000811 3 0 PTP 90 90_94_2_1290
12 0.000811 2 92 9
15 0.000811 3 0 PTP 92 92_95_2_1291
15 0.000811 3 0 PTP 92 92_96_2_1292
12 0.000811 2 121 9
15 0.000811 3 0 PTP 121 121_124_2_1293
15 0.000811 3 0 PTP 121 121_125_2_1294
12 0.000811 2 123 9
15 0.000811 3 0 PTP 123 123_126_2_1295
15 0.000811 3 0 PTP 123 123_127_2_1296
12 0.000812 2 124 9
15 0.000812 3 0 PTP 124 124_127_2_1297
15 0.000812 3 0 PTP 124 124_128_2_1298
12 0.000813 2 122 9
15 0.000813 3 0 PTP 122 122_125_2_1299
15 0.000813 3 0 PTP 122 122_126_2_1300
16 0.000814 3 0 PTP 128 127_128_0_505
16 0.000814 3 0 PTP 128 126_128_0_1301
13 0.000814 2 128
16 0.000814 3 0 PTP 127 128_127_0_1153
16 0.000814 3 0 PTP 127 127_127_0_504
13 0.000814 2 127
16 0.000815 3 0 PTP 24 20_24_2_703
16 0.000815 3 0 PTP 16 12_16_2_709
16 0.000815 3 0 PTP 20 24_20_2_941
16 0.000815 3 0 PTP 20 23_20_2_1302
13 0.000815 2 20
16 0.000815 3 0 PTP 24 19_24_2_1303
13 0.000815 2 24
16 0.000815 3 0 PTP 12 16_12_2_947
16 0.000815 3 0 PTP 12 15_12_2_1304
13 0.000815 2 12
16 0.000815 3 0 PTP 16 11_16_2_1305
13 0.000815 2 16
12 0.000816 2 128 9
15 0.000816 3 0 PTP 128 128_125_1_1306
15 0.000816 3 0 PTP 128 128_126_1_1307
12 0.000816 2 127 9
15 0.000816 3 0 PTP 127 127_124_1_1308
15 0.000816 3 0 PTP 127 127_125_1_1309
12 0.000816 2 12 9
15 0.000816 3 0 PTP 12 12_3_3_1310
15 0.000816 3 0 PTP 12 12_4_3_1311
16 0.000816 3 0 PTP 37 33_37_2_733
16 0.000816 3 0 PTP 39 35_39_2_735
16 0.000816 3 0 PTP 22 18_22_2_701
16 0.000816 3 0 PTP 21 17_21_2_723
16 0.000816 3 0 PTP 23 19_23_2_725
16 0.000816 3 0 PTP 14 10_14_2_707
16 0.000816 3 0 PTP 38 34_38_2_727
16 0.000816 3 0 PTP 40 36_40_2_731
16 0.000816 3 0 PTP 13 9_13_2_711
16 0.000816 3 0 PTP 33 37_33_2_960
16 0.000816 3 0 PTP 33 36_33_2_1312
13 0.000816 2 33
16 0.000816 3 0 PTP 37 32_37_2_1313
13 0.000816 2 37
16 0.000816 3 0 PTP 35 39_35_2_962
16 0.000816 3 0 PTP 35 38_35_2_1314
13 0.000816 2 35
16 0.000816 3 0 PTP 39 34_39_2_1315
13 0.000816 2 39
16 0.000816 3 0 PTP 18 22_18_2_964
16 0.000816 3 0 PTP 18 21_18_2_1316
13 0.000816 2 18
16 0.000816 3 0 PTP 22 17_22_2_1317
13 0.000816 2 22
16 0.000816 3 0 PTP 17 21_17_2_966
16 0.000816 3 0 PTP 17 20_17_2_1318
13 0.000816 2 17
16 0.000816 3 0 PTP 21 16_21_2_1319
13 0.000816 2 21
16 0.000816 3 0 PTP 19 23_19_2_968
16 0.000816 3 0 PTP 19 22_19_2_1320
13 0.000816 2 19
16 0.000816 3 0 PTP 23 18_23_2_1321
13 0.000816 2 23
16 0.000816 3 0 PTP 10 14_10_2_978
16 0.000816 3 0 PTP 10 13_10_2_1322
13 0.000816 2 10
16 0.000816 3 0 PTP 14 9_14_2_1323
13 0.000816 2 14
16 0.000816 3 0 PTP 34 38_34_2_980
16 0.000816 3 0 PTP 34 37_34_2_1324
13 0.000816 2 34
16 0.000816 3 0 PTP 38 33_38_2_1325
13 0.000816 2 38
16 0.000816 3 0 PTP 36 40_36_2_982
16 0.000816 3 0 PTP 36 39_36_2_1326
13 0.000816 2 36
16 0.000816 3 0 PTP 40 35_40_2_1327
13 0.000816 2 40
16 0.000816 3 0 PTP 9 13_9_2_988
16 0.000816 3 0 PTP 9 12_9_2_1328
13 0.000816 2 9
16 0.000816 3 0 PTP 13 8_13_2_1329
13 0.000816 2 13
12 0.000817 2 20 9
15 0.000817 3 0 PTP 20 20_27_3_1330
15 0.000817 3 0 PTP 20 20_28_3_1331
12 0.000817 2 24 9
15 0.000817 3 0 PTP 24 24_31_3_1332
15 0.000817 3 0 PTP 24 24_32_3_1333
12 0.000817 2 16 9
15 0.000817 3 0 PTP 16 16_7_3_1334
15 0.000817 3 0 PTP 16 16_8_3_1335
12 0.000817 2 33 9
15 0.000817 3 0 PTP 33 33_40_3_1336
15 0.000817 3 0 PTP 33 33_41_3_1337
12 0.000817 2 37 9
15 0.000817 3 0 PTP 37 37_44_3_1338
15 0.000817 3 0 PTP 37 37_45_3_1339
12 0.000817 2 17 9
15 0.000817 3 0 PTP 17 17_24_3_1340
15 0.000817 3 0 PTP 17 17_25_3_1341
12 0.000817 2 19 9
15 0.000817 3 0 PTP 19 19_26_3_1342
15 0.000817 3 0 PTP 19 19_27_3_1343
12 0.000817 2 38 9
15 0.000817 3 0 PTP 38 38_45_3_1344
15 0.000817 3 0 PTP 38 38_46_3_1345
12 0.000817 2 36 9
15 0.000817 3 0 PTP 36 36_43_3_1346
15 0.000817 3 0 PTP 36 36_44_3_1347
12 0.000817 2 13 9
15 0.000817 3 0 PTP 13 13_4_3_1348
15 0.000817 3 0 PTP 13 13_5_3_1349
16 0.000817 3 0 PTP 15 11_15_2_693
16 0.000817 3 0 PTP 11 15_11_2_1019
16 0.000817 3 0 PTP 11 14_11_2_1350
13 0.000817 2 11
16 0.000817 3 0 PTP 15 10_15_2_1351
13 0.000817 2 15
12 0.000818 2 35 9
15 0.000818 3 0 PTP 35 35_42_3_1352
15 0.000818 3 0 PTP 35 35_43_3_1353
12 0.000818 2 39 9
15 0.000818 3 0 PTP 39 39_46_3_1354
15 0.000818 3 0 PTP 39 39_47_3_1355
12 0.000818 2 18 9
15 0.000818 3 0 PTP 18 18_25_3_1356
15 0.000818 3 0 PTP 18 18_26_3_1357
12 0.000818 2 22 9
15 0.000818 3 0 PTP 22 22_29_3_1358
15 0.000818 3 0 PTP 22 22_30_3_1359
12 0.000818 2 21 9
15 0.000818 3 0 PTP 21 21_28_3_1360
15 0.000818 3 0 PTP 21 21_29_3_1361
12 0.000818 2 23 9
15 0.000818 3 0 PTP 23 23_30_3_1362
15 0.000818 3 0 PTP 23 23_31_3_1363
12 0.000818 2 10 9
15 0.000818 3 0 PTP 10 10_1_3_1364
15 0.000818 3 0 PTP 10 10_2_3_1365
12 0.000818 2 14 9
15 0.000818 3 0 PTP 14 14_5_3_1366
15 0.000818 3 0 PTP 14 14_6_3_1367
12 0.000818 2 34 9
15 0.000818 3 0 PTP 34 34_41_3_1368
15 0.000818 3 0 PTP 34 34_42_3_1369
12 0.000818 2 40 9
15 0.000818 3 0 PTP 40 40_47_3_1370
15 0.000818 3 0 PTP 40 40_48_3_1371
12 0.000818 2 9 9
15 0.000818 3 0 PTP 9 9_0_3_1372
15 0.000818 3 0 PTP 9 9_1_3_1373
16 0.000818 3 0 PTP 70 66_70_2_697
16 0.000818 3 0 PTP 72 68_72_2_719
16 0.000818 3 0 PTP 69 65_69_2_721
16 0.000818 3 0 PTP 71 67_71_2_699
16 0.000818 3 0 PTP 66 70_66_2_1035
16 0.000818 3 0 PTP 66 69_66_2_1374
13 0.000818 2 66
16 0.000818 3 0 PTP 70 65_70_2_1375
13 0.000818 2 70
16 0.000818 3 0 PTP 68 72_68_2_1037
16 0.000818 3 0 PTP 68 71_68_2_1376
13 0.000818 2 68
16 0.000818 3 0 PTP 72 67_72_2_1377
13 0.000818 2 72
16 0.000818 3 0 PTP 65 69_65_2_1039
16 0.000818 3 0 PTP 65 68_65_2_1378
13 0.000818 2 65
16 0.000818 3 0 PTP 69 64_69_2_1379
13 0.000818 2 69
16 0.000818 3 0 PTP 67 71_67_2_1041
16 0.000818 3 0 PTP 67 70_67_2_1380
13 0.000818 2 67
16 0.000818 3 0 PTP 71 66_71_2_1381
13 0.000818 2 71
12 0.000819 2 15 9
15 0.000819 3 0 PTP 15 15_6_3_1382
15 0.000819 3 0 PTP 15 15_7_3_1383
12 0.000819 2 66 9
15 0.000819 3 0 PTP 66 66_73_3_1384
15 0.000819 3 0 PTP 66 66_74_3_1385
12 0.000819 2 68 9
15 0.000819 3 0 PTP 68 68_75_3_1386
15 0.000819 3 0 PTP 68 68_76_3_1387
12 0.000819 2 67 9
15 0.000819 3 0 PTP 67 67_74_3_1388
15 0.000819 3 0 PTP 67 67_75_3_1389
16 0.000819 3 0 PTP 96 94_96_1_1100
16 0.000819 3 0 PTP 95 93_95_1_1121
16 0.000819 3 0 PTP 94 96_94_1_1159
16 0.000819 3 0 PTP 94 95_94_1_1390
13 0.000819 2 94
16 0.000819 3 0 PTP 96 93_96_1_1391
13 0.000819 2 96
16 0.000819 3 0 PTP 93 95_93_1_1161
16 0.000819 3 0 PTP 93 94_93_1_1392
13 0.000819 2 93
16 0.000819 3 0 PTP 95 92_95_1_1393
13 0.000819 2 95
12 0.000820 2 11 9
15 0.000820 3 0 PTP 11 11_2_3_1394
15 0.000820 3 0 PTP 11 11_3_3_1395
12 0.000820 2 70 9
15 0.000820 3 0 PTP 70 70_77_3_1396
15 0.000820 3 0 PTP 70 70_78_3_1397
12 0.000820 2 72 9
15 0.000820 3 0 PTP 72 72_79_3_1398
15 0.000820 3 0 PTP 72 72_80_3_1399
12 0.000820 2 65 9
15 0.000820 3 0 PTP 65 65_72_3_1400
15 0.000820 3 0 PTP 65 65_73_3_1401
12 0.000820 2 69 9
15 0.000820 3 0 PTP 69 69_76_3_1402
15 0.000820 3 0 PTP 69 69_77_3_1403
12 0.000820 2 71 9
15 0.000820 3 0 PTP 71 71_78_3_1404
15 0.000820 3 0 PTP 71 71_79_3_1405
16 0.000820 3 0 PTP 64 62_64_1_1061
16 0.000820 3 0 PTP 63 61_63_1_1092
16 0.000820 3 0 PTP 120 118_120_1_1096
16 0.000820 3 0 PTP 62 64_62_1_1174
16 0.000820 3 0 PTP 62 63_62_1_1406
13 0.000820 2 62
16 0.000820 3 0 PTP 64 61_64_1_1407
13 0.000820 2 64
16 0.000820 3 0 PTP 61 63_61_1_1176
16 0.000820 3 0 PTP 61 62_61_1_1408
13 0.000820 2 61
16 0.000820 3 0 PTP 63 60_63_1_1409
13 0.000820 2 63
16 0.000820 3 0 PTP 118 120_118_1_1178
16 0.000820 3 0 PTP 118 119_118_1_1410
13 0.000820 2 118
16 0.000820 3 0 PTP 120 117_120_1_1411
13 0.000820 2 120
12 0.000821 2 94 9
15 0.000821 3 0 PTP 94 94_89_2_1412
15 0.000821 3 0 PTP 94 94_90_2_1413
12 0.000821 2 96 9
15 0.000821 3 0 PTP 96 96_91_2_1414
15 0.000821 3 0 PTP 96 96_92_2_1415
12 0.000821 2 93 9
15 0.000821 3 0 PTP 93 93_88_2_1416
15 0.000821 3 0 PTP 93 93_89_2_1417
12 0.000821 2 95 9
15 0.000821 3 0 PTP 95 95_90_2_1418
15 0.000821 3 0 PTP 95 95_91_2_1419
12 0.000821 2 61 9
15 0.000821 3 0 PTP 61 61_56_2_1420
15 0.000821 3 0 PTP 61 61_57_2_1421
16 0.000821 3 0 PTP 112 110_112_1_1082
16 0.000821 3 0 PTP 111 109_111_1_1023
16 0.000821 3 0 PTP 119 117_119_1_1117
16 0.000821 3 0 PTP 110 112_110_1_1202
16 0.000821 3 0 PTP 110 111_110_1_1422
13 0.000821 2 110
16 0.000821 3 0 PTP 112 109_112_1_1423
13 0.000821 2 112
16 0.000821 3 0 PTP 109 111_109_1_1204
16 0.000821 3 0 PTP 109 110_109_1_1424
13 0.000821 2 109
16 0.000821 3 0 PTP 111 108_111_1_1425
13 0.000821 2 111
16 0.000821 3 0 PTP 117 119_117_1_1206
16 0.000821 3 0 PTP 117 118_117_1_1426
13 0.000821 2 117
16 0.000821 3 0 PTP 119 116_119_1_1427
13 0.000821 2 119
12 0.000822 2 109 9
15 0.000822 3 0 PTP 109 109_104_2_1428
15 0.000822 3 0 PTP 109 109_105_2_1429
12 0.000822 2 117 9
15 0.000822 3 0 PTP 117 117_112_2_1430
15 0.000822 3 0 PTP 117 117_113_2_1431
12 0.000822 2 64 9
15 0.000822 3 0 PTP 64 64_59_2_1432
15 0.000822 3 0 PTP 64 64_60_2_1433
12 0.000822 2 63 9
15 0.000822 3 0 PTP 63 63_58_2_1434
15 0.000822 3 0 PTP 63 63_59_2_1435
12 0.000822 2 118 9
15 0.000822 3 0 PTP 118 118_113_2_1436
15 0.000822 3 0 PTP 118 118_114_2_1437
12 0.000822 2 120 9
15 0.000822 3 0 PTP 120 120_115_2_1438
15 0.000822 3 0 PTP 120 120_116_2_1439
12 0.000823 2 62 9
15 0.000823 3 0 PTP 62 62_57_2_1440
15 0.000823 3 0 PTP 62 62_58_2_1441
12 0.000823 2 112 9
15 0.000823 3 0 PTP 112 112_107_2_1442
15 0.000823 3 0 PTP 112 112_108_2_1443
12 0.000823 2 111 9
15 0.000823 3 0 PTP 111 111_106_2_1444
15 0.000823 3 0 PTP 111 111_107_2_1445
12 0.000823 2 119 9
15 0.000823 3 0 PTP 119 119_114_2_1446
15 0.000823 3 0 PTP 119 119_115_2_1447
12 0.000824 2 110 9
15 0.000824 3 0 PTP 110 110_105_2_1448
15 0.000824 3 0 PTP 110 110_106_2_1449
16 0.000829 3 0 PTP 128 126_128_1_1144
16 0.000829 3 0 PTP 127 125_127_1_1147
16 0.000829 3 0 PTP 126 128_126_1_1307
16 0.000829 3 0 PTP 126 127_126_1_1450
13 0.000829 2 126
16 0.000829 3 0 PTP 128 125_128_1_1451
13 0.000829 2 128
16 0.000829 3 0 PTP 125 127_125_1_1309
16 0.000829 3 0 PTP 125 126_125_1_1452
13 0.000829 2 125
16 0.000829 3 0 PTP 127 124_127_1_1453
13 0.000829 2 127
12 0.000830 2 125 9
15 0.000830 3 0 PTP 125 125_120_2_1454
15 0.000830 3 0 PTP 125 125_121_2_1455
12 0.000831 2 126 9
15 0.000831 3 0 PTP 126 126_121_2_1456
15 0.000831 3 0 PTP 126 126_122_2_1457
12 0.000831 2 128 9
15 0.000831 3 0 PTP 128 128_123_2_1458
15 0.000831 3 0 PTP 128 128_124_2_1459
12 0.000831 2 127 9
15 0.000831 3 0 PTP 127 127_122_2_1460
15 0.000831 3 0 PTP 127 127_123_2_1461
16 0.000833 3 0 PTP 88 84_88_2_1029
16 0.000833 3 0 PTP 87 83_87_2_1033
16 0.000833 3 0 PTP 55 51_55_2_1043
16 0.000833 3 0 PTP 84 88_84_2_1180
16 0.000833 3 0 PTP 84 87_84_2_1462
13 0.000833 2 84
16 0.000833 3 0 PTP 88 83_88_2_1463
13 0.000833 2 88
16 0.000833 3 0 PTP 83 87_83_2_1182
16 0.000833 3 0 PTP 83 86_83_2_1464
13 0.000833 2 83
16 0.000833 3 0 PTP 87 82_87_2_1465
13 0.000833 2 87
16 0.000833 3 0 PTP 51 55_51_2_1184
16 0.000833 3 0 PTP 51 54_51_2_1466
13 0.000833 2 51
16 0.000833 3 0 PTP 55 50_55_2_1467
13 0.000833 2 55
12 0.000834 2 87 9
15 0.000834 3 0 PTP 87 87_94_3_1468
15 0.000834 3 0 PTP 87 87_95_3_1469
12 0.000834 2 51 9
15 0.000834 3 0 PTP 51 51_58_3_1470
15 0.000834 3 0 PTP 51 51_59_3_1471
16 0.000834 3 0 PTP 80 76_80_2_1017
16 0.000834 3 0 PTP 86 82_86_2_1080
16 0.000834 3 0 PTP 85 81_85_2_1031
16 0.000834 3 0 PTP 54 50_54_2_984
16 0.000834 3 0 PTP 56 52_56_2_986
16 0.000834 3 0 PTP 53 49_53_2_1021
16 0.000834 3 0 PTP 104 100_104_2_972
16 0.000834 3 0 PTP 101 97_101_2_974
16 0.000834 3 0 PTP 32 28_32_2_1055
16 0.000834 3 0 PTP 29 25_29_2_1011
16 0.000834 3 0 PTP 76 80_76_2_1208
16 0.000834 3 0 PTP 76 79_76_2_1472
13 0.000834 2 76
16 0.000834 3 0 PTP 80 75_80_2_1473
13 0.000834 2 80
16 0.000834 3 0 PTP 82 86_82_2_1210
16 0.000834 3 0 PTP 82 85_82_2_1474
13 0.000834 2 82
16 0.000834 3 0 PTP 86 81_86_2_1475
13 0.000834 2 86
16 0.000834 3 0 PTP 81 85_81_2_1212
16 0.000834 3 0 PTP 81 84_81_2_1476
13 0.000834 2 81
16 0.000834 3 0 PTP 85 80_85_2_1477
13 0.000834 2 85
16 0.000834 3 0 PTP 50 54_50_2_1214
16 0.000834 3 0 PTP 50 53_50_2_1478
13 0.000834 2 50
16 0.000834 3 0 PTP 54 49_54_2_1479
13 0.000834 2 54
16 0.000834 3 0 PTP 52 56_52_2_1216
16 0.000834 3 0 PTP 52 55_52_2_1480
13 0.000834 2 52
16 0.000834 3 0 PTP 56 51_56_2_1481
13 0.000834 2 56
16 0.000834 3 0 PTP 49 53_49_2_1218
16 0.000834 3 0 PTP 49 52_49_2_1482
13 0.000834 2 49
16 0.000834 3 0 PTP 53 48_53_2_1483
13 0.000834 2 53
16 0.000834 3 0 PTP 100 104_100_2_1222
16 0.000834 3 0 PTP 100 103_100_2_1484
13 0.000834 2 100
16 0.000834 3 0 PTP 104 99_104_2_1485
13 0.000834 2 104
16 0.000834 3 0 PTP 97 101_97_2_1224
16 0.000834 3 0 PTP 97 100_97_2_1486
13 0.000834 2 97
16 0.000834 3 0 PTP 101 96_101_2_1487
13 0.000834 2 101
16 0.000834 3 0 PTP 28 32_28_2_1230
16 0.000834 3 0 PTP 28 31_28_2_1488
13 0.000834 2 28
16 0.000834 3 0 PTP 32 27_32_2_1489
13 0.000834 2 32
16 0.000834 3 0 PTP 25 29_25_2_1232
16 0.000834 3 0 PTP 25 28_25_2_1490
13 0.000834 2 25
16 0.000834 3 0 PTP 29 24_29_2_1491
13 0.000834 2 29
12 0.000835 2 82 9
15 0.000835 3 0 PTP 82 82_89_3_1492
15 0.000835 3 0 PTP 82 82_90_3_1493
12 0.000835 2 56 9
15 0.000835 3 0 PTP 56 56_63_3_1494
15 0.000835 3 0 PTP 56 56_64_3_1495
12 0.000835 2 49 9
15 0.000835 3 0 PTP 49 49_56_3_1496
15 0.000835 3 0 PTP 49 49_57_3_1497
12 0.000835 2 53 9
15 0.000835 3 0 PTP 53 53_60_3_1498
15 0.000835 3 0 PTP 53 53_61_3_1499
12 0.000835 2 104 9
15 0.000835 3 0 PTP 104 104_111_3_1500
15 0.000835 3 0 PTP 104 104_112_3_1501
12 0.000835 2 32 9
15 0.000835 3 0 PTP 32 32_23_3_1502
15 0.000835 3 0 PTP 32 32_24_3_1503
12 0.000835 2 29 9
15 0.000835 3 0 PTP 29 29_20_3_1504
15 0.000835 3 0 PTP 29 29_21_3_1505
12 0.000835 2 84 9
15 0.000835 3 0 PTP 84 84_91_3_1506
15 0.000835 3 0 PTP 84 84_92_3_1507
12 0.000835 2 88 9
15 0.000835 3 0 PTP 88 88_95_3_1508
15 0.000835 3 0 PTP 88 88_96_3_1509
12 0.000835 2 83 9
15 0.000835 3 0 PTP 83 83_90_3_1510
15 0.000835 3 0 PTP 83 83_91_3_1511
12 0.000835 2 55 9
15 0.000835 3 0 PTP 55 55_62_3_1512
15 0.000835 3 0 PTP 55 55_63_3_1513
16 0.000835 3 0 PTP 78 74_78_2_1015
16 0.000835 3 0 PTP 48 44_48_2_1047
16 0.000835 3 0 PTP 47 43_47_2_1051
16 0.000835 3 0 PTP 102 98_102_2_970
16 0.000835 3 0 PTP 103 99_103_2_943
16 0.000835 3 0 PTP 77 73_77_2_976
16 0.000835 3 0 PTP 79 75_79_2_945
16 0.000835 3 0 PTP 30 26_30_2_1053
16 0.000835 3 0 PTP 31 27_31_2_1013
16 0.000835 3 0 PTP 74 78_74_2_1246
16 0.000835 3 0 PTP 74 77_74_2_1514
13 0.000835 2 74
16 0.000835 3 0 PTP 78 73_78_2_1515
13 0.000835 2 78
16 0.000835 3 0 PTP 44 48_44_2_1256
16 0.000835 3 0 PTP 44 47_44_2_1516
13 0.000835 2 44
16 0.000835 3 0 PTP 48 43_48_2_1517
13 0.000835 2 48
16 0.000835 3 0 PTP 43 47_43_2_1258
16 0.000835 3 0 PTP 43 46_43_2_1518
13 0.000835 2 43
16 0.000835 3 0 PTP 47 42_47_2_1519
13 0.000835 2 47
16 0.000835 3 0 PTP 98 102_98_2_1262
16 0.000835 3 0 PTP 98 101_98_2_1520
13 0.000835 2 98
16 0.000835 3 0 PTP 102 97_102_2_1521
13 0.000835 2 102
16 0.000835 3 0 PTP 99 103_99_2_1264
16 0.000835 3 0 PTP 99 102_99_2_1522
13 0.000835 2 99
16 0.000835 3 0 PTP 103 98_103_2_1523
13 0.000835 2 103
16 0.000835 3 0 PTP 73 77_73_2_1266
16 0.000835 3 0 PTP 73 76_73_2_1524
13 0.000835 2 73
16 0.000835 3 0 PTP 77 72_77_2_1525
13 0.000835 2 77
16 0.000835 3 0 PTP 75 79_75_2_1268
16 0.000835 3 0 PTP 75 78_75_2_1526
13 0.000835 2 75
16 0.000835 3 0 PTP 79 74_79_2_1527
13 0.000835 2 79
16 0.000835 3 0 PTP 26 30_26_2_1274
16 0.000835 3 0 PTP 26 29_26_2_1528
13 0.000835 2 26
16 0.000835 3 0 PTP 30 25_30_2_1529
13 0.000835 2 30
16 0.000835 3 0 PTP 27 31_27_2_1276
16 0.000835 3 0 PTP 27 30_27_2_1530
13 0.000835 2 27
16 0.000835 3 0 PTP 31 26_31_2_1531
13 0.000835 2 31
12 0.000836 2 80 9
15 0.000836 3 0 PTP 80 80_71_3_1532
15 0.000836 3 0 PTP 80 80_72_3_1533
12 0.000836 2 86 9
15 0.000836 3 0 PTP 86 86_93_3_1534
15 0.000836 3 0 PTP 86 86_94_3_1535
12 0.000836 2 81 9
15 0.000836 3 0 PTP 81 81_88_3_1536
15 0.000836 3 0 PTP 81 81_89_3_1537
12 0.000836 2 85 9
15 0.000836 3 0 PTP 85 85_92_3_1538
15 0.000836 3 0 PTP 85 85_93_3_1539
12 0.000836 2 50 9
15 0.000836 3 0 PTP 50 50_57_3_1540
15 0.000836 3 0 PTP 50 50_58_3_1541
12 0.000836 2 54 9
15 0.000836 3 0 PTP 54 54_61_3_1542
15 0.000836 3 0 PTP 54 54_62_3_1543
12 0.000836 2 52 9
15 0.000836 3 0 PTP 52 52_59_3_1544
15 0.000836 3 0 PTP 52 52_60_3_1545
12 0.000836 2 100 9
15 0.000836 3 0 PTP 100 100_107_3_1546
15 0.000836 3 0 PTP 100 100_108_3_1547
12 0.000836 2 97 9
15 0.000836 3 0 PTP 97 97_104_3_1548
15 0.000836 3 0 PTP 97 97_105_3_1549
12 0.000836 2 101 9
15 0.000836 3 0 PTP 101 101_108_3_1550
15 0.000836 3 0 PTP 101 101_109_3_1551
12 0.000836 2 28 9
15 0.000836 3 0 PTP 28 28_19_3_1552
15 0.000836 3 0 PTP 28 28_20_3_1553
12 0.000836 2 25 9
15 0.000836 3 0 PTP 25 25_16_3_1554
15 0.000836 3 0 PTP 25 25_17_3_1555
12 0.000836 2 74 9
15 0.000836 3 0 PTP 74 74_65_3_1556
15 0.000836 3 0 PTP 74 74_66_3_1557
12 0.000836 2 78 9
15 0.000836 3 0 PTP 78 78_69_3_1558
15 0.000836 3 0 PTP 78 78_70_3_1559
12 0.000836 2 44 9
15 0.000836 3 0 PTP 44 44_35_3_1560
15 0.000836 3 0 PTP 44 44_36_3_1561
12 0.000836 2 103 9
15 0.000836 3 0 PTP 103 103_110_3_1562
15 0.000836 3 0 PTP 103 103_111_3_1563
12 0.000836 2 73 9
15 0.000836 3 0 PTP 73 73_64_3_1564
15 0.000836 3 0 PTP 73 73_65_3_1565
12 0.000836 2 27 9
15 0.000836 3 0 PTP 27 27_18_3_1566
15 0.000836 3 0 PTP 27 27_19_3_1567
12 0.000836 2 31 9
15 0.000836 3 0 PTP 31 31_22_3_1568
15 0.000836 3 0 PTP 31 31_23_3_1569
16 0.000836 3 0 PTP 46 42_46_2_1045
16 0.000836 3 0 PTP 45 41_45_2_1049
16 0.000836 3 0 PTP 42 46_42_2_1286
16 0.000836 3 0 PTP 42 45_42_2_1570
13 0.000836 2 42
16 0.000836 3 0 PTP 46 41_46_2_1571
13 0.000836 2 46
16 0.000836 3 0 PTP 41 45_41_2_1288
16 0.000836 3 0 PTP 41 44_41_2_1572
13 0.000836 2 41
16 0.000836 3 0 PTP 45 40_45_2_1573
13 0.000836 2 45
12 0.000837 2 76 9
15 0.000837 3 0 PTP 76 76_67_3_1574
15 0.000837 3 0 PTP 76 76_68_3_1575
12 0.000837 2 48 9
15 0.000837 3 0 PTP 48 48_39_3_1576
15 0.000837 3 0 PTP 48 48_40_3_1577
12 0.000837 2 43 9
15 0.000837 3 0 PTP 43 43_34_3_1578
15 0.000837 3 0 PTP 43 43_35_3_1579
12 0.000837 2 47 9
15 0.000837 3 0 PTP 47 47_38_3_1580
15 0.000837 3 0 PTP 47 47_39_3_1581
12 0.000837 2 98 9
15 0.000837 3 0 PTP 98 98_105_3_1582
15 0.000837 3 0 PTP 98 98_106_3_1583
12 0.000837 2 102 9
15 0.000837 3 0 PTP 102 102_109_3_1584
15 0.000837 3 0 PTP 102 102_110_3_1585
12 0.000837 2 99 9
15 0.000837 3 0 PTP 99 99_106_3_1586
15 0.000837 3 0 PTP 99 99_107_3_1587
12 0.000837 2 77 9
15 0.000837 3 0 PTP 77 77_68_3_1588
15 0.000837 3 0 PTP 77 77_69_3_1589
12 0.000837 2 75 9
15 0.000837 3 0 PTP 75 75_66_3_1590
15 0.000837 3 0 PTP 75 75_67_3_1591
12 0.000837 2 79 9
15 0.000837 3 0 PTP 79 79_70_3_1592
15 0.000837 3 0 PTP 79 79_71_3_1593
12 0.000837 2 26 9
15 0.000837 3 0 PTP 26 26_17_3_1594
15 0.000837 3 0 PTP 26 26_18_3_1595
12 0.000837 2 30 9
15 0.000837 3 0 PTP 30 30_21_3_1596
15 0.000837 3 0 PTP 30 30_22_3_1597
12 0.000837 2 42 9
15 0.000837 3 0 PTP 42 42_33_3_1598
15 0.000837 3 0 PTP 42 42_34_3_1599
12 0.000837 2 45 9
15 0.000837 3 0 PTP 45 45_36_3_1600
15 0.000837 3 0 PTP 45 45_37_3_1601
12 0.000838 2 46 9
15 0.000838 3 0 PTP 46 46_37_3_1602
15 0.000838 3 0 PTP 46 46_38_3_1603
12 0.000838 2 41 9
15 0.000838 3 0 PTP 41 41_32_3_1604
15 0.000838 3 0 PTP 41 41_33_3_1605
16 0.000846 3 0 PTP 94 90_94_2_1290
16 0.000846 3 0 PTP 96 92_96_2_1292
16 0.000846 3 0 PTP 93 89_93_2_1155
16 0.000846 3 0 PTP 95 91_95_2_1157
16 0.000846 3 0 PTP 61 57_61_2_1254
16 0.000846 3 0 PTP 90 94_90_2_1413
16 0.000846 3 0 PTP 90 93_90_2_1606
13 0.000846 2 90
16 0.000846 3 0 PTP 94 89_94_2_1607
13 0.000846 2 94
16 0.000846 3 0 PTP 92 96_92_2_1415
16 0.000846 3 0 PTP 92 95_92_2_1608
13 0.000846 2 92
16 0.000846 3 0 PTP 96 91_96_2_1609
13 0.000846 2 96
16 0.000846 3 0 PTP 89 93_89_2_1417
16 0.000846 3 0 PTP 89 92_89_2_1610
13 0.000846 2 89
16 0.000846 3 0 PTP 93 88_93_2_1611
13 0.000846 2 93
16 0.000846 3 0 PTP 91 95_91_2_1419
16 0.000846 3 0 PTP 91 94_91_2_1612
13 0.000846 2 91
16 0.000846 3 0 PTP 95 90_95_2_1613
13 0.000846 2 95
16 0.000846 3 0 PTP 57 61_57_2_1421
16 0.000846 3 0 PTP 57 60_57_2_1614
13 0.000846 2 57
16 0.000846 3 0 PTP 61 56_61_2_1615
13 0.000846 2 61
12 0.000847 2 94 9
15 0.000847 3 0 PTP 94 94_85_3_1616
15 0.000847 3 0 PTP 94 94_86_3_1617
12 0.000847 2 92 9
15 0.000847 3 0 PTP 92 92_83_3_1618
15 0.000847 3 0 PTP 92 92_84_3_1619
12 0.000847 2 96 9
15 0.000847 3 0 PTP 96 96_87_3_1620
15 0.000847 3 0 PTP 96 96_88_3_1621
12 0.000847 2 91 9
15 0.000847 3 0 PTP 91 91_82_3_1622
15 0.000847 3 0 PTP 91 91_83_3_1623
12 0.000847 2 57 9
15 0.000847 3 0 PTP 57 57_48_3_1624
15 0.000847 3 0 PTP 57 57_49_3_1625
16 0.000847 3 0 PTP 109 105_109_2_1282
16 0.000847 3 0 PTP 117 113_117_2_1260
16 0.000847 3 0 PTP 64 60_64_2_1228
16 0.000847 3 0 PTP 63 59_63_2_1284
16 0.000847 3 0 PTP 118 114_118_2_1248
16 0.000847 3 0 PTP 120 116_120_2_1250
16 0.000847 3 0 PTP 105 109_105_2_1429
16 0.000847 3 0 PTP 105 108_105_2_1626
13 0.000847 2 105
16 0.000847 3 0 PTP 109 104_109_2_1627
13 0.000847 2 109
16 0.000847 3 0 PTP 113 117_113_2_1431
16 0.000847 3 0 PTP 113 116_113_2_1628
13 0.000847 2 113
16 0.000847 3 0 PTP 117 112_117_2_1629
13 0.000847 2 117
16 0.000847 3 0 PTP 60 64_60_2_1433
16 0.000847 3 0 PTP 60 63_60_2_1630
13 0.000847 2 60
16 0.000847 3 0 PTP 64 59_64_2_1631
13 0.000847 2 64
16 0.000847 3 0 PTP 59 63_59_2_1435
16 0.000847 3 0 PTP 59 62_59_2_1632
13 0.000847 2 59
16 0.000847 3 0 PTP 63 58_63_2_1633
13 0.000847 2 63
16 0.000847 3 0 PTP 114 118_114_2_1437
16 0.000847 3 0 PTP 114 117_114_2_1634
13 0.000847 2 114
16 0.000847 3 0 PTP 118 113_118_2_1635
13 0.000847 2 118
16 0.000847 3 0 PTP 116 120_116_2_1439
16 0.000847 3 0 PTP 116 119_116_2_1636
13 0.000847 2 116
16 0.000847 3 0 PTP 120 115_120_2_1637
13 0.000847 2 120
12 0.000848 2 90 9
15 0.000848 3 0 PTP 90 90_81_3_1638
15 0.000848 3 0 PTP 90 90_82_3_1639
12 0.000848 2 89 9
15 0.000848 3 0 PTP 89 89_80_3_1640
15 0.000848 3 0 PTP 89 89_81_3_1641
12 0.000848 2 93 9
15 0.000848 3 0 PTP 93 93_84_3_1642
15 0.000848 3 0 PTP 93 93_85_3_1643
12 0.000848 2 95 9
15 0.000848 3 0 PTP 95 95_86_3_1644
15 0.000848 3 0 PTP 95 95_87_3_1645
12 0.000848 2 61 9
15 0.000848 3 0 PTP 61 61_52_3_1646
15 0.000848 3 0 PTP 61 61_53_3_1647
12 0.000848 2 113 9
15 0.000848 3 0 PTP 113 113_120_3_1648
15 0.000848 3 0 PTP 113 113_121_3_1649
12 0.000848 2 59 9
15 0.000848 3 0 PTP 59 59_50_3_1650
15 0.000848 3 0 PTP 59 59_51_3_1651
12 0.000848 2 118 9
15 0.000848 3 0 PTP 118 118_125_3_1652
15 0.000848 3 0 PTP 118 118_126_3_1653
12 0.000848 2 120 9
15 0.000848 3 0 PTP 120 120_127_3_1654
15 0.000848 3 0 PTP 120 120_128_3_1655
16 0.000848 3 0 PTP 62 58_62_2_1272
16 0.000848 3 0 PTP 112 108_112_2_1270
16 0.000848 3 0 PTP 111 107_111_2_1252
16 0.000848 3 0 PTP 119 115_119_2_1220
16 0.000848 3 0 PTP 58 62_58_2_1441
16 0.000848 3 0 PTP 58 61_58_2_1656
13 0.000848 2 58
16 0.000848 3 0 PTP 62 57_62_2_1657
13 0.000848 2 62
16 0.000848 3 0 PTP 108 112_108_2_1443
16 0.000848 3 0 PTP 108 111_108_2_1658
13 0.000848 2 108
16 0.000848 3 0 PTP 112 107_112_2_1659
13 0.000848 2 112
16 0.000848 3 0 PTP 107 111_107_2_1445
16 0.000848 3 0 PTP 107 110_107_2_1660
13 0.000848 2 107
16 0.000848 3 0 PTP 111 106_111_2_1661
13 0.000848 2 111
16 0.000848 3 0 PTP 115 119_115_2_1447
16 0.000848 3 0 PTP 115 118_115_2_1662
13 0.000848 2 115
16 0.000848 3 0 PTP 119 114_119_2_1663
13 0.000848 2 119
12 0.000849 2 105 9
15 0.000849 3 0 PTP 105 105_96_3_1664
15 0.000849 3 0 PTP 105 105_97_3_1665
12 0.000849 2 109 9
15 0.000849 3 0 PTP 109 109_100_3_1666
15 0.000849 3 0 PTP 109 109_101_3_1667
12 0.000849 2 117 9
15 0.000849 3 0 PTP 117 117_124_3_1668
15 0.000849 3 0 PTP 117 117_125_3_1669
12 0.000849 2 60 9
15 0.000849 3 0 PTP 60 60_51_3_1670
15 0.000849 3 0 PTP 60 60_52_3_1671
12 0.000849 2 64 9
15 0.000849 3 0 PTP 64 64_55_3_1672
15 0.000849 3 0 PTP 64 64_56_3_1673
12 0.000849 2 63 9
15 0.000849 3 0 PTP 63 63_54_3_1674
15 0.000849 3 0 PTP 63 63_55_3_1675
12 0.000849 2 114 9
15 0.000849 3 0 PTP 114 114_121_3_1676
15 0.000849 3 0 PTP 114 114_122_3_1677
12 0.000849 2 116 9
15 0.000849 3 0 PTP 116 116_123_3_1678
15 0.000849 3 0 PTP 116 116_124_3_1679
12 0.000849 2 62 9
15 0.000849 3 0 PTP 62 62_53_3_1680
15 0.000849 3 0 PTP 62 62_54_3_1681
12 0.000849 2 108 9
15 0.000849 3 0 PTP 108 108_99_3_1682
15 0.000849 3 0 PTP 108 108_100_3_1683
12 0.000849 2 107 9
15 0.000849 3 0 PTP 107 107_98_3_1684
15 0.000849 3 0 PTP 107 107_99_3_1685
12 0.000849 2 115 9
15 0.000849 3 0 PTP 115 115_122_3_1686
15 0.000849 3 0 PTP 115 115_123_3_1687
16 0.000849 3 0 PTP 110 106_110_2_1226
16 0.000849 3 0 PTP 106 110_106_2_1449
16 0.000849 3 0 PTP 106 109_106_2_1688
13 0.000849 2 106
16 0.000849 3 0 PTP 110 105_110_2_1689
13 0.000849 2 110
12 0.000850 2 110 9
15 0.000850 3 0 PTP 110 110_101_3_1690
15 0.000850 3 0 PTP 110 110_102_3_1691
12 0.000850 2 112 9
15 0.000850 3 0 PTP 112 112_103_3_1692
15 0.000850 3 0 PTP 112 112_104_3_1693
12 0.000850 2 111 9
15 0.000850 3 0 PTP 111 111_102_3_1694
15 0.000850 3 0 PTP 111 111_103_3_1695
12 0.000850 2 119 9
15 0.000850 3 0 PTP 119 119_126_3_1696
15 0.000850 3 0 PTP 119 119_127_3_1697
12 0.000851 2 58 9
15 0.000851 3 0 PTP 58 58_49_3_1698
15 0.000851 3 0 PTP 58 58_50_3_1699
12 0.000851 2 106 9
15 0.000851 3 0 PTP 106 106_97_3_1700
15 0.000851 3 0 PTP 106 106_98_3_1701
16 0.000855 3 0 PTP 125 121_125_2_1294
16 0.000855 3 0 PTP 121 125_121_2_1455
16 0.000855 3 0 PTP 121 124_121_2_1702
13 0.000855 2 121
16 0.000855 3 0 PTP 125 120_125_2_1703
13 0.000855 2 125
16 0.000856 3 0 PTP 126 122_126_2_1300
16 0.000856 3 0 PTP 128 124_128_2_1298
16 0.000856 3 0 PTP 127 123_127_2_1296
16 0.000856 3 0 PTP 122 126_122_2_1457
16 0.000856 3 0 PTP 122 125_122_2_1704
13 0.000856 2 122
16 0.000856 3 0 PTP 126 121_126_2_1705
13 0.000856 2 126
16 0.000856 3 0 PTP 124 128_124_2_1459
16 0.000856 3 0 PTP 124 127_124_2_1706
13 0.000856 2 124
16 0.000856 3 0 PTP 128 123_128_2_1707
13 0.000856 2 128
16 0.000856 3 0 PTP 123 127_123_2_1461
16 0.000856 3 0 PTP 123 126_123_2_1708
13 0.000856 2 123
16 0.000856 3 0 PTP 127 122_127_2_1709
13 0.000856 2 127
12 0.000857 2 125 9
15 0.000857 3 0 PTP 125 125_116_3_1710
15 0.000857 3 0 PTP 125 125_117_3_1711
12 0.000857 2 122 9
15 0.000857 3 0 PTP 122 122_113_3_1712
15 0.000857 3 0 PTP 122 122_114_3_1713
12 0.000857 2 126 9
15 0.000857 3 0 PTP 126 126_117_3_1714
15 0.000857 3 0 PTP 126 126_118_3_1715
12 0.000857 2 124 9
15 0.000857 3 0 PTP 124 124_115_3_1716
15 0.000857 3 0 PTP 124 124_116_3_1717
12 0.000857 2 127 9
15 0.000857 3 0 PTP 127 127_118_3_1718
15 0.000857 3 0 PTP 127 127_119_3_1719
12 0.000858 2 121 9
15 0.000858 3 0 PTP 121 121_112_3_1720
15 0.000858 3 0 PTP 121 121_113_3_1721
12 0.000858 2 128 9
15 0.000858 3 0 PTP 128 128_119_3_1722
15 0.000858 3 0 PTP 128 128_120_3_1723
12 0.000858 2 123 9
15 0.000858 3 0 PTP 123 123_114_3_1724
15 0.000858 3 0 PTP 123 123_115_3_1725
16 0.000864 3 0 PTP 12 4_12_3_1131
16 0.000864 3 0 PTP 4 12_4_3_1311
16 0.000864 3 0 PTP 4 11_4_3_1726
13 0.000864 2 4
16 0.000864 3 0 PTP 12 3_12_3_1727
13 0.000864 2 12
16 0.000865 3 0 PTP 16 8_16_3_1109
16 0.000865 3 0 PTP 13 5_13_3_885
16 0.000865 3 0 PTP 8 16_8_3_1335
16 0.000865 3 0 PTP 8 15_8_3_1728
13 0.000865 2 8
16 0.000865 3 0 PTP 16 7_16_3_1729
13 0.000865 2 16
16 0.000865 3 0 PTP 5 13_5_3_1349
16 0.000865 3 0 PTP 5 12_5_3_1730
13 0.000865 2 5
16 0.000865 3 0 PTP 13 4_13_3_1731
13 0.000865 2 13
12 0.000866 2 12 9
15 0.000866 3 0 PTP 12 12_27_4_1732
15 0.000866 3 0 PTP 12 12_28_4_1733
12 0.000866 2 5 9
15 0.000866 3 0 PTP 5 5_20_4_1734
15 0.000866 3 0 PTP 5 5_21_4_1735
12 0.000866 2 13 9
15 0.000866 3 0 PTP 13 13_28_4_1736
15 0.000866 3 0 PTP 13 13_29_4_1737
16 0.000866 3 0 PTP 10 2_10_3_923
16 0.000866 3 0 PTP 14 6_14_3_925
16 0.000866 3 0 PTP 9 1_9_3_887
16 0.000866 3 0 PTP 2 10_2_3_1365
16 0.000866 3 0 PTP 2 9_2_3_1738
13 0.000866 2 2
16 0.000866 3 0 PTP 10 1_10_3_1739
13 0.000866 2 10
16 0.000866 3 0 PTP 6 14_6_3_1367
16 0.000866 3 0 PTP 6 13_6_3_1740
13 0.000866 2 6
16 0.000866 3 0 PTP 14 5_14_3_1741
13 0.000866 2 14
16 0.000866 3 0 PTP 1 9_1_3_1373
16 0.000866 3 0 PTP 1 8_1_3_1742
13 0.000866 2 1
16 0.000866 3 0 PTP 9 0_9_3_1743
13 0.000866 2 9
12 0.000867 2 4 9
15 0.000867 3 0 PTP 4 4_19_4_1744
15 0.000867 3 0 PTP 4 4_20_4_1745
12 0.000867 2 8 9
15 0.000867 3 0 PTP 8 8_23_4_1746
15 0.000867 3 0 PTP 8 8_24_4_1747
12 0.000867 2 16 9
15 0.000867 3 0 PTP 16 16_31_4_1748
15 0.000867 3 0 PTP 16 16_32_4_1749
12 0.000867 2 10 9
15 0.000867 3 0 PTP 10 10_25_4_1750
15 0.000867 3 0 PTP 10 10_26_4_1751
12 0.000867 2 6 9
15 0.000867 3 0 PTP 6 6_21_4_1752
15 0.000867 3 0 PTP 6 6_22_4_1753
16 0.000867 3 0 PTP 15 7_15_3_883
16 0.000867 3 0 PTP 7 15_7_3_1383
16 0.000867 3 0 PTP 7 14_7_3_1754
13 0.000867 2 7
16 0.000867 3 0 PTP 15 6_15_3_1755
13 0.000867 2 15
12 0.000868 2 7 9
15 0.000868 3 0 PTP 7 7_22_4_1756
15 0.000868 3 0 PTP 7 7_23_4_1757
12 0.000868 2 2 9
15 0.000868 3 0 PTP 2 2_17_4_1758
15 0.000868 3 0 PTP 2 2_18_4_1759
12 0.000868 2 14 9
15 0.000868 3 0 PTP 14 14_29_4_1760
15 0.000868 3 0 PTP 14 14_30_4_1761
12 0.000868 2 1 9
15 0.000868 3 0 PTP 1 1_16_4_1762
15 0.000868 3 0 PTP 1 1_17_4_1763
12 0.000868 2 9 9
15 0.000868 3 0 PTP 9 9_24_4_1764
15 0.000868 3 0 PTP 9 9_25_4_1765
16 0.000868 3 0 PTP 11 3_11_3_881
16 0.000868 3 0 PTP 3 11_3_3_1395
16 0.000868 3 0 PTP 3 10_3_3_1766
13 0.000868 2 3
16 0.000868 3 0 PTP 11 2_11_3_1767
13 0.000868 2 11
12 0.000869 2 15 9
15 0.000869 3 0 PTP 15 15_30_4_1768
15 0.000869 3 0 PTP 15 15_31_4_1769
12 0.000869 2 11 9
15 0.000869 3 0 PTP 11 11_26_4_1770
15 0.000869 3 0 PTP 11 11_27_4_1771
12 0.000870 2 3 9
15 0.000870 3 0 PTP 3 3_18_4_1772
15 0.000870 3 0 PTP 3 3_19_4_1773
16 0.000883 3 0 PTP 32 24_32_3_1333
16 0.000883 3 0 PTP 29 21_29_3_1361
16 0.000883 3 0 PTP 24 32_24_3_1503
16 0.000883 3 0 PTP 24 31_24_3_1774
13 0.000883 2 24
16 0.000883 3 0 PTP 32 23_32_3_1775
13 0.000883 2 32
16 0.000883 3 0 PTP 21 29_21_3_1505
16 0.000883 3 0 PTP 21 28_21_3_1776
13 0.000883 2 21
16 0.000883 3 0 PTP 29 20_29_3_1777
13 0.000883 2 29
12 0.000884 2 32 9
15 0.000884 3 0 PTP 32 32_15_4_1778
15 0.000884 3 0 PTP 32 32_16_4_1779
16 0.000884 3 0 PTP 80 72_80_3_1399
16 0.000884 3 0 PTP 28 20_28_3_1331
16 0.000884 3 0 PTP 25 17_25_3_1341
16 0.000884 3 0 PTP 74 66_74_3_1385
16 0.000884 3 0 PTP 78 70_78_3_1397
16 0.000884 3 0 PTP 44 36_44_3_1347
16 0.000884 3 0 PTP 73 65_73_3_1401
16 0.000884 3 0 PTP 27 19_27_3_1343
16 0.000884 3 0 PTP 31 23_31_3_1363
16 0.000884 3 0 PTP 72 80_72_3_1533
16 0.000884 3 0 PTP 72 79_72_3_1780
13 0.000884 2 72
16 0.000884 3 0 PTP 80 71_80_3_1781
13 0.000884 2 80
16 0.000884 3 0 PTP 20 28_20_3_1553
16 0.000884 3 0 PTP 20 27_20_3_1782
13 0.000884 2 20
16 0.000884 3 0 PTP 28 19_28_3_1783
13 0.000884 2 28
16 0.000884 3 0 PTP 17 25_17_3_1555
16 0.000884 3 0 PTP 17 24_17_3_1784
13 0.000884 2 17
16 0.000884 3 0 PTP 25 16_25_3_1785
13 0.000884 2 25
16 0.000884 3 0 PTP 66 74_66_3_1557
16 0.000884 3 0 PTP 66 73_66_3_1786
13 0.000884 2 66
16 0.000884 3 0 PTP 74 65_74_3_1787
13 0.000884 2 74
16 0.000884 3 0 PTP 70 78_70_3_1559
16 0.000884 3 0 PTP 70 77_70_3_1788
13 0.000884 2 70
16 0.000884 3 0 PTP 78 69_78_3_1789
13 0.000884 2 78
16 0.000884 3 0 PTP 36 44_36_3_1561
16 0.000884 3 0 PTP 36 43_36_3_1790
13 0.000884 2 36
16 0.000884 3 0 PTP 44 35_44_3_1791
13 0.000884 2 44
16 0.000884 3 0 PTP 65 73_65_3_1565
16 0.000884 3 0 PTP 65 72_65_3_1792
13 0.000884 2 65
16 0.000884 3 0 PTP 73 64_73_3_1793
13 0.000884 2 73
16 0.000884 3 0 PTP 19 27_19_3_1567
16 0.000884 3 0 PTP 19 26_19_3_1794
13 0.000884 2 19
16 0.000884 3 0 PTP 27 18_27_3_1795
13 0.000884 2 27
16 0.000884 3 0 PTP 23 31_23_3_1569
16 0.000884 3 0 PTP 23 30_23_3_1796
13 0.000884 2 23
16 0.000884 3 0 PTP 31 22_31_3_1797
13 0.000884 2 31
12 0.000885 2 24 9
15 0.000885 3 0 PTP 24 24_7_4_1798
15 0.000885 3 0 PTP 24 24_8_4_1799
12 0.000885 2 21 9
15 0.000885 3 0 PTP 21 21_4_4_1800
15 0.000885 3 0 PTP 21 21_5_4_1801
12 0.000885 2 29 9
15 0.000885 3 0 PTP 29 29_12_4_1802
15 0.000885 3 0 PTP 29 29_13_4_1803
12 0.000885 2 20 9
15 0.000885 3 0 PTP 20 20_3_4_1804
15 0.000885 3 0 PTP 20 20_4_4_1805
12 0.000885 2 25 9
15 0.000885 3 0 PTP 25 25_8_4_1806
15 0.000885 3 0 PTP 25 25_9_4_1807
12 0.000885 2 74 9
15 0.000885 3 0 PTP 74 74_89_4_1808
15 0.000885 3 0 PTP 74 74_90_4_1809
12 0.000885 2 70 9
15 0.000885 3 0 PTP 70 70_85_4_1810
15 0.000885 3 0 PTP 70 70_86_4_1811
12 0.000885 2 44 9
15 0.000885 3 0 PTP 44 44_59_4_1812
15 0.000885 3 0 PTP 44 44_60_4_1813
12 0.000885 2 73 9
15 0.000885 3 0 PTP 73 73_88_4_1814
15 0.000885 3 0 PTP 73 73_89_4_1815
12 0.000885 2 19 9
15 0.000885 3 0 PTP 19 19_2_4_1816
15 0.000885 3 0 PTP 19 19_3_4_1817
12 0.000885 2 31 9
15 0.000885 3 0 PTP 31 31_14_4_1818
15 0.000885 3 0 PTP 31 31_15_4_1819
16 0.000885 3 0 PTP 76 68_76_3_1387
16 0.000885 3 0 PTP 48 40_48_3_1371
16 0.000885 3 0 PTP 43 35_43_3_1353
16 0.000885 3 0 PTP 47 39_47_3_1355
16 0.000885 3 0 PTP 77 69_77_3_1403
16 0.000885 3 0 PTP 75 67_75_3_1389
16 0.000885 3 0 PTP 79 71_79_3_1405
16 0.000885 3 0 PTP 26 18_26_3_1357
16 0.000885 3 0 PTP 30 22_30_3_1359
16 0.000885 3 0 PTP 42 34_42_3_1369
16 0.000885 3 0 PTP 45 37_45_3_1339
16 0.000885 3 0 PTP 68 76_68_3_1575
16 0.000885 3 0 PTP 68 75_68_3_1820
13 0.000885 2 68
16 0.000885 3 0 PTP 76 67_76_3_1821
13 0.000885 2 76
16 0.000885 3 0 PTP 40 48_40_3_1577
16 0.000885 3 0 PTP 40 47_40_3_1822
13 0.000885 2 40
16 0.000885 3 0 PTP 48 39_48_3_1823
13 0.000885 2 48
16 0.000885 3 0 PTP 35 43_35_3_1579
16 0.000885 3 0 PTP 35 42_35_3_1824
13 0.000885 2 35
16 0.000885 3 0 PTP 43 34_43_3_1825
13 0.000885 2 43
16 0.000885 3 0 PTP 39 47_39_3_1581
16 0.000885 3 0 PTP 39 46_39_3_1826
13 0.000885 2 39
16 0.000885 3 0 PTP 47 38_47_3_1827
13 0.000885 2 47
16 0.000885 3 0 PTP 69 77_69_3_1589
16 0.000885 3 0 PTP 69 76_69_3_1828
13 0.000885 2 69
16 0.000885 3 0 PTP 77 68_77_3_1829
13 0.000885 2 77
16 0.000885 3 0 PTP 67 75_67_3_1591
16 0.000885 3 0 PTP 67 74_67_3_1830
13 0.000885 2 67
16 0.000885 3 0 PTP 75 66_75_3_1831
13 0.000885 2 75
16 0.000885 3 0 PTP 71 79_71_3_1593
16 0.000885 3 0 PTP 71 78_71_3_1832
13 0.000885 2 71
16 0.000885 3 0 PTP 79 70_79_3_1833
13 0.000885 2 79
16 0.000885 3 0 PTP 18 26_18_3_1595
16 0.000885 3 0 PTP 18 25_18_3_1834
13 0.000885 2 18
16 0.000885 3 0 PTP 26 17_26_3_1835
13 0.000885 2 26
16 0.000885 3 0 PTP 22 30_22_3_1597
16 0.000885 3 0 PTP 22 29_22_3_1836
13 0.000885 2 22
16 0.000885 3 0 PTP 30 21_30_3_1837
13 0.000885 2 30
16 0.000885 3 0 PTP 34 42_34_3_1599
16 0.000885 3 0 PTP 34 41_34_3_1838
13 0.000885 2 34
16 0.000885 3 0 PTP 42 33_42_3_1839
13 0.000885 2 42
16 0.000885 3 0 PTP 37 45_37_3_1601
16 0.000885 3 0 PTP 37 44_37_3_1840
13 0.000885 2 37
16 0.000885 3 0 PTP 45 36_45_3_1841
13 0.000885 2 45
12 0.000886 2 35 9
15 0.000886 3 0 PTP 35 35_50_4_1842
15 0.000886 3 0 PTP 35 35_51_4_1843
12 0.000886 2 39 9
15 0.000886 3 0 PTP 39 39_54_4_1844
15 0.000886 3 0 PTP 39 39_55_4_1845
12 0.000886 2 77 9
15 0.000886 3 0 PTP 77 77_92_4_1846
15 0.000886 3 0 PTP 77 77_93_4_1847
12 0.000886 2 67 9
15 0.000886 3 0 PTP 67 67_82_4_1848
15 0.000886 3 0 PTP 67 67_83_4_1849
12 0.000886 2 45 9
15 0.000886 3 0 PTP 45 45_60_4_1850
15 0.000886 3 0 PTP 45 45_61_4_1851
12 0.000886 2 72 9
15 0.000886 3 0 PTP 72 72_87_4_1852
15 0.000886 3 0 PTP 72 72_88_4_1853
12 0.000886 2 80 9
15 0.000886 3 0 PTP 80 80_95_4_1854
15 0.000886 3 0 PTP 80 80_96_4_1855
12 0.000886 2 28 9
15 0.000886 3 0 PTP 28 28_11_4_1856
15 0.000886 3 0 PTP 28 28_12_4_1857
12 0.000886 2 17 9
15 0.000886 3 0 PTP 17 17_0_4_1858
15 0.000886 3 0 PTP 17 17_1_4_1859
12 0.000886 2 66 9
15 0.000886 3 0 PTP 66 66_81_4_1860
15 0.000886 3 0 PTP 66 66_82_4_1861
12 0.000886 2 78 9
15 0.000886 3 0 PTP 78 78_93_4_1862
15 0.000886 3 0 PTP 78 78_94_4_1863
12 0.000886 2 36 9
15 0.000886 3 0 PTP 36 36_51_4_1864
15 0.000886 3 0 PTP 36 36_52_4_1865
12 0.000886 2 65 9
15 0.000886 3 0 PTP 65 65_80_4_1866
15 0.000886 3 0 PTP 65 65_81_4_1867
12 0.000886 2 27 9
15 0.000886 3 0 PTP 27 27_10_4_1868
15 0.000886 3 0 PTP 27 27_11_4_1869
12 0.000886 2 23 9
15 0.000886 3 0 PTP 23 23_6_4_1870
15 0.000886 3 0 PTP 23 23_7_4_1871
16 0.000886 3 0 PTP 46 38_46_3_1345
16 0.000886 3 0 PTP 41 33_41_3_1337
16 0.000886 3 0 PTP 38 46_38_3_1603
16 0.000886 3 0 PTP 38 45_38_3_1872
13 0.000886 2 38
16 0.000886 3 0 PTP 46 37_46_3_1873
13 0.000886 2 46
16 0.000886 3 0 PTP 33 41_33_3_1605
16 0.000886 3 0 PTP 33 40_33_3_1874
13 0.000886 2 33
16 0.000886 3 0 PTP 41 32_41_3_1875
13 0.000886 2 41
12 0.000887 2 76 9
15 0.000887 3 0 PTP 76 76_91_4_1876
15 0.000887 3 0 PTP 76 76_92_4_1877
12 0.000887 2 40 9
15 0.000887 3 0 PTP 40 40_55_4_1878
15 0.000887 3 0 PTP 40 40_56_4_1879
12 0.000887 2 48 9
15 0.000887 3 0 PTP 48 48_63_4_1880
15 0.000887 3 0 PTP 48 48_64_4_1881
12 0.000887 2 43 9
15 0.000887 3 0 PTP 43 43_58_4_1882
15 0.000887 3 0 PTP 43 43_59_4_1883
12 0.000887 2 47 9
15 0.000887 3 0 PTP 47 47_62_4_1884
15 0.000887 3 0 PTP 47 47_63_4_1885
12 0.000887 2 69 9
15 0.000887 3 0 PTP 69 69_84_4_1886
15 0.000887 3 0 PTP 69 69_85_4_1887
12 0.000887 2 75 9
15 0.000887 3 0 PTP 75 75_90_4_1888
15 0.000887 3 0 PTP 75 75_91_4_1889
12 0.000887 2 71 9
15 0.000887 3 0 PTP 71 71_86_4_1890
15 0.000887 3 0 PTP 71 71_87_4_1891
12 0.000887 2 79 9
15 0.000887 3 0 PTP 79 79_94_4_1892
15 0.000887 3 0 PTP 79 79_95_4_1893
12 0.000887 2 18 9
15 0.000887 3 0 PTP 18 18_1_4_1894
15 0.000887 3 0 PTP 18 18_2_4_1895
12 0.000887 2 26 9
15 0.000887 3 0 PTP 26 26_9_4_1896
15 0.000887 3 0 PTP 26 26_10_4_1897
12 0.000887 2 22 9
15 0.000887 3 0 PTP 22 22_5_4_1898
15 0.000887 3 0 PTP 22 22_6_4_1899
12 0.000887 2 30 9
15 0.000887 3 0 PTP 30 30_13_4_1900
15 0.000887 3 0 PTP 30 30_14_4_1901
12 0.000887 2 34 9
15 0.000887 3 0 PTP 34 34_49_4_1902
15 0.000887 3 0 PTP 34 34_50_4_1903
12 0.000887 2 42 9
15 0.000887 3 0 PTP 42 42_57_4_1904
15 0.000887 3 0 PTP 42 42_58_4_1905
12 0.000887 2 37 9
15 0.000887 3 0 PTP 37 37_52_4_1906
15 0.000887 3 0 PTP 37 37_53_4_1907
12 0.000887 2 33 9
15 0.000887 3 0 PTP 33 33_48_4_1908
15 0.000887 3 0 PTP 33 33_49_4_1909
12 0.000887 2 41 9
15 0.000887 3 0 PTP 41 41_56_4_1910
15 0.000887 3 0 PTP 41 41_57_4_1911
12 0.000888 2 68 9
15 0.000888 3 0 PTP 68 68_83_4_1912
15 0.000888 3 0 PTP 68 68_84_4_1913
12 0.000888 2 46 9
15 0.000888 3 0 PTP 46 46_61_4_1914
15 0.000888 3 0 PTP 46 46_62_4_1915
12 0.000889 2 38 9
15 0.000889 3 0 PTP 38 38_53_4_1916
15 0.000889 3 0 PTP 38 38_54_4_1917
16 0.000895 3 0 PTP 94 86_94_3_1535
16 0.000895 3 0 PTP 92 84_92_3_1507
16 0.000895 3 0 PTP 96 88_96_3_1509
16 0.000895 3 0 PTP 91 83_91_3_1511
16 0.000895 3 0 PTP 57 49_57_3_1497
16 0.000895 3 0 PTP 86 94_86_3_1617
16 0.000895 3 0 PTP 86 93_86_3_1918
13 0.000895 2 86
16 0.000895 3 0 PTP 94 85_94_3_1919
13 0.000895 2 94
16 0.000895 3 0 PTP 84 92_84_3_1619
16 0.000895 3 0 PTP 84 91_84_3_1920
13 0.000895 2 84
16 0.000895 3 0 PTP 92 83_92_3_1921
13 0.000895 2 92
16 0.000895 3 0 PTP 88 96_88_3_1621
16 0.000895 3 0 PTP 88 95_88_3_1922
13 0.000895 2 88
16 0.000895 3 0 PTP 96 87_96_3_1923
13 0.000895 2 96
16 0.000895 3 0 PTP 83 91_83_3_1623
16 0.000895 3 0 PTP 83 90_83_3_1924
13 0.000895 2 83
16 0.000895 3 0 PTP 91 82_91_3_1925
13 0.000895 2 91
16 0.000895 3 0 PTP 49 57_49_3_1625
16 0.000895 3 0 PTP 49 56_49_3_1926
13 0.000895 2 49
16 0.000895 3 0 PTP 57 48_57_3_1927
13 0.000895 2 57
12 0.000896 2 94 9
15 0.000896 3 0 PTP 94 94_77_4_1928
15 0.000896 3 0 PTP 94 94_78_4_1929
12 0.000896 2 84 9
15 0.000896 3 0 PTP 84 84_67_4_1930
15 0.000896 3 0 PTP 84 84_68_4_1931
12 0.000896 2 83 9
15 0.000896 3 0 PTP 83 83_66_4_1932
15 0.000896 3 0 PTP 83 83_67_4_1933
12 0.000896 2 49 9
15 0.000896 3 0 PTP 49 49_32_4_1934
15 0.000896 3 0 PTP 49 49_33_4_1935
16 0.000896 3 0 PTP 90 82_90_3_1493
16 0.000896 3 0 PTP 89 81_89_3_1537
16 0.000896 3 0 PTP 93 85_93_3_1539
16 0.000896 3 0 PTP 95 87_95_3_1469
16 0.000896 3 0 PTP 61 53_61_3_1499
16 0.000896 3 0 PTP 59 51_59_3_1471
16 0.000896 3 0 PTP 82 90_82_3_1639
16 0.000896 3 0 PTP 82 89_82_3_1936
13 0.000896 2 82
16 0.000896 3 0 PTP 90 81_90_3_1937
13 0.000896 2 90
16 0.000896 3 0 PTP 81 89_81_3_1641
16 0.000896 3 0 PTP 81 88_81_3_1938
13 0.000896 2 81
16 0.000896 3 0 PTP 89 80_89_3_1939
13 0.000896 2 89
16 0.000896 3 0 PTP 85 93_85_3_1643
16 0.000896 3 0 PTP 85 92_85_3_1940
13 0.000896 2 85
16 0.000896 3 0 PTP 93 84_93_3_1941
13 0.000896 2 93
16 0.000896 3 0 PTP 87 95_87_3_1645
16 0.000896 3 0 PTP 87 94_87_3_1942
13 0.000896 2 87
16 0.000896 3 0 PTP 95 86_95_3_1943
13 0.000896 2 95
16 0.000896 3 0 PTP 53 61_53_3_1647
16 0.000896 3 0 PTP 53 60_53_3_1944
13 0.000896 2 53
16 0.000896 3 0 PTP 61 52_61_3_1945
13 0.000896 2 61
16 0.000896 3 0 PTP 51 59_51_3_1651
16 0.000896 3 0 PTP 51 58_51_3_1946
13 0.000896 2 51
16 0.000896 3 0 PTP 59 50_59_3_1947
13 0.000896 2 59
12 0.000897 2 86 9
15 0.000897 3 0 PTP 86 86_69_4_1948
15 0.000897 3 0 PTP 86 86_70_4_1949
12 0.000897 2 88 9
15 0.000897 3 0 PTP 88 88_71_4_1950
15 0.000897 3 0 PTP 88 88_72_4_1951
12 0.000897 2 96 9
15 0.000897 3 0 PTP 96 96_79_4_1952
15 0.000897 3 0 PTP 96 96_80_4_1953
12 0.000897 2 91 9
15 0.000897 3 0 PTP 91 91_74_4_1954
15 0.000897 3 0 PTP 91 91_75_4_1955
12 0.000897 2 57 9
15 0.000897 3 0 PTP 57 57_40_4_1956
15 0.000897 3 0 PTP 57 57_41_4_1957
12 0.000897 2 89 9
15 0.000897 3 0 PTP 89 89_72_4_1958
15 0.000897 3 0 PTP 89 89_73_4_1959
12 0.000897 2 93 9
15 0.000897 3 0 PTP 93 93_76_4_1960
15 0.000897 3 0 PTP 93 93_77_4_1961
12 0.000897 2 87 9
15 0.000897 3 0 PTP 87 87_70_4_1962
15 0.000897 3 0 PTP 87 87_71_4_1963
12 0.000897 2 95 9
15 0.000897 3 0 PTP 95 95_78_4_1964
15 0.000897 3 0 PTP 95 95_79_4_1965
12 0.000897 2 61 9
15 0.000897 3 0 PTP 61 61_44_4_1966
15 0.000897 3 0 PTP 61 61_45_4_1967
12 0.000897 2 59 9
15 0.000897 3 0 PTP 59 59_42_4_1968
15 0.000897 3 0 PTP 59 59_43_4_1969
16 0.000897 3 0 PTP 105 97_105_3_1549
16 0.000897 3 0 PTP 109 101_109_3_1551
16 0.000897 3 0 PTP 60 52_60_3_1545
16 0.000897 3 0 PTP 64 56_64_3_1495
16 0.000897 3 0 PTP 63 55_63_3_1513
16 0.000897 3 0 PTP 62 54_62_3_1543
16 0.000897 3 0 PTP 108 100_108_3_1547
16 0.000897 3 0 PTP 107 99_107_3_1587
16 0.000897 3 0 PTP 97 105_97_3_1665
16 0.000897 3 0 PTP 97 104_97_3_1970
13 0.000897 2 97
16 0.000897 3 0 PTP 105 96_105_3_1971
13 0.000897 2 105
16 0.000897 3 0 PTP 101 109_101_3_1667
16 0.000897 3 0 PTP 101 108_101_3_1972
13 0.000897 2 101
16 0.000897 3 0 PTP 109 100_109_3_1973
13 0.000897 2 109
16 0.000897 3 0 PTP 52 60_52_3_1671
16 0.000897 3 0 PTP 52 59_52_3_1974
13 0.000897 2 52
16 0.000897 3 0 PTP 60 51_60_3_1975
13 0.000897 2 60
16 0.000897 3 0 PTP 56 64_56_3_1673
16 0.000897 3 0 PTP 56 63_56_3_1976
13 0.000897 2 56
16 0.000897 3 0 PTP 64 55_64_3_1977
13 0.000897 2 64
16 0.000897 3 0 PTP 55 63_55_3_1675
16 0.000897 3 0 PTP 55 62_55_3_1978
13 0.000897 2 55
16 0.000897 3 0 PTP 63 54_63_3_1979
13 0.000897 2 63
16 0.000897 3 0 PTP 54 62_54_3_1681
16 0.000897 3 0 PTP 54 61_54_3_1980
13 0.000897 2 54
16 0.000897 3 0 PTP 62 53_62_3_1981
13 0.000897 2 62
16 0.000897 3 0 PTP 100 108_100_3_1683
16 0.000897 3 0 PTP 100 107_100_3_1982
13 0.000897 2 100
12 0.000897 2 100 9
15 0.000897 3 0 PTP 100 100_115_4_1983
15 0.000897 3 0 PTP 100 100_116_4_1984
16 0.000897 3 0 PTP 108 99_108_3_1985
13 0.000897 2 108
16 0.000897 3 0 PTP 99 107_99_3_1685
16 0.000897 3 0 PTP 99 106_99_3_1986
13 0.000897 2 99
16 0.000897 3 0 PTP 107 98_107_3_1987
13 0.000897 2 107
12 0.000898 2 92 9
15 0.000898 3 0 PTP 92 92_75_4_1988
15 0.000898 3 0 PTP 92 92_76_4_1989
12 0.000898 2 105 9
15 0.000898 3 0 PTP 105 105_120_4_1990
15 0.000898 3 0 PTP 105 105_121_4_1991
12 0.000898 2 56 9
15 0.000898 3 0 PTP 56 56_39_4_1992
15 0.000898 3 0 PTP 56 56_40_4_1993
12 0.000898 2 90 9
15 0.000898 3 0 PTP 90 90_73_4_1994
15 0.000898 3 0 PTP 90 90_74_4_1995
12 0.000898 2 81 9
15 0.000898 3 0 PTP 81 81_64_4_1996
15 0.000898 3 0 PTP 81 81_65_4_1997
12 0.000898 2 85 9
15 0.000898 3 0 PTP 85 85_68_4_1998
15 0.000898 3 0 PTP 85 85_69_4_1999
12 0.000898 2 53 9
15 0.000898 3 0 PTP 53 53_36_4_2000
15 0.000898 3 0 PTP 53 53_37_4_2001
12 0.000898 2 51 9
15 0.000898 3 0 PTP 51 51_34_4_2002
15 0.000898 3 0 PTP 51 51_35_4_2003
16 0.000898 3 0 PTP 110 102_110_3_1585
16 0.000898 3 0 PTP 112 104_112_3_1501
16 0.000898 3 0 PTP 111 103_111_3_1563
16 0.000898 3 0 PTP 102 110_102_3_1691
16 0.000898 3 0 PTP 102 109_102_3_2004
13 0.000898 2 102
16 0.000898 3 0 PTP 110 101_110_3_2005
13 0.000898 2 110
16 0.000898 3 0 PTP 104 112_104_3_1693
16 0.000898 3 0 PTP 104 111_104_3_2006
13 0.000898 2 104
16 0.000898 3 0 PTP 112 103_112_3_2007
13 0.000898 2 112
16 0.000898 3 0 PTP 103 111_103_3_1695
16 0.000898 3 0 PTP 103 110_103_3_2008
13 0.000898 2 103
16 0.000898 3 0 PTP 111 102_111_3_2009
13 0.000898 2 111
12 0.000899 2 82 9
15 0.000899 3 0 PTP 82 82_65_4_2010
15 0.000899 3 0 PTP 82 82_66_4_2011
12 0.000899 2 97 9
15 0.000899 3 0 PTP 97 97_112_4_2012
15 0.000899 3 0 PTP 97 97_113_4_2013
12 0.000899 2 101 9
15 0.000899 3 0 PTP 101 101_116_4_2014
15 0.000899 3 0 PTP 101 101_117_4_2015
12 0.000899 2 109 9
15 0.000899 3 0 PTP 109 109_124_4_2016
15 0.000899 3 0 PTP 109 109_125_4_2017
12 0.000899 2 52 9
15 0.000899 3 0 PTP 52 52_35_4_2018
15 0.000899 3 0 PTP 52 52_36_4_2019
12 0.000899 2 60 9
15 0.000899 3 0 PTP 60 60_43_4_2020
15 0.000899 3 0 PTP 60 60_44_4_2021
12 0.000899 2 64 9
15 0.000899 3 0 PTP 64 64_47_4_2022
15 0.000899 3 0 PTP 64 64_48_4_2023
12 0.000899 2 55 9
15 0.000899 3 0 PTP 55 55_38_4_2024
15 0.000899 3 0 PTP 55 55_39_4_2025
12 0.000899 2 63 9
15 0.000899 3 0 PTP 63 63_46_4_2026
15 0.000899 3 0 PTP 63 63_47_4_2027
12 0.000899 2 54 9
15 0.000899 3 0 PTP 54 54_37_4_2028
15 0.000899 3 0 PTP 54 54_38_4_2029
12 0.000899 2 62 9
15 0.000899 3 0 PTP 62 62_45_4_2030
15 0.000899 3 0 PTP 62 62_46_4_2031
12 0.000899 2 108 9
15 0.000899 3 0 PTP 108 108_123_4_2032
15 0.000899 3 0 PTP 108 108_124_4_2033
12 0.000899 2 99 9
15 0.000899 3 0 PTP 99 99_114_4_2034
15 0.000899 3 0 PTP 99 99_115_4_2035
12 0.000899 2 107 9
15 0.000899 3 0 PTP 107 107_122_4_2036
15 0.000899 3 0 PTP 107 107_123_4_2037
12 0.000899 2 103 9
15 0.000899 3 0 PTP 103 103_118_4_2038
15 0.000899 3 0 PTP 103 103_119_4_2039
16 0.000899 3 0 PTP 58 50_58_3_1541
16 0.000899 3 0 PTP 106 98_106_3_1583
16 0.000899 3 0 PTP 50 58_50_3_1699
16 0.000899 3 0 PTP 50 57_50_3_2040
13 0.000899 2 50
16 0.000899 3 0 PTP 58 49_58_3_2041
13 0.000899 2 58
16 0.000899 3 0 PTP 98 106_98_3_1701
16 0.000899 3 0 PTP 98 105_98_3_2042
13 0.000899 2 98
16 0.000899 3 0 PTP 106 97_106_3_2043
13 0.000899 2 106
12 0.000900 2 110 9
15 0.000900 3 0 PTP 110 110_125_4_2044
15 0.000900 3 0 PTP 110 110_126_4_2045
12 0.000900 2 104 9
15 0.000900 3 0 PTP 104 104_119_4_2046
15 0.000900 3 0 PTP 104 104_120_4_2047
12 0.000900 2 112 9
15 0.000900 3 0 PTP 112 112_127_4_2048
15 0.000900 3 0 PTP 112 112_128_4_2049
12 0.000900 2 111 9
15 0.000900 3 0 PTP 111 111_126_4_2050
15 0.000900 3 0 PTP 111 111_127_4_2051
12 0.000900 2 58 9
15 0.000900 3 0 PTP 58 58_41_4_2052
15 0.000900 3 0 PTP 58 58_42_4_2053
12 0.000901 2 102 9
15 0.000901 3 0 PTP 102 102_117_4_2054
15 0.000901 3 0 PTP 102 102_118_4_2055
12 0.000901 2 98 9
15 0.000901 3 0 PTP 98 98_113_4_2056
15 0.000901 3 0 PTP 98 98_114_4_2057
12 0.000901 2 106 9
15 0.000901 3 0 PTP 106 106_121_4_2058
15 0.000901 3 0 PTP 106 106_122_4_2059
12 0.000902 2 50 9
15 0.000902 3 0 PTP 50 50_33_4_2060
15 0.000902 3 0 PTP 50 50_34_4_2061
16 0.000905 3 0 PTP 125 117_125_3_1669
16 0.000905 3 0 PTP 122 114_122_3_1677
16 0.000905 3 0 PTP 126 118_126_3_1653
16 0.000905 3 0 PTP 124 116_124_3_1679
16 0.000905 3 0 PTP 127 119_127_3_1697
16 0.000905 3 0 PTP 117 125_117_3_1711
16 0.000905 3 0 PTP 117 124_117_3_2062
13 0.000905 2 117
16 0.000905 3 0 PTP 125 116_125_3_2063
13 0.000905 2 125
16 0.000905 3 0 PTP 114 122_114_3_1713
16 0.000905 3 0 PTP 114 121_114_3_2064
13 0.000905 2 114
16 0.000905 3 0 PTP 122 113_122_3_2065
13 0.000905 2 122
16 0.000905 3 0 PTP 118 126_118_3_1715
16 0.000905 3 0 PTP 118 125_118_3_2066
13 0.000905 2 118
16 0.000905 3 0 PTP 126 117_126_3_2067
13 0.000905 2 126
16 0.000905 3 0 PTP 116 124_116_3_1717
16 0.000905 3 0 PTP 116 123_116_3_2068
13 0.000905 2 116
16 0.000905 3 0 PTP 124 115_124_3_2069
13 0.000905 2 124
16 0.000905 3 0 PTP 119 127_119_3_1719
16 0.000905 3 0 PTP 119 126_119_3_2070
13 0.000905 2 119
16 0.000905 3 0 PTP 127 118_127_3_2071
13 0.000905 2 127
12 0.000906 2 117 9
15 0.000906 3 0 PTP 117 117_100_4_2072
15 0.000906 3 0 PTP 117 117_101_4_2073
12 0.000906 2 125 9
15 0.000906 3 0 PTP 125 125_108_4_2074
15 0.000906 3 0 PTP 125 125_109_4_2075
12 0.000906 2 114 9
15 0.000906 3 0 PTP 114 114_97_4_2076
15 0.000906 3 0 PTP 114 114_98_4_2077
12 0.000906 2 122 9
15 0.000906 3 0 PTP 122 122_105_4_2078
15 0.000906 3 0 PTP 122 122_106_4_2079
12 0.000906 2 126 9
15 0.000906 3 0 PTP 126 126_109_4_2080
15 0.000906 3 0 PTP 126 126_110_4_2081
12 0.000906 2 127 9
15 0.000906 3 0 PTP 127 127_110_4_2082
15 0.000906 3 0 PTP 127 127_111_4_2083
16 0.000906 3 0 PTP 121 113_121_3_1649
16 0.000906 3 0 PTP 128 120_128_3_1655
16 0.000906 3 0 PTP 123 115_123_3_1687
16 0.000906 3 0 PTP 113 121_113_3_1721
16 0.000906 3 0 PTP 113 120_113_3_2084
13 0.000906 2 113
16 0.000906 3 0 PTP 121 112_121_3_2085
13 0.000906 2 121
16 0.000906 3 0 PTP 120 128_120_3_1723
16 0.000906 3 0 PTP 120 127_120_3_2086
13 0.000906 2 120
16 0.000906 3 0 PTP 128 119_128_3_2087
13 0.000906 2 128
16 0.000906 3 0 PTP 115 123_115_3_1725
16 0.000906 3 0 PTP 115 122_115_3_2088
13 0.000906 2 115
16 0.000906 3 0 PTP 123 114_123_3_2089
13 0.000906 2 123
12 0.000907 2 113 9
15 0.000907 3 0 PTP 113 113_96_4_2090
15 0.000907 3 0 PTP 113 113_97_4_2091
12 0.000907 2 118 9
15 0.000907 3 0 PTP 118 118_101_4_2092
15 0.000907 3 0 PTP 118 118_102_4_2093
12 0.000907 2 116 9
15 0.000907 3 0 PTP 116 116_99_4_2094
15 0.000907 3 0 PTP 116 116_100_4_2095
12 0.000907 2 124 9
15 0.000907 3 0 PTP 124 124_107_4_2096
15 0.000907 3 0 PTP 124 124_108_4_2097
12 0.000907 2 119 9
15 0.000907 3 0 PTP 119 119_102_4_2098
15 0.000907 3 0 PTP 119 119_103_4_2099
12 0.000908 2 120 9
15 0.000908 3 0 PTP 120 120_103_4_2100
15 0.000908 3 0 PTP 120 120_104_4_2101
12 0.000908 2 128 9
15 0.000908 3 0 PTP 128 128_111_4_2102
15 0.000908 3 0 PTP 128 128_112_4_2103
12 0.000908 2 115 9
15 0.000908 3 0 PTP 115 115_98_4_2104
15 0.000908 3 0 PTP 115 115_99_4_2105
12 0.000908 2 123 9
15 0.000908 3 0 PTP 123 123_106_4_2106
15 0.000908 3 0 PTP 123 123_107_4_2107
12 0.000909 2 121 9
15 0.000909 3 0 PTP 121 121_104_4_2108
15 0.000909 3 0 PTP 121 121_105_4_2109
16 0.000979 3 0 PTP 32 16_32_4_1749
16 0.000979 3 0 PTP 16 32_16_4_1779
16 0.000979 3 0 PTP 16 31_16_4_2110
13 0.000979 2 16
16 0.000979 3 0 PTP 32 15_32_4_2111
13 0.000979 2 32
16 0.000980 3 0 PTP 24 8_24_4_1747
16 0.000980 3 0 PTP 21 5_21_4_1735
16 0.000980 3 0 PTP 29 13_29_4_1737
16 0.000980 3 0 PTP 20 4_20_4_1745
16 0.000980 3 0 PTP 25 9_25_4_1765
16 0.000980 3 0 PTP 19 3_19_4_1773
16 0.000980 3 0 PTP 31 15_31_4_1769
16 0.000980 3 0 PTP 8 24_8_4_1799
16 0.000980 3 0 PTP 8 23_8_4_2112
13 0.000980 2 8
16 0.000980 3 0 PTP 24 7_24_4_2113
13 0.000980 2 24
16 0.000980 3 0 PTP 5 21_5_4_1801
16 0.000980 3 0 PTP 5 20_5_4_2114
13 0.000980 2 5
16 0.000980 3 0 PTP 21 4_21_4_2115
13 0.000980 2 21
16 0.000980 3 0 PTP 13 29_13_4_1803
16 0.000980 3 0 PTP 13 28_13_4_2116
13 0.000980 2 13
16 0.000980 3 0 PTP 29 12_29_4_2117
13 0.000980 2 29
16 0.000980 3 0 PTP 4 20_4_4_1805
16 0.000980 3 0 PTP 4 19_4_4_2118
13 0.000980 2 4
16 0.000980 3 0 PTP 20 3_20_4_2119
13 0.000980 2 20
16 0.000980 3 0 PTP 9 25_9_4_1807
16 0.000980 3 0 PTP 9 24_9_4_2120
13 0.000980 2 9
16 0.000980 3 0 PTP 25 8_25_4_2121
13 0.000980 2 25
16 0.000980 3 0 PTP 3 19_3_4_1817
16 0.000980 3 0 PTP 3 18_3_4_2122
13 0.000980 2 3
16 0.000980 3 0 PTP 19 2_19_4_2123
13 0.000980 2 19
16 0.000980 3 0 PTP 15 31_15_4_1819
16 0.000980 3 0 PTP 15 30_15_4_2124
13 0.000980 2 15
16 0.000980 3 0 PTP 31 14_31_4_2125
13 0.000980 2 31
12 0.000981 2 21 9
15 0.000981 3 0 PTP 21 21_52_5_2126
15 0.000981 3 0 PTP 21 21_53_5_2127
12 0.000981 2 29 9
15 0.000981 3 0 PTP 29 29_60_5_2128
15 0.000981 3 0 PTP 29 29_61_5_2129
12 0.000981 2 3 9
15 0.000981 3 0 PTP 3 3_34_5_2130
15 0.000981 3 0 PTP 3 3_35_5_2131
12 0.000981 2 15 9
15 0.000981 3 0 PTP 15 15_46_5_2132
15 0.000981 3 0 PTP 15 15_47_5_2133
12 0.000981 2 16 9
15 0.000981 3 0 PTP 16 16_47_5_2134
15 0.000981 3 0 PTP 16 16_48_5_2135
12 0.000981 2 32 9
15 0.000981 3 0 PTP 32 32_63_5_2136
15 0.000981 3 0 PTP 32 32_64_5_2137
16 0.000981 3 0 PTP 28 12_28_4_1733
16 0.000981 3 0 PTP 17 1_17_4_1763
16 0.000981 3 0 PTP 27 11_27_4_1771
16 0.000981 3 0 PTP 23 7_23_4_1757
16 0.000981 3 0 PTP 12 28_12_4_1857
16 0.000981 3 0 PTP 12 27_12_4_2138
13 0.000981 2 12
16 0.000981 3 0 PTP 28 11_28_4_2139
13 0.000981 2 28
16 0.000981 3 0 PTP 1 17_1_4_1859
16 0.000981 3 0 PTP 1 16_1_4_2140
13 0.000981 2 1
16 0.000981 3 0 PTP 17 0_17_4_2141
13 0.000981 2 17
16 0.000981 3 0 PTP 11 27_11_4_1869
16 0.000981 3 0 PTP 11 26_11_4_2142
13 0.000981 2 11
16 0.000981 3 0 PTP 27 10_27_4_2143
13 0.000981 2 27
16 0.000981 3 0 PTP 7 23_7_4_1871
16 0.000981 3 0 PTP 7 22_7_4_2144
13 0.000981 2 7
16 0.000981 3 0 PTP 23 6_23_4_2145
13 0.000981 2 23
12 0.000982 2 17 9
15 0.000982 3 0 PTP 17 17_48_5_2146
15 0.000982 3 0 PTP 17 17_49_5_2147
12 0.000982 2 11 9
15 0.000982 3 0 PTP 11 11_42_5_2148
15 0.000982 3 0 PTP 11 11_43_5_2149
12 0.000982 2 7 9
15 0.000982 3 0 PTP 7 7_38_5_2150
15 0.000982 3 0 PTP 7 7_39_5_2151
12 0.000982 2 24 9
15 0.000982 3 0 PTP 24 24_55_5_2152
15 0.000982 3 0 PTP 24 24_56_5_2153
12 0.000982 2 5 9
15 0.000982 3 0 PTP 5 5_36_5_2154
15 0.000982 3 0 PTP 5 5_37_5_2155
12 0.000982 2 13 9
15 0.000982 3 0 PTP 13 13_44_5_2156
15 0.000982 3 0 PTP 13 13_45_5_2157
12 0.000982 2 4 9
15 0.000982 3 0 PTP 4 4_35_5_2158
15 0.000982 3 0 PTP 4 4_36_5_2159
12 0.000982 2 20 9
15 0.000982 3 0 PTP 20 20_51_5_2160
15 0.000982 3 0 PTP 20 20_52_5_2161
12 0.000982 2 9 9
15 0.000982 3 0 PTP 9 9_40_5_2162
15 0.000982 3 0 PTP 9 9_41_5_2163
12 0.000982 2 25 9
15 0.000982 3 0 PTP 25 25_56_5_2164
15 0.000982 3 0 PTP 25 25_57_5_2165
12 0.000982 2 19 9
15 0.000982 3 0 PTP 19 19_50_5_2166
15 0.000982 3 0 PTP 19 19_51_5_2167
12 0.000982 2 31 9
15 0.000982 3 0 PTP 31 31_62_5_2168
15 0.000982 3 0 PTP 31 31_63_5_2169
16 0.000982 3 0 PTP 18 2_18_4_1759
16 0.000982 3 0 PTP 26 10_26_4_1751
16 0.000982 3 0 PTP 22 6_22_4_1753
16 0.000982 3 0 PTP 30 14_30_4_1761
16 0.000982 3 0 PTP 2 18_2_4_1895
16 0.000982 3 0 PTP 2 17_2_4_2170
13 0.000982 2 2
16 0.000982 3 0 PTP 18 1_18_4_2171
13 0.000982 2 18
16 0.000982 3 0 PTP 10 26_10_4_1897
16 0.000982 3 0 PTP 10 25_10_4_2172
13 0.000982 2 10
16 0.000982 3 0 PTP 26 9_26_4_2173
13 0.000982 2 26
16 0.000982 3 0 PTP 6 22_6_4_1899
16 0.000982 3 0 PTP 6 21_6_4_2174
13 0.000982 2 6
16 0.000982 3 0 PTP 22 5_22_4_2175
13 0.000982 2 22
16 0.000982 3 0 PTP 14 30_14_4_1901
16 0.000982 3 0 PTP 14 29_14_4_2176
13 0.000982 2 14
16 0.000982 3 0 PTP 30 13_30_4_2177
13 0.000982 2 30
12 0.000983 2 26 9
15 0.000983 3 0 PTP 26 26_57_5_2178
15 0.000983 3 0 PTP 26 26_58_5_2179
12 0.000983 2 6 9
15 0.000983 3 0 PTP 6 6_37_5_2180
15 0.000983 3 0 PTP 6 6_38_5_2181
12 0.000983 2 30 9
15 0.000983 3 0 PTP 30 30_61_5_2182
15 0.000983 3 0 PTP 30 30_62_5_2183
12 0.000983 2 8 9
15 0.000983 3 0 PTP 8 8_39_5_2184
15 0.000983 3 0 PTP 8 8_40_5_2185
12 0.000983 2 12 9
15 0.000983 3 0 PTP 12 12_43_5_2186
15 0.000983 3 0 PTP 12 12_44_5_2187
12 0.000983 2 28 9
15 0.000983 3 0 PTP 28 28_59_5_2188
15 0.000983 3 0 PTP 28 28_60_5_2189
12 0.000983 2 1 9
15 0.000983 3 0 PTP 1 1_32_5_2190
15 0.000983 3 0 PTP 1 1_33_5_2191
12 0.000983 2 27 9
15 0.000983 3 0 PTP 27 27_58_5_2192
15 0.000983 3 0 PTP 27 27_59_5_2193
12 0.000983 2 23 9
15 0.000983 3 0 PTP 23 23_54_5_2194
15 0.000983 3 0 PTP 23 23_55_5_2195
12 0.000984 2 2 9
15 0.000984 3 0 PTP 2 2_33_5_2196
15 0.000984 3 0 PTP 2 2_34_5_2197
12 0.000984 2 18 9
15 0.000984 3 0 PTP 18 18_49_5_2198
15 0.000984 3 0 PTP 18 18_50_5_2199
12 0.000984 2 10 9
15 0.000984 3 0 PTP 10 10_41_5_2200
15 0.000984 3 0 PTP 10 10_42_5_2201
12 0.000984 2 22 9
15 0.000984 3 0 PTP 22 22_53_5_2202
15 0.000984 3 0 PTP 22 22_54_5_2203
12 0.000984 2 14 9
15 0.000984 3 0 PTP 14 14_45_5_2204
15 0.000984 3 0 PTP 14 14_46_5_2205
16 0.000991 3 0 PTP 94 78_94_4_1863
16 0.000991 3 0 PTP 84 68_84_4_1913
16 0.000991 3 0 PTP 83 67_83_4_1849
16 0.000991 3 0 PTP 49 33_49_4_1909
16 0.000991 3 0 PTP 78 94_78_4_1929
16 0.000991 3 0 PTP 78 93_78_4_2206
13 0.000991 2 78
16 0.000991 3 0 PTP 94 77_94_4_2207
13 0.000991 2 94
16 0.000991 3 0 PTP 68 84_68_4_1931
16 0.000991 3 0 PTP 68 83_68_4_2208
13 0.000991 2 68
16 0.000991 3 0 PTP 84 67_84_4_2209
13 0.000991 2 84
16 0.000991 3 0 PTP 67 83_67_4_1933
16 0.000991 3 0 PTP 67 82_67_4_2210
13 0.000991 2 67
16 0.000991 3 0 PTP 83 66_83_4_2211
13 0.000991 2 83
16 0.000991 3 0 PTP 33 49_33_4_1935
16 0.000991 3 0 PTP 33 48_33_4_2212
13 0.000991 2 33
16 0.000991 3 0 PTP 49 32_49_4_2213
13 0.000991 2 49
12 0.000992 2 94 9
15 0.000992 3 0 PTP 94 94_125_5_2214
15 0.000992 3 0 PTP 94 94_126_5_2215
12 0.000992 2 68 9
15 0.000992 3 0 PTP 68 68_99_5_2216
15 0.000992 3 0 PTP 68 68_100_5_2217
12 0.000992 2 33 9
15 0.000992 3 0 PTP 33 33_0_5_2218
15 0.000992 3 0 PTP 33 33_1_5_2219
16 0.000992 3 0 PTP 86 70_86_4_1811
16 0.000992 3 0 PTP 88 72_88_4_1853
16 0.000992 3 0 PTP 96 80_96_4_1855
16 0.000992 3 0 PTP 91 75_91_4_1889
16 0.000992 3 0 PTP 57 41_57_4_1911
16 0.000992 3 0 PTP 89 73_89_4_1815
16 0.000992 3 0 PTP 93 77_93_4_1847
16 0.000992 3 0 PTP 87 71_87_4_1891
16 0.000992 3 0 PTP 95 79_95_4_1893
16 0.000992 3 0 PTP 61 45_61_4_1851
16 0.000992 3 0 PTP 59 43_59_4_1883
16 0.000992 3 0 PTP 70 86_70_4_1949
16 0.000992 3 0 PTP 70 85_70_4_2220
13 0.000992 2 70
16 0.000992 3 0 PTP 86 69_86_4_2221
13 0.000992 2 86
16 0.000992 3 0 PTP 72 88_72_4_1951
16 0.000992 3 0 PTP 72 87_72_4_2222
13 0.000992 2 72
16 0.000992 3 0 PTP 88 71_88_4_2223
13 0.000992 2 88
16 0.000992 3 0 PTP 80 96_80_4_1953
16 0.000992 3 0 PTP 80 95_80_4_2224
13 0.000992 2 80
16 0.000992 3 0 PTP 96 79_96_4_2225
13 0.000992 2 96
16 0.000992 3 0 PTP 75 91_75_4_1955
16 0.000992 3 0 PTP 75 90_75_4_2226
13 0.000992 2 75
16 0.000992 3 0 PTP 91 74_91_4_2227
13 0.000992 2 91
16 0.000992 3 0 PTP 41 57_41_4_1957
16 0.000992 3 0 PTP 41 56_41_4_2228
13 0.000992 2 41
16 0.000992 3 0 PTP 57 40_57_4_2229
13 0.000992 2 57
16 0.000992 3 0 PTP 73 89_73_4_1959
16 0.000992 3 0 PTP 73 88_73_4_2230
13 0.000992 2 73
16 0.000992 3 0 PTP 89 72_89_4_2231
13 0.000992 2 89
16 0.000992 3 0 PTP 77 93_77_4_1961
16 0.000992 3 0 PTP 77 92_77_4_2232
13 0.000992 2 77
16 0.000992 3 0 PTP 93 76_93_4_2233
13 0.000992 2 93
16 0.000992 3 0 PTP 71 87_71_4_1963
16 0.000992 3 0 PTP 71 86_71_4_2234
13 0.000992 2 71
16 0.000992 3 0 PTP 87 70_87_4_2235
13 0.000992 2 87
16 0.000992 3 0 PTP 79 95_79_4_1965
16 0.000992 3 0 PTP 79 94_79_4_2236
13 0.000992 2 79
16 0.000992 3 0 PTP 95 78_95_4_2237
13 0.000992 2 95
16 0.000992 3 0 PTP 45 61_45_4_1967
16 0.000992 3 0 PTP 45 60_45_4_2238
13 0.000992 2 45
16 0.000992 3 0 PTP 61 44_61_4_2239
13 0.000992 2 61
16 0.000992 3 0 PTP 43 59_43_4_1969
16 0.000992 3 0 PTP 43 58_43_4_2240
13 0.000992 2 43
16 0.000992 3 0 PTP 59 42_59_4_2241
13 0.000992 2 59
12 0.000993 2 88 9
15 0.000993 3 0 PTP 88 88_119_5_2242
15 0.000993 3 0 PTP 88 88_120_5_2243
12 0.000993 2 80 9
15 0.000993 3 0 PTP 80 80_111_5_2244
15 0.000993 3 0 PTP 80 80_112_5_2245
12 0.000993 2 91 9
15 0.000993 3 0 PTP 91 91_122_5_2246
15 0.000993 3 0 PTP 91 91_123_5_2247
12 0.000993 2 73 9
15 0.000993 3 0 PTP 73 73_104_5_2248
15 0.000993 3 0 PTP 73 73_105_5_2249
12 0.000993 2 93 9
15 0.000993 3 0 PTP 93 93_124_5_2250
15 0.000993 3 0 PTP 93 93_125_5_2251
12 0.000993 2 87 9
15 0.000993 3 0 PTP 87 87_118_5_2252
15 0.000993 3 0 PTP 87 87_119_5_2253
12 0.000993 2 45 9
15 0.000993 3 0 PTP 45 45_12_5_2254
15 0.000993 3 0 PTP 45 45_13_5_2255
12 0.000993 2 78 9
15 0.000993 3 0 PTP 78 78_109_5_2256
15 0.000993 3 0 PTP 78 78_110_5_2257
12 0.000993 2 84 9
15 0.000993 3 0 PTP 84 84_115_5_2258
15 0.000993 3 0 PTP 84 84_116_5_2259
12 0.000993 2 67 9
15 0.000993 3 0 PTP 67 67_98_5_2260
15 0.000993 3 0 PTP 67 67_99_5_2261
12 0.000993 2 83 9
15 0.000993 3 0 PTP 83 83_114_5_2262
15 0.000993 3 0 PTP 83 83_115_5_2263
12 0.000993 2 49 9
15 0.000993 3 0 PTP 49 49_16_5_2264
15 0.000993 3 0 PTP 49 49_17_5_2265
16 0.000993 3 0 PTP 92 76_92_4_1877
16 0.000993 3 0 PTP 56 40_56_4_1879
16 0.000993 3 0 PTP 90 74_90_4_1809
16 0.000993 3 0 PTP 81 65_81_4_1867
16 0.000993 3 0 PTP 85 69_85_4_1887
16 0.000993 3 0 PTP 53 37_53_4_1907
16 0.000993 3 0 PTP 51 35_51_4_1843
16 0.000993 3 0 PTP 76 92_76_4_1989
16 0.000993 3 0 PTP 76 91_76_4_2266
13 0.000993 2 76
16 0.000993 3 0 PTP 92 75_92_4_2267
13 0.000993 2 92
16 0.000993 3 0 PTP 40 56_40_4_1993
16 0.000993 3 0 PTP 40 55_40_4_2268
13 0.000993 2 40
16 0.000993 3 0 PTP 56 39_56_4_2269
13 0.000993 2 56
16 0.000993 3 0 PTP 74 90_74_4_1995
16 0.000993 3 0 PTP 74 89_74_4_2270
13 0.000993 2 74
16 0.000993 3 0 PTP 90 73_90_4_2271
13 0.000993 2 90
16 0.000993 3 0 PTP 65 81_65_4_1997
16 0.000993 3 0 PTP 65 80_65_4_2272
13 0.000993 2 65
16 0.000993 3 0 PTP 81 64_81_4_2273
13 0.000993 2 81
16 0.000993 3 0 PTP 69 85_69_4_1999
16 0.000993 3 0 PTP 69 84_69_4_2274
13 0.000993 2 69
16 0.000993 3 0 PTP 85 68_85_4_2275
13 0.000993 2 85
16 0.000993 3 0 PTP 37 53_37_4_2001
16 0.000993 3 0 PTP 37 52_37_4_2276
13 0.000993 2 37
16 0.000993 3 0 PTP 53 36_53_4_2277
13 0.000993 2 53
16 0.000993 3 0 PTP 35 51_35_4_2003
16 0.000993 3 0 PTP 35 50_35_4_2278
13 0.000993 2 35
16 0.000993 3 0 PTP 51 34_51_4_2279
13 0.000993 2 51
12 0.000994 2 56 9
15 0.000994 3 0 PTP 56 56_23_5_2280
15 0.000994 3 0 PTP 56 56_24_5_2281
12 0.000994 2 90 9
15 0.000994 3 0 PTP 90 90_121_5_2282
15 0.000994 3 0 PTP 90 90_122_5_2283
12 0.000994 2 65 9
15 0.000994 3 0 PTP 65 65_96_5_2284
15 0.000994 3 0 PTP 65 65_97_5_2285
12 0.000994 2 69 9
15 0.000994 3 0 PTP 69 69_100_5_2286
15 0.000994 3 0 PTP 69 69_101_5_2287
12 0.000994 2 85 9
15 0.000994 3 0 PTP 85 85_116_5_2288
15 0.000994 3 0 PTP 85 85_117_5_2289
12 0.000994 2 37 9
15 0.000994 3 0 PTP 37 37_4_5_2290
15 0.000994 3 0 PTP 37 37_5_5_2291
12 0.000994 2 86 9
15 0.000994 3 0 PTP 86 86_117_5_2292
15 0.000994 3 0 PTP 86 86_118_5_2293
12 0.000994 2 72 9
15 0.000994 3 0 PTP 72 72_103_5_2294
15 0.000994 3 0 PTP 72 72_104_5_2295
12 0.000994 2 96 9
15 0.000994 3 0 PTP 96 96_127_5_2296
15 0.000994 3 0 PTP 96 96_128_5_2297
12 0.000994 2 75 9
15 0.000994 3 0 PTP 75 75_106_5_2298
15 0.000994 3 0 PTP 75 75_107_5_2299
12 0.000994 2 41 9
15 0.000994 3 0 PTP 41 41_8_5_2300
15 0.000994 3 0 PTP 41 41_9_5_2301
12 0.000994 2 57 9
15 0.000994 3 0 PTP 57 57_24_5_2302
15 0.000994 3 0 PTP 57 57_25_5_2303
12 0.000994 2 89 9
15 0.000994 3 0 PTP 89 89_120_5_2304
15 0.000994 3 0 PTP 89 89_121_5_2305
12 0.000994 2 77 9
15 0.000994 3 0 PTP 77 77_108_5_2306
15 0.000994 3 0 PTP 77 77_109_5_2307
12 0.000994 2 79 9
15 0.000994 3 0 PTP 79 79_110_5_2308
15 0.000994 3 0 PTP 79 79_111_5_2309
12 0.000994 2 95 9
15 0.000994 3 0 PTP 95 95_126_5_2310
15 0.000994 3 0 PTP 95 95_127_5_2311
12 0.000994 2 61 9
15 0.000994 3 0 PTP 61 61_28_5_2312
15 0.000994 3 0 PTP 61 61_29_5_2313
12 0.000994 2 43 9
15 0.000994 3 0 PTP 43 43_10_5_2314
15 0.000994 3 0 PTP 43 43_11_5_2315
12 0.000994 2 59 9
15 0.000994 3 0 PTP 59 59_26_5_2316
15 0.000994 3 0 PTP 59 59_27_5_2317
16 0.000994 3 0 PTP 82 66_82_4_1861
16 0.000994 3 0 PTP 52 36_52_4_1865
16 0.000994 3 0 PTP 60 44_60_4_1813
16 0.000994 3 0 PTP 64 48_64_4_1881
16 0.000994 3 0 PTP 55 39_55_4_1845
16 0.000994 3 0 PTP 63 47_63_4_1885
16 0.000994 3 0 PTP 54 38_54_4_1917
16 0.000994 3 0 PTP 62 46_62_4_1915
16 0.000994 3 0 PTP 66 82_66_4_2011
16 0.000994 3 0 PTP 66 81_66_4_2318
13 0.000994 2 66
16 0.000994 3 0 PTP 82 65_82_4_2319
13 0.000994 2 82
16 0.000994 3 0 PTP 36 52_36_4_2019
16 0.000994 3 0 PTP 36 51_36_4_2320
13 0.000994 2 36
16 0.000994 3 0 PTP 52 35_52_4_2321
13 0.000994 2 52
16 0.000994 3 0 PTP 44 60_44_4_2021
16 0.000994 3 0 PTP 44 59_44_4_2322
13 0.000994 2 44
16 0.000994 3 0 PTP 60 43_60_4_2323
13 0.000994 2 60
16 0.000994 3 0 PTP 48 64_48_4_2023
16 0.000994 3 0 PTP 48 63_48_4_2324
13 0.000994 2 48
16 0.000994 3 0 PTP 64 47_64_4_2325
13 0.000994 2 64
16 0.000994 3 0 PTP 39 55_39_4_2025
16 0.000994 3 0 PTP 39 54_39_4_2326
13 0.000994 2 39
16 0.000994 3 0 PTP 55 38_55_4_2327
13 0.000994 2 55
16 0.000994 3 0 PTP 47 63_47_4_2027
16 0.000994 3 0 PTP 47 62_47_4_2328
13 0.000994 2 47
16 0.000994 3 0 PTP 63 46_63_4_2329
13 0.000994 2 63
16 0.000994 3 0 PTP 38 54_38_4_2029
16 0.000994 3 0 PTP 38 53_38_4_2330
13 0.000994 2 38
16 0.000994 3 0 PTP 54 37_54_4_2331
13 0.000994 2 54
16 0.000994 3 0 PTP 46 62_46_4_2031
16 0.000994 3 0 PTP 46 61_46_4_2332
13 0.000994 2 46
16 0.000994 3 0 PTP 62 45_62_4_2333
13 0.000994 2 62
12 0.000995 2 60 9
15 0.000995 3 0 PTP 60 60_27_5_2334
15 0.000995 3 0 PTP 60 60_28_5_2335
12 0.000995 2 39 9
15 0.000995 3 0 PTP 39 39_6_5_2336
15 0.000995 3 0 PTP 39 39_7_5_2337
12 0.000995 2 55 9
15 0.000995 3 0 PTP 55 55_22_5_2338
15 0.000995 3 0 PTP 55 55_23_5_2339
12 0.000995 2 62 9
15 0.000995 3 0 PTP 62 62_29_5_2340
15 0.000995 3 0 PTP 62 62_30_5_2341
12 0.000995 2 70 9
15 0.000995 3 0 PTP 70 70_101_5_2342
15 0.000995 3 0 PTP 70 70_102_5_2343
12 0.000995 2 92 9
15 0.000995 3 0 PTP 92 92_123_5_2344
15 0.000995 3 0 PTP 92 92_124_5_2345
12 0.000995 2 40 9
15 0.000995 3 0 PTP 40 40_7_5_2346
15 0.000995 3 0 PTP 40 40_8_5_2347
12 0.000995 2 74 9
15 0.000995 3 0 PTP 74 74_105_5_2348
15 0.000995 3 0 PTP 74 74_106_5_2349
12 0.000995 2 81 9
15 0.000995 3 0 PTP 81 81_112_5_2350
15 0.000995 3 0 PTP 81 81_113_5_2351
12 0.000995 2 53 9
15 0.000995 3 0 PTP 53 53_20_5_2352
15 0.000995 3 0 PTP 53 53_21_5_2353
12 0.000995 2 35 9
15 0.000995 3 0 PTP 35 35_2_5_2354
15 0.000995 3 0 PTP 35 35_3_5_2355
12 0.000995 2 51 9
15 0.000995 3 0 PTP 51 51_18_5_2356
15 0.000995 3 0 PTP 51 51_19_5_2357
16 0.000995 3 0 PTP 58 42_58_4_1905
16 0.000995 3 0 PTP 42 58_42_4_2053
16 0.000995 3 0 PTP 42 57_42_4_2358
13 0.000995 2 42
16 0.000995 3 0 PTP 58 41_58_4_2359
13 0.000995 2 58
12 0.000996 2 76 9
15 0.000996 3 0 PTP 76 76_107_5_2360
15 0.000996 3 0 PTP 76 76_108_5_2361
12 0.000996 2 82 9
15 0.000996 3 0 PTP 82 82_113_5_2362
15 0.000996 3 0 PTP 82 82_114_5_2363
12 0.000996 2 36 9
15 0.000996 3 0 PTP 36 36_3_5_2364
15 0.000996 3 0 PTP 36 36_4_5_2365
12 0.000996 2 52 9
15 0.000996 3 0 PTP 52 52_19_5_2366
15 0.000996 3 0 PTP 52 52_20_5_2367
12 0.000996 2 44 9
15 0.000996 3 0 PTP 44 44_11_5_2368
15 0.000996 3 0 PTP 44 44_12_5_2369
12 0.000996 2 48 9
15 0.000996 3 0 PTP 48 48_15_5_2370
15 0.000996 3 0 PTP 48 48_16_5_2371
12 0.000996 2 64 9
15 0.000996 3 0 PTP 64 64_31_5_2372
15 0.000996 3 0 PTP 64 64_32_5_2373
12 0.000996 2 47 9
15 0.000996 3 0 PTP 47 47_14_5_2374
15 0.000996 3 0 PTP 47 47_15_5_2375
12 0.000996 2 63 9
15 0.000996 3 0 PTP 63 63_30_5_2376
15 0.000996 3 0 PTP 63 63_31_5_2377
12 0.000996 2 38 9
15 0.000996 3 0 PTP 38 38_5_5_2378
15 0.000996 3 0 PTP 38 38_6_5_2379
12 0.000996 2 54 9
15 0.000996 3 0 PTP 54 54_21_5_2380
15 0.000996 3 0 PTP 54 54_22_5_2381
12 0.000996 2 46 9
15 0.000996 3 0 PTP 46 46_13_5_2382
15 0.000996 3 0 PTP 46 46_14_5_2383
12 0.000996 2 71 9
15 0.000996 3 0 PTP 71 71_102_5_2384
15 0.000996 3 0 PTP 71 71_103_5_2385
12 0.000997 2 66 9
15 0.000997 3 0 PTP 66 66_97_5_2386
15 0.000997 3 0 PTP 66 66_98_5_2387
12 0.000997 2 42 9
15 0.000997 3 0 PTP 42 42_9_5_2388
15 0.000997 3 0 PTP 42 42_10_5_2389
12 0.000997 2 58 9
15 0.000997 3 0 PTP 58 58_25_5_2390
15 0.000997 3 0 PTP 58 58_26_5_2391
16 0.000997 3 0 PTP 50 34_50_4_1903
16 0.000997 3 0 PTP 34 50_34_4_2061
16 0.000997 3 0 PTP 34 49_34_4_2392
13 0.000997 2 34
16 0.000997 3 0 PTP 50 33_50_4_2393
13 0.000997 2 50
12 0.000998 2 34 9
15 0.000998 3 0 PTP 34 34_1_5_2394
15 0.000998 3 0 PTP 34 34_2_5_2395
12 0.000999 2 50 9
15 0.000999 3 0 PTP 50 50_17_5_2396
15 0.000999 3 0 PTP 50 50_18_5_2397
16 0.001001 3 0 PTP 117 101_117_4_2015
16 0.001001 3 0 PTP 125 109_125_4_2017
16 0.001001 3 0 PTP 114 98_114_4_2057
16 0.001001 3 0 PTP 122 106_122_4_2059
16 0.001001 3 0 PTP 126 110_126_4_2045
16 0.001001 3 0 PTP 127 111_127_4_2051
16 0.001001 3 0 PTP 101 117_101_4_2073
16 0.001001 3 0 PTP 101 116_101_4_2398
13 0.001001 2 101
16 0.001001 3 0 PTP 117 100_117_4_2399
13 0.001001 2 117
16 0.001001 3 0 PTP 109 125_109_4_2075
16 0.001001 3 0 PTP 109 124_109_4_2400
13 0.001001 2 109
16 0.001001 3 0 PTP 125 108_125_4_2401
13 0.001001 2 125
16 0.001001 3 0 PTP 98 114_98_4_2077
16 0.001001 3 0 PTP 98 113_98_4_2402
13 0.001001 2 98
16 0.001001 3 0 PTP 114 97_114_4_2403
13 0.001001 2 114
16 0.001001 3 0 PTP 106 122_106_4_2079
16 0.001001 3 0 PTP 106 121_106_4_2404
13 0.001001 2 106
16 0.001001 3 0 PTP 122 105_122_4_2405
13 0.001001 2 122
16 0.001001 3 0 PTP 110 126_110_4_2081
16 0.001001 3 0 PTP 110 125_110_4_2406
13 0.001001 2 110
16 0.001001 3 0 PTP 126 109_126_4_2407
13 0.001001 2 126
16 0.001001 3 0 PTP 111 127_111_4_2083
16 0.001001 3 0 PTP 111 126_111_4_2408
13 0.001001 2 111
16 0.001001 3 0 PTP 127 110_127_4_2409
13 0.001001 2 127
12 0.001002 2 117 9
15 0.001002 3 0 PTP 117 117_84_5_2410
15 0.001002 3 0 PTP 117 117_85_5_2411
12 0.001002 2 109 9
15 0.001002 3 0 PTP 109 109_76_5_2412
15 0.001002 3 0 PTP 109 109_77_5_2413
12 0.001002 2 125 9
15 0.001002 3 0 PTP 125 125_92_5_2414
15 0.001002 3 0 PTP 125 125_93_5_2415
12 0.001002 2 98 9
15 0.001002 3 0 PTP 98 98_65_5_2416
15 0.001002 3 0 PTP 98 98_66_5_2417
12 0.001002 2 114 9
15 0.001002 3 0 PTP 114 114_81_5_2418
15 0.001002 3 0 PTP 114 114_82_5_2419
12 0.001002 2 127 9
15 0.001002 3 0 PTP 127 127_94_5_2420
15 0.001002 3 0 PTP 127 127_95_5_2421
16 0.001002 3 0 PTP 113 97_113_4_2013
16 0.001002 3 0 PTP 118 102_118_4_2055
16 0.001002 3 0 PTP 116 100_116_4_1984
16 0.001002 3 0 PTP 124 108_124_4_2033
16 0.001002 3 0 PTP 119 103_119_4_2039
16 0.001002 3 0 PTP 97 113_97_4_2091
16 0.001002 3 0 PTP 97 112_97_4_2422
13 0.001002 2 97
16 0.001002 3 0 PTP 113 96_113_4_2423
13 0.001002 2 113
16 0.001002 3 0 PTP 102 118_102_4_2093
16 0.001002 3 0 PTP 102 117_102_4_2424
13 0.001002 2 102
16 0.001002 3 0 PTP 118 101_118_4_2425
13 0.001002 2 118
16 0.001002 3 0 PTP 100 116_100_4_2095
16 0.001002 3 0 PTP 100 115_100_4_2426
13 0.001002 2 100
16 0.001002 3 0 PTP 116 99_116_4_2427
13 0.001002 2 116
16 0.001002 3 0 PTP 108 124_108_4_2097
16 0.001002 3 0 PTP 108 123_108_4_2428
13 0.001002 2 108
16 0.001002 3 0 PTP 124 107_124_4_2429
13 0.001002 2 124
16 0.001002 3 0 PTP 103 119_103_4_2099
16 0.001002 3 0 PTP 103 118_103_4_2430
13 0.001002 2 103
16 0.001002 3 0 PTP 119 102_119_4_2431
13 0.001002 2 119
12 0.001003 2 119 9
15 0.001003 3 0 PTP 119 119_86_5_2432
15 0.001003 3 0 PTP 119 119_87_5_2433
12 0.001003 2 101 9
15 0.001003 3 0 PTP 101 101_68_5_2434
15 0.001003 3 0 PTP 101 101_69_5_2435
12 0.001003 2 106 9
15 0.001003 3 0 PTP 106 106_73_5_2436
15 0.001003 3 0 PTP 106 106_74_5_2437
12 0.001003 2 122 9
15 0.001003 3 0 PTP 122 122_89_5_2438
15 0.001003 3 0 PTP 122 122_90_5_2439
12 0.001003 2 110 9
15 0.001003 3 0 PTP 110 110_77_5_2440
15 0.001003 3 0 PTP 110 110_78_5_2441
12 0.001003 2 126 9
15 0.001003 3 0 PTP 126 126_93_5_2442
15 0.001003 3 0 PTP 126 126_94_5_2443
12 0.001003 2 111 9
15 0.001003 3 0 PTP 111 111_78_5_2444
15 0.001003 3 0 PTP 111 111_79_5_2445
16 0.001003 3 0 PTP 120 104_120_4_2047
16 0.001003 3 0 PTP 128 112_128_4_2049
16 0.001003 3 0 PTP 115 99_115_4_2035
16 0.001003 3 0 PTP 123 107_123_4_2037
16 0.001003 3 0 PTP 104 120_104_4_2101
16 0.001003 3 0 PTP 104 119_104_4_2446
13 0.001003 2 104
16 0.001003 3 0 PTP 120 103_120_4_2447
13 0.001003 2 120
16 0.001003 3 0 PTP 112 128_112_4_2103
16 0.001003 3 0 PTP 112 127_112_4_2448
13 0.001003 2 112
16 0.001003 3 0 PTP 128 111_128_4_2449
13 0.001003 2 128
16 0.001003 3 0 PTP 99 115_99_4_2105
16 0.001003 3 0 PTP 99 114_99_4_2450
13 0.001003 2 99
16 0.001003 3 0 PTP 115 98_115_4_2451
13 0.001003 2 115
16 0.001003 3 0 PTP 107 123_107_4_2107
16 0.001003 3 0 PTP 107 122_107_4_2452
13 0.001003 2 107
16 0.001003 3 0 PTP 123 106_123_4_2453
13 0.001003 2 123
12 0.001004 2 123 9
15 0.001004 3 0 PTP 123 123_90_5_2454
15 0.001004 3 0 PTP 123 123_91_5_2455
12 0.001004 2 97 9
15 0.001004 3 0 PTP 97 97_64_5_2456
15 0.001004 3 0 PTP 97 97_65_5_2457
12 0.001004 2 113 9
15 0.001004 3 0 PTP 113 113_80_5_2458
15 0.001004 3 0 PTP 113 113_81_5_2459
12 0.001004 2 102 9
15 0.001004 3 0 PTP 102 102_69_5_2460
15 0.001004 3 0 PTP 102 102_70_5_2461
12 0.001004 2 118 9
15 0.001004 3 0 PTP 118 118_85_5_2462
15 0.001004 3 0 PTP 118 118_86_5_2463
12 0.001004 2 100 9
15 0.001004 3 0 PTP 100 100_67_5_2464
15 0.001004 3 0 PTP 100 100_68_5_2465
12 0.001004 2 116 9
15 0.001004 3 0 PTP 116 116_83_5_2466
15 0.001004 3 0 PTP 116 116_84_5_2467
12 0.001004 2 108 9
15 0.001004 3 0 PTP 108 108_75_5_2468
15 0.001004 3 0 PTP 108 108_76_5_2469
12 0.001004 2 124 9
15 0.001004 3 0 PTP 124 124_91_5_2470
15 0.001004 3 0 PTP 124 124_92_5_2471
12 0.001004 2 103 9
15 0.001004 3 0 PTP 103 103_70_5_2472
15 0.001004 3 0 PTP 103 103_71_5_2473
16 0.001004 3 0 PTP 121 105_121_4_1991
16 0.001004 3 0 PTP 105 121_105_4_2109
16 0.001004 3 0 PTP 105 120_105_4_2474
13 0.001004 2 105
16 0.001004 3 0 PTP 121 104_121_4_2475
13 0.001004 2 121
12 0.001005 2 121 9
15 0.001005 3 0 PTP 121 121_88_5_2476
15 0.001005 3 0 PTP 121 121_89_5_2477
12 0.001005 2 104 9
15 0.001005 3 0 PTP 104 104_71_5_2478
15 0.001005 3 0 PTP 104 104_72_5_2479
12 0.001005 2 120 9
15 0.001005 3 0 PTP 120 120_87_5_2480
15 0.001005 3 0 PTP 120 120_88_5_2481
12 0.001005 2 112 9
15 0.001005 3 0 PTP 112 112_79_5_2482
15 0.001005 3 0 PTP 112 112_80_5_2483
12 0.001005 2 128 9
15 0.001005 3 0 PTP 128 128_95_5_2484
15 0.001005 3 0 PTP 128 128_96_5_2485
12 0.001005 2 99 9
15 0.001005 3 0 PTP 99 99_66_5_2486
15 0.001005 3 0 PTP 99 99_67_5_2487
12 0.001005 2 115 9
15 0.001005 3 0 PTP 115 115_82_5_2488
15 0.001005 3 0 PTP 115 115_83_5_2489
12 0.001005 2 107 9
15 0.001005 3 0 PTP 107 107_74_5_2490
15 0.001005 3 0 PTP 107 107_75_5_2491
12 0.001006 2 105 9
15 0.001006 3 0 PTP 105 105_72_5_2492
15 0.001006 3 0 PTP 105 105_73_5_2493
16 0.001180 3 0 PTP 33 1_33_5_2191
16 0.001180 3 0 PTP 1 33_1_5_2219
16 0.001180 3 0 PTP 1 32_1_5_2494
13 0.001180 2 1
16 0.001180 3 0 PTP 33 0_33_5_2495
13 0.001180 2 33
16 0.001181 3 0 PTP 45 13_45_5_2157
16 0.001181 3 0 PTP 49 17_49_5_2147
16 0.001181 3 0 PTP 13 45_13_5_2255
16 0.001181 3 0 PTP 13 44_13_5_2496
13 0.001181 2 13
16 0.001181 3 0 PTP 45 12_45_5_2497
13 0.001181 2 45
16 0.001181 3 0 PTP 17 49_17_5_2265
16 0.001181 3 0 PTP 17 48_17_5_2498
13 0.001181 2 17
16 0.001181 3 0 PTP 49 16_49_5_2499
13 0.001181 2 49
12 0.001182 2 45 9
15 0.001182 3 0 PTP 45 45_108_6_2500
15 0.001182 3 0 PTP 45 45_109_6_2501
12 0.001182 2 1 9
15 0.001182 3 0 PTP 1 1_64_6_2502
15 0.001182 3 0 PTP 1 1_65_6_2503
12 0.001182 2 33 9
15 0.001182 3 0 PTP 33 33_96_6_2504
15 0.001182 3 0 PTP 33 33_97_6_2505
16 0.001182 3 0 PTP 56 24_56_5_2153
16 0.001182 3 0 PTP 37 5_37_5_2155
16 0.001182 3 0 PTP 41 9_41_5_2163
16 0.001182 3 0 PTP 57 25_57_5_2165
16 0.001182 3 0 PTP 61 29_61_5_2129
16 0.001182 3 0 PTP 43 11_43_5_2149
16 0.001182 3 0 PTP 59 27_59_5_2193
16 0.001182 3 0 PTP 24 56_24_5_2281
16 0.001182 3 0 PTP 24 55_24_5_2506
13 0.001182 2 24
16 0.001182 3 0 PTP 56 23_56_5_2507
13 0.001182 2 56
16 0.001182 3 0 PTP 5 37_5_5_2291
16 0.001182 3 0 PTP 5 36_5_5_2508
13 0.001182 2 5
16 0.001182 3 0 PTP 37 4_37_5_2509
13 0.001182 2 37
16 0.001182 3 0 PTP 9 41_9_5_2301
16 0.001182 3 0 PTP 9 40_9_5_2510
13 0.001182 2 9
16 0.001182 3 0 PTP 41 8_41_5_2511
13 0.001182 2 41
16 0.001182 3 0 PTP 25 57_25_5_2303
16 0.001182 3 0 PTP 25 56_25_5_2512
13 0.001182 2 25
16 0.001182 3 0 PTP 57 24_57_5_2513
13 0.001182 2 57
16 0.001182 3 0 PTP 29 61_29_5_2313
16 0.001182 3 0 PTP 29 60_29_5_2514
13 0.001182 2 29
16 0.001182 3 0 PTP 61 28_61_5_2515
13 0.001182 2 61
16 0.001182 3 0 PTP 11 43_11_5_2315
16 0.001182 3 0 PTP 11 42_11_5_2516
13 0.001182 2 11
16 0.001182 3 0 PTP 43 10_43_5_2517
13 0.001182 2 43
16 0.001182 3 0 PTP 27 59_27_5_2317
16 0.001182 3 0 PTP 27 58_27_5_2518
13 0.001182 2 27
16 0.001182 3 0 PTP 59 26_59_5_2519
13 0.001182 2 59
12 0.001183 2 24 9
15 0.001183 3 0 PTP 24 24_87_6_2520
15 0.001183 3 0 PTP 24 24_88_6_2521
12 0.001183 2 56 9
15 0.001183 3 0 PTP 56 56_119_6_2522
15 0.001183 3 0 PTP 56 56_120_6_2523
12 0.001183 2 41 9
15 0.001183 3 0 PTP 41 41_104_6_2524
15 0.001183 3 0 PTP 41 41_105_6_2525
12 0.001183 2 61 9
15 0.001183 3 0 PTP 61 61_124_6_2526
15 0.001183 3 0 PTP 61 61_125_6_2527
12 0.001183 2 59 9
15 0.001183 3 0 PTP 59 59_122_6_2528
15 0.001183 3 0 PTP 59 59_123_6_2529
12 0.001183 2 13 9
15 0.001183 3 0 PTP 13 13_76_6_2530
15 0.001183 3 0 PTP 13 13_77_6_2531
12 0.001183 2 17 9
15 0.001183 3 0 PTP 17 17_80_6_2532
15 0.001183 3 0 PTP 17 17_81_6_2533
12 0.001183 2 49 9
15 0.001183 3 0 PTP 49 49_112_6_2534
15 0.001183 3 0 PTP 49 49_113_6_2535
16 0.001183 3 0 PTP 60 28_60_5_2189
16 0.001183 3 0 PTP 39 7_39_5_2151
16 0.001183 3 0 PTP 55 23_55_5_2195
16 0.001183 3 0 PTP 62 30_62_5_2183
16 0.001183 3 0 PTP 40 8_40_5_2185
16 0.001183 3 0 PTP 53 21_53_5_2127
16 0.001183 3 0 PTP 35 3_35_5_2131
16 0.001183 3 0 PTP 51 19_51_5_2167
16 0.001183 3 0 PTP 28 60_28_5_2335
16 0.001183 3 0 PTP 28 59_28_5_2536
13 0.001183 2 28
16 0.001183 3 0 PTP 60 27_60_5_2537
13 0.001183 2 60
16 0.001183 3 0 PTP 7 39_7_5_2337
16 0.001183 3 0 PTP 7 38_7_5_2538
13 0.001183 2 7
16 0.001183 3 0 PTP 39 6_39_5_2539
13 0.001183 2 39
16 0.001183 3 0 PTP 23 55_23_5_2339
16 0.001183 3 0 PTP 23 54_23_5_2540
13 0.001183 2 23
16 0.001183 3 0 PTP 55 22_55_5_2541
13 0.001183 2 55
16 0.001183 3 0 PTP 30 62_30_5_2341
16 0.001183 3 0 PTP 30 61_30_5_2542
13 0.001183 2 30
16 0.001183 3 0 PTP 62 29_62_5_2543
13 0.001183 2 62
16 0.001183 3 0 PTP 8 40_8_5_2347
16 0.001183 3 0 PTP 8 39_8_5_2544
13 0.001183 2 8
16 0.001183 3 0 PTP 40 7_40_5_2545
13 0.001183 2 40
16 0.001183 3 0 PTP 21 53_21_5_2353
16 0.001183 3 0 PTP 21 52_21_5_2546
13 0.001183 2 21
16 0.001183 3 0 PTP 53 20_53_5_2547
13 0.001183 2 53
16 0.001183 3 0 PTP 3 35_3_5_2355
16 0.001183 3 0 PTP 3 34_3_5_2548
13 0.001183 2 3
16 0.001183 3 0 PTP 35 2_35_5_2549
13 0.001183 2 35
16 0.001183 3 0 PTP 19 51_19_5_2357
16 0.001183 3 0 PTP 19 50_19_5_2550
13 0.001183 2 19
16 0.001183 3 0 PTP 51 18_51_5_2551
13 0.001183 2 51
12 0.001184 2 60 9
15 0.001184 3 0 PTP 60 60_123_6_2552
15 0.001184 3 0 PTP 60 60_124_6_2553
12 0.001184 2 55 9
15 0.001184 3 0 PTP 55 55_118_6_2554
15 0.001184 3 0 PTP 55 55_119_6_2555
12 0.001184 2 30 9
15 0.001184 3 0 PTP 30 30_93_6_2556
15 0.001184 3 0 PTP 30 30_94_6_2557
12 0.001184 2 8 9
15 0.001184 3 0 PTP 8 8_71_6_2558
15 0.001184 3 0 PTP 8 8_72_6_2559
12 0.001184 2 40 9
15 0.001184 3 0 PTP 40 40_103_6_2560
15 0.001184 3 0 PTP 40 40_104_6_2561
12 0.001184 2 5 9
15 0.001184 3 0 PTP 5 5_68_6_2562
15 0.001184 3 0 PTP 5 5_69_6_2563
12 0.001184 2 37 9
15 0.001184 3 0 PTP 37 37_100_6_2564
15 0.001184 3 0 PTP 37 37_101_6_2565
12 0.001184 2 9 9
15 0.001184 3 0 PTP 9 9_72_6_2566
15 0.001184 3 0 PTP 9 9_73_6_2567
12 0.001184 2 25 9
15 0.001184 3 0 PTP 25 25_88_6_2568
15 0.001184 3 0 PTP 25 25_89_6_2569
12 0.001184 2 57 9
15 0.001184 3 0 PTP 57 57_120_6_2570
15 0.001184 3 0 PTP 57 57_121_6_2571
12 0.001184 2 29 9
15 0.001184 3 0 PTP 29 29_92_6_2572
15 0.001184 3 0 PTP 29 29_93_6_2573
12 0.001184 2 11 9
15 0.001184 3 0 PTP 11 11_74_6_2574
15 0.001184 3 0 PTP 11 11_75_6_2575
12 0.001184 2 43 9
15 0.001184 3 0 PTP 43 43_106_6_2576
15 0.001184 3 0 PTP 43 43_107_6_2577
12 0.001184 2 27 9
15 0.001184 3 0 PTP 27 27_90_6_2578
15 0.001184 3 0 PTP 27 27_91_6_2579
16 0.001184 3 0 PTP 36 4_36_5_2159
16 0.001184 3 0 PTP 52 20_52_5_2161
16 0.001184 3 0 PTP 44 12_44_5_2187
16 0.001184 3 0 PTP 48 16_48_5_2135
16 0.001184 3 0 PTP 64 32_64_5_2137
16 0.001184 3 0 PTP 47 15_47_5_2133
16 0.001184 3 0 PTP 63 31_63_5_2169
16 0.001184 3 0 PTP 38 6_38_5_2181
16 0.001184 3 0 PTP 54 22_54_5_2203
16 0.001184 3 0 PTP 46 14_46_5_2205
16 0.001184 3 0 PTP 4 36_4_5_2365
16 0.001184 3 0 PTP 4 35_4_5_2580
13 0.001184 2 4
16 0.001184 3 0 PTP 36 3_36_5_2581
13 0.001184 2 36
16 0.001184 3 0 PTP 20 52_20_5_2367
16 0.001184 3 0 PTP 20 51_20_5_2582
13 0.001184 2 20
16 0.001184 3 0 PTP 52 19_52_5_2583
13 0.001184 2 52
16 0.001184 3 0 PTP 12 44_12_5_2369
16 0.001184 3 0 PTP 12 43_12_5_2584
13 0.001184 2 12
16 0.001184 3 0 PTP 44 11_44_5_2585
13 0.001184 2 44
16 0.001184 3 0 PTP 16 48_16_5_2371
16 0.001184 3 0 PTP 16 47_16_5_2586
13 0.001184 2 16
16 0.001184 3 0 PTP 48 15_48_5_2587
13 0.001184 2 48
16 0.001184 3 0 PTP 32 64_32_5_2373
16 0.001184 3 0 PTP 32 63_32_5_2588
13 0.001184 2 32
16 0.001184 3 0 PTP 64 31_64_5_2589
13 0.001184 2 64
16 0.001184 3 0 PTP 15 47_15_5_2375
16 0.001184 3 0 PTP 15 46_15_5_2590
13 0.001184 2 15
16 0.001184 3 0 PTP 47 14_47_5_2591
13 0.001184 2 47
16 0.001184 3 0 PTP 31 63_31_5_2377
16 0.001184 3 0 PTP 31 62_31_5_2592
13 0.001184 2 31
16 0.001184 3 0 PTP 63 30_63_5_2593
13 0.001184 2 63
16 0.001184 3 0 PTP 6 38_6_5_2379
16 0.001184 3 0 PTP 6 37_6_5_2594
13 0.001184 2 6
16 0.001184 3 0 PTP 38 5_38_5_2595
13 0.001184 2 38
16 0.001184 3 0 PTP 22 54_22_5_2381
16 0.001184 3 0 PTP 22 53_22_5_2596
13 0.001184 2 22
16 0.001184 3 0 PTP 54 21_54_5_2597
13 0.001184 2 54
16 0.001184 3 0 PTP 14 46_14_5_2383
16 0.001184 3 0 PTP 14 45_14_5_2598
13 0.001184 2 14
16 0.001184 3 0 PTP 46 13_46_5_2599
13 0.001184 2 46
12 0.001185 2 36 9
15 0.001185 3 0 PTP 36 36_99_6_2600
15 0.001185 3 0 PTP 36 36_100_6_2601
12 0.001185 2 52 9
15 0.001185 3 0 PTP 52 52_115_6_2602
15 0.001185 3 0 PTP 52 52_116_6_2603
12 0.001185 2 31 9
15 0.001185 3 0 PTP 31 31_94_6_2604
15 0.001185 3 0 PTP 31 31_95_6_2605
12 0.001185 2 46 9
15 0.001185 3 0 PTP 46 46_109_6_2606
15 0.001185 3 0 PTP 46 46_110_6_2607
12 0.001185 2 28 9
15 0.001185 3 0 PTP 28 28_91_6_2608
15 0.001185 3 0 PTP 28 28_92_6_2609
12 0.001185 2 7 9
15 0.001185 3 0 PTP 7 7_70_6_2610
15 0.001185 3 0 PTP 7 7_71_6_2611
12 0.001185 2 39 9
15 0.001185 3 0 PTP 39 39_102_6_2612
15 0.001185 3 0 PTP 39 39_103_6_2613
12 0.001185 2 23 9
15 0.001185 3 0 PTP 23 23_86_6_2614
15 0.001185 3 0 PTP 23 23_87_6_2615
12 0.001185 2 62 9
15 0.001185 3 0 PTP 62 62_125_6_2616
15 0.001185 3 0 PTP 62 62_126_6_2617
12 0.001185 2 21 9
15 0.001185 3 0 PTP 21 21_84_6_2618
15 0.001185 3 0 PTP 21 21_85_6_2619
12 0.001185 2 53 9
15 0.001185 3 0 PTP 53 53_116_6_2620
15 0.001185 3 0 PTP 53 53_117_6_2621
12 0.001185 2 3 9
15 0.001185 3 0 PTP 3 3_66_6_2622
15 0.001185 3 0 PTP 3 3_67_6_2623
12 0.001185 2 35 9
15 0.001185 3 0 PTP 35 35_98_6_2624
15 0.001185 3 0 PTP 35 35_99_6_2625
12 0.001185 2 19 9
15 0.001185 3 0 PTP 19 19_82_6_2626
15 0.001185 3 0 PTP 19 19_83_6_2627
12 0.001185 2 51 9
15 0.001185 3 0 PTP 51 51_114_6_2628
15 0.001185 3 0 PTP 51 51_115_6_2629
16 0.001185 3 0 PTP 42 10_42_5_2201
16 0.001185 3 0 PTP 58 26_58_5_2179
16 0.001185 3 0 PTP 10 42_10_5_2389
16 0.001185 3 0 PTP 10 41_10_5_2630
13 0.001185 2 10
16 0.001185 3 0 PTP 42 9_42_5_2631
13 0.001185 2 42
16 0.001185 3 0 PTP 26 58_26_5_2391
16 0.001185 3 0 PTP 26 57_26_5_2632
13 0.001185 2 26
16 0.001185 3 0 PTP 58 25_58_5_2633
13 0.001185 2 58
12 0.001186 2 42 9
15 0.001186 3 0 PTP 42 42_105_6_2634
15 0.001186 3 0 PTP 42 42_106_6_2635
12 0.001186 2 26 9
15 0.001186 3 0 PTP 26 26_89_6_2636
15 0.001186 3 0 PTP 26 26_90_6_2637
12 0.001186 2 20 9
15 0.001186 3 0 PTP 20 20_83_6_2638
15 0.001186 3 0 PTP 20 20_84_6_2639
12 0.001186 2 12 9
15 0.001186 3 0 PTP 12 12_75_6_2640
15 0.001186 3 0 PTP 12 12_76_6_2641
12 0.001186 2 44 9
15 0.001186 3 0 PTP 44 44_107_6_2642
15 0.001186 3 0 PTP 44 44_108_6_2643
12 0.001186 2 16 9
15 0.001186 3 0 PTP 16 16_79_6_2644
15 0.001186 3 0 PTP 16 16_80_6_2645
12 0.001186 2 48 9
15 0.001186 3 0 PTP 48 48_111_6_2646
15 0.001186 3 0 PTP 48 48_112_6_2647
12 0.001186 2 32 9
15 0.001186 3 0 PTP 32 32_95_6_2648
15 0.001186 3 0 PTP 32 32_96_6_2649
12 0.001186 2 64 9
15 0.001186 3 0 PTP 64 64_127_6_2650
15 0.001186 3 0 PTP 64 64_128_6_2651
12 0.001186 2 15 9
15 0.001186 3 0 PTP 15 15_78_6_2652
15 0.001186 3 0 PTP 15 15_79_6_2653
12 0.001186 2 47 9
15 0.001186 3 0 PTP 47 47_110_6_2654
15 0.001186 3 0 PTP 47 47_111_6_2655
12 0.001186 2 63 9
15 0.001186 3 0 PTP 63 63_126_6_2656
15 0.001186 3 0 PTP 63 63_127_6_2657
12 0.001186 2 6 9
15 0.001186 3 0 PTP 6 6_69_6_2658
15 0.001186 3 0 PTP 6 6_70_6_2659
12 0.001186 2 38 9
15 0.001186 3 0 PTP 38 38_101_6_2660
15 0.001186 3 0 PTP 38 38_102_6_2661
12 0.001186 2 22 9
15 0.001186 3 0 PTP 22 22_85_6_2662
15 0.001186 3 0 PTP 22 22_86_6_2663
12 0.001186 2 54 9
15 0.001186 3 0 PTP 54 54_117_6_2664
15 0.001186 3 0 PTP 54 54_118_6_2665
12 0.001186 2 14 9
15 0.001186 3 0 PTP 14 14_77_6_2666
15 0.001186 3 0 PTP 14 14_78_6_2667
16 0.001186 3 0 PTP 34 2_34_5_2197
16 0.001186 3 0 PTP 2 34_2_5_2395
16 0.001186 3 0 PTP 2 33_2_5_2668
13 0.001186 2 2
16 0.001186 3 0 PTP 34 1_34_5_2669
13 0.001186 2 34
12 0.001187 2 4 9
15 0.001187 3 0 PTP 4 4_67_6_2670
15 0.001187 3 0 PTP 4 4_68_6_2671
12 0.001187 2 58 9
15 0.001187 3 0 PTP 58 58_121_6_2672
15 0.001187 3 0 PTP 58 58_122_6_2673
16 0.001187 3 0 PTP 50 18_50_5_2199
16 0.001187 3 0 PTP 18 50_18_5_2397
16 0.001187 3 0 PTP 18 49_18_5_2674
13 0.001187 2 18
16 0.001187 3 0 PTP 50 17_50_5_2675
13 0.001187 2 50
12 0.001188 2 10 9
15 0.001188 3 0 PTP 10 10_73_6_2676
15 0.001188 3 0 PTP 10 10_74_6_2677
12 0.001188 2 34 9
15 0.001188 3 0 PTP 34 34_97_6_2678
15 0.001188 3 0 PTP 34 34_98_6_2679
12 0.001189 2 2 9
15 0.001189 3 0 PTP 2 2_65_6_2680
15 0.001189 3 0 PTP 2 2_66_6_2681
12 0.001189 2 18 9
15 0.001189 3 0 PTP 18 18_81_6_2682
15 0.001189 3 0 PTP 18 18_82_6_2683
12 0.001189 2 50 9
15 0.001189 3 0 PTP 50 50_113_6_2684
15 0.001189 3 0 PTP 50 50_114_6_2685
16 0.001190 3 0 PTP 117 85_117_5_2289
16 0.001190 3 0 PTP 109 77_109_5_2307
16 0.001190 3 0 PTP 125 93_125_5_2251
16 0.001190 3 0 PTP 98 66_98_5_2387
16 0.001190 3 0 PTP 114 82_114_5_2363
16 0.001190 3 0 PTP 127 95_127_5_2311
16 0.001190 3 0 PTP 85 117_85_5_2411
16 0.001190 3 0 PTP 85 116_85_5_2686
13 0.001190 2 85
16 0.001190 3 0 PTP 117 84_117_5_2687
13 0.001190 2 117
16 0.001190 3 0 PTP 77 109_77_5_2413
16 0.001190 3 0 PTP 77 108_77_5_2688
13 0.001190 2 77
16 0.001190 3 0 PTP 109 76_109_5_2689
13 0.001190 2 109
16 0.001190 3 0 PTP 93 125_93_5_2415
16 0.001190 3 0 PTP 93 124_93_5_2690
13 0.001190 2 93
16 0.001190 3 0 PTP 125 92_125_5_2691
13 0.001190 2 125
16 0.001190 3 0 PTP 66 98_66_5_2417
16 0.001190 3 0 PTP 66 97_66_5_2692
13 0.001190 2 66
16 0.001190 3 0 PTP 98 65_98_5_2693
13 0.001190 2 98
16 0.001190 3 0 PTP 82 114_82_5_2419
16 0.001190 3 0 PTP 82 113_82_5_2694
13 0.001190 2 82
16 0.001190 3 0 PTP 114 81_114_5_2695
13 0.001190 2 114
16 0.001190 3 0 PTP 95 127_95_5_2421
16 0.001190 3 0 PTP 95 126_95_5_2696
13 0.001190 2 95
16 0.001190 3 0 PTP 127 94_127_5_2697
13 0.001190 2 127
12 0.001191 2 117 9
15 0.001191 3 0 PTP 117 117_52_6_2698
15 0.001191 3 0 PTP 117 117_53_6_2699
12 0.001191 2 93 9
15 0.001191 3 0 PTP 93 93_28_6_2700
15 0.001191 3 0 PTP 93 93_29_6_2701
16 0.001191 3 0 PTP 119 87_119_5_2253
16 0.001191 3 0 PTP 101 69_101_5_2287
16 0.001191 3 0 PTP 106 74_106_5_2349
16 0.001191 3 0 PTP 122 90_122_5_2283
16 0.001191 3 0 PTP 110 78_110_5_2257
16 0.001191 3 0 PTP 126 94_126_5_2215
16 0.001191 3 0 PTP 111 79_111_5_2309
16 0.001191 3 0 PTP 87 119_87_5_2433
16 0.001191 3 0 PTP 87 118_87_5_2702
13 0.001191 2 87
16 0.001191 3 0 PTP 119 86_119_5_2703
13 0.001191 2 119
16 0.001191 3 0 PTP 69 101_69_5_2435
16 0.001191 3 0 PTP 69 100_69_5_2704
13 0.001191 2 69
16 0.001191 3 0 PTP 101 68_101_5_2705
13 0.001191 2 101
16 0.001191 3 0 PTP 74 106_74_5_2437
16 0.001191 3 0 PTP 74 105_74_5_2706
13 0.001191 2 74
16 0.001191 3 0 PTP 106 73_106_5_2707
13 0.001191 2 106
16 0.001191 3 0 PTP 90 122_90_5_2439
16 0.001191 3 0 PTP 90 121_90_5_2708
13 0.001191 2 90
16 0.001191 3 0 PTP 122 89_122_5_2709
13 0.001191 2 122
16 0.001191 3 0 PTP 78 110_78_5_2441
16 0.001191 3 0 PTP 78 109_78_5_2710
13 0.001191 2 78
16 0.001191 3 0 PTP 110 77_110_5_2711
13 0.001191 2 110
16 0.001191 3 0 PTP 94 126_94_5_2443
16 0.001191 3 0 PTP 94 125_94_5_2712
13 0.001191 2 94
16 0.001191 3 0 PTP 126 93_126_5_2713
13 0.001191 2 126
16 0.001191 3 0 PTP 79 111_79_5_2445
16 0.001191 3 0 PTP 79 110_79_5_2714
13 0.001191 2 79
16 0.001191 3 0 PTP 111 78_111_5_2715
13 0.001191 2 111
12 0.001192 2 119 9
15 0.001192 3 0 PTP 119 119_54_6_2716
15 0.001192 3 0 PTP 119 119_55_6_2717
12 0.001192 2 90 9
15 0.001192 3 0 PTP 90 90_25_6_2718
15 0.001192 3 0 PTP 90 90_26_6_2719
12 0.001192 2 85 9
15 0.001192 3 0 PTP 85 85_20_6_2720
15 0.001192 3 0 PTP 85 85_21_6_2721
12 0.001192 2 77 9
15 0.001192 3 0 PTP 77 77_12_6_2722
15 0.001192 3 0 PTP 77 77_13_6_2723
12 0.001192 2 109 9
15 0.001192 3 0 PTP 109 109_44_6_2724
15 0.001192 3 0 PTP 109 109_45_6_2725
12 0.001192 2 125 9
15 0.001192 3 0 PTP 125 125_60_6_2726
15 0.001192 3 0 PTP 125 125_61_6_2727
12 0.001192 2 66 9
15 0.001192 3 0 PTP 66 66_1_6_2728
15 0.001192 3 0 PTP 66 66_2_6_2729
12 0.001192 2 98 9
15 0.001192 3 0 PTP 98 98_33_6_2730
15 0.001192 3 0 PTP 98 98_34_6_2731
12 0.001192 2 82 9
15 0.001192 3 0 PTP 82 82_17_6_2732
15 0.001192 3 0 PTP 82 82_18_6_2733
12 0.001192 2 114 9
15 0.001192 3 0 PTP 114 114_49_6_2734
15 0.001192 3 0 PTP 114 114_50_6_2735
12 0.001192 2 95 9
15 0.001192 3 0 PTP 95 95_30_6_2736
15 0.001192 3 0 PTP 95 95_31_6_2737
12 0.001192 2 127 9
15 0.001192 3 0 PTP 127 127_62_6_2738
15 0.001192 3 0 PTP 127 127_63_6_2739
16 0.001192 3 0 PTP 123 91_123_5_2247
16 0.001192 3 0 PTP 97 65_97_5_2285
16 0.001192 3 0 PTP 113 81_113_5_2351
16 0.001192 3 0 PTP 102 70_102_5_2343
16 0.001192 3 0 PTP 118 86_118_5_2293
16 0.001192 3 0 PTP 100 68_100_5_2217
16 0.001192 3 0 PTP 116 84_116_5_2259
16 0.001192 3 0 PTP 108 76_108_5_2361
16 0.001192 3 0 PTP 124 92_124_5_2345
16 0.001192 3 0 PTP 103 71_103_5_2385
16 0.001192 3 0 PTP 91 123_91_5_2455
16 0.001192 3 0 PTP 91 122_91_5_2740
13 0.001192 2 91
16 0.001192 3 0 PTP 123 90_123_5_2741
13 0.001192 2 123
16 0.001192 3 0 PTP 65 97_65_5_2457
16 0.001192 3 0 PTP 65 96_65_5_2742
13 0.001192 2 65
16 0.001192 3 0 PTP 97 64_97_5_2743
13 0.001192 2 97
16 0.001192 3 0 PTP 81 113_81_5_2459
16 0.001192 3 0 PTP 81 112_81_5_2744
13 0.001192 2 81
16 0.001192 3 0 PTP 113 80_113_5_2745
13 0.001192 2 113
16 0.001192 3 0 PTP 70 102_70_5_2461
16 0.001192 3 0 PTP 70 101_70_5_2746
13 0.001192 2 70
16 0.001192 3 0 PTP 102 69_102_5_2747
13 0.001192 2 102
16 0.001192 3 0 PTP 86 118_86_5_2463
16 0.001192 3 0 PTP 86 117_86_5_2748
13 0.001192 2 86
16 0.001192 3 0 PTP 118 85_118_5_2749
13 0.001192 2 118
16 0.001192 3 0 PTP 68 100_68_5_2465
16 0.001192 3 0 PTP 68 99_68_5_2750
13 0.001192 2 68
16 0.001192 3 0 PTP 100 67_100_5_2751
13 0.001192 2 100
16 0.001192 3 0 PTP 84 116_84_5_2467
16 0.001192 3 0 PTP 84 115_84_5_2752
13 0.001192 2 84
16 0.001192 3 0 PTP 116 83_116_5_2753
13 0.001192 2 116
16 0.001192 3 0 PTP 76 108_76_5_2469
16 0.001192 3 0 PTP 76 107_76_5_2754
13 0.001192 2 76
16 0.001192 3 0 PTP 108 75_108_5_2755
13 0.001192 2 108
16 0.001192 3 0 PTP 92 124_92_5_2471
16 0.001192 3 0 PTP 92 123_92_5_2756
13 0.001192 2 92
16 0.001192 3 0 PTP 124 91_124_5_2757
13 0.001192 2 124
16 0.001192 3 0 PTP 71 103_71_5_2473
16 0.001192 3 0 PTP 71 102_71_5_2758
13 0.001192 2 71
16 0.001192 3 0 PTP 103 70_103_5_2759
13 0.001192 2 103
12 0.001193 2 65 9
15 0.001193 3 0 PTP 65 65_0_6_2760
15 0.001193 3 0 PTP 65 65_1_6_2761
12 0.001193 2 113 9
15 0.001193 3 0 PTP 113 113_48_6_2762
15 0.001193 3 0 PTP 113 113_49_6_2763
12 0.001193 2 100 9
15 0.001193 3 0 PTP 100 100_35_6_2764
15 0.001193 3 0 PTP 100 100_36_6_2765
12 0.001193 2 69 9
15 0.001193 3 0 PTP 69 69_4_6_2766
15 0.001193 3 0 PTP 69 69_5_6_2767
12 0.001193 2 101 9
15 0.001193 3 0 PTP 101 101_36_6_2768
15 0.001193 3 0 PTP 101 101_37_6_2769
12 0.001193 2 74 9
15 0.001193 3 0 PTP 74 74_9_6_2770
15 0.001193 3 0 PTP 74 74_10_6_2771
12 0.001193 2 106 9
15 0.001193 3 0 PTP 106 106_41_6_2772
15 0.001193 3 0 PTP 106 106_42_6_2773
12 0.001193 2 122 9
15 0.001193 3 0 PTP 122 122_57_6_2774
15 0.001193 3 0 PTP 122 122_58_6_2775
12 0.001193 2 78 9
15 0.001193 3 0 PTP 78 78_13_6_2776
15 0.001193 3 0 PTP 78 78_14_6_2777
12 0.001193 2 110 9
15 0.001193 3 0 PTP 110 110_45_6_2778
15 0.001193 3 0 PTP 110 110_46_6_2779
12 0.001193 2 94 9
15 0.001193 3 0 PTP 94 94_29_6_2780
15 0.001193 3 0 PTP 94 94_30_6_2781
12 0.001193 2 126 9
15 0.001193 3 0 PTP 126 126_61_6_2782
15 0.001193 3 0 PTP 126 126_62_6_2783
12 0.001193 2 79 9
15 0.001193 3 0 PTP 79 79_14_6_2784
15 0.001193 3 0 PTP 79 79_15_6_2785
12 0.001193 2 111 9
15 0.001193 3 0 PTP 111 111_46_6_2786
15 0.001193 3 0 PTP 111 111_47_6_2787
16 0.001193 3 0 PTP 121 89_121_5_2305
16 0.001193 3 0 PTP 104 72_104_5_2295
16 0.001193 3 0 PTP 120 88_120_5_2243
16 0.001193 3 0 PTP 112 80_112_5_2245
16 0.001193 3 0 PTP 128 96_128_5_2297
16 0.001193 3 0 PTP 99 67_99_5_2261
16 0.001193 3 0 PTP 115 83_115_5_2263
16 0.001193 3 0 PTP 107 75_107_5_2299
16 0.001193 3 0 PTP 89 121_89_5_2477
16 0.001193 3 0 PTP 89 120_89_5_2788
13 0.001193 2 89
16 0.001193 3 0 PTP 121 88_121_5_2789
13 0.001193 2 121
16 0.001193 3 0 PTP 72 104_72_5_2479
16 0.001193 3 0 PTP 72 103_72_5_2790
13 0.001193 2 72
16 0.001193 3 0 PTP 104 71_104_5_2791
13 0.001193 2 104
16 0.001193 3 0 PTP 88 120_88_5_2481
16 0.001193 3 0 PTP 88 119_88_5_2792
13 0.001193 2 88
16 0.001193 3 0 PTP 120 87_120_5_2793
13 0.001193 2 120
16 0.001193 3 0 PTP 80 112_80_5_2483
16 0.001193 3 0 PTP 80 111_80_5_2794
13 0.001193 2 80
16 0.001193 3 0 PTP 112 79_112_5_2795
13 0.001193 2 112
16 0.001193 3 0 PTP 96 128_96_5_2485
16 0.001193 3 0 PTP 96 127_96_5_2796
13 0.001193 2 96
16 0.001193 3 0 PTP 128 95_128_5_2797
13 0.001193 2 128
16 0.001193 3 0 PTP 67 99_67_5_2487
16 0.001193 3 0 PTP 67 98_67_5_2798
13 0.001193 2 67
16 0.001193 3 0 PTP 99 66_99_5_2799
13 0.001193 2 99
16 0.001193 3 0 PTP 83 115_83_5_2489
16 0.001193 3 0 PTP 83 114_83_5_2800
13 0.001193 2 83
16 0.001193 3 0 PTP 115 82_115_5_2801
13 0.001193 2 115
16 0.001193 3 0 PTP 75 107_75_5_2491
16 0.001193 3 0 PTP 75 106_75_5_2802
13 0.001193 2 75
16 0.001193 3 0 PTP 107 74_107_5_2803
13 0.001193 2 107
12 0.001194 2 104 9
15 0.001194 3 0 PTP 104 104_39_6_2804
15 0.001194 3 0 PTP 104 104_40_6_2805
12 0.001194 2 112 9
15 0.001194 3 0 PTP 112 112_47_6_2806
15 0.001194 3 0 PTP 112 112_48_6_2807
12 0.001194 2 75 9
15 0.001194 3 0 PTP 75 75_10_6_2808
15 0.001194 3 0 PTP 75 75_11_6_2809
12 0.001194 2 87 9
15 0.001194 3 0 PTP 87 87_22_6_2810
15 0.001194 3 0 PTP 87 87_23_6_2811
12 0.001194 2 91 9
15 0.001194 3 0 PTP 91 91_26_6_2812
15 0.001194 3 0 PTP 91 91_27_6_2813
12 0.001194 2 97 9
15 0.001194 3 0 PTP 97 97_32_6_2814
15 0.001194 3 0 PTP 97 97_33_6_2815
12 0.001194 2 81 9
15 0.001194 3 0 PTP 81 81_16_6_2816
15 0.001194 3 0 PTP 81 81_17_6_2817
12 0.001194 2 70 9
15 0.001194 3 0 PTP 70 70_5_6_2818
15 0.001194 3 0 PTP 70 70_6_6_2819
12 0.001194 2 118 9
15 0.001194 3 0 PTP 118 118_53_6_2820
15 0.001194 3 0 PTP 118 118_54_6_2821
12 0.001194 2 68 9
15 0.001194 3 0 PTP 68 68_3_6_2822
15 0.001194 3 0 PTP 68 68_4_6_2823
12 0.001194 2 84 9
15 0.001194 3 0 PTP 84 84_19_6_2824
15 0.001194 3 0 PTP 84 84_20_6_2825
12 0.001194 2 116 9
15 0.001194 3 0 PTP 116 116_51_6_2826
15 0.001194 3 0 PTP 116 116_52_6_2827
12 0.001194 2 76 9
15 0.001194 3 0 PTP 76 76_11_6_2828
15 0.001194 3 0 PTP 76 76_12_6_2829
12 0.001194 2 108 9
15 0.001194 3 0 PTP 108 108_43_6_2830
15 0.001194 3 0 PTP 108 108_44_6_2831
12 0.001194 2 92 9
15 0.001194 3 0 PTP 92 92_27_6_2832
15 0.001194 3 0 PTP 92 92_28_6_2833
12 0.001194 2 124 9
15 0.001194 3 0 PTP 124 124_59_6_2834
15 0.001194 3 0 PTP 124 124_60_6_2835
12 0.001194 2 71 9
15 0.001194 3 0 PTP 71 71_6_6_2836
15 0.001194 3 0 PTP 71 71_7_6_2837
12 0.001194 2 103 9
15 0.001194 3 0 PTP 103 103_38_6_2838
15 0.001194 3 0 PTP 103 103_39_6_2839
16 0.001194 3 0 PTP 105 73_105_5_2249
16 0.001194 3 0 PTP 73 105_73_5_2493
16 0.001194 3 0 PTP 73 104_73_5_2840
13 0.001194 2 73
16 0.001194 3 0 PTP 105 72_105_5_2841
13 0.001194 2 105
12 0.001195 2 105 9
15 0.001195 3 0 PTP 105 105_40_6_2842
15 0.001195 3 0 PTP 105 105_41_6_2843
12 0.001195 2 123 9
15 0.001195 3 0 PTP 123 123_58_6_2844
15 0.001195 3 0 PTP 123 123_59_6_2845
12 0.001195 2 102 9
15 0.001195 3 0 PTP 102 102_37_6_2846
15 0.001195 3 0 PTP 102 102_38_6_2847
12 0.001195 2 86 9
15 0.001195 3 0 PTP 86 86_21_6_2848
15 0.001195 3 0 PTP 86 86_22_6_2849
12 0.001195 2 72 9
15 0.001195 3 0 PTP 72 72_7_6_2850
15 0.001195 3 0 PTP 72 72_8_6_2851
12 0.001195 2 88 9
15 0.001195 3 0 PTP 88 88_23_6_2852
15 0.001195 3 0 PTP 88 88_24_6_2853
12 0.001195 2 120 9
15 0.001195 3 0 PTP 120 120_55_6_2854
15 0.001195 3 0 PTP 120 120_56_6_2855
12 0.001195 2 80 9
15 0.001195 3 0 PTP 80 80_15_6_2856
15 0.001195 3 0 PTP 80 80_16_6_2857
12 0.001195 2 96 9
15 0.001195 3 0 PTP 96 96_31_6_2858
15 0.001195 3 0 PTP 96 96_32_6_2859
12 0.001195 2 128 9
15 0.001195 3 0 PTP 128 128_63_6_2860
15 0.001195 3 0 PTP 128 128_64_6_2861
12 0.001195 2 67 9
15 0.001195 3 0 PTP 67 67_2_6_2862
15 0.001195 3 0 PTP 67 67_3_6_2863
12 0.001195 2 99 9
15 0.001195 3 0 PTP 99 99_34_6_2864
15 0.001195 3 0 PTP 99 99_35_6_2865
12 0.001195 2 83 9
15 0.001195 3 0 PTP 83 83_18_6_2866
15 0.001195 3 0 PTP 83 83_19_6_2867
12 0.001195 2 115 9
15 0.001195 3 0 PTP 115 115_50_6_2868
15 0.001195 3 0 PTP 115 115_51_6_2869
12 0.001195 2 107 9
15 0.001195 3 0 PTP 107 107_42_6_2870
15 0.001195 3 0 PTP 107 107_43_6_2871
12 0.001196 2 89 9
15 0.001196 3 0 PTP 89 89_24_6_2872
15 0.001196 3 0 PTP 89 89_25_6_2873
12 0.001196 2 121 9
15 0.001196 3 0 PTP 121 121_56_6_2874
15 0.001196 3 0 PTP 121 121_57_6_2875
12 0.001196 2 73 9
15 0.001196 3 0 PTP 73 73_8_6_2876
15 0.001196 3 0 PTP 73 73_9_6_2877
16 0.001567 3 0 PTP 117 53_117_6_2621
16 0.001567 3 0 PTP 93 29_93_6_2573
16 0.001567 3 0 PTP 53 117_53_6_2699
16 0.001567 3 0 PTP 53 116_53_6_2878
13 0.001567 2 53
16 0.001567 3 0 PTP 117 52_117_6_2879
13 0.001567 2 117
16 0.001567 3 0 PTP 29 93_29_6_2701
16 0.001567 3 0 PTP 29 92_29_6_2880
13 0.001567 2 29
16 0.001567 3 0 PTP 93 28_93_6_2881
13 0.001567 2 93
16 0.001568 3 0 PTP 119 55_119_6_2555
16 0.001568 3 0 PTP 90 26_90_6_2637
16 0.001568 3 0 PTP 85 21_85_6_2619
16 0.001568 3 0 PTP 77 13_77_6_2531
16 0.001568 3 0 PTP 109 45_109_6_2501
16 0.001568 3 0 PTP 125 61_125_6_2527
16 0.001568 3 0 PTP 66 2_66_6_2681
16 0.001568 3 0 PTP 98 34_98_6_2679
16 0.001568 3 0 PTP 82 18_82_6_2683
16 0.001568 3 0 PTP 114 50_114_6_2685
16 0.001568 3 0 PTP 95 31_95_6_2605
16 0.001568 3 0 PTP 127 63_127_6_2657
16 0.001568 3 0 PTP 55 119_55_6_2717
16 0.001568 3 0 PTP 55 118_55_6_2882
13 0.001568 2 55
16 0.001568 3 0 PTP 119 54_119_6_2883
13 0.001568 2 119
16 0.001568 3 0 PTP 26 90_26_6_2719
16 0.001568 3 0 PTP 26 89_26_6_2884
13 0.001568 2 26
16 0.001568 3 0 PTP 90 25_90_6_2885
13 0.001568 2 90
16 0.001568 3 0 PTP 21 85_21_6_2721
16 0.001568 3 0 PTP 21 84_21_6_2886
13 0.001568 2 21
16 0.001568 3 0 PTP 85 20_85_6_2887
13 0.001568 2 85
16 0.001568 3 0 PTP 13 77_13_6_2723
16 0.001568 3 0 PTP 13 76_13_6_2888
13 0.001568 2 13
16 0.001568 3 0 PTP 77 12_77_6_2889
13 0.001568 2 77
16 0.001568 3 0 PTP 45 109_45_6_2725
16 0.001568 3 0 PTP 45 108_45_6_2890
13 0.001568 2 45
16 0.001568 3 0 PTP 109 44_109_6_2891
13 0.001568 2 109
16 0.001568 3 0 PTP 61 125_61_6_2727
16 0.001568 3 0 PTP 61 124_61_6_2892
13 0.001568 2 61
16 0.001568 3 0 PTP 125 60_125_6_2893
13 0.001568 2 125
16 0.001568 3 0 PTP 2 66_2_6_2729
16 0.001568 3 0 PTP 2 65_2_6_2894
13 0.001568 2 2
16 0.001568 3 0 PTP 66 1_66_6_2895
13 0.001568 2 66
16 0.001568 3 0 PTP 34 98_34_6_2731
16 0.001568 3 0 PTP 34 97_34_6_2896
13 0.001568 2 34
16 0.001568 3 0 PTP 98 33_98_6_2897
13 0.001568 2 98
16 0.001568 3 0 PTP 18 82_18_6_2733
16 0.001568 3 0 PTP 18 81_18_6_2898
13 0.001568 2 18
16 0.001568 3 0 PTP 82 17_82_6_2899
13 0.001568 2 82
16 0.001568 3 0 PTP 50 114_50_6_2735
16 0.001568 3 0 PTP 50 113_50_6_2900
13 0.001568 2 50
16 0.001568 3 0 PTP 114 49_114_6_2901
13 0.001568 2 114
16 0.001568 3 0 PTP 31 95_31_6_2737
16 0.001568 3 0 PTP 31 94_31_6_2902
13 0.001568 2 31
16 0.001568 3 0 PTP 95 30_95_6_2903
13 0.001568 2 95
16 0.001568 3 0 PTP 63 127_63_6_2739
16 0.001568 3 0 PTP 63 126_63_6_2904
13 0.001568 2 63
16 0.001568 3 0 PTP 127 62_127_6_2905
13 0.001568 2 127
16 0.001569 3 0 PTP 65 1_65_6_2503
16 0.001569 3 0 PTP 113 49_113_6_2535
16 0.001569 3 0 PTP 100 36_100_6_2601
16 0.001569 3 0 PTP 69 5_69_6_2563
16 0.001569 3 0 PTP 101 37_101_6_2565
16 0.001569 3 0 PTP 74 10_74_6_2677
16 0.001569 3 0 PTP 106 42_106_6_2635
16 0.001569 3 0 PTP 122 58_122_6_2673
16 0.001569 3 0 PTP 78 14_78_6_2667
16 0.001569 3 0 PTP 110 46_110_6_2607
16 0.001569 3 0 PTP 94 30_94_6_2557
16 0.001569 3 0 PTP 126 62_126_6_2617
16 0.001569 3 0 PTP 79 15_79_6_2653
16 0.001569 3 0 PTP 111 47_111_6_2655
16 0.001569 3 0 PTP 1 65_1_6_2761
16 0.001569 3 0 PTP 1 64_1_6_2906
13 0.001569 2 1
16 0.001569 3 0 PTP 65 0_65_6_2907
13 0.001569 2 65
16 0.001569 3 0 PTP 49 113_49_6_2763
16 0.001569 3 0 PTP 49 112_49_6_2908
13 0.001569 2 49
16 0.001569 3 0 PTP 113 48_113_6_2909
13 0.001569 2 113
16 0.001569 3 0 PTP 36 100_36_6_2765
16 0.001569 3 0 PTP 36 99_36_6_2910
13 0.001569 2 36
16 0.001569 3 0 PTP 100 35_100_6_2911
13 0.001569 2 100
16 0.001569 3 0 PTP 5 69_5_6_2767
16 0.001569 3 0 PTP 5 68_5_6_2912
13 0.001569 2 5
16 0.001569 3 0 PTP 69 4_69_6_2913
13 0.001569 2 69
16 0.001569 3 0 PTP 37 101_37_6_2769
16 0.001569 3 0 PTP 37 100_37_6_2914
13 0.001569 2 37
16 0.001569 3 0 PTP 101 36_101_6_2915
13 0.001569 2 101
16 0.001569 3 0 PTP 10 74_10_6_2771
16 0.001569 3 0 PTP 10 73_10_6_2916
13 0.001569 2 10
16 0.001569 3 0 PTP 74 9_74_6_2917
13 0.001569 2 74
16 0.001569 3 0 PTP 42 106_42_6_2773
16 0.001569 3 0 PTP 42 105_42_6_2918
13 0.001569 2 42
16 0.001569 3 0 PTP 106 41_106_6_2919
13 0.001569 2 106
16 0.001569 3 0 PTP 58 122_58_6_2775
16 0.001569 3 0 PTP 58 121_58_6_2920
13 0.001569 2 58
16 0.001569 3 0 PTP 122 57_122_6_2921
13 0.001569 2 122
16 0.001569 3 0 PTP 14 78_14_6_2777
16 0.001569 3 0 PTP 14 77_14_6_2922
13 0.001569 2 14
16 0.001569 3 0 PTP 78 13_78_6_2923
13 0.001569 2 78
16 0.001569 3 0 PTP 46 110_46_6_2779
16 0.001569 3 0 PTP 46 109_46_6_2924
13 0.001569 2 46
16 0.001569 3 0 PTP 110 45_110_6_2925
13 0.001569 2 110
16 0.001569 3 0 PTP 30 94_30_6_2781
16 0.001569 3 0 PTP 30 93_30_6_2926
13 0.001569 2 30
16 0.001569 3 0 PTP 94 29_94_6_2927
13 0.001569 2 94
16 0.001569 3 0 PTP 62 126_62_6_2783
16 0.001569 3 0 PTP 62 125_62_6_2928
13 0.001569 2 62
16 0.001569 3 0 PTP 126 61_126_6_2929
13 0.001569 2 126
16 0.001569 3 0 PTP 15 79_15_6_2785
16 0.001569 3 0 PTP 15 78_15_6_2930
13 0.001569 2 15
16 0.001569 3 0 PTP 79 14_79_6_2931
13 0.001569 2 79
16 0.001569 3 0 PTP 47 111_47_6_2787
16 0.001569 3 0 PTP 47 110_47_6_2932
13 0.001569 2 47
16 0.001569 3 0 PTP 111 46_111_6_2933
13 0.001569 2 111
16 0.001570 3 0 PTP 104 40_104_6_2561
16 0.001570 3 0 PTP 112 48_112_6_2647
16 0.001570 3 0 PTP 75 11_75_6_2575
16 0.001570 3 0 PTP 87 23_87_6_2615
16 0.001570 3 0 PTP 91 27_91_6_2579
16 0.001570 3 0 PTP 97 33_97_6_2505
16 0.001570 3 0 PTP 81 17_81_6_2533
16 0.001570 3 0 PTP 70 6_70_6_2659
16 0.001570 3 0 PTP 118 54_118_6_2665
16 0.001570 3 0 PTP 68 4_68_6_2671
16 0.001570 3 0 PTP 84 20_84_6_2639
16 0.001570 3 0 PTP 116 52_116_6_2603
16 0.001570 3 0 PTP 76 12_76_6_2641
16 0.001570 3 0 PTP 108 44_108_6_2643
16 0.001570 3 0 PTP 92 28_92_6_2609
16 0.001570 3 0 PTP 124 60_124_6_2553
16 0.001570 3 0 PTP 71 7_71_6_2611
16 0.001570 3 0 PTP 103 39_103_6_2613
16 0.001570 3 0 PTP 40 104_40_6_2805
16 0.001570 3 0 PTP 40 103_40_6_2934
13 0.001570 2 40
16 0.001570 3 0 PTP 104 39_104_6_2935
13 0.001570 2 104
16 0.001570 3 0 PTP 48 112_48_6_2807
16 0.001570 3 0 PTP 48 111_48_6_2936
13 0.001570 2 48
16 0.001570 3 0 PTP 112 47_112_6_2937
13 0.001570 2 112
16 0.001570 3 0 PTP 11 75_11_6_2809
16 0.001570 3 0 PTP 11 74_11_6_2938
13 0.001570 2 11
16 0.001570 3 0 PTP 75 10_75_6_2939
13 0.001570 2 75
16 0.001570 3 0 PTP 23 87_23_6_2811
16 0.001570 3 0 PTP 23 86_23_6_2940
13 0.001570 2 23
16 0.001570 3 0 PTP 87 22_87_6_2941
13 0.001570 2 87
16 0.001570 3 0 PTP 27 91_27_6_2813
16 0.001570 3 0 PTP 27 90_27_6_2942
13 0.001570 2 27
16 0.001570 3 0 PTP 91 26_91_6_2943
13 0.001570 2 91
16 0.001570 3 0 PTP 33 97_33_6_2815
16 0.001570 3 0 PTP 33 96_33_6_2944
13 0.001570 2 33
16 0.001570 3 0 PTP 97 32_97_6_2945
13 0.001570 2 97
16 0.001570 3 0 PTP 17 81_17_6_2817
16 0.001570 3 0 PTP 17 80_17_6_2946
13 0.001570 2 17
16 0.001570 3 0 PTP 81 16_81_6_2947
13 0.001570 2 81
16 0.001570 3 0 PTP 6 70_6_6_2819
16 0.001570 3 0 PTP 6 69_6_6_2948
13 0.001570 2 6
16 0.001570 3 0 PTP 70 5_70_6_2949
13 0.001570 2 70
16 0.001570 3 0 PTP 54 118_54_6_2821
16 0.001570 3 0 PTP 54 117_54_6_2950
13 0.001570 2 54
16 0.001570 3 0 PTP 118 53_118_6_2951
13 0.001570 2 118
16 0.001570 3 0 PTP 4 68_4_6_2823
16 0.001570 3 0 PTP 4 67_4_6_2952
13 0.001570 2 4
16 0.001570 3 0 PTP 68 3_68_6_2953
13 0.001570 2 68
16 0.001570 3 0 PTP 20 84_20_6_2825
16 0.001570 3 0 PTP 20 83_20_6_2954
13 0.001570 2 20
16 0.001570 3 0 PTP 84 19_84_6_2955
13 0.001570 2 84
16 0.001570 3 0 PTP 52 116_52_6_2827
16 0.001570 3 0 PTP 52 115_52_6_2956
13 0.001570 2 52
16 0.001570 3 0 PTP 116 51_116_6_2957
13 0.001570 2 116
16 0.001570 3 0 PTP 12 76_12_6_2829
16 0.001570 3 0 PTP 12 75_12_6_2958
13 0.001570 2 12
16 0.001570 3 0 PTP 76 11_76_6_2959
13 0.001570 2 76
16 0.001570 3 0 PTP 44 108_44_6_2831
16 0.001570 3 0 PTP 44 107_44_6_2960
13 0.001570 2 44
16 0.001570 3 0 PTP 108 43_108_6_2961
13 0.001570 2 108
16 0.001570 3 0 PTP 28 92_28_6_2833
16 0.001570 3 0 PTP 28 91_28_6_2962
13 0.001570 2 28
16 0.001570 3 0 PTP 92 27_92_6_2963
13 0.001570 2 92
16 0.001570 3 0 PTP 60 124_60_6_2835
16 0.001570 3 0 PTP 60 123_60_6_2964
13 0.001570 2 60
16 0.001570 3 0 PTP 124 59_124_6_2965
13 0.001570 2 124
16 0.001570 3 0 PTP 7 71_7_6_2837
16 0.001570 3 0 PTP 7 70_7_6_2966
13 0.001570 2 7
16 0.001570 3 0 PTP 71 6_71_6_2967
13 0.001570 2 71
16 0.001570 3 0 PTP 39 103_39_6_2839
16 0.001570 3 0 PTP 39 102_39_6_2968
13 0.001570 2 39
16 0.001570 3 0 PTP 103 38_103_6_2969
13 0.001570 2 103
16 0.001571 3 0 PTP 105 41_105_6_2525
16 0.001571 3 0 PTP 123 59_123_6_2529
16 0.001571 3 0 PTP 102 38_102_6_2661
16 0.001571 3 0 PTP 86 22_86_6_2663
16 0.001571 3 0 PTP 72 8_72_6_2559
16 0.001571 3 0 PTP 88 24_88_6_2521
16 0.001571 3 0 PTP 120 56_120_6_2523
16 0.001571 3 0 PTP 80 16_80_6_2645
16 0.001571 3 0 PTP 96 32_96_6_2649
16 0.001571 3 0 PTP 128 64_128_6_2651
16 0.001571 3 0 PTP 67 3_67_6_2623
16 0.001571 3 0 PTP 99 35_99_6_2625
16 0.001571 3 0 PTP 83 19_83_6_2627
16 0.001571 3 0 PTP 115 51_115_6_2629
16 0.001571 3 0 PTP 107 43_107_6_2577
16 0.001571 3 0 PTP 41 105_41_6_2843
16 0.001571 3 0 PTP 41 104_41_6_2970
13 0.001571 2 41
16 0.001571 3 0 PTP 105 40_105_6_2971
13 0.001571 2 105
16 0.001571 3 0 PTP 59 123_59_6_2845
16 0.001571 3 0 PTP 59 122_59_6_2972
13 0.001571 2 59
16 0.001571 3 0 PTP 123 58_123_6_2973
13 0.001571 2 123
16 0.001571 3 0 PTP 38 102_38_6_2847
16 0.001571 3 0 PTP 38 101_38_6_2974
13 0.001571 2 38
16 0.001571 3 0 PTP 102 37_102_6_2975
13 0.001571 2 102
16 0.001571 3 0 PTP 22 86_22_6_2849
16 0.001571 3 0 PTP 22 85_22_6_2976
13 0.001571 2 22
16 0.001571 3 0 PTP 86 21_86_6_2977
13 0.001571 2 86
16 0.001571 3 0 PTP 8 72_8_6_2851
16 0.001571 3 0 PTP 8 71_8_6_2978
13 0.001571 2 8
16 0.001571 3 0 PTP 72 7_72_6_2979
13 0.001571 2 72
16 0.001571 3 0 PTP 24 88_24_6_2853
16 0.001571 3 0 PTP 24 87_24_6_2980
13 0.001571 2 24
16 0.001571 3 0 PTP 88 23_88_6_2981
13 0.001571 2 88
16 0.001571 3 0 PTP 56 120_56_6_2855
16 0.001571 3 0 PTP 56 119_56_6_2982
13 0.001571 2 56
16 0.001571 3 0 PTP 120 55_120_6_2983
13 0.001571 2 120
16 0.001571 3 0 PTP 16 80_16_6_2857
16 0.001571 3 0 PTP 16 79_16_6_2984
13 0.001571 2 16
16 0.001571 3 0 PTP 80 15_80_6_2985
13 0.001571 2 80
16 0.001571 3 0 PTP 32 96_32_6_2859
16 0.001571 3 0 PTP 32 95_32_6_2986
13 0.001571 2 32
16 0.001571 3 0 PTP 96 31_96_6_2987
13 0.001571 2 96
16 0.001571 3 0 PTP 64 128_64_6_2861
16 0.001571 3 0 PTP 64 127_64_6_2988
13 0.001571 2 64
16 0.001571 3 0 PTP 128 63_128_6_2989
13 0.001571 2 128
16 0.001571 3 0 PTP 3 67_3_6_2863
16 0.001571 3 0 PTP 3 66_3_6_2990
13 0.001571 2 3
16 0.001571 3 0 PTP 67 2_67_6_2991
13 0.001571 2 67
16 0.001571 3 0 PTP 35 99_35_6_2865
16 0.001571 3 0 PTP 35 98_35_6_2992
13 0.001571 2 35
16 0.001571 3 0 PTP 99 34_99_6_2993
13 0.001571 2 99
16 0.001571 3 0 PTP 19 83_19_6_2867
16 0.001571 3 0 PTP 19 82_19_6_2994
13 0.001571 2 19
16 0.001571 3 0 PTP 83 18_83_6_2995
13 0.001571 2 83
16 0.001571 3 0 PTP 51 115_51_6_2869
16 0.001571 3 0 PTP 51 114_51_6_2996
13 0.001571 2 51
16 0.001571 3 0 PTP 115 50_115_6_2997
13 0.001571 2 115
16 0.001571 3 0 PTP 43 107_43_6_2871
16 0.001571 3 0 PTP 43 106_43_6_2998
13 0.001571 2 43
16 0.001571 3 0 PTP 107 42_107_6_2999
13 0.001571 2 107
16 0.001572 3 0 PTP 89 25_89_6_2569
16 0.001572 3 0 PTP 121 57_121_6_2571
16 0.001572 3 0 PTP 73 9_73_6_2567
16 0.001572 3 0 PTP 25 89_25_6_2873
16 0.001572 3 0 PTP 25 88_25_6_3000
13 0.001572 2 25
16 0.001572 3 0 PTP 89 24_89_6_3001
13 0.001572 2 89
16 0.001572 3 0 PTP 57 121_57_6_2875
16 0.001572 3 0 PTP 57 120_57_6_3002
13 0.001572 2 57
16 0.001572 3 0 PTP 121 56_121_6_3003
13 0.001572 2 121
16 0.001572 3 0 PTP 9 73_9_6_2877
16 0.001572 3 0 PTP 9 72_9_6_3004
13 0.001572 2 9
16 0.001572 3 0 PTP 73 8_73_6_3005
13 0.001572 2 73
12 0.004556 2 60 10
15 0.004556 3 0 PTP 60 60_1_-112_3006
13 0.004556 2 60
12 0.004558 2 63 10
15 0.004558 3 0 PTP 63 63_1_-112_3007
12 0.004558 2 53 10
15 0.004558 3 0 PTP 53 53_1_-112_3008
12 0.004558 2 7 10
15 0.004558 3 0 PTP 7 7_1_-112_3009
12 0.004558 2 124 10
15 0.004558 3 0 PTP 124 124_1_-112_3010
12 0.004558 2 108 10
15 0.004558 3 0 PTP 108 108_1_-112_3011
13 0.004558 2 63
13 0.004558 2 53
13 0.004558 2 7
13 0.004558 2 124
13 0.004558 2 108
12 0.004560 2 109 10
15 0.004560 3 0 PTP 109 109_1_-112_3012
12 0.004560 2 28 10
15 0.004560 3 0 PTP 28 28_1_-112_3013
12 0.004560 2 36 10
15 0.004560 3 0 PTP 36 36_1_-112_3014
12 0.004560 2 60 10
15 0.004560 3 0 PTP 60 60_1_-112_3015
12 0.004560 2 7 10
15 0.004560 3 0 PTP 7 7_1_-112_3016
12 0.004560 2 124 10
15 0.004560 3 0 PTP 124 124_1_-112_3017
12 0.004560 2 108 10
15 0.004560 3 0 PTP 108 108_1_-112_3018
13 0.004560 2 109
13 0.004560 2 28
13 0.004560 2 36
13 0.004560 2 60
13 0.004560 2 7
13 0.004560 2 124
13 0.004560 2 108
12 0.004561 2 63 10
15 0.004561 3 0 PTP 63 63_1_-112_3019
12 0.004561 2 53 10
15 0.004561 3 0 PTP 53 53_1_-112_3020
13 0.004561 2 63
13 0.004561 2 53
12 0.004562 2 39 10
15 0.004562 3 0 PTP 39 39_1_-112_3021
12 0.004562 2 28 10
15 0.004562 3 0 PTP 28 28_1_-112_3022
12 0.004562 2 36 10
15 0.004562 3 0 PTP 36 36_1_-112_3023
12 0.004562 2 60 7
15 0.004562 3 0 PTP 60 60_1_-778_3024
12 0.004562 2 7 7
15 0.004562 3 0 PTP 7 7_1_-778_3025
12 0.004562 2 124 7
15 0.004562 3 0 PTP 124 124_1_-778_3026
12 0.004562 2 108 7
15 0.004562 3 0 PTP 108 108_1_-778_3027
12 0.004562 2 63 7
15 0.004562 3 0 PTP 63 63_1_-778_3028
12 0.004562 2 53 7
15 0.004562 3 0 PTP 53 53_1_-778_3029
13 0.004562 2 39
13 0.004562 2 28
13 0.004562 2 36
12 0.004563 2 111 10
15 0.004563 3 0 PTP 111 111_1_-112_3030
12 0.004563 2 71 10
15 0.004563 3 0 PTP 71 71_1_-112_3031
12 0.004563 2 76 10
15 0.004563 3 0 PTP 76 76_1_-112_3032
12 0.004563 2 109 10
15 0.004563 3 0 PTP 109 109_1_-112_3033
13 0.004563 2 111
13 0.004563 2 71
13 0.004563 2 76
13 0.004563 2 109
12 0.004564 2 109 7
15 0.004564 3 0 PTP 109 109_1_-778_3034
12 0.004564 2 66 10
15 0.004564 3 0 PTP 66 66_1_-112_3035
12 0.004564 2 54 10
15 0.004564 3 0 PTP 54 54_1_-112_3036
12 0.004564 2 39 10
15 0.004564 3 0 PTP 39 39_1_-112_3037
12 0.004564 2 28 7
15 0.004564 3 0 PTP 28 28_1_-778_3038
12 0.004564 2 36 7
15 0.004564 3 0 PTP 36 36_1_-778_3039
13 0.004564 2 66
13 0.004564 2 54
13 0.004564 2 39
12 0.004565 2 65 10
15 0.004565 3 0 PTP 65 65_1_-112_3040
12 0.004565 2 71 10
15 0.004565 3 0 PTP 71 71_1_-112_3041
12 0.004565 2 76 10
15 0.004565 3 0 PTP 76 76_1_-112_3042
13 0.004565 2 65
13 0.004565 2 71
13 0.004565 2 76
12 0.004566 2 54 10
15 0.004566 3 0 PTP 54 54_1_-112_3043
13 0.004566 2 54
12 0.004567 2 111 10
15 0.004567 3 0 PTP 111 111_1_-112_3044
12 0.004567 2 47 10
15 0.004567 3 0 PTP 47 47_1_-112_3045
12 0.004567 2 112 10
15 0.004567 3 0 PTP 112 112_1_-112_3046
12 0.004567 2 66 10
15 0.004567 3 0 PTP 66 66_1_-112_3047
12 0.004567 2 71 7
15 0.004567 3 0 PTP 71 71_1_-778_3048
12 0.004567 2 76 7
15 0.004567 3 0 PTP 76 76_1_-778_3049
12 0.004567 2 54 7
15 0.004567 3 0 PTP 54 54_1_-778_3050
13 0.004567 2 111
13 0.004567 2 47
13 0.004567 2 112
13 0.004567 2 66
12 0.004568 2 65 10
15 0.004568 3 0 PTP 65 65_1_-112_3051
13 0.004568 2 65
12 0.004569 2 39 7
15 0.004569 3 0 PTP 39 39_1_-778_3052
12 0.004569 2 47 10
15 0.004569 3 0 PTP 47 47_1_-112_3053
12 0.004569 2 112 10
15 0.004569 3 0 PTP 112 112_1_-112_3054
12 0.004569 2 66 7
15 0.004569 3 0 PTP 66 66_1_-778_3055
12 0.004569 2 2 10
15 0.004569 3 0 PTP 2 2_1_-112_3056
12 0.004569 2 116 10
15 0.004569 3 0 PTP 116 116_1_-112_3057
13 0.004569 2 47
13 0.004569 2 112
13 0.004569 2 2
13 0.004569 2 116
12 0.004570 2 111 7
15 0.004570 3 0 PTP 111 111_1_-778_3058
12 0.004570 2 112 7
15 0.004570 3 0 PTP 112 112_1_-778_3059
12 0.004570 2 82 10
15 0.004570 3 0 PTP 82 82_1_-112_3060
12 0.004570 2 65 7
15 0.004570 3 0 PTP 65 65_1_-778_3061
13 0.004570 2 82
12 0.004571 2 75 10
15 0.004571 3 0 PTP 75 75_1_-112_3062
12 0.004571 2 47 7
15 0.004571 3 0 PTP 47 47_1_-778_3063
12 0.004571 2 2 10
15 0.004571 3 0 PTP 2 2_1_-112_3064
12 0.004571 2 116 10
15 0.004571 3 0 PTP 116 116_1_-112_3065
12 0.004571 2 114 10
15 0.004571 3 0 PTP 114 114_1_-112_3066
13 0.004571 2 75
13 0.004571 2 2
13 0.004571 2 116
13 0.004571 2 114
12 0.004572 2 95 10
15 0.004572 3 0 PTP 95 95_1_-112_3067
12 0.004572 2 48 10
15 0.004572 3 0 PTP 48 48_1_-112_3068
12 0.004572 2 2 7
15 0.004572 3 0 PTP 2 2_1_-778_3069
13 0.004572 2 95
13 0.004572 2 48
12 0.004573 2 61 10
15 0.004573 3 0 PTP 61 61_1_-112_3070
12 0.004573 2 52 10
15 0.004573 3 0 PTP 52 52_1_-112_3071
12 0.004573 2 51 10
15 0.004573 3 0 PTP 51 51_1_-112_3072
12 0.004573 2 56 10
15 0.004573 3 0 PTP 56 56_1_-112_3073
12 0.004573 2 57 10
15 0.004573 3 0 PTP 57 57_1_-112_3074
12 0.004573 2 107 10
15 0.004573 3 0 PTP 107 107_1_-112_3075
12 0.004573 2 64 10
15 0.004573 3 0 PTP 64 64_1_-112_3076
12 0.004573 2 82 10
15 0.004573 3 0 PTP 82 82_1_-112_3077
12 0.004573 2 75 10
15 0.004573 3 0 PTP 75 75_1_-112_3078
12 0.004573 2 116 7
15 0.004573 3 0 PTP 116 116_1_-778_3079
12 0.004573 2 114 10
15 0.004573 3 0 PTP 114 114_1_-112_3080
13 0.004573 2 61
13 0.004573 2 52
13 0.004573 2 51
13 0.004573 2 56
13 0.004573 2 57
13 0.004573 2 107
13 0.004573 2 64
13 0.004573 2 82
13 0.004573 2 75
13 0.004573 2 114
12 0.004574 2 79 10
15 0.004574 3 0 PTP 79 79_1_-112_3081
12 0.004574 2 48 10
15 0.004574 3 0 PTP 48 48_1_-112_3082
12 0.004574 2 114 7
15 0.004574 3 0 PTP 114 114_1_-778_3083
13 0.004574 2 79
13 0.004574 2 48
12 0.004575 2 98 10
15 0.004575 3 0 PTP 98 98_1_-112_3084
12 0.004575 2 125 10
15 0.004575 3 0 PTP 125 125_1_-112_3085
12 0.004575 2 61 10
15 0.004575 3 0 PTP 61 61_1_-112_3086
12 0.004575 2 52 10
15 0.004575 3 0 PTP 52 52_1_-112_3087
12 0.004575 2 51 10
15 0.004575 3 0 PTP 51 51_1_-112_3088
12 0.004575 2 56 10
15 0.004575 3 0 PTP 56 56_1_-112_3089
12 0.004575 2 57 10
15 0.004575 3 0 PTP 57 57_1_-112_3090
12 0.004575 2 107 10
15 0.004575 3 0 PTP 107 107_1_-112_3091
12 0.004575 2 82 7
15 0.004575 3 0 PTP 82 82_1_-778_3092
12 0.004575 2 75 7
15 0.004575 3 0 PTP 75 75_1_-778_3093
13 0.004575 2 98
13 0.004575 2 125
13 0.004575 2 61
13 0.004575 2 52
13 0.004575 2 51
13 0.004575 2 56
13 0.004575 2 57
13 0.004575 2 107
12 0.004576 2 61 7
15 0.004576 3 0 PTP 61 61_1_-778_3094
12 0.004576 2 52 7
15 0.004576 3 0 PTP 52 52_1_-778_3095
12 0.004576 2 51 7
15 0.004576 3 0 PTP 51 51_1_-778_3096
12 0.004576 2 107 7
15 0.004576 3 0 PTP 107 107_1_-778_3097
12 0.004576 2 127 10
15 0.004576 3 0 PTP 127 127_1_-112_3098
12 0.004576 2 64 10
15 0.004576 3 0 PTP 64 64_1_-112_3099
12 0.004576 2 79 10
15 0.004576 3 0 PTP 79 79_1_-112_3100
12 0.004576 2 48 7
15 0.004576 3 0 PTP 48 48_1_-778_3101
13 0.004576 2 127
13 0.004576 2 64
13 0.004576 2 79
12 0.004577 2 55 10
15 0.004577 3 0 PTP 55 55_1_-112_3102
12 0.004577 2 88 10
15 0.004577 3 0 PTP 88 88_1_-112_3103
12 0.004577 2 98 10
15 0.004577 3 0 PTP 98 98_1_-112_3104
12 0.004577 2 125 10
15 0.004577 3 0 PTP 125 125_1_-112_3105
12 0.004577 2 56 7
15 0.004577 3 0 PTP 56 56_1_-778_3106
12 0.004577 2 57 7
15 0.004577 3 0 PTP 57 57_1_-778_3107
12 0.004577 2 79 7
15 0.004577 3 0 PTP 79 79_1_-778_3108
13 0.004577 2 55
13 0.004577 2 88
13 0.004577 2 98
13 0.004577 2 125
12 0.004578 2 18 10
15 0.004578 3 0 PTP 18 18_1_-112_3109
12 0.004578 2 26 10
15 0.004578 3 0 PTP 26 26_1_-112_3110
12 0.004578 2 92 10
15 0.004578 3 0 PTP 92 92_1_-112_3111
12 0.004578 2 89 10
15 0.004578 3 0 PTP 89 89_1_-112_3112
12 0.004578 2 125 7
15 0.004578 3 0 PTP 125 125_1_-778_3113
13 0.004578 2 18
13 0.004578 2 26
13 0.004578 2 92
13 0.004578 2 89
12 0.004579 2 91 10
15 0.004579 3 0 PTP 91 91_1_-112_3114
12 0.004579 2 41 10
15 0.004579 3 0 PTP 41 41_1_-112_3115
12 0.004579 2 95 10
15 0.004579 3 0 PTP 95 95_1_-112_3116
12 0.004579 2 127 10
15 0.004579 3 0 PTP 127 127_1_-112_3117
12 0.004579 2 64 7
15 0.004579 3 0 PTP 64 64_1_-778_3118
12 0.004579 2 88 10
15 0.004579 3 0 PTP 88 88_1_-112_3119
12 0.004579 2 98 7
15 0.004579 3 0 PTP 98 98_1_-778_3120
12 0.004579 2 26 10
15 0.004579 3 0 PTP 26 26_1_-112_3121
13 0.004579 2 91
13 0.004579 2 41
13 0.004579 2 95
13 0.004579 2 127
13 0.004579 2 88
13 0.004579 2 26
12 0.004580 2 15 10
15 0.004580 3 0 PTP 15 15_1_-112_3122
12 0.004580 2 40 10
15 0.004580 3 0 PTP 40 40_1_-112_3123
12 0.004580 2 18 10
15 0.004580 3 0 PTP 18 18_1_-112_3124
12 0.004580 2 92 10
15 0.004580 3 0 PTP 92 92_1_-112_3125
12 0.004580 2 89 10
15 0.004580 3 0 PTP 89 89_1_-112_3126
12 0.004580 2 95 7
15 0.004580 3 0 PTP 95 95_1_-778_3127
12 0.004580 2 127 7
15 0.004580 3 0 PTP 127 127_1_-778_3128
12 0.004580 2 88 7
15 0.004580 3 0 PTP 88 88_1_-778_3129
13 0.004580 2 15
13 0.004580 2 40
13 0.004580 2 18
13 0.004580 2 92
13 0.004580 2 89
12 0.004581 2 55 10
15 0.004581 3 0 PTP 55 55_1_-112_3130
12 0.004581 2 91 10
15 0.004581 3 0 PTP 91 91_1_-112_3131
12 0.004581 2 41 10
15 0.004581 3 0 PTP 41 41_1_-112_3132
12 0.004581 2 26 7
15 0.004581 3 0 PTP 26 26_1_-778_3133
12 0.004581 2 92 7
15 0.004581 3 0 PTP 92 92_1_-778_3134
12 0.004581 2 89 7
15 0.004581 3 0 PTP 89 89_1_-778_3135
13 0.004581 2 55
13 0.004581 2 91
13 0.004581 2 41
12 0.004582 2 30 10
15 0.004582 3 0 PTP 30 30_1_-112_3136
12 0.004582 2 128 10
15 0.004582 3 0 PTP 128 128_1_-112_3137
12 0.004582 2 121 10
15 0.004582 3 0 PTP 121 121_1_-112_3138
12 0.004582 2 55 7
15 0.004582 3 0 PTP 55 55_1_-778_3139
12 0.004582 2 117 10
15 0.004582 3 0 PTP 117 117_1_-112_3140
12 0.004582 2 15 10
15 0.004582 3 0 PTP 15 15_1_-112_3141
12 0.004582 2 40 10
15 0.004582 3 0 PTP 40 40_1_-112_3142
12 0.004582 2 18 7
15 0.004582 3 0 PTP 18 18_1_-778_3143
13 0.004582 2 30
13 0.004582 2 128
13 0.004582 2 121
13 0.004582 2 117
13 0.004582 2 15
13 0.004582 2 40
12 0.004583 2 62 10
15 0.004583 3 0 PTP 62 62_1_-112_3144
12 0.004583 2 104 10
15 0.004583 3 0 PTP 104 104_1_-112_3145
12 0.004583 2 91 7
15 0.004583 3 0 PTP 91 91_1_-778_3146
12 0.004583 2 41 7
15 0.004583 3 0 PTP 41 41_1_-778_3147
12 0.004583 2 40 7
15 0.004583 3 0 PTP 40 40_1_-778_3148
13 0.004583 2 62
13 0.004583 2 104
12 0.004584 2 31 10
15 0.004584 3 0 PTP 31 31_1_-112_3149
12 0.004584 2 119 10
15 0.004584 3 0 PTP 119 119_1_-112_3150
12 0.004584 2 94 10
15 0.004584 3 0 PTP 94 94_1_-112_3151
12 0.004584 2 46 10
15 0.004584 3 0 PTP 46 46_1_-112_3152
12 0.004584 2 78 10
15 0.004584 3 0 PTP 78 78_1_-112_3153
12 0.004584 2 11 10
15 0.004584 3 0 PTP 11 11_1_-112_3154
12 0.004584 2 128 10
15 0.004584 3 0 PTP 128 128_1_-112_3155
12 0.004584 2 121 10
15 0.004584 3 0 PTP 121 121_1_-112_3156
12 0.004584 2 117 10
15 0.004584 3 0 PTP 117 117_1_-112_3157
12 0.004584 2 15 7
15 0.004584 3 0 PTP 15 15_1_-778_3158
13 0.004584 2 31
13 0.004584 2 119
13 0.004584 2 94
13 0.004584 2 46
13 0.004584 2 78
13 0.004584 2 11
13 0.004584 2 128
13 0.004584 2 121
13 0.004584 2 117
12 0.004585 2 122 10
15 0.004585 3 0 PTP 122 122_1_-112_3159
12 0.004585 2 100 10
15 0.004585 3 0 PTP 100 100_1_-112_3160
12 0.004585 2 13 10
15 0.004585 3 0 PTP 13 13_1_-112_3161
12 0.004585 2 30 10
15 0.004585 3 0 PTP 30 30_1_-112_3162
12 0.004585 2 62 10
15 0.004585 3 0 PTP 62 62_1_-112_3163
12 0.004585 2 104 10
15 0.004585 3 0 PTP 104 104_1_-112_3164
12 0.004585 2 128 7
15 0.004585 3 0 PTP 128 128_1_-778_3165
13 0.004585 2 122
13 0.004585 2 100
13 0.004585 2 13
13 0.004585 2 30
13 0.004585 2 62
13 0.004585 2 104
12 0.004586 2 14 10
15 0.004586 3 0 PTP 14 14_1_-112_3166
12 0.004586 2 3 10
15 0.004586 3 0 PTP 3 3_1_-112_3167
12 0.004586 2 31 10
15 0.004586 3 0 PTP 31 31_1_-112_3168
12 0.004586 2 119 10
15 0.004586 3 0 PTP 119 119_1_-112_3169
12 0.004586 2 94 10
15 0.004586 3 0 PTP 94 94_1_-112_3170
12 0.004586 2 46 10
15 0.004586 3 0 PTP 46 46_1_-112_3171
12 0.004586 2 78 10
15 0.004586 3 0 PTP 78 78_1_-112_3172
12 0.004586 2 11 10
15 0.004586 3 0 PTP 11 11_1_-112_3173
12 0.004586 2 121 7
15 0.004586 3 0 PTP 121 121_1_-778_3174
12 0.004586 2 117 7
15 0.004586 3 0 PTP 117 117_1_-778_3175
13 0.004586 2 14
13 0.004586 2 3
13 0.004586 2 31
13 0.004586 2 119
13 0.004586 2 94
13 0.004586 2 46
13 0.004586 2 78
13 0.004586 2 11
12 0.004587 2 122 10
15 0.004587 3 0 PTP 122 122_1_-112_3176
12 0.004587 2 100 10
15 0.004587 3 0 PTP 100 100_1_-112_3177
12 0.004587 2 13 10
15 0.004587 3 0 PTP 13 13_1_-112_3178
12 0.004587 2 30 7
15 0.004587 3 0 PTP 30 30_1_-778_3179
12 0.004587 2 62 7
15 0.004587 3 0 PTP 62 62_1_-778_3180
12 0.004587 2 104 7
15 0.004587 3 0 PTP 104 104_1_-778_3181
12 0.004587 2 94 7
15 0.004587 3 0 PTP 94 94_1_-778_3182
12 0.004587 2 46 7
15 0.004587 3 0 PTP 46 46_1_-778_3183
12 0.004587 2 78 7
15 0.004587 3 0 PTP 78 78_1_-778_3184
12 0.004587 2 11 7
15 0.004587 3 0 PTP 11 11_1_-778_3185
13 0.004587 2 122
13 0.004587 2 100
13 0.004587 2 13
12 0.004588 2 103 10
15 0.004588 3 0 PTP 103 103_1_-112_3186
12 0.004588 2 3 10
15 0.004588 3 0 PTP 3 3_1_-112_3187
12 0.004588 2 31 7
15 0.004588 3 0 PTP 31 31_1_-778_3188
12 0.004588 2 119 7
15 0.004588 3 0 PTP 119 119_1_-778_3189
13 0.004588 2 103
13 0.004588 2 3
12 0.004589 2 50 10
15 0.004589 3 0 PTP 50 50_1_-112_3190
12 0.004589 2 14 10
15 0.004589 3 0 PTP 14 14_1_-112_3191
12 0.004589 2 100 7
15 0.004589 3 0 PTP 100 100_1_-778_3192
12 0.004589 2 13 7
15 0.004589 3 0 PTP 13 13_1_-778_3193
13 0.004589 2 50
13 0.004589 2 14
12 0.004590 2 110 10
15 0.004590 3 0 PTP 110 110_1_-112_3194
12 0.004590 2 105 10
15 0.004590 3 0 PTP 105 105_1_-112_3195
12 0.004590 2 122 7
15 0.004590 3 0 PTP 122 122_1_-778_3196
12 0.004590 2 103 10
15 0.004590 3 0 PTP 103 103_1_-112_3197
12 0.004590 2 3 7
15 0.004590 3 0 PTP 3 3_1_-778_3198
13 0.004590 2 110
13 0.004590 2 105
13 0.004590 2 103
12 0.004591 2 34 10
15 0.004591 3 0 PTP 34 34_1_-112_3199
12 0.004591 2 118 10
15 0.004591 3 0 PTP 118 118_1_-112_3200
12 0.004591 2 103 7
15 0.004591 3 0 PTP 103 103_1_-778_3201
12 0.004591 2 14 7
15 0.004591 3 0 PTP 14 14_1_-778_3202
13 0.004591 2 34
13 0.004591 2 118
12 0.004592 2 10 10
15 0.004592 3 0 PTP 10 10_1_-112_3203
12 0.004592 2 70 10
15 0.004592 3 0 PTP 70 70_1_-112_3204
12 0.004592 2 110 10
15 0.004592 3 0 PTP 110 110_1_-112_3205
12 0.004592 2 105 10
15 0.004592 3 0 PTP 105 105_1_-112_3206
12 0.004592 2 50 10
15 0.004592 3 0 PTP 50 50_1_-112_3207
13 0.004592 2 10
13 0.004592 2 70
13 0.004592 2 110
13 0.004592 2 105
13 0.004592 2 50
12 0.004593 2 126 10
15 0.004593 3 0 PTP 126 126_1_-112_3208
12 0.004593 2 87 10
15 0.004593 3 0 PTP 87 87_1_-112_3209
12 0.004593 2 80 10
15 0.004593 3 0 PTP 80 80_1_-112_3210
12 0.004593 2 118 10
15 0.004593 3 0 PTP 118 118_1_-112_3211
13 0.004593 2 126
13 0.004593 2 87
13 0.004593 2 80
13 0.004593 2 118
12 0.004594 2 34 10
15 0.004594 3 0 PTP 34 34_1_-112_3212
12 0.004594 2 10 10
15 0.004594 3 0 PTP 10 10_1_-112_3213
12 0.004594 2 110 7
15 0.004594 3 0 PTP 110 110_1_-778_3214
12 0.004594 2 105 7
15 0.004594 3 0 PTP 105 105_1_-778_3215
12 0.004594 2 50 7
15 0.004594 3 0 PTP 50 50_1_-778_3216
12 0.004594 2 118 7
15 0.004594 3 0 PTP 118 118_1_-778_3217
13 0.004594 2 34
13 0.004594 2 10
12 0.004595 2 20 10
15 0.004595 3 0 PTP 20 20_1_-112_3218
12 0.004595 2 126 10
15 0.004595 3 0 PTP 126 126_1_-112_3219
12 0.004595 2 87 10
15 0.004595 3 0 PTP 87 87_1_-112_3220
12 0.004595 2 80 10
15 0.004595 3 0 PTP 80 80_1_-112_3221
13 0.004595 2 20
13 0.004595 2 126
13 0.004595 2 87
13 0.004595 2 80
12 0.004596 2 77 10
15 0.004596 3 0 PTP 77 77_1_-112_3222
12 0.004596 2 34 7
15 0.004596 3 0 PTP 34 34_1_-778_3223
12 0.004596 2 10 7
15 0.004596 3 0 PTP 10 10_1_-778_3224
12 0.004596 2 126 7
15 0.004596 3 0 PTP 126 126_1_-778_3225
12 0.004596 2 80 7
15 0.004596 3 0 PTP 80 80_1_-778_3226
13 0.004596 2 77
12 0.004597 2 29 10
15 0.004597 3 0 PTP 29 29_1_-112_3227
12 0.004597 2 68 10
15 0.004597 3 0 PTP 68 68_1_-112_3228
12 0.004597 2 4 10
15 0.004597 3 0 PTP 4 4_1_-112_3229
12 0.004597 2 87 7
15 0.004597 3 0 PTP 87 87_1_-778_3230
13 0.004597 2 29
13 0.004597 2 68
13 0.004597 2 4
12 0.004598 2 70 10
15 0.004598 3 0 PTP 70 70_1_-112_3231
12 0.004598 2 77 10
15 0.004598 3 0 PTP 77 77_1_-112_3232
12 0.004598 2 20 10
15 0.004598 3 0 PTP 20 20_1_-112_3233
13 0.004598 2 70
13 0.004598 2 77
13 0.004598 2 20
12 0.004599 2 93 10
15 0.004599 3 0 PTP 93 93_1_-112_3234
12 0.004599 2 113 10
15 0.004599 3 0 PTP 113 113_1_-112_3235
12 0.004599 2 29 10
15 0.004599 3 0 PTP 29 29_1_-112_3236
12 0.004599 2 68 10
15 0.004599 3 0 PTP 68 68_1_-112_3237
12 0.004599 2 4 10
15 0.004599 3 0 PTP 4 4_1_-112_3238
12 0.004599 2 20 7
15 0.004599 3 0 PTP 20 20_1_-778_3239
13 0.004599 2 93
13 0.004599 2 113
13 0.004599 2 29
13 0.004599 2 68
13 0.004599 2 4
12 0.004600 2 44 10
15 0.004600 3 0 PTP 44 44_1_-112_3240
12 0.004600 2 70 7
15 0.004600 3 0 PTP 70 70_1_-778_3241
12 0.004600 2 77 7
15 0.004600 3 0 PTP 77 77_1_-778_3242
12 0.004600 2 29 7
15 0.004600 3 0 PTP 29 29_1_-778_3243
13 0.004600 2 44
12 0.004601 2 93 10
15 0.004601 3 0 PTP 93 93_1_-112_3244
12 0.004601 2 68 7
15 0.004601 3 0 PTP 68 68_1_-778_3245
12 0.004601 2 4 7
15 0.004601 3 0 PTP 4 4_1_-778_3246
13 0.004601 2 93
12 0.004602 2 24 10
15 0.004602 3 0 PTP 24 24_1_-112_3247
12 0.004602 2 113 10
15 0.004602 3 0 PTP 113 113_1_-112_3248
13 0.004602 2 24
13 0.004602 2 113
12 0.004603 2 113 7
15 0.004603 3 0 PTP 113 113_1_-778_3249
12 0.004603 2 44 10
15 0.004603 3 0 PTP 44 44_1_-112_3250
13 0.004603 2 44
12 0.004604 2 32 10
15 0.004604 3 0 PTP 32 32_1_-112_3251
12 0.004604 2 24 10
15 0.004604 3 0 PTP 24 24_1_-112_3252
12 0.004604 2 93 7
15 0.004604 3 0 PTP 93 93_1_-778_3253
13 0.004604 2 32
13 0.004604 2 24
12 0.004605 2 37 10
15 0.004605 3 0 PTP 37 37_1_-112_3254
12 0.004605 2 81 10
15 0.004605 3 0 PTP 81 81_1_-112_3255
13 0.004605 2 37
13 0.004605 2 81
12 0.004606 2 5 10
15 0.004606 3 0 PTP 5 5_1_-112_3256
12 0.004606 2 43 10
15 0.004606 3 0 PTP 43 43_1_-112_3257
12 0.004606 2 35 10
15 0.004606 3 0 PTP 35 35_1_-112_3258
12 0.004606 2 96 10
15 0.004606 3 0 PTP 96 96_1_-112_3259
12 0.004606 2 59 10
15 0.004606 3 0 PTP 59 59_1_-112_3260
12 0.004606 2 44 7
15 0.004606 3 0 PTP 44 44_1_-778_3261
12 0.004606 2 32 10
15 0.004606 3 0 PTP 32 32_1_-112_3262
12 0.004606 2 24 7
15 0.004606 3 0 PTP 24 24_1_-778_3263
13 0.004606 2 5
13 0.004606 2 43
13 0.004606 2 35
13 0.004606 2 96
13 0.004606 2 59
13 0.004606 2 32
12 0.004607 2 58 10
15 0.004607 3 0 PTP 58 58_1_-112_3264
12 0.004607 2 23 10
15 0.004607 3 0 PTP 23 23_1_-112_3265
12 0.004607 2 37 10
15 0.004607 3 0 PTP 37 37_1_-112_3266
12 0.004607 2 81 10
15 0.004607 3 0 PTP 81 81_1_-112_3267
13 0.004607 2 58
13 0.004607 2 23
13 0.004607 2 37
13 0.004607 2 81
12 0.004608 2 49 10
15 0.004608 3 0 PTP 49 49_1_-112_3268
12 0.004608 2 43 10
15 0.004608 3 0 PTP 43 43_1_-112_3269
12 0.004608 2 35 10
15 0.004608 3 0 PTP 35 35_1_-112_3270
12 0.004608 2 59 10
15 0.004608 3 0 PTP 59 59_1_-112_3271
12 0.004608 2 32 7
15 0.004608 3 0 PTP 32 32_1_-778_3272
12 0.004608 2 37 7
15 0.004608 3 0 PTP 37 37_1_-778_3273
13 0.004608 2 49
13 0.004608 2 43
13 0.004608 2 35
13 0.004608 2 59
12 0.004609 2 74 10
15 0.004609 3 0 PTP 74 74_1_-112_3274
12 0.004609 2 123 10
15 0.004609 3 0 PTP 123 123_1_-112_3275
12 0.004609 2 5 10
15 0.004609 3 0 PTP 5 5_1_-112_3276
12 0.004609 2 96 10
15 0.004609 3 0 PTP 96 96_1_-112_3277
12 0.004609 2 58 10
15 0.004609 3 0 PTP 58 58_1_-112_3278
12 0.004609 2 23 10
15 0.004609 3 0 PTP 23 23_1_-112_3279
12 0.004609 2 81 7
15 0.004609 3 0 PTP 81 81_1_-778_3280
12 0.004609 2 35 7
15 0.004609 3 0 PTP 35 35_1_-778_3281
12 0.004609 2 59 7
15 0.004609 3 0 PTP 59 59_1_-778_3282
13 0.004609 2 74
13 0.004609 2 123
13 0.004609 2 5
13 0.004609 2 96
13 0.004609 2 58
13 0.004609 2 23
12 0.004610 2 90 10
15 0.004610 3 0 PTP 90 90_1_-112_3283
12 0.004610 2 96 7
15 0.004610 3 0 PTP 96 96_1_-778_3284
12 0.004610 2 58 7
15 0.004610 3 0 PTP 58 58_1_-778_3285
12 0.004610 2 49 10
15 0.004610 3 0 PTP 49 49_1_-112_3286
12 0.004610 2 43 7
15 0.004610 3 0 PTP 43 43_1_-778_3287
13 0.004610 2 90
13 0.004610 2 49
12 0.004611 2 101 10
15 0.004611 3 0 PTP 101 101_1_-112_3288
12 0.004611 2 84 10
15 0.004611 3 0 PTP 84 84_1_-112_3289
12 0.004611 2 115 10
15 0.004611 3 0 PTP 115 115_1_-112_3290
12 0.004611 2 74 10
15 0.004611 3 0 PTP 74 74_1_-112_3291
12 0.004611 2 123 10
15 0.004611 3 0 PTP 123 123_1_-112_3292
12 0.004611 2 5 7
15 0.004611 3 0 PTP 5 5_1_-778_3293
12 0.004611 2 23 7
15 0.004611 3 0 PTP 23 23_1_-778_3294
13 0.004611 2 101
13 0.004611 2 84
13 0.004611 2 115
13 0.004611 2 74
13 0.004611 2 123
12 0.004612 2 86 10
15 0.004612 3 0 PTP 86 86_1_-112_3295
12 0.004612 2 49 7
15 0.004612 3 0 PTP 49 49_1_-778_3296
13 0.004612 2 86
12 0.004613 2 19 10
15 0.004613 3 0 PTP 19 19_1_-112_3297
12 0.004613 2 90 10
15 0.004613 3 0 PTP 90 90_1_-112_3298
12 0.004613 2 84 10
15 0.004613 3 0 PTP 84 84_1_-112_3299
12 0.004613 2 115 10
15 0.004613 3 0 PTP 115 115_1_-112_3300
12 0.004613 2 74 7
15 0.004613 3 0 PTP 74 74_1_-778_3301
12 0.004613 2 123 7
15 0.004613 3 0 PTP 123 123_1_-778_3302
13 0.004613 2 19
13 0.004613 2 90
13 0.004613 2 84
13 0.004613 2 115
12 0.004614 2 101 10
15 0.004614 3 0 PTP 101 101_1_-112_3303
12 0.004614 2 115 7
15 0.004614 3 0 PTP 115 115_1_-778_3304
13 0.004614 2 101
12 0.004615 2 45 10
15 0.004615 3 0 PTP 45 45_1_-112_3305
12 0.004615 2 86 10
15 0.004615 3 0 PTP 86 86_1_-112_3306
12 0.004615 2 90 7
15 0.004615 3 0 PTP 90 90_1_-778_3307
12 0.004615 2 84 7
15 0.004615 3 0 PTP 84 84_1_-778_3308
13 0.004615 2 45
13 0.004615 2 86
12 0.004616 2 9 10
15 0.004616 3 0 PTP 9 9_1_-112_3309
12 0.004616 2 16 10
15 0.004616 3 0 PTP 16 16_1_-112_3310
12 0.004616 2 19 10
15 0.004616 3 0 PTP 19 19_1_-112_3311
13 0.004616 2 9
13 0.004616 2 16
13 0.004616 2 19
12 0.004617 2 69 10
15 0.004617 3 0 PTP 69 69_1_-112_3312
12 0.004617 2 45 10
15 0.004617 3 0 PTP 45 45_1_-112_3313
12 0.004617 2 86 7
15 0.004617 3 0 PTP 86 86_1_-778_3314
12 0.004617 2 101 7
15 0.004617 3 0 PTP 101 101_1_-778_3315
13 0.004617 2 69
13 0.004617 2 45
12 0.004618 2 17 10
15 0.004618 3 0 PTP 17 17_1_-112_3316
12 0.004618 2 16 10
15 0.004618 3 0 PTP 16 16_1_-112_3317
12 0.004618 2 19 7
15 0.004618 3 0 PTP 19 19_1_-778_3318
12 0.004618 2 45 7
15 0.004618 3 0 PTP 45 45_1_-778_3319
13 0.004618 2 17
13 0.004618 2 16
12 0.004619 2 67 10
15 0.004619 3 0 PTP 67 67_1_-112_3320
12 0.004619 2 72 10
15 0.004619 3 0 PTP 72 72_1_-112_3321
13 0.004619 2 67
13 0.004619 2 72
12 0.004620 2 9 10
15 0.004620 3 0 PTP 9 9_1_-112_3322
12 0.004620 2 21 10
15 0.004620 3 0 PTP 21 21_1_-112_3323
12 0.004620 2 69 10
15 0.004620 3 0 PTP 69 69_1_-112_3324
12 0.004620 2 17 10
15 0.004620 3 0 PTP 17 17_1_-112_3325
12 0.004620 2 16 7
15 0.004620 3 0 PTP 16 16_1_-778_3326
13 0.004620 2 9
13 0.004620 2 21
13 0.004620 2 69
13 0.004620 2 17
12 0.004621 2 69 7
15 0.004621 3 0 PTP 69 69_1_-778_3327
12 0.004621 2 17 7
15 0.004621 3 0 PTP 17 17_1_-778_3328
12 0.004621 2 99 10
15 0.004621 3 0 PTP 99 99_1_-112_3329
12 0.004621 2 72 10
15 0.004621 3 0 PTP 72 72_1_-112_3330
13 0.004621 2 99
13 0.004621 2 72
12 0.004622 2 120 10
15 0.004622 3 0 PTP 120 120_1_-112_3331
12 0.004622 2 9 7
15 0.004622 3 0 PTP 9 9_1_-778_3332
12 0.004622 2 72 7
15 0.004622 3 0 PTP 72 72_1_-778_3333
12 0.004622 2 12 10
15 0.004622 3 0 PTP 12 12_1_-112_3334
12 0.004622 2 67 10
15 0.004622 3 0 PTP 67 67_1_-112_3335
13 0.004622 2 120
13 0.004622 2 12
13 0.004622 2 67
12 0.004623 2 21 10
15 0.004623 3 0 PTP 21 21_1_-112_3336
12 0.004623 2 99 10
15 0.004623 3 0 PTP 99 99_1_-112_3337
12 0.004623 2 67 7
15 0.004623 3 0 PTP 67 67_1_-778_3338
12 0.004623 2 6 10
15 0.004623 3 0 PTP 6 6_1_-112_3339
13 0.004623 2 21
13 0.004623 2 99
13 0.004623 2 6
12 0.004624 2 8 10
15 0.004624 3 0 PTP 8 8_1_-112_3340
12 0.004624 2 12 10
15 0.004624 3 0 PTP 12 12_1_-112_3341
12 0.004624 2 99 7
15 0.004624 3 0 PTP 99 99_1_-778_3342
13 0.004624 2 8
13 0.004624 2 12
12 0.004625 2 73 10
15 0.004625 3 0 PTP 73 73_1_-112_3343
12 0.004625 2 120 10
15 0.004625 3 0 PTP 120 120_1_-112_3344
12 0.004625 2 21 7
15 0.004625 3 0 PTP 21 21_1_-778_3345
12 0.004625 2 6 10
15 0.004625 3 0 PTP 6 6_1_-112_3346
13 0.004625 2 73
13 0.004625 2 120
13 0.004625 2 6
12 0.004626 2 102 10
15 0.004626 3 0 PTP 102 102_1_-112_3347
12 0.004626 2 8 10
15 0.004626 3 0 PTP 8 8_1_-112_3348
12 0.004626 2 12 7
15 0.004626 3 0 PTP 12 12_1_-778_3349
13 0.004626 2 102
13 0.004626 2 8
12 0.004627 2 83 10
15 0.004627 3 0 PTP 83 83_1_-112_3350
12 0.004627 2 120 7
15 0.004627 3 0 PTP 120 120_1_-778_3351
12 0.004627 2 6 7
15 0.004627 3 0 PTP 6 6_1_-778_3352
13 0.004627 2 83
12 0.004628 2 73 10
15 0.004628 3 0 PTP 73 73_1_-112_3353
12 0.004628 2 102 10
15 0.004628 3 0 PTP 102 102_1_-112_3354
12 0.004628 2 8 7
15 0.004628 3 0 PTP 8 8_1_-778_3355
13 0.004628 2 73
13 0.004628 2 102
12 0.004629 2 38 10
15 0.004629 3 0 PTP 38 38_1_-112_3356
12 0.004629 2 25 10
15 0.004629 3 0 PTP 25 25_1_-112_3357
12 0.004629 2 83 10
15 0.004629 3 0 PTP 83 83_1_-112_3358
13 0.004629 2 38
13 0.004629 2 25
13 0.004629 2 83
12 0.004630 2 102 7
15 0.004630 3 0 PTP 102 102_1_-778_3359
12 0.004631 2 38 10
15 0.004631 3 0 PTP 38 38_1_-112_3360
12 0.004631 2 25 10
15 0.004631 3 0 PTP 25 25_1_-112_3361
12 0.004631 2 83 7
15 0.004631 3 0 PTP 83 83_1_-778_3362
12 0.004631 2 73 7
15 0.004631 3 0 PTP 73 73_1_-778_3363
13 0.004631 2 38
13 0.004631 2 25
12 0.004632 2 25 7
15 0.004632 3 0 PTP 25 25_1_-778_3364
12 0.004633 2 27 10
15 0.004633 3 0 PTP 27 27_1_-112_3365
12 0.004633 2 38 7
15 0.004633 3 0 PTP 38 38_1_-778_3366
13 0.004633 2 27
12 0.004634 2 22 10
15 0.004634 3 0 PTP 22 22_1_-112_3367
13 0.004634 2 22
12 0.004635 2 27 10
15 0.004635 3 0 PTP 27 27_1_-112_3368
13 0.004635 2 27
12 0.004636 2 22 10
15 0.004636 3 0 PTP 22 22_1_-112_3369
13 0.004636 2 22
12 0.004637 2 27 7
15 0.004637 3 0 PTP 27 27_1_-778_3370
12 0.004639 2 22 7
15 0.004639 3 0 PTP 22 22_1_-778_3371
12 0.004642 2 42 10
15 0.004642 3 0 PTP 42 42_1_-112_3372
13 0.004642 2 42
12 0.004643 2 97 10
15 0.004643 3 0 PTP 97 97_1_-112_3373
13 0.004643 2 97
12 0.004644 2 106 10
15 0.004644 3 0 PTP 106 106_1_-112_3374
12 0.004644 2 42 10
15 0.004644 3 0 PTP 42 42_1_-112_3375
13 0.004644 2 106
13 0.004644 2 42
12 0.004645 2 97 10
15 0.004645 3 0 PTP 97 97_1_-112_3376
13 0.004645 2 97
12 0.004646 2 106 10
15 0.004646 3 0 PTP 106 106_1_-112_3377
12 0.004646 2 42 7
15 0.004646 3 0 PTP 42 42_1_-778_3378
12 0.004646 2 97 7
15 0.004646 3 0 PTP 97 97_1_-778_3379
13 0.004646 2 106
12 0.004647 2 33 10
15 0.004647 3 0 PTP 33 33_1_-112_3380
12 0.004647 2 106 7
15 0.004647 3 0 PTP 106 106_1_-778_3381
13 0.004647 2 33
12 0.004648 2 85 10
15 0.004648 3 0 PTP 85 85_1_-112_3382
13 0.004648 2 85
12 0.004649 2 33 10
15 0.004649 3 0 PTP 33 33_1_-112_3383
13 0.004649 2 33
12 0.004650 2 85 10
15 0.004650 3 0 PTP 85 85_1_-112_3384
13 0.004650 2 85
12 0.004652 2 85 7
15 0.004652 3 0 PTP 85 85_1_-778_3385
12 0.004652 2 33 7
15 0.004652 3 0 PTP 33 33_1_-778_3386
12 0.004681 2 1 10
16 0.004681 3 0 PTP 1 2_1_-112_3056
16 0.004681 3 0 PTP 1 3_1_-112_3167
16 0.004681 3 0 PTP 1 5_1_-112_3256
16 0.004681 3 0 PTP 1 9_1_-112_3309
16 0.004681 3 0 PTP 1 17_1_-112_3316
16 0.004681 3 0 PTP 1 33_1_-112_3380
16 0.004681 3 0 PTP 1 65_1_-112_3040
16 0.004681 3 0 PTP 1 97_1_-112_3373
16 0.004681 3 0 PTP 1 49_1_-112_3268
16 0.004681 3 0 PTP 1 81_1_-112_3255
16 0.004681 3 0 PTP 1 25_1_-112_3357
16 0.004681 3 0 PTP 1 41_1_-112_3115
16 0.004681 3 0 PTP 1 73_1_-112_3343
16 0.004681 3 0 PTP 1 13_1_-112_3161
16 0.004681 3 0 PTP 1 21_1_-112_3323
16 0.004681 3 0 PTP 1 37_1_-112_3254
16 0.004681 3 0 PTP 1 69_1_-112_3312
16 0.004681 3 0 PTP 1 7_1_-112_3009
16 0.004681 3 0 PTP 1 11_1_-112_3154
16 0.004681 3 0 PTP 1 19_1_-112_3297
16 0.004681 3 0 PTP 1 35_1_-112_3258
16 0.004681 3 0 PTP 1 67_1_-112_3320
16 0.004681 3 0 PTP 1 4_1_-112_3229
16 0.004681 3 0 PTP 1 6_1_-112_3339
16 0.004681 3 0 PTP 1 10_1_-112_3203
16 0.004681 3 0 PTP 1 18_1_-112_3109
16 0.004681 3 0 PTP 1 34_1_-112_3199
16 0.004681 3 0 PTP 1 66_1_-112_3035
16 0.004681 3 0 PTP 1 113_1_-112_3235
16 0.004681 3 0 PTP 1 57_1_-112_3074
16 0.004681 3 0 PTP 1 89_1_-112_3112
16 0.004681 3 0 PTP 1 105_1_-112_3195
16 0.004681 3 0 PTP 1 29_1_-112_3227
16 0.004681 3 0 PTP 1 45_1_-112_3305
16 0.004681 3 0 PTP 1 53_1_-112_3008
16 0.004681 3 0 PTP 1 77_1_-112_3222
16 0.004681 3 0 PTP 1 85_1_-112_3382
16 0.004681 3 0 PTP 1 101_1_-112_3288
16 0.004681 3 0 PTP 1 15_1_-112_3122
16 0.004681 3 0 PTP 1 23_1_-112_3265
16 0.004681 3 0 PTP 1 27_1_-112_3365
16 0.004681 3 0 PTP 1 39_1_-112_3021
16 0.004681 3 0 PTP 1 43_1_-112_3257
16 0.004681 3 0 PTP 1 51_1_-112_3072
16 0.004681 3 0 PTP 1 71_1_-112_3031
16 0.004681 3 0 PTP 1 75_1_-112_3062
16 0.004681 3 0 PTP 1 83_1_-112_3350
16 0.004681 3 0 PTP 1 99_1_-112_3329
16 0.004681 3 0 PTP 1 8_1_-112_3340
16 0.004681 3 0 PTP 1 12_1_-112_3334
16 0.004681 3 0 PTP 1 14_1_-112_3166
16 0.004681 3 0 PTP 1 20_1_-112_3218
16 0.004681 3 0 PTP 1 22_1_-112_3367
16 0.004681 3 0 PTP 1 26_1_-112_3110
16 0.004681 3 0 PTP 1 36_1_-112_3014
16 0.004681 3 0 PTP 1 38_1_-112_3356
16 0.004681 3 0 PTP 1 42_1_-112_3372
16 0.004681 3 0 PTP 1 50_1_-112_3190
16 0.004681 3 0 PTP 1 68_1_-112_3228
16 0.004681 3 0 PTP 1 70_1_-112_3204
16 0.004681 3 0 PTP 1 74_1_-112_3274
16 0.004681 3 0 PTP 1 82_1_-112_3060
16 0.004681 3 0 PTP 1 98_1_-112_3084
16 0.004681 3 0 PTP 1 121_1_-112_3138
16 0.004681 3 0 PTP 1 61_1_-112_3070
16 0.004681 3 0 PTP 1 93_1_-112_3234
16 0.004681 3 0 PTP 1 109_1_-112_3012
16 0.004681 3 0 PTP 1 117_1_-112_3140
16 0.004681 3 0 PTP 1 31_1_-112_3149
16 0.004681 3 0 PTP 1 47_1_-112_3045
16 0.004681 3 0 PTP 1 55_1_-112_3102
16 0.004681 3 0 PTP 1 59_1_-112_3260
16 0.004681 3 0 PTP 1 79_1_-112_3081
16 0.004681 3 0 PTP 1 87_1_-112_3209
16 0.004681 3 0 PTP 1 91_1_-112_3114
16 0.004681 3 0 PTP 1 103_1_-112_3186
16 0.004681 3 0 PTP 1 107_1_-112_3075
16 0.004681 3 0 PTP 1 115_1_-112_3290
16 0.004682 3 0 PTP 1 16_1_-112_3310
16 0.004682 3 0 PTP 1 24_1_-112_3247
16 0.004682 3 0 PTP 1 28_1_-112_3013
16 0.004682 3 0 PTP 1 30_1_-112_3136
16 0.004682 3 0 PTP 1 40_1_-112_3123
16 0.004682 3 0 PTP 1 44_1_-112_3240
16 0.004682 3 0 PTP 1 46_1_-112_3152
16 0.004682 3 0 PTP 1 52_1_-112_3071
16 0.004682 3 0 PTP 1 54_1_-112_3036
16 0.004682 3 0 PTP 1 58_1_-112_3264
16 0.004682 3 0 PTP 1 72_1_-112_3321
16 0.004682 3 0 PTP 1 76_1_-112_3032
16 0.004682 3 0 PTP 1 78_1_-112_3153
16 0.004682 3 0 PTP 1 84_1_-112_3289
16 0.004682 3 0 PTP 1 86_1_-112_3295
16 0.004682 3 0 PTP 1 90_1_-112_3283
16 0.004682 3 0 PTP 1 100_1_-112_3160
16 0.004682 3 0 PTP 1 102_1_-112_3347
16 0.004682 3 0 PTP 1 106_1_-112_3374
16 0.004682 3 0 PTP 1 114_1_-112_3066
16 0.004682 3 0 PTP 1 125_1_-112_3085
16 0.004682 3 0 PTP 1 63_1_-112_3007
16 0.004682 3 0 PTP 1 95_1_-112_3067
16 0.004682 3 0 PTP 1 111_1_-112_3030
16 0.004682 3 0 PTP 1 119_1_-112_3150
16 0.004682 3 0 PTP 1 123_1_-112_3275
16 0.004682 3 0 PTP 1 32_1_-112_3251
16 0.004682 3 0 PTP 1 48_1_-112_3068
16 0.004682 3 0 PTP 1 56_1_-112_3073
16 0.004682 3 0 PTP 1 60_1_-112_3006
16 0.004682 3 0 PTP 1 62_1_-112_3144
16 0.004682 3 0 PTP 1 80_1_-112_3210
16 0.004682 3 0 PTP 1 88_1_-112_3103
16 0.004682 3 0 PTP 1 92_1_-112_3111
16 0.004682 3 0 PTP 1 94_1_-112_3151
16 0.004682 3 0 PTP 1 104_1_-112_3145
16 0.004682 3 0 PTP 1 108_1_-112_3011
16 0.004682 3 0 PTP 1 110_1_-112_3194
16 0.004682 3 0 PTP 1 116_1_-112_3057
16 0.004682 3 0 PTP 1 118_1_-112_3200
16 0.004682 3 0 PTP 1 122_1_-112_3159
16 0.004682 3 0 PTP 1 127_1_-112_3098
16 0.004682 3 0 PTP 1 64_1_-112_3076
16 0.004682 3 0 PTP 1 96_1_-112_3259
16 0.004682 3 0 PTP 1 112_1_-112_3046
16 0.004682 3 0 PTP 1 120_1_-112_3331
16 0.004682 3 0 PTP 1 124_1_-112_3010
16 0.004682 3 0 PTP 1 126_1_-112_3208
16 0.004682 3 0 PTP 1 128_1_-112_3137
13 0.004682 2 1
12 0.004686 2 1 10
16 0.004686 3 0 PTP 1 2_1_-112_3064
16 0.004686 3 0 PTP 1 3_1_-112_3187
16 0.004686 3 0 PTP 1 5_1_-112_3276
16 0.004686 3 0 PTP 1 9_1_-112_3322
16 0.004686 3 0 PTP 1 17_1_-112_3325
16 0.004686 3 0 PTP 1 33_1_-112_3383
16 0.004686 3 0 PTP 1 65_1_-112_3051
16 0.004686 3 0 PTP 1 97_1_-112_3376
16 0.004686 3 0 PTP 1 49_1_-112_3286
16 0.004686 3 0 PTP 1 81_1_-112_3267
16 0.004686 3 0 PTP 1 25_1_-112_3361
16 0.004686 3 0 PTP 1 41_1_-112_3132
16 0.004686 3 0 PTP 1 73_1_-112_3353
16 0.004686 3 0 PTP 1 13_1_-112_3178
16 0.004686 3 0 PTP 1 21_1_-112_3336
16 0.004686 3 0 PTP 1 37_1_-112_3266
16 0.004686 3 0 PTP 1 69_1_-112_3324
16 0.004686 3 0 PTP 1 7_1_-112_3016
16 0.004686 3 0 PTP 1 11_1_-112_3173
16 0.004686 3 0 PTP 1 19_1_-112_3311
16 0.004686 3 0 PTP 1 35_1_-112_3270
16 0.004686 3 0 PTP 1 67_1_-112_3335
16 0.004686 3 0 PTP 1 4_1_-112_3238
16 0.004686 3 0 PTP 1 6_1_-112_3346
16 0.004686 3 0 PTP 1 10_1_-112_3213
16 0.004686 3 0 PTP 1 18_1_-112_3124
16 0.004686 3 0 PTP 1 34_1_-112_3212
16 0.004686 3 0 PTP 1 66_1_-112_3047
16 0.004687 3 0 PTP 1 113_1_-112_3248
16 0.004687 3 0 PTP 1 57_1_-112_3090
16 0.004687 3 0 PTP 1 89_1_-112_3126
16 0.004687 3 0 PTP 1 105_1_-112_3206
16 0.004687 3 0 PTP 1 29_1_-112_3236
16 0.004687 3 0 PTP 1 45_1_-112_3313
16 0.004687 3 0 PTP 1 53_1_-112_3020
16 0.004687 3 0 PTP 1 77_1_-112_3232
16 0.004687 3 0 PTP 1 85_1_-112_3384
16 0.004687 3 0 PTP 1 101_1_-112_3303
16 0.004687 3 0 PTP 1 15_1_-112_3141
16 0.004687 3 0 PTP 1 23_1_-112_3279
16 0.004687 3 0 PTP 1 27_1_-112_3368
16 0.004687 3 0 PTP 1 39_1_-112_3037
16 0.004687 3 0 PTP 1 43_1_-112_3269
16 0.004687 3 0 PTP 1 51_1_-112_3088
16 0.004687 3 0 PTP 1 71_1_-112_3041
16 0.004687 3 0 PTP 1 75_1_-112_3078
16 0.004687 3 0 PTP 1 83_1_-112_3358
16 0.004687 3 0 PTP 1 99_1_-112_3337
16 0.004687 3 0 PTP 1 8_1_-112_3348
16 0.004687 3 0 PTP 1 12_1_-112_3341
16 0.004687 3 0 PTP 1 14_1_-112_3191
16 0.004687 3 0 PTP 1 20_1_-112_3233
16 0.004687 3 0 PTP 1 22_1_-112_3369
16 0.004687 3 0 PTP 1 26_1_-112_3121
16 0.004687 3 0 PTP 1 36_1_-112_3023
16 0.004687 3 0 PTP 1 38_1_-112_3360
16 0.004687 3 0 PTP 1 42_1_-112_3375
16 0.004687 3 0 PTP 1 50_1_-112_3207
16 0.004687 3 0 PTP 1 68_1_-112_3237
16 0.004687 3 0 PTP 1 70_1_-112_3231
16 0.004687 3 0 PTP 1 74_1_-112_3291
16 0.004687 3 0 PTP 1 82_1_-112_3077
16 0.004687 3 0 PTP 1 98_1_-112_3104
16 0.004687 3 0 PTP 1 121_1_-112_3156
16 0.004687 3 0 PTP 1 61_1_-112_3086
16 0.004687 3 0 PTP 1 93_1_-112_3244
16 0.004687 3 0 PTP 1 109_1_-112_3033
16 0.004687 3 0 PTP 1 117_1_-112_3157
16 0.004687 3 0 PTP 1 31_1_-112_3168
16 0.004687 3 0 PTP 1 47_1_-112_3053
16 0.004687 3 0 PTP 1 55_1_-112_3130
16 0.004687 3 0 PTP 1 59_1_-112_3271
16 0.004687 3 0 PTP 1 79_1_-112_3100
16 0.004687 3 0 PTP 1 87_1_-112_3220
16 0.004687 3 0 PTP 1 91_1_-112_3131
16 0.004687 3 0 PTP 1 103_1_-112_3197
16 0.004687 3 0 PTP 1 107_1_-112_3091
16 0.004687 3 0 PTP 1 115_1_-112_3300
16 0.004687 3 0 PTP 1 16_1_-112_3317
16 0.004687 3 0 PTP 1 24_1_-112_3252
16 0.004687 3 0 PTP 1 28_1_-112_3022
16 0.004687 3 0 PTP 1 30_1_-112_3162
16 0.004687 3 0 PTP 1 40_1_-112_3142
16 0.004687 3 0 PTP 1 44_1_-112_3250
16 0.004687 3 0 PTP 1 46_1_-112_3171
16 0.004687 3 0 PTP 1 52_1_-112_3087
16 0.004687 3 0 PTP 1 54_1_-112_3043
16 0.004687 3 0 PTP 1 58_1_-112_3278
16 0.004687 3 0 PTP 1 72_1_-112_3330
16 0.004687 3 0 PTP 1 76_1_-112_3042
16 0.004687 3 0 PTP 1 78_1_-112_3172
16 0.004687 3 0 PTP 1 84_1_-112_3299
16 0.004687 3 0 PTP 1 86_1_-112_3306
16 0.004687 3 0 PTP 1 90_1_-112_3298
16 0.004687 3 0 PTP 1 100_1_-112_3177
16 0.004687 3 0 PTP 1 102_1_-112_3354
16 0.004687 3 0 PTP 1 106_1_-112_3377
16 0.004687 3 0 PTP 1 114_1_-112_3080
16 0.004687 3 0 PTP 1 125_1_-112_3105
16 0.004687 3 0 PTP 1 63_1_-112_3019
16 0.004687 3 0 PTP 1 95_1_-112_3116
16 0.004687 3 0 PTP 1 111_1_-112_3044
16 0.004687 3 0 PTP 1 119_1_-112_3169
16 0.004687 3 0 PTP 1 123_1_-112_3292
16 0.004687 3 0 PTP 1 32_1_-112_3262
16 0.004687 3 0 PTP 1 48_1_-112_3082
16 0.004687 3 0 PTP 1 56_1_-112_3089
16 0.004687 3 0 PTP 1 60_1_-112_3015
16 0.004687 3 0 PTP 1 62_1_-112_3163
16 0.004687 3 0 PTP 1 80_1_-112_3221
16 0.004687 3 0 PTP 1 88_1_-112_3119
16 0.004687 3 0 PTP 1 92_1_-112_3125
16 0.004687 3 0 PTP 1 94_1_-112_3170
16 0.004687 3 0 PTP 1 104_1_-112_3164
16 0.004687 3 0 PTP 1 108_1_-112_3018
16 0.004687 3 0 PTP 1 110_1_-112_3205
16 0.004687 3 0 PTP 1 116_1_-112_3065
16 0.004687 3 0 PTP 1 118_1_-112_3211
16 0.004687 3 0 PTP 1 122_1_-112_3176
16 0.004687 3 0 PTP 1 127_1_-112_3117
16 0.004687 3 0 PTP 1 64_1_-112_3099
16 0.004687 3 0 PTP 1 96_1_-112_3277
16 0.004687 3 0 PTP 1 112_1_-112_3054
16 0.004687 3 0 PTP 1 120_1_-112_3344
16 0.004687 3 0 PTP 1 124_1_-112_3017
16 0.004687 3 0 PTP 1 126_1_-112_3219
16 0.004687 3 0 PTP 1 128_1_-112_3155
13 0.004687 2 1
12 0.004690 2 1 7
16 0.004691 3 0 PTP 1 2_1_-778_3069
16 0.004691 3 0 PTP 1 3_1_-778_3198
16 0.004691 3 0 PTP 1 5_1_-778_3293
16 0.004691 3 0 PTP 1 9_1_-778_3332
16 0.004691 3 0 PTP 1 17_1_-778_3328
16 0.004691 3 0 PTP 1 33_1_-778_3386
16 0.004691 3 0 PTP 1 65_1_-778_3061
16 0.004691 3 0 PTP 1 97_1_-778_3379
16 0.004691 3 0 PTP 1 49_1_-778_3296
16 0.004691 3 0 PTP 1 81_1_-778_3280
16 0.004691 3 0 PTP 1 25_1_-778_3364
16 0.004691 3 0 PTP 1 41_1_-778_3147
16 0.004691 3 0 PTP 1 73_1_-778_3363
16 0.004691 3 0 PTP 1 13_1_-778_3193
16 0.004691 3 0 PTP 1 21_1_-778_3345
16 0.004691 3 0 PTP 1 37_1_-778_3273
16 0.004691 3 0 PTP 1 69_1_-778_3327
16 0.004691 3 0 PTP 1 7_1_-778_3025
16 0.004691 3 0 PTP 1 11_1_-778_3185
16 0.004691 3 0 PTP 1 19_1_-778_3318
16 0.004691 3 0 PTP 1 35_1_-778_3281
16 0.004691 3 0 PTP 1 67_1_-778_3338
16 0.004691 3 0 PTP 1 4_1_-778_3246
16 0.004691 3 0 PTP 1 6_1_-778_3352
16 0.004691 3 0 PTP 1 10_1_-778_3224
16 0.004691 3 0 PTP 1 18_1_-778_3143
16 0.004691 3 0 PTP 1 34_1_-778_3223
16 0.004691 3 0 PTP 1 66_1_-778_3055
16 0.004691 3 0 PTP 1 113_1_-778_3249
16 0.004691 3 0 PTP 1 57_1_-778_3107
16 0.004691 3 0 PTP 1 89_1_-778_3135
16 0.004691 3 0 PTP 1 105_1_-778_3215
16 0.004691 3 0 PTP 1 29_1_-778_3243
16 0.004691 3 0 PTP 1 45_1_-778_3319
16 0.004691 3 0 PTP 1 53_1_-778_3029
16 0.004691 3 0 PTP 1 77_1_-778_3242
16 0.004691 3 0 PTP 1 85_1_-778_3385
16 0.004691 3 0 PTP 1 101_1_-778_3315
16 0.004691 3 0 PTP 1 15_1_-778_3158
16 0.004691 3 0 PTP 1 23_1_-778_3294
16 0.004691 3 0 PTP 1 27_1_-778_3370
16 0.004691 3 0 PTP 1 39_1_-778_3052
16 0.004691 3 0 PTP 1 43_1_-778_3287
16 0.004691 3 0 PTP 1 51_1_-778_3096
16 0.004691 3 0 PTP 1 71_1_-778_3048
16 0.004691 3 0 PTP 1 75_1_-778_3093
16 0.004691 3 0 PTP 1 83_1_-778_3362
16 0.004691 3 0 PTP 1 99_1_-778_3342
16 0.004691 3 0 PTP 1 8_1_-778_3355
16 0.004691 3 0 PTP 1 12_1_-778_3349
16 0.004691 3 0 PTP 1 14_1_-778_3202
16 0.004691 3 0 PTP 1 20_1_-778_3239
16 0.004691 3 0 PTP 1 22_1_-778_3371
16 0.004691 3 0 PTP 1 26_1_-778_3133
16 0.004691 3 0 PTP 1 36_1_-778_3039
16 0.004691 3 0 PTP 1 38_1_-778_3366
16 0.004691 3 0 PTP 1 42_1_-778_3378
16 0.004691 3 0 PTP 1 50_1_-778_3216
16 0.004691 3 0 PTP 1 68_1_-778_3245
16 0.004691 3 0 PTP 1 70_1_-778_3241
16 0.004691 3 0 PTP 1 74_1_-778_3301
16 0.004691 3 0 PTP 1 82_1_-778_3092
16 0.004691 3 0 PTP 1 98_1_-778_3120
16 0.004691 3 0 PTP 1 121_1_-778_3174
16 0.004691 3 0 PTP 1 61_1_-778_3094
16 0.004691 3 0 PTP 1 93_1_-778_3253
16 0.004691 3 0 PTP 1 109_1_-778_3034
16 0.004691 3 0 PTP 1 117_1_-778_3175
16 0.004691 3 0 PTP 1 31_1_-778_3188
16 0.004691 3 0 PTP 1 47_1_-778_3063
16 0.004691 3 0 PTP 1 55_1_-778_3139
16 0.004691 3 0 PTP 1 59_1_-778_3282
16 0.004691 3 0 PTP 1 79_1_-778_3108
16 0.004691 3 0 PTP 1 87_1_-778_3230
16 0.004691 3 0 PTP 1 91_1_-778_3146
16 0.004691 3 0 PTP 1 103_1_-778_3201
16 0.004691 3 0 PTP 1 107_1_-778_3097
16 0.004691 3 0 PTP 1 115_1_-778_3304
16 0.004691 3 0 PTP 1 16_1_-778_3326
16 0.004691 3 0 PTP 1 24_1_-778_3263
16 0.004691 3 0 PTP 1 28_1_-778_3038
16 0.004691 3 0 PTP 1 30_1_-778_3179
16 0.004691 3 0 PTP 1 40_1_-778_3148
16 0.004691 3 0 PTP 1 44_1_-778_3261
16 0.004691 3 0 PTP 1 46_1_-778_3183
16 0.004691 3 0 PTP 1 52_1_-778_3095
16 0.004691 3 0 PTP 1 54_1_-778_3050
16 0.004691 3 0 PTP 1 58_1_-778_3285
16 0.004691 3 0 PTP 1 72_1_-778_3333
16 0.004691 3 0 PTP 1 76_1_-778_3049
16 0.004691 3 0 PTP 1 78_1_-778_3184
16 0.004691 3 0 PTP 1 84_1_-778_3308
16 0.004691 3 0 PTP 1 86_1_-778_3314
16 0.004691 3 0 PTP 1 90_1_-778_3307
16 0.004691 3 0 PTP 1 100_1_-778_3192
16 0.004691 3 0 PTP 1 102_1_-778_3359
16 0.004691 3 0 PTP 1 106_1_-778_3381
16 0.004691 3 0 PTP 1 114_1_-778_3083
16 0.004691 3 0 PTP 1 125_1_-778_3113
16 0.004692 3 0 PTP 1 63_1_-778_3028
16 0.004692 3 0 PTP 1 95_1_-778_3127
16 0.004692 3 0 PTP 1 111_1_-778_3058
16 0.004692 3 0 PTP 1 119_1_-778_3189
16 0.004692 3 0 PTP 1 123_1_-778_3302
16 0.004692 3 0 PTP 1 32_1_-778_3272
16 0.004692 3 0 PTP 1 48_1_-778_3101
16 0.004692 3 0 PTP 1 56_1_-778_3106
16 0.004692 3 0 PTP 1 60_1_-778_3024
16 0.004692 3 0 PTP 1 62_1_-778_3180
16 0.004692 3 0 PTP 1 80_1_-778_3226
16 0.004692 3 0 PTP 1 88_1_-778_3129
16 0.004692 3 0 PTP 1 92_1_-778_3134
16 0.004692 3 0 PTP 1 94_1_-778_3182
16 0.004692 3 0 PTP 1 104_1_-778_3181
16 0.004692 3 0 PTP 1 108_1_-778_3027
16 0.004692 3 0 PTP 1 110_1_-778_3214
16 0.004692 3 0 PTP 1 116_1_-778_3079
16 0.004692 3 0 PTP 1 118_1_-778_3217
16 0.004692 3 0 PTP 1 122_1_-778_3196
16 0.004692 3 0 PTP 1 127_1_-778_3128
16 0.004692 3 0 PTP 1 64_1_-778_3118
16 0.004692 3 0 PTP 1 96_1_-778_3284
16 0.004692 3 0 PTP 1 112_1_-778_3059
16 0.004692 3 0 PTP 1 120_1_-778_3351
16 0.004692 3 0 PTP 1 124_1_-778_3026
16 0.004692 3 0 PTP 1 126_1_-778_3225
16 0.004692 3 0 PTP 1 128_1_-778_3165
15 0.004692 3 0 PTP 1 1_2_-778_3387
15 0.004692 3 0 PTP 1 1_3_-778_3388
15 0.004692 3 0 PTP 1 1_4_-778_3389
15 0.004692 3 0 PTP 1 1_5_-778_3390
15 0.004692 3 0 PTP 1 1_6_-778_3391
15 0.004692 3 0 PTP 1 1_7_-778_3392
15 0.004692 3 0 PTP 1 1_8_-778_3393
15 0.004692 3 0 PTP 1 1_9_-778_3394
15 0.004692 3 0 PTP 1 1_10_-778_3395
15 0.004692 3 0 PTP 1 1_11_-778_3396
15 0.004692 3 0 PTP 1 1_12_-778_3397
15 0.004692 3 0 PTP 1 1_13_-778_3398
15 0.004692 3 0 PTP 1 1_14_-778_3399
15 0.004692 3 0 PTP 1 1_15_-778_3400
15 0.004692 3 0 PTP 1 1_16_-778_3401
15 0.004692 3 0 PTP 1 1_17_-778_3402
15 0.004692 3 0 PTP 1 1_18_-778_3403
15 0.004692 3 0 PTP 1 1_19_-778_3404
15 0.004692 3 0 PTP 1 1_20_-778_3405
15 0.004692 3 0 PTP 1 1_21_-778_3406
15 0.004692 3 0 PTP 1 1_22_-778_3407
15 0.004692 3 0 PTP 1 1_23_-778_3408
15 0.004692 3 0 PTP 1 1_24_-778_3409
15 0.004692 3 0 PTP 1 1_25_-778_3410
15 0.004692 3 0 PTP 1 1_26_-778_3411
15 0.004692 3 0 PTP 1 1_27_-778_3412
15 0.004692 3 0 PTP 1 1_28_-778_3413
15 0.004692 3 0 PTP 1 1_29_-778_3414
15 0.004692 3 0 PTP 1 1_30_-778_3415
15 0.004692 3 0 PTP 1 1_31_-778_3416
15 0.004692 3 0 PTP 1 1_32_-778_3417
15 0.004692 3 0 PTP 1 1_33_-778_3418
15 0.004692 3 0 PTP 1 1_34_-778_3419
15 0.004692 3 0 PTP 1 1_35_-778_3420
15 0.004692 3 0 PTP 1 1_36_-778_3421
15 0.004692 3 0 PTP 1 1_37_-778_3422
15 0.004692 3 0 PTP 1 1_38_-778_3423
15 0.004692 3 0 PTP 1 1_39_-778_3424
15 0.004692 3 0 PTP 1 1_40_-778_3425
15 0.004692 3 0 PTP 1 1_41_-778_3426
15 0.004692 3 0 PTP 1 1_42_-778_3427
15 0.004692 3 0 PTP 1 1_43_-778_3428
15 0.004692 3 0 PTP 1 1_44_-778_3429
15 0.004692 3 0 PTP 1 1_45_-778_3430
15 0.004692 3 0 PTP 1 1_46_-778_3431
15 0.004692 3 0 PTP 1 1_47_-778_3432
15 0.004692 3 0 PTP 1 1_48_-778_3433
15 0.004692 3 0 PTP 1 1_49_-778_3434
15 0.004692 3 0 PTP 1 1_50_-778_3435
15 0.004692 3 0 PTP 1 1_51_-778_3436
15 0.004692 3 0 PTP 1 1_52_-778_3437
15 0.004692 3 0 PTP 1 1_53_-778_3438
15 0.004692 3 0 PTP 1 1_54_-778_3439
15 0.004692 3 0 PTP 1 1_55_-778_3440
15 0.004692 3 0 PTP 1 1_56_-778_3441
15 0.004692 3 0 PTP 1 1_57_-778_3442
15 0.004692 3 0 PTP 1 1_58_-778_3443
15 0.004692 3 0 PTP 1 1_59_-778_3444
15 0.004692 3 0 PTP 1 1_60_-778_3445
15 0.004692 3 0 PTP 1 1_61_-778_3446
15 0.004692 3 0 PTP 1 1_62_-778_3447
15 0.004692 3 0 PTP 1 1_63_-778_3448
15 0.004692 3 0 PTP 1 1_64_-778_3449
15 0.004692 3 0 PTP 1 1_65_-778_3450
15 0.004692 3 0 PTP 1 1_66_-778_3451
15 0.004692 3 0 PTP 1 1_67_-778_3452
15 0.004692 3 0 PTP 1 1_68_-778_3453
15 0.004692 3 0 PTP 1 1_69_-778_3454
15 0.004692 3 0 PTP 1 1_70_-778_3455
15 0.004692 3 0 PTP 1 1_71_-778_3456
15 0.004692 3 0 PTP 1 1_72_-778_3457
15 0.004692 3 0 PTP 1 1_73_-778_3458
15 0.004692 3 0 PTP 1 1_74_-778_3459
15 0.004692 3 0 PTP 1 1_75_-778_3460
15 0.004692 3 0 PTP 1 1_76_-778_3461
15 0.004692 3 0 PTP 1 1_77_-778_3462
15 0.004692 3 0 PTP 1 1_78_-778_3463
15 0.004692 3 0 PTP 1 1_79_-778_3464
15 0.004692 3 0 PTP 1 1_80_-778_3465
15 0.004692 3 0 PTP 1 1_81_-778_3466
15 0.004692 3 0 PTP 1 1_82_-778_3467
15 0.004692 3 0 PTP 1 1_83_-778_3468
15 0.004692 3 0 PTP 1 1_84_-778_3469
15 0.004692 3 0 PTP 1 1_85_-778_3470
15 0.004692 3 0 PTP 1 1_86_-778_3471
15 0.004692 3 0 PTP 1 1_87_-778_3472
15 0.004692 3 0 PTP 1 1_88_-778_3473
15 0.004692 3 0 PTP 1 1_89_-778_3474
15 0.004692 3 0 PTP 1 1_90_-778_3475
15 0.004692 3 0 PTP 1 1_91_-778_3476
15 0.004692 3 0 PTP 1 1_92_-778_3477
15 0.004692 3 0 PTP 1 1_93_-778_3478
15 0.004692 3 0 PTP 1 1_94_-778_3479
15 0.004692 3 0 PTP 1 1_95_-778_3480
15 0.004692 3 0 PTP 1 1_96_-778_3481
15 0.004692 3 0 PTP 1 1_97_-778_3482
15 0.004692 3 0 PTP 1 1_98_-778_3483
15 0.004692 3 0 PTP 1 1_99_-778_3484
15 0.004692 3 0 PTP 1 1_100_-778_3485
15 0.004692 3 0 PTP 1 1_101_-778_3486
15 0.004692 3 0 PTP 1 1_102_-778_3487
15 0.004692 3 0 PTP 1 1_103_-778_3488
15 0.004692 3 0 PTP 1 1_104_-778_3489
15 0.004692 3 0 PTP 1 1_105_-778_3490
15 0.004692 3 0 PTP 1 1_106_-778_3491
15 0.004692 3 0 PTP 1 1_107_-778_3492
15 0.004692 3 0 PTP 1 1_108_-778_3493
15 0.004692 3 0 PTP 1 1_109_-778_3494
15 0.004692 3 0 PTP 1 1_110_-778_3495
15 0.004692 3 0 PTP 1 1_111_-778_3496
15 0.004692 3 0 PTP 1 1_112_-778_3497
15 0.004692 3 0 PTP 1 1_113_-778_3498
15 0.004692 3 0 PTP 1 1_114_-778_3499
15 0.004692 3 0 PTP 1 1_115_-778_3500
15 0.004692 3 0 PTP 1 1_116_-778_3501
15 0.004692 3 0 PTP 1 1_117_-778_3502
15 0.004692 3 0 PTP 1 1_118_-778_3503
15 0.004692 3 0 PTP 1 1_119_-778_3504
15 0.004692 3 0 PTP 1 1_120_-778_3505
15 0.004692 3 0 PTP 1 1_121_-778_3506
15 0.004692 3 0 PTP 1 1_122_-778_3507
15 0.004692 3 0 PTP 1 1_123_-778_3508
15 0.004692 3 0 PTP 1 1_124_-778_3509
15 0.004692 3 0 PTP 1 1_125_-778_3510
15 0.004692 3 0 PTP 1 1_126_-778_3511
15 0.004692 3 0 PTP 1 1_127_-778_3512
15 0.004692 3 0 PTP 1 1_128_-778_3513
13 0.004692 2 1
16 0.004692 3 0 PTP 2 1_2_-778_3387
13 0.004692 2 2
16 0.004692 3 0 PTP 3 1_3_-778_3388
13 0.004692 2 3
16 0.004692 3 0 PTP 5 1_5_-778_3390
13 0.004692 2 5
16 0.004692 3 0 PTP 9 1_9_-778_3394
13 0.004692 2 9
16 0.004692 3 0 PTP 17 1_17_-778_3402
13 0.004692 2 17
16 0.004692 3 0 PTP 33 1_33_-778_3418
13 0.004692 2 33
16 0.004692 3 0 PTP 65 1_65_-778_3450
13 0.004692 2 65
16 0.004692 3 0 PTP 97 1_97_-778_3482
13 0.004692 2 97
16 0.004692 3 0 PTP 81 1_81_-778_3466
13 0.004692 2 81
16 0.004692 3 0 PTP 49 1_49_-778_3434
13 0.004692 2 49
16 0.004692 3 0 PTP 73 1_73_-778_3458
13 0.004692 2 73
16 0.004692 3 0 PTP 41 1_41_-778_3426
13 0.004692 2 41
16 0.004692 3 0 PTP 25 1_25_-778_3410
13 0.004692 2 25
16 0.004692 3 0 PTP 69 1_69_-778_3454
13 0.004692 2 69
16 0.004692 3 0 PTP 37 1_37_-778_3422
13 0.004692 2 37
16 0.004692 3 0 PTP 21 1_21_-778_3406
13 0.004692 2 21
16 0.004692 3 0 PTP 13 1_13_-778_3398
13 0.004692 2 13
16 0.004692 3 0 PTP 67 1_67_-778_3452
13 0.004692 2 67
16 0.004692 3 0 PTP 35 1_35_-778_3420
13 0.004692 2 35
16 0.004692 3 0 PTP 19 1_19_-778_3404
13 0.004692 2 19
16 0.004692 3 0 PTP 11 1_11_-778_3396
13 0.004692 2 11
16 0.004692 3 0 PTP 7 1_7_-778_3392
13 0.004692 2 7
16 0.004692 3 0 PTP 66 1_66_-778_3451
13 0.004692 2 66
16 0.004692 3 0 PTP 34 1_34_-778_3419
13 0.004692 2 34
16 0.004692 3 0 PTP 18 1_18_-778_3403
13 0.004692 2 18
16 0.004692 3 0 PTP 10 1_10_-778_3395
13 0.004692 2 10
16 0.004692 3 0 PTP 6 1_6_-778_3391
13 0.004692 2 6
16 0.004692 3 0 PTP 4 1_4_-778_3389
13 0.004692 2 4
16 0.004693 3 0 PTP 113 1_113_-778_3498
13 0.004693 2 113
16 0.004693 3 0 PTP 105 1_105_-778_3490
13 0.004693 2 105
16 0.004693 3 0 PTP 89 1_89_-778_3474
13 0.004693 2 89
16 0.004693 3 0 PTP 57 1_57_-778_3442
13 0.004693 2 57
16 0.004693 3 0 PTP 101 1_101_-778_3486
13 0.004693 2 101
16 0.004693 3 0 PTP 85 1_85_-778_3470
13 0.004693 2 85
16 0.004693 3 0 PTP 77 1_77_-778_3462
13 0.004693 2 77
16 0.004693 3 0 PTP 53 1_53_-778_3438
13 0.004693 2 53
16 0.004693 3 0 PTP 45 1_45_-778_3430
13 0.004693 2 45
16 0.004693 3 0 PTP 29 1_29_-778_3414
13 0.004693 2 29
16 0.004693 3 0 PTP 99 1_99_-778_3484
13 0.004693 2 99
16 0.004693 3 0 PTP 83 1_83_-778_3468
13 0.004693 2 83
16 0.004693 3 0 PTP 75 1_75_-778_3460
13 0.004693 2 75
16 0.004693 3 0 PTP 71 1_71_-778_3456
13 0.004693 2 71
16 0.004693 3 0 PTP 51 1_51_-778_3436
13 0.004693 2 51
16 0.004693 3 0 PTP 43 1_43_-778_3428
13 0.004693 2 43
16 0.004693 3 0 PTP 39 1_39_-778_3424
13 0.004693 2 39
16 0.004693 3 0 PTP 27 1_27_-778_3412
13 0.004693 2 27
16 0.004693 3 0 PTP 23 1_23_-778_3408
13 0.004693 2 23
16 0.004693 3 0 PTP 15 1_15_-778_3400
13 0.004693 2 15
16 0.004693 3 0 PTP 98 1_98_-778_3483
13 0.004693 2 98
16 0.004693 3 0 PTP 82 1_82_-778_3467
13 0.004693 2 82
16 0.004693 3 0 PTP 74 1_74_-778_3459
13 0.004693 2 74
16 0.004693 3 0 PTP 70 1_70_-778_3455
13 0.004693 2 70
16 0.004693 3 0 PTP 68 1_68_-778_3453
13 0.004693 2 68
16 0.004693 3 0 PTP 50 1_50_-778_3435
13 0.004693 2 50
16 0.004693 3 0 PTP 42 1_42_-778_3427
13 0.004693 2 42
16 0.004693 3 0 PTP 38 1_38_-778_3423
13 0.004693 2 38
16 0.004693 3 0 PTP 36 1_36_-778_3421
13 0.004693 2 36
16 0.004693 3 0 PTP 26 1_26_-778_3411
13 0.004693 2 26
16 0.004693 3 0 PTP 22 1_22_-778_3407
13 0.004693 2 22
16 0.004693 3 0 PTP 20 1_20_-778_3405
13 0.004693 2 20
16 0.004693 3 0 PTP 14 1_14_-778_3399
13 0.004693 2 14
16 0.004693 3 0 PTP 12 1_12_-778_3397
13 0.004693 2 12
16 0.004693 3 0 PTP 8 1_8_-778_3393
13 0.004693 2 8
16 0.004693 3 0 PTP 121 1_121_-778_3506
13 0.004693 2 121
16 0.004693 3 0 PTP 117 1_117_-778_3502
13 0.004693 2 117
16 0.004693 3 0 PTP 109 1_109_-778_3494
13 0.004693 2 109
16 0.004693 3 0 PTP 93 1_93_-778_3478
13 0.004693 2 93
16 0.004693 3 0 PTP 61 1_61_-778_3446
13 0.004693 2 61
16 0.004693 3 0 PTP 115 1_115_-778_3500
13 0.004693 2 115
16 0.004693 3 0 PTP 107 1_107_-778_3492
13 0.004693 2 107
16 0.004693 3 0 PTP 103 1_103_-778_3488
13 0.004693 2 103
16 0.004693 3 0 PTP 91 1_91_-778_3476
13 0.004693 2 91
16 0.004693 3 0 PTP 87 1_87_-778_3472
13 0.004693 2 87
16 0.004693 3 0 PTP 79 1_79_-778_3464
13 0.004693 2 79
16 0.004693 3 0 PTP 59 1_59_-778_3444
13 0.004693 2 59
16 0.004693 3 0 PTP 55 1_55_-778_3440
13 0.004693 2 55
16 0.004693 3 0 PTP 47 1_47_-778_3432
13 0.004693 2 47
16 0.004693 3 0 PTP 31 1_31_-778_3416
13 0.004693 2 31
16 0.004693 3 0 PTP 114 1_114_-778_3499
13 0.004693 2 114
16 0.004693 3 0 PTP 106 1_106_-778_3491
13 0.004693 2 106
16 0.004693 3 0 PTP 102 1_102_-778_3487
13 0.004693 2 102
16 0.004693 3 0 PTP 100 1_100_-778_3485
13 0.004693 2 100
16 0.004693 3 0 PTP 90 1_90_-778_3475
13 0.004693 2 90
16 0.004693 3 0 PTP 86 1_86_-778_3471
13 0.004693 2 86
16 0.004693 3 0 PTP 84 1_84_-778_3469
13 0.004693 2 84
16 0.004693 3 0 PTP 78 1_78_-778_3463
13 0.004693 2 78
16 0.004693 3 0 PTP 76 1_76_-778_3461
13 0.004693 2 76
16 0.004693 3 0 PTP 72 1_72_-778_3457
13 0.004693 2 72
16 0.004693 3 0 PTP 58 1_58_-778_3443
13 0.004693 2 58
16 0.004693 3 0 PTP 54 1_54_-778_3439
13 0.004693 2 54
16 0.004693 3 0 PTP 52 1_52_-778_3437
13 0.004693 2 52
16 0.004693 3 0 PTP 46 1_46_-778_3431
13 0.004693 2 46
16 0.004693 3 0 PTP 44 1_44_-778_3429
13 0.004693 2 44
16 0.004693 3 0 PTP 40 1_40_-778_3425
13 0.004693 2 40
16 0.004693 3 0 PTP 30 1_30_-778_3415
13 0.004693 2 30
16 0.004693 3 0 PTP 28 1_28_-778_3413
13 0.004693 2 28
16 0.004693 3 0 PTP 24 1_24_-778_3409
13 0.004693 2 24
16 0.004693 3 0 PTP 16 1_16_-778_3401
13 0.004693 2 16
16 0.004693 3 0 PTP 125 1_125_-778_3510
13 0.004693 2 125
16 0.004693 3 0 PTP 123 1_123_-778_3508
13 0.004693 2 123
16 0.004693 3 0 PTP 119 1_119_-778_3504
13 0.004693 2 119
16 0.004693 3 0 PTP 111 1_111_-778_3496
13 0.004693 2 111
16 0.004693 3 0 PTP 95 1_95_-778_3480
13 0.004693 2 95
16 0.004693 3 0 PTP 63 1_63_-778_3448
13 0.004693 2 63
16 0.004693 3 0 PTP 122 1_122_-778_3507
13 0.004693 2 122
16 0.004693 3 0 PTP 118 1_118_-778_3503
13 0.004693 2 118
16 0.004693 3 0 PTP 116 1_116_-778_3501
13 0.004693 2 116
16 0.004693 3 0 PTP 110 1_110_-778_3495
13 0.004693 2 110
16 0.004693 3 0 PTP 108 1_108_-778_3493
13 0.004693 2 108
16 0.004693 3 0 PTP 104 1_104_-778_3489
13 0.004693 2 104
16 0.004693 3 0 PTP 94 1_94_-778_3479
13 0.004693 2 94
16 0.004693 3 0 PTP 92 1_92_-778_3477
13 0.004693 2 92
16 0.004693 3 0 PTP 88 1_88_-778_3473
13 0.004693 2 88
16 0.004693 3 0 PTP 80 1_80_-778_3465
13 0.004693 2 80
16 0.004693 3 0 PTP 62 1_62_-778_3447
13 0.004693 2 62
16 0.004693 3 0 PTP 60 1_60_-778_3445
13 0.004693 2 60
16 0.004693 3 0 PTP 56 1_56_-778_3441
13 0.004693 2 56
16 0.004693 3 0 PTP 48 1_48_-778_3433
13 0.004693 2 48
16 0.004693 3 0 PTP 32 1_32_-778_3417
13 0.004693 2 32
12 0.004693 2 9 11
13 0.004693 2 9
7 0.004693 1 9
16 0.004693 3 0 PTP 127 1_127_-778_3512
13 0.004693 2 127
16 0.004693 3 0 PTP 126 1_126_-778_3511
13 0.004693 2 126
16 0.004693 3 0 PTP 124 1_124_-778_3509
13 0.004693 2 124
16 0.004693 3 0 PTP 120 1_120_-778_3505
13 0.004693 2 120
16 0.004693 3 0 PTP 112 1_112_-778_3497
13 0.004693 2 112
16 0.004693 3 0 PTP 96 1_96_-778_3481
13 0.004693 2 96
16 0.004693 3 0 PTP 64 1_64_-778_3449
13 0.004693 2 64
12 0.004693 2 97 11
13 0.004693 2 97
7 0.004693 1 97
12 0.004693 2 25 11
13 0.004693 2 25
7 0.004693 1 25
12 0.004693 2 21 11
13 0.004693 2 21
7 0.004693 1 21
12 0.004693 2 13 11
13 0.004693 2 13
7 0.004693 1 13
16 0.004693 3 0 PTP 128 1_128_-778_3513
13 0.004693 2 128
12 0.004694 2 105 11
13 0.004694 2 105
7 0.004694 1 105
12 0.004694 2 77 11
13 0.004694 2 77
7 0.004694 1 77
12 0.004694 2 29 11
13 0.004694 2 29
7 0.004694 1 29
12 0.004694 2 82 11
13 0.004694 2 82
7 0.004694 1 82
12 0.004694 2 103 11
13 0.004694 2 103
7 0.004694 1 103
12 0.004694 2 87 11
13 0.004694 2 87
7 0.004694 1 87
12 0.004694 2 59 11
13 0.004694 2 59
7 0.004694 1 59
12 0.004694 2 31 11
13 0.004694 2 31
7 0.004694 1 31
12 0.004694 2 100 11
13 0.004694 2 100
7 0.004694 1 100
12 0.004694 2 86 11
13 0.004694 2 86
7 0.004694 1 86
12 0.004694 2 78 11
13 0.004694 2 78
7 0.004694 1 78
12 0.004694 2 30 11
13 0.004694 2 30
7 0.004694 1 30
12 0.004694 2 24 11
13 0.004694 2 24
7 0.004694 1 24
12 0.004694 2 111 11
13 0.004694 2 111
7 0.004694 1 111
12 0.004694 2 116 11
13 0.004694 2 116
7 0.004694 1 116
12 0.004694 2 2 11
13 0.004694 2 2
7 0.004694 1 2
12 0.004694 2 3 11
13 0.004694 2 3
7 0.004694 1 3
12 0.004694 2 5 11
13 0.004694 2 5
7 0.004694 1 5
12 0.004694 2 17 11
13 0.004694 2 17
7 0.004694 1 17
12 0.004694 2 33 11
13 0.004694 2 33
7 0.004694 1 33
12 0.004694 2 65 11
13 0.004694 2 65
7 0.004694 1 65
12 0.004694 2 112 11
13 0.004694 2 112
7 0.004694 1 112
12 0.004694 2 81 11
13 0.004694 2 81
7 0.004694 1 81
12 0.004694 2 49 11
13 0.004694 2 49
7 0.004694 1 49
12 0.004694 2 73 11
13 0.004694 2 73
7 0.004694 1 73
12 0.004694 2 41 11
13 0.004694 2 41
7 0.004694 1 41
12 0.004694 2 69 11
13 0.004694 2 69
7 0.004694 1 69
12 0.004694 2 37 11
13 0.004694 2 37
7 0.004694 1 37
12 0.004694 2 67 11
13 0.004694 2 67
7 0.004694 1 67
12 0.004694 2 35 11
13 0.004694 2 35
7 0.004694 1 35
12 0.004694 2 19 11
13 0.004694 2 19
7 0.004694 1 19
12 0.004694 2 11 11
13 0.004694 2 11
7 0.004694 1 11
12 0.004694 2 7 11
13 0.004694 2 7
7 0.004694 1 7
12 0.004694 2 66 11
13 0.004694 2 66
7 0.004694 1 66
12 0.004694 2 34 11
13 0.004694 2 34
7 0.004694 1 34
12 0.004694 2 18 11
13 0.004694 2 18
7 0.004694 1 18
12 0.004694 2 10 11
13 0.004694 2 10
7 0.004694 1 10
12 0.004694 2 6 11
13 0.004694 2 6
7 0.004694 1 6
12 0.004694 2 4 11
13 0.004694 2 4
7 0.004694 1 4
12 0.004695 2 113 11
13 0.004695 2 113
7 0.004695 1 113
12 0.004695 2 89 11
13 0.004695 2 89
7 0.004695 1 89
12 0.004695 2 57 11
13 0.004695 2 57
7 0.004695 1 57
12 0.004695 2 85 11
13 0.004695 2 85
7 0.004695 1 85
12 0.004695 2 53 11
13 0.004695 2 53
7 0.004695 1 53
12 0.004695 2 45 11
13 0.004695 2 45
7 0.004695 1 45
12 0.004695 2 99 11
13 0.004695 2 99
7 0.004695 1 99
12 0.004695 2 83 11
13 0.004695 2 83
7 0.004695 1 83
12 0.004695 2 75 11
13 0.004695 2 75
7 0.004695 1 75
12 0.004695 2 71 11
13 0.004695 2 71
7 0.004695 1 71
12 0.004695 2 51 11
13 0.004695 2 51
7 0.004695 1 51
12 0.004695 2 43 11
13 0.004695 2 43
7 0.004695 1 43
12 0.004695 2 39 11
13 0.004695 2 39
7 0.004695 1 39
12 0.004695 2 27 11
13 0.004695 2 27
7 0.004695 1 27
12 0.004695 2 23 11
13 0.004695 2 23
7 0.004695 1 23
12 0.004695 2 15 11
13 0.004695 2 15
7 0.004695 1 15
12 0.004695 2 98 11
13 0.004695 2 98
7 0.004695 1 98
12 0.004695 2 74 11
13 0.004695 2 74
7 0.004695 1 74
12 0.004695 2 70 11
13 0.004695 2 70
7 0.004695 1 70
12 0.004695 2 68 11
13 0.004695 2 68
7 0.004695 1 68
12 0.004695 2 50 11
13 0.004695 2 50
7 0.004695 1 50
12 0.004695 2 42 11
13 0.004695 2 42
7 0.004695 1 42
12 0.004695 2 38 11
13 0.004695 2 38
7 0.004695 1 38
12 0.004695 2 36 11
13 0.004695 2 36
7 0.004695 1 36
12 0.004695 2 26 11
13 0.004695 2 26
7 0.004695 1 26
12 0.004695 2 22 11
13 0.004695 2 22
7 0.004695 1 22
12 0.004695 2 20 11
13 0.004695 2 20
7 0.004695 1 20
12 0.004695 2 14 11
13 0.004695 2 14
7 0.004695 1 14
12 0.004695 2 12 11
13 0.004695 2 12
7 0.004695 1 12
12 0.004695 2 8 11
13 0.004695 2 8
7 0.004695 1 8
12 0.004695 2 121 11
13 0.004695 2 121
7 0.004695 1 121
12 0.004695 2 117 11
13 0.004695 2 117
7 0.004695 1 117
12 0.004695 2 109 11
13 0.004695 2 109
7 0.004695 1 109
12 0.004695 2 93 11
13 0.004695 2 93
7 0.004695 1 93
12 0.004695 2 115 11
13 0.004695 2 115
7 0.004695 1 115
12 0.004695 2 107 11
13 0.004695 2 107
7 0.004695 1 107
12 0.004695 2 91 11
13 0.004695 2 91
7 0.004695 1 91
12 0.004695 2 79 11
13 0.004695 2 79
7 0.004695 1 79
12 0.004695 2 55 11
13 0.004695 2 55
7 0.004695 1 55
12 0.004695 2 47 11
13 0.004695 2 47
7 0.004695 1 47
12 0.004695 2 106 11
13 0.004695 2 106
7 0.004695 1 106
12 0.004695 2 102 11
13 0.004695 2 102
7 0.004695 1 102
12 0.004695 2 90 11
13 0.004695 2 90
7 0.004695 1 90
12 0.004695 2 84 11
13 0.004695 2 84
7 0.004695 1 84
12 0.004695 2 76 11
13 0.004695 2 76
7 0.004695 1 76
12 0.004695 2 72 11
13 0.004695 2 72
7 0.004695 1 72
12 0.004695 2 58 11
13 0.004695 2 58
7 0.004695 1 58
12 0.004695 2 54 11
13 0.004695 2 54
7 0.004695 1 54
12 0.004695 2 52 11
13 0.004695 2 52
7 0.004695 1 52
12 0.004695 2 46 11
13 0.004695 2 46
7 0.004695 1 46
12 0.004695 2 44 11
13 0.004695 2 44
7 0.004695 1 44
12 0.004695 2 40 11
13 0.004695 2 40
7 0.004695 1 40
12 0.004695 2 28 11
13 0.004695 2 28
7 0.004695 1 28
12 0.004695 2 125 11
13 0.004695 2 125
7 0.004695 1 125
12 0.004695 2 119 11
13 0.004695 2 119
7 0.004695 1 119
12 0.004695 2 95 11
13 0.004695 2 95
7 0.004695 1 95
12 0.004695 2 63 11
13 0.004695 2 63
7 0.004695 1 63
12 0.004695 2 122 11
13 0.004695 2 122
7 0.004695 1 122
12 0.004695 2 118 11
13 0.004695 2 118
7 0.004695 1 118
12 0.004695 2 110 11
13 0.004695 2 110
7 0.004695 1 110
12 0.004695 2 108 11
13 0.004695 2 108
7 0.004695 1 108
12 0.004695 2 104 11
13 0.004695 2 104
7 0.004695 1 104
12 0.004695 2 94 11
13 0.004695 2 94
7 0.004695 1 94
12 0.004695 2 92 11
13 0.004695 2 92
7 0.004695 1 92
12 0.004695 2 88 11
13 0.004695 2 88
7 0.004695 1 88
12 0.004695 2 80 11
13 0.004695 2 80
7 0.004695 1 80
12 0.004695 2 60 11
13 0.004695 2 60
7 0.004695 1 60
12 0.004695 2 48 11
13 0.004695 2 48
7 0.004695 1 48
12 0.004695 2 32 11
13 0.004695 2 32
7 0.004695 1 32
12 0.004695 2 127 11
13 0.004695 2 127
7 0.004695 1 127
12 0.004695 2 126 11
13 0.004695 2 126
7 0.004695 1 126
12 0.004695 2 124 11
13 0.004695 2 124
7 0.004695 1 124
12 0.004695 2 120 11
13 0.004695 2 120
7 0.004695 1 120
12 0.004695 2 96 11
13 0.004695 2 96
7 0.004695 1 96
12 0.004695 2 64 11
13 0.004695 2 64
7 0.004695 1 64
12 0.004696 2 101 11
13 0.004696 2 101
7 0.004696 1 101
12 0.004696 2 61 11
13 0.004696 2 61
7 0.004696 1 61
12 0.004696 2 114 11
13 0.004696 2 114
7 0.004696 1 114
12 0.004696 2 123 11
13 0.004696 2 123
7 0.004696 1 123
12 0.004696 2 62 11
13 0.004696 2 62
7 0.004696 1 62
12 0.004696 2 56 11
13 0.004696 2 56
7 0.004696 1 56
12 0.004696 2 128 11
13 0.004696 2 128
7 0.004696 1 128
12 0.004699 2 16 11
13 0.004699 2 16
7 0.004699 1 16
12 0.004731 2 1 11
13 0.004731 2 1
7 0.004731 1 1
