#This file was generated using SimGrid-4.1.0
#[/Users/j/Desktop/A-Bcast-Model-for-Given-Topologies/bin/runner /Users/j/Desktop/A-Bcast-Model-for-Given-Topologies/topo/Butterfly/platform_butterfly_128.xml bine 4194304 128 0 _ _ ]
%EventDef PajeDefineContainerType 0
%       Alias string
%       Type string
%       Name string
%EndEventDef
%EventDef PajeDefineVariableType 1
%       Alias string
%       Type string
%       Name string
%       Color color
%EndEventDef
%EventDef PajeDefineStateType 2
%       Alias string
%       Type string
%       Name string
%EndEventDef
%EventDef PajeDefineEventType 3
%       Alias string
%       Type string
%       Name string
%EndEventDef
%EventDef PajeDefineLinkType 4
%       Alias string
%       Type string
%       StartContainerType string
%       EndContainerType string
%       Name string
%EndEventDef
%EventDef PajeDefineEntityValue 5
%       Alias string
%       Type string
%       Name string
%       Color color
%EndEventDef
%EventDef PajeCreateContainer 6
%       Time date
%       Alias string
%       Type string
%       Container string
%       Name string
%EndEventDef
%EventDef PajeDestroyContainer 7
%       Time date
%       Type string
%       Name string
%EndEventDef
%EventDef PajeSetVariable 8
%       Time date
%       Type string
%       Container string
%       Value double
%EndEventDef
%EventDef PajeAddVariable 9
%       Time date
%       Type string
%       Container string
%       Value double
%EndEventDef
%EventDef PajeSubVariable 10
%       Time date
%       Type string
%       Container string
%       Value double
%EndEventDef
%EventDef PajeSetState 11
%       Time date
%       Type string
%       Container string
%       Value string
%EndEventDef
%EventDef PajePushState 12
%       Time date
%       Type string
%       Container string
%       Value string
%EndEventDef
%EventDef PajePopState 13
%       Time date
%       Type string
%       Container string
%EndEventDef
%EventDef PajeResetState 14
%       Time date
%       Type string
%       Container string
%EndEventDef
%EventDef PajeStartLink 15
%       Time date
%       Type string
%       Container string
%       Value string
%       StartContainer string
%       Key string
%EndEventDef
%EventDef PajeEndLink 16
%       Time date
%       Type string
%       Container string
%       Value string
%       EndContainer string
%       Key string
%EndEventDef
%EventDef PajeNewEvent 17
%       Time date
%       Type string
%       Container string
%       Value string
%EndEventDef
0 1 0 MPI
2 2 1 MPI_STATE
4 3 0 1 1 MPI_LINK
4 4 0 1 1 MIGRATE_LINK
2 5 1 MIGRATE_STATE
6 0.000000 1 1 0 "rank-0"
6 0.000000 2 1 0 "rank-1"
6 0.000000 3 1 0 "rank-2"
6 0.000000 4 1 0 "rank-3"
6 0.000000 5 1 0 "rank-4"
6 0.000000 6 1 0 "rank-5"
6 0.000000 7 1 0 "rank-6"
6 0.000000 8 1 0 "rank-7"
6 0.000000 9 1 0 "rank-8"
6 0.000000 10 1 0 "rank-9"
6 0.000000 11 1 0 "rank-10"
6 0.000000 12 1 0 "rank-11"
6 0.000000 13 1 0 "rank-12"
6 0.000000 14 1 0 "rank-13"
6 0.000000 15 1 0 "rank-14"
6 0.000000 16 1 0 "rank-15"
6 0.000000 17 1 0 "rank-16"
6 0.000000 18 1 0 "rank-17"
6 0.000000 19 1 0 "rank-18"
6 0.000000 20 1 0 "rank-19"
6 0.000000 21 1 0 "rank-20"
6 0.000000 22 1 0 "rank-21"
6 0.000000 23 1 0 "rank-22"
6 0.000000 24 1 0 "rank-23"
6 0.000000 25 1 0 "rank-24"
6 0.000000 26 1 0 "rank-25"
6 0.000000 27 1 0 "rank-26"
6 0.000000 28 1 0 "rank-27"
6 0.000000 29 1 0 "rank-28"
6 0.000000 30 1 0 "rank-29"
6 0.000000 31 1 0 "rank-30"
6 0.000000 32 1 0 "rank-31"
6 0.000000 33 1 0 "rank-32"
6 0.000000 34 1 0 "rank-33"
6 0.000000 35 1 0 "rank-34"
6 0.000000 36 1 0 "rank-35"
6 0.000000 37 1 0 "rank-36"
6 0.000000 38 1 0 "rank-37"
6 0.000000 39 1 0 "rank-38"
6 0.000000 40 1 0 "rank-39"
6 0.000000 41 1 0 "rank-40"
6 0.000000 42 1 0 "rank-41"
6 0.000000 43 1 0 "rank-42"
6 0.000000 44 1 0 "rank-43"
6 0.000000 45 1 0 "rank-44"
6 0.000000 46 1 0 "rank-45"
6 0.000000 47 1 0 "rank-46"
6 0.000000 48 1 0 "rank-47"
6 0.000000 49 1 0 "rank-48"
6 0.000000 50 1 0 "rank-49"
6 0.000000 51 1 0 "rank-50"
6 0.000000 52 1 0 "rank-51"
6 0.000000 53 1 0 "rank-52"
6 0.000000 54 1 0 "rank-53"
6 0.000000 55 1 0 "rank-54"
6 0.000000 56 1 0 "rank-55"
6 0.000000 57 1 0 "rank-56"
6 0.000000 58 1 0 "rank-57"
6 0.000000 59 1 0 "rank-58"
6 0.000000 60 1 0 "rank-59"
6 0.000000 61 1 0 "rank-60"
6 0.000000 62 1 0 "rank-61"
6 0.000000 63 1 0 "rank-62"
6 0.000000 64 1 0 "rank-63"
6 0.000000 65 1 0 "rank-64"
6 0.000000 66 1 0 "rank-65"
6 0.000000 67 1 0 "rank-66"
6 0.000000 68 1 0 "rank-67"
6 0.000000 69 1 0 "rank-68"
6 0.000000 70 1 0 "rank-69"
6 0.000000 71 1 0 "rank-70"
6 0.000000 72 1 0 "rank-71"
6 0.000000 73 1 0 "rank-72"
6 0.000000 74 1 0 "rank-73"
6 0.000000 75 1 0 "rank-74"
6 0.000000 76 1 0 "rank-75"
6 0.000000 77 1 0 "rank-76"
6 0.000000 78 1 0 "rank-77"
6 0.000000 79 1 0 "rank-78"
6 0.000000 80 1 0 "rank-79"
6 0.000000 81 1 0 "rank-80"
6 0.000000 82 1 0 "rank-81"
6 0.000000 83 1 0 "rank-82"
6 0.000000 84 1 0 "rank-83"
6 0.000000 85 1 0 "rank-84"
6 0.000000 86 1 0 "rank-85"
6 0.000000 87 1 0 "rank-86"
6 0.000000 88 1 0 "rank-87"
6 0.000000 89 1 0 "rank-88"
6 0.000000 90 1 0 "rank-89"
6 0.000000 91 1 0 "rank-90"
6 0.000000 92 1 0 "rank-91"
6 0.000000 93 1 0 "rank-92"
6 0.000000 94 1 0 "rank-93"
6 0.000000 95 1 0 "rank-94"
6 0.000000 96 1 0 "rank-95"
6 0.000000 97 1 0 "rank-96"
6 0.000000 98 1 0 "rank-97"
6 0.000000 99 1 0 "rank-98"
6 0.000000 100 1 0 "rank-99"
6 0.000000 101 1 0 "rank-100"
6 0.000000 102 1 0 "rank-101"
6 0.000000 103 1 0 "rank-102"
6 0.000000 104 1 0 "rank-103"
6 0.000000 105 1 0 "rank-104"
6 0.000000 106 1 0 "rank-105"
6 0.000000 107 1 0 "rank-106"
6 0.000000 108 1 0 "rank-107"
6 0.000000 109 1 0 "rank-108"
6 0.000000 110 1 0 "rank-109"
6 0.000000 111 1 0 "rank-110"
6 0.000000 112 1 0 "rank-111"
6 0.000000 113 1 0 "rank-112"
6 0.000000 114 1 0 "rank-113"
6 0.000000 115 1 0 "rank-114"
6 0.000000 116 1 0 "rank-115"
6 0.000000 117 1 0 "rank-116"
6 0.000000 118 1 0 "rank-117"
6 0.000000 119 1 0 "rank-118"
6 0.000000 120 1 0 "rank-119"
6 0.000000 121 1 0 "rank-120"
6 0.000000 122 1 0 "rank-121"
6 0.000000 123 1 0 "rank-122"
6 0.000000 124 1 0 "rank-123"
6 0.000000 125 1 0 "rank-124"
6 0.000000 126 1 0 "rank-125"
6 0.000000 127 1 0 "rank-126"
6 0.000000 128 1 0 "rank-127"
5 6 2 PMPI_Init "0 1 0"
12 0.000000 2 1 6
13 0.000000 2 1
12 0.000000 2 2 6
13 0.000000 2 2
12 0.000000 2 3 6
13 0.000000 2 3
12 0.000000 2 4 6
13 0.000000 2 4
12 0.000000 2 5 6
13 0.000000 2 5
12 0.000000 2 6 6
13 0.000000 2 6
12 0.000000 2 7 6
13 0.000000 2 7
12 0.000000 2 8 6
13 0.000000 2 8
12 0.000000 2 9 6
13 0.000000 2 9
12 0.000000 2 10 6
13 0.000000 2 10
12 0.000000 2 11 6
13 0.000000 2 11
12 0.000000 2 12 6
13 0.000000 2 12
12 0.000000 2 13 6
13 0.000000 2 13
12 0.000000 2 14 6
13 0.000000 2 14
12 0.000000 2 15 6
13 0.000000 2 15
12 0.000000 2 16 6
13 0.000000 2 16
12 0.000000 2 17 6
13 0.000000 2 17
12 0.000000 2 18 6
13 0.000000 2 18
12 0.000000 2 19 6
13 0.000000 2 19
12 0.000000 2 20 6
13 0.000000 2 20
12 0.000000 2 21 6
13 0.000000 2 21
12 0.000000 2 22 6
13 0.000000 2 22
12 0.000000 2 23 6
13 0.000000 2 23
12 0.000000 2 24 6
13 0.000000 2 24
12 0.000000 2 25 6
13 0.000000 2 25
12 0.000000 2 26 6
13 0.000000 2 26
12 0.000000 2 27 6
13 0.000000 2 27
12 0.000000 2 28 6
13 0.000000 2 28
12 0.000000 2 29 6
13 0.000000 2 29
12 0.000000 2 30 6
13 0.000000 2 30
12 0.000000 2 31 6
13 0.000000 2 31
12 0.000000 2 32 6
13 0.000000 2 32
12 0.000000 2 33 6
13 0.000000 2 33
12 0.000000 2 34 6
13 0.000000 2 34
12 0.000000 2 35 6
13 0.000000 2 35
12 0.000000 2 36 6
13 0.000000 2 36
12 0.000000 2 37 6
13 0.000000 2 37
12 0.000000 2 38 6
13 0.000000 2 38
12 0.000000 2 39 6
13 0.000000 2 39
12 0.000000 2 40 6
13 0.000000 2 40
12 0.000000 2 41 6
13 0.000000 2 41
12 0.000000 2 42 6
13 0.000000 2 42
12 0.000000 2 43 6
13 0.000000 2 43
12 0.000000 2 44 6
13 0.000000 2 44
12 0.000000 2 45 6
13 0.000000 2 45
12 0.000000 2 46 6
13 0.000000 2 46
12 0.000000 2 47 6
13 0.000000 2 47
12 0.000000 2 48 6
13 0.000000 2 48
12 0.000000 2 49 6
13 0.000000 2 49
12 0.000000 2 50 6
13 0.000000 2 50
12 0.000000 2 51 6
13 0.000000 2 51
12 0.000000 2 52 6
13 0.000000 2 52
12 0.000000 2 53 6
13 0.000000 2 53
12 0.000000 2 54 6
13 0.000000 2 54
12 0.000000 2 55 6
13 0.000000 2 55
12 0.000000 2 56 6
13 0.000000 2 56
12 0.000000 2 57 6
13 0.000000 2 57
12 0.000000 2 58 6
13 0.000000 2 58
12 0.000000 2 59 6
13 0.000000 2 59
12 0.000000 2 60 6
13 0.000000 2 60
12 0.000000 2 61 6
13 0.000000 2 61
12 0.000000 2 62 6
13 0.000000 2 62
12 0.000000 2 63 6
13 0.000000 2 63
12 0.000000 2 64 6
13 0.000000 2 64
12 0.000000 2 65 6
13 0.000000 2 65
12 0.000000 2 66 6
13 0.000000 2 66
12 0.000000 2 67 6
13 0.000000 2 67
12 0.000000 2 68 6
13 0.000000 2 68
12 0.000000 2 69 6
13 0.000000 2 69
12 0.000000 2 70 6
13 0.000000 2 70
12 0.000000 2 71 6
13 0.000000 2 71
12 0.000000 2 72 6
13 0.000000 2 72
12 0.000000 2 73 6
13 0.000000 2 73
12 0.000000 2 74 6
13 0.000000 2 74
12 0.000000 2 75 6
13 0.000000 2 75
12 0.000000 2 76 6
13 0.000000 2 76
12 0.000000 2 77 6
13 0.000000 2 77
12 0.000000 2 78 6
13 0.000000 2 78
12 0.000000 2 79 6
13 0.000000 2 79
12 0.000000 2 80 6
13 0.000000 2 80
12 0.000000 2 81 6
13 0.000000 2 81
12 0.000000 2 82 6
13 0.000000 2 82
12 0.000000 2 83 6
13 0.000000 2 83
12 0.000000 2 84 6
13 0.000000 2 84
12 0.000000 2 85 6
13 0.000000 2 85
12 0.000000 2 86 6
13 0.000000 2 86
12 0.000000 2 87 6
13 0.000000 2 87
12 0.000000 2 88 6
13 0.000000 2 88
12 0.000000 2 89 6
13 0.000000 2 89
12 0.000000 2 90 6
13 0.000000 2 90
12 0.000000 2 91 6
13 0.000000 2 91
12 0.000000 2 92 6
13 0.000000 2 92
12 0.000000 2 93 6
13 0.000000 2 93
12 0.000000 2 94 6
13 0.000000 2 94
12 0.000000 2 95 6
13 0.000000 2 95
12 0.000000 2 96 6
13 0.000000 2 96
12 0.000000 2 97 6
13 0.000000 2 97
12 0.000000 2 98 6
13 0.000000 2 98
12 0.000000 2 99 6
13 0.000000 2 99
12 0.000000 2 100 6
13 0.000000 2 100
12 0.000000 2 101 6
13 0.000000 2 101
12 0.000000 2 102 6
13 0.000000 2 102
12 0.000000 2 103 6
13 0.000000 2 103
12 0.000000 2 104 6
13 0.000000 2 104
12 0.000000 2 105 6
13 0.000000 2 105
12 0.000000 2 106 6
13 0.000000 2 106
12 0.000000 2 107 6
13 0.000000 2 107
12 0.000000 2 108 6
13 0.000000 2 108
12 0.000000 2 109 6
13 0.000000 2 109
12 0.000000 2 110 6
13 0.000000 2 110
12 0.000000 2 111 6
13 0.000000 2 111
12 0.000000 2 112 6
13 0.000000 2 112
12 0.000000 2 113 6
13 0.000000 2 113
12 0.000000 2 114 6
13 0.000000 2 114
12 0.000000 2 115 6
13 0.000000 2 115
12 0.000000 2 116 6
13 0.000000 2 116
12 0.000000 2 117 6
13 0.000000 2 117
12 0.000000 2 118 6
13 0.000000 2 118
12 0.000000 2 119 6
13 0.000000 2 119
12 0.000000 2 120 6
13 0.000000 2 120
12 0.000000 2 121 6
13 0.000000 2 121
12 0.000000 2 122 6
13 0.000000 2 122
12 0.000000 2 123 6
13 0.000000 2 123
12 0.000000 2 124 6
13 0.000000 2 124
12 0.000000 2 125 6
13 0.000000 2 125
12 0.000000 2 126 6
13 0.000000 2 126
12 0.000000 2 127 6
13 0.000000 2 127
12 0.000000 2 128 6
13 0.000000 2 128
5 7 2 PMPI_Barrier "0 0.39 0.78"
5 8 2 PMPI_Recv "1 0 0"
5 9 2 PMPI_Send "0 0 1"
5 10 2 PMPI_Reduce "0 1 0"
5 11 2 PMPI_Finalize "0 1 0"
12 0.000053 2 18 7
15 0.000053 3 0 PTP 18 18_1_-778_1
12 0.000053 2 20 7
15 0.000053 3 0 PTP 20 20_1_-778_2
12 0.000054 2 19 7
15 0.000054 3 0 PTP 19 19_1_-778_3
12 0.000054 2 22 7
15 0.000054 3 0 PTP 22 22_1_-778_4
12 0.000055 2 25 7
15 0.000055 3 0 PTP 25 25_1_-778_5
12 0.000056 2 23 7
15 0.000056 3 0 PTP 23 23_1_-778_6
12 0.000056 2 26 7
15 0.000056 3 0 PTP 26 26_1_-778_7
12 0.000056 2 31 7
15 0.000056 3 0 PTP 31 31_1_-778_8
12 0.000057 2 24 7
15 0.000057 3 0 PTP 24 24_1_-778_9
12 0.000057 2 28 7
15 0.000057 3 0 PTP 28 28_1_-778_10
12 0.000057 2 39 7
15 0.000057 3 0 PTP 39 39_1_-778_11
12 0.000057 2 40 7
15 0.000057 3 0 PTP 40 40_1_-778_12
12 0.000058 2 36 7
15 0.000058 3 0 PTP 36 36_1_-778_13
12 0.000058 2 42 7
15 0.000058 3 0 PTP 42 42_1_-778_14
12 0.000058 2 46 7
15 0.000058 3 0 PTP 46 46_1_-778_15
12 0.000059 2 30 7
15 0.000059 3 0 PTP 30 30_1_-778_16
12 0.000059 2 32 7
15 0.000059 3 0 PTP 32 32_1_-778_17
12 0.000059 2 41 7
15 0.000059 3 0 PTP 41 41_1_-778_18
12 0.000059 2 43 7
15 0.000059 3 0 PTP 43 43_1_-778_19
12 0.000059 2 44 7
15 0.000059 3 0 PTP 44 44_1_-778_20
12 0.000060 2 35 7
15 0.000060 3 0 PTP 35 35_1_-778_21
12 0.000060 2 38 7
15 0.000060 3 0 PTP 38 38_1_-778_22
12 0.000060 2 45 7
15 0.000060 3 0 PTP 45 45_1_-778_23
12 0.000061 2 5 7
15 0.000061 3 0 PTP 5 5_1_-778_24
12 0.000061 2 11 7
15 0.000061 3 0 PTP 11 11_1_-778_25
12 0.000061 2 29 7
15 0.000061 3 0 PTP 29 29_1_-778_26
12 0.000061 2 34 7
15 0.000061 3 0 PTP 34 34_1_-778_27
12 0.000062 2 10 7
15 0.000062 3 0 PTP 10 10_1_-778_28
12 0.000062 2 16 7
15 0.000062 3 0 PTP 16 16_1_-778_29
12 0.000063 2 14 7
15 0.000063 3 0 PTP 14 14_1_-778_30
12 0.000063 2 15 7
15 0.000063 3 0 PTP 15 15_1_-778_31
12 0.000064 2 9 7
15 0.000064 3 0 PTP 9 9_1_-778_32
12 0.000064 2 17 7
15 0.000064 3 0 PTP 17 17_1_-778_33
12 0.000066 2 13 7
15 0.000066 3 0 PTP 13 13_1_-778_34
12 0.000066 2 21 7
15 0.000066 3 0 PTP 21 21_1_-778_35
12 0.000066 2 27 7
15 0.000066 3 0 PTP 27 27_1_-778_36
12 0.000067 2 4 7
15 0.000067 3 0 PTP 4 4_1_-778_37
12 0.000069 2 6 7
15 0.000069 3 0 PTP 6 6_1_-778_38
12 0.000070 2 8 7
15 0.000070 3 0 PTP 8 8_1_-778_39
12 0.000070 2 103 7
15 0.000070 3 0 PTP 103 103_1_-778_40
12 0.000070 2 105 7
15 0.000070 3 0 PTP 105 105_1_-778_41
12 0.000070 2 118 7
15 0.000070 3 0 PTP 118 118_1_-778_42
12 0.000071 2 3 7
15 0.000071 3 0 PTP 3 3_1_-778_43
12 0.000071 2 37 7
15 0.000071 3 0 PTP 37 37_1_-778_44
12 0.000071 2 102 7
15 0.000071 3 0 PTP 102 102_1_-778_45
12 0.000071 2 106 7
15 0.000071 3 0 PTP 106 106_1_-778_46
12 0.000071 2 109 7
15 0.000071 3 0 PTP 109 109_1_-778_47
12 0.000071 2 119 7
15 0.000071 3 0 PTP 119 119_1_-778_48
12 0.000071 2 127 7
15 0.000071 3 0 PTP 127 127_1_-778_49
12 0.000071 2 128 7
15 0.000071 3 0 PTP 128 128_1_-778_50
12 0.000072 2 74 7
15 0.000072 3 0 PTP 74 74_1_-778_51
12 0.000072 2 100 7
15 0.000072 3 0 PTP 100 100_1_-778_52
12 0.000072 2 104 7
15 0.000072 3 0 PTP 104 104_1_-778_53
12 0.000072 2 107 7
15 0.000072 3 0 PTP 107 107_1_-778_54
12 0.000072 2 111 7
15 0.000072 3 0 PTP 111 111_1_-778_55
12 0.000072 2 113 7
15 0.000072 3 0 PTP 113 113_1_-778_56
12 0.000072 2 115 7
15 0.000072 3 0 PTP 115 115_1_-778_57
12 0.000072 2 120 7
15 0.000072 3 0 PTP 120 120_1_-778_58
12 0.000073 2 53 7
15 0.000073 3 0 PTP 53 53_1_-778_59
12 0.000073 2 57 7
15 0.000073 3 0 PTP 57 57_1_-778_60
12 0.000073 2 73 7
15 0.000073 3 0 PTP 73 73_1_-778_61
12 0.000073 2 76 7
15 0.000073 3 0 PTP 76 76_1_-778_62
12 0.000073 2 77 7
15 0.000073 3 0 PTP 77 77_1_-778_63
12 0.000073 2 82 7
15 0.000073 3 0 PTP 82 82_1_-778_64
12 0.000073 2 108 7
15 0.000073 3 0 PTP 108 108_1_-778_65
12 0.000073 2 112 7
15 0.000073 3 0 PTP 112 112_1_-778_66
12 0.000074 2 54 7
15 0.000074 3 0 PTP 54 54_1_-778_67
12 0.000074 2 58 7
15 0.000074 3 0 PTP 58 58_1_-778_68
12 0.000074 2 59 7
15 0.000074 3 0 PTP 59 59_1_-778_69
12 0.000074 2 68 7
15 0.000074 3 0 PTP 68 68_1_-778_70
12 0.000074 2 75 7
15 0.000074 3 0 PTP 75 75_1_-778_71
12 0.000074 2 78 7
15 0.000074 3 0 PTP 78 78_1_-778_72
12 0.000074 2 81 7
15 0.000074 3 0 PTP 81 81_1_-778_73
12 0.000074 2 83 7
15 0.000074 3 0 PTP 83 83_1_-778_74
12 0.000074 2 86 7
15 0.000074 3 0 PTP 86 86_1_-778_75
12 0.000074 2 93 7
15 0.000074 3 0 PTP 93 93_1_-778_76
12 0.000074 2 95 7
15 0.000074 3 0 PTP 95 95_1_-778_77
12 0.000074 2 116 7
15 0.000074 3 0 PTP 116 116_1_-778_78
12 0.000074 2 117 7
15 0.000074 3 0 PTP 117 117_1_-778_79
12 0.000075 2 2 7
15 0.000075 3 0 PTP 2 2_1_-778_80
12 0.000075 2 51 7
15 0.000075 3 0 PTP 51 51_1_-778_81
12 0.000075 2 61 7
15 0.000075 3 0 PTP 61 61_1_-778_82
12 0.000075 2 62 7
15 0.000075 3 0 PTP 62 62_1_-778_83
12 0.000075 2 71 7
15 0.000075 3 0 PTP 71 71_1_-778_84
12 0.000075 2 84 7
15 0.000075 3 0 PTP 84 84_1_-778_85
12 0.000075 2 89 7
15 0.000075 3 0 PTP 89 89_1_-778_86
12 0.000075 2 114 7
15 0.000075 3 0 PTP 114 114_1_-778_87
12 0.000076 2 50 7
15 0.000076 3 0 PTP 50 50_1_-778_88
12 0.000076 2 55 7
15 0.000076 3 0 PTP 55 55_1_-778_89
12 0.000076 2 56 7
15 0.000076 3 0 PTP 56 56_1_-778_90
12 0.000076 2 69 7
15 0.000076 3 0 PTP 69 69_1_-778_91
12 0.000076 2 79 7
15 0.000076 3 0 PTP 79 79_1_-778_92
12 0.000076 2 87 7
15 0.000076 3 0 PTP 87 87_1_-778_93
12 0.000076 2 88 7
15 0.000076 3 0 PTP 88 88_1_-778_94
12 0.000076 2 90 7
15 0.000076 3 0 PTP 90 90_1_-778_95
12 0.000076 2 92 7
15 0.000076 3 0 PTP 92 92_1_-778_96
12 0.000076 2 99 7
15 0.000076 3 0 PTP 99 99_1_-778_97
12 0.000076 2 110 7
15 0.000076 3 0 PTP 110 110_1_-778_98
12 0.000076 2 122 7
15 0.000076 3 0 PTP 122 122_1_-778_99
12 0.000076 2 125 7
15 0.000076 3 0 PTP 125 125_1_-778_100
12 0.000077 2 52 7
15 0.000077 3 0 PTP 52 52_1_-778_101
12 0.000077 2 72 7
15 0.000077 3 0 PTP 72 72_1_-778_102
12 0.000077 2 85 7
15 0.000077 3 0 PTP 85 85_1_-778_103
12 0.000077 2 91 7
15 0.000077 3 0 PTP 91 91_1_-778_104
12 0.000077 2 97 7
15 0.000077 3 0 PTP 97 97_1_-778_105
12 0.000078 2 60 7
15 0.000078 3 0 PTP 60 60_1_-778_106
12 0.000078 2 64 7
15 0.000078 3 0 PTP 64 64_1_-778_107
12 0.000078 2 65 7
15 0.000078 3 0 PTP 65 65_1_-778_108
12 0.000078 2 66 7
15 0.000078 3 0 PTP 66 66_1_-778_109
12 0.000078 2 67 7
15 0.000078 3 0 PTP 67 67_1_-778_110
12 0.000078 2 96 7
15 0.000078 3 0 PTP 96 96_1_-778_111
12 0.000078 2 101 7
15 0.000078 3 0 PTP 101 101_1_-778_112
12 0.000078 2 121 7
15 0.000078 3 0 PTP 121 121_1_-778_113
12 0.000078 2 124 7
15 0.000078 3 0 PTP 124 124_1_-778_114
12 0.000079 2 49 7
15 0.000079 3 0 PTP 49 49_1_-778_115
12 0.000079 2 98 7
15 0.000079 3 0 PTP 98 98_1_-778_116
12 0.000079 2 123 7
15 0.000079 3 0 PTP 123 123_1_-778_117
12 0.000080 2 7 7
15 0.000080 3 0 PTP 7 7_1_-778_118
12 0.000080 2 80 7
15 0.000080 3 0 PTP 80 80_1_-778_119
12 0.000080 2 126 7
15 0.000080 3 0 PTP 126 126_1_-778_120
12 0.000081 2 12 7
15 0.000081 3 0 PTP 12 12_1_-778_121
12 0.000082 2 47 7
15 0.000082 3 0 PTP 47 47_1_-778_122
12 0.000082 2 70 7
15 0.000082 3 0 PTP 70 70_1_-778_123
12 0.000082 2 94 7
15 0.000082 3 0 PTP 94 94_1_-778_124
12 0.000086 2 63 7
15 0.000086 3 0 PTP 63 63_1_-778_125
12 0.000106 2 48 7
15 0.000106 3 0 PTP 48 48_1_-778_126
12 0.000114 2 33 7
15 0.000114 3 0 PTP 33 33_1_-778_127
12 0.000691 2 1 7
16 0.000691 3 0 PTP 1 2_1_-778_80
16 0.000691 3 0 PTP 1 3_1_-778_43
16 0.000691 3 0 PTP 1 5_1_-778_24
16 0.000691 3 0 PTP 1 9_1_-778_32
16 0.000691 3 0 PTP 1 17_1_-778_33
16 0.000691 3 0 PTP 1 33_1_-778_127
16 0.000691 3 0 PTP 1 65_1_-778_108
16 0.000691 3 0 PTP 1 97_1_-778_105
16 0.000691 3 0 PTP 1 49_1_-778_115
16 0.000691 3 0 PTP 1 81_1_-778_73
16 0.000691 3 0 PTP 1 25_1_-778_5
16 0.000691 3 0 PTP 1 41_1_-778_18
16 0.000691 3 0 PTP 1 73_1_-778_61
16 0.000691 3 0 PTP 1 13_1_-778_34
16 0.000691 3 0 PTP 1 21_1_-778_35
16 0.000691 3 0 PTP 1 37_1_-778_44
16 0.000691 3 0 PTP 1 69_1_-778_91
16 0.000691 3 0 PTP 1 7_1_-778_118
16 0.000691 3 0 PTP 1 11_1_-778_25
16 0.000691 3 0 PTP 1 19_1_-778_3
16 0.000691 3 0 PTP 1 35_1_-778_21
16 0.000691 3 0 PTP 1 67_1_-778_110
16 0.000691 3 0 PTP 1 4_1_-778_37
16 0.000691 3 0 PTP 1 6_1_-778_38
16 0.000691 3 0 PTP 1 10_1_-778_28
16 0.000691 3 0 PTP 1 18_1_-778_1
16 0.000691 3 0 PTP 1 34_1_-778_27
16 0.000691 3 0 PTP 1 66_1_-778_109
16 0.000692 3 0 PTP 1 113_1_-778_56
16 0.000692 3 0 PTP 1 57_1_-778_60
16 0.000692 3 0 PTP 1 89_1_-778_86
16 0.000692 3 0 PTP 1 105_1_-778_41
16 0.000692 3 0 PTP 1 29_1_-778_26
16 0.000692 3 0 PTP 1 45_1_-778_23
16 0.000692 3 0 PTP 1 53_1_-778_59
16 0.000692 3 0 PTP 1 77_1_-778_63
16 0.000692 3 0 PTP 1 85_1_-778_103
16 0.000692 3 0 PTP 1 101_1_-778_112
16 0.000692 3 0 PTP 1 15_1_-778_31
16 0.000692 3 0 PTP 1 23_1_-778_6
16 0.000692 3 0 PTP 1 27_1_-778_36
16 0.000692 3 0 PTP 1 39_1_-778_11
16 0.000692 3 0 PTP 1 43_1_-778_19
16 0.000692 3 0 PTP 1 51_1_-778_81
16 0.000692 3 0 PTP 1 71_1_-778_84
16 0.000692 3 0 PTP 1 75_1_-778_71
16 0.000692 3 0 PTP 1 83_1_-778_74
16 0.000692 3 0 PTP 1 99_1_-778_97
16 0.000692 3 0 PTP 1 8_1_-778_39
16 0.000692 3 0 PTP 1 12_1_-778_121
16 0.000692 3 0 PTP 1 14_1_-778_30
16 0.000692 3 0 PTP 1 20_1_-778_2
16 0.000692 3 0 PTP 1 22_1_-778_4
16 0.000692 3 0 PTP 1 26_1_-778_7
16 0.000692 3 0 PTP 1 36_1_-778_13
16 0.000692 3 0 PTP 1 38_1_-778_22
16 0.000692 3 0 PTP 1 42_1_-778_14
16 0.000692 3 0 PTP 1 50_1_-778_88
16 0.000692 3 0 PTP 1 68_1_-778_70
16 0.000692 3 0 PTP 1 70_1_-778_123
16 0.000692 3 0 PTP 1 74_1_-778_51
16 0.000692 3 0 PTP 1 82_1_-778_64
16 0.000692 3 0 PTP 1 98_1_-778_116
16 0.000692 3 0 PTP 1 121_1_-778_113
16 0.000692 3 0 PTP 1 61_1_-778_82
16 0.000692 3 0 PTP 1 93_1_-778_76
16 0.000692 3 0 PTP 1 109_1_-778_47
16 0.000692 3 0 PTP 1 117_1_-778_79
16 0.000692 3 0 PTP 1 31_1_-778_8
16 0.000692 3 0 PTP 1 47_1_-778_122
16 0.000692 3 0 PTP 1 55_1_-778_89
16 0.000692 3 0 PTP 1 59_1_-778_69
16 0.000692 3 0 PTP 1 79_1_-778_92
16 0.000692 3 0 PTP 1 87_1_-778_93
16 0.000692 3 0 PTP 1 91_1_-778_104
16 0.000692 3 0 PTP 1 103_1_-778_40
16 0.000692 3 0 PTP 1 107_1_-778_54
16 0.000692 3 0 PTP 1 115_1_-778_57
16 0.000692 3 0 PTP 1 16_1_-778_29
16 0.000692 3 0 PTP 1 24_1_-778_9
16 0.000692 3 0 PTP 1 28_1_-778_10
16 0.000692 3 0 PTP 1 30_1_-778_16
16 0.000692 3 0 PTP 1 40_1_-778_12
16 0.000692 3 0 PTP 1 44_1_-778_20
16 0.000692 3 0 PTP 1 46_1_-778_15
16 0.000692 3 0 PTP 1 52_1_-778_101
16 0.000692 3 0 PTP 1 54_1_-778_67
16 0.000692 3 0 PTP 1 58_1_-778_68
16 0.000692 3 0 PTP 1 72_1_-778_102
16 0.000692 3 0 PTP 1 76_1_-778_62
16 0.000692 3 0 PTP 1 78_1_-778_72
16 0.000692 3 0 PTP 1 84_1_-778_85
16 0.000692 3 0 PTP 1 86_1_-778_75
16 0.000692 3 0 PTP 1 90_1_-778_95
16 0.000692 3 0 PTP 1 100_1_-778_52
16 0.000692 3 0 PTP 1 102_1_-778_45
16 0.000692 3 0 PTP 1 106_1_-778_46
16 0.000692 3 0 PTP 1 114_1_-778_87
16 0.000692 3 0 PTP 1 125_1_-778_100
16 0.000692 3 0 PTP 1 63_1_-778_125
16 0.000692 3 0 PTP 1 95_1_-778_77
16 0.000692 3 0 PTP 1 111_1_-778_55
16 0.000692 3 0 PTP 1 119_1_-778_48
16 0.000692 3 0 PTP 1 123_1_-778_117
16 0.000692 3 0 PTP 1 32_1_-778_17
16 0.000692 3 0 PTP 1 48_1_-778_126
16 0.000692 3 0 PTP 1 56_1_-778_90
16 0.000692 3 0 PTP 1 60_1_-778_106
16 0.000692 3 0 PTP 1 62_1_-778_83
16 0.000692 3 0 PTP 1 80_1_-778_119
16 0.000692 3 0 PTP 1 88_1_-778_94
16 0.000692 3 0 PTP 1 92_1_-778_96
16 0.000692 3 0 PTP 1 94_1_-778_124
16 0.000692 3 0 PTP 1 104_1_-778_53
16 0.000692 3 0 PTP 1 108_1_-778_65
16 0.000692 3 0 PTP 1 110_1_-778_98
16 0.000692 3 0 PTP 1 116_1_-778_78
16 0.000692 3 0 PTP 1 118_1_-778_42
16 0.000692 3 0 PTP 1 122_1_-778_99
16 0.000692 3 0 PTP 1 127_1_-778_49
16 0.000692 3 0 PTP 1 64_1_-778_107
16 0.000692 3 0 PTP 1 96_1_-778_111
16 0.000692 3 0 PTP 1 112_1_-778_66
16 0.000692 3 0 PTP 1 120_1_-778_58
16 0.000692 3 0 PTP 1 124_1_-778_114
16 0.000692 3 0 PTP 1 126_1_-778_120
16 0.000692 3 0 PTP 1 128_1_-778_50
15 0.000692 3 0 PTP 1 1_2_-778_128
15 0.000692 3 0 PTP 1 1_3_-778_129
15 0.000692 3 0 PTP 1 1_4_-778_130
15 0.000692 3 0 PTP 1 1_5_-778_131
15 0.000692 3 0 PTP 1 1_6_-778_132
15 0.000692 3 0 PTP 1 1_7_-778_133
15 0.000692 3 0 PTP 1 1_8_-778_134
15 0.000692 3 0 PTP 1 1_9_-778_135
15 0.000692 3 0 PTP 1 1_10_-778_136
15 0.000692 3 0 PTP 1 1_11_-778_137
15 0.000692 3 0 PTP 1 1_12_-778_138
15 0.000692 3 0 PTP 1 1_13_-778_139
15 0.000692 3 0 PTP 1 1_14_-778_140
15 0.000692 3 0 PTP 1 1_15_-778_141
15 0.000692 3 0 PTP 1 1_16_-778_142
15 0.000692 3 0 PTP 1 1_17_-778_143
15 0.000692 3 0 PTP 1 1_18_-778_144
15 0.000692 3 0 PTP 1 1_19_-778_145
15 0.000692 3 0 PTP 1 1_20_-778_146
15 0.000692 3 0 PTP 1 1_21_-778_147
15 0.000692 3 0 PTP 1 1_22_-778_148
15 0.000692 3 0 PTP 1 1_23_-778_149
15 0.000692 3 0 PTP 1 1_24_-778_150
15 0.000692 3 0 PTP 1 1_25_-778_151
15 0.000692 3 0 PTP 1 1_26_-778_152
15 0.000692 3 0 PTP 1 1_27_-778_153
15 0.000692 3 0 PTP 1 1_28_-778_154
15 0.000692 3 0 PTP 1 1_29_-778_155
15 0.000692 3 0 PTP 1 1_30_-778_156
15 0.000692 3 0 PTP 1 1_31_-778_157
15 0.000692 3 0 PTP 1 1_32_-778_158
15 0.000692 3 0 PTP 1 1_33_-778_159
15 0.000692 3 0 PTP 1 1_34_-778_160
15 0.000692 3 0 PTP 1 1_35_-778_161
15 0.000692 3 0 PTP 1 1_36_-778_162
15 0.000692 3 0 PTP 1 1_37_-778_163
15 0.000692 3 0 PTP 1 1_38_-778_164
15 0.000692 3 0 PTP 1 1_39_-778_165
15 0.000692 3 0 PTP 1 1_40_-778_166
15 0.000692 3 0 PTP 1 1_41_-778_167
15 0.000692 3 0 PTP 1 1_42_-778_168
15 0.000692 3 0 PTP 1 1_43_-778_169
15 0.000692 3 0 PTP 1 1_44_-778_170
15 0.000692 3 0 PTP 1 1_45_-778_171
15 0.000692 3 0 PTP 1 1_46_-778_172
15 0.000692 3 0 PTP 1 1_47_-778_173
15 0.000692 3 0 PTP 1 1_48_-778_174
15 0.000692 3 0 PTP 1 1_49_-778_175
15 0.000692 3 0 PTP 1 1_50_-778_176
15 0.000692 3 0 PTP 1 1_51_-778_177
15 0.000692 3 0 PTP 1 1_52_-778_178
15 0.000692 3 0 PTP 1 1_53_-778_179
15 0.000692 3 0 PTP 1 1_54_-778_180
15 0.000692 3 0 PTP 1 1_55_-778_181
15 0.000692 3 0 PTP 1 1_56_-778_182
15 0.000692 3 0 PTP 1 1_57_-778_183
15 0.000692 3 0 PTP 1 1_58_-778_184
15 0.000692 3 0 PTP 1 1_59_-778_185
15 0.000692 3 0 PTP 1 1_60_-778_186
15 0.000692 3 0 PTP 1 1_61_-778_187
15 0.000692 3 0 PTP 1 1_62_-778_188
15 0.000692 3 0 PTP 1 1_63_-778_189
15 0.000692 3 0 PTP 1 1_64_-778_190
15 0.000692 3 0 PTP 1 1_65_-778_191
15 0.000692 3 0 PTP 1 1_66_-778_192
15 0.000692 3 0 PTP 1 1_67_-778_193
15 0.000692 3 0 PTP 1 1_68_-778_194
15 0.000692 3 0 PTP 1 1_69_-778_195
15 0.000692 3 0 PTP 1 1_70_-778_196
15 0.000692 3 0 PTP 1 1_71_-778_197
15 0.000692 3 0 PTP 1 1_72_-778_198
15 0.000692 3 0 PTP 1 1_73_-778_199
15 0.000692 3 0 PTP 1 1_74_-778_200
15 0.000692 3 0 PTP 1 1_75_-778_201
15 0.000692 3 0 PTP 1 1_76_-778_202
15 0.000692 3 0 PTP 1 1_77_-778_203
15 0.000692 3 0 PTP 1 1_78_-778_204
15 0.000692 3 0 PTP 1 1_79_-778_205
15 0.000692 3 0 PTP 1 1_80_-778_206
15 0.000692 3 0 PTP 1 1_81_-778_207
15 0.000692 3 0 PTP 1 1_82_-778_208
15 0.000692 3 0 PTP 1 1_83_-778_209
15 0.000692 3 0 PTP 1 1_84_-778_210
15 0.000692 3 0 PTP 1 1_85_-778_211
15 0.000692 3 0 PTP 1 1_86_-778_212
15 0.000692 3 0 PTP 1 1_87_-778_213
15 0.000692 3 0 PTP 1 1_88_-778_214
15 0.000692 3 0 PTP 1 1_89_-778_215
15 0.000692 3 0 PTP 1 1_90_-778_216
15 0.000692 3 0 PTP 1 1_91_-778_217
15 0.000692 3 0 PTP 1 1_92_-778_218
15 0.000692 3 0 PTP 1 1_93_-778_219
15 0.000692 3 0 PTP 1 1_94_-778_220
15 0.000692 3 0 PTP 1 1_95_-778_221
15 0.000692 3 0 PTP 1 1_96_-778_222
15 0.000692 3 0 PTP 1 1_97_-778_223
15 0.000692 3 0 PTP 1 1_98_-778_224
15 0.000692 3 0 PTP 1 1_99_-778_225
15 0.000692 3 0 PTP 1 1_100_-778_226
15 0.000692 3 0 PTP 1 1_101_-778_227
15 0.000692 3 0 PTP 1 1_102_-778_228
15 0.000692 3 0 PTP 1 1_103_-778_229
15 0.000692 3 0 PTP 1 1_104_-778_230
15 0.000692 3 0 PTP 1 1_105_-778_231
15 0.000692 3 0 PTP 1 1_106_-778_232
15 0.000692 3 0 PTP 1 1_107_-778_233
15 0.000692 3 0 PTP 1 1_108_-778_234
15 0.000692 3 0 PTP 1 1_109_-778_235
15 0.000692 3 0 PTP 1 1_110_-778_236
15 0.000692 3 0 PTP 1 1_111_-778_237
15 0.000692 3 0 PTP 1 1_112_-778_238
15 0.000692 3 0 PTP 1 1_113_-778_239
15 0.000692 3 0 PTP 1 1_114_-778_240
15 0.000692 3 0 PTP 1 1_115_-778_241
15 0.000692 3 0 PTP 1 1_116_-778_242
15 0.000692 3 0 PTP 1 1_117_-778_243
15 0.000692 3 0 PTP 1 1_118_-778_244
15 0.000692 3 0 PTP 1 1_119_-778_245
15 0.000692 3 0 PTP 1 1_120_-778_246
15 0.000692 3 0 PTP 1 1_121_-778_247
15 0.000692 3 0 PTP 1 1_122_-778_248
15 0.000692 3 0 PTP 1 1_123_-778_249
15 0.000692 3 0 PTP 1 1_124_-778_250
15 0.000692 3 0 PTP 1 1_125_-778_251
15 0.000692 3 0 PTP 1 1_126_-778_252
15 0.000692 3 0 PTP 1 1_127_-778_253
15 0.000692 3 0 PTP 1 1_128_-778_254
13 0.000692 2 1
16 0.000693 3 0 PTP 2 1_2_-778_128
13 0.000693 2 2
16 0.000693 3 0 PTP 3 1_3_-778_129
13 0.000693 2 3
16 0.000693 3 0 PTP 5 1_5_-778_131
13 0.000693 2 5
16 0.000693 3 0 PTP 9 1_9_-778_135
13 0.000693 2 9
16 0.000693 3 0 PTP 17 1_17_-778_143
13 0.000693 2 17
16 0.000693 3 0 PTP 33 1_33_-778_159
13 0.000693 2 33
16 0.000693 3 0 PTP 65 1_65_-778_191
13 0.000693 2 65
16 0.000693 3 0 PTP 97 1_97_-778_223
13 0.000693 2 97
16 0.000693 3 0 PTP 81 1_81_-778_207
13 0.000693 2 81
16 0.000693 3 0 PTP 49 1_49_-778_175
13 0.000693 2 49
16 0.000693 3 0 PTP 73 1_73_-778_199
13 0.000693 2 73
16 0.000693 3 0 PTP 41 1_41_-778_167
13 0.000693 2 41
16 0.000693 3 0 PTP 25 1_25_-778_151
13 0.000693 2 25
16 0.000693 3 0 PTP 69 1_69_-778_195
13 0.000693 2 69
16 0.000693 3 0 PTP 37 1_37_-778_163
13 0.000693 2 37
16 0.000693 3 0 PTP 21 1_21_-778_147
13 0.000693 2 21
16 0.000693 3 0 PTP 13 1_13_-778_139
13 0.000693 2 13
16 0.000693 3 0 PTP 67 1_67_-778_193
13 0.000693 2 67
16 0.000693 3 0 PTP 35 1_35_-778_161
13 0.000693 2 35
16 0.000693 3 0 PTP 19 1_19_-778_145
13 0.000693 2 19
16 0.000693 3 0 PTP 11 1_11_-778_137
13 0.000693 2 11
16 0.000693 3 0 PTP 7 1_7_-778_133
13 0.000693 2 7
16 0.000693 3 0 PTP 66 1_66_-778_192
13 0.000693 2 66
16 0.000693 3 0 PTP 34 1_34_-778_160
13 0.000693 2 34
16 0.000693 3 0 PTP 18 1_18_-778_144
13 0.000693 2 18
16 0.000693 3 0 PTP 10 1_10_-778_136
13 0.000693 2 10
16 0.000693 3 0 PTP 6 1_6_-778_132
13 0.000693 2 6
16 0.000693 3 0 PTP 4 1_4_-778_130
13 0.000693 2 4
16 0.000693 3 0 PTP 113 1_113_-778_239
13 0.000693 2 113
16 0.000693 3 0 PTP 105 1_105_-778_231
13 0.000693 2 105
16 0.000693 3 0 PTP 89 1_89_-778_215
13 0.000693 2 89
16 0.000693 3 0 PTP 57 1_57_-778_183
13 0.000693 2 57
16 0.000693 3 0 PTP 101 1_101_-778_227
13 0.000693 2 101
16 0.000693 3 0 PTP 85 1_85_-778_211
13 0.000693 2 85
16 0.000693 3 0 PTP 77 1_77_-778_203
13 0.000693 2 77
16 0.000693 3 0 PTP 53 1_53_-778_179
13 0.000693 2 53
16 0.000693 3 0 PTP 45 1_45_-778_171
13 0.000693 2 45
16 0.000693 3 0 PTP 29 1_29_-778_155
13 0.000693 2 29
16 0.000693 3 0 PTP 99 1_99_-778_225
13 0.000693 2 99
16 0.000693 3 0 PTP 83 1_83_-778_209
13 0.000693 2 83
16 0.000693 3 0 PTP 75 1_75_-778_201
13 0.000693 2 75
16 0.000693 3 0 PTP 71 1_71_-778_197
13 0.000693 2 71
16 0.000693 3 0 PTP 51 1_51_-778_177
13 0.000693 2 51
16 0.000693 3 0 PTP 43 1_43_-778_169
13 0.000693 2 43
16 0.000693 3 0 PTP 39 1_39_-778_165
13 0.000693 2 39
16 0.000693 3 0 PTP 27 1_27_-778_153
13 0.000693 2 27
16 0.000693 3 0 PTP 23 1_23_-778_149
13 0.000693 2 23
16 0.000693 3 0 PTP 15 1_15_-778_141
13 0.000693 2 15
16 0.000693 3 0 PTP 98 1_98_-778_224
13 0.000693 2 98
16 0.000693 3 0 PTP 82 1_82_-778_208
13 0.000693 2 82
16 0.000693 3 0 PTP 74 1_74_-778_200
13 0.000693 2 74
16 0.000693 3 0 PTP 70 1_70_-778_196
13 0.000693 2 70
16 0.000693 3 0 PTP 68 1_68_-778_194
13 0.000693 2 68
16 0.000693 3 0 PTP 50 1_50_-778_176
13 0.000693 2 50
16 0.000693 3 0 PTP 42 1_42_-778_168
13 0.000693 2 42
16 0.000693 3 0 PTP 38 1_38_-778_164
13 0.000693 2 38
16 0.000693 3 0 PTP 36 1_36_-778_162
13 0.000693 2 36
16 0.000693 3 0 PTP 26 1_26_-778_152
13 0.000693 2 26
16 0.000693 3 0 PTP 22 1_22_-778_148
13 0.000693 2 22
16 0.000693 3 0 PTP 20 1_20_-778_146
13 0.000693 2 20
16 0.000693 3 0 PTP 14 1_14_-778_140
13 0.000693 2 14
16 0.000693 3 0 PTP 12 1_12_-778_138
13 0.000693 2 12
16 0.000693 3 0 PTP 8 1_8_-778_134
13 0.000693 2 8
16 0.000693 3 0 PTP 121 1_121_-778_247
13 0.000693 2 121
16 0.000693 3 0 PTP 117 1_117_-778_243
13 0.000693 2 117
16 0.000693 3 0 PTP 109 1_109_-778_235
13 0.000693 2 109
16 0.000693 3 0 PTP 93 1_93_-778_219
13 0.000693 2 93
16 0.000693 3 0 PTP 61 1_61_-778_187
13 0.000693 2 61
16 0.000693 3 0 PTP 115 1_115_-778_241
13 0.000693 2 115
16 0.000693 3 0 PTP 107 1_107_-778_233
13 0.000693 2 107
16 0.000693 3 0 PTP 103 1_103_-778_229
13 0.000693 2 103
16 0.000693 3 0 PTP 91 1_91_-778_217
13 0.000693 2 91
16 0.000693 3 0 PTP 87 1_87_-778_213
13 0.000693 2 87
16 0.000693 3 0 PTP 79 1_79_-778_205
13 0.000693 2 79
16 0.000693 3 0 PTP 59 1_59_-778_185
13 0.000693 2 59
16 0.000693 3 0 PTP 55 1_55_-778_181
13 0.000693 2 55
16 0.000693 3 0 PTP 47 1_47_-778_173
13 0.000693 2 47
16 0.000693 3 0 PTP 31 1_31_-778_157
13 0.000693 2 31
16 0.000693 3 0 PTP 114 1_114_-778_240
13 0.000693 2 114
16 0.000693 3 0 PTP 106 1_106_-778_232
13 0.000693 2 106
16 0.000693 3 0 PTP 102 1_102_-778_228
13 0.000693 2 102
16 0.000693 3 0 PTP 100 1_100_-778_226
13 0.000693 2 100
16 0.000693 3 0 PTP 90 1_90_-778_216
13 0.000693 2 90
16 0.000693 3 0 PTP 86 1_86_-778_212
13 0.000693 2 86
16 0.000693 3 0 PTP 84 1_84_-778_210
13 0.000693 2 84
16 0.000693 3 0 PTP 78 1_78_-778_204
13 0.000693 2 78
16 0.000693 3 0 PTP 76 1_76_-778_202
13 0.000693 2 76
16 0.000693 3 0 PTP 72 1_72_-778_198
13 0.000693 2 72
16 0.000693 3 0 PTP 58 1_58_-778_184
13 0.000693 2 58
16 0.000693 3 0 PTP 54 1_54_-778_180
13 0.000693 2 54
16 0.000693 3 0 PTP 52 1_52_-778_178
13 0.000693 2 52
16 0.000693 3 0 PTP 46 1_46_-778_172
13 0.000693 2 46
16 0.000693 3 0 PTP 44 1_44_-778_170
13 0.000693 2 44
16 0.000693 3 0 PTP 40 1_40_-778_166
13 0.000693 2 40
16 0.000693 3 0 PTP 30 1_30_-778_156
13 0.000693 2 30
16 0.000693 3 0 PTP 28 1_28_-778_154
13 0.000693 2 28
16 0.000693 3 0 PTP 24 1_24_-778_150
13 0.000693 2 24
16 0.000693 3 0 PTP 16 1_16_-778_142
13 0.000693 2 16
16 0.000693 3 0 PTP 125 1_125_-778_251
13 0.000693 2 125
16 0.000693 3 0 PTP 123 1_123_-778_249
13 0.000693 2 123
16 0.000693 3 0 PTP 119 1_119_-778_245
13 0.000693 2 119
16 0.000693 3 0 PTP 111 1_111_-778_237
13 0.000693 2 111
16 0.000693 3 0 PTP 95 1_95_-778_221
13 0.000693 2 95
16 0.000693 3 0 PTP 63 1_63_-778_189
13 0.000693 2 63
16 0.000693 3 0 PTP 122 1_122_-778_248
13 0.000693 2 122
16 0.000693 3 0 PTP 118 1_118_-778_244
13 0.000693 2 118
16 0.000693 3 0 PTP 116 1_116_-778_242
13 0.000693 2 116
16 0.000693 3 0 PTP 110 1_110_-778_236
13 0.000693 2 110
16 0.000693 3 0 PTP 108 1_108_-778_234
13 0.000693 2 108
16 0.000693 3 0 PTP 104 1_104_-778_230
13 0.000693 2 104
16 0.000693 3 0 PTP 94 1_94_-778_220
13 0.000693 2 94
16 0.000693 3 0 PTP 92 1_92_-778_218
13 0.000693 2 92
16 0.000693 3 0 PTP 88 1_88_-778_214
13 0.000693 2 88
16 0.000693 3 0 PTP 80 1_80_-778_206
13 0.000693 2 80
16 0.000693 3 0 PTP 62 1_62_-778_188
13 0.000693 2 62
16 0.000693 3 0 PTP 60 1_60_-778_186
13 0.000693 2 60
16 0.000693 3 0 PTP 56 1_56_-778_182
13 0.000693 2 56
16 0.000693 3 0 PTP 48 1_48_-778_174
13 0.000693 2 48
16 0.000693 3 0 PTP 32 1_32_-778_158
13 0.000693 2 32
16 0.000694 3 0 PTP 127 1_127_-778_253
13 0.000694 2 127
16 0.000694 3 0 PTP 126 1_126_-778_252
13 0.000694 2 126
16 0.000694 3 0 PTP 124 1_124_-778_250
13 0.000694 2 124
16 0.000694 3 0 PTP 120 1_120_-778_246
13 0.000694 2 120
16 0.000694 3 0 PTP 112 1_112_-778_238
13 0.000694 2 112
16 0.000694 3 0 PTP 96 1_96_-778_222
13 0.000694 2 96
16 0.000694 3 0 PTP 64 1_64_-778_190
13 0.000694 2 64
16 0.000694 3 0 PTP 128 1_128_-778_254
13 0.000694 2 128
12 0.000695 2 98 8
12 0.000695 2 90 8
12 0.000696 2 65 8
12 0.000696 2 73 8
12 0.000696 2 105 8
12 0.000696 2 77 8
12 0.000696 2 8 8
12 0.000696 2 74 8
12 0.000696 2 70 8
12 0.000696 2 59 8
12 0.000696 2 107 8
12 0.000696 2 78 8
12 0.000696 2 54 8
12 0.000696 2 72 8
12 0.000696 2 84 8
12 0.000696 2 111 8
12 0.000696 2 110 8
12 0.000697 2 33 8
12 0.000697 2 5 8
12 0.000697 2 3 8
12 0.000697 2 2 8
12 0.000697 2 97 8
12 0.000697 2 49 8
12 0.000697 2 81 8
12 0.000697 2 25 8
12 0.000697 2 41 8
12 0.000697 2 13 8
12 0.000697 2 21 8
12 0.000697 2 37 8
12 0.000697 2 69 8
12 0.000697 2 11 8
12 0.000697 2 19 8
12 0.000697 2 67 8
12 0.000697 2 4 8
12 0.000697 2 6 8
12 0.000697 2 10 8
12 0.000697 2 18 8
12 0.000697 2 34 8
12 0.000697 2 57 8
12 0.000697 2 89 8
12 0.000697 2 29 8
12 0.000697 2 45 8
12 0.000697 2 53 8
12 0.000697 2 85 8
12 0.000697 2 101 8
12 0.000697 2 39 8
12 0.000697 2 51 8
12 0.000697 2 71 8
12 0.000697 2 83 8
12 0.000697 2 99 8
12 0.000697 2 12 8
12 0.000697 2 14 8
12 0.000697 2 20 8
12 0.000697 2 22 8
12 0.000697 2 26 8
12 0.000697 2 38 8
12 0.000697 2 50 8
12 0.000697 2 68 8
12 0.000697 2 82 8
12 0.000697 2 61 8
12 0.000697 2 109 8
12 0.000697 2 117 8
12 0.000697 2 79 8
12 0.000697 2 91 8
12 0.000697 2 103 8
12 0.000697 2 115 8
12 0.000697 2 44 8
12 0.000697 2 86 8
12 0.000697 2 106 8
12 0.000697 2 95 8
12 0.000697 2 60 8
12 0.000697 2 94 8
12 0.000697 2 116 8
12 0.000697 2 56 8
12 0.000697 2 118 8
12 0.000697 2 122 8
12 0.000698 2 9 8
12 0.000698 2 124 8
12 0.000698 2 64 8
12 0.000698 2 96 8
12 0.000698 2 35 8
12 0.000698 2 7 8
12 0.000698 2 113 8
12 0.000698 2 15 8
12 0.000698 2 23 8
12 0.000698 2 27 8
12 0.000698 2 43 8
12 0.000698 2 75 8
12 0.000698 2 42 8
12 0.000698 2 121 8
12 0.000698 2 93 8
12 0.000698 2 55 8
12 0.000698 2 87 8
12 0.000698 2 31 8
12 0.000698 2 47 8
12 0.000698 2 58 8
12 0.000698 2 76 8
12 0.000698 2 114 8
12 0.000698 2 24 8
12 0.000698 2 28 8
12 0.000698 2 40 8
12 0.000698 2 46 8
12 0.000698 2 52 8
12 0.000698 2 100 8
12 0.000698 2 125 8
12 0.000698 2 123 8
12 0.000698 2 108 8
12 0.000698 2 48 8
12 0.000698 2 62 8
12 0.000698 2 80 8
12 0.000699 2 17 8
12 0.000699 2 127 8
12 0.000699 2 120 8
12 0.000699 2 126 8
12 0.000699 2 128 8
12 0.000699 2 36 8
12 0.000699 2 16 8
12 0.000699 2 30 8
12 0.000699 2 102 8
12 0.000699 2 119 8
12 0.000699 2 104 8
12 0.000699 2 32 8
12 0.000699 2 88 8
12 0.000699 2 92 8
12 0.000701 2 112 8
12 0.000703 2 63 8
12 0.000749 2 1 9
15 0.000749 3 0 PTP 1 1_44_0_255
12 0.000788 2 66 8
16 0.001129 3 0 PTP 44 1_44_0_255
13 0.001129 2 44
13 0.001129 2 1
12 0.001130 2 1 9
15 0.001130 3 0 PTP 1 1_108_1_256
12 0.001132 2 44 9
15 0.001132 3 0 PTP 44 44_65_1_257
16 0.001883 3 0 PTP 108 1_108_1_256
13 0.001883 2 108
13 0.001883 2 1
12 0.001884 2 1 9
15 0.001884 3 0 PTP 1 1_12_2_258
16 0.001885 3 0 PTP 65 44_65_1_257
13 0.001885 2 65
13 0.001885 2 44
12 0.001886 2 108 9
15 0.001886 3 0 PTP 108 108_97_2_259
12 0.001888 2 65 9
15 0.001888 3 0 PTP 65 65_76_2_260
12 0.001888 2 44 9
15 0.001888 3 0 PTP 44 44_33_2_261
16 0.002262 3 0 PTP 12 1_12_2_258
13 0.002262 2 12
13 0.002262 2 1
12 0.002264 2 12 9
15 0.002264 3 0 PTP 12 12_17_3_262
12 0.002264 2 1 9
15 0.002264 3 0 PTP 1 1_124_3_263
16 0.002264 3 0 PTP 97 108_97_2_259
13 0.002264 2 97
13 0.002264 2 108
12 0.002265 2 108 9
15 0.002265 3 0 PTP 108 108_113_3_264
12 0.002266 2 97 9
15 0.002266 3 0 PTP 97 97_92_3_265
16 0.002266 3 0 PTP 76 65_76_2_260
13 0.002266 2 76
13 0.002266 2 65
16 0.002266 3 0 PTP 33 44_33_2_261
13 0.002266 2 33
13 0.002266 2 44
12 0.002267 2 65 9
15 0.002267 3 0 PTP 65 65_60_3_266
12 0.002268 2 33 9
15 0.002268 3 0 PTP 33 33_28_3_267
12 0.002268 2 44 9
15 0.002268 3 0 PTP 44 44_49_3_268
12 0.002269 2 76 9
15 0.002269 3 0 PTP 76 76_81_3_269
16 0.002644 3 0 PTP 113 108_113_3_264
13 0.002644 2 113
13 0.002644 2 108
12 0.002645 2 108 9
15 0.002645 3 0 PTP 108 108_105_4_270
12 0.002647 2 113 9
15 0.002647 3 0 PTP 113 113_116_4_271
16 0.002647 3 0 PTP 49 44_49_3_268
13 0.002647 2 49
13 0.002647 2 44
12 0.002649 2 49 9
15 0.002649 3 0 PTP 49 49_52_4_272
12 0.002649 2 44 9
15 0.002649 3 0 PTP 44 44_41_4_273
16 0.002947 3 0 PTP 81 76_81_3_269
13 0.002947 2 81
13 0.002947 2 76
12 0.002948 2 76 9
15 0.002948 3 0 PTP 76 76_73_4_274
12 0.002950 2 81 9
15 0.002950 3 0 PTP 81 81_84_4_275
16 0.003020 3 0 PTP 92 97_92_3_265
13 0.003020 2 92
13 0.003020 2 97
16 0.003022 3 0 PTP 105 108_105_4_270
13 0.003022 2 105
13 0.003022 2 108
12 0.003022 2 97 9
15 0.003022 3 0 PTP 97 97_100_4_276
12 0.003023 2 92 9
15 0.003023 3 0 PTP 92 92_89_4_277
12 0.003024 2 108 9
15 0.003024 3 0 PTP 108 108_109_5_278
16 0.003024 3 0 PTP 116 113_116_4_271
13 0.003024 2 116
13 0.003024 2 113
12 0.003025 2 105 9
15 0.003025 3 0 PTP 105 105_104_5_279
12 0.003026 2 113 9
15 0.003026 3 0 PTP 113 113_112_5_280
16 0.003026 3 0 PTP 52 49_52_4_272
13 0.003026 2 52
13 0.003026 2 49
16 0.003026 3 0 PTP 41 44_41_4_273
13 0.003026 2 41
13 0.003026 2 44
12 0.003027 2 116 9
15 0.003027 3 0 PTP 116 116_117_5_281
12 0.003027 2 49 9
15 0.003027 3 0 PTP 49 49_48_5_282
12 0.003028 2 52 9
15 0.003028 3 0 PTP 52 52_53_5_283
12 0.003028 2 41 9
15 0.003028 3 0 PTP 41 41_40_5_284
12 0.003029 2 44 9
15 0.003029 3 0 PTP 44 44_45_5_285
16 0.003325 3 0 PTP 73 76_73_4_274
13 0.003325 2 73
13 0.003325 2 76
12 0.003327 2 76 9
15 0.003327 3 0 PTP 76 76_77_5_286
16 0.003327 3 0 PTP 84 81_84_4_275
13 0.003327 2 84
13 0.003327 2 81
12 0.003328 2 73 9
15 0.003328 3 0 PTP 73 73_72_5_287
12 0.003329 2 81 9
15 0.003329 3 0 PTP 81 81_80_5_288
12 0.003330 2 84 9
15 0.003330 3 0 PTP 84 84_85_5_289
16 0.003400 3 0 PTP 89 92_89_4_277
13 0.003400 2 89
13 0.003400 2 92
16 0.003402 3 0 PTP 109 108_109_5_278
13 0.003402 2 109
13 0.003402 2 108
12 0.003402 2 92 9
15 0.003402 3 0 PTP 92 92_93_5_290
12 0.003403 2 89 9
15 0.003403 3 0 PTP 89 89_88_5_291
12 0.003404 2 108 9
15 0.003404 3 0 PTP 108 108_107_6_292
12 0.003405 2 109 9
15 0.003405 3 0 PTP 109 109_110_6_293
16 0.003405 3 0 PTP 117 116_117_5_281
13 0.003405 2 117
13 0.003405 2 116
16 0.003406 3 0 PTP 53 52_53_5_283
13 0.003406 2 53
13 0.003406 2 52
16 0.003407 3 0 PTP 45 44_45_5_285
13 0.003407 2 45
13 0.003407 2 44
12 0.003408 2 53 9
15 0.003408 3 0 PTP 53 53_54_6_294
12 0.003408 2 52 9
15 0.003408 3 0 PTP 52 52_51_6_295
12 0.003408 2 116 9
15 0.003408 3 0 PTP 116 116_115_6_296
12 0.003408 2 44 9
15 0.003408 3 0 PTP 44 44_43_6_297
12 0.003409 2 117 9
15 0.003409 3 0 PTP 117 117_118_6_298
12 0.003410 2 45 9
15 0.003410 3 0 PTP 45 45_46_6_299
16 0.003434 3 0 PTP 17 12_17_3_262
13 0.003434 2 17
13 0.003434 2 12
12 0.003436 2 12 9
15 0.003436 3 0 PTP 12 12_9_4_300
12 0.003438 2 17 9
15 0.003438 3 0 PTP 17 17_20_4_301
16 0.003643 3 0 PTP 28 33_28_3_267
13 0.003643 2 28
13 0.003643 2 33
12 0.003645 2 28 9
15 0.003645 3 0 PTP 28 28_25_4_302
12 0.003645 2 33 9
15 0.003645 3 0 PTP 33 33_36_4_303
16 0.003705 3 0 PTP 77 76_77_5_286
13 0.003705 2 77
13 0.003705 2 76
12 0.003706 2 76 9
15 0.003706 3 0 PTP 76 76_75_6_304
12 0.003708 2 77 9
15 0.003708 3 0 PTP 77 77_78_6_305
16 0.003732 3 0 PTP 100 97_100_4_276
13 0.003732 2 100
13 0.003732 2 97
12 0.003734 2 100 9
15 0.003734 3 0 PTP 100 100_101_5_306
12 0.003734 2 97 9
15 0.003734 3 0 PTP 97 97_96_5_307
16 0.003765 3 0 PTP 124 1_124_3_263
13 0.003765 2 124
13 0.003765 2 1
16 0.003766 3 0 PTP 60 65_60_3_266
13 0.003766 2 60
13 0.003766 2 65
12 0.003767 2 1 9
15 0.003767 3 0 PTP 1 1_4_4_308
12 0.003769 2 124 9
15 0.003769 3 0 PTP 124 124_121_4_309
12 0.003769 2 65 9
15 0.003769 3 0 PTP 65 65_68_4_310
12 0.003771 2 60 9
15 0.003771 3 0 PTP 60 60_57_4_311
16 0.003772 3 0 PTP 40 41_40_5_284
13 0.003772 2 40
13 0.003772 2 41
12 0.003774 2 41 9
15 0.003774 3 0 PTP 41 41_42_6_312
12 0.003776 2 40 9
15 0.003776 3 0 PTP 40 40_39_6_313
16 0.003779 3 0 PTP 107 108_107_6_292
13 0.003779 2 107
13 0.003779 2 108
16 0.003780 3 0 PTP 93 92_93_5_290
13 0.003780 2 93
13 0.003780 2 92
16 0.003780 3 0 PTP 110 109_110_6_293
13 0.003780 2 110
13 0.003780 2 109
12 0.003782 2 92 9
15 0.003782 3 0 PTP 92 92_91_6_314
12 0.003783 2 93 9
15 0.003783 3 0 PTP 93 93_94_6_315
16 0.003783 3 0 PTP 54 53_54_6_294
13 0.003783 2 54
13 0.003783 2 53
16 0.003783 3 0 PTP 51 52_51_6_295
13 0.003783 2 51
13 0.003783 2 52
16 0.003783 3 0 PTP 115 116_115_6_296
13 0.003783 2 115
13 0.003783 2 116
16 0.003783 3 0 PTP 43 44_43_6_297
13 0.003783 2 43
13 0.003783 2 44
16 0.003784 3 0 PTP 118 117_118_6_298
13 0.003784 2 118
13 0.003784 2 117
16 0.003785 3 0 PTP 46 45_46_6_299
13 0.003785 2 46
13 0.003785 2 45
16 0.003813 3 0 PTP 9 12_9_4_300
13 0.003813 2 9
13 0.003813 2 12
16 0.003815 3 0 PTP 20 17_20_4_301
13 0.003815 2 20
13 0.003815 2 17
12 0.003816 2 12 9
15 0.003816 3 0 PTP 12 12_13_5_316
12 0.003818 2 9 9
15 0.003818 3 0 PTP 9 9_8_5_317
12 0.003818 2 17 9
15 0.003818 3 0 PTP 17 17_16_5_318
12 0.003819 2 20 9
15 0.003819 3 0 PTP 20 20_21_5_319
16 0.003933 3 0 PTP 85 84_85_5_289
13 0.003933 2 85
13 0.003933 2 84
12 0.003935 2 84 9
15 0.003935 3 0 PTP 84 84_83_6_320
12 0.003936 2 85 9
15 0.003936 3 0 PTP 85 85_86_6_321
16 0.004021 3 0 PTP 25 28_25_4_302
13 0.004021 2 25
13 0.004021 2 28
12 0.004023 2 28 9
15 0.004023 3 0 PTP 28 28_29_5_322
12 0.004025 2 25 9
15 0.004025 3 0 PTP 25 25_24_5_323
16 0.004035 3 0 PTP 48 49_48_5_282
13 0.004035 2 48
13 0.004035 2 49
12 0.004038 2 49 9
15 0.004038 3 0 PTP 49 49_50_6_324
12 0.004039 2 48 9
15 0.004039 3 0 PTP 48 48_47_6_325
16 0.004082 3 0 PTP 75 76_75_6_304
13 0.004082 2 75
13 0.004082 2 76
16 0.004083 3 0 PTP 88 89_88_5_291
13 0.004083 2 88
13 0.004083 2 89
16 0.004084 3 0 PTP 78 77_78_6_305
13 0.004084 2 78
13 0.004084 2 77
12 0.004085 2 89 9
15 0.004085 3 0 PTP 89 89_90_6_326
12 0.004087 2 88 9
15 0.004087 3 0 PTP 88 88_87_6_327
16 0.004146 3 0 PTP 121 124_121_4_309
13 0.004146 2 121
13 0.004146 2 124
16 0.004148 3 0 PTP 57 60_57_4_311
13 0.004148 2 57
13 0.004148 2 60
12 0.004149 2 121 9
15 0.004149 3 0 PTP 121 121_120_5_328
12 0.004149 2 124 9
15 0.004149 3 0 PTP 124 124_125_5_329
16 0.004150 3 0 PTP 42 41_42_6_312
13 0.004150 2 42
13 0.004150 2 41
12 0.004150 2 60 9
15 0.004150 3 0 PTP 60 60_61_5_330
12 0.004151 2 57 9
15 0.004151 3 0 PTP 57 57_56_5_331
16 0.004152 3 0 PTP 39 40_39_6_313
13 0.004152 2 39
13 0.004152 2 40
16 0.004156 3 0 PTP 36 33_36_4_303
13 0.004156 2 36
13 0.004156 2 33
12 0.004158 2 33 9
15 0.004158 3 0 PTP 33 33_32_5_332
16 0.004158 3 0 PTP 91 92_91_6_314
13 0.004158 2 91
13 0.004158 2 92
16 0.004159 3 0 PTP 94 93_94_6_315
13 0.004159 2 94
13 0.004159 2 93
12 0.004161 2 36 9
15 0.004161 3 0 PTP 36 36_37_5_333
16 0.004194 3 0 PTP 13 12_13_5_316
13 0.004194 2 13
13 0.004194 2 12
12 0.004196 2 12 9
15 0.004196 3 0 PTP 12 12_11_6_334
12 0.004197 2 13 9
15 0.004197 3 0 PTP 13 13_14_6_335
16 0.004311 3 0 PTP 83 84_83_6_320
13 0.004311 2 83
13 0.004311 2 84
16 0.004312 3 0 PTP 86 85_86_6_321
13 0.004312 2 86
13 0.004312 2 85
16 0.004321 3 0 PTP 104 105_104_5_279
13 0.004321 2 104
13 0.004321 2 105
16 0.004322 3 0 PTP 21 20_21_5_319
13 0.004322 2 21
13 0.004322 2 20
12 0.004323 2 105 9
15 0.004323 3 0 PTP 105 105_106_6_336
12 0.004325 2 20 9
15 0.004325 3 0 PTP 20 20_19_6_337
12 0.004326 2 21 9
15 0.004326 3 0 PTP 21 21_22_6_338
12 0.004326 2 104 9
15 0.004326 3 0 PTP 104 104_103_6_339
16 0.004372 3 0 PTP 72 73_72_5_287
13 0.004372 2 72
13 0.004372 2 73
12 0.004375 2 72 9
15 0.004375 3 0 PTP 72 72_71_6_340
12 0.004375 2 73 9
15 0.004375 3 0 PTP 73 73_74_6_341
16 0.004401 3 0 PTP 29 28_29_5_322
13 0.004401 2 29
13 0.004401 2 28
12 0.004404 2 29 9
15 0.004404 3 0 PTP 29 29_30_6_342
12 0.004404 2 28 9
15 0.004404 3 0 PTP 28 28_27_6_343
16 0.004415 3 0 PTP 47 48_47_6_325
13 0.004415 2 47
13 0.004415 2 48
16 0.004460 3 0 PTP 90 89_90_6_326
13 0.004460 2 90
13 0.004460 2 89
16 0.004462 3 0 PTP 87 88_87_6_327
13 0.004462 2 87
13 0.004462 2 88
16 0.004478 3 0 PTP 50 49_50_6_324
13 0.004478 2 50
13 0.004478 2 49
16 0.004480 3 0 PTP 4 1_4_4_308
13 0.004480 2 4
13 0.004480 2 1
12 0.004482 2 1 9
15 0.004482 3 0 PTP 1 1_128_5_344
12 0.004483 2 4 9
15 0.004483 3 0 PTP 4 4_5_5_345
16 0.004523 3 0 PTP 112 113_112_5_280
13 0.004523 2 112
13 0.004523 2 113
16 0.004523 3 0 PTP 101 100_101_5_306
13 0.004523 2 101
13 0.004523 2 100
12 0.004525 2 113 9
15 0.004525 3 0 PTP 113 113_114_6_346
12 0.004525 2 100 9
15 0.004525 3 0 PTP 100 100_99_6_347
12 0.004526 2 101 9
15 0.004526 3 0 PTP 101 101_102_6_348
12 0.004527 2 112 9
15 0.004527 3 0 PTP 112 112_111_6_349
16 0.004527 3 0 PTP 125 124_125_5_329
13 0.004527 2 125
13 0.004527 2 124
16 0.004528 3 0 PTP 61 60_61_5_330
13 0.004528 2 61
13 0.004528 2 60
12 0.004529 2 124 9
15 0.004529 3 0 PTP 124 124_123_6_350
12 0.004530 2 125 9
15 0.004530 3 0 PTP 125 125_126_6_351
12 0.004531 2 61 9
15 0.004531 3 0 PTP 61 61_62_6_352
12 0.004531 2 60 9
15 0.004531 3 0 PTP 60 60_59_6_353
16 0.004537 3 0 PTP 120 121_120_5_328
13 0.004537 2 120
13 0.004537 2 121
16 0.004539 3 0 PTP 37 36_37_5_333
13 0.004539 2 37
13 0.004539 2 36
12 0.004539 2 120 9
15 0.004539 3 0 PTP 120 120_119_6_354
12 0.004539 2 121 9
15 0.004539 3 0 PTP 121 121_122_6_355
12 0.004541 2 36 9
15 0.004541 3 0 PTP 36 36_35_6_356
12 0.004542 2 37 9
15 0.004542 3 0 PTP 37 37_38_6_357
16 0.004555 3 0 PTP 68 65_68_4_310
13 0.004555 2 68
13 0.004555 2 65
12 0.004557 2 68 9
15 0.004557 3 0 PTP 68 68_69_5_358
12 0.004558 2 65 9
15 0.004558 3 0 PTP 65 65_64_5_359
16 0.004572 3 0 PTP 24 25_24_5_323
13 0.004572 2 24
13 0.004572 2 25
16 0.004572 3 0 PTP 11 12_11_6_334
13 0.004572 2 11
13 0.004572 2 12
16 0.004573 3 0 PTP 14 13_14_6_335
13 0.004573 2 14
13 0.004573 2 13
12 0.004574 2 25 9
15 0.004574 3 0 PTP 25 25_26_6_360
12 0.004575 2 24 9
15 0.004575 3 0 PTP 24 24_23_6_361
16 0.004671 3 0 PTP 80 81_80_5_288
13 0.004671 2 80
13 0.004671 2 81
12 0.004673 2 80 9
15 0.004673 3 0 PTP 80 80_79_6_362
12 0.004674 2 81 9
15 0.004674 3 0 PTP 81 81_82_6_363
16 0.004699 3 0 PTP 106 105_106_6_336
13 0.004699 2 106
13 0.004699 2 105
16 0.004701 3 0 PTP 19 20_19_6_337
13 0.004701 2 19
13 0.004701 2 20
16 0.004702 3 0 PTP 22 21_22_6_338
13 0.004702 2 22
13 0.004702 2 21
16 0.004702 3 0 PTP 103 104_103_6_339
13 0.004702 2 103
13 0.004702 2 104
16 0.004751 3 0 PTP 71 72_71_6_340
13 0.004751 2 71
13 0.004751 2 72
16 0.004751 3 0 PTP 74 73_74_6_341
13 0.004751 2 74
13 0.004751 2 73
16 0.004780 3 0 PTP 30 29_30_6_342
13 0.004780 2 30
13 0.004780 2 29
16 0.004780 3 0 PTP 27 28_27_6_343
13 0.004780 2 27
13 0.004780 2 28
16 0.004788 3 0 PTP 56 57_56_5_331
13 0.004788 2 56
13 0.004788 2 57
12 0.004791 2 57 9
15 0.004791 3 0 PTP 57 57_58_6_364
12 0.004794 2 56 9
15 0.004794 3 0 PTP 56 56_55_6_365
16 0.004901 3 0 PTP 99 100_99_6_347
13 0.004901 2 99
13 0.004901 2 100
16 0.004902 3 0 PTP 102 101_102_6_348
13 0.004902 2 102
13 0.004902 2 101
16 0.004902 3 0 PTP 111 112_111_6_349
13 0.004902 2 111
13 0.004902 2 112
16 0.004903 3 0 PTP 114 113_114_6_346
13 0.004903 2 114
13 0.004903 2 113
16 0.004905 3 0 PTP 123 124_123_6_350
13 0.004905 2 123
13 0.004905 2 124
16 0.004906 3 0 PTP 126 125_126_6_351
13 0.004906 2 126
13 0.004906 2 125
16 0.004907 3 0 PTP 62 61_62_6_352
13 0.004907 2 62
13 0.004907 2 61
16 0.004907 3 0 PTP 59 60_59_6_353
13 0.004907 2 59
13 0.004907 2 60
16 0.004915 3 0 PTP 119 120_119_6_354
13 0.004915 2 119
13 0.004915 2 120
16 0.004915 3 0 PTP 122 121_122_6_355
13 0.004915 2 122
13 0.004915 2 121
16 0.004917 3 0 PTP 35 36_35_6_356
13 0.004917 2 35
13 0.004917 2 36
16 0.004918 3 0 PTP 38 37_38_6_357
13 0.004918 2 38
13 0.004918 2 37
16 0.004949 3 0 PTP 26 25_26_6_360
13 0.004949 2 26
13 0.004949 2 25
16 0.004950 3 0 PTP 23 24_23_6_361
13 0.004950 2 23
13 0.004950 2 24
16 0.005048 3 0 PTP 79 80_79_6_362
13 0.005048 2 79
13 0.005048 2 80
16 0.005049 3 0 PTP 82 81_82_6_363
13 0.005049 2 82
13 0.005049 2 81
16 0.005154 3 0 PTP 69 68_69_5_358
13 0.005154 2 69
13 0.005154 2 68
12 0.005157 2 68 9
15 0.005157 3 0 PTP 68 68_67_6_366
12 0.005158 2 69 9
15 0.005158 3 0 PTP 69 69_70_6_367
16 0.005167 3 0 PTP 58 57_58_6_364
13 0.005167 2 58
13 0.005167 2 57
16 0.005170 3 0 PTP 55 56_55_6_365
13 0.005170 2 55
13 0.005170 2 56
16 0.005206 3 0 PTP 96 97_96_5_307
13 0.005206 2 96
13 0.005206 2 97
12 0.005208 2 97 9
15 0.005208 3 0 PTP 97 97_98_6_368
12 0.005209 2 96 9
15 0.005209 3 0 PTP 96 96_95_6_369
16 0.005520 3 0 PTP 8 9_8_5_317
13 0.005520 2 8
13 0.005520 2 9
12 0.005522 2 9 9
15 0.005522 3 0 PTP 9 9_10_6_370
12 0.005523 2 8 9
15 0.005523 3 0 PTP 8 8_7_6_371
16 0.005533 3 0 PTP 67 68_67_6_366
13 0.005533 2 67
13 0.005533 2 68
16 0.005534 3 0 PTP 70 69_70_6_367
13 0.005534 2 70
13 0.005534 2 69
16 0.005583 3 0 PTP 98 97_98_6_368
13 0.005583 2 98
13 0.005583 2 97
16 0.005584 3 0 PTP 95 96_95_6_369
13 0.005584 2 95
13 0.005584 2 96
16 0.005794 3 0 PTP 5 4_5_5_345
13 0.005794 2 5
13 0.005794 2 4
12 0.005796 2 4 9
15 0.005796 3 0 PTP 4 4_3_6_372
12 0.005797 2 5 9
15 0.005797 3 0 PTP 5 5_6_6_373
16 0.005858 3 0 PTP 16 17_16_5_318
13 0.005858 2 16
13 0.005858 2 17
12 0.005860 2 17 9
15 0.005860 3 0 PTP 17 17_18_6_374
12 0.005861 2 16 9
15 0.005861 3 0 PTP 16 16_15_6_375
16 0.005897 3 0 PTP 10 9_10_6_370
13 0.005897 2 10
13 0.005897 2 9
16 0.005898 3 0 PTP 7 8_7_6_371
13 0.005898 2 7
13 0.005898 2 8
16 0.006172 3 0 PTP 3 4_3_6_372
13 0.006172 2 3
13 0.006172 2 4
16 0.006173 3 0 PTP 6 5_6_6_373
13 0.006173 2 6
13 0.006173 2 5
16 0.006190 3 0 PTP 32 33_32_5_332
13 0.006190 2 32
13 0.006190 2 33
12 0.006192 2 33 9
15 0.006192 3 0 PTP 33 33_34_6_376
12 0.006193 2 32 9
15 0.006193 3 0 PTP 32 32_31_6_377
16 0.006235 3 0 PTP 18 17_18_6_374
13 0.006235 2 18
13 0.006235 2 17
16 0.006236 3 0 PTP 15 16_15_6_375
13 0.006236 2 15
13 0.006236 2 16
16 0.006381 3 0 PTP 128 1_128_5_344
13 0.006381 2 128
13 0.006381 2 1
12 0.006384 2 1 9
15 0.006384 3 0 PTP 1 1_2_6_378
12 0.006387 2 128 9
15 0.006387 3 0 PTP 128 128_127_6_379
16 0.006432 3 0 PTP 64 65_64_5_359
13 0.006432 2 64
13 0.006432 2 65
12 0.006435 2 64 9
15 0.006435 3 0 PTP 64 64_63_6_380
12 0.006435 2 65 9
15 0.006435 3 0 PTP 65 65_66_6_381
16 0.006567 3 0 PTP 34 33_34_6_376
13 0.006567 2 34
13 0.006567 2 33
16 0.006568 3 0 PTP 31 32_31_6_377
13 0.006568 2 31
13 0.006568 2 32
16 0.006763 3 0 PTP 127 128_127_6_379
13 0.006763 2 127
13 0.006763 2 128
16 0.006766 3 0 PTP 2 1_2_6_378
13 0.006766 2 2
13 0.006766 2 1
12 0.006773 2 116 10
15 0.006773 3 0 PTP 116 116_1_-112_382
13 0.006773 2 116
12 0.006775 2 53 10
15 0.006775 3 0 PTP 53 53_1_-112_383
13 0.006775 2 53
12 0.006776 2 45 10
15 0.006776 3 0 PTP 45 45_1_-112_384
13 0.006776 2 45
12 0.006777 2 52 10
15 0.006777 3 0 PTP 52 52_1_-112_385
12 0.006777 2 116 10
15 0.006777 3 0 PTP 116 116_1_-112_386
12 0.006777 2 53 10
15 0.006777 3 0 PTP 53 53_1_-112_387
13 0.006777 2 52
13 0.006777 2 116
13 0.006777 2 53
12 0.006778 2 109 10
15 0.006778 3 0 PTP 109 109_1_-112_388
12 0.006778 2 45 10
15 0.006778 3 0 PTP 45 45_1_-112_389
13 0.006778 2 109
13 0.006778 2 45
12 0.006779 2 52 10
15 0.006779 3 0 PTP 52 52_1_-112_390
12 0.006779 2 116 7
15 0.006779 3 0 PTP 116 116_1_-778_391
12 0.006779 2 53 7
15 0.006779 3 0 PTP 53 53_1_-778_392
13 0.006779 2 52
12 0.006780 2 117 10
15 0.006780 3 0 PTP 117 117_1_-112_393
12 0.006780 2 109 10
15 0.006780 3 0 PTP 109 109_1_-112_394
12 0.006780 2 45 7
15 0.006780 3 0 PTP 45 45_1_-778_395
13 0.006780 2 117
13 0.006780 2 109
12 0.006781 2 52 7
15 0.006781 3 0 PTP 52 52_1_-778_396
12 0.006782 2 109 7
15 0.006782 3 0 PTP 109 109_1_-778_397
12 0.006783 2 117 10
15 0.006783 3 0 PTP 117 117_1_-112_398
13 0.006783 2 117
12 0.006785 2 117 7
15 0.006785 3 0 PTP 117 117_1_-778_399
12 0.006789 2 46 10
15 0.006789 3 0 PTP 46 46_1_-112_400
13 0.006789 2 46
12 0.006791 2 46 10
15 0.006791 3 0 PTP 46 46_1_-112_401
13 0.006791 2 46
12 0.006793 2 46 7
15 0.006793 3 0 PTP 46 46_1_-778_402
16 0.006811 3 0 PTP 63 64_63_6_380
13 0.006811 2 63
13 0.006811 2 64
16 0.006811 3 0 PTP 66 65_66_6_381
13 0.006811 2 66
13 0.006811 2 65
12 0.006848 2 44 10
15 0.006848 3 0 PTP 44 44_1_-112_403
13 0.006848 2 44
12 0.006851 2 44 10
15 0.006851 3 0 PTP 44 44_1_-112_404
13 0.006851 2 44
12 0.006852 2 108 10
15 0.006852 3 0 PTP 108 108_1_-112_405
13 0.006852 2 108
12 0.006853 2 44 7
15 0.006853 3 0 PTP 44 44_1_-778_406
12 0.006854 2 108 10
15 0.006854 3 0 PTP 108 108_1_-112_407
13 0.006854 2 108
12 0.006855 2 108 7
15 0.006855 3 0 PTP 108 108_1_-778_408
12 0.006871 2 118 10
15 0.006871 3 0 PTP 118 118_1_-112_409
13 0.006871 2 118
12 0.006873 2 118 10
15 0.006873 3 0 PTP 118 118_1_-112_410
13 0.006873 2 118
12 0.006875 2 118 7
15 0.006875 3 0 PTP 118 118_1_-778_411
12 0.006991 2 110 10
15 0.006991 3 0 PTP 110 110_1_-112_412
13 0.006991 2 110
12 0.006993 2 110 10
15 0.006993 3 0 PTP 110 110_1_-112_413
13 0.006993 2 110
12 0.006995 2 110 7
15 0.006995 3 0 PTP 110 110_1_-778_414
12 0.007106 2 78 10
15 0.007106 3 0 PTP 78 78_1_-112_415
12 0.007106 2 77 10
15 0.007106 3 0 PTP 77 77_1_-112_416
13 0.007106 2 78
13 0.007106 2 77
12 0.007108 2 77 10
15 0.007108 3 0 PTP 77 77_1_-112_417
13 0.007108 2 77
12 0.007109 2 78 10
15 0.007109 3 0 PTP 78 78_1_-112_418
13 0.007109 2 78
12 0.007111 2 77 7
15 0.007111 3 0 PTP 77 77_1_-778_419
12 0.007111 2 78 7
15 0.007111 3 0 PTP 78 78_1_-778_420
12 0.007142 2 115 10
15 0.007142 3 0 PTP 115 115_1_-112_421
12 0.007142 2 54 10
15 0.007142 3 0 PTP 54 54_1_-112_422
13 0.007142 2 115
13 0.007142 2 54
12 0.007143 2 40 10
15 0.007143 3 0 PTP 40 40_1_-112_423
13 0.007143 2 40
12 0.007145 2 115 10
15 0.007145 3 0 PTP 115 115_1_-112_424
12 0.007145 2 54 10
15 0.007145 3 0 PTP 54 54_1_-112_425
13 0.007145 2 115
13 0.007145 2 54
12 0.007146 2 76 10
15 0.007146 3 0 PTP 76 76_1_-112_426
13 0.007146 2 76
12 0.007146 2 40 10
15 0.007146 3 0 PTP 40 40_1_-112_427
13 0.007146 2 40
12 0.007147 2 115 7
15 0.007147 3 0 PTP 115 115_1_-778_428
12 0.007147 2 54 7
15 0.007147 3 0 PTP 54 54_1_-778_429
12 0.007149 2 76 10
15 0.007149 3 0 PTP 76 76_1_-112_430
13 0.007149 2 76
12 0.007149 2 40 7
15 0.007149 3 0 PTP 40 40_1_-778_431
12 0.007151 2 76 7
15 0.007151 3 0 PTP 76 76_1_-778_432
12 0.007151 2 51 10
15 0.007151 3 0 PTP 51 51_1_-112_433
13 0.007151 2 51
12 0.007153 2 51 10
15 0.007153 3 0 PTP 51 51_1_-112_434
13 0.007153 2 51
12 0.007154 2 92 10
15 0.007154 3 0 PTP 92 92_1_-112_435
13 0.007154 2 92
12 0.007154 2 51 7
15 0.007154 3 0 PTP 51 51_1_-778_436
12 0.007155 2 93 10
15 0.007155 3 0 PTP 93 93_1_-112_437
12 0.007155 2 94 10
15 0.007155 3 0 PTP 94 94_1_-112_438
13 0.007155 2 93
13 0.007155 2 94
12 0.007157 2 92 10
15 0.007157 3 0 PTP 92 92_1_-112_439
12 0.007157 2 93 10
15 0.007157 3 0 PTP 93 93_1_-112_440
13 0.007157 2 92
13 0.007157 2 93
12 0.007158 2 94 10
15 0.007158 3 0 PTP 94 94_1_-112_441
13 0.007158 2 94
12 0.007159 2 92 7
15 0.007159 3 0 PTP 92 92_1_-778_442
12 0.007159 2 93 7
15 0.007159 3 0 PTP 93 93_1_-778_443
12 0.007159 2 94 7
15 0.007159 3 0 PTP 94 94_1_-778_444
12 0.007166 2 107 10
15 0.007166 3 0 PTP 107 107_1_-112_445
13 0.007166 2 107
12 0.007169 2 107 10
15 0.007169 3 0 PTP 107 107_1_-112_446
13 0.007169 2 107
12 0.007171 2 107 7
15 0.007171 3 0 PTP 107 107_1_-778_447
12 0.007176 2 39 10
15 0.007176 3 0 PTP 39 39_1_-112_448
13 0.007176 2 39
12 0.007178 2 39 10
15 0.007178 3 0 PTP 39 39_1_-112_449
13 0.007178 2 39
12 0.007180 2 39 7
15 0.007180 3 0 PTP 39 39_1_-778_450
12 0.007187 2 43 10
15 0.007187 3 0 PTP 43 43_1_-112_451
13 0.007187 2 43
12 0.007190 2 43 10
15 0.007190 3 0 PTP 43 43_1_-112_452
13 0.007190 2 43
12 0.007193 2 43 7
15 0.007193 3 0 PTP 43 43_1_-778_453
12 0.007232 2 41 10
15 0.007232 3 0 PTP 41 41_1_-112_454
13 0.007232 2 41
12 0.007234 2 41 10
15 0.007234 3 0 PTP 41 41_1_-112_455
13 0.007234 2 41
12 0.007236 2 41 7
15 0.007236 3 0 PTP 41 41_1_-778_456
12 0.007258 2 91 10
15 0.007258 3 0 PTP 91 91_1_-112_457
13 0.007258 2 91
12 0.007261 2 91 10
15 0.007261 3 0 PTP 91 91_1_-112_458
13 0.007261 2 91
12 0.007263 2 91 7
15 0.007263 3 0 PTP 91 91_1_-778_459
12 0.007333 2 84 10
15 0.007333 3 0 PTP 84 84_1_-112_460
13 0.007333 2 84
12 0.007337 2 84 10
15 0.007337 3 0 PTP 84 84_1_-112_461
13 0.007337 2 84
12 0.007339 2 84 7
15 0.007339 3 0 PTP 84 84_1_-778_462
12 0.007341 2 42 10
15 0.007341 3 0 PTP 42 42_1_-112_463
13 0.007341 2 42
12 0.007343 2 42 10
15 0.007343 3 0 PTP 42 42_1_-112_464
13 0.007343 2 42
12 0.007346 2 42 7
15 0.007346 3 0 PTP 42 42_1_-778_465
12 0.007360 2 86 10
15 0.007360 3 0 PTP 86 86_1_-112_466
13 0.007360 2 86
12 0.007363 2 86 10
15 0.007363 3 0 PTP 86 86_1_-112_467
13 0.007363 2 86
12 0.007365 2 86 7
15 0.007365 3 0 PTP 86 86_1_-778_468
12 0.007373 2 85 10
15 0.007373 3 0 PTP 85 85_1_-112_469
13 0.007373 2 85
12 0.007375 2 85 10
15 0.007375 3 0 PTP 85 85_1_-112_470
13 0.007375 2 85
12 0.007377 2 85 7
15 0.007377 3 0 PTP 85 85_1_-778_471
12 0.007435 2 47 10
15 0.007435 3 0 PTP 47 47_1_-112_472
13 0.007435 2 47
12 0.007438 2 47 10
15 0.007438 3 0 PTP 47 47_1_-112_473
13 0.007438 2 47
12 0.007440 2 47 7
15 0.007440 3 0 PTP 47 47_1_-778_474
12 0.007442 2 75 10
15 0.007442 3 0 PTP 75 75_1_-112_475
13 0.007442 2 75
12 0.007444 2 75 10
15 0.007444 3 0 PTP 75 75_1_-112_476
13 0.007444 2 75
12 0.007446 2 75 7
15 0.007446 3 0 PTP 75 75_1_-778_477
12 0.007456 2 88 10
15 0.007456 3 0 PTP 88 88_1_-112_478
13 0.007456 2 88
12 0.007460 2 88 10
15 0.007460 3 0 PTP 88 88_1_-112_479
13 0.007460 2 88
12 0.007463 2 88 7
15 0.007463 3 0 PTP 88 88_1_-778_480
12 0.007464 2 89 10
15 0.007464 3 0 PTP 89 89_1_-112_481
13 0.007464 2 89
12 0.007467 2 89 10
15 0.007467 3 0 PTP 89 89_1_-112_482
13 0.007467 2 89
12 0.007469 2 89 7
15 0.007469 3 0 PTP 89 89_1_-778_483
12 0.007470 2 87 10
15 0.007470 3 0 PTP 87 87_1_-112_484
13 0.007470 2 87
12 0.007472 2 87 10
15 0.007472 3 0 PTP 87 87_1_-112_485
13 0.007472 2 87
12 0.007474 2 87 7
15 0.007474 3 0 PTP 87 87_1_-778_486
12 0.007484 2 48 10
15 0.007484 3 0 PTP 48 48_1_-112_487
13 0.007484 2 48
12 0.007487 2 48 10
15 0.007487 3 0 PTP 48 48_1_-112_488
13 0.007487 2 48
12 0.007489 2 48 7
15 0.007489 3 0 PTP 48 48_1_-778_489
12 0.007501 2 90 10
15 0.007501 3 0 PTP 90 90_1_-112_490
13 0.007501 2 90
12 0.007503 2 90 10
15 0.007503 3 0 PTP 90 90_1_-112_491
13 0.007503 2 90
12 0.007505 2 90 7
15 0.007505 3 0 PTP 90 90_1_-778_492
12 0.007548 2 49 10
15 0.007548 3 0 PTP 49 49_1_-112_493
13 0.007548 2 49
12 0.007551 2 49 10
15 0.007551 3 0 PTP 49 49_1_-112_494
13 0.007551 2 49
12 0.007553 2 49 7
15 0.007553 3 0 PTP 49 49_1_-778_495
12 0.007583 2 14 10
15 0.007583 3 0 PTP 14 14_1_-112_496
13 0.007583 2 14
12 0.007585 2 14 10
15 0.007585 3 0 PTP 14 14_1_-112_497
13 0.007585 2 14
12 0.007587 2 14 7
15 0.007587 3 0 PTP 14 14_1_-778_498
12 0.007620 2 83 10
15 0.007620 3 0 PTP 83 83_1_-112_499
13 0.007620 2 83
12 0.007623 2 83 10
15 0.007623 3 0 PTP 83 83_1_-112_500
13 0.007623 2 83
12 0.007625 2 13 10
15 0.007625 3 0 PTP 13 13_1_-112_501
13 0.007625 2 13
12 0.007627 2 83 7
15 0.007627 3 0 PTP 83 83_1_-778_502
12 0.007628 2 13 10
15 0.007628 3 0 PTP 13 13_1_-112_503
13 0.007628 2 13
12 0.007630 2 13 7
15 0.007630 3 0 PTP 13 13_1_-778_504
12 0.007636 2 12 10
15 0.007636 3 0 PTP 12 12_1_-112_505
13 0.007636 2 12
12 0.007640 2 12 10
15 0.007640 3 0 PTP 12 12_1_-112_506
13 0.007640 2 12
12 0.007642 2 12 7
15 0.007642 3 0 PTP 12 12_1_-778_507
12 0.007647 2 50 10
15 0.007647 3 0 PTP 50 50_1_-112_508
13 0.007647 2 50
12 0.007651 2 50 10
15 0.007651 3 0 PTP 50 50_1_-112_509
13 0.007651 2 50
12 0.007653 2 50 7
15 0.007653 3 0 PTP 50 50_1_-778_510
12 0.007687 2 105 10
15 0.007687 3 0 PTP 105 105_1_-112_511
13 0.007687 2 105
12 0.007690 2 105 10
15 0.007690 3 0 PTP 105 105_1_-112_512
13 0.007690 2 105
12 0.007692 2 104 10
15 0.007692 3 0 PTP 104 104_1_-112_513
12 0.007692 2 105 7
15 0.007692 3 0 PTP 105 105_1_-778_514
13 0.007692 2 104
12 0.007695 2 104 10
15 0.007695 3 0 PTP 104 104_1_-112_515
13 0.007695 2 104
12 0.007697 2 104 7
15 0.007697 3 0 PTP 104 104_1_-778_516
12 0.007699 2 21 10
15 0.007699 3 0 PTP 21 21_1_-112_517
13 0.007699 2 21
12 0.007699 2 103 10
15 0.007699 3 0 PTP 103 103_1_-112_518
13 0.007699 2 103
12 0.007701 2 103 10
15 0.007701 3 0 PTP 103 103_1_-112_519
13 0.007701 2 103
12 0.007702 2 21 10
15 0.007702 3 0 PTP 21 21_1_-112_520
13 0.007702 2 21
12 0.007703 2 103 7
15 0.007703 3 0 PTP 103 103_1_-778_521
12 0.007704 2 20 10
15 0.007704 3 0 PTP 20 20_1_-112_522
12 0.007704 2 21 7
15 0.007704 3 0 PTP 21 21_1_-778_523
13 0.007704 2 20
12 0.007708 2 20 10
15 0.007708 3 0 PTP 20 20_1_-112_524
13 0.007708 2 20
12 0.007709 2 20 7
15 0.007709 3 0 PTP 20 20_1_-778_525
12 0.007742 2 72 10
15 0.007742 3 0 PTP 72 72_1_-112_526
13 0.007742 2 72
12 0.007745 2 72 10
15 0.007745 3 0 PTP 72 72_1_-112_527
13 0.007745 2 72
12 0.007746 2 74 10
15 0.007746 3 0 PTP 74 74_1_-112_528
13 0.007746 2 74
12 0.007747 2 72 7
15 0.007747 3 0 PTP 72 72_1_-778_529
12 0.007748 2 74 10
15 0.007748 3 0 PTP 74 74_1_-112_530
13 0.007748 2 74
12 0.007750 2 74 7
15 0.007750 3 0 PTP 74 74_1_-778_531
12 0.007752 2 73 10
15 0.007752 3 0 PTP 73 73_1_-112_532
13 0.007752 2 73
12 0.007753 2 11 10
15 0.007753 3 0 PTP 11 11_1_-112_533
13 0.007753 2 11
12 0.007754 2 73 10
15 0.007754 3 0 PTP 73 73_1_-112_534
13 0.007754 2 73
12 0.007756 2 11 10
15 0.007756 3 0 PTP 11 11_1_-112_535
13 0.007756 2 11
12 0.007756 2 73 7
15 0.007756 3 0 PTP 73 73_1_-778_536
12 0.007758 2 11 7
15 0.007758 3 0 PTP 11 11_1_-778_537
12 0.007770 2 28 10
15 0.007770 3 0 PTP 28 28_1_-112_538
13 0.007770 2 28
12 0.007772 2 22 10
15 0.007772 3 0 PTP 22 22_1_-112_539
13 0.007772 2 22
12 0.007774 2 28 10
15 0.007774 3 0 PTP 28 28_1_-112_540
13 0.007774 2 28
12 0.007775 2 22 10
15 0.007775 3 0 PTP 22 22_1_-112_541
13 0.007775 2 22
12 0.007776 2 28 7
15 0.007776 3 0 PTP 28 28_1_-778_542
12 0.007777 2 22 7
15 0.007777 3 0 PTP 22 22_1_-778_543
12 0.007779 2 29 10
15 0.007779 3 0 PTP 29 29_1_-112_544
13 0.007779 2 29
12 0.007780 2 27 10
15 0.007780 3 0 PTP 27 27_1_-112_545
13 0.007780 2 27
12 0.007782 2 29 10
15 0.007782 3 0 PTP 29 29_1_-112_546
13 0.007782 2 29
12 0.007783 2 29 7
15 0.007783 3 0 PTP 29 29_1_-778_547
12 0.007783 2 27 10
15 0.007783 3 0 PTP 27 27_1_-112_548
13 0.007783 2 27
12 0.007786 2 27 7
15 0.007786 3 0 PTP 27 27_1_-778_549
12 0.007792 2 71 10
15 0.007792 3 0 PTP 71 71_1_-112_550
13 0.007792 2 71
12 0.007795 2 71 10
15 0.007795 3 0 PTP 71 71_1_-112_551
13 0.007795 2 71
12 0.007796 2 71 7
15 0.007796 3 0 PTP 71 71_1_-778_552
12 0.007827 2 30 10
15 0.007827 3 0 PTP 30 30_1_-112_553
13 0.007827 2 30
12 0.007829 2 30 10
15 0.007829 3 0 PTP 30 30_1_-112_554
13 0.007829 2 30
12 0.007831 2 30 7
15 0.007831 3 0 PTP 30 30_1_-778_555
12 0.007890 2 100 10
15 0.007890 3 0 PTP 100 100_1_-112_556
13 0.007890 2 100
12 0.007892 2 100 10
15 0.007892 3 0 PTP 100 100_1_-112_557
13 0.007892 2 100
12 0.007894 2 100 7
15 0.007894 3 0 PTP 100 100_1_-778_558
12 0.007898 2 124 10
15 0.007898 3 0 PTP 124 124_1_-112_559
13 0.007898 2 124
12 0.007901 2 124 10
15 0.007901 3 0 PTP 124 124_1_-112_560
13 0.007901 2 124
12 0.007903 2 36 10
15 0.007903 3 0 PTP 36 36_1_-112_561
12 0.007903 2 37 10
15 0.007903 3 0 PTP 37 37_1_-112_562
13 0.007903 2 36
13 0.007903 2 37
12 0.007903 2 124 7
15 0.007903 3 0 PTP 124 124_1_-778_563
12 0.007904 2 38 10
15 0.007904 3 0 PTP 38 38_1_-112_564
13 0.007904 2 38
12 0.007905 2 36 10
15 0.007905 3 0 PTP 36 36_1_-112_565
13 0.007905 2 36
12 0.007906 2 37 10
15 0.007906 3 0 PTP 37 37_1_-112_566
12 0.007906 2 38 10
15 0.007906 3 0 PTP 38 38_1_-112_567
12 0.007906 2 36 7
15 0.007906 3 0 PTP 36 36_1_-778_568
13 0.007906 2 37
13 0.007906 2 38
12 0.007906 2 125 10
15 0.007906 3 0 PTP 125 125_1_-112_569
13 0.007906 2 125
12 0.007908 2 37 7
15 0.007908 3 0 PTP 37 37_1_-778_570
12 0.007908 2 38 7
15 0.007908 3 0 PTP 38 38_1_-778_571
12 0.007909 2 125 10
15 0.007909 3 0 PTP 125 125_1_-112_572
13 0.007909 2 125
12 0.007912 2 125 7
15 0.007912 3 0 PTP 125 125_1_-778_573
12 0.007915 2 61 10
15 0.007915 3 0 PTP 61 61_1_-112_574
13 0.007915 2 61
12 0.007917 2 61 10
15 0.007917 3 0 PTP 61 61_1_-112_575
13 0.007917 2 61
12 0.007918 2 113 10
15 0.007918 3 0 PTP 113 113_1_-112_576
13 0.007918 2 113
12 0.007919 2 60 10
15 0.007919 3 0 PTP 60 60_1_-112_577
13 0.007919 2 60
12 0.007919 2 120 10
15 0.007919 3 0 PTP 120 120_1_-112_578
13 0.007919 2 120
12 0.007920 2 61 7
15 0.007920 3 0 PTP 61 61_1_-778_579
12 0.007921 2 113 10
15 0.007921 3 0 PTP 113 113_1_-112_580
13 0.007921 2 113
12 0.007921 2 120 10
15 0.007921 3 0 PTP 120 120_1_-112_581
13 0.007921 2 120
12 0.007923 2 60 10
15 0.007923 3 0 PTP 60 60_1_-112_582
13 0.007923 2 60
12 0.007923 2 120 7
15 0.007923 3 0 PTP 120 120_1_-778_583
12 0.007924 2 113 7
15 0.007924 3 0 PTP 113 113_1_-778_584
12 0.007925 2 101 10
15 0.007925 3 0 PTP 101 101_1_-112_585
13 0.007925 2 101
12 0.007925 2 60 7
15 0.007925 3 0 PTP 60 60_1_-778_586
12 0.007928 2 101 10
15 0.007928 3 0 PTP 101 101_1_-112_587
13 0.007928 2 101
12 0.007930 2 101 7
15 0.007930 3 0 PTP 101 101_1_-778_588
12 0.007935 2 25 10
15 0.007935 3 0 PTP 25 25_1_-112_589
12 0.007935 2 24 10
15 0.007935 3 0 PTP 24 24_1_-112_590
13 0.007935 2 25
13 0.007935 2 24
12 0.007937 2 121 10
15 0.007937 3 0 PTP 121 121_1_-112_591
13 0.007937 2 121
12 0.007937 2 25 10
15 0.007937 3 0 PTP 25 25_1_-112_592
13 0.007937 2 25
12 0.007938 2 24 10
15 0.007938 3 0 PTP 24 24_1_-112_593
12 0.007938 2 25 7
15 0.007938 3 0 PTP 25 25_1_-778_594
13 0.007938 2 24
12 0.007940 2 121 10
15 0.007940 3 0 PTP 121 121_1_-112_595
13 0.007940 2 121
12 0.007940 2 24 7
15 0.007940 3 0 PTP 24 24_1_-778_596
12 0.007942 2 121 7
15 0.007942 3 0 PTP 121 121_1_-778_597
12 0.007943 2 114 10
15 0.007943 3 0 PTP 114 114_1_-112_598
13 0.007943 2 114
12 0.007943 2 23 10
15 0.007943 3 0 PTP 23 23_1_-112_599
13 0.007943 2 23
12 0.007945 2 114 10
15 0.007945 3 0 PTP 114 114_1_-112_600
13 0.007945 2 114
12 0.007945 2 23 10
15 0.007945 3 0 PTP 23 23_1_-112_601
13 0.007945 2 23
12 0.007946 2 114 7
15 0.007946 3 0 PTP 114 114_1_-778_602
12 0.007947 2 23 7
15 0.007947 3 0 PTP 23 23_1_-778_603
12 0.007961 2 112 10
15 0.007961 3 0 PTP 112 112_1_-112_604
13 0.007961 2 112
12 0.007964 2 112 10
15 0.007964 3 0 PTP 112 112_1_-112_605
13 0.007964 2 112
12 0.007965 2 112 7
15 0.007965 3 0 PTP 112 112_1_-778_606
12 0.008002 2 59 10
15 0.008002 3 0 PTP 59 59_1_-112_607
13 0.008002 2 59
12 0.008005 2 59 10
15 0.008005 3 0 PTP 59 59_1_-112_608
13 0.008005 2 59
12 0.008006 2 59 7
15 0.008006 3 0 PTP 59 59_1_-778_609
12 0.008023 2 26 10
15 0.008023 3 0 PTP 26 26_1_-112_610
13 0.008023 2 26
12 0.008026 2 26 10
15 0.008026 3 0 PTP 26 26_1_-112_611
13 0.008026 2 26
12 0.008028 2 26 7
15 0.008028 3 0 PTP 26 26_1_-778_612
12 0.008051 2 19 10
15 0.008051 3 0 PTP 19 19_1_-112_613
13 0.008051 2 19
12 0.008053 2 19 10
15 0.008053 3 0 PTP 19 19_1_-112_614
13 0.008053 2 19
12 0.008055 2 19 7
15 0.008055 3 0 PTP 19 19_1_-778_615
12 0.008072 2 80 10
15 0.008072 3 0 PTP 80 80_1_-112_616
13 0.008072 2 80
12 0.008074 2 82 10
15 0.008074 3 0 PTP 82 82_1_-112_617
13 0.008074 2 82
12 0.008077 2 80 10
15 0.008077 3 0 PTP 80 80_1_-112_618
12 0.008077 2 82 10
15 0.008077 3 0 PTP 82 82_1_-112_619
13 0.008077 2 80
13 0.008077 2 82
12 0.008078 2 82 7
15 0.008078 3 0 PTP 82 82_1_-778_620
12 0.008079 2 80 7
15 0.008079 3 0 PTP 80 80_1_-778_621
12 0.008083 2 81 10
15 0.008083 3 0 PTP 81 81_1_-112_622
13 0.008083 2 81
12 0.008087 2 81 10
15 0.008087 3 0 PTP 81 81_1_-112_623
13 0.008087 2 81
12 0.008088 2 81 7
15 0.008088 3 0 PTP 81 81_1_-778_624
12 0.008127 2 79 10
15 0.008127 3 0 PTP 79 79_1_-112_625
13 0.008127 2 79
12 0.008130 2 62 10
15 0.008130 3 0 PTP 62 62_1_-112_626
13 0.008130 2 62
12 0.008130 2 79 10
15 0.008130 3 0 PTP 79 79_1_-112_627
13 0.008130 2 79
12 0.008132 2 62 10
15 0.008132 3 0 PTP 62 62_1_-112_628
13 0.008132 2 62
12 0.008133 2 79 7
15 0.008133 3 0 PTP 79 79_1_-778_629
12 0.008134 2 62 7
15 0.008134 3 0 PTP 62 62_1_-778_630
12 0.008149 2 35 10
15 0.008149 3 0 PTP 35 35_1_-112_631
13 0.008149 2 35
12 0.008152 2 35 10
15 0.008152 3 0 PTP 35 35_1_-112_632
13 0.008152 2 35
12 0.008152 2 57 10
15 0.008152 3 0 PTP 57 57_1_-112_633
13 0.008152 2 57
12 0.008154 2 56 10
15 0.008154 3 0 PTP 56 56_1_-112_634
13 0.008154 2 56
12 0.008155 2 35 7
15 0.008155 3 0 PTP 35 35_1_-778_635
12 0.008156 2 57 10
15 0.008156 3 0 PTP 57 57_1_-112_636
13 0.008156 2 57
12 0.008157 2 57 7
15 0.008157 3 0 PTP 57 57_1_-778_637
12 0.008158 2 56 10
15 0.008158 3 0 PTP 56 56_1_-112_638
13 0.008158 2 56
12 0.008159 2 56 7
15 0.008159 3 0 PTP 56 56_1_-778_639
12 0.008166 2 55 10
15 0.008166 3 0 PTP 55 55_1_-112_640
13 0.008166 2 55
12 0.008169 2 55 10
15 0.008169 3 0 PTP 55 55_1_-112_641
13 0.008169 2 55
12 0.008173 2 55 7
15 0.008173 3 0 PTP 55 55_1_-778_642
12 0.008173 2 122 10
15 0.008173 3 0 PTP 122 122_1_-112_643
13 0.008173 2 122
12 0.008176 2 122 10
15 0.008176 3 0 PTP 122 122_1_-112_644
13 0.008176 2 122
12 0.008179 2 122 7
15 0.008179 3 0 PTP 122 122_1_-778_645
12 0.008180 2 126 10
15 0.008180 3 0 PTP 126 126_1_-112_646
13 0.008180 2 126
12 0.008182 2 119 10
15 0.008182 3 0 PTP 119 119_1_-112_647
13 0.008182 2 119
12 0.008183 2 126 10
15 0.008183 3 0 PTP 126 126_1_-112_648
13 0.008183 2 126
12 0.008184 2 119 10
15 0.008184 3 0 PTP 119 119_1_-112_649
13 0.008184 2 119
12 0.008185 2 126 7
15 0.008185 3 0 PTP 126 126_1_-778_650
12 0.008186 2 119 7
15 0.008186 3 0 PTP 119 119_1_-778_651
12 0.008193 2 58 10
15 0.008193 3 0 PTP 58 58_1_-112_652
13 0.008193 2 58
12 0.008195 2 58 10
15 0.008195 3 0 PTP 58 58_1_-112_653
13 0.008195 2 58
12 0.008197 2 58 7
15 0.008197 3 0 PTP 58 58_1_-778_654
12 0.008203 2 106 10
15 0.008203 3 0 PTP 106 106_1_-112_655
13 0.008203 2 106
12 0.008206 2 106 10
15 0.008206 3 0 PTP 106 106_1_-112_656
13 0.008206 2 106
12 0.008207 2 106 7
15 0.008207 3 0 PTP 106 106_1_-778_657
12 0.008230 2 102 10
15 0.008230 3 0 PTP 102 102_1_-112_658
13 0.008230 2 102
12 0.008234 2 102 10
15 0.008234 3 0 PTP 102 102_1_-112_659
13 0.008234 2 102
12 0.008235 2 102 7
15 0.008235 3 0 PTP 102 102_1_-778_660
12 0.008294 2 111 10
15 0.008294 3 0 PTP 111 111_1_-112_661
13 0.008294 2 111
12 0.008297 2 111 10
15 0.008297 3 0 PTP 111 111_1_-112_662
13 0.008297 2 111
12 0.008300 2 111 7
15 0.008300 3 0 PTP 111 111_1_-778_663
12 0.008320 2 99 10
15 0.008320 3 0 PTP 99 99_1_-112_664
13 0.008320 2 99
12 0.008323 2 99 10
15 0.008323 3 0 PTP 99 99_1_-112_665
13 0.008323 2 99
12 0.008325 2 99 7
15 0.008325 3 0 PTP 99 99_1_-778_666
12 0.008381 2 123 10
15 0.008381 3 0 PTP 123 123_1_-112_667
13 0.008381 2 123
12 0.008384 2 123 10
15 0.008384 3 0 PTP 123 123_1_-112_668
13 0.008384 2 123
12 0.008386 2 123 7
15 0.008386 3 0 PTP 123 123_1_-778_669
12 0.008535 2 68 10
15 0.008535 3 0 PTP 68 68_1_-112_670
13 0.008535 2 68
12 0.008538 2 68 10
15 0.008538 3 0 PTP 68 68_1_-112_671
13 0.008538 2 68
12 0.008539 2 69 10
15 0.008539 3 0 PTP 69 69_1_-112_672
13 0.008539 2 69
12 0.008540 2 68 7
15 0.008540 3 0 PTP 68 68_1_-778_673
12 0.008542 2 69 10
15 0.008542 3 0 PTP 69 69_1_-112_674
13 0.008542 2 69
12 0.008544 2 69 7
15 0.008544 3 0 PTP 69 69_1_-778_675
12 0.008547 2 70 10
15 0.008547 3 0 PTP 70 70_1_-112_676
13 0.008547 2 70
12 0.008549 2 67 10
15 0.008549 3 0 PTP 67 67_1_-112_677
13 0.008549 2 67
12 0.008550 2 70 10
15 0.008550 3 0 PTP 70 70_1_-112_678
13 0.008550 2 70
12 0.008551 2 70 7
15 0.008551 3 0 PTP 70 70_1_-778_679
12 0.008552 2 67 10
15 0.008552 3 0 PTP 67 67_1_-112_680
13 0.008552 2 67
12 0.008554 2 67 7
15 0.008554 3 0 PTP 67 67_1_-778_681
12 0.008567 2 97 10
15 0.008567 3 0 PTP 97 97_1_-112_682
13 0.008567 2 97
12 0.008570 2 97 10
15 0.008570 3 0 PTP 97 97_1_-112_683
13 0.008570 2 97
12 0.008571 2 96 10
15 0.008571 3 0 PTP 96 96_1_-112_684
12 0.008571 2 97 7
15 0.008571 3 0 PTP 97 97_1_-778_685
13 0.008571 2 96
12 0.008573 2 96 10
15 0.008573 3 0 PTP 96 96_1_-112_686
13 0.008573 2 96
12 0.008575 2 96 7
15 0.008575 3 0 PTP 96 96_1_-778_687
12 0.008761 2 98 10
15 0.008761 3 0 PTP 98 98_1_-112_688
13 0.008761 2 98
12 0.008763 2 98 10
15 0.008763 3 0 PTP 98 98_1_-112_689
13 0.008763 2 98
12 0.008766 2 98 7
15 0.008766 3 0 PTP 98 98_1_-778_690
12 0.008785 2 95 10
15 0.008785 3 0 PTP 95 95_1_-112_691
13 0.008785 2 95
12 0.008788 2 95 10
15 0.008788 3 0 PTP 95 95_1_-112_692
13 0.008788 2 95
12 0.008791 2 95 7
15 0.008791 3 0 PTP 95 95_1_-778_693
12 0.008908 2 7 10
15 0.008908 3 0 PTP 7 7_1_-112_694
13 0.008908 2 7
12 0.008911 2 7 10
15 0.008911 3 0 PTP 7 7_1_-112_695
13 0.008911 2 7
12 0.008913 2 7 7
15 0.008913 3 0 PTP 7 7_1_-778_696
12 0.008964 2 8 10
15 0.008964 3 0 PTP 8 8_1_-112_697
13 0.008964 2 8
12 0.008967 2 8 10
15 0.008967 3 0 PTP 8 8_1_-112_698
13 0.008967 2 8
12 0.008969 2 8 7
15 0.008969 3 0 PTP 8 8_1_-778_699
12 0.008972 2 9 10
15 0.008972 3 0 PTP 9 9_1_-112_700
13 0.008972 2 9
12 0.008975 2 9 10
15 0.008975 3 0 PTP 9 9_1_-112_701
13 0.008975 2 9
12 0.008976 2 9 7
15 0.008976 3 0 PTP 9 9_1_-778_702
12 0.009077 2 10 10
15 0.009077 3 0 PTP 10 10_1_-112_703
13 0.009077 2 10
12 0.009080 2 10 10
15 0.009080 3 0 PTP 10 10_1_-112_704
13 0.009080 2 10
12 0.009082 2 10 7
15 0.009082 3 0 PTP 10 10_1_-778_705
12 0.009171 2 4 10
15 0.009171 3 0 PTP 4 4_1_-112_706
13 0.009171 2 4
12 0.009175 2 4 10
15 0.009175 3 0 PTP 4 4_1_-112_707
13 0.009175 2 4
12 0.009177 2 5 10
15 0.009177 3 0 PTP 5 5_1_-112_708
13 0.009177 2 5
12 0.009178 2 4 7
15 0.009178 3 0 PTP 4 4_1_-778_709
12 0.009180 2 5 10
15 0.009180 3 0 PTP 5 5_1_-112_710
13 0.009180 2 5
12 0.009182 2 5 7
15 0.009182 3 0 PTP 5 5_1_-778_711
12 0.009186 2 6 10
15 0.009186 3 0 PTP 6 6_1_-112_712
13 0.009186 2 6
12 0.009188 2 6 10
15 0.009188 3 0 PTP 6 6_1_-112_713
13 0.009188 2 6
12 0.009190 2 6 7
15 0.009190 3 0 PTP 6 6_1_-778_714
12 0.009210 2 3 10
15 0.009210 3 0 PTP 3 3_1_-112_715
13 0.009210 2 3
12 0.009212 2 3 10
15 0.009212 3 0 PTP 3 3_1_-112_716
13 0.009212 2 3
12 0.009215 2 3 7
15 0.009215 3 0 PTP 3 3_1_-778_717
12 0.009235 2 16 10
15 0.009235 3 0 PTP 16 16_1_-112_718
13 0.009235 2 16
12 0.009237 2 17 10
15 0.009237 3 0 PTP 17 17_1_-112_719
13 0.009237 2 17
12 0.009239 2 16 10
15 0.009239 3 0 PTP 16 16_1_-112_720
13 0.009239 2 16
12 0.009240 2 17 10
15 0.009240 3 0 PTP 17 17_1_-112_721
13 0.009240 2 17
12 0.009241 2 17 7
15 0.009241 3 0 PTP 17 17_1_-778_722
12 0.009241 2 16 7
15 0.009241 3 0 PTP 16 16_1_-778_723
12 0.009270 2 15 10
15 0.009270 3 0 PTP 15 15_1_-112_724
13 0.009270 2 15
12 0.009274 2 15 10
15 0.009274 3 0 PTP 15 15_1_-112_725
13 0.009274 2 15
12 0.009276 2 15 7
15 0.009276 3 0 PTP 15 15_1_-778_726
12 0.009400 2 18 10
15 0.009400 3 0 PTP 18 18_1_-112_727
13 0.009400 2 18
12 0.009403 2 18 10
15 0.009403 3 0 PTP 18 18_1_-112_728
13 0.009403 2 18
12 0.009405 2 18 7
15 0.009405 3 0 PTP 18 18_1_-778_729
12 0.009589 2 33 10
15 0.009589 3 0 PTP 33 33_1_-112_730
13 0.009589 2 33
12 0.009591 2 32 10
15 0.009591 3 0 PTP 32 32_1_-112_731
12 0.009591 2 33 10
15 0.009591 3 0 PTP 33 33_1_-112_732
13 0.009591 2 32
13 0.009591 2 33
12 0.009593 2 33 7
15 0.009593 3 0 PTP 33 33_1_-778_733
12 0.009594 2 32 10
15 0.009594 3 0 PTP 32 32_1_-112_734
13 0.009594 2 32
12 0.009596 2 32 7
15 0.009596 3 0 PTP 32 32_1_-778_735
12 0.009617 2 31 10
15 0.009617 3 0 PTP 31 31_1_-112_736
13 0.009617 2 31
12 0.009620 2 31 10
15 0.009620 3 0 PTP 31 31_1_-112_737
13 0.009620 2 31
12 0.009623 2 31 7
15 0.009623 3 0 PTP 31 31_1_-778_738
12 0.009771 2 2 10
15 0.009771 3 0 PTP 2 2_1_-112_739
13 0.009771 2 2
12 0.009774 2 2 10
15 0.009774 3 0 PTP 2 2_1_-112_740
13 0.009774 2 2
12 0.009776 2 128 10
15 0.009776 3 0 PTP 128 128_1_-112_741
13 0.009776 2 128
12 0.009778 2 2 7
15 0.009778 3 0 PTP 2 2_1_-778_742
12 0.009778 2 128 10
15 0.009778 3 0 PTP 128 128_1_-112_743
13 0.009778 2 128
12 0.009780 2 128 7
15 0.009780 3 0 PTP 128 128_1_-778_744
12 0.009802 2 1 10
16 0.009802 3 0 PTP 1 2_1_-112_739
16 0.009802 3 0 PTP 1 3_1_-112_715
16 0.009802 3 0 PTP 1 5_1_-112_708
16 0.009802 3 0 PTP 1 9_1_-112_700
16 0.009802 3 0 PTP 1 17_1_-112_719
16 0.009802 3 0 PTP 1 33_1_-112_730
16 0.009802 3 0 PTP 1 97_1_-112_682
16 0.009802 3 0 PTP 1 49_1_-112_493
16 0.009802 3 0 PTP 1 81_1_-112_622
16 0.009802 3 0 PTP 1 25_1_-112_589
16 0.009802 3 0 PTP 1 41_1_-112_454
16 0.009802 3 0 PTP 1 73_1_-112_532
16 0.009802 3 0 PTP 1 4_1_-112_706
16 0.009802 3 0 PTP 1 6_1_-112_712
16 0.009802 3 0 PTP 1 10_1_-112_703
16 0.009802 3 0 PTP 1 13_1_-112_501
16 0.009802 3 0 PTP 1 18_1_-112_727
16 0.009802 3 0 PTP 1 21_1_-112_517
16 0.009802 3 0 PTP 1 37_1_-112_562
16 0.009802 3 0 PTP 1 69_1_-112_672
16 0.009802 3 0 PTP 1 7_1_-112_694
16 0.009802 3 0 PTP 1 11_1_-112_533
16 0.009802 3 0 PTP 1 19_1_-112_613
16 0.009802 3 0 PTP 1 35_1_-112_631
16 0.009802 3 0 PTP 1 67_1_-112_677
16 0.009802 3 0 PTP 1 113_1_-112_576
16 0.009802 3 0 PTP 1 57_1_-112_633
16 0.009802 3 0 PTP 1 89_1_-112_481
16 0.009802 3 0 PTP 1 105_1_-112_511
16 0.009802 3 0 PTP 1 29_1_-112_544
16 0.009802 3 0 PTP 1 45_1_-112_384
16 0.009802 3 0 PTP 1 53_1_-112_383
16 0.009802 3 0 PTP 1 77_1_-112_416
16 0.009802 3 0 PTP 1 85_1_-112_469
16 0.009802 3 0 PTP 1 101_1_-112_585
16 0.009802 3 0 PTP 1 15_1_-112_724
16 0.009802 3 0 PTP 1 23_1_-112_599
16 0.009802 3 0 PTP 1 27_1_-112_545
16 0.009802 3 0 PTP 1 39_1_-112_448
16 0.009802 3 0 PTP 1 43_1_-112_451
16 0.009802 3 0 PTP 1 51_1_-112_433
16 0.009802 3 0 PTP 1 71_1_-112_550
16 0.009802 3 0 PTP 1 75_1_-112_475
16 0.009802 3 0 PTP 1 83_1_-112_499
16 0.009802 3 0 PTP 1 99_1_-112_664
16 0.009802 3 0 PTP 1 8_1_-112_697
16 0.009802 3 0 PTP 1 12_1_-112_505
16 0.009802 3 0 PTP 1 14_1_-112_496
16 0.009802 3 0 PTP 1 20_1_-112_522
16 0.009802 3 0 PTP 1 22_1_-112_539
16 0.009802 3 0 PTP 1 26_1_-112_610
16 0.009802 3 0 PTP 1 36_1_-112_561
16 0.009802 3 0 PTP 1 38_1_-112_564
16 0.009802 3 0 PTP 1 42_1_-112_463
16 0.009802 3 0 PTP 1 50_1_-112_508
16 0.009802 3 0 PTP 1 68_1_-112_670
16 0.009802 3 0 PTP 1 70_1_-112_676
16 0.009802 3 0 PTP 1 74_1_-112_528
16 0.009802 3 0 PTP 1 82_1_-112_617
16 0.009802 3 0 PTP 1 98_1_-112_688
16 0.009803 3 0 PTP 1 121_1_-112_591
16 0.009803 3 0 PTP 1 61_1_-112_574
16 0.009803 3 0 PTP 1 93_1_-112_437
16 0.009803 3 0 PTP 1 109_1_-112_388
16 0.009803 3 0 PTP 1 117_1_-112_393
16 0.009803 3 0 PTP 1 31_1_-112_736
16 0.009803 3 0 PTP 1 47_1_-112_472
16 0.009803 3 0 PTP 1 55_1_-112_640
16 0.009803 3 0 PTP 1 59_1_-112_607
16 0.009803 3 0 PTP 1 79_1_-112_625
16 0.009803 3 0 PTP 1 87_1_-112_484
16 0.009803 3 0 PTP 1 91_1_-112_457
16 0.009803 3 0 PTP 1 103_1_-112_518
16 0.009803 3 0 PTP 1 107_1_-112_445
16 0.009803 3 0 PTP 1 115_1_-112_421
16 0.009803 3 0 PTP 1 16_1_-112_718
16 0.009803 3 0 PTP 1 24_1_-112_590
16 0.009803 3 0 PTP 1 28_1_-112_538
16 0.009803 3 0 PTP 1 30_1_-112_553
16 0.009803 3 0 PTP 1 40_1_-112_423
16 0.009803 3 0 PTP 1 44_1_-112_403
16 0.009803 3 0 PTP 1 46_1_-112_400
16 0.009803 3 0 PTP 1 52_1_-112_385
16 0.009803 3 0 PTP 1 54_1_-112_422
16 0.009803 3 0 PTP 1 58_1_-112_652
16 0.009803 3 0 PTP 1 72_1_-112_526
16 0.009803 3 0 PTP 1 76_1_-112_426
16 0.009803 3 0 PTP 1 78_1_-112_415
16 0.009803 3 0 PTP 1 84_1_-112_460
16 0.009803 3 0 PTP 1 86_1_-112_466
16 0.009803 3 0 PTP 1 90_1_-112_490
16 0.009803 3 0 PTP 1 100_1_-112_556
16 0.009803 3 0 PTP 1 102_1_-112_658
16 0.009803 3 0 PTP 1 106_1_-112_655
16 0.009803 3 0 PTP 1 114_1_-112_598
16 0.009803 3 0 PTP 1 125_1_-112_569
16 0.009803 3 0 PTP 1 95_1_-112_691
16 0.009803 3 0 PTP 1 111_1_-112_661
16 0.009803 3 0 PTP 1 119_1_-112_647
16 0.009803 3 0 PTP 1 123_1_-112_667
16 0.009803 3 0 PTP 1 32_1_-112_731
16 0.009803 3 0 PTP 1 48_1_-112_487
16 0.009803 3 0 PTP 1 56_1_-112_634
16 0.009803 3 0 PTP 1 60_1_-112_577
16 0.009803 3 0 PTP 1 62_1_-112_626
16 0.009803 3 0 PTP 1 80_1_-112_616
16 0.009803 3 0 PTP 1 88_1_-112_478
16 0.009803 3 0 PTP 1 92_1_-112_435
16 0.009803 3 0 PTP 1 94_1_-112_438
16 0.009803 3 0 PTP 1 104_1_-112_513
16 0.009803 3 0 PTP 1 108_1_-112_405
16 0.009803 3 0 PTP 1 110_1_-112_412
16 0.009803 3 0 PTP 1 116_1_-112_382
16 0.009803 3 0 PTP 1 118_1_-112_409
16 0.009803 3 0 PTP 1 122_1_-112_643
16 0.009803 3 0 PTP 1 96_1_-112_684
16 0.009803 3 0 PTP 1 112_1_-112_604
16 0.009803 3 0 PTP 1 120_1_-112_578
16 0.009803 3 0 PTP 1 124_1_-112_559
16 0.009803 3 0 PTP 1 126_1_-112_646
16 0.009803 3 0 PTP 1 128_1_-112_741
12 0.009826 2 64 10
15 0.009826 3 0 PTP 64 64_1_-112_745
13 0.009826 2 64
16 0.009827 3 0 PTP 1 64_1_-112_745
12 0.009831 2 64 10
15 0.009831 3 0 PTP 64 64_1_-112_746
13 0.009831 2 64
12 0.009832 2 65 10
15 0.009832 3 0 PTP 65 65_1_-112_747
13 0.009832 2 65
16 0.009832 3 0 PTP 1 65_1_-112_747
12 0.009833 2 64 7
15 0.009833 3 0 PTP 64 64_1_-778_748
12 0.009834 2 65 10
15 0.009834 3 0 PTP 65 65_1_-112_749
13 0.009834 2 65
12 0.009836 2 65 7
15 0.009836 3 0 PTP 65 65_1_-778_750
12 0.009848 2 66 10
15 0.009848 3 0 PTP 66 66_1_-112_751
13 0.009848 2 66
16 0.009848 3 0 PTP 1 66_1_-112_751
12 0.009852 2 66 10
15 0.009852 3 0 PTP 66 66_1_-112_752
13 0.009852 2 66
12 0.009853 2 66 7
15 0.009853 3 0 PTP 66 66_1_-778_753
12 0.009869 2 127 10
15 0.009869 3 0 PTP 127 127_1_-112_754
13 0.009869 2 127
16 0.009870 3 0 PTP 1 127_1_-112_754
12 0.009873 2 127 10
15 0.009873 3 0 PTP 127 127_1_-112_755
13 0.009873 2 127
12 0.009874 2 127 7
15 0.009874 3 0 PTP 127 127_1_-778_756
12 0.009882 2 34 10
15 0.009882 3 0 PTP 34 34_1_-112_757
13 0.009882 2 34
16 0.009883 3 0 PTP 1 34_1_-112_757
12 0.009885 2 34 10
15 0.009885 3 0 PTP 34 34_1_-112_758
13 0.009885 2 34
12 0.009887 2 34 7
15 0.009887 3 0 PTP 34 34_1_-778_759
12 0.010071 2 63 10
15 0.010071 3 0 PTP 63 63_1_-112_760
13 0.010071 2 63
16 0.010072 3 0 PTP 1 63_1_-112_760
13 0.010072 2 1
12 0.010073 2 63 10
15 0.010073 3 0 PTP 63 63_1_-112_761
13 0.010073 2 63
12 0.010075 2 63 7
15 0.010075 3 0 PTP 63 63_1_-778_762
12 0.010075 2 1 10
16 0.010075 3 0 PTP 1 2_1_-112_740
16 0.010075 3 0 PTP 1 3_1_-112_716
16 0.010075 3 0 PTP 1 5_1_-112_710
16 0.010075 3 0 PTP 1 9_1_-112_701
16 0.010075 3 0 PTP 1 17_1_-112_721
16 0.010075 3 0 PTP 1 33_1_-112_732
16 0.010075 3 0 PTP 1 65_1_-112_749
16 0.010075 3 0 PTP 1 97_1_-112_683
16 0.010075 3 0 PTP 1 49_1_-112_494
16 0.010075 3 0 PTP 1 81_1_-112_623
16 0.010075 3 0 PTP 1 25_1_-112_592
16 0.010075 3 0 PTP 1 41_1_-112_455
16 0.010075 3 0 PTP 1 73_1_-112_534
16 0.010075 3 0 PTP 1 13_1_-112_503
16 0.010075 3 0 PTP 1 21_1_-112_520
16 0.010075 3 0 PTP 1 37_1_-112_566
16 0.010075 3 0 PTP 1 69_1_-112_674
16 0.010075 3 0 PTP 1 7_1_-112_695
16 0.010075 3 0 PTP 1 11_1_-112_535
16 0.010075 3 0 PTP 1 19_1_-112_614
16 0.010075 3 0 PTP 1 35_1_-112_632
16 0.010075 3 0 PTP 1 67_1_-112_680
16 0.010075 3 0 PTP 1 4_1_-112_707
16 0.010075 3 0 PTP 1 6_1_-112_713
16 0.010075 3 0 PTP 1 10_1_-112_704
16 0.010075 3 0 PTP 1 18_1_-112_728
16 0.010075 3 0 PTP 1 34_1_-112_758
16 0.010075 3 0 PTP 1 66_1_-112_752
16 0.010075 3 0 PTP 1 113_1_-112_580
16 0.010075 3 0 PTP 1 57_1_-112_636
16 0.010075 3 0 PTP 1 89_1_-112_482
16 0.010075 3 0 PTP 1 105_1_-112_512
16 0.010075 3 0 PTP 1 29_1_-112_546
16 0.010075 3 0 PTP 1 45_1_-112_389
16 0.010075 3 0 PTP 1 53_1_-112_387
16 0.010075 3 0 PTP 1 77_1_-112_417
16 0.010075 3 0 PTP 1 85_1_-112_470
16 0.010075 3 0 PTP 1 101_1_-112_587
16 0.010075 3 0 PTP 1 15_1_-112_725
16 0.010075 3 0 PTP 1 23_1_-112_601
16 0.010075 3 0 PTP 1 27_1_-112_548
16 0.010075 3 0 PTP 1 39_1_-112_449
16 0.010075 3 0 PTP 1 43_1_-112_452
16 0.010075 3 0 PTP 1 51_1_-112_434
16 0.010075 3 0 PTP 1 71_1_-112_551
16 0.010075 3 0 PTP 1 75_1_-112_476
16 0.010075 3 0 PTP 1 83_1_-112_500
16 0.010075 3 0 PTP 1 99_1_-112_665
16 0.010075 3 0 PTP 1 8_1_-112_698
16 0.010075 3 0 PTP 1 12_1_-112_506
16 0.010075 3 0 PTP 1 14_1_-112_497
16 0.010075 3 0 PTP 1 20_1_-112_524
16 0.010075 3 0 PTP 1 22_1_-112_541
16 0.010075 3 0 PTP 1 26_1_-112_611
16 0.010075 3 0 PTP 1 36_1_-112_565
16 0.010075 3 0 PTP 1 38_1_-112_567
16 0.010075 3 0 PTP 1 42_1_-112_464
16 0.010075 3 0 PTP 1 50_1_-112_509
16 0.010075 3 0 PTP 1 68_1_-112_671
16 0.010075 3 0 PTP 1 70_1_-112_678
16 0.010075 3 0 PTP 1 74_1_-112_530
16 0.010075 3 0 PTP 1 82_1_-112_619
16 0.010075 3 0 PTP 1 98_1_-112_689
16 0.010076 3 0 PTP 1 121_1_-112_595
16 0.010076 3 0 PTP 1 61_1_-112_575
16 0.010076 3 0 PTP 1 93_1_-112_440
16 0.010076 3 0 PTP 1 109_1_-112_394
16 0.010076 3 0 PTP 1 117_1_-112_398
16 0.010076 3 0 PTP 1 31_1_-112_737
16 0.010076 3 0 PTP 1 47_1_-112_473
16 0.010076 3 0 PTP 1 55_1_-112_641
16 0.010076 3 0 PTP 1 59_1_-112_608
16 0.010076 3 0 PTP 1 79_1_-112_627
16 0.010076 3 0 PTP 1 87_1_-112_485
16 0.010076 3 0 PTP 1 91_1_-112_458
16 0.010076 3 0 PTP 1 103_1_-112_519
16 0.010076 3 0 PTP 1 107_1_-112_446
16 0.010076 3 0 PTP 1 115_1_-112_424
16 0.010076 3 0 PTP 1 16_1_-112_720
16 0.010076 3 0 PTP 1 24_1_-112_593
16 0.010076 3 0 PTP 1 28_1_-112_540
16 0.010076 3 0 PTP 1 30_1_-112_554
16 0.010076 3 0 PTP 1 40_1_-112_427
16 0.010076 3 0 PTP 1 44_1_-112_404
16 0.010076 3 0 PTP 1 46_1_-112_401
16 0.010076 3 0 PTP 1 52_1_-112_390
16 0.010076 3 0 PTP 1 54_1_-112_425
16 0.010076 3 0 PTP 1 58_1_-112_653
16 0.010076 3 0 PTP 1 72_1_-112_527
16 0.010076 3 0 PTP 1 76_1_-112_430
16 0.010076 3 0 PTP 1 78_1_-112_418
16 0.010076 3 0 PTP 1 84_1_-112_461
16 0.010076 3 0 PTP 1 86_1_-112_467
16 0.010076 3 0 PTP 1 90_1_-112_491
16 0.010076 3 0 PTP 1 100_1_-112_557
16 0.010076 3 0 PTP 1 102_1_-112_659
16 0.010076 3 0 PTP 1 106_1_-112_656
16 0.010076 3 0 PTP 1 114_1_-112_600
16 0.010076 3 0 PTP 1 125_1_-112_572
16 0.010076 3 0 PTP 1 63_1_-112_761
16 0.010076 3 0 PTP 1 95_1_-112_692
16 0.010076 3 0 PTP 1 111_1_-112_662
16 0.010076 3 0 PTP 1 119_1_-112_649
16 0.010076 3 0 PTP 1 123_1_-112_668
16 0.010076 3 0 PTP 1 32_1_-112_734
16 0.010076 3 0 PTP 1 48_1_-112_488
16 0.010076 3 0 PTP 1 56_1_-112_638
16 0.010076 3 0 PTP 1 60_1_-112_582
16 0.010076 3 0 PTP 1 62_1_-112_628
16 0.010076 3 0 PTP 1 80_1_-112_618
16 0.010076 3 0 PTP 1 88_1_-112_479
16 0.010076 3 0 PTP 1 92_1_-112_439
16 0.010076 3 0 PTP 1 94_1_-112_441
16 0.010076 3 0 PTP 1 104_1_-112_515
16 0.010076 3 0 PTP 1 108_1_-112_407
16 0.010076 3 0 PTP 1 110_1_-112_413
16 0.010076 3 0 PTP 1 116_1_-112_386
16 0.010076 3 0 PTP 1 118_1_-112_410
16 0.010076 3 0 PTP 1 122_1_-112_644
16 0.010076 3 0 PTP 1 127_1_-112_755
16 0.010076 3 0 PTP 1 64_1_-112_746
16 0.010076 3 0 PTP 1 96_1_-112_686
16 0.010076 3 0 PTP 1 112_1_-112_605
16 0.010076 3 0 PTP 1 120_1_-112_581
16 0.010076 3 0 PTP 1 124_1_-112_560
16 0.010076 3 0 PTP 1 126_1_-112_648
16 0.010076 3 0 PTP 1 128_1_-112_743
13 0.010076 2 1
12 0.010078 2 1 7
16 0.010078 3 0 PTP 1 2_1_-778_742
16 0.010078 3 0 PTP 1 3_1_-778_717
16 0.010078 3 0 PTP 1 5_1_-778_711
16 0.010078 3 0 PTP 1 9_1_-778_702
16 0.010078 3 0 PTP 1 17_1_-778_722
16 0.010078 3 0 PTP 1 33_1_-778_733
16 0.010078 3 0 PTP 1 65_1_-778_750
16 0.010079 3 0 PTP 1 97_1_-778_685
16 0.010079 3 0 PTP 1 49_1_-778_495
16 0.010079 3 0 PTP 1 81_1_-778_624
16 0.010079 3 0 PTP 1 25_1_-778_594
16 0.010079 3 0 PTP 1 41_1_-778_456
16 0.010079 3 0 PTP 1 73_1_-778_536
16 0.010079 3 0 PTP 1 13_1_-778_504
16 0.010079 3 0 PTP 1 21_1_-778_523
16 0.010079 3 0 PTP 1 37_1_-778_570
16 0.010079 3 0 PTP 1 69_1_-778_675
16 0.010079 3 0 PTP 1 7_1_-778_696
16 0.010079 3 0 PTP 1 11_1_-778_537
16 0.010079 3 0 PTP 1 19_1_-778_615
16 0.010079 3 0 PTP 1 35_1_-778_635
16 0.010079 3 0 PTP 1 67_1_-778_681
16 0.010079 3 0 PTP 1 4_1_-778_709
16 0.010079 3 0 PTP 1 6_1_-778_714
16 0.010079 3 0 PTP 1 10_1_-778_705
16 0.010079 3 0 PTP 1 18_1_-778_729
16 0.010079 3 0 PTP 1 34_1_-778_759
16 0.010079 3 0 PTP 1 66_1_-778_753
16 0.010079 3 0 PTP 1 113_1_-778_584
16 0.010079 3 0 PTP 1 57_1_-778_637
16 0.010079 3 0 PTP 1 89_1_-778_483
16 0.010079 3 0 PTP 1 105_1_-778_514
16 0.010079 3 0 PTP 1 29_1_-778_547
16 0.010079 3 0 PTP 1 45_1_-778_395
16 0.010079 3 0 PTP 1 53_1_-778_392
16 0.010079 3 0 PTP 1 77_1_-778_419
16 0.010079 3 0 PTP 1 85_1_-778_471
16 0.010079 3 0 PTP 1 101_1_-778_588
16 0.010079 3 0 PTP 1 15_1_-778_726
16 0.010079 3 0 PTP 1 23_1_-778_603
16 0.010079 3 0 PTP 1 27_1_-778_549
16 0.010079 3 0 PTP 1 39_1_-778_450
16 0.010079 3 0 PTP 1 43_1_-778_453
16 0.010079 3 0 PTP 1 51_1_-778_436
16 0.010079 3 0 PTP 1 71_1_-778_552
16 0.010079 3 0 PTP 1 75_1_-778_477
16 0.010079 3 0 PTP 1 83_1_-778_502
16 0.010079 3 0 PTP 1 99_1_-778_666
16 0.010079 3 0 PTP 1 8_1_-778_699
16 0.010079 3 0 PTP 1 12_1_-778_507
16 0.010079 3 0 PTP 1 14_1_-778_498
16 0.010079 3 0 PTP 1 20_1_-778_525
16 0.010079 3 0 PTP 1 22_1_-778_543
16 0.010079 3 0 PTP 1 26_1_-778_612
16 0.010079 3 0 PTP 1 36_1_-778_568
16 0.010079 3 0 PTP 1 38_1_-778_571
16 0.010079 3 0 PTP 1 42_1_-778_465
16 0.010079 3 0 PTP 1 50_1_-778_510
16 0.010079 3 0 PTP 1 68_1_-778_673
16 0.010079 3 0 PTP 1 70_1_-778_679
16 0.010079 3 0 PTP 1 74_1_-778_531
16 0.010079 3 0 PTP 1 82_1_-778_620
16 0.010079 3 0 PTP 1 98_1_-778_690
16 0.010079 3 0 PTP 1 121_1_-778_597
16 0.010079 3 0 PTP 1 61_1_-778_579
16 0.010079 3 0 PTP 1 93_1_-778_443
16 0.010079 3 0 PTP 1 109_1_-778_397
16 0.010079 3 0 PTP 1 117_1_-778_399
16 0.010079 3 0 PTP 1 31_1_-778_738
16 0.010079 3 0 PTP 1 47_1_-778_474
16 0.010079 3 0 PTP 1 55_1_-778_642
16 0.010079 3 0 PTP 1 59_1_-778_609
16 0.010079 3 0 PTP 1 79_1_-778_629
16 0.010079 3 0 PTP 1 87_1_-778_486
16 0.010079 3 0 PTP 1 91_1_-778_459
16 0.010079 3 0 PTP 1 103_1_-778_521
16 0.010079 3 0 PTP 1 107_1_-778_447
16 0.010079 3 0 PTP 1 115_1_-778_428
16 0.010079 3 0 PTP 1 16_1_-778_723
16 0.010079 3 0 PTP 1 24_1_-778_596
16 0.010079 3 0 PTP 1 28_1_-778_542
16 0.010079 3 0 PTP 1 30_1_-778_555
16 0.010079 3 0 PTP 1 40_1_-778_431
16 0.010079 3 0 PTP 1 44_1_-778_406
16 0.010079 3 0 PTP 1 46_1_-778_402
16 0.010079 3 0 PTP 1 52_1_-778_396
16 0.010079 3 0 PTP 1 54_1_-778_429
16 0.010079 3 0 PTP 1 58_1_-778_654
16 0.010079 3 0 PTP 1 72_1_-778_529
16 0.010079 3 0 PTP 1 76_1_-778_432
16 0.010079 3 0 PTP 1 78_1_-778_420
16 0.010079 3 0 PTP 1 84_1_-778_462
16 0.010079 3 0 PTP 1 86_1_-778_468
16 0.010079 3 0 PTP 1 90_1_-778_492
16 0.010079 3 0 PTP 1 100_1_-778_558
16 0.010079 3 0 PTP 1 102_1_-778_660
16 0.010079 3 0 PTP 1 106_1_-778_657
16 0.010079 3 0 PTP 1 114_1_-778_602
16 0.010079 3 0 PTP 1 125_1_-778_573
16 0.010079 3 0 PTP 1 63_1_-778_762
16 0.010079 3 0 PTP 1 95_1_-778_693
16 0.010079 3 0 PTP 1 111_1_-778_663
16 0.010079 3 0 PTP 1 119_1_-778_651
16 0.010079 3 0 PTP 1 123_1_-778_669
16 0.010079 3 0 PTP 1 32_1_-778_735
16 0.010079 3 0 PTP 1 48_1_-778_489
16 0.010079 3 0 PTP 1 56_1_-778_639
16 0.010079 3 0 PTP 1 60_1_-778_586
16 0.010079 3 0 PTP 1 62_1_-778_630
16 0.010079 3 0 PTP 1 80_1_-778_621
16 0.010079 3 0 PTP 1 88_1_-778_480
16 0.010079 3 0 PTP 1 92_1_-778_442
16 0.010079 3 0 PTP 1 94_1_-778_444
16 0.010079 3 0 PTP 1 104_1_-778_516
16 0.010079 3 0 PTP 1 108_1_-778_408
16 0.010079 3 0 PTP 1 110_1_-778_414
16 0.010079 3 0 PTP 1 116_1_-778_391
16 0.010079 3 0 PTP 1 118_1_-778_411
16 0.010079 3 0 PTP 1 122_1_-778_645
16 0.010079 3 0 PTP 1 127_1_-778_756
16 0.010079 3 0 PTP 1 64_1_-778_748
16 0.010079 3 0 PTP 1 96_1_-778_687
16 0.010079 3 0 PTP 1 112_1_-778_606
16 0.010079 3 0 PTP 1 120_1_-778_583
16 0.010079 3 0 PTP 1 124_1_-778_563
16 0.010079 3 0 PTP 1 126_1_-778_650
16 0.010080 3 0 PTP 1 128_1_-778_744
15 0.010080 3 0 PTP 1 1_2_-778_763
15 0.010080 3 0 PTP 1 1_3_-778_764
15 0.010080 3 0 PTP 1 1_4_-778_765
15 0.010080 3 0 PTP 1 1_5_-778_766
15 0.010080 3 0 PTP 1 1_6_-778_767
15 0.010080 3 0 PTP 1 1_7_-778_768
15 0.010080 3 0 PTP 1 1_8_-778_769
15 0.010080 3 0 PTP 1 1_9_-778_770
15 0.010080 3 0 PTP 1 1_10_-778_771
15 0.010080 3 0 PTP 1 1_11_-778_772
15 0.010080 3 0 PTP 1 1_12_-778_773
15 0.010080 3 0 PTP 1 1_13_-778_774
15 0.010080 3 0 PTP 1 1_14_-778_775
15 0.010080 3 0 PTP 1 1_15_-778_776
15 0.010080 3 0 PTP 1 1_16_-778_777
15 0.010080 3 0 PTP 1 1_17_-778_778
15 0.010080 3 0 PTP 1 1_18_-778_779
15 0.010080 3 0 PTP 1 1_19_-778_780
15 0.010080 3 0 PTP 1 1_20_-778_781
15 0.010080 3 0 PTP 1 1_21_-778_782
15 0.010080 3 0 PTP 1 1_22_-778_783
15 0.010080 3 0 PTP 1 1_23_-778_784
15 0.010080 3 0 PTP 1 1_24_-778_785
15 0.010080 3 0 PTP 1 1_25_-778_786
15 0.010080 3 0 PTP 1 1_26_-778_787
15 0.010080 3 0 PTP 1 1_27_-778_788
15 0.010080 3 0 PTP 1 1_28_-778_789
15 0.010080 3 0 PTP 1 1_29_-778_790
15 0.010080 3 0 PTP 1 1_30_-778_791
15 0.010080 3 0 PTP 1 1_31_-778_792
15 0.010080 3 0 PTP 1 1_32_-778_793
15 0.010080 3 0 PTP 1 1_33_-778_794
15 0.010080 3 0 PTP 1 1_34_-778_795
15 0.010080 3 0 PTP 1 1_35_-778_796
15 0.010080 3 0 PTP 1 1_36_-778_797
15 0.010080 3 0 PTP 1 1_37_-778_798
15 0.010080 3 0 PTP 1 1_38_-778_799
15 0.010080 3 0 PTP 1 1_39_-778_800
15 0.010080 3 0 PTP 1 1_40_-778_801
15 0.010080 3 0 PTP 1 1_41_-778_802
15 0.010080 3 0 PTP 1 1_42_-778_803
15 0.010080 3 0 PTP 1 1_43_-778_804
15 0.010080 3 0 PTP 1 1_44_-778_805
15 0.010080 3 0 PTP 1 1_45_-778_806
15 0.010080 3 0 PTP 1 1_46_-778_807
15 0.010080 3 0 PTP 1 1_47_-778_808
15 0.010080 3 0 PTP 1 1_48_-778_809
15 0.010080 3 0 PTP 1 1_49_-778_810
15 0.010080 3 0 PTP 1 1_50_-778_811
15 0.010080 3 0 PTP 1 1_51_-778_812
15 0.010080 3 0 PTP 1 1_52_-778_813
15 0.010080 3 0 PTP 1 1_53_-778_814
15 0.010080 3 0 PTP 1 1_54_-778_815
15 0.010080 3 0 PTP 1 1_55_-778_816
15 0.010080 3 0 PTP 1 1_56_-778_817
15 0.010080 3 0 PTP 1 1_57_-778_818
15 0.010080 3 0 PTP 1 1_58_-778_819
15 0.010080 3 0 PTP 1 1_59_-778_820
15 0.010080 3 0 PTP 1 1_60_-778_821
15 0.010080 3 0 PTP 1 1_61_-778_822
15 0.010080 3 0 PTP 1 1_62_-778_823
15 0.010080 3 0 PTP 1 1_63_-778_824
15 0.010080 3 0 PTP 1 1_64_-778_825
15 0.010080 3 0 PTP 1 1_65_-778_826
15 0.010080 3 0 PTP 1 1_66_-778_827
15 0.010080 3 0 PTP 1 1_67_-778_828
15 0.010080 3 0 PTP 1 1_68_-778_829
15 0.010080 3 0 PTP 1 1_69_-778_830
15 0.010080 3 0 PTP 1 1_70_-778_831
15 0.010080 3 0 PTP 1 1_71_-778_832
15 0.010080 3 0 PTP 1 1_72_-778_833
15 0.010080 3 0 PTP 1 1_73_-778_834
15 0.010080 3 0 PTP 1 1_74_-778_835
15 0.010080 3 0 PTP 1 1_75_-778_836
15 0.010080 3 0 PTP 1 1_76_-778_837
15 0.010080 3 0 PTP 1 1_77_-778_838
15 0.010080 3 0 PTP 1 1_78_-778_839
15 0.010080 3 0 PTP 1 1_79_-778_840
15 0.010080 3 0 PTP 1 1_80_-778_841
15 0.010080 3 0 PTP 1 1_81_-778_842
15 0.010080 3 0 PTP 1 1_82_-778_843
15 0.010080 3 0 PTP 1 1_83_-778_844
15 0.010080 3 0 PTP 1 1_84_-778_845
15 0.010080 3 0 PTP 1 1_85_-778_846
15 0.010080 3 0 PTP 1 1_86_-778_847
15 0.010080 3 0 PTP 1 1_87_-778_848
15 0.010080 3 0 PTP 1 1_88_-778_849
15 0.010080 3 0 PTP 1 1_89_-778_850
15 0.010080 3 0 PTP 1 1_90_-778_851
15 0.010080 3 0 PTP 1 1_91_-778_852
15 0.010080 3 0 PTP 1 1_92_-778_853
15 0.010080 3 0 PTP 1 1_93_-778_854
15 0.010080 3 0 PTP 1 1_94_-778_855
15 0.010080 3 0 PTP 1 1_95_-778_856
15 0.010080 3 0 PTP 1 1_96_-778_857
15 0.010080 3 0 PTP 1 1_97_-778_858
15 0.010080 3 0 PTP 1 1_98_-778_859
15 0.010080 3 0 PTP 1 1_99_-778_860
15 0.010080 3 0 PTP 1 1_100_-778_861
15 0.010080 3 0 PTP 1 1_101_-778_862
15 0.010080 3 0 PTP 1 1_102_-778_863
15 0.010080 3 0 PTP 1 1_103_-778_864
15 0.010080 3 0 PTP 1 1_104_-778_865
15 0.010080 3 0 PTP 1 1_105_-778_866
15 0.010080 3 0 PTP 1 1_106_-778_867
15 0.010080 3 0 PTP 1 1_107_-778_868
15 0.010080 3 0 PTP 1 1_108_-778_869
15 0.010080 3 0 PTP 1 1_109_-778_870
15 0.010080 3 0 PTP 1 1_110_-778_871
15 0.010080 3 0 PTP 1 1_111_-778_872
15 0.010080 3 0 PTP 1 1_112_-778_873
15 0.010080 3 0 PTP 1 1_113_-778_874
15 0.010080 3 0 PTP 1 1_114_-778_875
15 0.010080 3 0 PTP 1 1_115_-778_876
15 0.010080 3 0 PTP 1 1_116_-778_877
15 0.010080 3 0 PTP 1 1_117_-778_878
15 0.010080 3 0 PTP 1 1_118_-778_879
15 0.010080 3 0 PTP 1 1_119_-778_880
15 0.010080 3 0 PTP 1 1_120_-778_881
15 0.010080 3 0 PTP 1 1_121_-778_882
15 0.010080 3 0 PTP 1 1_122_-778_883
15 0.010080 3 0 PTP 1 1_123_-778_884
15 0.010080 3 0 PTP 1 1_124_-778_885
15 0.010080 3 0 PTP 1 1_125_-778_886
15 0.010080 3 0 PTP 1 1_126_-778_887
15 0.010080 3 0 PTP 1 1_127_-778_888
15 0.010080 3 0 PTP 1 1_128_-778_889
13 0.010080 2 1
16 0.010080 3 0 PTP 2 1_2_-778_763
13 0.010080 2 2
16 0.010080 3 0 PTP 3 1_3_-778_764
13 0.010080 2 3
16 0.010080 3 0 PTP 5 1_5_-778_766
13 0.010080 2 5
16 0.010080 3 0 PTP 9 1_9_-778_770
13 0.010080 2 9
16 0.010080 3 0 PTP 17 1_17_-778_778
13 0.010080 2 17
16 0.010080 3 0 PTP 33 1_33_-778_794
13 0.010080 2 33
16 0.010080 3 0 PTP 65 1_65_-778_826
13 0.010080 2 65
16 0.010080 3 0 PTP 97 1_97_-778_858
13 0.010080 2 97
16 0.010080 3 0 PTP 81 1_81_-778_842
13 0.010080 2 81
16 0.010080 3 0 PTP 49 1_49_-778_810
13 0.010080 2 49
16 0.010080 3 0 PTP 73 1_73_-778_834
13 0.010080 2 73
16 0.010080 3 0 PTP 41 1_41_-778_802
13 0.010080 2 41
16 0.010080 3 0 PTP 25 1_25_-778_786
13 0.010080 2 25
16 0.010080 3 0 PTP 69 1_69_-778_830
13 0.010080 2 69
16 0.010080 3 0 PTP 37 1_37_-778_798
13 0.010080 2 37
16 0.010080 3 0 PTP 21 1_21_-778_782
13 0.010080 2 21
16 0.010080 3 0 PTP 13 1_13_-778_774
13 0.010080 2 13
12 0.010080 2 13 11
13 0.010080 2 13
7 0.010080 1 13
16 0.010080 3 0 PTP 67 1_67_-778_828
13 0.010080 2 67
16 0.010080 3 0 PTP 35 1_35_-778_796
13 0.010080 2 35
16 0.010080 3 0 PTP 19 1_19_-778_780
13 0.010080 2 19
16 0.010080 3 0 PTP 11 1_11_-778_772
13 0.010080 2 11
16 0.010080 3 0 PTP 7 1_7_-778_768
13 0.010080 2 7
16 0.010080 3 0 PTP 66 1_66_-778_827
13 0.010080 2 66
16 0.010080 3 0 PTP 34 1_34_-778_795
13 0.010080 2 34
16 0.010080 3 0 PTP 18 1_18_-778_779
13 0.010080 2 18
16 0.010080 3 0 PTP 10 1_10_-778_771
13 0.010080 2 10
16 0.010080 3 0 PTP 6 1_6_-778_767
13 0.010080 2 6
16 0.010080 3 0 PTP 4 1_4_-778_765
13 0.010080 2 4
16 0.010080 3 0 PTP 113 1_113_-778_874
13 0.010080 2 113
16 0.010080 3 0 PTP 105 1_105_-778_866
13 0.010080 2 105
16 0.010080 3 0 PTP 89 1_89_-778_850
13 0.010080 2 89
16 0.010080 3 0 PTP 57 1_57_-778_818
13 0.010080 2 57
16 0.010080 3 0 PTP 101 1_101_-778_862
13 0.010080 2 101
16 0.010080 3 0 PTP 85 1_85_-778_846
13 0.010080 2 85
16 0.010080 3 0 PTP 77 1_77_-778_838
13 0.010080 2 77
16 0.010080 3 0 PTP 53 1_53_-778_814
13 0.010080 2 53
16 0.010080 3 0 PTP 45 1_45_-778_806
13 0.010080 2 45
16 0.010080 3 0 PTP 29 1_29_-778_790
13 0.010080 2 29
16 0.010080 3 0 PTP 99 1_99_-778_860
13 0.010080 2 99
16 0.010080 3 0 PTP 83 1_83_-778_844
13 0.010080 2 83
16 0.010080 3 0 PTP 75 1_75_-778_836
13 0.010080 2 75
16 0.010080 3 0 PTP 71 1_71_-778_832
13 0.010080 2 71
16 0.010080 3 0 PTP 51 1_51_-778_812
13 0.010080 2 51
16 0.010080 3 0 PTP 43 1_43_-778_804
13 0.010080 2 43
16 0.010080 3 0 PTP 39 1_39_-778_800
13 0.010080 2 39
16 0.010080 3 0 PTP 27 1_27_-778_788
13 0.010080 2 27
16 0.010080 3 0 PTP 23 1_23_-778_784
13 0.010080 2 23
16 0.010080 3 0 PTP 15 1_15_-778_776
13 0.010080 2 15
16 0.010080 3 0 PTP 98 1_98_-778_859
13 0.010080 2 98
16 0.010080 3 0 PTP 82 1_82_-778_843
13 0.010080 2 82
16 0.010080 3 0 PTP 74 1_74_-778_835
13 0.010080 2 74
16 0.010080 3 0 PTP 70 1_70_-778_831
13 0.010080 2 70
16 0.010080 3 0 PTP 68 1_68_-778_829
13 0.010080 2 68
16 0.010080 3 0 PTP 50 1_50_-778_811
13 0.010080 2 50
16 0.010080 3 0 PTP 42 1_42_-778_803
13 0.010080 2 42
16 0.010080 3 0 PTP 38 1_38_-778_799
13 0.010080 2 38
16 0.010080 3 0 PTP 36 1_36_-778_797
13 0.010080 2 36
16 0.010080 3 0 PTP 26 1_26_-778_787
13 0.010080 2 26
16 0.010080 3 0 PTP 22 1_22_-778_783
13 0.010080 2 22
16 0.010080 3 0 PTP 20 1_20_-778_781
13 0.010080 2 20
16 0.010080 3 0 PTP 14 1_14_-778_775
13 0.010080 2 14
16 0.010080 3 0 PTP 12 1_12_-778_773
13 0.010080 2 12
16 0.010080 3 0 PTP 8 1_8_-778_769
13 0.010080 2 8
16 0.010080 3 0 PTP 121 1_121_-778_882
13 0.010080 2 121
16 0.010080 3 0 PTP 117 1_117_-778_878
13 0.010080 2 117
16 0.010080 3 0 PTP 109 1_109_-778_870
13 0.010080 2 109
16 0.010080 3 0 PTP 93 1_93_-778_854
13 0.010080 2 93
16 0.010080 3 0 PTP 61 1_61_-778_822
13 0.010080 2 61
16 0.010080 3 0 PTP 115 1_115_-778_876
13 0.010080 2 115
16 0.010080 3 0 PTP 107 1_107_-778_868
13 0.010080 2 107
16 0.010080 3 0 PTP 103 1_103_-778_864
13 0.010080 2 103
16 0.010080 3 0 PTP 91 1_91_-778_852
13 0.010080 2 91
16 0.010080 3 0 PTP 87 1_87_-778_848
13 0.010080 2 87
16 0.010080 3 0 PTP 79 1_79_-778_840
13 0.010080 2 79
16 0.010080 3 0 PTP 59 1_59_-778_820
13 0.010080 2 59
16 0.010080 3 0 PTP 55 1_55_-778_816
13 0.010080 2 55
16 0.010080 3 0 PTP 47 1_47_-778_808
13 0.010080 2 47
16 0.010080 3 0 PTP 31 1_31_-778_792
13 0.010080 2 31
16 0.010080 3 0 PTP 114 1_114_-778_875
13 0.010080 2 114
16 0.010080 3 0 PTP 106 1_106_-778_867
13 0.010080 2 106
16 0.010080 3 0 PTP 102 1_102_-778_863
13 0.010080 2 102
16 0.010080 3 0 PTP 100 1_100_-778_861
13 0.010080 2 100
16 0.010080 3 0 PTP 90 1_90_-778_851
13 0.010080 2 90
16 0.010080 3 0 PTP 86 1_86_-778_847
13 0.010080 2 86
16 0.010080 3 0 PTP 84 1_84_-778_845
13 0.010080 2 84
16 0.010080 3 0 PTP 78 1_78_-778_839
13 0.010080 2 78
16 0.010080 3 0 PTP 76 1_76_-778_837
13 0.010080 2 76
16 0.010080 3 0 PTP 72 1_72_-778_833
13 0.010080 2 72
16 0.010080 3 0 PTP 58 1_58_-778_819
13 0.010080 2 58
16 0.010080 3 0 PTP 54 1_54_-778_815
13 0.010080 2 54
16 0.010080 3 0 PTP 52 1_52_-778_813
13 0.010080 2 52
16 0.010080 3 0 PTP 46 1_46_-778_807
13 0.010080 2 46
16 0.010080 3 0 PTP 44 1_44_-778_805
13 0.010080 2 44
16 0.010080 3 0 PTP 40 1_40_-778_801
13 0.010080 2 40
16 0.010080 3 0 PTP 30 1_30_-778_791
13 0.010080 2 30
16 0.010080 3 0 PTP 28 1_28_-778_789
13 0.010080 2 28
16 0.010080 3 0 PTP 24 1_24_-778_785
13 0.010080 2 24
16 0.010080 3 0 PTP 16 1_16_-778_777
13 0.010080 2 16
16 0.010081 3 0 PTP 125 1_125_-778_886
13 0.010081 2 125
16 0.010081 3 0 PTP 123 1_123_-778_884
13 0.010081 2 123
16 0.010081 3 0 PTP 119 1_119_-778_880
13 0.010081 2 119
16 0.010081 3 0 PTP 111 1_111_-778_872
13 0.010081 2 111
16 0.010081 3 0 PTP 95 1_95_-778_856
13 0.010081 2 95
16 0.010081 3 0 PTP 63 1_63_-778_824
13 0.010081 2 63
16 0.010081 3 0 PTP 122 1_122_-778_883
13 0.010081 2 122
16 0.010081 3 0 PTP 118 1_118_-778_879
13 0.010081 2 118
16 0.010081 3 0 PTP 116 1_116_-778_877
13 0.010081 2 116
16 0.010081 3 0 PTP 110 1_110_-778_871
13 0.010081 2 110
16 0.010081 3 0 PTP 108 1_108_-778_869
13 0.010081 2 108
16 0.010081 3 0 PTP 104 1_104_-778_865
13 0.010081 2 104
16 0.010081 3 0 PTP 94 1_94_-778_855
13 0.010081 2 94
16 0.010081 3 0 PTP 92 1_92_-778_853
13 0.010081 2 92
16 0.010081 3 0 PTP 88 1_88_-778_849
13 0.010081 2 88
16 0.010081 3 0 PTP 80 1_80_-778_841
13 0.010081 2 80
16 0.010081 3 0 PTP 62 1_62_-778_823
13 0.010081 2 62
16 0.010081 3 0 PTP 60 1_60_-778_821
13 0.010081 2 60
16 0.010081 3 0 PTP 56 1_56_-778_817
13 0.010081 2 56
16 0.010081 3 0 PTP 48 1_48_-778_809
13 0.010081 2 48
16 0.010081 3 0 PTP 32 1_32_-778_793
13 0.010081 2 32
12 0.010081 2 3 11
13 0.010081 2 3
7 0.010081 1 3
12 0.010081 2 5 11
13 0.010081 2 5
7 0.010081 1 5
12 0.010081 2 33 11
13 0.010081 2 33
7 0.010081 1 33
16 0.010081 3 0 PTP 127 1_127_-778_888
13 0.010081 2 127
16 0.010081 3 0 PTP 126 1_126_-778_887
13 0.010081 2 126
16 0.010081 3 0 PTP 124 1_124_-778_885
13 0.010081 2 124
16 0.010081 3 0 PTP 120 1_120_-778_881
13 0.010081 2 120
16 0.010081 3 0 PTP 112 1_112_-778_873
13 0.010081 2 112
16 0.010081 3 0 PTP 96 1_96_-778_857
13 0.010081 2 96
16 0.010081 3 0 PTP 64 1_64_-778_825
13 0.010081 2 64
12 0.010081 2 49 11
13 0.010081 2 49
7 0.010081 1 49
12 0.010081 2 41 11
13 0.010081 2 41
7 0.010081 1 41
12 0.010081 2 37 11
13 0.010081 2 37
7 0.010081 1 37
12 0.010081 2 11 11
13 0.010081 2 11
7 0.010081 1 11
16 0.010081 3 0 PTP 128 1_128_-778_889
13 0.010081 2 128
12 0.010081 2 57 11
13 0.010081 2 57
7 0.010081 1 57
12 0.010081 2 77 11
13 0.010081 2 77
7 0.010081 1 77
12 0.010081 2 15 11
13 0.010081 2 15
7 0.010081 1 15
12 0.010081 2 42 11
13 0.010081 2 42
7 0.010081 1 42
12 0.010081 2 107 11
13 0.010081 2 107
7 0.010081 1 107
12 0.010081 2 59 11
13 0.010081 2 59
7 0.010081 1 59
12 0.010081 2 100 11
13 0.010081 2 100
7 0.010081 1 100
12 0.010081 2 86 11
13 0.010081 2 86
7 0.010081 1 86
12 0.010081 2 76 11
13 0.010081 2 76
7 0.010081 1 76
12 0.010081 2 40 11
13 0.010081 2 40
7 0.010081 1 40
12 0.010081 2 28 11
13 0.010081 2 28
7 0.010081 1 28
12 0.010082 2 108 11
13 0.010082 2 108
7 0.010082 1 108
12 0.010082 2 80 11
13 0.010082 2 80
7 0.010082 1 80
12 0.010082 2 32 11
13 0.010082 2 32
7 0.010082 1 32
12 0.010082 2 2 11
13 0.010082 2 2
7 0.010082 1 2
12 0.010082 2 9 11
13 0.010082 2 9
7 0.010082 1 9
12 0.010082 2 17 11
13 0.010082 2 17
7 0.010082 1 17
12 0.010082 2 65 11
13 0.010082 2 65
7 0.010082 1 65
12 0.010082 2 112 11
13 0.010082 2 112
7 0.010082 1 112
12 0.010082 2 64 11
13 0.010082 2 64
7 0.010082 1 64
12 0.010082 2 97 11
13 0.010082 2 97
7 0.010082 1 97
12 0.010082 2 81 11
13 0.010082 2 81
7 0.010082 1 81
12 0.010082 2 73 11
13 0.010082 2 73
7 0.010082 1 73
12 0.010082 2 25 11
13 0.010082 2 25
7 0.010082 1 25
12 0.010082 2 69 11
13 0.010082 2 69
7 0.010082 1 69
12 0.010082 2 21 11
13 0.010082 2 21
7 0.010082 1 21
12 0.010082 2 35 11
13 0.010082 2 35
7 0.010082 1 35
12 0.010082 2 19 11
13 0.010082 2 19
7 0.010082 1 19
12 0.010082 2 7 11
13 0.010082 2 7
7 0.010082 1 7
12 0.010082 2 66 11
13 0.010082 2 66
7 0.010082 1 66
12 0.010082 2 34 11
13 0.010082 2 34
7 0.010082 1 34
12 0.010082 2 18 11
13 0.010082 2 18
7 0.010082 1 18
12 0.010082 2 10 11
13 0.010082 2 10
7 0.010082 1 10
12 0.010082 2 6 11
13 0.010082 2 6
7 0.010082 1 6
12 0.010082 2 4 11
13 0.010082 2 4
7 0.010082 1 4
12 0.010082 2 113 11
13 0.010082 2 113
7 0.010082 1 113
12 0.010082 2 89 11
13 0.010082 2 89
7 0.010082 1 89
12 0.010082 2 101 11
13 0.010082 2 101
7 0.010082 1 101
12 0.010082 2 85 11
13 0.010082 2 85
7 0.010082 1 85
12 0.010082 2 53 11
13 0.010082 2 53
7 0.010082 1 53
12 0.010082 2 29 11
13 0.010082 2 29
7 0.010082 1 29
12 0.010082 2 99 11
13 0.010082 2 99
7 0.010082 1 99
12 0.010082 2 83 11
13 0.010082 2 83
7 0.010082 1 83
12 0.010082 2 75 11
13 0.010082 2 75
7 0.010082 1 75
12 0.010082 2 71 11
13 0.010082 2 71
7 0.010082 1 71
12 0.010082 2 51 11
13 0.010082 2 51
7 0.010082 1 51
12 0.010082 2 43 11
13 0.010082 2 43
7 0.010082 1 43
12 0.010082 2 39 11
13 0.010082 2 39
7 0.010082 1 39
12 0.010082 2 27 11
13 0.010082 2 27
7 0.010082 1 27
12 0.010082 2 23 11
13 0.010082 2 23
7 0.010082 1 23
12 0.010082 2 98 11
13 0.010082 2 98
7 0.010082 1 98
12 0.010082 2 82 11
13 0.010082 2 82
7 0.010082 1 82
12 0.010082 2 74 11
13 0.010082 2 74
7 0.010082 1 74
12 0.010082 2 70 11
13 0.010082 2 70
7 0.010082 1 70
12 0.010082 2 68 11
13 0.010082 2 68
7 0.010082 1 68
12 0.010082 2 50 11
13 0.010082 2 50
7 0.010082 1 50
12 0.010082 2 38 11
13 0.010082 2 38
7 0.010082 1 38
12 0.010082 2 36 11
13 0.010082 2 36
7 0.010082 1 36
12 0.010082 2 26 11
13 0.010082 2 26
7 0.010082 1 26
12 0.010082 2 20 11
13 0.010082 2 20
7 0.010082 1 20
12 0.010082 2 14 11
13 0.010082 2 14
7 0.010082 1 14
12 0.010082 2 12 11
13 0.010082 2 12
7 0.010082 1 12
12 0.010082 2 8 11
13 0.010082 2 8
7 0.010082 1 8
12 0.010082 2 117 11
13 0.010082 2 117
7 0.010082 1 117
12 0.010082 2 93 11
13 0.010082 2 93
7 0.010082 1 93
12 0.010082 2 61 11
13 0.010082 2 61
7 0.010082 1 61
12 0.010082 2 115 11
13 0.010082 2 115
7 0.010082 1 115
12 0.010082 2 103 11
13 0.010082 2 103
7 0.010082 1 103
12 0.010082 2 91 11
13 0.010082 2 91
7 0.010082 1 91
12 0.010082 2 87 11
13 0.010082 2 87
7 0.010082 1 87
12 0.010082 2 79 11
13 0.010082 2 79
7 0.010082 1 79
12 0.010082 2 55 11
13 0.010082 2 55
7 0.010082 1 55
12 0.010082 2 47 11
13 0.010082 2 47
7 0.010082 1 47
12 0.010082 2 31 11
13 0.010082 2 31
7 0.010082 1 31
12 0.010082 2 114 11
13 0.010082 2 114
7 0.010082 1 114
12 0.010082 2 106 11
13 0.010082 2 106
7 0.010082 1 106
12 0.010082 2 90 11
13 0.010082 2 90
7 0.010082 1 90
12 0.010082 2 84 11
13 0.010082 2 84
7 0.010082 1 84
12 0.010082 2 78 11
13 0.010082 2 78
7 0.010082 1 78
12 0.010082 2 72 11
13 0.010082 2 72
7 0.010082 1 72
12 0.010082 2 58 11
13 0.010082 2 58
7 0.010082 1 58
12 0.010082 2 54 11
13 0.010082 2 54
7 0.010082 1 54
12 0.010082 2 52 11
13 0.010082 2 52
7 0.010082 1 52
12 0.010082 2 46 11
13 0.010082 2 46
7 0.010082 1 46
12 0.010082 2 30 11
13 0.010082 2 30
7 0.010082 1 30
12 0.010082 2 24 11
13 0.010082 2 24
7 0.010082 1 24
12 0.010082 2 16 11
13 0.010082 2 16
7 0.010082 1 16
12 0.010083 2 125 11
13 0.010083 2 125
7 0.010083 1 125
12 0.010083 2 123 11
13 0.010083 2 123
7 0.010083 1 123
12 0.010083 2 111 11
13 0.010083 2 111
7 0.010083 1 111
12 0.010083 2 95 11
13 0.010083 2 95
7 0.010083 1 95
12 0.010083 2 63 11
13 0.010083 2 63
7 0.010083 1 63
12 0.010083 2 122 11
13 0.010083 2 122
7 0.010083 1 122
12 0.010083 2 118 11
13 0.010083 2 118
7 0.010083 1 118
12 0.010083 2 116 11
13 0.010083 2 116
7 0.010083 1 116
12 0.010083 2 110 11
13 0.010083 2 110
7 0.010083 1 110
12 0.010083 2 104 11
13 0.010083 2 104
7 0.010083 1 104
12 0.010083 2 94 11
13 0.010083 2 94
7 0.010083 1 94
12 0.010083 2 92 11
13 0.010083 2 92
7 0.010083 1 92
12 0.010083 2 88 11
13 0.010083 2 88
7 0.010083 1 88
12 0.010083 2 62 11
13 0.010083 2 62
7 0.010083 1 62
12 0.010083 2 56 11
13 0.010083 2 56
7 0.010083 1 56
12 0.010083 2 48 11
13 0.010083 2 48
7 0.010083 1 48
12 0.010083 2 127 11
13 0.010083 2 127
7 0.010083 1 127
12 0.010083 2 126 11
13 0.010083 2 126
7 0.010083 1 126
12 0.010083 2 124 11
13 0.010083 2 124
7 0.010083 1 124
12 0.010083 2 120 11
13 0.010083 2 120
7 0.010083 1 120
12 0.010083 2 96 11
13 0.010083 2 96
7 0.010083 1 96
12 0.010083 2 67 11
13 0.010083 2 67
7 0.010083 1 67
12 0.010083 2 105 11
13 0.010083 2 105
7 0.010083 1 105
12 0.010083 2 45 11
13 0.010083 2 45
7 0.010083 1 45
12 0.010083 2 121 11
13 0.010083 2 121
7 0.010083 1 121
12 0.010083 2 109 11
13 0.010083 2 109
7 0.010083 1 109
12 0.010083 2 102 11
13 0.010083 2 102
7 0.010083 1 102
12 0.010083 2 44 11
13 0.010083 2 44
7 0.010083 1 44
12 0.010084 2 119 11
13 0.010084 2 119
7 0.010084 1 119
12 0.010084 2 60 11
13 0.010084 2 60
7 0.010084 1 60
12 0.010084 2 128 11
13 0.010084 2 128
7 0.010084 1 128
12 0.010084 2 22 11
13 0.010084 2 22
7 0.010084 1 22
12 0.010121 2 1 11
13 0.010121 2 1
7 0.010121 1 1
