Container, 0, 0, 0, 0.008274, 0.008274, 0
Link, 0, MPI_LINK, 0.000145, 0.000845, 0.000700, PTP, "rank-1", "rank-0", 2_1_-778_126
Link, 0, MPI_LINK, 0.000109, 0.000845, 0.000736, PTP, "rank-2", "rank-0", 3_1_-778_117
Link, 0, MPI_LINK, 0.000099, 0.000845, 0.000746, PTP, "rank-4", "rank-0", 5_1_-778_50
Link, 0, MPI_LINK, 0.000094, 0.000845, 0.000751, PTP, "rank-8", "rank-0", 9_1_-778_46
Link, 0, MPI_LINK, 0.000089, 0.000845, 0.000756, PTP, "rank-16", "rank-0", 17_1_-778_39
Link, 0, MPI_LINK, 0.000082, 0.000845, 0.000763, PTP, "rank-32", "rank-0", 33_1_-778_6
Link, 0, MPI_LINK, 0.000106, 0.000845, 0.000739, PTP, "rank-64", "rank-0", 65_1_-778_95
Link, 0, MPI_LINK, 0.000101, 0.000845, 0.000744, PTP, "rank-96", "rank-0", 97_1_-778_52
Link, 0, MPI_LINK, 0.000105, 0.000845, 0.000740, PTP, "rank-48", "rank-0", 49_1_-778_81
Link, 0, MPI_LINK, 0.000103, 0.000845, 0.000742, PTP, "rank-80", "rank-0", 81_1_-778_63
Link, 0, MPI_LINK, 0.000081, 0.000845, 0.000764, PTP, "rank-24", "rank-0", 25_1_-778_4
Link, 0, MPI_LINK, 0.000110, 0.000845, 0.000735, PTP, "rank-40", "rank-0", 41_1_-778_122
Link, 0, MPI_LINK, 0.000102, 0.000845, 0.000743, PTP, "rank-72", "rank-0", 73_1_-778_55
Link, 0, MPI_LINK, 0.000095, 0.000845, 0.000750, PTP, "rank-12", "rank-0", 13_1_-778_47
Link, 0, MPI_LINK, 0.000081, 0.000845, 0.000764, PTP, "rank-20", "rank-0", 21_1_-778_3
Link, 0, MPI_LINK, 0.000123, 0.000845, 0.000722, PTP, "rank-36", "rank-0", 37_1_-778_124
Link, 0, MPI_LINK, 0.000103, 0.000845, 0.000742, PTP, "rank-68", "rank-0", 69_1_-778_60
Link, 0, MPI_LINK, 0.000099, 0.000845, 0.000746, PTP, "rank-6", "rank-0", 7_1_-778_51
Link, 0, MPI_LINK, 0.000107, 0.000845, 0.000738, PTP, "rank-10", "rank-0", 11_1_-778_101
Link, 0, MPI_LINK, 0.000088, 0.000845, 0.000757, PTP, "rank-18", "rank-0", 19_1_-778_37
Link, 0, MPI_LINK, 0.000126, 0.000845, 0.000719, PTP, "rank-34", "rank-0", 35_1_-778_125
Link, 0, MPI_LINK, 0.000105, 0.000845, 0.000740, PTP, "rank-66", "rank-0", 67_1_-778_85
Link, 0, MPI_LINK, 0.000094, 0.000845, 0.000751, PTP, "rank-3", "rank-0", 4_1_-778_45
Link, 0, MPI_LINK, 0.000091, 0.000845, 0.000754, PTP, "rank-5", "rank-0", 6_1_-778_41
Link, 0, MPI_LINK, 0.000096, 0.000845, 0.000749, PTP, "rank-9", "rank-0", 10_1_-778_48
Link, 0, MPI_LINK, 0.000102, 0.000845, 0.000743, PTP, "rank-17", "rank-0", 18_1_-778_53
Link, 0, MPI_LINK, 0.000080, 0.000845, 0.000765, PTP, "rank-33", "rank-0", 34_1_-778_2
Link, 0, MPI_LINK, 0.000105, 0.000845, 0.000740, PTP, "rank-65", "rank-0", 66_1_-778_84
Link, 0, MPI_LINK, 0.000084, 0.000846, 0.000762, PTP, "rank-112", "rank-0", 113_1_-778_11
Link, 0, MPI_LINK, 0.000107, 0.000846, 0.000739, PTP, "rank-56", "rank-0", 57_1_-778_108
Link, 0, MPI_LINK, 0.000104, 0.000846, 0.000742, PTP, "rank-88", "rank-0", 89_1_-778_74
Link, 0, MPI_LINK, 0.000102, 0.000846, 0.000744, PTP, "rank-104", "rank-0", 105_1_-778_59
Link, 0, MPI_LINK, 0.000088, 0.000846, 0.000758, PTP, "rank-28", "rank-0", 29_1_-778_38
Link, 0, MPI_LINK, 0.000107, 0.000846, 0.000739, PTP, "rank-44", "rank-0", 45_1_-778_103
Link, 0, MPI_LINK, 0.000104, 0.000846, 0.000742, PTP, "rank-52", "rank-0", 53_1_-778_69
Link, 0, MPI_LINK, 0.000103, 0.000846, 0.000743, PTP, "rank-76", "rank-0", 77_1_-778_62
Link, 0, MPI_LINK, 0.000103, 0.000846, 0.000743, PTP, "rank-84", "rank-0", 85_1_-778_64
Link, 0, MPI_LINK, 0.000102, 0.000846, 0.000744, PTP, "rank-100", "rank-0", 101_1_-778_58
Link, 0, MPI_LINK, 0.000087, 0.000846, 0.000759, PTP, "rank-14", "rank-0", 15_1_-778_34
Link, 0, MPI_LINK, 0.000087, 0.000846, 0.000759, PTP, "rank-22", "rank-0", 23_1_-778_36
Link, 0, MPI_LINK, 0.000090, 0.000846, 0.000756, PTP, "rank-26", "rank-0", 27_1_-778_40
Link, 0, MPI_LINK, 0.000109, 0.000846, 0.000737, PTP, "rank-38", "rank-0", 39_1_-778_118
Link, 0, MPI_LINK, 0.000106, 0.000846, 0.000740, PTP, "rank-42", "rank-0", 43_1_-778_92
Link, 0, MPI_LINK, 0.000107, 0.000846, 0.000739, PTP, "rank-50", "rank-0", 51_1_-778_105
Link, 0, MPI_LINK, 0.000105, 0.000846, 0.000741, PTP, "rank-70", "rank-0", 71_1_-778_86
Link, 0, MPI_LINK, 0.000106, 0.000846, 0.000740, PTP, "rank-74", "rank-0", 75_1_-778_96
Link, 0, MPI_LINK, 0.000104, 0.000846, 0.000742, PTP, "rank-82", "rank-0", 83_1_-778_72
Link, 0, MPI_LINK, 0.000108, 0.000846, 0.000738, PTP, "rank-98", "rank-0", 99_1_-778_116
Link, 0, MPI_LINK, 0.000093, 0.000846, 0.000753, PTP, "rank-7", "rank-0", 8_1_-778_44
Link, 0, MPI_LINK, 0.000105, 0.000846, 0.000741, PTP, "rank-11", "rank-0", 12_1_-778_80
Link, 0, MPI_LINK, 0.000092, 0.000846, 0.000754, PTP, "rank-13", "rank-0", 14_1_-778_42
Link, 0, MPI_LINK, 0.000084, 0.000846, 0.000762, PTP, "rank-19", "rank-0", 20_1_-778_8
Link, 0, MPI_LINK, 0.000085, 0.000846, 0.000761, PTP, "rank-21", "rank-0", 22_1_-778_14
Link, 0, MPI_LINK, 0.000080, 0.000846, 0.000766, PTP, "rank-25", "rank-0", 26_1_-778_1
Link, 0, MPI_LINK, 0.000165, 0.000846, 0.000681, PTP, "rank-35", "rank-0", 36_1_-778_127
Link, 0, MPI_LINK, 0.000113, 0.000846, 0.000733, PTP, "rank-37", "rank-0", 38_1_-778_123
Link, 0, MPI_LINK, 0.000107, 0.000846, 0.000739, PTP, "rank-41", "rank-0", 42_1_-778_102
Link, 0, MPI_LINK, 0.000106, 0.000846, 0.000740, PTP, "rank-49", "rank-0", 50_1_-778_93
Link, 0, MPI_LINK, 0.000109, 0.000846, 0.000737, PTP, "rank-67", "rank-0", 68_1_-778_121
Link, 0, MPI_LINK, 0.000102, 0.000846, 0.000744, PTP, "rank-69", "rank-0", 70_1_-778_54
Link, 0, MPI_LINK, 0.000102, 0.000846, 0.000744, PTP, "rank-73", "rank-0", 74_1_-778_56
Link, 0, MPI_LINK, 0.000105, 0.000846, 0.000741, PTP, "rank-81", "rank-0", 82_1_-778_88
Link, 0, MPI_LINK, 0.000104, 0.000846, 0.000742, PTP, "rank-97", "rank-0", 98_1_-778_78
Link, 0, MPI_LINK, 0.000085, 0.000846, 0.000761, PTP, "rank-120", "rank-0", 121_1_-778_21
Link, 0, MPI_LINK, 0.000106, 0.000846, 0.000740, PTP, "rank-60", "rank-0", 61_1_-778_94
Link, 0, MPI_LINK, 0.000104, 0.000846, 0.000742, PTP, "rank-92", "rank-0", 93_1_-778_76
Link, 0, MPI_LINK, 0.000086, 0.000846, 0.000760, PTP, "rank-108", "rank-0", 109_1_-778_28
Link, 0, MPI_LINK, 0.000085, 0.000846, 0.000761, PTP, "rank-116", "rank-0", 117_1_-778_20
Link, 0, MPI_LINK, 0.000084, 0.000846, 0.000762, PTP, "rank-30", "rank-0", 31_1_-778_9
Link, 0, MPI_LINK, 0.000108, 0.000846, 0.000738, PTP, "rank-46", "rank-0", 47_1_-778_113
Link, 0, MPI_LINK, 0.000107, 0.000846, 0.000739, PTP, "rank-54", "rank-0", 55_1_-778_106
Link, 0, MPI_LINK, 0.000104, 0.000846, 0.000742, PTP, "rank-58", "rank-0", 59_1_-778_71
Link, 0, MPI_LINK, 0.000108, 0.000846, 0.000738, PTP, "rank-78", "rank-0", 79_1_-778_115
Link, 0, MPI_LINK, 0.000105, 0.000846, 0.000741, PTP, "rank-86", "rank-0", 87_1_-778_89
Link, 0, MPI_LINK, 0.000107, 0.000846, 0.000739, PTP, "rank-90", "rank-0", 91_1_-778_111
Link, 0, MPI_LINK, 0.000103, 0.000846, 0.000743, PTP, "rank-102", "rank-0", 103_1_-778_67
Link, 0, MPI_LINK, 0.000086, 0.000846, 0.000760, PTP, "rank-106", "rank-0", 107_1_-778_27
Link, 0, MPI_LINK, 0.000085, 0.000846, 0.000761, PTP, "rank-114", "rank-0", 115_1_-778_18
Link, 0, MPI_LINK, 0.000087, 0.000846, 0.000759, PTP, "rank-15", "rank-0", 16_1_-778_35
Link, 0, MPI_LINK, 0.000096, 0.000846, 0.000750, PTP, "rank-23", "rank-0", 24_1_-778_49
Link, 0, MPI_LINK, 0.000086, 0.000846, 0.000760, PTP, "rank-27", "rank-0", 28_1_-778_26
Link, 0, MPI_LINK, 0.000082, 0.000846, 0.000764, PTP, "rank-29", "rank-0", 30_1_-778_5
Link, 0, MPI_LINK, 0.000109, 0.000846, 0.000737, PTP, "rank-39", "rank-0", 40_1_-778_119
Link, 0, MPI_LINK, 0.000108, 0.000846, 0.000738, PTP, "rank-43", "rank-0", 44_1_-778_112
Link, 0, MPI_LINK, 0.000109, 0.000846, 0.000737, PTP, "rank-45", "rank-0", 46_1_-778_120
Link, 0, MPI_LINK, 0.000104, 0.000846, 0.000742, PTP, "rank-51", "rank-0", 52_1_-778_68
Link, 0, MPI_LINK, 0.000105, 0.000846, 0.000741, PTP, "rank-53", "rank-0", 54_1_-778_82
Link, 0, MPI_LINK, 0.000104, 0.000846, 0.000742, PTP, "rank-57", "rank-0", 58_1_-778_70
Link, 0, MPI_LINK, 0.000103, 0.000846, 0.000743, PTP, "rank-71", "rank-0", 72_1_-778_61
Link, 0, MPI_LINK, 0.000105, 0.000846, 0.000741, PTP, "rank-75", "rank-0", 76_1_-778_87
Link, 0, MPI_LINK, 0.000106, 0.000846, 0.000740, PTP, "rank-77", "rank-0", 78_1_-778_97
Link, 0, MPI_LINK, 0.000104, 0.000846, 0.000742, PTP, "rank-83", "rank-0", 84_1_-778_73
Link, 0, MPI_LINK, 0.000106, 0.000846, 0.000740, PTP, "rank-85", "rank-0", 86_1_-778_99
Link, 0, MPI_LINK, 0.000104, 0.000846, 0.000742, PTP, "rank-89", "rank-0", 90_1_-778_75
Link, 0, MPI_LINK, 0.000102, 0.000846, 0.000744, PTP, "rank-99", "rank-0", 100_1_-778_57
Link, 0, MPI_LINK, 0.000103, 0.000846, 0.000743, PTP, "rank-101", "rank-0", 102_1_-778_66
Link, 0, MPI_LINK, 0.000092, 0.000846, 0.000754, PTP, "rank-105", "rank-0", 106_1_-778_43
Link, 0, MPI_LINK, 0.000086, 0.000846, 0.000760, PTP, "rank-113", "rank-0", 114_1_-778_30
Link, 0, MPI_LINK, 0.000086, 0.000846, 0.000760, PTP, "rank-124", "rank-0", 125_1_-778_32
Link, 0, MPI_LINK, 0.000105, 0.000846, 0.000741, PTP, "rank-62", "rank-0", 63_1_-778_83
Link, 0, MPI_LINK, 0.000104, 0.000846, 0.000742, PTP, "rank-94", "rank-0", 95_1_-778_77
Link, 0, MPI_LINK, 0.000085, 0.000846, 0.000761, PTP, "rank-110", "rank-0", 111_1_-778_17
Link, 0, MPI_LINK, 0.000084, 0.000846, 0.000762, PTP, "rank-118", "rank-0", 119_1_-778_13
Link, 0, MPI_LINK, 0.000085, 0.000846, 0.000761, PTP, "rank-122", "rank-0", 123_1_-778_23
Link, 0, MPI_LINK, 0.000085, 0.000846, 0.000761, PTP, "rank-31", "rank-0", 32_1_-778_15
Link, 0, MPI_LINK, 0.000107, 0.000846, 0.000739, PTP, "rank-47", "rank-0", 48_1_-778_104
Link, 0, MPI_LINK, 0.000107, 0.000846, 0.000739, PTP, "rank-55", "rank-0", 56_1_-778_107
Link, 0, MPI_LINK, 0.000107, 0.000846, 0.000739, PTP, "rank-59", "rank-0", 60_1_-778_109
Link, 0, MPI_LINK, 0.000108, 0.000846, 0.000738, PTP, "rank-61", "rank-0", 62_1_-778_114
Link, 0, MPI_LINK, 0.000106, 0.000846, 0.000740, PTP, "rank-79", "rank-0", 80_1_-778_98
Link, 0, MPI_LINK, 0.000103, 0.000846, 0.000743, PTP, "rank-87", "rank-0", 88_1_-778_65
Link, 0, MPI_LINK, 0.000106, 0.000846, 0.000740, PTP, "rank-91", "rank-0", 92_1_-778_100
Link, 0, MPI_LINK, 0.000105, 0.000846, 0.000741, PTP, "rank-93", "rank-0", 94_1_-778_90
Link, 0, MPI_LINK, 0.000104, 0.000846, 0.000742, PTP, "rank-103", "rank-0", 104_1_-778_79
Link, 0, MPI_LINK, 0.000085, 0.000846, 0.000761, PTP, "rank-107", "rank-0", 108_1_-778_16
Link, 0, MPI_LINK, 0.000086, 0.000846, 0.000760, PTP, "rank-109", "rank-0", 110_1_-778_29
Link, 0, MPI_LINK, 0.000085, 0.000846, 0.000761, PTP, "rank-115", "rank-0", 116_1_-778_19
Link, 0, MPI_LINK, 0.000084, 0.000846, 0.000762, PTP, "rank-117", "rank-0", 118_1_-778_12
Link, 0, MPI_LINK, 0.000085, 0.000846, 0.000761, PTP, "rank-121", "rank-0", 122_1_-778_22
Link, 0, MPI_LINK, 0.000085, 0.000846, 0.000761, PTP, "rank-126", "rank-0", 127_1_-778_25
Link, 0, MPI_LINK, 0.000107, 0.000846, 0.000739, PTP, "rank-63", "rank-0", 64_1_-778_110
Link, 0, MPI_LINK, 0.000105, 0.000846, 0.000741, PTP, "rank-95", "rank-0", 96_1_-778_91
Link, 0, MPI_LINK, 0.000084, 0.000846, 0.000762, PTP, "rank-111", "rank-0", 112_1_-778_10
Link, 0, MPI_LINK, 0.000086, 0.000846, 0.000760, PTP, "rank-119", "rank-0", 120_1_-778_31
Link, 0, MPI_LINK, 0.000085, 0.000846, 0.000761, PTP, "rank-123", "rank-0", 124_1_-778_24
Link, 0, MPI_LINK, 0.000086, 0.000846, 0.000760, PTP, "rank-125", "rank-0", 126_1_-778_33
Link, 0, MPI_LINK, 0.000083, 0.000846, 0.000763, PTP, "rank-127", "rank-0", 128_1_-778_7
Link, 0, MPI_LINK, 0.000846, 0.000847, 0.000001, PTP, "rank-0", "rank-1", 1_2_-778_128
Link, 0, MPI_LINK, 0.000846, 0.000847, 0.000001, PTP, "rank-0", "rank-2", 1_3_-778_129
Link, 0, MPI_LINK, 0.000846, 0.000847, 0.000001, PTP, "rank-0", "rank-4", 1_5_-778_131
Link, 0, MPI_LINK, 0.000846, 0.000847, 0.000001, PTP, "rank-0", "rank-8", 1_9_-778_135
Link, 0, MPI_LINK, 0.000846, 0.000847, 0.000001, PTP, "rank-0", "rank-16", 1_17_-778_143
Link, 0, MPI_LINK, 0.000846, 0.000847, 0.000001, PTP, "rank-0", "rank-32", 1_33_-778_159
Link, 0, MPI_LINK, 0.000846, 0.000847, 0.000001, PTP, "rank-0", "rank-64", 1_65_-778_191
Link, 0, MPI_LINK, 0.000846, 0.000847, 0.000001, PTP, "rank-0", "rank-96", 1_97_-778_223
Link, 0, MPI_LINK, 0.000846, 0.000847, 0.000001, PTP, "rank-0", "rank-80", 1_81_-778_207
Link, 0, MPI_LINK, 0.000846, 0.000847, 0.000001, PTP, "rank-0", "rank-48", 1_49_-778_175
Link, 0, MPI_LINK, 0.000846, 0.000847, 0.000001, PTP, "rank-0", "rank-72", 1_73_-778_199
Link, 0, MPI_LINK, 0.000846, 0.000847, 0.000001, PTP, "rank-0", "rank-40", 1_41_-778_167
Link, 0, MPI_LINK, 0.000846, 0.000847, 0.000001, PTP, "rank-0", "rank-24", 1_25_-778_151
Link, 0, MPI_LINK, 0.000846, 0.000847, 0.000001, PTP, "rank-0", "rank-68", 1_69_-778_195
Link, 0, MPI_LINK, 0.000846, 0.000847, 0.000001, PTP, "rank-0", "rank-36", 1_37_-778_163
Link, 0, MPI_LINK, 0.000846, 0.000847, 0.000001, PTP, "rank-0", "rank-20", 1_21_-778_147
Link, 0, MPI_LINK, 0.000846, 0.000847, 0.000001, PTP, "rank-0", "rank-12", 1_13_-778_139
Link, 0, MPI_LINK, 0.000846, 0.000847, 0.000001, PTP, "rank-0", "rank-66", 1_67_-778_193
Link, 0, MPI_LINK, 0.000846, 0.000847, 0.000001, PTP, "rank-0", "rank-34", 1_35_-778_161
Link, 0, MPI_LINK, 0.000846, 0.000847, 0.000001, PTP, "rank-0", "rank-18", 1_19_-778_145
Link, 0, MPI_LINK, 0.000846, 0.000847, 0.000001, PTP, "rank-0", "rank-10", 1_11_-778_137
Link, 0, MPI_LINK, 0.000846, 0.000847, 0.000001, PTP, "rank-0", "rank-6", 1_7_-778_133
Link, 0, MPI_LINK, 0.000846, 0.000847, 0.000001, PTP, "rank-0", "rank-65", 1_66_-778_192
Link, 0, MPI_LINK, 0.000846, 0.000847, 0.000001, PTP, "rank-0", "rank-33", 1_34_-778_160
Link, 0, MPI_LINK, 0.000846, 0.000847, 0.000001, PTP, "rank-0", "rank-17", 1_18_-778_144
Link, 0, MPI_LINK, 0.000846, 0.000847, 0.000001, PTP, "rank-0", "rank-9", 1_10_-778_136
Link, 0, MPI_LINK, 0.000846, 0.000847, 0.000001, PTP, "rank-0", "rank-5", 1_6_-778_132
Link, 0, MPI_LINK, 0.000846, 0.000847, 0.000001, PTP, "rank-0", "rank-3", 1_4_-778_130
Link, 0, MPI_LINK, 0.000846, 0.000847, 0.000001, PTP, "rank-0", "rank-112", 1_113_-778_239
Link, 0, MPI_LINK, 0.000846, 0.000847, 0.000001, PTP, "rank-0", "rank-104", 1_105_-778_231
Link, 0, MPI_LINK, 0.000846, 0.000847, 0.000001, PTP, "rank-0", "rank-88", 1_89_-778_215
Link, 0, MPI_LINK, 0.000846, 0.000847, 0.000001, PTP, "rank-0", "rank-56", 1_57_-778_183
Link, 0, MPI_LINK, 0.000846, 0.000847, 0.000001, PTP, "rank-0", "rank-100", 1_101_-778_227
Link, 0, MPI_LINK, 0.000846, 0.000847, 0.000001, PTP, "rank-0", "rank-84", 1_85_-778_211
Link, 0, MPI_LINK, 0.000846, 0.000847, 0.000001, PTP, "rank-0", "rank-76", 1_77_-778_203
Link, 0, MPI_LINK, 0.000846, 0.000847, 0.000001, PTP, "rank-0", "rank-52", 1_53_-778_179
Link, 0, MPI_LINK, 0.000846, 0.000847, 0.000001, PTP, "rank-0", "rank-44", 1_45_-778_171
Link, 0, MPI_LINK, 0.000846, 0.000847, 0.000001, PTP, "rank-0", "rank-28", 1_29_-778_155
Link, 0, MPI_LINK, 0.000846, 0.000847, 0.000001, PTP, "rank-0", "rank-98", 1_99_-778_225
Link, 0, MPI_LINK, 0.000846, 0.000847, 0.000001, PTP, "rank-0", "rank-82", 1_83_-778_209
Link, 0, MPI_LINK, 0.000846, 0.000847, 0.000001, PTP, "rank-0", "rank-74", 1_75_-778_201
Link, 0, MPI_LINK, 0.000846, 0.000847, 0.000001, PTP, "rank-0", "rank-70", 1_71_-778_197
Link, 0, MPI_LINK, 0.000846, 0.000847, 0.000001, PTP, "rank-0", "rank-50", 1_51_-778_177
Link, 0, MPI_LINK, 0.000846, 0.000847, 0.000001, PTP, "rank-0", "rank-42", 1_43_-778_169
Link, 0, MPI_LINK, 0.000846, 0.000847, 0.000001, PTP, "rank-0", "rank-38", 1_39_-778_165
Link, 0, MPI_LINK, 0.000846, 0.000847, 0.000001, PTP, "rank-0", "rank-26", 1_27_-778_153
Link, 0, MPI_LINK, 0.000846, 0.000847, 0.000001, PTP, "rank-0", "rank-22", 1_23_-778_149
Link, 0, MPI_LINK, 0.000846, 0.000847, 0.000001, PTP, "rank-0", "rank-14", 1_15_-778_141
Link, 0, MPI_LINK, 0.000846, 0.000847, 0.000001, PTP, "rank-0", "rank-97", 1_98_-778_224
Link, 0, MPI_LINK, 0.000846, 0.000847, 0.000001, PTP, "rank-0", "rank-81", 1_82_-778_208
Link, 0, MPI_LINK, 0.000846, 0.000847, 0.000001, PTP, "rank-0", "rank-73", 1_74_-778_200
Link, 0, MPI_LINK, 0.000846, 0.000847, 0.000001, PTP, "rank-0", "rank-69", 1_70_-778_196
Link, 0, MPI_LINK, 0.000846, 0.000847, 0.000001, PTP, "rank-0", "rank-67", 1_68_-778_194
Link, 0, MPI_LINK, 0.000846, 0.000847, 0.000001, PTP, "rank-0", "rank-49", 1_50_-778_176
Link, 0, MPI_LINK, 0.000846, 0.000847, 0.000001, PTP, "rank-0", "rank-41", 1_42_-778_168
Link, 0, MPI_LINK, 0.000846, 0.000847, 0.000001, PTP, "rank-0", "rank-37", 1_38_-778_164
Link, 0, MPI_LINK, 0.000846, 0.000847, 0.000001, PTP, "rank-0", "rank-35", 1_36_-778_162
Link, 0, MPI_LINK, 0.000846, 0.000847, 0.000001, PTP, "rank-0", "rank-25", 1_26_-778_152
Link, 0, MPI_LINK, 0.000846, 0.000847, 0.000001, PTP, "rank-0", "rank-21", 1_22_-778_148
Link, 0, MPI_LINK, 0.000846, 0.000847, 0.000001, PTP, "rank-0", "rank-19", 1_20_-778_146
Link, 0, MPI_LINK, 0.000846, 0.000847, 0.000001, PTP, "rank-0", "rank-13", 1_14_-778_140
Link, 0, MPI_LINK, 0.000846, 0.000847, 0.000001, PTP, "rank-0", "rank-11", 1_12_-778_138
Link, 0, MPI_LINK, 0.000846, 0.000847, 0.000001, PTP, "rank-0", "rank-7", 1_8_-778_134
Link, 0, MPI_LINK, 0.000846, 0.000847, 0.000001, PTP, "rank-0", "rank-120", 1_121_-778_247
Link, 0, MPI_LINK, 0.000846, 0.000847, 0.000001, PTP, "rank-0", "rank-116", 1_117_-778_243
Link, 0, MPI_LINK, 0.000846, 0.000847, 0.000001, PTP, "rank-0", "rank-108", 1_109_-778_235
Link, 0, MPI_LINK, 0.000846, 0.000847, 0.000001, PTP, "rank-0", "rank-92", 1_93_-778_219
Link, 0, MPI_LINK, 0.000846, 0.000847, 0.000001, PTP, "rank-0", "rank-60", 1_61_-778_187
Link, 0, MPI_LINK, 0.000846, 0.000847, 0.000001, PTP, "rank-0", "rank-114", 1_115_-778_241
Link, 0, MPI_LINK, 0.000846, 0.000847, 0.000001, PTP, "rank-0", "rank-106", 1_107_-778_233
Link, 0, MPI_LINK, 0.000846, 0.000847, 0.000001, PTP, "rank-0", "rank-102", 1_103_-778_229
Link, 0, MPI_LINK, 0.000846, 0.000847, 0.000001, PTP, "rank-0", "rank-90", 1_91_-778_217
Link, 0, MPI_LINK, 0.000846, 0.000847, 0.000001, PTP, "rank-0", "rank-86", 1_87_-778_213
Link, 0, MPI_LINK, 0.000846, 0.000847, 0.000001, PTP, "rank-0", "rank-78", 1_79_-778_205
Link, 0, MPI_LINK, 0.000846, 0.000847, 0.000001, PTP, "rank-0", "rank-58", 1_59_-778_185
Link, 0, MPI_LINK, 0.000846, 0.000847, 0.000001, PTP, "rank-0", "rank-54", 1_55_-778_181
Link, 0, MPI_LINK, 0.000846, 0.000847, 0.000001, PTP, "rank-0", "rank-46", 1_47_-778_173
Link, 0, MPI_LINK, 0.000846, 0.000847, 0.000001, PTP, "rank-0", "rank-30", 1_31_-778_157
Link, 0, MPI_LINK, 0.000846, 0.000847, 0.000001, PTP, "rank-0", "rank-113", 1_114_-778_240
Link, 0, MPI_LINK, 0.000846, 0.000847, 0.000001, PTP, "rank-0", "rank-105", 1_106_-778_232
Link, 0, MPI_LINK, 0.000846, 0.000847, 0.000001, PTP, "rank-0", "rank-101", 1_102_-778_228
Link, 0, MPI_LINK, 0.000846, 0.000847, 0.000001, PTP, "rank-0", "rank-99", 1_100_-778_226
Link, 0, MPI_LINK, 0.000846, 0.000847, 0.000001, PTP, "rank-0", "rank-89", 1_90_-778_216
Link, 0, MPI_LINK, 0.000846, 0.000847, 0.000001, PTP, "rank-0", "rank-85", 1_86_-778_212
Link, 0, MPI_LINK, 0.000846, 0.000847, 0.000001, PTP, "rank-0", "rank-83", 1_84_-778_210
Link, 0, MPI_LINK, 0.000846, 0.000847, 0.000001, PTP, "rank-0", "rank-77", 1_78_-778_204
Link, 0, MPI_LINK, 0.000846, 0.000847, 0.000001, PTP, "rank-0", "rank-75", 1_76_-778_202
Link, 0, MPI_LINK, 0.000846, 0.000847, 0.000001, PTP, "rank-0", "rank-71", 1_72_-778_198
Link, 0, MPI_LINK, 0.000846, 0.000847, 0.000001, PTP, "rank-0", "rank-57", 1_58_-778_184
Link, 0, MPI_LINK, 0.000846, 0.000847, 0.000001, PTP, "rank-0", "rank-53", 1_54_-778_180
Link, 0, MPI_LINK, 0.000846, 0.000847, 0.000001, PTP, "rank-0", "rank-51", 1_52_-778_178
Link, 0, MPI_LINK, 0.000846, 0.000847, 0.000001, PTP, "rank-0", "rank-45", 1_46_-778_172
Link, 0, MPI_LINK, 0.000846, 0.000847, 0.000001, PTP, "rank-0", "rank-43", 1_44_-778_170
Link, 0, MPI_LINK, 0.000846, 0.000847, 0.000001, PTP, "rank-0", "rank-39", 1_40_-778_166
Link, 0, MPI_LINK, 0.000846, 0.000847, 0.000001, PTP, "rank-0", "rank-29", 1_30_-778_156
Link, 0, MPI_LINK, 0.000846, 0.000847, 0.000001, PTP, "rank-0", "rank-27", 1_28_-778_154
Link, 0, MPI_LINK, 0.000846, 0.000847, 0.000001, PTP, "rank-0", "rank-23", 1_24_-778_150
Link, 0, MPI_LINK, 0.000846, 0.000847, 0.000001, PTP, "rank-0", "rank-15", 1_16_-778_142
Link, 0, MPI_LINK, 0.000846, 0.000847, 0.000001, PTP, "rank-0", "rank-124", 1_125_-778_251
Link, 0, MPI_LINK, 0.000846, 0.000847, 0.000001, PTP, "rank-0", "rank-122", 1_123_-778_249
Link, 0, MPI_LINK, 0.000846, 0.000847, 0.000001, PTP, "rank-0", "rank-118", 1_119_-778_245
Link, 0, MPI_LINK, 0.000846, 0.000847, 0.000001, PTP, "rank-0", "rank-110", 1_111_-778_237
Link, 0, MPI_LINK, 0.000846, 0.000847, 0.000001, PTP, "rank-0", "rank-94", 1_95_-778_221
Link, 0, MPI_LINK, 0.000846, 0.000847, 0.000001, PTP, "rank-0", "rank-62", 1_63_-778_189
Link, 0, MPI_LINK, 0.000846, 0.000847, 0.000001, PTP, "rank-0", "rank-121", 1_122_-778_248
Link, 0, MPI_LINK, 0.000846, 0.000847, 0.000001, PTP, "rank-0", "rank-117", 1_118_-778_244
Link, 0, MPI_LINK, 0.000846, 0.000847, 0.000001, PTP, "rank-0", "rank-115", 1_116_-778_242
Link, 0, MPI_LINK, 0.000846, 0.000847, 0.000001, PTP, "rank-0", "rank-109", 1_110_-778_236
Link, 0, MPI_LINK, 0.000846, 0.000847, 0.000001, PTP, "rank-0", "rank-107", 1_108_-778_234
Link, 0, MPI_LINK, 0.000846, 0.000847, 0.000001, PTP, "rank-0", "rank-103", 1_104_-778_230
Link, 0, MPI_LINK, 0.000846, 0.000847, 0.000001, PTP, "rank-0", "rank-93", 1_94_-778_220
Link, 0, MPI_LINK, 0.000846, 0.000847, 0.000001, PTP, "rank-0", "rank-91", 1_92_-778_218
Link, 0, MPI_LINK, 0.000846, 0.000847, 0.000001, PTP, "rank-0", "rank-87", 1_88_-778_214
Link, 0, MPI_LINK, 0.000846, 0.000847, 0.000001, PTP, "rank-0", "rank-79", 1_80_-778_206
Link, 0, MPI_LINK, 0.000846, 0.000847, 0.000001, PTP, "rank-0", "rank-61", 1_62_-778_188
Link, 0, MPI_LINK, 0.000846, 0.000847, 0.000001, PTP, "rank-0", "rank-59", 1_60_-778_186
Link, 0, MPI_LINK, 0.000846, 0.000847, 0.000001, PTP, "rank-0", "rank-55", 1_56_-778_182
Link, 0, MPI_LINK, 0.000846, 0.000847, 0.000001, PTP, "rank-0", "rank-47", 1_48_-778_174
Link, 0, MPI_LINK, 0.000846, 0.000847, 0.000001, PTP, "rank-0", "rank-31", 1_32_-778_158
Link, 0, MPI_LINK, 0.000846, 0.000848, 0.000002, PTP, "rank-0", "rank-126", 1_127_-778_253
Link, 0, MPI_LINK, 0.000846, 0.000848, 0.000002, PTP, "rank-0", "rank-125", 1_126_-778_252
Link, 0, MPI_LINK, 0.000846, 0.000848, 0.000002, PTP, "rank-0", "rank-123", 1_124_-778_250
Link, 0, MPI_LINK, 0.000846, 0.000848, 0.000002, PTP, "rank-0", "rank-119", 1_120_-778_246
Link, 0, MPI_LINK, 0.000846, 0.000848, 0.000002, PTP, "rank-0", "rank-111", 1_112_-778_238
Link, 0, MPI_LINK, 0.000846, 0.000848, 0.000002, PTP, "rank-0", "rank-95", 1_96_-778_222
Link, 0, MPI_LINK, 0.000846, 0.000848, 0.000002, PTP, "rank-0", "rank-63", 1_64_-778_190
Link, 0, MPI_LINK, 0.000846, 0.000848, 0.000002, PTP, "rank-0", "rank-127", 1_128_-778_254
Link, 0, MPI_LINK, 0.000880, 0.001260, 0.000380, PTP, "rank-0", "rank-15", 1_16_6_255
Link, 0, MPI_LINK, 0.001262, 0.001640, 0.000378, PTP, "rank-0", "rank-35", 1_36_5_256
Link, 0, MPI_LINK, 0.001264, 0.001643, 0.000379, PTP, "rank-15", "rank-108", 16_109_5_257
Link, 0, MPI_LINK, 0.001642, 0.002019, 0.000377, PTP, "rank-0", "rank-18", 1_19_4_258
Link, 0, MPI_LINK, 0.001643, 0.002022, 0.000379, PTP, "rank-35", "rank-26", 36_27_4_259
Link, 0, MPI_LINK, 0.001644, 0.002023, 0.000379, PTP, "rank-15", "rank-57", 16_58_4_260
Link, 0, MPI_LINK, 0.001648, 0.002026, 0.000378, PTP, "rank-108", "rank-117", 109_118_4_261
Link, 0, MPI_LINK, 0.002021, 0.002400, 0.000379, PTP, "rank-18", "rank-40", 19_41_3_262
Link, 0, MPI_LINK, 0.002024, 0.002403, 0.000379, PTP, "rank-26", "rank-76", 27_77_3_264
Link, 0, MPI_LINK, 0.002024, 0.002403, 0.000379, PTP, "rank-15", "rank-83", 16_84_3_267
Link, 0, MPI_LINK, 0.002027, 0.002405, 0.000378, PTP, "rank-108", "rank-103", 109_104_3_268
Link, 0, MPI_LINK, 0.002028, 0.002406, 0.000378, PTP, "rank-117", "rank-63", 118_64_3_269
Link, 0, MPI_LINK, 0.002024, 0.002410, 0.000386, PTP, "rank-57", "rank-86", 58_87_3_266
Link, 0, MPI_LINK, 0.002021, 0.002582, 0.000561, PTP, "rank-0", "rank-3", 1_4_3_263
Link, 0, MPI_LINK, 0.002403, 0.002780, 0.000377, PTP, "rank-40", "rank-96", 41_97_2_271
Link, 0, MPI_LINK, 0.002402, 0.002780, 0.000378, PTP, "rank-18", "rank-20", 19_21_2_270
Link, 0, MPI_LINK, 0.002405, 0.002782, 0.000377, PTP, "rank-26", "rank-82", 27_83_2_273
Link, 0, MPI_LINK, 0.002405, 0.002782, 0.000377, PTP, "rank-15", "rank-27", 16_28_2_274
Link, 0, MPI_LINK, 0.002406, 0.002783, 0.000377, PTP, "rank-103", "rank-115", 104_116_2_275
Link, 0, MPI_LINK, 0.002406, 0.002784, 0.000378, PTP, "rank-108", "rank-47", 109_48_2_276
Link, 0, MPI_LINK, 0.002405, 0.002784, 0.000379, PTP, "rank-76", "rank-56", 77_57_2_272
Link, 0, MPI_LINK, 0.002408, 0.002785, 0.000377, PTP, "rank-63", "rank-123", 64_124_2_279
Link, 0, MPI_LINK, 0.002406, 0.002785, 0.000379, PTP, "rank-83", "rank-77", 84_78_2_277
Link, 0, MPI_LINK, 0.002407, 0.002786, 0.000379, PTP, "rank-117", "rank-110", 118_111_2_278
Link, 0, MPI_LINK, 0.002411, 0.002790, 0.000379, PTP, "rank-57", "rank-30", 58_31_2_280
Link, 0, MPI_LINK, 0.002413, 0.002792, 0.000379, PTP, "rank-86", "rank-106", 87_107_2_281
Link, 0, MPI_LINK, 0.002584, 0.002960, 0.000376, PTP, "rank-0", "rank-8", 1_9_2_283
Link, 0, MPI_LINK, 0.002781, 0.003157, 0.000376, PTP, "rank-40", "rank-48", 41_49_1_284
Link, 0, MPI_LINK, 0.002782, 0.003159, 0.000377, PTP, "rank-20", "rank-68", 21_69_1_285
Link, 0, MPI_LINK, 0.002782, 0.003159, 0.000377, PTP, "rank-18", "rank-66", 19_67_1_286
Link, 0, MPI_LINK, 0.002783, 0.003160, 0.000377, PTP, "rank-26", "rank-74", 27_75_1_288
Link, 0, MPI_LINK, 0.002784, 0.003161, 0.000377, PTP, "rank-15", "rank-39", 16_40_1_289
Link, 0, MPI_LINK, 0.002785, 0.003162, 0.000377, PTP, "rank-47", "rank-55", 48_56_1_292
Link, 0, MPI_LINK, 0.002785, 0.003162, 0.000377, PTP, "rank-108", "rank-120", 109_121_1_293
Link, 0, MPI_LINK, 0.002785, 0.003162, 0.000377, PTP, "rank-27", "rank-75", 28_76_1_294
Link, 0, MPI_LINK, 0.002786, 0.003163, 0.000377, PTP, "rank-76", "rank-84", 77_85_1_296
Link, 0, MPI_LINK, 0.002787, 0.003164, 0.000377, PTP, "rank-63", "rank-111", 64_112_1_298
Link, 0, MPI_LINK, 0.002785, 0.003164, 0.000379, PTP, "rank-115", "rank-93", 116_94_1_290
Link, 0, MPI_LINK, 0.002785, 0.003164, 0.000379, PTP, "rank-103", "rank-91", 104_92_1_291
Link, 0, MPI_LINK, 0.002787, 0.003164, 0.000377, PTP, "rank-77", "rank-85", 78_86_1_299
Link, 0, MPI_LINK, 0.002788, 0.003165, 0.000377, PTP, "rank-123", "rank-126", 124_127_1_300
Link, 0, MPI_LINK, 0.002788, 0.003165, 0.000377, PTP, "rank-110", "rank-122", 111_123_1_301
Link, 0, MPI_LINK, 0.002786, 0.003165, 0.000379, PTP, "rank-82", "rank-28", 83_29_1_295
Link, 0, MPI_LINK, 0.002786, 0.003166, 0.000380, PTP, "rank-83", "rank-29", 84_30_1_297
Link, 0, MPI_LINK, 0.002788, 0.003167, 0.000379, PTP, "rank-117", "rank-62", 118_63_1_302
Link, 0, MPI_LINK, 0.002791, 0.003168, 0.000377, PTP, "rank-56", "rank-104", 57_105_1_303
Link, 0, MPI_LINK, 0.002792, 0.003169, 0.000377, PTP, "rank-57", "rank-105", 58_106_1_304
Link, 0, MPI_LINK, 0.002793, 0.003170, 0.000377, PTP, "rank-30", "rank-78", 31_79_1_305
Link, 0, MPI_LINK, 0.002794, 0.003173, 0.000379, PTP, "rank-86", "rank-58", 87_59_1_306
Link, 0, MPI_LINK, 0.002795, 0.003174, 0.000379, PTP, "rank-106", "rank-60", 107_61_1_307
Link, 0, MPI_LINK, 0.002024, 0.003238, 0.001214, PTP, "rank-35", "rank-73", 36_74_3_265
Link, 0, MPI_LINK, 0.002584, 0.003242, 0.000658, PTP, "rank-3", "rank-33", 4_34_2_282
Link, 0, MPI_LINK, 0.002961, 0.003405, 0.000444, PTP, "rank-0", "rank-2", 1_3_1_308
Link, 0, MPI_LINK, 0.002963, 0.003481, 0.000518, PTP, "rank-8", "rank-32", 9_33_1_309
Link, 0, MPI_LINK, 0.003159, 0.003536, 0.000377, PTP, "rank-40", "rank-72", 41_73_0_310
Link, 0, MPI_LINK, 0.003160, 0.003537, 0.000377, PTP, "rank-48", "rank-80", 49_81_0_312
Link, 0, MPI_LINK, 0.003161, 0.003538, 0.000377, PTP, "rank-26", "rank-42", 27_43_0_314
Link, 0, MPI_LINK, 0.003162, 0.003539, 0.000377, PTP, "rank-15", "rank-23", 16_24_0_318
Link, 0, MPI_LINK, 0.003163, 0.003540, 0.000377, PTP, "rank-55", "rank-87", 56_88_0_319
Link, 0, MPI_LINK, 0.003163, 0.003540, 0.000377, PTP, "rank-108", "rank-116", 109_117_0_320
Link, 0, MPI_LINK, 0.003163, 0.003540, 0.000377, PTP, "rank-39", "rank-71", 40_72_0_321
Link, 0, MPI_LINK, 0.003164, 0.003541, 0.000377, PTP, "rank-47", "rank-79", 48_80_0_322
Link, 0, MPI_LINK, 0.003164, 0.003541, 0.000377, PTP, "rank-27", "rank-43", 28_44_0_324
Link, 0, MPI_LINK, 0.003165, 0.003541, 0.000376, PTP, "rank-63", "rank-95", 64_96_0_326
Link, 0, MPI_LINK, 0.003165, 0.003542, 0.000377, PTP, "rank-84", "rank-100", 85_101_0_329
Link, 0, MPI_LINK, 0.003167, 0.003542, 0.000375, PTP, "rank-126", "rank-127", 127_128_0_338
Link, 0, MPI_LINK, 0.003166, 0.003542, 0.000376, PTP, "rank-111", "rank-119", 112_120_0_331
Link, 0, MPI_LINK, 0.003166, 0.003543, 0.000377, PTP, "rank-91", "rank-107", 92_108_0_333
Link, 0, MPI_LINK, 0.003166, 0.003543, 0.000377, PTP, "rank-110", "rank-118", 111_119_0_334
Link, 0, MPI_LINK, 0.003166, 0.003543, 0.000377, PTP, "rank-82", "rank-98", 83_99_0_335
Link, 0, MPI_LINK, 0.003166, 0.003543, 0.000377, PTP, "rank-85", "rank-101", 86_102_0_336
Link, 0, MPI_LINK, 0.003167, 0.003543, 0.000376, PTP, "rank-83", "rank-99", 84_100_0_337
Link, 0, MPI_LINK, 0.003167, 0.003543, 0.000376, PTP, "rank-123", "rank-125", 124_126_0_339
Link, 0, MPI_LINK, 0.003167, 0.003544, 0.000377, PTP, "rank-28", "rank-44", 29_45_0_340
Link, 0, MPI_LINK, 0.003165, 0.003544, 0.000379, PTP, "rank-103", "rank-59", 104_60_0_328
Link, 0, MPI_LINK, 0.003165, 0.003544, 0.000379, PTP, "rank-77", "rank-53", 78_54_0_330
Link, 0, MPI_LINK, 0.003168, 0.003545, 0.000377, PTP, "rank-122", "rank-124", 123_125_0_341
Link, 0, MPI_LINK, 0.003166, 0.003545, 0.000379, PTP, "rank-115", "rank-61", 116_62_0_332
Link, 0, MPI_LINK, 0.003168, 0.003545, 0.000377, PTP, "rank-117", "rank-121", 118_122_0_342
Link, 0, MPI_LINK, 0.003169, 0.003545, 0.000376, PTP, "rank-29", "rank-45", 30_46_0_343
Link, 0, MPI_LINK, 0.003169, 0.003546, 0.000377, PTP, "rank-93", "rank-109", 94_110_0_344
Link, 0, MPI_LINK, 0.003170, 0.003547, 0.000377, PTP, "rank-57", "rank-89", 58_90_0_346
Link, 0, MPI_LINK, 0.003170, 0.003547, 0.000377, PTP, "rank-62", "rank-94", 63_95_0_347
Link, 0, MPI_LINK, 0.003171, 0.003548, 0.000377, PTP, "rank-105", "rank-113", 106_114_0_348
Link, 0, MPI_LINK, 0.003171, 0.003548, 0.000377, PTP, "rank-104", "rank-112", 105_113_0_349
Link, 0, MPI_LINK, 0.003172, 0.003549, 0.000377, PTP, "rank-30", "rank-46", 31_47_0_351
Link, 0, MPI_LINK, 0.003172, 0.003551, 0.000379, PTP, "rank-78", "rank-54", 79_55_0_350
Link, 0, MPI_LINK, 0.003174, 0.003551, 0.000377, PTP, "rank-86", "rank-102", 87_103_0_352
Link, 0, MPI_LINK, 0.003175, 0.003552, 0.000377, PTP, "rank-58", "rank-90", 59_91_0_353
Link, 0, MPI_LINK, 0.003176, 0.003553, 0.000377, PTP, "rank-106", "rank-114", 107_115_0_354
Link, 0, MPI_LINK, 0.003177, 0.003554, 0.000377, PTP, "rank-60", "rank-92", 61_93_0_355
Link, 0, MPI_LINK, 0.003240, 0.003617, 0.000377, PTP, "rank-35", "rank-37", 36_38_2_356
Link, 0, MPI_LINK, 0.003241, 0.003620, 0.000379, PTP, "rank-73", "rank-14", 74_15_2_357
Link, 0, MPI_LINK, 0.003165, 0.003639, 0.000474, PTP, "rank-75", "rank-51", 76_52_0_327
Link, 0, MPI_LINK, 0.003169, 0.003696, 0.000527, PTP, "rank-56", "rank-88", 57_89_0_345
Link, 0, MPI_LINK, 0.003160, 0.003721, 0.000561, PTP, "rank-20", "rank-36", 21_37_0_311
Link, 0, MPI_LINK, 0.003161, 0.003724, 0.000563, PTP, "rank-18", "rank-34", 19_35_0_316
Link, 0, MPI_LINK, 0.003243, 0.003749, 0.000506, PTP, "rank-3", "rank-9", 4_10_1_358
Link, 0, MPI_LINK, 0.003161, 0.003912, 0.000751, PTP, "rank-74", "rank-50", 75_51_0_313
Link, 0, MPI_LINK, 0.003164, 0.003919, 0.000755, PTP, "rank-120", "rank-31", 121_32_0_323
Link, 0, MPI_LINK, 0.003483, 0.003919, 0.000436, PTP, "rank-32", "rank-64", 33_65_0_362
Link, 0, MPI_LINK, 0.003406, 0.003950, 0.000544, PTP, "rank-0", "rank-1", 1_2_0_360
Link, 0, MPI_LINK, 0.003164, 0.003975, 0.000811, PTP, "rank-76", "rank-52", 77_53_0_325
Link, 0, MPI_LINK, 0.003483, 0.003984, 0.000501, PTP, "rank-8", "rank-16", 9_17_0_363
Link, 0, MPI_LINK, 0.003622, 0.003999, 0.000377, PTP, "rank-73", "rank-81", 74_82_1_366
Link, 0, MPI_LINK, 0.003624, 0.004001, 0.000377, PTP, "rank-14", "rank-38", 15_39_1_367
Link, 0, MPI_LINK, 0.003408, 0.004159, 0.000751, PTP, "rank-2", "rank-4", 3_5_0_361
Link, 0, MPI_LINK, 0.003162, 0.004371, 0.001209, PTP, "rank-68", "rank-24", 69_25_0_317
Link, 0, MPI_LINK, 0.004001, 0.004378, 0.000377, PTP, "rank-81", "rank-97", 82_98_0_370
Link, 0, MPI_LINK, 0.003753, 0.004380, 0.000627, PTP, "rank-9", "rank-17", 10_18_0_369
Link, 0, MPI_LINK, 0.004003, 0.004380, 0.000377, PTP, "rank-14", "rank-22", 15_23_0_372
Link, 0, MPI_LINK, 0.004004, 0.004381, 0.000377, PTP, "rank-38", "rank-70", 39_71_0_373
Link, 0, MPI_LINK, 0.003161, 0.004442, 0.001281, PTP, "rank-66", "rank-12", 67_13_0_315
Link, 0, MPI_LINK, 0.003751, 0.004503, 0.000752, PTP, "rank-3", "rank-5", 4_6_0_368
Link, 0, MPI_LINK, 0.003244, 0.004529, 0.001285, PTP, "rank-33", "rank-6", 34_7_1_359
Link, 0, MPI_LINK, 0.002783, 0.004542, 0.001759, PTP, "rank-96", "rank-11", 97_12_1_287
Link, 0, MPI_LINK, 0.003621, 0.004768, 0.001147, PTP, "rank-37", "rank-25", 38_26_1_365
Link, 0, MPI_LINK, 0.003620, 0.004798, 0.001178, PTP, "rank-35", "rank-13", 36_14_1_364
Link, 0, MPI_LINK, 0.004001, 0.004824, 0.000823, PTP, "rank-73", "rank-49", 74_50_0_371
Link, 0, MPI_LINK, 0.004531, 0.004908, 0.000377, PTP, "rank-33", "rank-65", 34_66_0_374
Link, 0, MPI_LINK, 0.004533, 0.004910, 0.000377, PTP, "rank-6", "rank-10", 7_11_0_375
Link, 0, MPI_LINK, 0.004545, 0.004922, 0.000377, PTP, "rank-11", "rank-19", 12_20_0_376
Link, 0, MPI_LINK, 0.004545, 0.005051, 0.000506, PTP, "rank-96", "rank-7", 97_8_0_377
Link, 0, MPI_LINK, 0.004770, 0.005147, 0.000377, PTP, "rank-37", "rank-69", 38_70_0_378
Link, 0, MPI_LINK, 0.004771, 0.005148, 0.000377, PTP, "rank-25", "rank-41", 26_42_0_379
Link, 0, MPI_LINK, 0.004800, 0.005177, 0.000377, PTP, "rank-35", "rank-67", 36_68_0_380
Link, 0, MPI_LINK, 0.004801, 0.005178, 0.000377, PTP, "rank-13", "rank-21", 14_22_0_381
Link, 0, MPI_LINK, 0.006952, 0.006975, 0.000023, PTP, "rank-32", "rank-0", 33_1_-112_640
Link, 0, MPI_LINK, 0.006740, 0.006976, 0.000236, PTP, "rank-18", "rank-0", 19_1_-112_625
Link, 0, MPI_LINK, 0.006718, 0.006976, 0.000258, PTP, "rank-20", "rank-0", 21_1_-112_616
Link, 0, MPI_LINK, 0.006725, 0.006976, 0.000251, PTP, "rank-34", "rank-0", 35_1_-112_619
Link, 0, MPI_LINK, 0.006735, 0.006976, 0.000241, PTP, "rank-36", "rank-0", 37_1_-112_622
Link, 0, MPI_LINK, 0.006550, 0.006976, 0.000426, PTP, "rank-40", "rank-0", 41_1_-112_557
Link, 0, MPI_LINK, 0.006520, 0.006976, 0.000456, PTP, "rank-48", "rank-0", 49_1_-112_382
Link, 0, MPI_LINK, 0.006529, 0.006976, 0.000447, PTP, "rank-72", "rank-0", 73_1_-112_404
Link, 0, MPI_LINK, 0.006528, 0.006976, 0.000448, PTP, "rank-80", "rank-0", 81_1_-112_397
Link, 0, MPI_LINK, 0.006546, 0.006976, 0.000430, PTP, "rank-112", "rank-0", 113_1_-112_546
Link, 0, MPI_LINK, 0.006696, 0.006976, 0.000280, PTP, "rank-56", "rank-0", 57_1_-112_613
Link, 0, MPI_LINK, 0.006690, 0.006976, 0.000286, PTP, "rank-88", "rank-0", 89_1_-112_610
Link, 0, MPI_LINK, 0.006534, 0.006976, 0.000442, PTP, "rank-104", "rank-0", 105_1_-112_459
Link, 0, MPI_LINK, 0.006536, 0.006976, 0.000440, PTP, "rank-28", "rank-0", 29_1_-112_477
Link, 0, MPI_LINK, 0.006530, 0.006976, 0.000446, PTP, "rank-44", "rank-0", 45_1_-112_411
Link, 0, MPI_LINK, 0.006528, 0.006976, 0.000448, PTP, "rank-84", "rank-0", 85_1_-112_395
Link, 0, MPI_LINK, 0.006541, 0.006976, 0.000435, PTP, "rank-100", "rank-0", 101_1_-112_520
Link, 0, MPI_LINK, 0.006534, 0.006976, 0.000442, PTP, "rank-26", "rank-0", 27_1_-112_454
Link, 0, MPI_LINK, 0.006529, 0.006976, 0.000447, PTP, "rank-42", "rank-0", 43_1_-112_399
Link, 0, MPI_LINK, 0.006896, 0.006976, 0.000080, PTP, "rank-50", "rank-0", 51_1_-112_628
Link, 0, MPI_LINK, 0.006914, 0.006976, 0.000062, PTP, "rank-74", "rank-0", 75_1_-112_631
Link, 0, MPI_LINK, 0.006530, 0.006976, 0.000446, PTP, "rank-82", "rank-0", 83_1_-112_410
Link, 0, MPI_LINK, 0.006538, 0.006976, 0.000438, PTP, "rank-98", "rank-0", 99_1_-112_492
Link, 0, MPI_LINK, 0.006919, 0.006976, 0.000057, PTP, "rank-120", "rank-0", 121_1_-112_633
Link, 0, MPI_LINK, 0.006580, 0.006976, 0.000396, PTP, "rank-60", "rank-0", 61_1_-112_583
Link, 0, MPI_LINK, 0.006587, 0.006976, 0.000389, PTP, "rank-92", "rank-0", 93_1_-112_595
Link, 0, MPI_LINK, 0.006525, 0.006976, 0.000451, PTP, "rank-108", "rank-0", 109_1_-112_384
Link, 0, MPI_LINK, 0.006529, 0.006976, 0.000447, PTP, "rank-116", "rank-0", 117_1_-112_398
Link, 0, MPI_LINK, 0.006561, 0.006976, 0.000415, PTP, "rank-30", "rank-0", 31_1_-112_570
Link, 0, MPI_LINK, 0.006623, 0.006976, 0.000353, PTP, "rank-46", "rank-0", 47_1_-112_601
Link, 0, MPI_LINK, 0.006581, 0.006976, 0.000395, PTP, "rank-54", "rank-0", 55_1_-112_585
Link, 0, MPI_LINK, 0.006573, 0.006976, 0.000403, PTP, "rank-58", "rank-0", 59_1_-112_577
Link, 0, MPI_LINK, 0.006576, 0.006976, 0.000400, PTP, "rank-78", "rank-0", 79_1_-112_581
Link, 0, MPI_LINK, 0.006569, 0.006976, 0.000407, PTP, "rank-86", "rank-0", 87_1_-112_574
Link, 0, MPI_LINK, 0.006581, 0.006976, 0.000395, PTP, "rank-90", "rank-0", 91_1_-112_586
Link, 0, MPI_LINK, 0.006547, 0.006976, 0.000429, PTP, "rank-102", "rank-0", 103_1_-112_549
Link, 0, MPI_LINK, 0.006610, 0.006976, 0.000366, PTP, "rank-106", "rank-0", 107_1_-112_598
Link, 0, MPI_LINK, 0.006570, 0.006976, 0.000406, PTP, "rank-114", "rank-0", 115_1_-112_575
Link, 0, MPI_LINK, 0.006528, 0.006976, 0.000448, PTP, "rank-15", "rank-0", 16_1_-112_394
Link, 0, MPI_LINK, 0.006525, 0.006976, 0.000451, PTP, "rank-23", "rank-0", 24_1_-112_385
Link, 0, MPI_LINK, 0.006527, 0.006976, 0.000449, PTP, "rank-27", "rank-0", 28_1_-112_389
Link, 0, MPI_LINK, 0.006535, 0.006976, 0.000441, PTP, "rank-29", "rank-0", 30_1_-112_471
Link, 0, MPI_LINK, 0.006548, 0.006976, 0.000428, PTP, "rank-39", "rank-0", 40_1_-112_551
Link, 0, MPI_LINK, 0.006538, 0.006976, 0.000438, PTP, "rank-43", "rank-0", 44_1_-112_486
Link, 0, MPI_LINK, 0.006532, 0.006976, 0.000444, PTP, "rank-45", "rank-0", 46_1_-112_440
Link, 0, MPI_LINK, 0.006625, 0.006976, 0.000351, PTP, "rank-51", "rank-0", 52_1_-112_602
Link, 0, MPI_LINK, 0.006534, 0.006976, 0.000442, PTP, "rank-53", "rank-0", 54_1_-112_461
Link, 0, MPI_LINK, 0.006532, 0.006976, 0.000444, PTP, "rank-57", "rank-0", 58_1_-112_437
Link, 0, MPI_LINK, 0.006537, 0.006976, 0.000439, PTP, "rank-71", "rank-0", 72_1_-112_481
Link, 0, MPI_LINK, 0.006626, 0.006976, 0.000350, PTP, "rank-75", "rank-0", 76_1_-112_604
Link, 0, MPI_LINK, 0.006536, 0.006976, 0.000440, PTP, "rank-77", "rank-0", 78_1_-112_478
Link, 0, MPI_LINK, 0.006536, 0.006976, 0.000440, PTP, "rank-83", "rank-0", 84_1_-112_479
Link, 0, MPI_LINK, 0.006527, 0.006976, 0.000449, PTP, "rank-85", "rank-0", 86_1_-112_392
Link, 0, MPI_LINK, 0.006538, 0.006976, 0.000438, PTP, "rank-89", "rank-0", 90_1_-112_489
Link, 0, MPI_LINK, 0.006538, 0.006976, 0.000438, PTP, "rank-99", "rank-0", 100_1_-112_496
Link, 0, MPI_LINK, 0.006528, 0.006976, 0.000448, PTP, "rank-101", "rank-0", 102_1_-112_396
Link, 0, MPI_LINK, 0.006538, 0.006976, 0.000438, PTP, "rank-105", "rank-0", 106_1_-112_490
Link, 0, MPI_LINK, 0.006548, 0.006976, 0.000428, PTP, "rank-113", "rank-0", 114_1_-112_552
Link, 0, MPI_LINK, 0.006530, 0.006976, 0.000446, PTP, "rank-124", "rank-0", 125_1_-112_407
Link, 0, MPI_LINK, 0.006538, 0.006976, 0.000438, PTP, "rank-62", "rank-0", 63_1_-112_493
Link, 0, MPI_LINK, 0.006538, 0.006976, 0.000438, PTP, "rank-94", "rank-0", 95_1_-112_494
Link, 0, MPI_LINK, 0.006527, 0.006976, 0.000449, PTP, "rank-110", "rank-0", 111_1_-112_390
Link, 0, MPI_LINK, 0.006538, 0.006976, 0.000438, PTP, "rank-118", "rank-0", 119_1_-112_487
Link, 0, MPI_LINK, 0.006558, 0.006976, 0.000418, PTP, "rank-122", "rank-0", 123_1_-112_567
Link, 0, MPI_LINK, 0.006930, 0.006976, 0.000046, PTP, "rank-31", "rank-0", 32_1_-112_637
Link, 0, MPI_LINK, 0.006532, 0.006976, 0.000444, PTP, "rank-47", "rank-0", 48_1_-112_431
Link, 0, MPI_LINK, 0.006545, 0.006976, 0.000431, PTP, "rank-55", "rank-0", 56_1_-112_545
Link, 0, MPI_LINK, 0.006530, 0.006976, 0.000446, PTP, "rank-59", "rank-0", 60_1_-112_413
Link, 0, MPI_LINK, 0.006539, 0.006976, 0.000437, PTP, "rank-61", "rank-0", 62_1_-112_504
Link, 0, MPI_LINK, 0.006555, 0.006976, 0.000421, PTP, "rank-79", "rank-0", 80_1_-112_564
Link, 0, MPI_LINK, 0.006527, 0.006976, 0.000449, PTP, "rank-87", "rank-0", 88_1_-112_387
Link, 0, MPI_LINK, 0.006531, 0.006976, 0.000445, PTP, "rank-91", "rank-0", 92_1_-112_418
Link, 0, MPI_LINK, 0.006529, 0.006976, 0.000447, PTP, "rank-93", "rank-0", 94_1_-112_402
Link, 0, MPI_LINK, 0.006531, 0.006976, 0.000445, PTP, "rank-103", "rank-0", 104_1_-112_424
Link, 0, MPI_LINK, 0.006534, 0.006976, 0.000442, PTP, "rank-107", "rank-0", 108_1_-112_456
Link, 0, MPI_LINK, 0.006535, 0.006976, 0.000441, PTP, "rank-109", "rank-0", 110_1_-112_465
Link, 0, MPI_LINK, 0.006539, 0.006976, 0.000437, PTP, "rank-115", "rank-0", 116_1_-112_503
Link, 0, MPI_LINK, 0.006531, 0.006976, 0.000445, PTP, "rank-117", "rank-0", 118_1_-112_422
Link, 0, MPI_LINK, 0.006531, 0.006976, 0.000445, PTP, "rank-121", "rank-0", 122_1_-112_423
Link, 0, MPI_LINK, 0.006542, 0.006976, 0.000434, PTP, "rank-126", "rank-0", 127_1_-112_532
Link, 0, MPI_LINK, 0.006535, 0.006976, 0.000441, PTP, "rank-63", "rank-0", 64_1_-112_472
Link, 0, MPI_LINK, 0.006531, 0.006976, 0.000445, PTP, "rank-95", "rank-0", 96_1_-112_430
Link, 0, MPI_LINK, 0.006529, 0.006976, 0.000447, PTP, "rank-111", "rank-0", 112_1_-112_406
Link, 0, MPI_LINK, 0.006532, 0.006976, 0.000444, PTP, "rank-119", "rank-0", 120_1_-112_441
Link, 0, MPI_LINK, 0.006539, 0.006976, 0.000437, PTP, "rank-123", "rank-0", 124_1_-112_506
Link, 0, MPI_LINK, 0.006538, 0.006976, 0.000438, PTP, "rank-125", "rank-0", 126_1_-112_499
Link, 0, MPI_LINK, 0.006527, 0.006977, 0.000450, PTP, "rank-127", "rank-0", 128_1_-112_393
Link, 0, MPI_LINK, 0.006994, 0.006994, 0.000000, PTP, "rank-76", "rank-0", 77_1_-112_643
Link, 0, MPI_LINK, 0.006995, 0.006995, 0.000000, PTP, "rank-1", "rank-0", 2_1_-112_644
Link, 0, MPI_LINK, 0.007000, 0.007001, 0.000001, PTP, "rank-8", "rank-0", 9_1_-112_649
Link, 0, MPI_LINK, 0.007009, 0.007009, 0.000000, PTP, "rank-52", "rank-0", 53_1_-112_652
Link, 0, MPI_LINK, 0.007016, 0.007017, 0.000001, PTP, "rank-16", "rank-0", 17_1_-112_655
Link, 0, MPI_LINK, 0.007063, 0.007064, 0.000001, PTP, "rank-64", "rank-0", 65_1_-112_658
Link, 0, MPI_LINK, 0.007144, 0.007144, 0.000000, PTP, "rank-2", "rank-0", 3_1_-112_661
Link, 0, MPI_LINK, 0.007166, 0.007166, 0.000000, PTP, "rank-4", "rank-0", 5_1_-112_664
Link, 0, MPI_LINK, 0.007370, 0.007371, 0.000001, PTP, "rank-22", "rank-0", 23_1_-112_667
Link, 0, MPI_LINK, 0.007375, 0.007376, 0.000001, PTP, "rank-68", "rank-0", 69_1_-112_670
Link, 0, MPI_LINK, 0.007381, 0.007382, 0.000001, PTP, "rank-38", "rank-0", 39_1_-112_672
Link, 0, MPI_LINK, 0.007381, 0.007382, 0.000001, PTP, "rank-24", "rank-0", 25_1_-112_673
Link, 0, MPI_LINK, 0.007382, 0.007383, 0.000001, PTP, "rank-97", "rank-0", 98_1_-112_675
Link, 0, MPI_LINK, 0.007382, 0.007383, 0.000001, PTP, "rank-14", "rank-0", 15_1_-112_676
Link, 0, MPI_LINK, 0.007391, 0.007391, 0.000000, PTP, "rank-9", "rank-0", 10_1_-112_685
Link, 0, MPI_LINK, 0.007391, 0.007391, 0.000000, PTP, "rank-17", "rank-0", 18_1_-112_686
Link, 0, MPI_LINK, 0.007402, 0.007403, 0.000001, PTP, "rank-70", "rank-0", 71_1_-112_691
Link, 0, MPI_LINK, 0.007402, 0.007403, 0.000001, PTP, "rank-81", "rank-0", 82_1_-112_692
Link, 0, MPI_LINK, 0.007451, 0.007451, 0.000000, PTP, "rank-66", "rank-0", 67_1_-112_697
Link, 0, MPI_LINK, 0.007482, 0.007482, 0.000000, PTP, "rank-12", "rank-0", 13_1_-112_700
Link, 0, MPI_LINK, 0.007543, 0.007543, 0.000000, PTP, "rank-3", "rank-0", 4_1_-112_703
Link, 0, MPI_LINK, 0.007561, 0.007561, 0.000000, PTP, "rank-5", "rank-0", 6_1_-112_706
Link, 0, MPI_LINK, 0.007818, 0.007819, 0.000001, PTP, "rank-73", "rank-0", 74_1_-112_709
Link, 0, MPI_LINK, 0.007825, 0.007826, 0.000001, PTP, "rank-49", "rank-0", 50_1_-112_712
Link, 0, MPI_LINK, 0.007907, 0.007907, 0.000000, PTP, "rank-10", "rank-0", 11_1_-112_715
Link, 0, MPI_LINK, 0.007912, 0.007912, 0.000000, PTP, "rank-65", "rank-0", 66_1_-112_717
Link, 0, MPI_LINK, 0.007914, 0.007915, 0.000001, PTP, "rank-19", "rank-0", 20_1_-112_720
Link, 0, MPI_LINK, 0.007917, 0.007917, 0.000000, PTP, "rank-33", "rank-0", 34_1_-112_723
Link, 0, MPI_LINK, 0.007933, 0.007933, 0.000000, PTP, "rank-6", "rank-0", 7_1_-112_727
Link, 0, MPI_LINK, 0.007943, 0.007944, 0.000001, PTP, "rank-11", "rank-0", 12_1_-112_730
Link, 0, MPI_LINK, 0.008045, 0.008045, 0.000000, PTP, "rank-7", "rank-0", 8_1_-112_733
Link, 0, MPI_LINK, 0.008070, 0.008070, 0.000000, PTP, "rank-96", "rank-0", 97_1_-112_736
Link, 0, MPI_LINK, 0.008138, 0.008138, 0.000000, PTP, "rank-69", "rank-0", 70_1_-112_739
Link, 0, MPI_LINK, 0.008143, 0.008143, 0.000000, PTP, "rank-41", "rank-0", 42_1_-112_742
Link, 0, MPI_LINK, 0.008146, 0.008146, 0.000000, PTP, "rank-25", "rank-0", 26_1_-112_744
Link, 0, MPI_LINK, 0.008156, 0.008156, 0.000000, PTP, "rank-37", "rank-0", 38_1_-112_748
Link, 0, MPI_LINK, 0.008206, 0.008206, 0.000000, PTP, "rank-21", "rank-0", 22_1_-112_751
Link, 0, MPI_LINK, 0.008224, 0.008224, 0.000000, PTP, "rank-35", "rank-0", 36_1_-112_754
Link, 0, MPI_LINK, 0.008226, 0.008226, 0.000000, PTP, "rank-13", "rank-0", 14_1_-112_755
Link, 0, MPI_LINK, 0.008231, 0.008231, 0.000000, PTP, "rank-67", "rank-0", 68_1_-112_760
Link, 0, MPI_LINK, 0.006998, 0.008234, 0.001236, PTP, "rank-1", "rank-0", 2_1_-112_646
Link, 0, MPI_LINK, 0.007146, 0.008234, 0.001088, PTP, "rank-2", "rank-0", 3_1_-112_662
Link, 0, MPI_LINK, 0.007169, 0.008234, 0.001065, PTP, "rank-4", "rank-0", 5_1_-112_665
Link, 0, MPI_LINK, 0.007002, 0.008234, 0.001232, PTP, "rank-8", "rank-0", 9_1_-112_650
Link, 0, MPI_LINK, 0.007019, 0.008234, 0.001215, PTP, "rank-16", "rank-0", 17_1_-112_656
Link, 0, MPI_LINK, 0.006954, 0.008234, 0.001280, PTP, "rank-32", "rank-0", 33_1_-112_641
Link, 0, MPI_LINK, 0.007065, 0.008234, 0.001169, PTP, "rank-64", "rank-0", 65_1_-112_659
Link, 0, MPI_LINK, 0.008072, 0.008234, 0.000162, PTP, "rank-96", "rank-0", 97_1_-112_737
Link, 0, MPI_LINK, 0.006523, 0.008234, 0.001711, PTP, "rank-48", "rank-0", 49_1_-112_383
Link, 0, MPI_LINK, 0.006531, 0.008234, 0.001703, PTP, "rank-80", "rank-0", 81_1_-112_429
Link, 0, MPI_LINK, 0.007383, 0.008234, 0.000851, PTP, "rank-24", "rank-0", 25_1_-112_678
Link, 0, MPI_LINK, 0.006553, 0.008234, 0.001681, PTP, "rank-40", "rank-0", 41_1_-112_563
Link, 0, MPI_LINK, 0.006531, 0.008234, 0.001703, PTP, "rank-72", "rank-0", 73_1_-112_427
Link, 0, MPI_LINK, 0.007485, 0.008234, 0.000749, PTP, "rank-12", "rank-0", 13_1_-112_701
Link, 0, MPI_LINK, 0.006721, 0.008234, 0.001513, PTP, "rank-20", "rank-0", 21_1_-112_617
Link, 0, MPI_LINK, 0.006737, 0.008234, 0.001497, PTP, "rank-36", "rank-0", 37_1_-112_623
Link, 0, MPI_LINK, 0.007379, 0.008234, 0.000855, PTP, "rank-68", "rank-0", 69_1_-112_671
Link, 0, MPI_LINK, 0.007936, 0.008234, 0.000298, PTP, "rank-6", "rank-0", 7_1_-112_728
Link, 0, MPI_LINK, 0.007910, 0.008234, 0.000324, PTP, "rank-10", "rank-0", 11_1_-112_716
Link, 0, MPI_LINK, 0.006743, 0.008234, 0.001491, PTP, "rank-18", "rank-0", 19_1_-112_626
Link, 0, MPI_LINK, 0.006728, 0.008234, 0.001506, PTP, "rank-34", "rank-0", 35_1_-112_620
Link, 0, MPI_LINK, 0.007454, 0.008234, 0.000780, PTP, "rank-66", "rank-0", 67_1_-112_698
Link, 0, MPI_LINK, 0.007546, 0.008234, 0.000688, PTP, "rank-3", "rank-0", 4_1_-112_704
Link, 0, MPI_LINK, 0.007564, 0.008234, 0.000670, PTP, "rank-5", "rank-0", 6_1_-112_707
Link, 0, MPI_LINK, 0.007393, 0.008234, 0.000841, PTP, "rank-9", "rank-0", 10_1_-112_687
Link, 0, MPI_LINK, 0.007393, 0.008234, 0.000841, PTP, "rank-17", "rank-0", 18_1_-112_688
Link, 0, MPI_LINK, 0.007920, 0.008234, 0.000314, PTP, "rank-33", "rank-0", 34_1_-112_725
Link, 0, MPI_LINK, 0.007914, 0.008234, 0.000320, PTP, "rank-65", "rank-0", 66_1_-112_719
Link, 0, MPI_LINK, 0.006548, 0.008234, 0.001686, PTP, "rank-112", "rank-0", 113_1_-112_553
Link, 0, MPI_LINK, 0.006698, 0.008234, 0.001536, PTP, "rank-56", "rank-0", 57_1_-112_614
Link, 0, MPI_LINK, 0.006692, 0.008234, 0.001542, PTP, "rank-88", "rank-0", 89_1_-112_611
Link, 0, MPI_LINK, 0.006537, 0.008234, 0.001697, PTP, "rank-104", "rank-0", 105_1_-112_482
Link, 0, MPI_LINK, 0.006539, 0.008234, 0.001695, PTP, "rank-28", "rank-0", 29_1_-112_501
Link, 0, MPI_LINK, 0.006533, 0.008234, 0.001701, PTP, "rank-44", "rank-0", 45_1_-112_447
Link, 0, MPI_LINK, 0.007011, 0.008234, 0.001223, PTP, "rank-52", "rank-0", 53_1_-112_653
Link, 0, MPI_LINK, 0.006998, 0.008234, 0.001236, PTP, "rank-76", "rank-0", 77_1_-112_645
Link, 0, MPI_LINK, 0.006530, 0.008234, 0.001704, PTP, "rank-84", "rank-0", 85_1_-112_412
Link, 0, MPI_LINK, 0.006544, 0.008234, 0.001690, PTP, "rank-100", "rank-0", 101_1_-112_542
Link, 0, MPI_LINK, 0.007384, 0.008234, 0.000850, PTP, "rank-14", "rank-0", 15_1_-112_679
Link, 0, MPI_LINK, 0.007372, 0.008234, 0.000862, PTP, "rank-22", "rank-0", 23_1_-112_668
Link, 0, MPI_LINK, 0.006536, 0.008234, 0.001698, PTP, "rank-26", "rank-0", 27_1_-112_474
Link, 0, MPI_LINK, 0.007383, 0.008234, 0.000851, PTP, "rank-38", "rank-0", 39_1_-112_677
Link, 0, MPI_LINK, 0.006531, 0.008234, 0.001703, PTP, "rank-42", "rank-0", 43_1_-112_416
Link, 0, MPI_LINK, 0.006898, 0.008234, 0.001336, PTP, "rank-50", "rank-0", 51_1_-112_629
Link, 0, MPI_LINK, 0.007406, 0.008234, 0.000828, PTP, "rank-70", "rank-0", 71_1_-112_694
Link, 0, MPI_LINK, 0.006918, 0.008234, 0.001316, PTP, "rank-74", "rank-0", 75_1_-112_632
Link, 0, MPI_LINK, 0.006533, 0.008234, 0.001701, PTP, "rank-82", "rank-0", 83_1_-112_446
Link, 0, MPI_LINK, 0.006541, 0.008234, 0.001693, PTP, "rank-98", "rank-0", 99_1_-112_521
Link, 0, MPI_LINK, 0.008048, 0.008234, 0.000186, PTP, "rank-7", "rank-0", 8_1_-112_734
Link, 0, MPI_LINK, 0.007945, 0.008234, 0.000289, PTP, "rank-11", "rank-0", 12_1_-112_731
Link, 0, MPI_LINK, 0.008228, 0.008234, 0.000006, PTP, "rank-13", "rank-0", 14_1_-112_758
Link, 0, MPI_LINK, 0.007916, 0.008234, 0.000318, PTP, "rank-19", "rank-0", 20_1_-112_722
Link, 0, MPI_LINK, 0.008208, 0.008234, 0.000026, PTP, "rank-21", "rank-0", 22_1_-112_752
Link, 0, MPI_LINK, 0.008148, 0.008234, 0.000086, PTP, "rank-25", "rank-0", 26_1_-112_746
Link, 0, MPI_LINK, 0.008226, 0.008234, 0.000008, PTP, "rank-35", "rank-0", 36_1_-112_756
Link, 0, MPI_LINK, 0.008159, 0.008234, 0.000075, PTP, "rank-37", "rank-0", 38_1_-112_749
Link, 0, MPI_LINK, 0.008145, 0.008234, 0.000089, PTP, "rank-41", "rank-0", 42_1_-112_743
Link, 0, MPI_LINK, 0.007828, 0.008234, 0.000406, PTP, "rank-49", "rank-0", 50_1_-112_713
Link, 0, MPI_LINK, 0.008233, 0.008234, 0.000001, PTP, "rank-67", "rank-0", 68_1_-112_761
Link, 0, MPI_LINK, 0.008140, 0.008234, 0.000094, PTP, "rank-69", "rank-0", 70_1_-112_740
Link, 0, MPI_LINK, 0.007820, 0.008234, 0.000414, PTP, "rank-73", "rank-0", 74_1_-112_710
Link, 0, MPI_LINK, 0.007404, 0.008234, 0.000830, PTP, "rank-81", "rank-0", 82_1_-112_693
Link, 0, MPI_LINK, 0.007385, 0.008234, 0.000849, PTP, "rank-97", "rank-0", 98_1_-112_680
Link, 0, MPI_LINK, 0.006921, 0.008234, 0.001313, PTP, "rank-120", "rank-0", 121_1_-112_635
Link, 0, MPI_LINK, 0.006582, 0.008234, 0.001652, PTP, "rank-60", "rank-0", 61_1_-112_588
Link, 0, MPI_LINK, 0.006590, 0.008234, 0.001644, PTP, "rank-92", "rank-0", 93_1_-112_596
Link, 0, MPI_LINK, 0.006527, 0.008234, 0.001707, PTP, "rank-108", "rank-0", 109_1_-112_388
Link, 0, MPI_LINK, 0.006532, 0.008234, 0.001702, PTP, "rank-116", "rank-0", 117_1_-112_432
Link, 0, MPI_LINK, 0.006564, 0.008234, 0.001670, PTP, "rank-30", "rank-0", 31_1_-112_572
Link, 0, MPI_LINK, 0.006626, 0.008234, 0.001608, PTP, "rank-46", "rank-0", 47_1_-112_603
Link, 0, MPI_LINK, 0.006584, 0.008234, 0.001650, PTP, "rank-54", "rank-0", 55_1_-112_590
Link, 0, MPI_LINK, 0.006575, 0.008234, 0.001659, PTP, "rank-58", "rank-0", 59_1_-112_580
Link, 0, MPI_LINK, 0.006580, 0.008234, 0.001654, PTP, "rank-78", "rank-0", 79_1_-112_584
Link, 0, MPI_LINK, 0.006572, 0.008234, 0.001662, PTP, "rank-86", "rank-0", 87_1_-112_576
Link, 0, MPI_LINK, 0.006584, 0.008234, 0.001650, PTP, "rank-90", "rank-0", 91_1_-112_591
Link, 0, MPI_LINK, 0.006550, 0.008234, 0.001684, PTP, "rank-102", "rank-0", 103_1_-112_556
Link, 0, MPI_LINK, 0.006613, 0.008234, 0.001621, PTP, "rank-106", "rank-0", 107_1_-112_599
Link, 0, MPI_LINK, 0.006574, 0.008234, 0.001660, PTP, "rank-114", "rank-0", 115_1_-112_579
Link, 0, MPI_LINK, 0.006530, 0.008234, 0.001704, PTP, "rank-15", "rank-0", 16_1_-112_409
Link, 0, MPI_LINK, 0.006527, 0.008234, 0.001707, PTP, "rank-23", "rank-0", 24_1_-112_391
Link, 0, MPI_LINK, 0.006531, 0.008234, 0.001703, PTP, "rank-27", "rank-0", 28_1_-112_419
Link, 0, MPI_LINK, 0.006538, 0.008234, 0.001696, PTP, "rank-29", "rank-0", 30_1_-112_497
Link, 0, MPI_LINK, 0.006551, 0.008234, 0.001683, PTP, "rank-39", "rank-0", 40_1_-112_558
Link, 0, MPI_LINK, 0.006541, 0.008234, 0.001693, PTP, "rank-43", "rank-0", 44_1_-112_518
Link, 0, MPI_LINK, 0.006534, 0.008234, 0.001700, PTP, "rank-45", "rank-0", 46_1_-112_462
Link, 0, MPI_LINK, 0.006628, 0.008234, 0.001606, PTP, "rank-51", "rank-0", 52_1_-112_606
Link, 0, MPI_LINK, 0.006537, 0.008234, 0.001697, PTP, "rank-53", "rank-0", 54_1_-112_483
Link, 0, MPI_LINK, 0.006536, 0.008234, 0.001698, PTP, "rank-57", "rank-0", 58_1_-112_476
Link, 0, MPI_LINK, 0.006540, 0.008234, 0.001694, PTP, "rank-71", "rank-0", 72_1_-112_510
Link, 0, MPI_LINK, 0.006628, 0.008234, 0.001606, PTP, "rank-75", "rank-0", 76_1_-112_607
Link, 0, MPI_LINK, 0.006540, 0.008234, 0.001694, PTP, "rank-77", "rank-0", 78_1_-112_514
Link, 0, MPI_LINK, 0.006538, 0.008234, 0.001696, PTP, "rank-83", "rank-0", 84_1_-112_498
Link, 0, MPI_LINK, 0.006530, 0.008234, 0.001704, PTP, "rank-85", "rank-0", 86_1_-112_415
Link, 0, MPI_LINK, 0.006540, 0.008234, 0.001694, PTP, "rank-89", "rank-0", 90_1_-112_511
Link, 0, MPI_LINK, 0.006541, 0.008234, 0.001693, PTP, "rank-99", "rank-0", 100_1_-112_524
Link, 0, MPI_LINK, 0.006530, 0.008234, 0.001704, PTP, "rank-101", "rank-0", 102_1_-112_414
Link, 0, MPI_LINK, 0.006541, 0.008234, 0.001693, PTP, "rank-105", "rank-0", 106_1_-112_519
Link, 0, MPI_LINK, 0.006551, 0.008234, 0.001683, PTP, "rank-113", "rank-0", 114_1_-112_559
Link, 0, MPI_LINK, 0.006532, 0.008234, 0.001702, PTP, "rank-124", "rank-0", 125_1_-112_436
Link, 0, MPI_LINK, 0.006541, 0.008234, 0.001693, PTP, "rank-62", "rank-0", 63_1_-112_522
Link, 0, MPI_LINK, 0.006540, 0.008234, 0.001694, PTP, "rank-94", "rank-0", 95_1_-112_513
Link, 0, MPI_LINK, 0.006530, 0.008234, 0.001704, PTP, "rank-110", "rank-0", 111_1_-112_408
Link, 0, MPI_LINK, 0.006540, 0.008234, 0.001694, PTP, "rank-118", "rank-0", 119_1_-112_508
Link, 0, MPI_LINK, 0.006560, 0.008234, 0.001674, PTP, "rank-122", "rank-0", 123_1_-112_569
Link, 0, MPI_LINK, 0.006933, 0.008234, 0.001301, PTP, "rank-31", "rank-0", 32_1_-112_638
Link, 0, MPI_LINK, 0.006534, 0.008234, 0.001700, PTP, "rank-47", "rank-0", 48_1_-112_455
Link, 0, MPI_LINK, 0.006548, 0.008234, 0.001686, PTP, "rank-55", "rank-0", 56_1_-112_550
Link, 0, MPI_LINK, 0.006532, 0.008234, 0.001702, PTP, "rank-59", "rank-0", 60_1_-112_439
Link, 0, MPI_LINK, 0.006542, 0.008234, 0.001692, PTP, "rank-61", "rank-0", 62_1_-112_530
Link, 0, MPI_LINK, 0.006557, 0.008234, 0.001677, PTP, "rank-79", "rank-0", 80_1_-112_566
Link, 0, MPI_LINK, 0.006529, 0.008234, 0.001705, PTP, "rank-87", "rank-0", 88_1_-112_400
Link, 0, MPI_LINK, 0.006533, 0.008234, 0.001701, PTP, "rank-91", "rank-0", 92_1_-112_444
Link, 0, MPI_LINK, 0.006532, 0.008234, 0.001702, PTP, "rank-93", "rank-0", 94_1_-112_434
Link, 0, MPI_LINK, 0.006533, 0.008234, 0.001701, PTP, "rank-103", "rank-0", 104_1_-112_449
Link, 0, MPI_LINK, 0.006538, 0.008234, 0.001696, PTP, "rank-107", "rank-0", 108_1_-112_485
Link, 0, MPI_LINK, 0.006538, 0.008234, 0.001696, PTP, "rank-109", "rank-0", 110_1_-112_488
Link, 0, MPI_LINK, 0.006541, 0.008234, 0.001693, PTP, "rank-115", "rank-0", 116_1_-112_523
Link, 0, MPI_LINK, 0.006535, 0.008234, 0.001699, PTP, "rank-117", "rank-0", 118_1_-112_468
Link, 0, MPI_LINK, 0.006533, 0.008234, 0.001701, PTP, "rank-121", "rank-0", 122_1_-112_448
Link, 0, MPI_LINK, 0.006544, 0.008235, 0.001691, PTP, "rank-126", "rank-0", 127_1_-112_543
Link, 0, MPI_LINK, 0.006538, 0.008235, 0.001697, PTP, "rank-63", "rank-0", 64_1_-112_500
Link, 0, MPI_LINK, 0.006533, 0.008235, 0.001702, PTP, "rank-95", "rank-0", 96_1_-112_452
Link, 0, MPI_LINK, 0.006532, 0.008235, 0.001703, PTP, "rank-111", "rank-0", 112_1_-112_442
Link, 0, MPI_LINK, 0.006534, 0.008235, 0.001701, PTP, "rank-119", "rank-0", 120_1_-112_464
Link, 0, MPI_LINK, 0.006542, 0.008235, 0.001693, PTP, "rank-123", "rank-0", 124_1_-112_533
Link, 0, MPI_LINK, 0.006541, 0.008235, 0.001694, PTP, "rank-125", "rank-0", 126_1_-112_525
Link, 0, MPI_LINK, 0.006529, 0.008235, 0.001706, PTP, "rank-127", "rank-0", 128_1_-112_405
Link, 0, MPI_LINK, 0.007000, 0.008237, 0.001237, PTP, "rank-1", "rank-0", 2_1_-778_648
Link, 0, MPI_LINK, 0.007148, 0.008237, 0.001089, PTP, "rank-2", "rank-0", 3_1_-778_663
Link, 0, MPI_LINK, 0.007172, 0.008237, 0.001065, PTP, "rank-4", "rank-0", 5_1_-778_666
Link, 0, MPI_LINK, 0.007004, 0.008237, 0.001233, PTP, "rank-8", "rank-0", 9_1_-778_651
Link, 0, MPI_LINK, 0.007020, 0.008237, 0.001217, PTP, "rank-16", "rank-0", 17_1_-778_657
Link, 0, MPI_LINK, 0.006956, 0.008237, 0.001281, PTP, "rank-32", "rank-0", 33_1_-778_642
Link, 0, MPI_LINK, 0.007068, 0.008237, 0.001169, PTP, "rank-64", "rank-0", 65_1_-778_660
Link, 0, MPI_LINK, 0.008075, 0.008237, 0.000162, PTP, "rank-96", "rank-0", 97_1_-778_738
Link, 0, MPI_LINK, 0.006525, 0.008237, 0.001712, PTP, "rank-48", "rank-0", 49_1_-778_386
Link, 0, MPI_LINK, 0.006533, 0.008237, 0.001704, PTP, "rank-80", "rank-0", 81_1_-778_451
Link, 0, MPI_LINK, 0.007385, 0.008237, 0.000852, PTP, "rank-24", "rank-0", 25_1_-778_682
Link, 0, MPI_LINK, 0.006556, 0.008237, 0.001681, PTP, "rank-40", "rank-0", 41_1_-778_565
Link, 0, MPI_LINK, 0.006533, 0.008237, 0.001704, PTP, "rank-72", "rank-0", 73_1_-778_450
Link, 0, MPI_LINK, 0.007487, 0.008237, 0.000750, PTP, "rank-12", "rank-0", 13_1_-778_702
Link, 0, MPI_LINK, 0.006723, 0.008237, 0.001514, PTP, "rank-20", "rank-0", 21_1_-778_618
Link, 0, MPI_LINK, 0.006739, 0.008237, 0.001498, PTP, "rank-36", "rank-0", 37_1_-778_624
Link, 0, MPI_LINK, 0.007381, 0.008237, 0.000856, PTP, "rank-68", "rank-0", 69_1_-778_674
Link, 0, MPI_LINK, 0.007937, 0.008237, 0.000300, PTP, "rank-6", "rank-0", 7_1_-778_729
Link, 0, MPI_LINK, 0.007912, 0.008237, 0.000325, PTP, "rank-10", "rank-0", 11_1_-778_718
Link, 0, MPI_LINK, 0.006745, 0.008237, 0.001492, PTP, "rank-18", "rank-0", 19_1_-778_627
Link, 0, MPI_LINK, 0.006730, 0.008237, 0.001507, PTP, "rank-34", "rank-0", 35_1_-778_621
Link, 0, MPI_LINK, 0.007455, 0.008237, 0.000782, PTP, "rank-66", "rank-0", 67_1_-778_699
Link, 0, MPI_LINK, 0.007548, 0.008237, 0.000689, PTP, "rank-3", "rank-0", 4_1_-778_705
Link, 0, MPI_LINK, 0.007566, 0.008237, 0.000671, PTP, "rank-5", "rank-0", 6_1_-778_708
Link, 0, MPI_LINK, 0.007395, 0.008237, 0.000842, PTP, "rank-9", "rank-0", 10_1_-778_690
Link, 0, MPI_LINK, 0.007394, 0.008237, 0.000843, PTP, "rank-17", "rank-0", 18_1_-778_689
Link, 0, MPI_LINK, 0.007921, 0.008237, 0.000316, PTP, "rank-33", "rank-0", 34_1_-778_726
Link, 0, MPI_LINK, 0.007916, 0.008237, 0.000321, PTP, "rank-65", "rank-0", 66_1_-778_721
Link, 0, MPI_LINK, 0.006549, 0.008237, 0.001688, PTP, "rank-112", "rank-0", 113_1_-778_554
Link, 0, MPI_LINK, 0.006699, 0.008237, 0.001538, PTP, "rank-56", "rank-0", 57_1_-778_615
Link, 0, MPI_LINK, 0.006694, 0.008237, 0.001543, PTP, "rank-88", "rank-0", 89_1_-778_612
Link, 0, MPI_LINK, 0.006539, 0.008237, 0.001698, PTP, "rank-104", "rank-0", 105_1_-778_502
Link, 0, MPI_LINK, 0.006540, 0.008237, 0.001697, PTP, "rank-28", "rank-0", 29_1_-778_512
Link, 0, MPI_LINK, 0.006535, 0.008237, 0.001702, PTP, "rank-44", "rank-0", 45_1_-778_467
Link, 0, MPI_LINK, 0.007014, 0.008237, 0.001223, PTP, "rank-52", "rank-0", 53_1_-778_654
Link, 0, MPI_LINK, 0.007000, 0.008237, 0.001237, PTP, "rank-76", "rank-0", 77_1_-778_647
Link, 0, MPI_LINK, 0.006532, 0.008237, 0.001705, PTP, "rank-84", "rank-0", 85_1_-778_438
Link, 0, MPI_LINK, 0.006547, 0.008237, 0.001690, PTP, "rank-100", "rank-0", 101_1_-778_548
Link, 0, MPI_LINK, 0.007386, 0.008237, 0.000851, PTP, "rank-14", "rank-0", 15_1_-778_683
Link, 0, MPI_LINK, 0.007375, 0.008237, 0.000862, PTP, "rank-22", "rank-0", 23_1_-778_669
Link, 0, MPI_LINK, 0.006538, 0.008237, 0.001699, PTP, "rank-26", "rank-0", 27_1_-778_484
Link, 0, MPI_LINK, 0.007385, 0.008237, 0.000852, PTP, "rank-38", "rank-0", 39_1_-778_681
Link, 0, MPI_LINK, 0.006532, 0.008237, 0.001705, PTP, "rank-42", "rank-0", 43_1_-778_433
Link, 0, MPI_LINK, 0.006899, 0.008237, 0.001338, PTP, "rank-50", "rank-0", 51_1_-778_630
Link, 0, MPI_LINK, 0.007408, 0.008237, 0.000829, PTP, "rank-70", "rank-0", 71_1_-778_696
Link, 0, MPI_LINK, 0.006920, 0.008237, 0.001317, PTP, "rank-74", "rank-0", 75_1_-778_634
Link, 0, MPI_LINK, 0.006535, 0.008237, 0.001702, PTP, "rank-82", "rank-0", 83_1_-778_466
Link, 0, MPI_LINK, 0.006543, 0.008237, 0.001694, PTP, "rank-98", "rank-0", 99_1_-778_535
Link, 0, MPI_LINK, 0.008049, 0.008237, 0.000188, PTP, "rank-7", "rank-0", 8_1_-778_735
Link, 0, MPI_LINK, 0.007947, 0.008237, 0.000290, PTP, "rank-11", "rank-0", 12_1_-778_732
Link, 0, MPI_LINK, 0.008230, 0.008237, 0.000007, PTP, "rank-13", "rank-0", 14_1_-778_759
Link, 0, MPI_LINK, 0.007917, 0.008237, 0.000320, PTP, "rank-19", "rank-0", 20_1_-778_724
Link, 0, MPI_LINK, 0.008209, 0.008237, 0.000028, PTP, "rank-21", "rank-0", 22_1_-778_753
Link, 0, MPI_LINK, 0.008149, 0.008237, 0.000088, PTP, "rank-25", "rank-0", 26_1_-778_747
Link, 0, MPI_LINK, 0.008227, 0.008237, 0.000010, PTP, "rank-35", "rank-0", 36_1_-778_757
Link, 0, MPI_LINK, 0.008161, 0.008237, 0.000076, PTP, "rank-37", "rank-0", 38_1_-778_750
Link, 0, MPI_LINK, 0.008147, 0.008237, 0.000090, PTP, "rank-41", "rank-0", 42_1_-778_745
Link, 0, MPI_LINK, 0.007830, 0.008237, 0.000407, PTP, "rank-49", "rank-0", 50_1_-778_714
Link, 0, MPI_LINK, 0.008235, 0.008237, 0.000002, PTP, "rank-67", "rank-0", 68_1_-778_762
Link, 0, MPI_LINK, 0.008141, 0.008237, 0.000096, PTP, "rank-69", "rank-0", 70_1_-778_741
Link, 0, MPI_LINK, 0.007821, 0.008237, 0.000416, PTP, "rank-73", "rank-0", 74_1_-778_711
Link, 0, MPI_LINK, 0.007406, 0.008237, 0.000831, PTP, "rank-81", "rank-0", 82_1_-778_695
Link, 0, MPI_LINK, 0.007386, 0.008237, 0.000851, PTP, "rank-97", "rank-0", 98_1_-778_684
Link, 0, MPI_LINK, 0.006922, 0.008238, 0.001316, PTP, "rank-120", "rank-0", 121_1_-778_636
Link, 0, MPI_LINK, 0.006583, 0.008238, 0.001655, PTP, "rank-60", "rank-0", 61_1_-778_589
Link, 0, MPI_LINK, 0.006591, 0.008238, 0.001647, PTP, "rank-92", "rank-0", 93_1_-778_597
Link, 0, MPI_LINK, 0.006529, 0.008238, 0.001709, PTP, "rank-108", "rank-0", 109_1_-778_401
Link, 0, MPI_LINK, 0.006533, 0.008238, 0.001705, PTP, "rank-116", "rank-0", 117_1_-778_443
Link, 0, MPI_LINK, 0.006565, 0.008238, 0.001673, PTP, "rank-30", "rank-0", 31_1_-778_573
Link, 0, MPI_LINK, 0.006628, 0.008238, 0.001610, PTP, "rank-46", "rank-0", 47_1_-778_605
Link, 0, MPI_LINK, 0.006585, 0.008238, 0.001653, PTP, "rank-54", "rank-0", 55_1_-778_593
Link, 0, MPI_LINK, 0.006585, 0.008238, 0.001653, PTP, "rank-58", "rank-0", 59_1_-778_592
Link, 0, MPI_LINK, 0.006581, 0.008238, 0.001657, PTP, "rank-78", "rank-0", 79_1_-778_587
Link, 0, MPI_LINK, 0.006573, 0.008238, 0.001665, PTP, "rank-86", "rank-0", 87_1_-778_578
Link, 0, MPI_LINK, 0.006586, 0.008238, 0.001652, PTP, "rank-90", "rank-0", 91_1_-778_594
Link, 0, MPI_LINK, 0.006551, 0.008238, 0.001687, PTP, "rank-102", "rank-0", 103_1_-778_560
Link, 0, MPI_LINK, 0.006616, 0.008238, 0.001622, PTP, "rank-106", "rank-0", 107_1_-778_600
Link, 0, MPI_LINK, 0.006577, 0.008238, 0.001661, PTP, "rank-114", "rank-0", 115_1_-778_582
Link, 0, MPI_LINK, 0.006531, 0.008238, 0.001707, PTP, "rank-15", "rank-0", 16_1_-778_421
Link, 0, MPI_LINK, 0.006529, 0.008238, 0.001709, PTP, "rank-23", "rank-0", 24_1_-778_403
Link, 0, MPI_LINK, 0.006532, 0.008238, 0.001706, PTP, "rank-27", "rank-0", 28_1_-778_435
Link, 0, MPI_LINK, 0.006540, 0.008238, 0.001698, PTP, "rank-29", "rank-0", 30_1_-778_515
Link, 0, MPI_LINK, 0.006553, 0.008238, 0.001685, PTP, "rank-39", "rank-0", 40_1_-778_561
Link, 0, MPI_LINK, 0.006543, 0.008238, 0.001695, PTP, "rank-43", "rank-0", 44_1_-778_534
Link, 0, MPI_LINK, 0.006536, 0.008238, 0.001702, PTP, "rank-45", "rank-0", 46_1_-778_480
Link, 0, MPI_LINK, 0.006630, 0.008238, 0.001608, PTP, "rank-51", "rank-0", 52_1_-778_608
Link, 0, MPI_LINK, 0.006539, 0.008238, 0.001699, PTP, "rank-53", "rank-0", 54_1_-778_505
Link, 0, MPI_LINK, 0.006538, 0.008238, 0.001700, PTP, "rank-57", "rank-0", 58_1_-778_491
Link, 0, MPI_LINK, 0.006542, 0.008238, 0.001696, PTP, "rank-71", "rank-0", 72_1_-778_527
Link, 0, MPI_LINK, 0.006630, 0.008238, 0.001608, PTP, "rank-75", "rank-0", 76_1_-778_609
Link, 0, MPI_LINK, 0.006543, 0.008238, 0.001695, PTP, "rank-77", "rank-0", 78_1_-778_539
Link, 0, MPI_LINK, 0.006540, 0.008238, 0.001698, PTP, "rank-83", "rank-0", 84_1_-778_516
Link, 0, MPI_LINK, 0.006531, 0.008238, 0.001707, PTP, "rank-85", "rank-0", 86_1_-778_426
Link, 0, MPI_LINK, 0.006542, 0.008238, 0.001696, PTP, "rank-89", "rank-0", 90_1_-778_528
Link, 0, MPI_LINK, 0.006543, 0.008238, 0.001695, PTP, "rank-99", "rank-0", 100_1_-778_540
Link, 0, MPI_LINK, 0.006531, 0.008238, 0.001707, PTP, "rank-101", "rank-0", 102_1_-778_425
Link, 0, MPI_LINK, 0.006542, 0.008238, 0.001696, PTP, "rank-105", "rank-0", 106_1_-778_529
Link, 0, MPI_LINK, 0.006553, 0.008238, 0.001685, PTP, "rank-113", "rank-0", 114_1_-778_562
Link, 0, MPI_LINK, 0.006533, 0.008238, 0.001705, PTP, "rank-124", "rank-0", 125_1_-778_445
Link, 0, MPI_LINK, 0.006543, 0.008238, 0.001695, PTP, "rank-62", "rank-0", 63_1_-778_537
Link, 0, MPI_LINK, 0.006543, 0.008238, 0.001695, PTP, "rank-94", "rank-0", 95_1_-778_536
Link, 0, MPI_LINK, 0.006531, 0.008238, 0.001707, PTP, "rank-110", "rank-0", 111_1_-778_420
Link, 0, MPI_LINK, 0.006542, 0.008238, 0.001696, PTP, "rank-118", "rank-0", 119_1_-778_526
Link, 0, MPI_LINK, 0.006562, 0.008238, 0.001676, PTP, "rank-122", "rank-0", 123_1_-778_571
Link, 0, MPI_LINK, 0.006936, 0.008238, 0.001302, PTP, "rank-31", "rank-0", 32_1_-778_639
Link, 0, MPI_LINK, 0.006536, 0.008238, 0.001702, PTP, "rank-47", "rank-0", 48_1_-778_475
Link, 0, MPI_LINK, 0.006550, 0.008238, 0.001688, PTP, "rank-55", "rank-0", 56_1_-778_555
Link, 0, MPI_LINK, 0.006534, 0.008238, 0.001704, PTP, "rank-59", "rank-0", 60_1_-778_460
Link, 0, MPI_LINK, 0.006543, 0.008238, 0.001695, PTP, "rank-61", "rank-0", 62_1_-778_538
Link, 0, MPI_LINK, 0.006559, 0.008238, 0.001679, PTP, "rank-79", "rank-0", 80_1_-778_568
Link, 0, MPI_LINK, 0.006531, 0.008238, 0.001707, PTP, "rank-87", "rank-0", 88_1_-778_417
Link, 0, MPI_LINK, 0.006534, 0.008238, 0.001704, PTP, "rank-91", "rank-0", 92_1_-778_458
Link, 0, MPI_LINK, 0.006534, 0.008238, 0.001704, PTP, "rank-93", "rank-0", 94_1_-778_457
Link, 0, MPI_LINK, 0.006535, 0.008238, 0.001703, PTP, "rank-103", "rank-0", 104_1_-778_470
Link, 0, MPI_LINK, 0.006540, 0.008238, 0.001698, PTP, "rank-107", "rank-0", 108_1_-778_507
Link, 0, MPI_LINK, 0.006540, 0.008238, 0.001698, PTP, "rank-109", "rank-0", 110_1_-778_509
Link, 0, MPI_LINK, 0.006542, 0.008238, 0.001696, PTP, "rank-115", "rank-0", 116_1_-778_531
Link, 0, MPI_LINK, 0.006538, 0.008238, 0.001700, PTP, "rank-117", "rank-0", 118_1_-778_495
Link, 0, MPI_LINK, 0.006535, 0.008238, 0.001703, PTP, "rank-121", "rank-0", 122_1_-778_469
Link, 0, MPI_LINK, 0.006546, 0.008238, 0.001692, PTP, "rank-126", "rank-0", 127_1_-778_547
Link, 0, MPI_LINK, 0.006540, 0.008238, 0.001698, PTP, "rank-63", "rank-0", 64_1_-778_517
Link, 0, MPI_LINK, 0.006534, 0.008238, 0.001704, PTP, "rank-95", "rank-0", 96_1_-778_463
Link, 0, MPI_LINK, 0.006533, 0.008238, 0.001705, PTP, "rank-111", "rank-0", 112_1_-778_453
Link, 0, MPI_LINK, 0.006535, 0.008238, 0.001703, PTP, "rank-119", "rank-0", 120_1_-778_473
Link, 0, MPI_LINK, 0.006544, 0.008238, 0.001694, PTP, "rank-123", "rank-0", 124_1_-778_544
Link, 0, MPI_LINK, 0.006543, 0.008238, 0.001695, PTP, "rank-125", "rank-0", 126_1_-778_541
Link, 0, MPI_LINK, 0.006531, 0.008238, 0.001707, PTP, "rank-127", "rank-0", 128_1_-778_428
Link, 0, MPI_LINK, 0.008238, 0.008238, 0.000000, PTP, "rank-0", "rank-1", 1_2_-778_763
Link, 0, MPI_LINK, 0.008238, 0.008238, 0.000000, PTP, "rank-0", "rank-2", 1_3_-778_764
Link, 0, MPI_LINK, 0.008238, 0.008238, 0.000000, PTP, "rank-0", "rank-4", 1_5_-778_766
Link, 0, MPI_LINK, 0.008238, 0.008238, 0.000000, PTP, "rank-0", "rank-8", 1_9_-778_770
Link, 0, MPI_LINK, 0.008238, 0.008238, 0.000000, PTP, "rank-0", "rank-16", 1_17_-778_778
Link, 0, MPI_LINK, 0.008238, 0.008238, 0.000000, PTP, "rank-0", "rank-32", 1_33_-778_794
Link, 0, MPI_LINK, 0.008238, 0.008238, 0.000000, PTP, "rank-0", "rank-64", 1_65_-778_826
Link, 0, MPI_LINK, 0.008238, 0.008239, 0.000001, PTP, "rank-0", "rank-96", 1_97_-778_858
Link, 0, MPI_LINK, 0.008238, 0.008239, 0.000001, PTP, "rank-0", "rank-80", 1_81_-778_842
Link, 0, MPI_LINK, 0.008238, 0.008239, 0.000001, PTP, "rank-0", "rank-48", 1_49_-778_810
Link, 0, MPI_LINK, 0.008238, 0.008239, 0.000001, PTP, "rank-0", "rank-72", 1_73_-778_834
Link, 0, MPI_LINK, 0.008238, 0.008239, 0.000001, PTP, "rank-0", "rank-40", 1_41_-778_802
Link, 0, MPI_LINK, 0.008238, 0.008239, 0.000001, PTP, "rank-0", "rank-24", 1_25_-778_786
Link, 0, MPI_LINK, 0.008238, 0.008239, 0.000001, PTP, "rank-0", "rank-68", 1_69_-778_830
Link, 0, MPI_LINK, 0.008238, 0.008239, 0.000001, PTP, "rank-0", "rank-36", 1_37_-778_798
Link, 0, MPI_LINK, 0.008238, 0.008239, 0.000001, PTP, "rank-0", "rank-20", 1_21_-778_782
Link, 0, MPI_LINK, 0.008238, 0.008239, 0.000001, PTP, "rank-0", "rank-12", 1_13_-778_774
Link, 0, MPI_LINK, 0.008238, 0.008239, 0.000001, PTP, "rank-0", "rank-66", 1_67_-778_828
Link, 0, MPI_LINK, 0.008238, 0.008239, 0.000001, PTP, "rank-0", "rank-34", 1_35_-778_796
Link, 0, MPI_LINK, 0.008238, 0.008239, 0.000001, PTP, "rank-0", "rank-18", 1_19_-778_780
Link, 0, MPI_LINK, 0.008238, 0.008239, 0.000001, PTP, "rank-0", "rank-10", 1_11_-778_772
Link, 0, MPI_LINK, 0.008238, 0.008239, 0.000001, PTP, "rank-0", "rank-6", 1_7_-778_768
Link, 0, MPI_LINK, 0.008238, 0.008239, 0.000001, PTP, "rank-0", "rank-65", 1_66_-778_827
Link, 0, MPI_LINK, 0.008238, 0.008239, 0.000001, PTP, "rank-0", "rank-33", 1_34_-778_795
Link, 0, MPI_LINK, 0.008238, 0.008239, 0.000001, PTP, "rank-0", "rank-17", 1_18_-778_779
Link, 0, MPI_LINK, 0.008238, 0.008239, 0.000001, PTP, "rank-0", "rank-9", 1_10_-778_771
Link, 0, MPI_LINK, 0.008238, 0.008239, 0.000001, PTP, "rank-0", "rank-5", 1_6_-778_767
Link, 0, MPI_LINK, 0.008238, 0.008239, 0.000001, PTP, "rank-0", "rank-3", 1_4_-778_765
Link, 0, MPI_LINK, 0.008238, 0.008239, 0.000001, PTP, "rank-0", "rank-112", 1_113_-778_874
Link, 0, MPI_LINK, 0.008238, 0.008239, 0.000001, PTP, "rank-0", "rank-104", 1_105_-778_866
Link, 0, MPI_LINK, 0.008238, 0.008239, 0.000001, PTP, "rank-0", "rank-88", 1_89_-778_850
Link, 0, MPI_LINK, 0.008238, 0.008239, 0.000001, PTP, "rank-0", "rank-56", 1_57_-778_818
Link, 0, MPI_LINK, 0.008238, 0.008239, 0.000001, PTP, "rank-0", "rank-100", 1_101_-778_862
Link, 0, MPI_LINK, 0.008238, 0.008239, 0.000001, PTP, "rank-0", "rank-84", 1_85_-778_846
Link, 0, MPI_LINK, 0.008238, 0.008239, 0.000001, PTP, "rank-0", "rank-76", 1_77_-778_838
Link, 0, MPI_LINK, 0.008238, 0.008239, 0.000001, PTP, "rank-0", "rank-52", 1_53_-778_814
Link, 0, MPI_LINK, 0.008238, 0.008239, 0.000001, PTP, "rank-0", "rank-44", 1_45_-778_806
Link, 0, MPI_LINK, 0.008238, 0.008239, 0.000001, PTP, "rank-0", "rank-28", 1_29_-778_790
Link, 0, MPI_LINK, 0.008238, 0.008239, 0.000001, PTP, "rank-0", "rank-98", 1_99_-778_860
Link, 0, MPI_LINK, 0.008238, 0.008239, 0.000001, PTP, "rank-0", "rank-82", 1_83_-778_844
Link, 0, MPI_LINK, 0.008238, 0.008239, 0.000001, PTP, "rank-0", "rank-74", 1_75_-778_836
Link, 0, MPI_LINK, 0.008238, 0.008239, 0.000001, PTP, "rank-0", "rank-70", 1_71_-778_832
Link, 0, MPI_LINK, 0.008238, 0.008239, 0.000001, PTP, "rank-0", "rank-50", 1_51_-778_812
Link, 0, MPI_LINK, 0.008238, 0.008239, 0.000001, PTP, "rank-0", "rank-42", 1_43_-778_804
Link, 0, MPI_LINK, 0.008238, 0.008239, 0.000001, PTP, "rank-0", "rank-38", 1_39_-778_800
Link, 0, MPI_LINK, 0.008238, 0.008239, 0.000001, PTP, "rank-0", "rank-26", 1_27_-778_788
Link, 0, MPI_LINK, 0.008238, 0.008239, 0.000001, PTP, "rank-0", "rank-22", 1_23_-778_784
Link, 0, MPI_LINK, 0.008238, 0.008239, 0.000001, PTP, "rank-0", "rank-14", 1_15_-778_776
Link, 0, MPI_LINK, 0.008238, 0.008239, 0.000001, PTP, "rank-0", "rank-97", 1_98_-778_859
Link, 0, MPI_LINK, 0.008238, 0.008239, 0.000001, PTP, "rank-0", "rank-81", 1_82_-778_843
Link, 0, MPI_LINK, 0.008238, 0.008239, 0.000001, PTP, "rank-0", "rank-73", 1_74_-778_835
Link, 0, MPI_LINK, 0.008238, 0.008239, 0.000001, PTP, "rank-0", "rank-69", 1_70_-778_831
Link, 0, MPI_LINK, 0.008238, 0.008239, 0.000001, PTP, "rank-0", "rank-67", 1_68_-778_829
Link, 0, MPI_LINK, 0.008238, 0.008239, 0.000001, PTP, "rank-0", "rank-49", 1_50_-778_811
Link, 0, MPI_LINK, 0.008238, 0.008239, 0.000001, PTP, "rank-0", "rank-41", 1_42_-778_803
Link, 0, MPI_LINK, 0.008238, 0.008239, 0.000001, PTP, "rank-0", "rank-37", 1_38_-778_799
Link, 0, MPI_LINK, 0.008238, 0.008239, 0.000001, PTP, "rank-0", "rank-35", 1_36_-778_797
Link, 0, MPI_LINK, 0.008238, 0.008239, 0.000001, PTP, "rank-0", "rank-25", 1_26_-778_787
Link, 0, MPI_LINK, 0.008238, 0.008239, 0.000001, PTP, "rank-0", "rank-21", 1_22_-778_783
Link, 0, MPI_LINK, 0.008238, 0.008239, 0.000001, PTP, "rank-0", "rank-19", 1_20_-778_781
Link, 0, MPI_LINK, 0.008238, 0.008239, 0.000001, PTP, "rank-0", "rank-13", 1_14_-778_775
Link, 0, MPI_LINK, 0.008238, 0.008239, 0.000001, PTP, "rank-0", "rank-11", 1_12_-778_773
Link, 0, MPI_LINK, 0.008238, 0.008239, 0.000001, PTP, "rank-0", "rank-7", 1_8_-778_769
Link, 0, MPI_LINK, 0.008238, 0.008239, 0.000001, PTP, "rank-0", "rank-120", 1_121_-778_882
Link, 0, MPI_LINK, 0.008238, 0.008239, 0.000001, PTP, "rank-0", "rank-116", 1_117_-778_878
Link, 0, MPI_LINK, 0.008238, 0.008239, 0.000001, PTP, "rank-0", "rank-108", 1_109_-778_870
Link, 0, MPI_LINK, 0.008238, 0.008239, 0.000001, PTP, "rank-0", "rank-92", 1_93_-778_854
Link, 0, MPI_LINK, 0.008238, 0.008239, 0.000001, PTP, "rank-0", "rank-60", 1_61_-778_822
Link, 0, MPI_LINK, 0.008238, 0.008239, 0.000001, PTP, "rank-0", "rank-114", 1_115_-778_876
Link, 0, MPI_LINK, 0.008238, 0.008239, 0.000001, PTP, "rank-0", "rank-106", 1_107_-778_868
Link, 0, MPI_LINK, 0.008238, 0.008239, 0.000001, PTP, "rank-0", "rank-102", 1_103_-778_864
Link, 0, MPI_LINK, 0.008238, 0.008239, 0.000001, PTP, "rank-0", "rank-90", 1_91_-778_852
Link, 0, MPI_LINK, 0.008238, 0.008239, 0.000001, PTP, "rank-0", "rank-86", 1_87_-778_848
Link, 0, MPI_LINK, 0.008238, 0.008239, 0.000001, PTP, "rank-0", "rank-78", 1_79_-778_840
Link, 0, MPI_LINK, 0.008238, 0.008239, 0.000001, PTP, "rank-0", "rank-58", 1_59_-778_820
Link, 0, MPI_LINK, 0.008238, 0.008239, 0.000001, PTP, "rank-0", "rank-54", 1_55_-778_816
Link, 0, MPI_LINK, 0.008238, 0.008239, 0.000001, PTP, "rank-0", "rank-46", 1_47_-778_808
Link, 0, MPI_LINK, 0.008238, 0.008239, 0.000001, PTP, "rank-0", "rank-30", 1_31_-778_792
Link, 0, MPI_LINK, 0.008238, 0.008239, 0.000001, PTP, "rank-0", "rank-113", 1_114_-778_875
Link, 0, MPI_LINK, 0.008238, 0.008239, 0.000001, PTP, "rank-0", "rank-105", 1_106_-778_867
Link, 0, MPI_LINK, 0.008238, 0.008239, 0.000001, PTP, "rank-0", "rank-101", 1_102_-778_863
Link, 0, MPI_LINK, 0.008238, 0.008239, 0.000001, PTP, "rank-0", "rank-99", 1_100_-778_861
Link, 0, MPI_LINK, 0.008238, 0.008239, 0.000001, PTP, "rank-0", "rank-89", 1_90_-778_851
Link, 0, MPI_LINK, 0.008238, 0.008239, 0.000001, PTP, "rank-0", "rank-85", 1_86_-778_847
Link, 0, MPI_LINK, 0.008238, 0.008239, 0.000001, PTP, "rank-0", "rank-83", 1_84_-778_845
Link, 0, MPI_LINK, 0.008238, 0.008239, 0.000001, PTP, "rank-0", "rank-77", 1_78_-778_839
Link, 0, MPI_LINK, 0.008238, 0.008239, 0.000001, PTP, "rank-0", "rank-75", 1_76_-778_837
Link, 0, MPI_LINK, 0.008238, 0.008239, 0.000001, PTP, "rank-0", "rank-71", 1_72_-778_833
Link, 0, MPI_LINK, 0.008238, 0.008239, 0.000001, PTP, "rank-0", "rank-57", 1_58_-778_819
Link, 0, MPI_LINK, 0.008238, 0.008239, 0.000001, PTP, "rank-0", "rank-53", 1_54_-778_815
Link, 0, MPI_LINK, 0.008238, 0.008239, 0.000001, PTP, "rank-0", "rank-51", 1_52_-778_813
Link, 0, MPI_LINK, 0.008238, 0.008239, 0.000001, PTP, "rank-0", "rank-45", 1_46_-778_807
Link, 0, MPI_LINK, 0.008238, 0.008239, 0.000001, PTP, "rank-0", "rank-43", 1_44_-778_805
Link, 0, MPI_LINK, 0.008238, 0.008239, 0.000001, PTP, "rank-0", "rank-39", 1_40_-778_801
Link, 0, MPI_LINK, 0.008238, 0.008239, 0.000001, PTP, "rank-0", "rank-29", 1_30_-778_791
Link, 0, MPI_LINK, 0.008238, 0.008239, 0.000001, PTP, "rank-0", "rank-27", 1_28_-778_789
Link, 0, MPI_LINK, 0.008238, 0.008239, 0.000001, PTP, "rank-0", "rank-23", 1_24_-778_785
Link, 0, MPI_LINK, 0.008238, 0.008239, 0.000001, PTP, "rank-0", "rank-15", 1_16_-778_777
Link, 0, MPI_LINK, 0.008238, 0.008239, 0.000001, PTP, "rank-0", "rank-124", 1_125_-778_886
Link, 0, MPI_LINK, 0.008238, 0.008239, 0.000001, PTP, "rank-0", "rank-122", 1_123_-778_884
Link, 0, MPI_LINK, 0.008238, 0.008239, 0.000001, PTP, "rank-0", "rank-118", 1_119_-778_880
Link, 0, MPI_LINK, 0.008238, 0.008239, 0.000001, PTP, "rank-0", "rank-110", 1_111_-778_872
Link, 0, MPI_LINK, 0.008238, 0.008239, 0.000001, PTP, "rank-0", "rank-94", 1_95_-778_856
Link, 0, MPI_LINK, 0.008238, 0.008239, 0.000001, PTP, "rank-0", "rank-62", 1_63_-778_824
Link, 0, MPI_LINK, 0.008238, 0.008239, 0.000001, PTP, "rank-0", "rank-121", 1_122_-778_883
Link, 0, MPI_LINK, 0.008238, 0.008239, 0.000001, PTP, "rank-0", "rank-117", 1_118_-778_879
Link, 0, MPI_LINK, 0.008238, 0.008239, 0.000001, PTP, "rank-0", "rank-115", 1_116_-778_877
Link, 0, MPI_LINK, 0.008238, 0.008239, 0.000001, PTP, "rank-0", "rank-109", 1_110_-778_871
Link, 0, MPI_LINK, 0.008238, 0.008239, 0.000001, PTP, "rank-0", "rank-107", 1_108_-778_869
Link, 0, MPI_LINK, 0.008238, 0.008239, 0.000001, PTP, "rank-0", "rank-103", 1_104_-778_865
Link, 0, MPI_LINK, 0.008238, 0.008239, 0.000001, PTP, "rank-0", "rank-93", 1_94_-778_855
Link, 0, MPI_LINK, 0.008238, 0.008239, 0.000001, PTP, "rank-0", "rank-91", 1_92_-778_853
Link, 0, MPI_LINK, 0.008238, 0.008239, 0.000001, PTP, "rank-0", "rank-87", 1_88_-778_849
Link, 0, MPI_LINK, 0.008238, 0.008239, 0.000001, PTP, "rank-0", "rank-79", 1_80_-778_841
Link, 0, MPI_LINK, 0.008238, 0.008239, 0.000001, PTP, "rank-0", "rank-61", 1_62_-778_823
Link, 0, MPI_LINK, 0.008238, 0.008239, 0.000001, PTP, "rank-0", "rank-59", 1_60_-778_821
Link, 0, MPI_LINK, 0.008238, 0.008239, 0.000001, PTP, "rank-0", "rank-55", 1_56_-778_817
Link, 0, MPI_LINK, 0.008238, 0.008239, 0.000001, PTP, "rank-0", "rank-47", 1_48_-778_809
Link, 0, MPI_LINK, 0.008238, 0.008239, 0.000001, PTP, "rank-0", "rank-31", 1_32_-778_793
Link, 0, MPI_LINK, 0.008238, 0.008239, 0.000001, PTP, "rank-0", "rank-126", 1_127_-778_888
Link, 0, MPI_LINK, 0.008238, 0.008239, 0.000001, PTP, "rank-0", "rank-125", 1_126_-778_887
Link, 0, MPI_LINK, 0.008238, 0.008239, 0.000001, PTP, "rank-0", "rank-123", 1_124_-778_885
Link, 0, MPI_LINK, 0.008238, 0.008239, 0.000001, PTP, "rank-0", "rank-119", 1_120_-778_881
Link, 0, MPI_LINK, 0.008238, 0.008239, 0.000001, PTP, "rank-0", "rank-111", 1_112_-778_873
Link, 0, MPI_LINK, 0.008238, 0.008239, 0.000001, PTP, "rank-0", "rank-95", 1_96_-778_857
Link, 0, MPI_LINK, 0.008238, 0.008239, 0.000001, PTP, "rank-0", "rank-63", 1_64_-778_825
Link, 0, MPI_LINK, 0.008238, 0.008240, 0.000002, PTP, "rank-0", "rank-127", 1_128_-778_889
Container, 0, MPI, 0, 0.008241, 0.008241, "rank-98"
State, "rank-98", MPI_STATE, 0.000000, 0.000000, 0.000000, 0.000000, PMPI_Init
State, "rank-98", MPI_STATE, 0.000108, 0.000847, 0.000739, 0.000000, PMPI_Barrier
State, "rank-98", MPI_STATE, 0.000873, 0.003543, 0.002670, 0.000000, PMPI_Recv
State, "rank-98", MPI_STATE, 0.006538, 0.006538, 0.000000, 0.000000, PMPI_Reduce
State, "rank-98", MPI_STATE, 0.006541, 0.006541, 0.000000, 0.000000, PMPI_Reduce
State, "rank-98", MPI_STATE, 0.006543, 0.008239, 0.001696, 0.000000, PMPI_Barrier
State, "rank-98", MPI_STATE, 0.008241, 0.008241, 0.000000, 0.000000, PMPI_Finalize
Container, 0, MPI, 0, 0.008242, 0.008242, "rank-97"
State, "rank-97", MPI_STATE, 0.000000, 0.000000, 0.000000, 0.000000, PMPI_Init
State, "rank-97", MPI_STATE, 0.000104, 0.000847, 0.000743, 0.000000, PMPI_Barrier
State, "rank-97", MPI_STATE, 0.000873, 0.004378, 0.003505, 0.000000, PMPI_Recv
State, "rank-97", MPI_STATE, 0.007382, 0.007382, 0.000000, 0.000000, PMPI_Reduce
State, "rank-97", MPI_STATE, 0.007385, 0.007385, 0.000000, 0.000000, PMPI_Reduce
State, "rank-97", MPI_STATE, 0.007386, 0.008239, 0.000853, 0.000000, PMPI_Barrier
State, "rank-97", MPI_STATE, 0.008242, 0.008242, 0.000000, 0.000000, PMPI_Finalize
Container, 0, MPI, 0, 0.008241, 0.008241, "rank-96"
State, "rank-96", MPI_STATE, 0.000000, 0.000000, 0.000000, 0.000000, PMPI_Init
State, "rank-96", MPI_STATE, 0.000101, 0.000847, 0.000746, 0.000000, PMPI_Barrier
State, "rank-96", MPI_STATE, 0.000873, 0.002780, 0.001907, 0.000000, PMPI_Recv
State, "rank-96", MPI_STATE, 0.002783, 0.004542, 0.001759, 0.000000, PMPI_Send
State, "rank-96", MPI_STATE, 0.004545, 0.005051, 0.000506, 0.000000, PMPI_Send
State, "rank-96", MPI_STATE, 0.008070, 0.008070, 0.000000, 0.000000, PMPI_Reduce
State, "rank-96", MPI_STATE, 0.008072, 0.008072, 0.000000, 0.000000, PMPI_Reduce
State, "rank-96", MPI_STATE, 0.008075, 0.008239, 0.000164, 0.000000, PMPI_Barrier
State, "rank-96", MPI_STATE, 0.008241, 0.008241, 0.000000, 0.000000, PMPI_Finalize
Container, 0, MPI, 0, 0.008241, 0.008241, "rank-95"
State, "rank-95", MPI_STATE, 0.000000, 0.000000, 0.000000, 0.000000, PMPI_Init
State, "rank-95", MPI_STATE, 0.000105, 0.000848, 0.000743, 0.000000, PMPI_Barrier
State, "rank-95", MPI_STATE, 0.000872, 0.003541, 0.002669, 0.000000, PMPI_Recv
State, "rank-95", MPI_STATE, 0.006531, 0.006531, 0.000000, 0.000000, PMPI_Reduce
State, "rank-95", MPI_STATE, 0.006533, 0.006533, 0.000000, 0.000000, PMPI_Reduce
State, "rank-95", MPI_STATE, 0.006534, 0.008239, 0.001705, 0.000000, PMPI_Barrier
State, "rank-95", MPI_STATE, 0.008241, 0.008241, 0.000000, 0.000000, PMPI_Finalize
Container, 0, MPI, 0, 0.008241, 0.008241, "rank-94"
State, "rank-94", MPI_STATE, 0.000000, 0.000000, 0.000000, 0.000000, PMPI_Init
State, "rank-94", MPI_STATE, 0.000104, 0.000847, 0.000743, 0.000000, PMPI_Barrier
State, "rank-94", MPI_STATE, 0.000873, 0.003547, 0.002674, 0.000000, PMPI_Recv
State, "rank-94", MPI_STATE, 0.006538, 0.006538, 0.000000, 0.000000, PMPI_Reduce
State, "rank-94", MPI_STATE, 0.006540, 0.006540, 0.000000, 0.000000, PMPI_Reduce
State, "rank-94", MPI_STATE, 0.006543, 0.008239, 0.001696, 0.000000, PMPI_Barrier
State, "rank-94", MPI_STATE, 0.008241, 0.008241, 0.000000, 0.000000, PMPI_Finalize
Container, 0, MPI, 0, 0.008241, 0.008241, "rank-93"
State, "rank-93", MPI_STATE, 0.000000, 0.000000, 0.000000, 0.000000, PMPI_Init
State, "rank-93", MPI_STATE, 0.000105, 0.000847, 0.000742, 0.000000, PMPI_Barrier
State, "rank-93", MPI_STATE, 0.000871, 0.003164, 0.002293, 0.000000, PMPI_Recv
State, "rank-93", MPI_STATE, 0.003169, 0.003546, 0.000377, 0.000000, PMPI_Send
State, "rank-93", MPI_STATE, 0.006529, 0.006529, 0.000000, 0.000000, PMPI_Reduce
State, "rank-93", MPI_STATE, 0.006532, 0.006532, 0.000000, 0.000000, PMPI_Reduce
State, "rank-93", MPI_STATE, 0.006534, 0.008239, 0.001705, 0.000000, PMPI_Barrier
State, "rank-93", MPI_STATE, 0.008241, 0.008241, 0.000000, 0.000000, PMPI_Finalize
Container, 0, MPI, 0, 0.008241, 0.008241, "rank-92"
State, "rank-92", MPI_STATE, 0.000000, 0.000000, 0.000000, 0.000000, PMPI_Init
State, "rank-92", MPI_STATE, 0.000104, 0.000847, 0.000743, 0.000000, PMPI_Barrier
State, "rank-92", MPI_STATE, 0.000874, 0.003554, 0.002680, 0.000000, PMPI_Recv
State, "rank-92", MPI_STATE, 0.006587, 0.006587, 0.000000, 0.000000, PMPI_Reduce
State, "rank-92", MPI_STATE, 0.006590, 0.006590, 0.000000, 0.000000, PMPI_Reduce
State, "rank-92", MPI_STATE, 0.006591, 0.008239, 0.001648, 0.000000, PMPI_Barrier
State, "rank-92", MPI_STATE, 0.008241, 0.008241, 0.000000, 0.000000, PMPI_Finalize
Container, 0, MPI, 0, 0.008241, 0.008241, "rank-91"
State, "rank-91", MPI_STATE, 0.000000, 0.000000, 0.000000, 0.000000, PMPI_Init
State, "rank-91", MPI_STATE, 0.000106, 0.000847, 0.000741, 0.000000, PMPI_Barrier
State, "rank-91", MPI_STATE, 0.000870, 0.003164, 0.002294, 0.000000, PMPI_Recv
State, "rank-91", MPI_STATE, 0.003166, 0.003543, 0.000377, 0.000000, PMPI_Send
State, "rank-91", MPI_STATE, 0.006531, 0.006531, 0.000000, 0.000000, PMPI_Reduce
State, "rank-91", MPI_STATE, 0.006533, 0.006533, 0.000000, 0.000000, PMPI_Reduce
State, "rank-91", MPI_STATE, 0.006534, 0.008239, 0.001705, 0.000000, PMPI_Barrier
State, "rank-91", MPI_STATE, 0.008241, 0.008241, 0.000000, 0.000000, PMPI_Finalize
Container, 0, MPI, 0, 0.008241, 0.008241, "rank-90"
State, "rank-90", MPI_STATE, 0.000000, 0.000000, 0.000000, 0.000000, PMPI_Init
State, "rank-90", MPI_STATE, 0.000107, 0.000847, 0.000740, 0.000000, PMPI_Barrier
State, "rank-90", MPI_STATE, 0.000872, 0.003552, 0.002680, 0.000000, PMPI_Recv
State, "rank-90", MPI_STATE, 0.006581, 0.006581, 0.000000, 0.000000, PMPI_Reduce
State, "rank-90", MPI_STATE, 0.006584, 0.006584, 0.000000, 0.000000, PMPI_Reduce
State, "rank-90", MPI_STATE, 0.006586, 0.008239, 0.001653, 0.000000, PMPI_Barrier
State, "rank-90", MPI_STATE, 0.008241, 0.008241, 0.000000, 0.000000, PMPI_Finalize
Container, 0, MPI, 0, 0.008241, 0.008241, "rank-89"
State, "rank-89", MPI_STATE, 0.000000, 0.000000, 0.000000, 0.000000, PMPI_Init
State, "rank-89", MPI_STATE, 0.000104, 0.000847, 0.000743, 0.000000, PMPI_Barrier
State, "rank-89", MPI_STATE, 0.000872, 0.003547, 0.002675, 0.000000, PMPI_Recv
State, "rank-89", MPI_STATE, 0.006538, 0.006538, 0.000000, 0.000000, PMPI_Reduce
State, "rank-89", MPI_STATE, 0.006540, 0.006540, 0.000000, 0.000000, PMPI_Reduce
State, "rank-89", MPI_STATE, 0.006542, 0.008239, 0.001697, 0.000000, PMPI_Barrier
State, "rank-89", MPI_STATE, 0.008241, 0.008241, 0.000000, 0.000000, PMPI_Finalize
Container, 0, MPI, 0, 0.00824, 0.00824, "rank-8"
State, "rank-8", MPI_STATE, 0.000000, 0.000000, 0.000000, 0.000000, PMPI_Init
State, "rank-8", MPI_STATE, 0.000094, 0.000847, 0.000753, 0.000000, PMPI_Barrier
State, "rank-8", MPI_STATE, 0.000875, 0.002960, 0.002085, 0.000000, PMPI_Recv
State, "rank-8", MPI_STATE, 0.002963, 0.003481, 0.000518, 0.000000, PMPI_Send
State, "rank-8", MPI_STATE, 0.003483, 0.003984, 0.000501, 0.000000, PMPI_Send
State, "rank-8", MPI_STATE, 0.007000, 0.007000, 0.000000, 0.000000, PMPI_Reduce
State, "rank-8", MPI_STATE, 0.007002, 0.007002, 0.000000, 0.000000, PMPI_Reduce
State, "rank-8", MPI_STATE, 0.007004, 0.008238, 0.001234, 0.000000, PMPI_Barrier
State, "rank-8", MPI_STATE, 0.008240, 0.008240, 0.000000, 0.000000, PMPI_Finalize
Container, 0, MPI, 0, 0.00824, 0.00824, "rank-88"
State, "rank-88", MPI_STATE, 0.000000, 0.000000, 0.000000, 0.000000, PMPI_Init
State, "rank-88", MPI_STATE, 0.000104, 0.000847, 0.000743, 0.000000, PMPI_Barrier
State, "rank-88", MPI_STATE, 0.000873, 0.003696, 0.002823, 0.000000, PMPI_Recv
State, "rank-88", MPI_STATE, 0.006690, 0.006690, 0.000000, 0.000000, PMPI_Reduce
State, "rank-88", MPI_STATE, 0.006692, 0.006692, 0.000000, 0.000000, PMPI_Reduce
State, "rank-88", MPI_STATE, 0.006694, 0.008239, 0.001545, 0.000000, PMPI_Barrier
State, "rank-88", MPI_STATE, 0.008240, 0.008240, 0.000000, 0.000000, PMPI_Finalize
Container, 0, MPI, 0, 0.008241, 0.008241, "rank-87"
State, "rank-87", MPI_STATE, 0.000000, 0.000000, 0.000000, 0.000000, PMPI_Init
State, "rank-87", MPI_STATE, 0.000103, 0.000847, 0.000744, 0.000000, PMPI_Barrier
State, "rank-87", MPI_STATE, 0.000872, 0.003540, 0.002668, 0.000000, PMPI_Recv
State, "rank-87", MPI_STATE, 0.006527, 0.006527, 0.000000, 0.000000, PMPI_Reduce
State, "rank-87", MPI_STATE, 0.006529, 0.006529, 0.000000, 0.000000, PMPI_Reduce
State, "rank-87", MPI_STATE, 0.006531, 0.008239, 0.001708, 0.000000, PMPI_Barrier
State, "rank-87", MPI_STATE, 0.008241, 0.008241, 0.000000, 0.000000, PMPI_Finalize
Container, 0, MPI, 0, 0.008241, 0.008241, "rank-86"
State, "rank-86", MPI_STATE, 0.000000, 0.000000, 0.000000, 0.000000, PMPI_Init
State, "rank-86", MPI_STATE, 0.000105, 0.000847, 0.000742, 0.000000, PMPI_Barrier
State, "rank-86", MPI_STATE, 0.000871, 0.002410, 0.001539, 0.000000, PMPI_Recv
State, "rank-86", MPI_STATE, 0.002413, 0.002792, 0.000379, 0.000000, PMPI_Send
State, "rank-86", MPI_STATE, 0.002794, 0.003173, 0.000379, 0.000000, PMPI_Send
State, "rank-86", MPI_STATE, 0.003174, 0.003551, 0.000377, 0.000000, PMPI_Send
State, "rank-86", MPI_STATE, 0.006569, 0.006569, 0.000000, 0.000000, PMPI_Reduce
State, "rank-86", MPI_STATE, 0.006572, 0.006572, 0.000000, 0.000000, PMPI_Reduce
State, "rank-86", MPI_STATE, 0.006573, 0.008239, 0.001666, 0.000000, PMPI_Barrier
State, "rank-86", MPI_STATE, 0.008241, 0.008241, 0.000000, 0.000000, PMPI_Finalize
Container, 0, MPI, 0, 0.008241, 0.008241, "rank-85"
State, "rank-85", MPI_STATE, 0.000000, 0.000000, 0.000000, 0.000000, PMPI_Init
State, "rank-85", MPI_STATE, 0.000106, 0.000847, 0.000741, 0.000000, PMPI_Barrier
State, "rank-85", MPI_STATE, 0.000872, 0.003164, 0.002292, 0.000000, PMPI_Recv
State, "rank-85", MPI_STATE, 0.003166, 0.003543, 0.000377, 0.000000, PMPI_Send
State, "rank-85", MPI_STATE, 0.006527, 0.006527, 0.000000, 0.000000, PMPI_Reduce
State, "rank-85", MPI_STATE, 0.006530, 0.006530, 0.000000, 0.000000, PMPI_Reduce
State, "rank-85", MPI_STATE, 0.006531, 0.008239, 0.001708, 0.000000, PMPI_Barrier
State, "rank-85", MPI_STATE, 0.008241, 0.008241, 0.000000, 0.000000, PMPI_Finalize
Container, 0, MPI, 0, 0.008241, 0.008241, "rank-84"
State, "rank-84", MPI_STATE, 0.000000, 0.000000, 0.000000, 0.000000, PMPI_Init
State, "rank-84", MPI_STATE, 0.000103, 0.000847, 0.000744, 0.000000, PMPI_Barrier
State, "rank-84", MPI_STATE, 0.000871, 0.003163, 0.002292, 0.000000, PMPI_Recv
State, "rank-84", MPI_STATE, 0.003165, 0.003542, 0.000377, 0.000000, PMPI_Send
State, "rank-84", MPI_STATE, 0.006528, 0.006528, 0.000000, 0.000000, PMPI_Reduce
State, "rank-84", MPI_STATE, 0.006530, 0.006530, 0.000000, 0.000000, PMPI_Reduce
State, "rank-84", MPI_STATE, 0.006532, 0.008239, 0.001707, 0.000000, PMPI_Barrier
State, "rank-84", MPI_STATE, 0.008241, 0.008241, 0.000000, 0.000000, PMPI_Finalize
Container, 0, MPI, 0, 0.008241, 0.008241, "rank-83"
State, "rank-83", MPI_STATE, 0.000000, 0.000000, 0.000000, 0.000000, PMPI_Init
State, "rank-83", MPI_STATE, 0.000104, 0.000847, 0.000743, 0.000000, PMPI_Barrier
State, "rank-83", MPI_STATE, 0.000871, 0.002403, 0.001532, 0.000000, PMPI_Recv
State, "rank-83", MPI_STATE, 0.002406, 0.002785, 0.000379, 0.000000, PMPI_Send
State, "rank-83", MPI_STATE, 0.002786, 0.003166, 0.000380, 0.000000, PMPI_Send
State, "rank-83", MPI_STATE, 0.003167, 0.003543, 0.000376, 0.000000, PMPI_Send
State, "rank-83", MPI_STATE, 0.006536, 0.006536, 0.000000, 0.000000, PMPI_Reduce
State, "rank-83", MPI_STATE, 0.006538, 0.006538, 0.000000, 0.000000, PMPI_Reduce
State, "rank-83", MPI_STATE, 0.006540, 0.008239, 0.001699, 0.000000, PMPI_Barrier
State, "rank-83", MPI_STATE, 0.008241, 0.008241, 0.000000, 0.000000, PMPI_Finalize
Container, 0, MPI, 0, 0.008241, 0.008241, "rank-82"
State, "rank-82", MPI_STATE, 0.000000, 0.000000, 0.000000, 0.000000, PMPI_Init
State, "rank-82", MPI_STATE, 0.000104, 0.000847, 0.000743, 0.000000, PMPI_Barrier
State, "rank-82", MPI_STATE, 0.000873, 0.002782, 0.001909, 0.000000, PMPI_Recv
State, "rank-82", MPI_STATE, 0.002786, 0.003165, 0.000379, 0.000000, PMPI_Send
State, "rank-82", MPI_STATE, 0.003166, 0.003543, 0.000377, 0.000000, PMPI_Send
State, "rank-82", MPI_STATE, 0.006530, 0.006530, 0.000000, 0.000000, PMPI_Reduce
State, "rank-82", MPI_STATE, 0.006533, 0.006533, 0.000000, 0.000000, PMPI_Reduce
State, "rank-82", MPI_STATE, 0.006535, 0.008239, 0.001704, 0.000000, PMPI_Barrier
State, "rank-82", MPI_STATE, 0.008241, 0.008241, 0.000000, 0.000000, PMPI_Finalize
Container, 0, MPI, 0, 0.008241, 0.008241, "rank-81"
State, "rank-81", MPI_STATE, 0.000000, 0.000000, 0.000000, 0.000000, PMPI_Init
State, "rank-81", MPI_STATE, 0.000105, 0.000847, 0.000742, 0.000000, PMPI_Barrier
State, "rank-81", MPI_STATE, 0.000877, 0.003999, 0.003122, 0.000000, PMPI_Recv
State, "rank-81", MPI_STATE, 0.004001, 0.004378, 0.000377, 0.000000, PMPI_Send
State, "rank-81", MPI_STATE, 0.007402, 0.007402, 0.000000, 0.000000, PMPI_Reduce
State, "rank-81", MPI_STATE, 0.007404, 0.007404, 0.000000, 0.000000, PMPI_Reduce
State, "rank-81", MPI_STATE, 0.007406, 0.008239, 0.000833, 0.000000, PMPI_Barrier
State, "rank-81", MPI_STATE, 0.008241, 0.008241, 0.000000, 0.000000, PMPI_Finalize
Container, 0, MPI, 0, 0.008241, 0.008241, "rank-80"
State, "rank-80", MPI_STATE, 0.000000, 0.000000, 0.000000, 0.000000, PMPI_Init
State, "rank-80", MPI_STATE, 0.000103, 0.000847, 0.000744, 0.000000, PMPI_Barrier
State, "rank-80", MPI_STATE, 0.000873, 0.003537, 0.002664, 0.000000, PMPI_Recv
State, "rank-80", MPI_STATE, 0.006528, 0.006528, 0.000000, 0.000000, PMPI_Reduce
State, "rank-80", MPI_STATE, 0.006531, 0.006531, 0.000000, 0.000000, PMPI_Reduce
State, "rank-80", MPI_STATE, 0.006533, 0.008239, 0.001706, 0.000000, PMPI_Barrier
State, "rank-80", MPI_STATE, 0.008241, 0.008241, 0.000000, 0.000000, PMPI_Finalize
Container, 0, MPI, 0, 0.008241, 0.008241, "rank-79"
State, "rank-79", MPI_STATE, 0.000000, 0.000000, 0.000000, 0.000000, PMPI_Init
State, "rank-79", MPI_STATE, 0.000106, 0.000847, 0.000741, 0.000000, PMPI_Barrier
State, "rank-79", MPI_STATE, 0.000871, 0.003541, 0.002670, 0.000000, PMPI_Recv
State, "rank-79", MPI_STATE, 0.006555, 0.006555, 0.000000, 0.000000, PMPI_Reduce
State, "rank-79", MPI_STATE, 0.006557, 0.006557, 0.000000, 0.000000, PMPI_Reduce
State, "rank-79", MPI_STATE, 0.006559, 0.008239, 0.001680, 0.000000, PMPI_Barrier
State, "rank-79", MPI_STATE, 0.008241, 0.008241, 0.000000, 0.000000, PMPI_Finalize
Container, 0, MPI, 0, 0.008241, 0.008241, "rank-7"
State, "rank-7", MPI_STATE, 0.000000, 0.000000, 0.000000, 0.000000, PMPI_Init
State, "rank-7", MPI_STATE, 0.000093, 0.000847, 0.000754, 0.000000, PMPI_Barrier
State, "rank-7", MPI_STATE, 0.000875, 0.005051, 0.004176, 0.000000, PMPI_Recv
State, "rank-7", MPI_STATE, 0.008045, 0.008045, 0.000000, 0.000000, PMPI_Reduce
State, "rank-7", MPI_STATE, 0.008048, 0.008048, 0.000000, 0.000000, PMPI_Reduce
State, "rank-7", MPI_STATE, 0.008049, 0.008239, 0.000190, 0.000000, PMPI_Barrier
State, "rank-7", MPI_STATE, 0.008241, 0.008241, 0.000000, 0.000000, PMPI_Finalize
Container, 0, MPI, 0, 0.008241, 0.008241, "rank-78"
State, "rank-78", MPI_STATE, 0.000000, 0.000000, 0.000000, 0.000000, PMPI_Init
State, "rank-78", MPI_STATE, 0.000108, 0.000847, 0.000739, 0.000000, PMPI_Barrier
State, "rank-78", MPI_STATE, 0.000873, 0.003170, 0.002297, 0.000000, PMPI_Recv
State, "rank-78", MPI_STATE, 0.003172, 0.003551, 0.000379, 0.000000, PMPI_Send
State, "rank-78", MPI_STATE, 0.006576, 0.006576, 0.000000, 0.000000, PMPI_Reduce
State, "rank-78", MPI_STATE, 0.006580, 0.006580, 0.000000, 0.000000, PMPI_Reduce
State, "rank-78", MPI_STATE, 0.006581, 0.008239, 0.001658, 0.000000, PMPI_Barrier
State, "rank-78", MPI_STATE, 0.008241, 0.008241, 0.000000, 0.000000, PMPI_Finalize
Container, 0, MPI, 0, 0.008241, 0.008241, "rank-77"
State, "rank-77", MPI_STATE, 0.000000, 0.000000, 0.000000, 0.000000, PMPI_Init
State, "rank-77", MPI_STATE, 0.000106, 0.000847, 0.000741, 0.000000, PMPI_Barrier
State, "rank-77", MPI_STATE, 0.000873, 0.002785, 0.001912, 0.000000, PMPI_Recv
State, "rank-77", MPI_STATE, 0.002787, 0.003164, 0.000377, 0.000000, PMPI_Send
State, "rank-77", MPI_STATE, 0.003165, 0.003544, 0.000379, 0.000000, PMPI_Send
State, "rank-77", MPI_STATE, 0.006536, 0.006536, 0.000000, 0.000000, PMPI_Reduce
State, "rank-77", MPI_STATE, 0.006540, 0.006540, 0.000000, 0.000000, PMPI_Reduce
State, "rank-77", MPI_STATE, 0.006543, 0.008239, 0.001696, 0.000000, PMPI_Barrier
State, "rank-77", MPI_STATE, 0.008241, 0.008241, 0.000000, 0.000000, PMPI_Finalize
Container, 0, MPI, 0, 0.008241, 0.008241, "rank-76"
State, "rank-76", MPI_STATE, 0.000000, 0.000000, 0.000000, 0.000000, PMPI_Init
State, "rank-76", MPI_STATE, 0.000103, 0.000847, 0.000744, 0.000000, PMPI_Barrier
State, "rank-76", MPI_STATE, 0.000872, 0.002403, 0.001531, 0.000000, PMPI_Recv
State, "rank-76", MPI_STATE, 0.002405, 0.002784, 0.000379, 0.000000, PMPI_Send
State, "rank-76", MPI_STATE, 0.002786, 0.003163, 0.000377, 0.000000, PMPI_Send
State, "rank-76", MPI_STATE, 0.003164, 0.003975, 0.000811, 0.000000, PMPI_Send
State, "rank-76", MPI_STATE, 0.006994, 0.006994, 0.000000, 0.000000, PMPI_Reduce
State, "rank-76", MPI_STATE, 0.006998, 0.006998, 0.000000, 0.000000, PMPI_Reduce
State, "rank-76", MPI_STATE, 0.007000, 0.008239, 0.001239, 0.000000, PMPI_Barrier
State, "rank-76", MPI_STATE, 0.008241, 0.008241, 0.000000, 0.000000, PMPI_Finalize
Container, 0, MPI, 0, 0.008241, 0.008241, "rank-75"
State, "rank-75", MPI_STATE, 0.000000, 0.000000, 0.000000, 0.000000, PMPI_Init
State, "rank-75", MPI_STATE, 0.000105, 0.000847, 0.000742, 0.000000, PMPI_Barrier
State, "rank-75", MPI_STATE, 0.000876, 0.003162, 0.002286, 0.000000, PMPI_Recv
State, "rank-75", MPI_STATE, 0.003165, 0.003639, 0.000474, 0.000000, PMPI_Send
State, "rank-75", MPI_STATE, 0.006626, 0.006626, 0.000000, 0.000000, PMPI_Reduce
State, "rank-75", MPI_STATE, 0.006628, 0.006628, 0.000000, 0.000000, PMPI_Reduce
State, "rank-75", MPI_STATE, 0.006630, 0.008239, 0.001609, 0.000000, PMPI_Barrier
State, "rank-75", MPI_STATE, 0.008241, 0.008241, 0.000000, 0.000000, PMPI_Finalize
Container, 0, MPI, 0, 0.008241, 0.008241, "rank-74"
State, "rank-74", MPI_STATE, 0.000000, 0.000000, 0.000000, 0.000000, PMPI_Init
State, "rank-74", MPI_STATE, 0.000106, 0.000847, 0.000741, 0.000000, PMPI_Barrier
State, "rank-74", MPI_STATE, 0.000872, 0.003160, 0.002288, 0.000000, PMPI_Recv
State, "rank-74", MPI_STATE, 0.003161, 0.003912, 0.000751, 0.000000, PMPI_Send
State, "rank-74", MPI_STATE, 0.006914, 0.006914, 0.000000, 0.000000, PMPI_Reduce
State, "rank-74", MPI_STATE, 0.006918, 0.006918, 0.000000, 0.000000, PMPI_Reduce
State, "rank-74", MPI_STATE, 0.006920, 0.008239, 0.001319, 0.000000, PMPI_Barrier
State, "rank-74", MPI_STATE, 0.008241, 0.008241, 0.000000, 0.000000, PMPI_Finalize
Container, 0, MPI, 0, 0.008241, 0.008241, "rank-73"
State, "rank-73", MPI_STATE, 0.000000, 0.000000, 0.000000, 0.000000, PMPI_Init
State, "rank-73", MPI_STATE, 0.000102, 0.000847, 0.000745, 0.000000, PMPI_Barrier
State, "rank-73", MPI_STATE, 0.000871, 0.003238, 0.002367, 0.000000, PMPI_Recv
State, "rank-73", MPI_STATE, 0.003241, 0.003620, 0.000379, 0.000000, PMPI_Send
State, "rank-73", MPI_STATE, 0.003622, 0.003999, 0.000377, 0.000000, PMPI_Send
State, "rank-73", MPI_STATE, 0.004001, 0.004824, 0.000823, 0.000000, PMPI_Send
State, "rank-73", MPI_STATE, 0.007818, 0.007818, 0.000000, 0.000000, PMPI_Reduce
State, "rank-73", MPI_STATE, 0.007820, 0.007820, 0.000000, 0.000000, PMPI_Reduce
State, "rank-73", MPI_STATE, 0.007821, 0.008239, 0.000418, 0.000000, PMPI_Barrier
State, "rank-73", MPI_STATE, 0.008241, 0.008241, 0.000000, 0.000000, PMPI_Finalize
Container, 0, MPI, 0, 0.008242, 0.008242, "rank-72"
State, "rank-72", MPI_STATE, 0.000000, 0.000000, 0.000000, 0.000000, PMPI_Init
State, "rank-72", MPI_STATE, 0.000102, 0.000847, 0.000745, 0.000000, PMPI_Barrier
State, "rank-72", MPI_STATE, 0.000875, 0.003536, 0.002661, 0.000000, PMPI_Recv
State, "rank-72", MPI_STATE, 0.006529, 0.006529, 0.000000, 0.000000, PMPI_Reduce
State, "rank-72", MPI_STATE, 0.006531, 0.006531, 0.000000, 0.000000, PMPI_Reduce
State, "rank-72", MPI_STATE, 0.006533, 0.008239, 0.001706, 0.000000, PMPI_Barrier
State, "rank-72", MPI_STATE, 0.008242, 0.008242, 0.000000, 0.000000, PMPI_Finalize
Container, 0, MPI, 0, 0.00824, 0.00824, "rank-71"
State, "rank-71", MPI_STATE, 0.000000, 0.000000, 0.000000, 0.000000, PMPI_Init
State, "rank-71", MPI_STATE, 0.000103, 0.000847, 0.000744, 0.000000, PMPI_Barrier
State, "rank-71", MPI_STATE, 0.000874, 0.003540, 0.002666, 0.000000, PMPI_Recv
State, "rank-71", MPI_STATE, 0.006537, 0.006537, 0.000000, 0.000000, PMPI_Reduce
State, "rank-71", MPI_STATE, 0.006540, 0.006540, 0.000000, 0.000000, PMPI_Reduce
State, "rank-71", MPI_STATE, 0.006542, 0.008239, 0.001697, 0.000000, PMPI_Barrier
State, "rank-71", MPI_STATE, 0.008240, 0.008240, 0.000000, 0.000000, PMPI_Finalize
Container, 0, MPI, 0, 0.008241, 0.008241, "rank-70"
State, "rank-70", MPI_STATE, 0.000000, 0.000000, 0.000000, 0.000000, PMPI_Init
State, "rank-70", MPI_STATE, 0.000105, 0.000847, 0.000742, 0.000000, PMPI_Barrier
State, "rank-70", MPI_STATE, 0.000872, 0.004381, 0.003509, 0.000000, PMPI_Recv
State, "rank-70", MPI_STATE, 0.007402, 0.007402, 0.000000, 0.000000, PMPI_Reduce
State, "rank-70", MPI_STATE, 0.007406, 0.007406, 0.000000, 0.000000, PMPI_Reduce
State, "rank-70", MPI_STATE, 0.007408, 0.008239, 0.000831, 0.000000, PMPI_Barrier
State, "rank-70", MPI_STATE, 0.008241, 0.008241, 0.000000, 0.000000, PMPI_Finalize
Container, 0, MPI, 0, 0.008241, 0.008241, "rank-69"
State, "rank-69", MPI_STATE, 0.000000, 0.000000, 0.000000, 0.000000, PMPI_Init
State, "rank-69", MPI_STATE, 0.000102, 0.000847, 0.000745, 0.000000, PMPI_Barrier
State, "rank-69", MPI_STATE, 0.000873, 0.005147, 0.004274, 0.000000, PMPI_Recv
State, "rank-69", MPI_STATE, 0.008138, 0.008138, 0.000000, 0.000000, PMPI_Reduce
State, "rank-69", MPI_STATE, 0.008140, 0.008140, 0.000000, 0.000000, PMPI_Reduce
State, "rank-69", MPI_STATE, 0.008141, 0.008239, 0.000098, 0.000000, PMPI_Barrier
State, "rank-69", MPI_STATE, 0.008241, 0.008241, 0.000000, 0.000000, PMPI_Finalize
Container, 0, MPI, 0, 0.00824, 0.00824, "rank-6"
State, "rank-6", MPI_STATE, 0.000000, 0.000000, 0.000000, 0.000000, PMPI_Init
State, "rank-6", MPI_STATE, 0.000099, 0.000847, 0.000748, 0.000000, PMPI_Barrier
State, "rank-6", MPI_STATE, 0.000875, 0.004529, 0.003654, 0.000000, PMPI_Recv
State, "rank-6", MPI_STATE, 0.004533, 0.004910, 0.000377, 0.000000, PMPI_Send
State, "rank-6", MPI_STATE, 0.007933, 0.007933, 0.000000, 0.000000, PMPI_Reduce
State, "rank-6", MPI_STATE, 0.007936, 0.007936, 0.000000, 0.000000, PMPI_Reduce
State, "rank-6", MPI_STATE, 0.007937, 0.008239, 0.000302, 0.000000, PMPI_Barrier
State, "rank-6", MPI_STATE, 0.008240, 0.008240, 0.000000, 0.000000, PMPI_Finalize
Container, 0, MPI, 0, 0.008241, 0.008241, "rank-68"
State, "rank-68", MPI_STATE, 0.000000, 0.000000, 0.000000, 0.000000, PMPI_Init
State, "rank-68", MPI_STATE, 0.000103, 0.000847, 0.000744, 0.000000, PMPI_Barrier
State, "rank-68", MPI_STATE, 0.000872, 0.003159, 0.002287, 0.000000, PMPI_Recv
State, "rank-68", MPI_STATE, 0.003162, 0.004371, 0.001209, 0.000000, PMPI_Send
State, "rank-68", MPI_STATE, 0.007375, 0.007375, 0.000000, 0.000000, PMPI_Reduce
State, "rank-68", MPI_STATE, 0.007379, 0.007379, 0.000000, 0.000000, PMPI_Reduce
State, "rank-68", MPI_STATE, 0.007381, 0.008239, 0.000858, 0.000000, PMPI_Barrier
State, "rank-68", MPI_STATE, 0.008241, 0.008241, 0.000000, 0.000000, PMPI_Finalize
Container, 0, MPI, 0, 0.00824, 0.00824, "rank-67"
State, "rank-67", MPI_STATE, 0.000000, 0.000000, 0.000000, 0.000000, PMPI_Init
State, "rank-67", MPI_STATE, 0.000109, 0.000847, 0.000738, 0.000000, PMPI_Barrier
State, "rank-67", MPI_STATE, 0.000873, 0.005177, 0.004304, 0.000000, PMPI_Recv
State, "rank-67", MPI_STATE, 0.008231, 0.008231, 0.000000, 0.000000, PMPI_Reduce
State, "rank-67", MPI_STATE, 0.008233, 0.008233, 0.000000, 0.000000, PMPI_Reduce
State, "rank-67", MPI_STATE, 0.008235, 0.008239, 0.000004, 0.000000, PMPI_Barrier
State, "rank-67", MPI_STATE, 0.008240, 0.008240, 0.000000, 0.000000, PMPI_Finalize
Container, 0, MPI, 0, 0.008241, 0.008241, "rank-66"
State, "rank-66", MPI_STATE, 0.000000, 0.000000, 0.000000, 0.000000, PMPI_Init
State, "rank-66", MPI_STATE, 0.000105, 0.000847, 0.000742, 0.000000, PMPI_Barrier
State, "rank-66", MPI_STATE, 0.000872, 0.003159, 0.002287, 0.000000, PMPI_Recv
State, "rank-66", MPI_STATE, 0.003161, 0.004442, 0.001281, 0.000000, PMPI_Send
State, "rank-66", MPI_STATE, 0.007451, 0.007451, 0.000000, 0.000000, PMPI_Reduce
State, "rank-66", MPI_STATE, 0.007454, 0.007454, 0.000000, 0.000000, PMPI_Reduce
State, "rank-66", MPI_STATE, 0.007455, 0.008239, 0.000784, 0.000000, PMPI_Barrier
State, "rank-66", MPI_STATE, 0.008241, 0.008241, 0.000000, 0.000000, PMPI_Finalize
Container, 0, MPI, 0, 0.00824, 0.00824, "rank-65"
State, "rank-65", MPI_STATE, 0.000000, 0.000000, 0.000000, 0.000000, PMPI_Init
State, "rank-65", MPI_STATE, 0.000105, 0.000847, 0.000742, 0.000000, PMPI_Barrier
State, "rank-65", MPI_STATE, 0.000874, 0.004908, 0.004034, 0.000000, PMPI_Recv
State, "rank-65", MPI_STATE, 0.007912, 0.007912, 0.000000, 0.000000, PMPI_Reduce
State, "rank-65", MPI_STATE, 0.007914, 0.007914, 0.000000, 0.000000, PMPI_Reduce
State, "rank-65", MPI_STATE, 0.007916, 0.008239, 0.000323, 0.000000, PMPI_Barrier
State, "rank-65", MPI_STATE, 0.008240, 0.008240, 0.000000, 0.000000, PMPI_Finalize
Container, 0, MPI, 0, 0.00824, 0.00824, "rank-64"
State, "rank-64", MPI_STATE, 0.000000, 0.000000, 0.000000, 0.000000, PMPI_Init
State, "rank-64", MPI_STATE, 0.000106, 0.000847, 0.000741, 0.000000, PMPI_Barrier
State, "rank-64", MPI_STATE, 0.000872, 0.003919, 0.003047, 0.000000, PMPI_Recv
State, "rank-64", MPI_STATE, 0.007063, 0.007063, 0.000000, 0.000000, PMPI_Reduce
State, "rank-64", MPI_STATE, 0.007065, 0.007065, 0.000000, 0.000000, PMPI_Reduce
State, "rank-64", MPI_STATE, 0.007068, 0.008238, 0.001170, 0.000000, PMPI_Barrier
State, "rank-64", MPI_STATE, 0.008240, 0.008240, 0.000000, 0.000000, PMPI_Finalize
Container, 0, MPI, 0, 0.008241, 0.008241, "rank-63"
State, "rank-63", MPI_STATE, 0.000000, 0.000000, 0.000000, 0.000000, PMPI_Init
State, "rank-63", MPI_STATE, 0.000107, 0.000848, 0.000741, 0.000000, PMPI_Barrier
State, "rank-63", MPI_STATE, 0.000875, 0.002406, 0.001531, 0.000000, PMPI_Recv
State, "rank-63", MPI_STATE, 0.002408, 0.002785, 0.000377, 0.000000, PMPI_Send
State, "rank-63", MPI_STATE, 0.002787, 0.003164, 0.000377, 0.000000, PMPI_Send
State, "rank-63", MPI_STATE, 0.003165, 0.003541, 0.000376, 0.000000, PMPI_Send
State, "rank-63", MPI_STATE, 0.006535, 0.006535, 0.000000, 0.000000, PMPI_Reduce
State, "rank-63", MPI_STATE, 0.006538, 0.006538, 0.000000, 0.000000, PMPI_Reduce
State, "rank-63", MPI_STATE, 0.006540, 0.008239, 0.001699, 0.000000, PMPI_Barrier
State, "rank-63", MPI_STATE, 0.008241, 0.008241, 0.000000, 0.000000, PMPI_Finalize
Container, 0, MPI, 0, 0.008241, 0.008241, "rank-62"
State, "rank-62", MPI_STATE, 0.000000, 0.000000, 0.000000, 0.000000, PMPI_Init
State, "rank-62", MPI_STATE, 0.000105, 0.000847, 0.000742, 0.000000, PMPI_Barrier
State, "rank-62", MPI_STATE, 0.000873, 0.003167, 0.002294, 0.000000, PMPI_Recv
State, "rank-62", MPI_STATE, 0.003170, 0.003547, 0.000377, 0.000000, PMPI_Send
State, "rank-62", MPI_STATE, 0.006538, 0.006538, 0.000000, 0.000000, PMPI_Reduce
State, "rank-62", MPI_STATE, 0.006541, 0.006541, 0.000000, 0.000000, PMPI_Reduce
State, "rank-62", MPI_STATE, 0.006543, 0.008239, 0.001696, 0.000000, PMPI_Barrier
State, "rank-62", MPI_STATE, 0.008241, 0.008241, 0.000000, 0.000000, PMPI_Finalize
Container, 0, MPI, 0, 0.008241, 0.008241, "rank-61"
State, "rank-61", MPI_STATE, 0.000000, 0.000000, 0.000000, 0.000000, PMPI_Init
State, "rank-61", MPI_STATE, 0.000108, 0.000847, 0.000739, 0.000000, PMPI_Barrier
State, "rank-61", MPI_STATE, 0.000870, 0.003545, 0.002675, 0.000000, PMPI_Recv
State, "rank-61", MPI_STATE, 0.006539, 0.006539, 0.000000, 0.000000, PMPI_Reduce
State, "rank-61", MPI_STATE, 0.006542, 0.006542, 0.000000, 0.000000, PMPI_Reduce
State, "rank-61", MPI_STATE, 0.006543, 0.008239, 0.001696, 0.000000, PMPI_Barrier
State, "rank-61", MPI_STATE, 0.008241, 0.008241, 0.000000, 0.000000, PMPI_Finalize
Container, 0, MPI, 0, 0.008241, 0.008241, "rank-60"
State, "rank-60", MPI_STATE, 0.000000, 0.000000, 0.000000, 0.000000, PMPI_Init
State, "rank-60", MPI_STATE, 0.000106, 0.000847, 0.000741, 0.000000, PMPI_Barrier
State, "rank-60", MPI_STATE, 0.000872, 0.003174, 0.002302, 0.000000, PMPI_Recv
State, "rank-60", MPI_STATE, 0.003177, 0.003554, 0.000377, 0.000000, PMPI_Send
State, "rank-60", MPI_STATE, 0.006580, 0.006580, 0.000000, 0.000000, PMPI_Reduce
State, "rank-60", MPI_STATE, 0.006582, 0.006582, 0.000000, 0.000000, PMPI_Reduce
State, "rank-60", MPI_STATE, 0.006583, 0.008239, 0.001656, 0.000000, PMPI_Barrier
State, "rank-60", MPI_STATE, 0.008241, 0.008241, 0.000000, 0.000000, PMPI_Finalize
Container, 0, MPI, 0, 0.008241, 0.008241, "rank-59"
State, "rank-59", MPI_STATE, 0.000000, 0.000000, 0.000000, 0.000000, PMPI_Init
State, "rank-59", MPI_STATE, 0.000107, 0.000847, 0.000740, 0.000000, PMPI_Barrier
State, "rank-59", MPI_STATE, 0.000871, 0.003544, 0.002673, 0.000000, PMPI_Recv
State, "rank-59", MPI_STATE, 0.006530, 0.006530, 0.000000, 0.000000, PMPI_Reduce
State, "rank-59", MPI_STATE, 0.006532, 0.006532, 0.000000, 0.000000, PMPI_Reduce
State, "rank-59", MPI_STATE, 0.006534, 0.008239, 0.001705, 0.000000, PMPI_Barrier
State, "rank-59", MPI_STATE, 0.008241, 0.008241, 0.000000, 0.000000, PMPI_Finalize
Container, 0, MPI, 0, 0.008241, 0.008241, "rank-5"
State, "rank-5", MPI_STATE, 0.000000, 0.000000, 0.000000, 0.000000, PMPI_Init
State, "rank-5", MPI_STATE, 0.000091, 0.000847, 0.000756, 0.000000, PMPI_Barrier
State, "rank-5", MPI_STATE, 0.000873, 0.004503, 0.003630, 0.000000, PMPI_Recv
State, "rank-5", MPI_STATE, 0.007561, 0.007561, 0.000000, 0.000000, PMPI_Reduce
State, "rank-5", MPI_STATE, 0.007564, 0.007564, 0.000000, 0.000000, PMPI_Reduce
State, "rank-5", MPI_STATE, 0.007566, 0.008239, 0.000673, 0.000000, PMPI_Barrier
State, "rank-5", MPI_STATE, 0.008241, 0.008241, 0.000000, 0.000000, PMPI_Finalize
Container, 0, MPI, 0, 0.008241, 0.008241, "rank-58"
State, "rank-58", MPI_STATE, 0.000000, 0.000000, 0.000000, 0.000000, PMPI_Init
State, "rank-58", MPI_STATE, 0.000104, 0.000847, 0.000743, 0.000000, PMPI_Barrier
State, "rank-58", MPI_STATE, 0.000874, 0.003173, 0.002299, 0.000000, PMPI_Recv
State, "rank-58", MPI_STATE, 0.003175, 0.003552, 0.000377, 0.000000, PMPI_Send
State, "rank-58", MPI_STATE, 0.006573, 0.006573, 0.000000, 0.000000, PMPI_Reduce
State, "rank-58", MPI_STATE, 0.006575, 0.006575, 0.000000, 0.000000, PMPI_Reduce
State, "rank-58", MPI_STATE, 0.006585, 0.008239, 0.001654, 0.000000, PMPI_Barrier
State, "rank-58", MPI_STATE, 0.008241, 0.008241, 0.000000, 0.000000, PMPI_Finalize
Container, 0, MPI, 0, 0.008241, 0.008241, "rank-57"
State, "rank-57", MPI_STATE, 0.000000, 0.000000, 0.000000, 0.000000, PMPI_Init
State, "rank-57", MPI_STATE, 0.000104, 0.000847, 0.000743, 0.000000, PMPI_Barrier
State, "rank-57", MPI_STATE, 0.000871, 0.002023, 0.001152, 0.000000, PMPI_Recv
State, "rank-57", MPI_STATE, 0.002024, 0.002410, 0.000386, 0.000000, PMPI_Send
State, "rank-57", MPI_STATE, 0.002411, 0.002790, 0.000379, 0.000000, PMPI_Send
State, "rank-57", MPI_STATE, 0.002792, 0.003169, 0.000377, 0.000000, PMPI_Send
State, "rank-57", MPI_STATE, 0.003170, 0.003547, 0.000377, 0.000000, PMPI_Send
State, "rank-57", MPI_STATE, 0.006532, 0.006532, 0.000000, 0.000000, PMPI_Reduce
State, "rank-57", MPI_STATE, 0.006536, 0.006536, 0.000000, 0.000000, PMPI_Reduce
State, "rank-57", MPI_STATE, 0.006538, 0.008239, 0.001701, 0.000000, PMPI_Barrier
State, "rank-57", MPI_STATE, 0.008241, 0.008241, 0.000000, 0.000000, PMPI_Finalize
Container, 0, MPI, 0, 0.008241, 0.008241, "rank-56"
State, "rank-56", MPI_STATE, 0.000000, 0.000000, 0.000000, 0.000000, PMPI_Init
State, "rank-56", MPI_STATE, 0.000107, 0.000847, 0.000740, 0.000000, PMPI_Barrier
State, "rank-56", MPI_STATE, 0.000872, 0.002784, 0.001912, 0.000000, PMPI_Recv
State, "rank-56", MPI_STATE, 0.002791, 0.003168, 0.000377, 0.000000, PMPI_Send
State, "rank-56", MPI_STATE, 0.003169, 0.003696, 0.000527, 0.000000, PMPI_Send
State, "rank-56", MPI_STATE, 0.006696, 0.006696, 0.000000, 0.000000, PMPI_Reduce
State, "rank-56", MPI_STATE, 0.006698, 0.006698, 0.000000, 0.000000, PMPI_Reduce
State, "rank-56", MPI_STATE, 0.006699, 0.008239, 0.001540, 0.000000, PMPI_Barrier
State, "rank-56", MPI_STATE, 0.008241, 0.008241, 0.000000, 0.000000, PMPI_Finalize
Container, 0, MPI, 0, 0.008241, 0.008241, "rank-55"
State, "rank-55", MPI_STATE, 0.000000, 0.000000, 0.000000, 0.000000, PMPI_Init
State, "rank-55", MPI_STATE, 0.000107, 0.000847, 0.000740, 0.000000, PMPI_Barrier
State, "rank-55", MPI_STATE, 0.000872, 0.003162, 0.002290, 0.000000, PMPI_Recv
State, "rank-55", MPI_STATE, 0.003163, 0.003540, 0.000377, 0.000000, PMPI_Send
State, "rank-55", MPI_STATE, 0.006545, 0.006545, 0.000000, 0.000000, PMPI_Reduce
State, "rank-55", MPI_STATE, 0.006548, 0.006548, 0.000000, 0.000000, PMPI_Reduce
State, "rank-55", MPI_STATE, 0.006550, 0.008239, 0.001689, 0.000000, PMPI_Barrier
State, "rank-55", MPI_STATE, 0.008241, 0.008241, 0.000000, 0.000000, PMPI_Finalize
Container, 0, MPI, 0, 0.008241, 0.008241, "rank-54"
State, "rank-54", MPI_STATE, 0.000000, 0.000000, 0.000000, 0.000000, PMPI_Init
State, "rank-54", MPI_STATE, 0.000107, 0.000847, 0.000740, 0.000000, PMPI_Barrier
State, "rank-54", MPI_STATE, 0.000872, 0.003551, 0.002679, 0.000000, PMPI_Recv
State, "rank-54", MPI_STATE, 0.006581, 0.006581, 0.000000, 0.000000, PMPI_Reduce
State, "rank-54", MPI_STATE, 0.006584, 0.006584, 0.000000, 0.000000, PMPI_Reduce
State, "rank-54", MPI_STATE, 0.006585, 0.008239, 0.001654, 0.000000, PMPI_Barrier
State, "rank-54", MPI_STATE, 0.008241, 0.008241, 0.000000, 0.000000, PMPI_Finalize
Container, 0, MPI, 0, 0.008241, 0.008241, "rank-53"
State, "rank-53", MPI_STATE, 0.000000, 0.000000, 0.000000, 0.000000, PMPI_Init
State, "rank-53", MPI_STATE, 0.000105, 0.000847, 0.000742, 0.000000, PMPI_Barrier
State, "rank-53", MPI_STATE, 0.000873, 0.003544, 0.002671, 0.000000, PMPI_Recv
State, "rank-53", MPI_STATE, 0.006534, 0.006534, 0.000000, 0.000000, PMPI_Reduce
State, "rank-53", MPI_STATE, 0.006537, 0.006537, 0.000000, 0.000000, PMPI_Reduce
State, "rank-53", MPI_STATE, 0.006539, 0.008239, 0.001700, 0.000000, PMPI_Barrier
State, "rank-53", MPI_STATE, 0.008241, 0.008241, 0.000000, 0.000000, PMPI_Finalize
Container, 0, MPI, 0, 0.00824, 0.00824, "rank-52"
State, "rank-52", MPI_STATE, 0.000000, 0.000000, 0.000000, 0.000000, PMPI_Init
State, "rank-52", MPI_STATE, 0.000104, 0.000847, 0.000743, 0.000000, PMPI_Barrier
State, "rank-52", MPI_STATE, 0.000873, 0.003975, 0.003102, 0.000000, PMPI_Recv
State, "rank-52", MPI_STATE, 0.007009, 0.007009, 0.000000, 0.000000, PMPI_Reduce
State, "rank-52", MPI_STATE, 0.007011, 0.007011, 0.000000, 0.000000, PMPI_Reduce
State, "rank-52", MPI_STATE, 0.007014, 0.008239, 0.001225, 0.000000, PMPI_Barrier
State, "rank-52", MPI_STATE, 0.008240, 0.008240, 0.000000, 0.000000, PMPI_Finalize
Container, 0, MPI, 0, 0.00824, 0.00824, "rank-51"
State, "rank-51", MPI_STATE, 0.000000, 0.000000, 0.000000, 0.000000, PMPI_Init
State, "rank-51", MPI_STATE, 0.000104, 0.000847, 0.000743, 0.000000, PMPI_Barrier
State, "rank-51", MPI_STATE, 0.000873, 0.003639, 0.002766, 0.000000, PMPI_Recv
State, "rank-51", MPI_STATE, 0.006625, 0.006625, 0.000000, 0.000000, PMPI_Reduce
State, "rank-51", MPI_STATE, 0.006628, 0.006628, 0.000000, 0.000000, PMPI_Reduce
State, "rank-51", MPI_STATE, 0.006630, 0.008239, 0.001609, 0.000000, PMPI_Barrier
State, "rank-51", MPI_STATE, 0.008240, 0.008240, 0.000000, 0.000000, PMPI_Finalize
Container, 0, MPI, 0, 0.00824, 0.00824, "rank-50"
State, "rank-50", MPI_STATE, 0.000000, 0.000000, 0.000000, 0.000000, PMPI_Init
State, "rank-50", MPI_STATE, 0.000107, 0.000847, 0.000740, 0.000000, PMPI_Barrier
State, "rank-50", MPI_STATE, 0.000871, 0.003912, 0.003041, 0.000000, PMPI_Recv
State, "rank-50", MPI_STATE, 0.006896, 0.006896, 0.000000, 0.000000, PMPI_Reduce
State, "rank-50", MPI_STATE, 0.006898, 0.006898, 0.000000, 0.000000, PMPI_Reduce
State, "rank-50", MPI_STATE, 0.006899, 0.008239, 0.001340, 0.000000, PMPI_Barrier
State, "rank-50", MPI_STATE, 0.008240, 0.008240, 0.000000, 0.000000, PMPI_Finalize
Container, 0, MPI, 0, 0.008241, 0.008241, "rank-49"
State, "rank-49", MPI_STATE, 0.000000, 0.000000, 0.000000, 0.000000, PMPI_Init
State, "rank-49", MPI_STATE, 0.000106, 0.000847, 0.000741, 0.000000, PMPI_Barrier
State, "rank-49", MPI_STATE, 0.000876, 0.004824, 0.003948, 0.000000, PMPI_Recv
State, "rank-49", MPI_STATE, 0.007825, 0.007825, 0.000000, 0.000000, PMPI_Reduce
State, "rank-49", MPI_STATE, 0.007828, 0.007828, 0.000000, 0.000000, PMPI_Reduce
State, "rank-49", MPI_STATE, 0.007830, 0.008239, 0.000409, 0.000000, PMPI_Barrier
State, "rank-49", MPI_STATE, 0.008241, 0.008241, 0.000000, 0.000000, PMPI_Finalize
Container, 0, MPI, 0, 0.00824, 0.00824, "rank-4"
State, "rank-4", MPI_STATE, 0.000000, 0.000000, 0.000000, 0.000000, PMPI_Init
State, "rank-4", MPI_STATE, 0.000099, 0.000847, 0.000748, 0.000000, PMPI_Barrier
State, "rank-4", MPI_STATE, 0.000876, 0.004159, 0.003283, 0.000000, PMPI_Recv
State, "rank-4", MPI_STATE, 0.007166, 0.007166, 0.000000, 0.000000, PMPI_Reduce
State, "rank-4", MPI_STATE, 0.007169, 0.007169, 0.000000, 0.000000, PMPI_Reduce
State, "rank-4", MPI_STATE, 0.007172, 0.008238, 0.001066, 0.000000, PMPI_Barrier
State, "rank-4", MPI_STATE, 0.008240, 0.008240, 0.000000, 0.000000, PMPI_Finalize
Container, 0, MPI, 0, 0.008241, 0.008241, "rank-48"
State, "rank-48", MPI_STATE, 0.000000, 0.000000, 0.000000, 0.000000, PMPI_Init
State, "rank-48", MPI_STATE, 0.000105, 0.000847, 0.000742, 0.000000, PMPI_Barrier
State, "rank-48", MPI_STATE, 0.000872, 0.003157, 0.002285, 0.000000, PMPI_Recv
State, "rank-48", MPI_STATE, 0.003160, 0.003537, 0.000377, 0.000000, PMPI_Send
State, "rank-48", MPI_STATE, 0.006520, 0.006520, 0.000000, 0.000000, PMPI_Reduce
State, "rank-48", MPI_STATE, 0.006523, 0.006523, 0.000000, 0.000000, PMPI_Reduce
State, "rank-48", MPI_STATE, 0.006525, 0.008239, 0.001714, 0.000000, PMPI_Barrier
State, "rank-48", MPI_STATE, 0.008241, 0.008241, 0.000000, 0.000000, PMPI_Finalize
Container, 0, MPI, 0, 0.008242, 0.008242, "rank-47"
State, "rank-47", MPI_STATE, 0.000000, 0.000000, 0.000000, 0.000000, PMPI_Init
State, "rank-47", MPI_STATE, 0.000107, 0.000847, 0.000740, 0.000000, PMPI_Barrier
State, "rank-47", MPI_STATE, 0.000871, 0.002784, 0.001913, 0.000000, PMPI_Recv
State, "rank-47", MPI_STATE, 0.002785, 0.003162, 0.000377, 0.000000, PMPI_Send
State, "rank-47", MPI_STATE, 0.003164, 0.003541, 0.000377, 0.000000, PMPI_Send
State, "rank-47", MPI_STATE, 0.006532, 0.006532, 0.000000, 0.000000, PMPI_Reduce
State, "rank-47", MPI_STATE, 0.006534, 0.006534, 0.000000, 0.000000, PMPI_Reduce
State, "rank-47", MPI_STATE, 0.006536, 0.008239, 0.001703, 0.000000, PMPI_Barrier
State, "rank-47", MPI_STATE, 0.008242, 0.008242, 0.000000, 0.000000, PMPI_Finalize
Container, 0, MPI, 0, 0.008241, 0.008241, "rank-46"
State, "rank-46", MPI_STATE, 0.000000, 0.000000, 0.000000, 0.000000, PMPI_Init
State, "rank-46", MPI_STATE, 0.000108, 0.000847, 0.000739, 0.000000, PMPI_Barrier
State, "rank-46", MPI_STATE, 0.000874, 0.003549, 0.002675, 0.000000, PMPI_Recv
State, "rank-46", MPI_STATE, 0.006623, 0.006623, 0.000000, 0.000000, PMPI_Reduce
State, "rank-46", MPI_STATE, 0.006626, 0.006626, 0.000000, 0.000000, PMPI_Reduce
State, "rank-46", MPI_STATE, 0.006628, 0.008239, 0.001611, 0.000000, PMPI_Barrier
State, "rank-46", MPI_STATE, 0.008241, 0.008241, 0.000000, 0.000000, PMPI_Finalize
Container, 0, MPI, 0, 0.008241, 0.008241, "rank-45"
State, "rank-45", MPI_STATE, 0.000000, 0.000000, 0.000000, 0.000000, PMPI_Init
State, "rank-45", MPI_STATE, 0.000109, 0.000847, 0.000738, 0.000000, PMPI_Barrier
State, "rank-45", MPI_STATE, 0.000874, 0.003545, 0.002671, 0.000000, PMPI_Recv
State, "rank-45", MPI_STATE, 0.006532, 0.006532, 0.000000, 0.000000, PMPI_Reduce
State, "rank-45", MPI_STATE, 0.006534, 0.006534, 0.000000, 0.000000, PMPI_Reduce
State, "rank-45", MPI_STATE, 0.006536, 0.008239, 0.001703, 0.000000, PMPI_Barrier
State, "rank-45", MPI_STATE, 0.008241, 0.008241, 0.000000, 0.000000, PMPI_Finalize
Container, 0, MPI, 0, 0.008241, 0.008241, "rank-44"
State, "rank-44", MPI_STATE, 0.000000, 0.000000, 0.000000, 0.000000, PMPI_Init
State, "rank-44", MPI_STATE, 0.000107, 0.000847, 0.000740, 0.000000, PMPI_Barrier
State, "rank-44", MPI_STATE, 0.000871, 0.003544, 0.002673, 0.000000, PMPI_Recv
State, "rank-44", MPI_STATE, 0.006530, 0.006530, 0.000000, 0.000000, PMPI_Reduce
State, "rank-44", MPI_STATE, 0.006533, 0.006533, 0.000000, 0.000000, PMPI_Reduce
State, "rank-44", MPI_STATE, 0.006535, 0.008239, 0.001704, 0.000000, PMPI_Barrier
State, "rank-44", MPI_STATE, 0.008241, 0.008241, 0.000000, 0.000000, PMPI_Finalize
Container, 0, MPI, 0, 0.00824, 0.00824, "rank-43"
State, "rank-43", MPI_STATE, 0.000000, 0.000000, 0.000000, 0.000000, PMPI_Init
State, "rank-43", MPI_STATE, 0.000108, 0.000847, 0.000739, 0.000000, PMPI_Barrier
State, "rank-43", MPI_STATE, 0.000873, 0.003541, 0.002668, 0.000000, PMPI_Recv
State, "rank-43", MPI_STATE, 0.006538, 0.006538, 0.000000, 0.000000, PMPI_Reduce
State, "rank-43", MPI_STATE, 0.006541, 0.006541, 0.000000, 0.000000, PMPI_Reduce
State, "rank-43", MPI_STATE, 0.006543, 0.008239, 0.001696, 0.000000, PMPI_Barrier
State, "rank-43", MPI_STATE, 0.008240, 0.008240, 0.000000, 0.000000, PMPI_Finalize
Container, 0, MPI, 0, 0.008241, 0.008241, "rank-42"
State, "rank-42", MPI_STATE, 0.000000, 0.000000, 0.000000, 0.000000, PMPI_Init
State, "rank-42", MPI_STATE, 0.000106, 0.000847, 0.000741, 0.000000, PMPI_Barrier
State, "rank-42", MPI_STATE, 0.000872, 0.003538, 0.002666, 0.000000, PMPI_Recv
State, "rank-42", MPI_STATE, 0.006529, 0.006529, 0.000000, 0.000000, PMPI_Reduce
State, "rank-42", MPI_STATE, 0.006531, 0.006531, 0.000000, 0.000000, PMPI_Reduce
State, "rank-42", MPI_STATE, 0.006532, 0.008239, 0.001707, 0.000000, PMPI_Barrier
State, "rank-42", MPI_STATE, 0.008241, 0.008241, 0.000000, 0.000000, PMPI_Finalize
Container, 0, MPI, 0, 0.008239, 0.008239, "rank-41"
State, "rank-41", MPI_STATE, 0.000000, 0.000000, 0.000000, 0.000000, PMPI_Init
State, "rank-41", MPI_STATE, 0.000107, 0.000847, 0.000740, 0.000000, PMPI_Barrier
State, "rank-41", MPI_STATE, 0.000872, 0.005148, 0.004276, 0.000000, PMPI_Recv
State, "rank-41", MPI_STATE, 0.008143, 0.008143, 0.000000, 0.000000, PMPI_Reduce
State, "rank-41", MPI_STATE, 0.008145, 0.008145, 0.000000, 0.000000, PMPI_Reduce
State, "rank-41", MPI_STATE, 0.008147, 0.008239, 0.000092, 0.000000, PMPI_Barrier
State, "rank-41", MPI_STATE, 0.008239, 0.008239, 0.000000, 0.000000, PMPI_Finalize
Container, 0, MPI, 0, 0.00824, 0.00824, "rank-40"
State, "rank-40", MPI_STATE, 0.000000, 0.000000, 0.000000, 0.000000, PMPI_Init
State, "rank-40", MPI_STATE, 0.000110, 0.000847, 0.000737, 0.000000, PMPI_Barrier
State, "rank-40", MPI_STATE, 0.000874, 0.002400, 0.001526, 0.000000, PMPI_Recv
State, "rank-40", MPI_STATE, 0.002403, 0.002780, 0.000377, 0.000000, PMPI_Send
State, "rank-40", MPI_STATE, 0.002781, 0.003157, 0.000376, 0.000000, PMPI_Send
State, "rank-40", MPI_STATE, 0.003159, 0.003536, 0.000377, 0.000000, PMPI_Send
State, "rank-40", MPI_STATE, 0.006550, 0.006550, 0.000000, 0.000000, PMPI_Reduce
State, "rank-40", MPI_STATE, 0.006553, 0.006553, 0.000000, 0.000000, PMPI_Reduce
State, "rank-40", MPI_STATE, 0.006556, 0.008239, 0.001683, 0.000000, PMPI_Barrier
State, "rank-40", MPI_STATE, 0.008240, 0.008240, 0.000000, 0.000000, PMPI_Finalize
Container, 0, MPI, 0, 0.008241, 0.008241, "rank-39"
State, "rank-39", MPI_STATE, 0.000000, 0.000000, 0.000000, 0.000000, PMPI_Init
State, "rank-39", MPI_STATE, 0.000109, 0.000847, 0.000738, 0.000000, PMPI_Barrier
State, "rank-39", MPI_STATE, 0.000871, 0.003161, 0.002290, 0.000000, PMPI_Recv
State, "rank-39", MPI_STATE, 0.003163, 0.003540, 0.000377, 0.000000, PMPI_Send
State, "rank-39", MPI_STATE, 0.006548, 0.006548, 0.000000, 0.000000, PMPI_Reduce
State, "rank-39", MPI_STATE, 0.006551, 0.006551, 0.000000, 0.000000, PMPI_Reduce
State, "rank-39", MPI_STATE, 0.006553, 0.008239, 0.001686, 0.000000, PMPI_Barrier
State, "rank-39", MPI_STATE, 0.008241, 0.008241, 0.000000, 0.000000, PMPI_Finalize
Container, 0, MPI, 0, 0.00824, 0.00824, "rank-3"
State, "rank-3", MPI_STATE, 0.000000, 0.000000, 0.000000, 0.000000, PMPI_Init
State, "rank-3", MPI_STATE, 0.000094, 0.000847, 0.000753, 0.000000, PMPI_Barrier
State, "rank-3", MPI_STATE, 0.000874, 0.002582, 0.001708, 0.000000, PMPI_Recv
State, "rank-3", MPI_STATE, 0.002584, 0.003242, 0.000658, 0.000000, PMPI_Send
State, "rank-3", MPI_STATE, 0.003243, 0.003749, 0.000506, 0.000000, PMPI_Send
State, "rank-3", MPI_STATE, 0.003751, 0.004503, 0.000752, 0.000000, PMPI_Send
State, "rank-3", MPI_STATE, 0.007543, 0.007543, 0.000000, 0.000000, PMPI_Reduce
State, "rank-3", MPI_STATE, 0.007546, 0.007546, 0.000000, 0.000000, PMPI_Reduce
State, "rank-3", MPI_STATE, 0.007548, 0.008239, 0.000691, 0.000000, PMPI_Barrier
State, "rank-3", MPI_STATE, 0.008240, 0.008240, 0.000000, 0.000000, PMPI_Finalize
Container, 0, MPI, 0, 0.008241, 0.008241, "rank-38"
State, "rank-38", MPI_STATE, 0.000000, 0.000000, 0.000000, 0.000000, PMPI_Init
State, "rank-38", MPI_STATE, 0.000109, 0.000847, 0.000738, 0.000000, PMPI_Barrier
State, "rank-38", MPI_STATE, 0.000874, 0.004001, 0.003127, 0.000000, PMPI_Recv
State, "rank-38", MPI_STATE, 0.004004, 0.004381, 0.000377, 0.000000, PMPI_Send
State, "rank-38", MPI_STATE, 0.007381, 0.007381, 0.000000, 0.000000, PMPI_Reduce
State, "rank-38", MPI_STATE, 0.007383, 0.007383, 0.000000, 0.000000, PMPI_Reduce
State, "rank-38", MPI_STATE, 0.007385, 0.008239, 0.000854, 0.000000, PMPI_Barrier
State, "rank-38", MPI_STATE, 0.008241, 0.008241, 0.000000, 0.000000, PMPI_Finalize
Container, 0, MPI, 0, 0.008242, 0.008242, "rank-37"
State, "rank-37", MPI_STATE, 0.000000, 0.000000, 0.000000, 0.000000, PMPI_Init
State, "rank-37", MPI_STATE, 0.000113, 0.000847, 0.000734, 0.000000, PMPI_Barrier
State, "rank-37", MPI_STATE, 0.000873, 0.003617, 0.002744, 0.000000, PMPI_Recv
State, "rank-37", MPI_STATE, 0.003621, 0.004768, 0.001147, 0.000000, PMPI_Send
State, "rank-37", MPI_STATE, 0.004770, 0.005147, 0.000377, 0.000000, PMPI_Send
State, "rank-37", MPI_STATE, 0.008156, 0.008156, 0.000000, 0.000000, PMPI_Reduce
State, "rank-37", MPI_STATE, 0.008159, 0.008159, 0.000000, 0.000000, PMPI_Reduce
State, "rank-37", MPI_STATE, 0.008161, 0.008239, 0.000078, 0.000000, PMPI_Barrier
State, "rank-37", MPI_STATE, 0.008242, 0.008242, 0.000000, 0.000000, PMPI_Finalize
Container, 0, MPI, 0, 0.008241, 0.008241, "rank-36"
State, "rank-36", MPI_STATE, 0.000000, 0.000000, 0.000000, 0.000000, PMPI_Init
State, "rank-36", MPI_STATE, 0.000123, 0.000847, 0.000724, 0.000000, PMPI_Barrier
State, "rank-36", MPI_STATE, 0.000873, 0.003721, 0.002848, 0.000000, PMPI_Recv
State, "rank-36", MPI_STATE, 0.006735, 0.006735, 0.000000, 0.000000, PMPI_Reduce
State, "rank-36", MPI_STATE, 0.006737, 0.006737, 0.000000, 0.000000, PMPI_Reduce
State, "rank-36", MPI_STATE, 0.006739, 0.008239, 0.001500, 0.000000, PMPI_Barrier
State, "rank-36", MPI_STATE, 0.008241, 0.008241, 0.000000, 0.000000, PMPI_Finalize
Container, 0, MPI, 0, 0.008241, 0.008241, "rank-35"
State, "rank-35", MPI_STATE, 0.000000, 0.000000, 0.000000, 0.000000, PMPI_Init
State, "rank-35", MPI_STATE, 0.000165, 0.000847, 0.000682, 0.000000, PMPI_Barrier
State, "rank-35", MPI_STATE, 0.000872, 0.001640, 0.000768, 0.000000, PMPI_Recv
State, "rank-35", MPI_STATE, 0.001643, 0.002022, 0.000379, 0.000000, PMPI_Send
State, "rank-35", MPI_STATE, 0.002024, 0.003238, 0.001214, 0.000000, PMPI_Send
State, "rank-35", MPI_STATE, 0.003240, 0.003617, 0.000377, 0.000000, PMPI_Send
State, "rank-35", MPI_STATE, 0.003620, 0.004798, 0.001178, 0.000000, PMPI_Send
State, "rank-35", MPI_STATE, 0.004800, 0.005177, 0.000377, 0.000000, PMPI_Send
State, "rank-35", MPI_STATE, 0.008224, 0.008224, 0.000000, 0.000000, PMPI_Reduce
State, "rank-35", MPI_STATE, 0.008226, 0.008226, 0.000000, 0.000000, PMPI_Reduce
State, "rank-35", MPI_STATE, 0.008227, 0.008239, 0.000012, 0.000000, PMPI_Barrier
State, "rank-35", MPI_STATE, 0.008241, 0.008241, 0.000000, 0.000000, PMPI_Finalize
Container, 0, MPI, 0, 0.008241, 0.008241, "rank-34"
State, "rank-34", MPI_STATE, 0.000000, 0.000000, 0.000000, 0.000000, PMPI_Init
State, "rank-34", MPI_STATE, 0.000126, 0.000847, 0.000721, 0.000000, PMPI_Barrier
State, "rank-34", MPI_STATE, 0.000875, 0.003724, 0.002849, 0.000000, PMPI_Recv
State, "rank-34", MPI_STATE, 0.006725, 0.006725, 0.000000, 0.000000, PMPI_Reduce
State, "rank-34", MPI_STATE, 0.006728, 0.006728, 0.000000, 0.000000, PMPI_Reduce
State, "rank-34", MPI_STATE, 0.006730, 0.008239, 0.001509, 0.000000, PMPI_Barrier
State, "rank-34", MPI_STATE, 0.008241, 0.008241, 0.000000, 0.000000, PMPI_Finalize
Container, 0, MPI, 0, 0.008241, 0.008241, "rank-33"
State, "rank-33", MPI_STATE, 0.000000, 0.000000, 0.000000, 0.000000, PMPI_Init
State, "rank-33", MPI_STATE, 0.000080, 0.000847, 0.000767, 0.000000, PMPI_Barrier
State, "rank-33", MPI_STATE, 0.000873, 0.003242, 0.002369, 0.000000, PMPI_Recv
State, "rank-33", MPI_STATE, 0.003244, 0.004529, 0.001285, 0.000000, PMPI_Send
State, "rank-33", MPI_STATE, 0.004531, 0.004908, 0.000377, 0.000000, PMPI_Send
State, "rank-33", MPI_STATE, 0.007917, 0.007917, 0.000000, 0.000000, PMPI_Reduce
State, "rank-33", MPI_STATE, 0.007920, 0.007920, 0.000000, 0.000000, PMPI_Reduce
State, "rank-33", MPI_STATE, 0.007921, 0.008239, 0.000318, 0.000000, PMPI_Barrier
State, "rank-33", MPI_STATE, 0.008241, 0.008241, 0.000000, 0.000000, PMPI_Finalize
Container, 0, MPI, 0, 0.00824, 0.00824, "rank-32"
State, "rank-32", MPI_STATE, 0.000000, 0.000000, 0.000000, 0.000000, PMPI_Init
State, "rank-32", MPI_STATE, 0.000082, 0.000847, 0.000765, 0.000000, PMPI_Barrier
State, "rank-32", MPI_STATE, 0.000875, 0.003481, 0.002606, 0.000000, PMPI_Recv
State, "rank-32", MPI_STATE, 0.003483, 0.003919, 0.000436, 0.000000, PMPI_Send
State, "rank-32", MPI_STATE, 0.006952, 0.006952, 0.000000, 0.000000, PMPI_Reduce
State, "rank-32", MPI_STATE, 0.006954, 0.006954, 0.000000, 0.000000, PMPI_Reduce
State, "rank-32", MPI_STATE, 0.006956, 0.008238, 0.001282, 0.000000, PMPI_Barrier
State, "rank-32", MPI_STATE, 0.008240, 0.008240, 0.000000, 0.000000, PMPI_Finalize
Container, 0, MPI, 0, 0.008241, 0.008241, "rank-31"
State, "rank-31", MPI_STATE, 0.000000, 0.000000, 0.000000, 0.000000, PMPI_Init
State, "rank-31", MPI_STATE, 0.000085, 0.000847, 0.000762, 0.000000, PMPI_Barrier
State, "rank-31", MPI_STATE, 0.000872, 0.003919, 0.003047, 0.000000, PMPI_Recv
State, "rank-31", MPI_STATE, 0.006930, 0.006930, 0.000000, 0.000000, PMPI_Reduce
State, "rank-31", MPI_STATE, 0.006933, 0.006933, 0.000000, 0.000000, PMPI_Reduce
State, "rank-31", MPI_STATE, 0.006936, 0.008239, 0.001303, 0.000000, PMPI_Barrier
State, "rank-31", MPI_STATE, 0.008241, 0.008241, 0.000000, 0.000000, PMPI_Finalize
Container, 0, MPI, 0, 0.00824, 0.00824, "rank-30"
State, "rank-30", MPI_STATE, 0.000000, 0.000000, 0.000000, 0.000000, PMPI_Init
State, "rank-30", MPI_STATE, 0.000084, 0.000847, 0.000763, 0.000000, PMPI_Barrier
State, "rank-30", MPI_STATE, 0.000874, 0.002790, 0.001916, 0.000000, PMPI_Recv
State, "rank-30", MPI_STATE, 0.002793, 0.003170, 0.000377, 0.000000, PMPI_Send
State, "rank-30", MPI_STATE, 0.003172, 0.003549, 0.000377, 0.000000, PMPI_Send
State, "rank-30", MPI_STATE, 0.006561, 0.006561, 0.000000, 0.000000, PMPI_Reduce
State, "rank-30", MPI_STATE, 0.006564, 0.006564, 0.000000, 0.000000, PMPI_Reduce
State, "rank-30", MPI_STATE, 0.006565, 0.008239, 0.001674, 0.000000, PMPI_Barrier
State, "rank-30", MPI_STATE, 0.008240, 0.008240, 0.000000, 0.000000, PMPI_Finalize
Container, 0, MPI, 0, 0.008241, 0.008241, "rank-29"
State, "rank-29", MPI_STATE, 0.000000, 0.000000, 0.000000, 0.000000, PMPI_Init
State, "rank-29", MPI_STATE, 0.000082, 0.000847, 0.000765, 0.000000, PMPI_Barrier
State, "rank-29", MPI_STATE, 0.000875, 0.003166, 0.002291, 0.000000, PMPI_Recv
State, "rank-29", MPI_STATE, 0.003169, 0.003545, 0.000376, 0.000000, PMPI_Send
State, "rank-29", MPI_STATE, 0.006535, 0.006535, 0.000000, 0.000000, PMPI_Reduce
State, "rank-29", MPI_STATE, 0.006538, 0.006538, 0.000000, 0.000000, PMPI_Reduce
State, "rank-29", MPI_STATE, 0.006540, 0.008239, 0.001699, 0.000000, PMPI_Barrier
State, "rank-29", MPI_STATE, 0.008241, 0.008241, 0.000000, 0.000000, PMPI_Finalize
Container, 0, MPI, 0, 0.00824, 0.00824, "rank-2"
State, "rank-2", MPI_STATE, 0.000000, 0.000000, 0.000000, 0.000000, PMPI_Init
State, "rank-2", MPI_STATE, 0.000109, 0.000847, 0.000738, 0.000000, PMPI_Barrier
State, "rank-2", MPI_STATE, 0.000874, 0.003405, 0.002531, 0.000000, PMPI_Recv
State, "rank-2", MPI_STATE, 0.003408, 0.004159, 0.000751, 0.000000, PMPI_Send
State, "rank-2", MPI_STATE, 0.007144, 0.007144, 0.000000, 0.000000, PMPI_Reduce
State, "rank-2", MPI_STATE, 0.007146, 0.007146, 0.000000, 0.000000, PMPI_Reduce
State, "rank-2", MPI_STATE, 0.007148, 0.008238, 0.001090, 0.000000, PMPI_Barrier
State, "rank-2", MPI_STATE, 0.008240, 0.008240, 0.000000, 0.000000, PMPI_Finalize
Container, 0, MPI, 0, 0.008241, 0.008241, "rank-28"
State, "rank-28", MPI_STATE, 0.000000, 0.000000, 0.000000, 0.000000, PMPI_Init
State, "rank-28", MPI_STATE, 0.000088, 0.000847, 0.000759, 0.000000, PMPI_Barrier
State, "rank-28", MPI_STATE, 0.000874, 0.003165, 0.002291, 0.000000, PMPI_Recv
State, "rank-28", MPI_STATE, 0.003167, 0.003544, 0.000377, 0.000000, PMPI_Send
State, "rank-28", MPI_STATE, 0.006536, 0.006536, 0.000000, 0.000000, PMPI_Reduce
State, "rank-28", MPI_STATE, 0.006539, 0.006539, 0.000000, 0.000000, PMPI_Reduce
State, "rank-28", MPI_STATE, 0.006540, 0.008239, 0.001699, 0.000000, PMPI_Barrier
State, "rank-28", MPI_STATE, 0.008241, 0.008241, 0.000000, 0.000000, PMPI_Finalize
Container, 0, MPI, 0, 0.008241, 0.008241, "rank-27"
State, "rank-27", MPI_STATE, 0.000000, 0.000000, 0.000000, 0.000000, PMPI_Init
State, "rank-27", MPI_STATE, 0.000086, 0.000847, 0.000761, 0.000000, PMPI_Barrier
State, "rank-27", MPI_STATE, 0.000873, 0.002782, 0.001909, 0.000000, PMPI_Recv
State, "rank-27", MPI_STATE, 0.002785, 0.003162, 0.000377, 0.000000, PMPI_Send
State, "rank-27", MPI_STATE, 0.003164, 0.003541, 0.000377, 0.000000, PMPI_Send
State, "rank-27", MPI_STATE, 0.006527, 0.006527, 0.000000, 0.000000, PMPI_Reduce
State, "rank-27", MPI_STATE, 0.006531, 0.006531, 0.000000, 0.000000, PMPI_Reduce
State, "rank-27", MPI_STATE, 0.006532, 0.008239, 0.001707, 0.000000, PMPI_Barrier
State, "rank-27", MPI_STATE, 0.008241, 0.008241, 0.000000, 0.000000, PMPI_Finalize
Container, 0, MPI, 0, 0.008241, 0.008241, "rank-26"
State, "rank-26", MPI_STATE, 0.000000, 0.000000, 0.000000, 0.000000, PMPI_Init
State, "rank-26", MPI_STATE, 0.000090, 0.000847, 0.000757, 0.000000, PMPI_Barrier
State, "rank-26", MPI_STATE, 0.000874, 0.002022, 0.001148, 0.000000, PMPI_Recv
State, "rank-26", MPI_STATE, 0.002024, 0.002403, 0.000379, 0.000000, PMPI_Send
State, "rank-26", MPI_STATE, 0.002405, 0.002782, 0.000377, 0.000000, PMPI_Send
State, "rank-26", MPI_STATE, 0.002783, 0.003160, 0.000377, 0.000000, PMPI_Send
State, "rank-26", MPI_STATE, 0.003161, 0.003538, 0.000377, 0.000000, PMPI_Send
State, "rank-26", MPI_STATE, 0.006534, 0.006534, 0.000000, 0.000000, PMPI_Reduce
State, "rank-26", MPI_STATE, 0.006536, 0.006536, 0.000000, 0.000000, PMPI_Reduce
State, "rank-26", MPI_STATE, 0.006538, 0.008239, 0.001701, 0.000000, PMPI_Barrier
State, "rank-26", MPI_STATE, 0.008241, 0.008241, 0.000000, 0.000000, PMPI_Finalize
Container, 0, MPI, 0, 0.00824, 0.00824, "rank-25"
State, "rank-25", MPI_STATE, 0.000000, 0.000000, 0.000000, 0.000000, PMPI_Init
State, "rank-25", MPI_STATE, 0.000080, 0.000847, 0.000767, 0.000000, PMPI_Barrier
State, "rank-25", MPI_STATE, 0.000874, 0.004768, 0.003894, 0.000000, PMPI_Recv
State, "rank-25", MPI_STATE, 0.004771, 0.005148, 0.000377, 0.000000, PMPI_Send
State, "rank-25", MPI_STATE, 0.008146, 0.008146, 0.000000, 0.000000, PMPI_Reduce
State, "rank-25", MPI_STATE, 0.008148, 0.008148, 0.000000, 0.000000, PMPI_Reduce
State, "rank-25", MPI_STATE, 0.008149, 0.008239, 0.000090, 0.000000, PMPI_Barrier
State, "rank-25", MPI_STATE, 0.008240, 0.008240, 0.000000, 0.000000, PMPI_Finalize
Container, 0, MPI, 0, 0.008241, 0.008241, "rank-24"
State, "rank-24", MPI_STATE, 0.000000, 0.000000, 0.000000, 0.000000, PMPI_Init
State, "rank-24", MPI_STATE, 0.000081, 0.000847, 0.000766, 0.000000, PMPI_Barrier
State, "rank-24", MPI_STATE, 0.000875, 0.004371, 0.003496, 0.000000, PMPI_Recv
State, "rank-24", MPI_STATE, 0.007381, 0.007381, 0.000000, 0.000000, PMPI_Reduce
State, "rank-24", MPI_STATE, 0.007383, 0.007383, 0.000000, 0.000000, PMPI_Reduce
State, "rank-24", MPI_STATE, 0.007385, 0.008239, 0.000854, 0.000000, PMPI_Barrier
State, "rank-24", MPI_STATE, 0.008241, 0.008241, 0.000000, 0.000000, PMPI_Finalize
Container, 0, MPI, 0, 0.008241, 0.008241, "rank-23"
State, "rank-23", MPI_STATE, 0.000000, 0.000000, 0.000000, 0.000000, PMPI_Init
State, "rank-23", MPI_STATE, 0.000096, 0.000847, 0.000751, 0.000000, PMPI_Barrier
State, "rank-23", MPI_STATE, 0.000873, 0.003539, 0.002666, 0.000000, PMPI_Recv
State, "rank-23", MPI_STATE, 0.006525, 0.006525, 0.000000, 0.000000, PMPI_Reduce
State, "rank-23", MPI_STATE, 0.006527, 0.006527, 0.000000, 0.000000, PMPI_Reduce
State, "rank-23", MPI_STATE, 0.006529, 0.008239, 0.001710, 0.000000, PMPI_Barrier
State, "rank-23", MPI_STATE, 0.008241, 0.008241, 0.000000, 0.000000, PMPI_Finalize
Container, 0, MPI, 0, 0.008241, 0.008241, "rank-22"
State, "rank-22", MPI_STATE, 0.000000, 0.000000, 0.000000, 0.000000, PMPI_Init
State, "rank-22", MPI_STATE, 0.000087, 0.000847, 0.000760, 0.000000, PMPI_Barrier
State, "rank-22", MPI_STATE, 0.000876, 0.004380, 0.003504, 0.000000, PMPI_Recv
State, "rank-22", MPI_STATE, 0.007370, 0.007370, 0.000000, 0.000000, PMPI_Reduce
State, "rank-22", MPI_STATE, 0.007372, 0.007372, 0.000000, 0.000000, PMPI_Reduce
State, "rank-22", MPI_STATE, 0.007375, 0.008239, 0.000864, 0.000000, PMPI_Barrier
State, "rank-22", MPI_STATE, 0.008241, 0.008241, 0.000000, 0.000000, PMPI_Finalize
Container, 0, MPI, 0, 0.008241, 0.008241, "rank-21"
State, "rank-21", MPI_STATE, 0.000000, 0.000000, 0.000000, 0.000000, PMPI_Init
State, "rank-21", MPI_STATE, 0.000085, 0.000847, 0.000762, 0.000000, PMPI_Barrier
State, "rank-21", MPI_STATE, 0.000876, 0.005178, 0.004302, 0.000000, PMPI_Recv
State, "rank-21", MPI_STATE, 0.008206, 0.008206, 0.000000, 0.000000, PMPI_Reduce
State, "rank-21", MPI_STATE, 0.008208, 0.008208, 0.000000, 0.000000, PMPI_Reduce
State, "rank-21", MPI_STATE, 0.008209, 0.008239, 0.000030, 0.000000, PMPI_Barrier
State, "rank-21", MPI_STATE, 0.008241, 0.008241, 0.000000, 0.000000, PMPI_Finalize
Container, 0, MPI, 0, 0.008241, 0.008241, "rank-20"
State, "rank-20", MPI_STATE, 0.000000, 0.000000, 0.000000, 0.000000, PMPI_Init
State, "rank-20", MPI_STATE, 0.000081, 0.000847, 0.000766, 0.000000, PMPI_Barrier
State, "rank-20", MPI_STATE, 0.000874, 0.002780, 0.001906, 0.000000, PMPI_Recv
State, "rank-20", MPI_STATE, 0.002782, 0.003159, 0.000377, 0.000000, PMPI_Send
State, "rank-20", MPI_STATE, 0.003160, 0.003721, 0.000561, 0.000000, PMPI_Send
State, "rank-20", MPI_STATE, 0.006718, 0.006718, 0.000000, 0.000000, PMPI_Reduce
State, "rank-20", MPI_STATE, 0.006721, 0.006721, 0.000000, 0.000000, PMPI_Reduce
State, "rank-20", MPI_STATE, 0.006723, 0.008239, 0.001516, 0.000000, PMPI_Barrier
State, "rank-20", MPI_STATE, 0.008241, 0.008241, 0.000000, 0.000000, PMPI_Finalize
Container, 0, MPI, 0, 0.00824, 0.00824, "rank-19"
State, "rank-19", MPI_STATE, 0.000000, 0.000000, 0.000000, 0.000000, PMPI_Init
State, "rank-19", MPI_STATE, 0.000084, 0.000847, 0.000763, 0.000000, PMPI_Barrier
State, "rank-19", MPI_STATE, 0.000879, 0.004922, 0.004043, 0.000000, PMPI_Recv
State, "rank-19", MPI_STATE, 0.007914, 0.007914, 0.000000, 0.000000, PMPI_Reduce
State, "rank-19", MPI_STATE, 0.007916, 0.007916, 0.000000, 0.000000, PMPI_Reduce
State, "rank-19", MPI_STATE, 0.007917, 0.008239, 0.000322, 0.000000, PMPI_Barrier
State, "rank-19", MPI_STATE, 0.008240, 0.008240, 0.000000, 0.000000, PMPI_Finalize
Container, 0, MPI, 0, 0.008241, 0.008241, "rank-1"
State, "rank-1", MPI_STATE, 0.000000, 0.000000, 0.000000, 0.000000, PMPI_Init
State, "rank-1", MPI_STATE, 0.000145, 0.000847, 0.000702, 0.000000, PMPI_Barrier
State, "rank-1", MPI_STATE, 0.000875, 0.003950, 0.003075, 0.000000, PMPI_Recv
State, "rank-1", MPI_STATE, 0.006995, 0.006995, 0.000000, 0.000000, PMPI_Reduce
State, "rank-1", MPI_STATE, 0.006998, 0.006998, 0.000000, 0.000000, PMPI_Reduce
State, "rank-1", MPI_STATE, 0.007000, 0.008238, 0.001238, 0.000000, PMPI_Barrier
State, "rank-1", MPI_STATE, 0.008241, 0.008241, 0.000000, 0.000000, PMPI_Finalize
Container, 0, MPI, 0, 0.00824, 0.00824, "rank-18"
State, "rank-18", MPI_STATE, 0.000000, 0.000000, 0.000000, 0.000000, PMPI_Init
State, "rank-18", MPI_STATE, 0.000088, 0.000847, 0.000759, 0.000000, PMPI_Barrier
State, "rank-18", MPI_STATE, 0.000874, 0.002019, 0.001145, 0.000000, PMPI_Recv
State, "rank-18", MPI_STATE, 0.002021, 0.002400, 0.000379, 0.000000, PMPI_Send
State, "rank-18", MPI_STATE, 0.002402, 0.002780, 0.000378, 0.000000, PMPI_Send
State, "rank-18", MPI_STATE, 0.002782, 0.003159, 0.000377, 0.000000, PMPI_Send
State, "rank-18", MPI_STATE, 0.003161, 0.003724, 0.000563, 0.000000, PMPI_Send
State, "rank-18", MPI_STATE, 0.006740, 0.006740, 0.000000, 0.000000, PMPI_Reduce
State, "rank-18", MPI_STATE, 0.006743, 0.006743, 0.000000, 0.000000, PMPI_Reduce
State, "rank-18", MPI_STATE, 0.006745, 0.008239, 0.001494, 0.000000, PMPI_Barrier
State, "rank-18", MPI_STATE, 0.008240, 0.008240, 0.000000, 0.000000, PMPI_Finalize
Container, 0, MPI, 0, 0.008241, 0.008241, "rank-17"
State, "rank-17", MPI_STATE, 0.000000, 0.000000, 0.000000, 0.000000, PMPI_Init
State, "rank-17", MPI_STATE, 0.000102, 0.000847, 0.000745, 0.000000, PMPI_Barrier
State, "rank-17", MPI_STATE, 0.000878, 0.004380, 0.003502, 0.000000, PMPI_Recv
State, "rank-17", MPI_STATE, 0.007391, 0.007391, 0.000000, 0.000000, PMPI_Reduce
State, "rank-17", MPI_STATE, 0.007393, 0.007393, 0.000000, 0.000000, PMPI_Reduce
State, "rank-17", MPI_STATE, 0.007394, 0.008239, 0.000845, 0.000000, PMPI_Barrier
State, "rank-17", MPI_STATE, 0.008241, 0.008241, 0.000000, 0.000000, PMPI_Finalize
Container, 0, MPI, 0, 0.00824, 0.00824, "rank-16"
State, "rank-16", MPI_STATE, 0.000000, 0.000000, 0.000000, 0.000000, PMPI_Init
State, "rank-16", MPI_STATE, 0.000089, 0.000847, 0.000758, 0.000000, PMPI_Barrier
State, "rank-16", MPI_STATE, 0.000875, 0.003984, 0.003109, 0.000000, PMPI_Recv
State, "rank-16", MPI_STATE, 0.007016, 0.007016, 0.000000, 0.000000, PMPI_Reduce
State, "rank-16", MPI_STATE, 0.007019, 0.007019, 0.000000, 0.000000, PMPI_Reduce
State, "rank-16", MPI_STATE, 0.007020, 0.008238, 0.001218, 0.000000, PMPI_Barrier
State, "rank-16", MPI_STATE, 0.008240, 0.008240, 0.000000, 0.000000, PMPI_Finalize
Container, 0, MPI, 0, 0.008241, 0.008241, "rank-15"
State, "rank-15", MPI_STATE, 0.000000, 0.000000, 0.000000, 0.000000, PMPI_Init
State, "rank-15", MPI_STATE, 0.000087, 0.000847, 0.000760, 0.000000, PMPI_Barrier
State, "rank-15", MPI_STATE, 0.000875, 0.001260, 0.000385, 0.000000, PMPI_Recv
State, "rank-15", MPI_STATE, 0.001264, 0.001643, 0.000379, 0.000000, PMPI_Send
State, "rank-15", MPI_STATE, 0.001644, 0.002023, 0.000379, 0.000000, PMPI_Send
State, "rank-15", MPI_STATE, 0.002024, 0.002403, 0.000379, 0.000000, PMPI_Send
State, "rank-15", MPI_STATE, 0.002405, 0.002782, 0.000377, 0.000000, PMPI_Send
State, "rank-15", MPI_STATE, 0.002784, 0.003161, 0.000377, 0.000000, PMPI_Send
State, "rank-15", MPI_STATE, 0.003162, 0.003539, 0.000377, 0.000000, PMPI_Send
State, "rank-15", MPI_STATE, 0.006528, 0.006528, 0.000000, 0.000000, PMPI_Reduce
State, "rank-15", MPI_STATE, 0.006530, 0.006530, 0.000000, 0.000000, PMPI_Reduce
State, "rank-15", MPI_STATE, 0.006531, 0.008239, 0.001708, 0.000000, PMPI_Barrier
State, "rank-15", MPI_STATE, 0.008241, 0.008241, 0.000000, 0.000000, PMPI_Finalize
Container, 0, MPI, 0, 0.00824, 0.00824, "rank-14"
State, "rank-14", MPI_STATE, 0.000000, 0.000000, 0.000000, 0.000000, PMPI_Init
State, "rank-14", MPI_STATE, 0.000087, 0.000847, 0.000760, 0.000000, PMPI_Barrier
State, "rank-14", MPI_STATE, 0.000874, 0.003620, 0.002746, 0.000000, PMPI_Recv
State, "rank-14", MPI_STATE, 0.003624, 0.004001, 0.000377, 0.000000, PMPI_Send
State, "rank-14", MPI_STATE, 0.004003, 0.004380, 0.000377, 0.000000, PMPI_Send
State, "rank-14", MPI_STATE, 0.007382, 0.007382, 0.000000, 0.000000, PMPI_Reduce
State, "rank-14", MPI_STATE, 0.007384, 0.007384, 0.000000, 0.000000, PMPI_Reduce
State, "rank-14", MPI_STATE, 0.007386, 0.008239, 0.000853, 0.000000, PMPI_Barrier
State, "rank-14", MPI_STATE, 0.008240, 0.008240, 0.000000, 0.000000, PMPI_Finalize
Container, 0, MPI, 0, 0.008241, 0.008241, "rank-13"
State, "rank-13", MPI_STATE, 0.000000, 0.000000, 0.000000, 0.000000, PMPI_Init
State, "rank-13", MPI_STATE, 0.000092, 0.000847, 0.000755, 0.000000, PMPI_Barrier
State, "rank-13", MPI_STATE, 0.000873, 0.004798, 0.003925, 0.000000, PMPI_Recv
State, "rank-13", MPI_STATE, 0.004801, 0.005178, 0.000377, 0.000000, PMPI_Send
State, "rank-13", MPI_STATE, 0.008226, 0.008226, 0.000000, 0.000000, PMPI_Reduce
State, "rank-13", MPI_STATE, 0.008228, 0.008228, 0.000000, 0.000000, PMPI_Reduce
State, "rank-13", MPI_STATE, 0.008230, 0.008239, 0.000009, 0.000000, PMPI_Barrier
State, "rank-13", MPI_STATE, 0.008241, 0.008241, 0.000000, 0.000000, PMPI_Finalize
Container, 0, MPI, 0, 0.00824, 0.00824, "rank-12"
State, "rank-12", MPI_STATE, 0.000000, 0.000000, 0.000000, 0.000000, PMPI_Init
State, "rank-12", MPI_STATE, 0.000095, 0.000847, 0.000752, 0.000000, PMPI_Barrier
State, "rank-12", MPI_STATE, 0.000873, 0.004442, 0.003569, 0.000000, PMPI_Recv
State, "rank-12", MPI_STATE, 0.007482, 0.007482, 0.000000, 0.000000, PMPI_Reduce
State, "rank-12", MPI_STATE, 0.007485, 0.007485, 0.000000, 0.000000, PMPI_Reduce
State, "rank-12", MPI_STATE, 0.007487, 0.008239, 0.000752, 0.000000, PMPI_Barrier
State, "rank-12", MPI_STATE, 0.008240, 0.008240, 0.000000, 0.000000, PMPI_Finalize
Container, 0, MPI, 0, 0.008243, 0.008243, "rank-127"
State, "rank-127", MPI_STATE, 0.000000, 0.000000, 0.000000, 0.000000, PMPI_Init
State, "rank-127", MPI_STATE, 0.000083, 0.000848, 0.000765, 0.000000, PMPI_Barrier
State, "rank-127", MPI_STATE, 0.000874, 0.003542, 0.002668, 0.000000, PMPI_Recv
State, "rank-127", MPI_STATE, 0.006527, 0.006527, 0.000000, 0.000000, PMPI_Reduce
State, "rank-127", MPI_STATE, 0.006529, 0.006529, 0.000000, 0.000000, PMPI_Reduce
State, "rank-127", MPI_STATE, 0.006531, 0.008240, 0.001709, 0.000000, PMPI_Barrier
State, "rank-127", MPI_STATE, 0.008243, 0.008243, 0.000000, 0.000000, PMPI_Finalize
Container, 0, MPI, 0, 0.008241, 0.008241, "rank-126"
State, "rank-126", MPI_STATE, 0.000000, 0.000000, 0.000000, 0.000000, PMPI_Init
State, "rank-126", MPI_STATE, 0.000085, 0.000848, 0.000763, 0.000000, PMPI_Barrier
State, "rank-126", MPI_STATE, 0.000873, 0.003165, 0.002292, 0.000000, PMPI_Recv
State, "rank-126", MPI_STATE, 0.003167, 0.003542, 0.000375, 0.000000, PMPI_Send
State, "rank-126", MPI_STATE, 0.006542, 0.006542, 0.000000, 0.000000, PMPI_Reduce
State, "rank-126", MPI_STATE, 0.006544, 0.006544, 0.000000, 0.000000, PMPI_Reduce
State, "rank-126", MPI_STATE, 0.006546, 0.008239, 0.001693, 0.000000, PMPI_Barrier
State, "rank-126", MPI_STATE, 0.008241, 0.008241, 0.000000, 0.000000, PMPI_Finalize
Container, 0, MPI, 0, 0.008241, 0.008241, "rank-125"
State, "rank-125", MPI_STATE, 0.000000, 0.000000, 0.000000, 0.000000, PMPI_Init
State, "rank-125", MPI_STATE, 0.000086, 0.000848, 0.000762, 0.000000, PMPI_Barrier
State, "rank-125", MPI_STATE, 0.000876, 0.003543, 0.002667, 0.000000, PMPI_Recv
State, "rank-125", MPI_STATE, 0.006538, 0.006538, 0.000000, 0.000000, PMPI_Reduce
State, "rank-125", MPI_STATE, 0.006541, 0.006541, 0.000000, 0.000000, PMPI_Reduce
State, "rank-125", MPI_STATE, 0.006543, 0.008239, 0.001696, 0.000000, PMPI_Barrier
State, "rank-125", MPI_STATE, 0.008241, 0.008241, 0.000000, 0.000000, PMPI_Finalize
Container, 0, MPI, 0, 0.008241, 0.008241, "rank-124"
State, "rank-124", MPI_STATE, 0.000000, 0.000000, 0.000000, 0.000000, PMPI_Init
State, "rank-124", MPI_STATE, 0.000086, 0.000847, 0.000761, 0.000000, PMPI_Barrier
State, "rank-124", MPI_STATE, 0.000871, 0.003545, 0.002674, 0.000000, PMPI_Recv
State, "rank-124", MPI_STATE, 0.006530, 0.006530, 0.000000, 0.000000, PMPI_Reduce
State, "rank-124", MPI_STATE, 0.006532, 0.006532, 0.000000, 0.000000, PMPI_Reduce
State, "rank-124", MPI_STATE, 0.006533, 0.008239, 0.001706, 0.000000, PMPI_Barrier
State, "rank-124", MPI_STATE, 0.008241, 0.008241, 0.000000, 0.000000, PMPI_Finalize
Container, 0, MPI, 0, 0.00824, 0.00824, "rank-123"
State, "rank-123", MPI_STATE, 0.000000, 0.000000, 0.000000, 0.000000, PMPI_Init
State, "rank-123", MPI_STATE, 0.000085, 0.000848, 0.000763, 0.000000, PMPI_Barrier
State, "rank-123", MPI_STATE, 0.000873, 0.002785, 0.001912, 0.000000, PMPI_Recv
State, "rank-123", MPI_STATE, 0.002788, 0.003165, 0.000377, 0.000000, PMPI_Send
State, "rank-123", MPI_STATE, 0.003167, 0.003543, 0.000376, 0.000000, PMPI_Send
State, "rank-123", MPI_STATE, 0.006539, 0.006539, 0.000000, 0.000000, PMPI_Reduce
State, "rank-123", MPI_STATE, 0.006542, 0.006542, 0.000000, 0.000000, PMPI_Reduce
State, "rank-123", MPI_STATE, 0.006544, 0.008239, 0.001695, 0.000000, PMPI_Barrier
State, "rank-123", MPI_STATE, 0.008240, 0.008240, 0.000000, 0.000000, PMPI_Finalize
Container, 0, MPI, 0, 0.008241, 0.008241, "rank-122"
State, "rank-122", MPI_STATE, 0.000000, 0.000000, 0.000000, 0.000000, PMPI_Init
State, "rank-122", MPI_STATE, 0.000085, 0.000847, 0.000762, 0.000000, PMPI_Barrier
State, "rank-122", MPI_STATE, 0.000872, 0.003165, 0.002293, 0.000000, PMPI_Recv
State, "rank-122", MPI_STATE, 0.003168, 0.003545, 0.000377, 0.000000, PMPI_Send
State, "rank-122", MPI_STATE, 0.006558, 0.006558, 0.000000, 0.000000, PMPI_Reduce
State, "rank-122", MPI_STATE, 0.006560, 0.006560, 0.000000, 0.000000, PMPI_Reduce
State, "rank-122", MPI_STATE, 0.006562, 0.008239, 0.001677, 0.000000, PMPI_Barrier
State, "rank-122", MPI_STATE, 0.008241, 0.008241, 0.000000, 0.000000, PMPI_Finalize
Container, 0, MPI, 0, 0.008241, 0.008241, "rank-121"
State, "rank-121", MPI_STATE, 0.000000, 0.000000, 0.000000, 0.000000, PMPI_Init
State, "rank-121", MPI_STATE, 0.000085, 0.000847, 0.000762, 0.000000, PMPI_Barrier
State, "rank-121", MPI_STATE, 0.000872, 0.003545, 0.002673, 0.000000, PMPI_Recv
State, "rank-121", MPI_STATE, 0.006531, 0.006531, 0.000000, 0.000000, PMPI_Reduce
State, "rank-121", MPI_STATE, 0.006533, 0.006533, 0.000000, 0.000000, PMPI_Reduce
State, "rank-121", MPI_STATE, 0.006535, 0.008239, 0.001704, 0.000000, PMPI_Barrier
State, "rank-121", MPI_STATE, 0.008241, 0.008241, 0.000000, 0.000000, PMPI_Finalize
Container, 0, MPI, 0, 0.008242, 0.008242, "rank-120"
State, "rank-120", MPI_STATE, 0.000000, 0.000000, 0.000000, 0.000000, PMPI_Init
State, "rank-120", MPI_STATE, 0.000085, 0.000847, 0.000762, 0.000000, PMPI_Barrier
State, "rank-120", MPI_STATE, 0.000873, 0.003162, 0.002289, 0.000000, PMPI_Recv
State, "rank-120", MPI_STATE, 0.003164, 0.003919, 0.000755, 0.000000, PMPI_Send
State, "rank-120", MPI_STATE, 0.006919, 0.006919, 0.000000, 0.000000, PMPI_Reduce
State, "rank-120", MPI_STATE, 0.006921, 0.006921, 0.000000, 0.000000, PMPI_Reduce
State, "rank-120", MPI_STATE, 0.006922, 0.008239, 0.001317, 0.000000, PMPI_Barrier
State, "rank-120", MPI_STATE, 0.008242, 0.008242, 0.000000, 0.000000, PMPI_Finalize
Container, 0, MPI, 0, 0.008241, 0.008241, "rank-119"
State, "rank-119", MPI_STATE, 0.000000, 0.000000, 0.000000, 0.000000, PMPI_Init
State, "rank-119", MPI_STATE, 0.000086, 0.000848, 0.000762, 0.000000, PMPI_Barrier
State, "rank-119", MPI_STATE, 0.000873, 0.003542, 0.002669, 0.000000, PMPI_Recv
State, "rank-119", MPI_STATE, 0.006532, 0.006532, 0.000000, 0.000000, PMPI_Reduce
State, "rank-119", MPI_STATE, 0.006534, 0.006534, 0.000000, 0.000000, PMPI_Reduce
State, "rank-119", MPI_STATE, 0.006535, 0.008239, 0.001704, 0.000000, PMPI_Barrier
State, "rank-119", MPI_STATE, 0.008241, 0.008241, 0.000000, 0.000000, PMPI_Finalize
Container, 0, MPI, 0, 0.00824, 0.00824, "rank-11"
State, "rank-11", MPI_STATE, 0.000000, 0.000000, 0.000000, 0.000000, PMPI_Init
State, "rank-11", MPI_STATE, 0.000105, 0.000847, 0.000742, 0.000000, PMPI_Barrier
State, "rank-11", MPI_STATE, 0.000876, 0.004542, 0.003666, 0.000000, PMPI_Recv
State, "rank-11", MPI_STATE, 0.004545, 0.004922, 0.000377, 0.000000, PMPI_Send
State, "rank-11", MPI_STATE, 0.007943, 0.007943, 0.000000, 0.000000, PMPI_Reduce
State, "rank-11", MPI_STATE, 0.007945, 0.007945, 0.000000, 0.000000, PMPI_Reduce
State, "rank-11", MPI_STATE, 0.007947, 0.008239, 0.000292, 0.000000, PMPI_Barrier
State, "rank-11", MPI_STATE, 0.008240, 0.008240, 0.000000, 0.000000, PMPI_Finalize
Container, 0, MPI, 0, 0.008241, 0.008241, "rank-118"
State, "rank-118", MPI_STATE, 0.000000, 0.000000, 0.000000, 0.000000, PMPI_Init
State, "rank-118", MPI_STATE, 0.000084, 0.000847, 0.000763, 0.000000, PMPI_Barrier
State, "rank-118", MPI_STATE, 0.000874, 0.003543, 0.002669, 0.000000, PMPI_Recv
State, "rank-118", MPI_STATE, 0.006538, 0.006538, 0.000000, 0.000000, PMPI_Reduce
State, "rank-118", MPI_STATE, 0.006540, 0.006540, 0.000000, 0.000000, PMPI_Reduce
State, "rank-118", MPI_STATE, 0.006542, 0.008239, 0.001697, 0.000000, PMPI_Barrier
State, "rank-118", MPI_STATE, 0.008241, 0.008241, 0.000000, 0.000000, PMPI_Finalize
Container, 0, MPI, 0, 0.008241, 0.008241, "rank-117"
State, "rank-117", MPI_STATE, 0.000000, 0.000000, 0.000000, 0.000000, PMPI_Init
State, "rank-117", MPI_STATE, 0.000084, 0.000847, 0.000763, 0.000000, PMPI_Barrier
State, "rank-117", MPI_STATE, 0.000871, 0.002026, 0.001155, 0.000000, PMPI_Recv
State, "rank-117", MPI_STATE, 0.002028, 0.002406, 0.000378, 0.000000, PMPI_Send
State, "rank-117", MPI_STATE, 0.002407, 0.002786, 0.000379, 0.000000, PMPI_Send
State, "rank-117", MPI_STATE, 0.002788, 0.003167, 0.000379, 0.000000, PMPI_Send
State, "rank-117", MPI_STATE, 0.003168, 0.003545, 0.000377, 0.000000, PMPI_Send
State, "rank-117", MPI_STATE, 0.006531, 0.006531, 0.000000, 0.000000, PMPI_Reduce
State, "rank-117", MPI_STATE, 0.006535, 0.006535, 0.000000, 0.000000, PMPI_Reduce
State, "rank-117", MPI_STATE, 0.006538, 0.008239, 0.001701, 0.000000, PMPI_Barrier
State, "rank-117", MPI_STATE, 0.008241, 0.008241, 0.000000, 0.000000, PMPI_Finalize
Container, 0, MPI, 0, 0.008241, 0.008241, "rank-116"
State, "rank-116", MPI_STATE, 0.000000, 0.000000, 0.000000, 0.000000, PMPI_Init
State, "rank-116", MPI_STATE, 0.000085, 0.000847, 0.000762, 0.000000, PMPI_Barrier
State, "rank-116", MPI_STATE, 0.000872, 0.003540, 0.002668, 0.000000, PMPI_Recv
State, "rank-116", MPI_STATE, 0.006529, 0.006529, 0.000000, 0.000000, PMPI_Reduce
State, "rank-116", MPI_STATE, 0.006532, 0.006532, 0.000000, 0.000000, PMPI_Reduce
State, "rank-116", MPI_STATE, 0.006533, 0.008239, 0.001706, 0.000000, PMPI_Barrier
State, "rank-116", MPI_STATE, 0.008241, 0.008241, 0.000000, 0.000000, PMPI_Finalize
Container, 0, MPI, 0, 0.00824, 0.00824, "rank-115"
State, "rank-115", MPI_STATE, 0.000000, 0.000000, 0.000000, 0.000000, PMPI_Init
State, "rank-115", MPI_STATE, 0.000085, 0.000847, 0.000762, 0.000000, PMPI_Barrier
State, "rank-115", MPI_STATE, 0.000870, 0.002783, 0.001913, 0.000000, PMPI_Recv
State, "rank-115", MPI_STATE, 0.002785, 0.003164, 0.000379, 0.000000, PMPI_Send
State, "rank-115", MPI_STATE, 0.003166, 0.003545, 0.000379, 0.000000, PMPI_Send
State, "rank-115", MPI_STATE, 0.006539, 0.006539, 0.000000, 0.000000, PMPI_Reduce
State, "rank-115", MPI_STATE, 0.006541, 0.006541, 0.000000, 0.000000, PMPI_Reduce
State, "rank-115", MPI_STATE, 0.006542, 0.008239, 0.001697, 0.000000, PMPI_Barrier
State, "rank-115", MPI_STATE, 0.008240, 0.008240, 0.000000, 0.000000, PMPI_Finalize
Container, 0, MPI, 0, 0.008241, 0.008241, "rank-114"
State, "rank-114", MPI_STATE, 0.000000, 0.000000, 0.000000, 0.000000, PMPI_Init
State, "rank-114", MPI_STATE, 0.000085, 0.000847, 0.000762, 0.000000, PMPI_Barrier
State, "rank-114", MPI_STATE, 0.000876, 0.003553, 0.002677, 0.000000, PMPI_Recv
State, "rank-114", MPI_STATE, 0.006570, 0.006570, 0.000000, 0.000000, PMPI_Reduce
State, "rank-114", MPI_STATE, 0.006574, 0.006574, 0.000000, 0.000000, PMPI_Reduce
State, "rank-114", MPI_STATE, 0.006577, 0.008239, 0.001662, 0.000000, PMPI_Barrier
State, "rank-114", MPI_STATE, 0.008241, 0.008241, 0.000000, 0.000000, PMPI_Finalize
Container, 0, MPI, 0, 0.008242, 0.008242, "rank-113"
State, "rank-113", MPI_STATE, 0.000000, 0.000000, 0.000000, 0.000000, PMPI_Init
State, "rank-113", MPI_STATE, 0.000086, 0.000847, 0.000761, 0.000000, PMPI_Barrier
State, "rank-113", MPI_STATE, 0.000873, 0.003548, 0.002675, 0.000000, PMPI_Recv
State, "rank-113", MPI_STATE, 0.006548, 0.006548, 0.000000, 0.000000, PMPI_Reduce
State, "rank-113", MPI_STATE, 0.006551, 0.006551, 0.000000, 0.000000, PMPI_Reduce
State, "rank-113", MPI_STATE, 0.006553, 0.008239, 0.001686, 0.000000, PMPI_Barrier
State, "rank-113", MPI_STATE, 0.008242, 0.008242, 0.000000, 0.000000, PMPI_Finalize
Container, 0, MPI, 0, 0.008242, 0.008242, "rank-112"
State, "rank-112", MPI_STATE, 0.000000, 0.000000, 0.000000, 0.000000, PMPI_Init
State, "rank-112", MPI_STATE, 0.000084, 0.000847, 0.000763, 0.000000, PMPI_Barrier
State, "rank-112", MPI_STATE, 0.000871, 0.003548, 0.002677, 0.000000, PMPI_Recv
State, "rank-112", MPI_STATE, 0.006546, 0.006546, 0.000000, 0.000000, PMPI_Reduce
State, "rank-112", MPI_STATE, 0.006548, 0.006548, 0.000000, 0.000000, PMPI_Reduce
State, "rank-112", MPI_STATE, 0.006549, 0.008239, 0.001690, 0.000000, PMPI_Barrier
State, "rank-112", MPI_STATE, 0.008242, 0.008242, 0.000000, 0.000000, PMPI_Finalize
Container, 0, MPI, 0, 0.008241, 0.008241, "rank-111"
State, "rank-111", MPI_STATE, 0.000000, 0.000000, 0.000000, 0.000000, PMPI_Init
State, "rank-111", MPI_STATE, 0.000084, 0.000848, 0.000764, 0.000000, PMPI_Barrier
State, "rank-111", MPI_STATE, 0.000872, 0.003164, 0.002292, 0.000000, PMPI_Recv
State, "rank-111", MPI_STATE, 0.003166, 0.003542, 0.000376, 0.000000, PMPI_Send
State, "rank-111", MPI_STATE, 0.006529, 0.006529, 0.000000, 0.000000, PMPI_Reduce
State, "rank-111", MPI_STATE, 0.006532, 0.006532, 0.000000, 0.000000, PMPI_Reduce
State, "rank-111", MPI_STATE, 0.006533, 0.008239, 0.001706, 0.000000, PMPI_Barrier
State, "rank-111", MPI_STATE, 0.008241, 0.008241, 0.000000, 0.000000, PMPI_Finalize
Container, 0, MPI, 0, 0.008241, 0.008241, "rank-110"
State, "rank-110", MPI_STATE, 0.000000, 0.000000, 0.000000, 0.000000, PMPI_Init
State, "rank-110", MPI_STATE, 0.000085, 0.000847, 0.000762, 0.000000, PMPI_Barrier
State, "rank-110", MPI_STATE, 0.000872, 0.002786, 0.001914, 0.000000, PMPI_Recv
State, "rank-110", MPI_STATE, 0.002788, 0.003165, 0.000377, 0.000000, PMPI_Send
State, "rank-110", MPI_STATE, 0.003166, 0.003543, 0.000377, 0.000000, PMPI_Send
State, "rank-110", MPI_STATE, 0.006527, 0.006527, 0.000000, 0.000000, PMPI_Reduce
State, "rank-110", MPI_STATE, 0.006530, 0.006530, 0.000000, 0.000000, PMPI_Reduce
State, "rank-110", MPI_STATE, 0.006531, 0.008239, 0.001708, 0.000000, PMPI_Barrier
State, "rank-110", MPI_STATE, 0.008241, 0.008241, 0.000000, 0.000000, PMPI_Finalize
Container, 0, MPI, 0, 0.008241, 0.008241, "rank-109"
State, "rank-109", MPI_STATE, 0.000000, 0.000000, 0.000000, 0.000000, PMPI_Init
State, "rank-109", MPI_STATE, 0.000086, 0.000847, 0.000761, 0.000000, PMPI_Barrier
State, "rank-109", MPI_STATE, 0.000874, 0.003546, 0.002672, 0.000000, PMPI_Recv
State, "rank-109", MPI_STATE, 0.006535, 0.006535, 0.000000, 0.000000, PMPI_Reduce
State, "rank-109", MPI_STATE, 0.006538, 0.006538, 0.000000, 0.000000, PMPI_Reduce
State, "rank-109", MPI_STATE, 0.006540, 0.008239, 0.001699, 0.000000, PMPI_Barrier
State, "rank-109", MPI_STATE, 0.008241, 0.008241, 0.000000, 0.000000, PMPI_Finalize
Container, 0, MPI, 0, 0.008241, 0.008241, "rank-10"
State, "rank-10", MPI_STATE, 0.000000, 0.000000, 0.000000, 0.000000, PMPI_Init
State, "rank-10", MPI_STATE, 0.000107, 0.000847, 0.000740, 0.000000, PMPI_Barrier
State, "rank-10", MPI_STATE, 0.000881, 0.004910, 0.004029, 0.000000, PMPI_Recv
State, "rank-10", MPI_STATE, 0.007907, 0.007907, 0.000000, 0.000000, PMPI_Reduce
State, "rank-10", MPI_STATE, 0.007910, 0.007910, 0.000000, 0.000000, PMPI_Reduce
State, "rank-10", MPI_STATE, 0.007912, 0.008239, 0.000327, 0.000000, PMPI_Barrier
State, "rank-10", MPI_STATE, 0.008241, 0.008241, 0.000000, 0.000000, PMPI_Finalize
Container, 0, MPI, 0, 0.00824, 0.00824, "rank-108"
State, "rank-108", MPI_STATE, 0.000000, 0.000000, 0.000000, 0.000000, PMPI_Init
State, "rank-108", MPI_STATE, 0.000086, 0.000847, 0.000761, 0.000000, PMPI_Barrier
State, "rank-108", MPI_STATE, 0.000873, 0.001643, 0.000770, 0.000000, PMPI_Recv
State, "rank-108", MPI_STATE, 0.001648, 0.002026, 0.000378, 0.000000, PMPI_Send
State, "rank-108", MPI_STATE, 0.002027, 0.002405, 0.000378, 0.000000, PMPI_Send
State, "rank-108", MPI_STATE, 0.002406, 0.002784, 0.000378, 0.000000, PMPI_Send
State, "rank-108", MPI_STATE, 0.002785, 0.003162, 0.000377, 0.000000, PMPI_Send
State, "rank-108", MPI_STATE, 0.003163, 0.003540, 0.000377, 0.000000, PMPI_Send
State, "rank-108", MPI_STATE, 0.006525, 0.006525, 0.000000, 0.000000, PMPI_Reduce
State, "rank-108", MPI_STATE, 0.006527, 0.006527, 0.000000, 0.000000, PMPI_Reduce
State, "rank-108", MPI_STATE, 0.006529, 0.008239, 0.001710, 0.000000, PMPI_Barrier
State, "rank-108", MPI_STATE, 0.008240, 0.008240, 0.000000, 0.000000, PMPI_Finalize
Container, 0, MPI, 0, 0.008241, 0.008241, "rank-107"
State, "rank-107", MPI_STATE, 0.000000, 0.000000, 0.000000, 0.000000, PMPI_Init
State, "rank-107", MPI_STATE, 0.000085, 0.000847, 0.000762, 0.000000, PMPI_Barrier
State, "rank-107", MPI_STATE, 0.000874, 0.003543, 0.002669, 0.000000, PMPI_Recv
State, "rank-107", MPI_STATE, 0.006534, 0.006534, 0.000000, 0.000000, PMPI_Reduce
State, "rank-107", MPI_STATE, 0.006538, 0.006538, 0.000000, 0.000000, PMPI_Reduce
State, "rank-107", MPI_STATE, 0.006540, 0.008239, 0.001699, 0.000000, PMPI_Barrier
State, "rank-107", MPI_STATE, 0.008241, 0.008241, 0.000000, 0.000000, PMPI_Finalize
Container, 0, MPI, 0, 0.008241, 0.008241, "rank-106"
State, "rank-106", MPI_STATE, 0.000000, 0.000000, 0.000000, 0.000000, PMPI_Init
State, "rank-106", MPI_STATE, 0.000086, 0.000847, 0.000761, 0.000000, PMPI_Barrier
State, "rank-106", MPI_STATE, 0.000871, 0.002792, 0.001921, 0.000000, PMPI_Recv
State, "rank-106", MPI_STATE, 0.002795, 0.003174, 0.000379, 0.000000, PMPI_Send
State, "rank-106", MPI_STATE, 0.003176, 0.003553, 0.000377, 0.000000, PMPI_Send
State, "rank-106", MPI_STATE, 0.006610, 0.006610, 0.000000, 0.000000, PMPI_Reduce
State, "rank-106", MPI_STATE, 0.006613, 0.006613, 0.000000, 0.000000, PMPI_Reduce
State, "rank-106", MPI_STATE, 0.006616, 0.008239, 0.001623, 0.000000, PMPI_Barrier
State, "rank-106", MPI_STATE, 0.008241, 0.008241, 0.000000, 0.000000, PMPI_Finalize
Container, 0, MPI, 0, 0.008241, 0.008241, "rank-105"
State, "rank-105", MPI_STATE, 0.000000, 0.000000, 0.000000, 0.000000, PMPI_Init
State, "rank-105", MPI_STATE, 0.000092, 0.000847, 0.000755, 0.000000, PMPI_Barrier
State, "rank-105", MPI_STATE, 0.000878, 0.003169, 0.002291, 0.000000, PMPI_Recv
State, "rank-105", MPI_STATE, 0.003171, 0.003548, 0.000377, 0.000000, PMPI_Send
State, "rank-105", MPI_STATE, 0.006538, 0.006538, 0.000000, 0.000000, PMPI_Reduce
State, "rank-105", MPI_STATE, 0.006541, 0.006541, 0.000000, 0.000000, PMPI_Reduce
State, "rank-105", MPI_STATE, 0.006542, 0.008239, 0.001697, 0.000000, PMPI_Barrier
State, "rank-105", MPI_STATE, 0.008241, 0.008241, 0.000000, 0.000000, PMPI_Finalize
Container, 0, MPI, 0, 0.008241, 0.008241, "rank-104"
State, "rank-104", MPI_STATE, 0.000000, 0.000000, 0.000000, 0.000000, PMPI_Init
State, "rank-104", MPI_STATE, 0.000102, 0.000847, 0.000745, 0.000000, PMPI_Barrier
State, "rank-104", MPI_STATE, 0.000875, 0.003168, 0.002293, 0.000000, PMPI_Recv
State, "rank-104", MPI_STATE, 0.003171, 0.003548, 0.000377, 0.000000, PMPI_Send
State, "rank-104", MPI_STATE, 0.006534, 0.006534, 0.000000, 0.000000, PMPI_Reduce
State, "rank-104", MPI_STATE, 0.006537, 0.006537, 0.000000, 0.000000, PMPI_Reduce
State, "rank-104", MPI_STATE, 0.006539, 0.008239, 0.001700, 0.000000, PMPI_Barrier
State, "rank-104", MPI_STATE, 0.008241, 0.008241, 0.000000, 0.000000, PMPI_Finalize
Container, 0, MPI, 0, 0.008241, 0.008241, "rank-103"
State, "rank-103", MPI_STATE, 0.000000, 0.000000, 0.000000, 0.000000, PMPI_Init
State, "rank-103", MPI_STATE, 0.000104, 0.000847, 0.000743, 0.000000, PMPI_Barrier
State, "rank-103", MPI_STATE, 0.000871, 0.002405, 0.001534, 0.000000, PMPI_Recv
State, "rank-103", MPI_STATE, 0.002406, 0.002783, 0.000377, 0.000000, PMPI_Send
State, "rank-103", MPI_STATE, 0.002785, 0.003164, 0.000379, 0.000000, PMPI_Send
State, "rank-103", MPI_STATE, 0.003165, 0.003544, 0.000379, 0.000000, PMPI_Send
State, "rank-103", MPI_STATE, 0.006531, 0.006531, 0.000000, 0.000000, PMPI_Reduce
State, "rank-103", MPI_STATE, 0.006533, 0.006533, 0.000000, 0.000000, PMPI_Reduce
State, "rank-103", MPI_STATE, 0.006535, 0.008239, 0.001704, 0.000000, PMPI_Barrier
State, "rank-103", MPI_STATE, 0.008241, 0.008241, 0.000000, 0.000000, PMPI_Finalize
Container, 0, MPI, 0, 0.008241, 0.008241, "rank-102"
State, "rank-102", MPI_STATE, 0.000000, 0.000000, 0.000000, 0.000000, PMPI_Init
State, "rank-102", MPI_STATE, 0.000103, 0.000847, 0.000744, 0.000000, PMPI_Barrier
State, "rank-102", MPI_STATE, 0.000872, 0.003551, 0.002679, 0.000000, PMPI_Recv
State, "rank-102", MPI_STATE, 0.006547, 0.006547, 0.000000, 0.000000, PMPI_Reduce
State, "rank-102", MPI_STATE, 0.006550, 0.006550, 0.000000, 0.000000, PMPI_Reduce
State, "rank-102", MPI_STATE, 0.006551, 0.008239, 0.001688, 0.000000, PMPI_Barrier
State, "rank-102", MPI_STATE, 0.008241, 0.008241, 0.000000, 0.000000, PMPI_Finalize
Container, 0, MPI, 0, 0.008241, 0.008241, "rank-101"
State, "rank-101", MPI_STATE, 0.000000, 0.000000, 0.000000, 0.000000, PMPI_Init
State, "rank-101", MPI_STATE, 0.000103, 0.000847, 0.000744, 0.000000, PMPI_Barrier
State, "rank-101", MPI_STATE, 0.000871, 0.003543, 0.002672, 0.000000, PMPI_Recv
State, "rank-101", MPI_STATE, 0.006528, 0.006528, 0.000000, 0.000000, PMPI_Reduce
State, "rank-101", MPI_STATE, 0.006530, 0.006530, 0.000000, 0.000000, PMPI_Reduce
State, "rank-101", MPI_STATE, 0.006531, 0.008239, 0.001708, 0.000000, PMPI_Barrier
State, "rank-101", MPI_STATE, 0.008241, 0.008241, 0.000000, 0.000000, PMPI_Finalize
Container, 0, MPI, 0, 0.008241, 0.008241, "rank-100"
State, "rank-100", MPI_STATE, 0.000000, 0.000000, 0.000000, 0.000000, PMPI_Init
State, "rank-100", MPI_STATE, 0.000102, 0.000847, 0.000745, 0.000000, PMPI_Barrier
State, "rank-100", MPI_STATE, 0.000873, 0.003542, 0.002669, 0.000000, PMPI_Recv
State, "rank-100", MPI_STATE, 0.006541, 0.006541, 0.000000, 0.000000, PMPI_Reduce
State, "rank-100", MPI_STATE, 0.006544, 0.006544, 0.000000, 0.000000, PMPI_Reduce
State, "rank-100", MPI_STATE, 0.006547, 0.008239, 0.001692, 0.000000, PMPI_Barrier
State, "rank-100", MPI_STATE, 0.008241, 0.008241, 0.000000, 0.000000, PMPI_Finalize
Container, 0, MPI, 0, 0.008241, 0.008241, "rank-99"
State, "rank-99", MPI_STATE, 0.000000, 0.000000, 0.000000, 0.000000, PMPI_Init
State, "rank-99", MPI_STATE, 0.000102, 0.000847, 0.000745, 0.000000, PMPI_Barrier
State, "rank-99", MPI_STATE, 0.000870, 0.003543, 0.002673, 0.000000, PMPI_Recv
State, "rank-99", MPI_STATE, 0.006538, 0.006538, 0.000000, 0.000000, PMPI_Reduce
State, "rank-99", MPI_STATE, 0.006541, 0.006541, 0.000000, 0.000000, PMPI_Reduce
State, "rank-99", MPI_STATE, 0.006543, 0.008239, 0.001696, 0.000000, PMPI_Barrier
State, "rank-99", MPI_STATE, 0.008241, 0.008241, 0.000000, 0.000000, PMPI_Finalize
Container, 0, MPI, 0, 0.008241, 0.008241, "rank-9"
State, "rank-9", MPI_STATE, 0.000000, 0.000000, 0.000000, 0.000000, PMPI_Init
State, "rank-9", MPI_STATE, 0.000096, 0.000847, 0.000751, 0.000000, PMPI_Barrier
State, "rank-9", MPI_STATE, 0.000874, 0.003749, 0.002875, 0.000000, PMPI_Recv
State, "rank-9", MPI_STATE, 0.003753, 0.004380, 0.000627, 0.000000, PMPI_Send
State, "rank-9", MPI_STATE, 0.007391, 0.007391, 0.000000, 0.000000, PMPI_Reduce
State, "rank-9", MPI_STATE, 0.007393, 0.007393, 0.000000, 0.000000, PMPI_Reduce
State, "rank-9", MPI_STATE, 0.007395, 0.008239, 0.000844, 0.000000, PMPI_Barrier
State, "rank-9", MPI_STATE, 0.008241, 0.008241, 0.000000, 0.000000, PMPI_Finalize
Container, 0, MPI, 0, 0.008274, 0.008274, "rank-0"
State, "rank-0", MPI_STATE, 0.000000, 0.000000, 0.000000, 0.000000, PMPI_Init
State, "rank-0", MPI_STATE, 0.000845, 0.000846, 0.000001, 0.000000, PMPI_Barrier
State, "rank-0", MPI_STATE, 0.000880, 0.001260, 0.000380, 0.000000, PMPI_Send
State, "rank-0", MPI_STATE, 0.001262, 0.001640, 0.000378, 0.000000, PMPI_Send
State, "rank-0", MPI_STATE, 0.001642, 0.002019, 0.000377, 0.000000, PMPI_Send
State, "rank-0", MPI_STATE, 0.002021, 0.002582, 0.000561, 0.000000, PMPI_Send
State, "rank-0", MPI_STATE, 0.002584, 0.002960, 0.000376, 0.000000, PMPI_Send
State, "rank-0", MPI_STATE, 0.002961, 0.003405, 0.000444, 0.000000, PMPI_Send
State, "rank-0", MPI_STATE, 0.003406, 0.003950, 0.000544, 0.000000, PMPI_Send
State, "rank-0", MPI_STATE, 0.006975, 0.008231, 0.001256, 0.000000, PMPI_Reduce
State, "rank-0", MPI_STATE, 0.008233, 0.008235, 0.000002, 0.000000, PMPI_Reduce
State, "rank-0", MPI_STATE, 0.008237, 0.008238, 0.000001, 0.000000, PMPI_Barrier
State, "rank-0", MPI_STATE, 0.008274, 0.008274, 0.000000, 0.000000, PMPI_Finalize
