#This file was generated using SimGrid-4.1.0
#[/Users/j/Desktop/A-Bcast-Model-for-Given-Topologies/bin/runner /Users/j/Desktop/A-Bcast-Model-for-Given-Topologies/topo/Butterfly/platform_butterfly_128.xml mpi 4194304 128 0 _ _ ]
%EventDef PajeDefineContainerType 0
%       Alias string
%       Type string
%       Name string
%EndEventDef
%EventDef PajeDefineVariableType 1
%       Alias string
%       Type string
%       Name string
%       Color color
%EndEventDef
%EventDef PajeDefineStateType 2
%       Alias string
%       Type string
%       Name string
%EndEventDef
%EventDef PajeDefineEventType 3
%       Alias string
%       Type string
%       Name string
%EndEventDef
%EventDef PajeDefineLinkType 4
%       Alias string
%       Type string
%       StartContainerType string
%       EndContainerType string
%       Name string
%EndEventDef
%EventDef PajeDefineEntityValue 5
%       Alias string
%       Type string
%       Name string
%       Color color
%EndEventDef
%EventDef PajeCreateContainer 6
%       Time date
%       Alias string
%       Type string
%       Container string
%       Name string
%EndEventDef
%EventDef PajeDestroyContainer 7
%       Time date
%       Type string
%       Name string
%EndEventDef
%EventDef PajeSetVariable 8
%       Time date
%       Type string
%       Container string
%       Value double
%EndEventDef
%EventDef PajeAddVariable 9
%       Time date
%       Type string
%       Container string
%       Value double
%EndEventDef
%EventDef PajeSubVariable 10
%       Time date
%       Type string
%       Container string
%       Value double
%EndEventDef
%EventDef PajeSetState 11
%       Time date
%       Type string
%       Container string
%       Value string
%EndEventDef
%EventDef PajePushState 12
%       Time date
%       Type string
%       Container string
%       Value string
%EndEventDef
%EventDef PajePopState 13
%       Time date
%       Type string
%       Container string
%EndEventDef
%EventDef PajeResetState 14
%       Time date
%       Type string
%       Container string
%EndEventDef
%EventDef PajeStartLink 15
%       Time date
%       Type string
%       Container string
%       Value string
%       StartContainer string
%       Key string
%EndEventDef
%EventDef PajeEndLink 16
%       Time date
%       Type string
%       Container string
%       Value string
%       EndContainer string
%       Key string
%EndEventDef
%EventDef PajeNewEvent 17
%       Time date
%       Type string
%       Container string
%       Value string
%EndEventDef
0 1 0 MPI
2 2 1 MPI_STATE
4 3 0 1 1 MPI_LINK
4 4 0 1 1 MIGRATE_LINK
2 5 1 MIGRATE_STATE
6 0.000000 1 1 0 "rank-0"
6 0.000000 2 1 0 "rank-1"
6 0.000000 3 1 0 "rank-2"
6 0.000000 4 1 0 "rank-3"
6 0.000000 5 1 0 "rank-4"
6 0.000000 6 1 0 "rank-5"
6 0.000000 7 1 0 "rank-6"
6 0.000000 8 1 0 "rank-7"
6 0.000000 9 1 0 "rank-8"
6 0.000000 10 1 0 "rank-9"
6 0.000000 11 1 0 "rank-10"
6 0.000000 12 1 0 "rank-11"
6 0.000000 13 1 0 "rank-12"
6 0.000000 14 1 0 "rank-13"
6 0.000000 15 1 0 "rank-14"
6 0.000000 16 1 0 "rank-15"
6 0.000000 17 1 0 "rank-16"
6 0.000000 18 1 0 "rank-17"
6 0.000000 19 1 0 "rank-18"
6 0.000000 20 1 0 "rank-19"
6 0.000000 21 1 0 "rank-20"
6 0.000000 22 1 0 "rank-21"
6 0.000000 23 1 0 "rank-22"
6 0.000000 24 1 0 "rank-23"
6 0.000000 25 1 0 "rank-24"
6 0.000000 26 1 0 "rank-25"
6 0.000000 27 1 0 "rank-26"
6 0.000000 28 1 0 "rank-27"
6 0.000000 29 1 0 "rank-28"
6 0.000000 30 1 0 "rank-29"
6 0.000000 31 1 0 "rank-30"
6 0.000000 32 1 0 "rank-31"
6 0.000000 33 1 0 "rank-32"
6 0.000000 34 1 0 "rank-33"
6 0.000000 35 1 0 "rank-34"
6 0.000000 36 1 0 "rank-35"
6 0.000000 37 1 0 "rank-36"
6 0.000000 38 1 0 "rank-37"
6 0.000000 39 1 0 "rank-38"
6 0.000000 40 1 0 "rank-39"
6 0.000000 41 1 0 "rank-40"
6 0.000000 42 1 0 "rank-41"
6 0.000000 43 1 0 "rank-42"
6 0.000000 44 1 0 "rank-43"
6 0.000000 45 1 0 "rank-44"
6 0.000000 46 1 0 "rank-45"
6 0.000000 47 1 0 "rank-46"
6 0.000000 48 1 0 "rank-47"
6 0.000000 49 1 0 "rank-48"
6 0.000000 50 1 0 "rank-49"
6 0.000000 51 1 0 "rank-50"
6 0.000000 52 1 0 "rank-51"
6 0.000000 53 1 0 "rank-52"
6 0.000000 54 1 0 "rank-53"
6 0.000000 55 1 0 "rank-54"
6 0.000000 56 1 0 "rank-55"
6 0.000000 57 1 0 "rank-56"
6 0.000000 58 1 0 "rank-57"
6 0.000000 59 1 0 "rank-58"
6 0.000000 60 1 0 "rank-59"
6 0.000000 61 1 0 "rank-60"
6 0.000000 62 1 0 "rank-61"
6 0.000000 63 1 0 "rank-62"
6 0.000000 64 1 0 "rank-63"
6 0.000000 65 1 0 "rank-64"
6 0.000000 66 1 0 "rank-65"
6 0.000000 67 1 0 "rank-66"
6 0.000000 68 1 0 "rank-67"
6 0.000000 69 1 0 "rank-68"
6 0.000000 70 1 0 "rank-69"
6 0.000000 71 1 0 "rank-70"
6 0.000000 72 1 0 "rank-71"
6 0.000000 73 1 0 "rank-72"
6 0.000000 74 1 0 "rank-73"
6 0.000000 75 1 0 "rank-74"
6 0.000000 76 1 0 "rank-75"
6 0.000000 77 1 0 "rank-76"
6 0.000000 78 1 0 "rank-77"
6 0.000000 79 1 0 "rank-78"
6 0.000000 80 1 0 "rank-79"
6 0.000000 81 1 0 "rank-80"
6 0.000000 82 1 0 "rank-81"
6 0.000000 83 1 0 "rank-82"
6 0.000000 84 1 0 "rank-83"
6 0.000000 85 1 0 "rank-84"
6 0.000000 86 1 0 "rank-85"
6 0.000000 87 1 0 "rank-86"
6 0.000000 88 1 0 "rank-87"
6 0.000000 89 1 0 "rank-88"
6 0.000000 90 1 0 "rank-89"
6 0.000000 91 1 0 "rank-90"
6 0.000000 92 1 0 "rank-91"
6 0.000000 93 1 0 "rank-92"
6 0.000000 94 1 0 "rank-93"
6 0.000000 95 1 0 "rank-94"
6 0.000000 96 1 0 "rank-95"
6 0.000000 97 1 0 "rank-96"
6 0.000000 98 1 0 "rank-97"
6 0.000000 99 1 0 "rank-98"
6 0.000000 100 1 0 "rank-99"
6 0.000000 101 1 0 "rank-100"
6 0.000000 102 1 0 "rank-101"
6 0.000000 103 1 0 "rank-102"
6 0.000000 104 1 0 "rank-103"
6 0.000000 105 1 0 "rank-104"
6 0.000000 106 1 0 "rank-105"
6 0.000000 107 1 0 "rank-106"
6 0.000000 108 1 0 "rank-107"
6 0.000000 109 1 0 "rank-108"
6 0.000000 110 1 0 "rank-109"
6 0.000000 111 1 0 "rank-110"
6 0.000000 112 1 0 "rank-111"
6 0.000000 113 1 0 "rank-112"
6 0.000000 114 1 0 "rank-113"
6 0.000000 115 1 0 "rank-114"
6 0.000000 116 1 0 "rank-115"
6 0.000000 117 1 0 "rank-116"
6 0.000000 118 1 0 "rank-117"
6 0.000000 119 1 0 "rank-118"
6 0.000000 120 1 0 "rank-119"
6 0.000000 121 1 0 "rank-120"
6 0.000000 122 1 0 "rank-121"
6 0.000000 123 1 0 "rank-122"
6 0.000000 124 1 0 "rank-123"
6 0.000000 125 1 0 "rank-124"
6 0.000000 126 1 0 "rank-125"
6 0.000000 127 1 0 "rank-126"
6 0.000000 128 1 0 "rank-127"
5 6 2 PMPI_Init "0 1 0"
12 0.000000 2 1 6
13 0.000000 2 1
12 0.000000 2 2 6
13 0.000000 2 2
12 0.000000 2 3 6
13 0.000000 2 3
12 0.000000 2 4 6
13 0.000000 2 4
12 0.000000 2 5 6
13 0.000000 2 5
12 0.000000 2 6 6
13 0.000000 2 6
12 0.000000 2 7 6
13 0.000000 2 7
12 0.000000 2 8 6
13 0.000000 2 8
12 0.000000 2 9 6
13 0.000000 2 9
12 0.000000 2 10 6
13 0.000000 2 10
12 0.000000 2 11 6
13 0.000000 2 11
12 0.000000 2 12 6
13 0.000000 2 12
12 0.000000 2 13 6
13 0.000000 2 13
12 0.000000 2 14 6
13 0.000000 2 14
12 0.000000 2 15 6
13 0.000000 2 15
12 0.000000 2 16 6
13 0.000000 2 16
12 0.000000 2 17 6
13 0.000000 2 17
12 0.000000 2 18 6
13 0.000000 2 18
12 0.000000 2 19 6
13 0.000000 2 19
12 0.000000 2 20 6
13 0.000000 2 20
12 0.000000 2 21 6
13 0.000000 2 21
12 0.000000 2 22 6
13 0.000000 2 22
12 0.000000 2 23 6
13 0.000000 2 23
12 0.000000 2 24 6
13 0.000000 2 24
12 0.000000 2 25 6
13 0.000000 2 25
12 0.000000 2 26 6
13 0.000000 2 26
12 0.000000 2 27 6
13 0.000000 2 27
12 0.000000 2 28 6
13 0.000000 2 28
12 0.000000 2 29 6
13 0.000000 2 29
12 0.000000 2 30 6
13 0.000000 2 30
12 0.000000 2 31 6
13 0.000000 2 31
12 0.000000 2 32 6
13 0.000000 2 32
12 0.000000 2 33 6
13 0.000000 2 33
12 0.000000 2 34 6
13 0.000000 2 34
12 0.000000 2 35 6
13 0.000000 2 35
12 0.000000 2 36 6
13 0.000000 2 36
12 0.000000 2 37 6
13 0.000000 2 37
12 0.000000 2 38 6
13 0.000000 2 38
12 0.000000 2 39 6
13 0.000000 2 39
12 0.000000 2 40 6
13 0.000000 2 40
12 0.000000 2 41 6
13 0.000000 2 41
12 0.000000 2 42 6
13 0.000000 2 42
12 0.000000 2 43 6
13 0.000000 2 43
12 0.000000 2 44 6
13 0.000000 2 44
12 0.000000 2 45 6
13 0.000000 2 45
12 0.000000 2 46 6
13 0.000000 2 46
12 0.000000 2 47 6
13 0.000000 2 47
12 0.000000 2 48 6
13 0.000000 2 48
12 0.000000 2 49 6
13 0.000000 2 49
12 0.000000 2 50 6
13 0.000000 2 50
12 0.000000 2 51 6
13 0.000000 2 51
12 0.000000 2 52 6
13 0.000000 2 52
12 0.000000 2 53 6
13 0.000000 2 53
12 0.000000 2 54 6
13 0.000000 2 54
12 0.000000 2 55 6
13 0.000000 2 55
12 0.000000 2 56 6
13 0.000000 2 56
12 0.000000 2 57 6
13 0.000000 2 57
12 0.000000 2 58 6
13 0.000000 2 58
12 0.000000 2 59 6
13 0.000000 2 59
12 0.000000 2 60 6
13 0.000000 2 60
12 0.000000 2 61 6
13 0.000000 2 61
12 0.000000 2 62 6
13 0.000000 2 62
12 0.000000 2 63 6
13 0.000000 2 63
12 0.000000 2 64 6
13 0.000000 2 64
12 0.000000 2 65 6
13 0.000000 2 65
12 0.000000 2 66 6
13 0.000000 2 66
12 0.000000 2 67 6
13 0.000000 2 67
12 0.000000 2 68 6
13 0.000000 2 68
12 0.000000 2 69 6
13 0.000000 2 69
12 0.000000 2 70 6
13 0.000000 2 70
12 0.000000 2 71 6
13 0.000000 2 71
12 0.000000 2 72 6
13 0.000000 2 72
12 0.000000 2 73 6
13 0.000000 2 73
12 0.000000 2 74 6
13 0.000000 2 74
12 0.000000 2 75 6
13 0.000000 2 75
12 0.000000 2 76 6
13 0.000000 2 76
12 0.000000 2 77 6
13 0.000000 2 77
12 0.000000 2 78 6
13 0.000000 2 78
12 0.000000 2 79 6
13 0.000000 2 79
12 0.000000 2 80 6
13 0.000000 2 80
12 0.000000 2 81 6
13 0.000000 2 81
12 0.000000 2 82 6
13 0.000000 2 82
12 0.000000 2 83 6
13 0.000000 2 83
12 0.000000 2 84 6
13 0.000000 2 84
12 0.000000 2 85 6
13 0.000000 2 85
12 0.000000 2 86 6
13 0.000000 2 86
12 0.000000 2 87 6
13 0.000000 2 87
12 0.000000 2 88 6
13 0.000000 2 88
12 0.000000 2 89 6
13 0.000000 2 89
12 0.000000 2 90 6
13 0.000000 2 90
12 0.000000 2 91 6
13 0.000000 2 91
12 0.000000 2 92 6
13 0.000000 2 92
12 0.000000 2 93 6
13 0.000000 2 93
12 0.000000 2 94 6
13 0.000000 2 94
12 0.000000 2 95 6
13 0.000000 2 95
12 0.000000 2 96 6
13 0.000000 2 96
12 0.000000 2 97 6
13 0.000000 2 97
12 0.000000 2 98 6
13 0.000000 2 98
12 0.000000 2 99 6
13 0.000000 2 99
12 0.000000 2 100 6
13 0.000000 2 100
12 0.000000 2 101 6
13 0.000000 2 101
12 0.000000 2 102 6
13 0.000000 2 102
12 0.000000 2 103 6
13 0.000000 2 103
12 0.000000 2 104 6
13 0.000000 2 104
12 0.000000 2 105 6
13 0.000000 2 105
12 0.000000 2 106 6
13 0.000000 2 106
12 0.000000 2 107 6
13 0.000000 2 107
12 0.000000 2 108 6
13 0.000000 2 108
12 0.000000 2 109 6
13 0.000000 2 109
12 0.000000 2 110 6
13 0.000000 2 110
12 0.000000 2 111 6
13 0.000000 2 111
12 0.000000 2 112 6
13 0.000000 2 112
12 0.000000 2 113 6
13 0.000000 2 113
12 0.000000 2 114 6
13 0.000000 2 114
12 0.000000 2 115 6
13 0.000000 2 115
12 0.000000 2 116 6
13 0.000000 2 116
12 0.000000 2 117 6
13 0.000000 2 117
12 0.000000 2 118 6
13 0.000000 2 118
12 0.000000 2 119 6
13 0.000000 2 119
12 0.000000 2 120 6
13 0.000000 2 120
12 0.000000 2 121 6
13 0.000000 2 121
12 0.000000 2 122 6
13 0.000000 2 122
12 0.000000 2 123 6
13 0.000000 2 123
12 0.000000 2 124 6
13 0.000000 2 124
12 0.000000 2 125 6
13 0.000000 2 125
12 0.000000 2 126 6
13 0.000000 2 126
12 0.000000 2 127 6
13 0.000000 2 127
12 0.000000 2 128 6
13 0.000000 2 128
5 7 2 PMPI_Barrier "0 0.39 0.78"
5 8 2 PMPI_Bcast "0 0.78 0.39"
5 9 2 PMPI_Reduce "0 1 0"
5 10 2 PMPI_Finalize "0 1 0"
12 0.000023 2 31 7
15 0.000023 3 0 PTP 31 31_1_-778_1
12 0.000023 2 51 7
15 0.000023 3 0 PTP 51 51_1_-778_2
12 0.000023 2 107 7
15 0.000023 3 0 PTP 107 107_1_-778_3
12 0.000024 2 29 7
15 0.000024 3 0 PTP 29 29_1_-778_4
12 0.000024 2 32 7
15 0.000024 3 0 PTP 32 32_1_-778_5
12 0.000024 2 36 7
15 0.000024 3 0 PTP 36 36_1_-778_6
12 0.000024 2 43 7
15 0.000024 3 0 PTP 43 43_1_-778_7
12 0.000024 2 45 7
15 0.000024 3 0 PTP 45 45_1_-778_8
12 0.000024 2 53 7
15 0.000024 3 0 PTP 53 53_1_-778_9
12 0.000024 2 59 7
15 0.000024 3 0 PTP 59 59_1_-778_10
12 0.000024 2 61 7
15 0.000024 3 0 PTP 61 61_1_-778_11
12 0.000024 2 64 7
15 0.000024 3 0 PTP 64 64_1_-778_12
12 0.000024 2 65 7
15 0.000024 3 0 PTP 65 65_1_-778_13
12 0.000024 2 66 7
15 0.000024 3 0 PTP 66 66_1_-778_14
12 0.000024 2 67 7
15 0.000024 3 0 PTP 67 67_1_-778_15
12 0.000024 2 72 7
15 0.000024 3 0 PTP 72 72_1_-778_16
12 0.000024 2 77 7
15 0.000024 3 0 PTP 77 77_1_-778_17
12 0.000024 2 83 7
15 0.000024 3 0 PTP 83 83_1_-778_18
12 0.000024 2 85 7
15 0.000024 3 0 PTP 85 85_1_-778_19
12 0.000024 2 101 7
15 0.000024 3 0 PTP 101 101_1_-778_20
12 0.000024 2 105 7
15 0.000024 3 0 PTP 105 105_1_-778_21
12 0.000024 2 106 7
15 0.000024 3 0 PTP 106 106_1_-778_22
12 0.000024 2 108 7
15 0.000024 3 0 PTP 108 108_1_-778_23
12 0.000024 2 111 7
15 0.000024 3 0 PTP 111 111_1_-778_24
12 0.000024 2 115 7
15 0.000024 3 0 PTP 115 115_1_-778_25
12 0.000024 2 126 7
15 0.000024 3 0 PTP 126 126_1_-778_26
12 0.000024 2 128 7
15 0.000024 3 0 PTP 128 128_1_-778_27
12 0.000025 2 20 7
15 0.000025 3 0 PTP 20 20_1_-778_28
12 0.000025 2 21 7
15 0.000025 3 0 PTP 21 21_1_-778_29
12 0.000025 2 22 7
15 0.000025 3 0 PTP 22 22_1_-778_30
12 0.000025 2 23 7
15 0.000025 3 0 PTP 23 23_1_-778_31
12 0.000025 2 24 7
15 0.000025 3 0 PTP 24 24_1_-778_32
12 0.000025 2 33 7
15 0.000025 3 0 PTP 33 33_1_-778_33
12 0.000025 2 34 7
15 0.000025 3 0 PTP 34 34_1_-778_34
12 0.000025 2 35 7
15 0.000025 3 0 PTP 35 35_1_-778_35
12 0.000025 2 37 7
15 0.000025 3 0 PTP 37 37_1_-778_36
12 0.000025 2 39 7
15 0.000025 3 0 PTP 39 39_1_-778_37
12 0.000025 2 40 7
15 0.000025 3 0 PTP 40 40_1_-778_38
12 0.000025 2 42 7
15 0.000025 3 0 PTP 42 42_1_-778_39
12 0.000025 2 44 7
15 0.000025 3 0 PTP 44 44_1_-778_40
12 0.000025 2 46 7
15 0.000025 3 0 PTP 46 46_1_-778_41
12 0.000025 2 48 7
15 0.000025 3 0 PTP 48 48_1_-778_42
12 0.000025 2 49 7
15 0.000025 3 0 PTP 49 49_1_-778_43
12 0.000025 2 50 7
15 0.000025 3 0 PTP 50 50_1_-778_44
12 0.000025 2 52 7
15 0.000025 3 0 PTP 52 52_1_-778_45
12 0.000025 2 54 7
15 0.000025 3 0 PTP 54 54_1_-778_46
12 0.000025 2 55 7
15 0.000025 3 0 PTP 55 55_1_-778_47
12 0.000025 2 56 7
15 0.000025 3 0 PTP 56 56_1_-778_48
12 0.000025 2 57 7
15 0.000025 3 0 PTP 57 57_1_-778_49
12 0.000025 2 60 7
15 0.000025 3 0 PTP 60 60_1_-778_50
12 0.000025 2 62 7
15 0.000025 3 0 PTP 62 62_1_-778_51
12 0.000025 2 63 7
15 0.000025 3 0 PTP 63 63_1_-778_52
12 0.000025 2 68 7
15 0.000025 3 0 PTP 68 68_1_-778_53
12 0.000025 2 69 7
15 0.000025 3 0 PTP 69 69_1_-778_54
12 0.000025 2 70 7
15 0.000025 3 0 PTP 70 70_1_-778_55
12 0.000025 2 71 7
15 0.000025 3 0 PTP 71 71_1_-778_56
12 0.000025 2 73 7
15 0.000025 3 0 PTP 73 73_1_-778_57
12 0.000025 2 74 7
15 0.000025 3 0 PTP 74 74_1_-778_58
12 0.000025 2 75 7
15 0.000025 3 0 PTP 75 75_1_-778_59
12 0.000025 2 76 7
15 0.000025 3 0 PTP 76 76_1_-778_60
12 0.000025 2 79 7
15 0.000025 3 0 PTP 79 79_1_-778_61
12 0.000025 2 81 7
15 0.000025 3 0 PTP 81 81_1_-778_62
12 0.000025 2 82 7
15 0.000025 3 0 PTP 82 82_1_-778_63
12 0.000025 2 84 7
15 0.000025 3 0 PTP 84 84_1_-778_64
12 0.000025 2 86 7
15 0.000025 3 0 PTP 86 86_1_-778_65
12 0.000025 2 87 7
15 0.000025 3 0 PTP 87 87_1_-778_66
12 0.000025 2 88 7
15 0.000025 3 0 PTP 88 88_1_-778_67
12 0.000025 2 89 7
15 0.000025 3 0 PTP 89 89_1_-778_68
12 0.000025 2 91 7
15 0.000025 3 0 PTP 91 91_1_-778_69
12 0.000025 2 92 7
15 0.000025 3 0 PTP 92 92_1_-778_70
12 0.000025 2 94 7
15 0.000025 3 0 PTP 94 94_1_-778_71
12 0.000025 2 95 7
15 0.000025 3 0 PTP 95 95_1_-778_72
12 0.000025 2 97 7
15 0.000025 3 0 PTP 97 97_1_-778_73
12 0.000025 2 98 7
15 0.000025 3 0 PTP 98 98_1_-778_74
12 0.000025 2 99 7
15 0.000025 3 0 PTP 99 99_1_-778_75
12 0.000025 2 100 7
15 0.000025 3 0 PTP 100 100_1_-778_76
12 0.000025 2 102 7
15 0.000025 3 0 PTP 102 102_1_-778_77
12 0.000025 2 103 7
15 0.000025 3 0 PTP 103 103_1_-778_78
12 0.000025 2 104 7
15 0.000025 3 0 PTP 104 104_1_-778_79
12 0.000025 2 113 7
15 0.000025 3 0 PTP 113 113_1_-778_80
12 0.000025 2 116 7
15 0.000025 3 0 PTP 116 116_1_-778_81
12 0.000025 2 118 7
15 0.000025 3 0 PTP 118 118_1_-778_82
12 0.000025 2 119 7
15 0.000025 3 0 PTP 119 119_1_-778_83
12 0.000025 2 120 7
15 0.000025 3 0 PTP 120 120_1_-778_84
12 0.000025 2 122 7
15 0.000025 3 0 PTP 122 122_1_-778_85
12 0.000025 2 124 7
15 0.000025 3 0 PTP 124 124_1_-778_86
12 0.000025 2 127 7
15 0.000025 3 0 PTP 127 127_1_-778_87
12 0.000026 2 13 7
15 0.000026 3 0 PTP 13 13_1_-778_88
12 0.000026 2 25 7
15 0.000026 3 0 PTP 25 25_1_-778_89
12 0.000026 2 27 7
15 0.000026 3 0 PTP 27 27_1_-778_90
12 0.000026 2 28 7
15 0.000026 3 0 PTP 28 28_1_-778_91
12 0.000026 2 38 7
15 0.000026 3 0 PTP 38 38_1_-778_92
12 0.000026 2 41 7
15 0.000026 3 0 PTP 41 41_1_-778_93
12 0.000026 2 47 7
15 0.000026 3 0 PTP 47 47_1_-778_94
12 0.000026 2 80 7
15 0.000026 3 0 PTP 80 80_1_-778_95
12 0.000026 2 90 7
15 0.000026 3 0 PTP 90 90_1_-778_96
12 0.000026 2 93 7
15 0.000026 3 0 PTP 93 93_1_-778_97
12 0.000026 2 96 7
15 0.000026 3 0 PTP 96 96_1_-778_98
12 0.000026 2 110 7
15 0.000026 3 0 PTP 110 110_1_-778_99
12 0.000026 2 112 7
15 0.000026 3 0 PTP 112 112_1_-778_100
12 0.000026 2 117 7
15 0.000026 3 0 PTP 117 117_1_-778_101
12 0.000026 2 121 7
15 0.000026 3 0 PTP 121 121_1_-778_102
12 0.000026 2 123 7
15 0.000026 3 0 PTP 123 123_1_-778_103
12 0.000026 2 125 7
15 0.000026 3 0 PTP 125 125_1_-778_104
12 0.000027 2 3 7
15 0.000027 3 0 PTP 3 3_1_-778_105
12 0.000027 2 4 7
15 0.000027 3 0 PTP 4 4_1_-778_106
12 0.000027 2 12 7
15 0.000027 3 0 PTP 12 12_1_-778_107
12 0.000027 2 17 7
15 0.000027 3 0 PTP 17 17_1_-778_108
12 0.000027 2 18 7
15 0.000027 3 0 PTP 18 18_1_-778_109
12 0.000027 2 19 7
15 0.000027 3 0 PTP 19 19_1_-778_110
12 0.000027 2 30 7
15 0.000027 3 0 PTP 30 30_1_-778_111
12 0.000028 2 9 7
15 0.000028 3 0 PTP 9 9_1_-778_112
12 0.000028 2 26 7
15 0.000028 3 0 PTP 26 26_1_-778_113
12 0.000028 2 78 7
15 0.000028 3 0 PTP 78 78_1_-778_114
12 0.000029 2 10 7
15 0.000029 3 0 PTP 10 10_1_-778_115
12 0.000029 2 11 7
15 0.000029 3 0 PTP 11 11_1_-778_116
12 0.000029 2 14 7
15 0.000029 3 0 PTP 14 14_1_-778_117
12 0.000029 2 109 7
15 0.000029 3 0 PTP 109 109_1_-778_118
12 0.000030 2 7 7
15 0.000030 3 0 PTP 7 7_1_-778_119
12 0.000030 2 8 7
15 0.000030 3 0 PTP 8 8_1_-778_120
12 0.000030 2 16 7
15 0.000030 3 0 PTP 16 16_1_-778_121
12 0.000031 2 5 7
15 0.000031 3 0 PTP 5 5_1_-778_122
12 0.000031 2 6 7
15 0.000031 3 0 PTP 6 6_1_-778_123
12 0.000031 2 15 7
15 0.000031 3 0 PTP 15 15_1_-778_124
12 0.000031 2 58 7
15 0.000031 3 0 PTP 58 58_1_-778_125
12 0.000031 2 114 7
15 0.000031 3 0 PTP 114 114_1_-778_126
12 0.000041 2 2 7
15 0.000041 3 0 PTP 2 2_1_-778_127
12 0.000233 2 1 7
16 0.000233 3 0 PTP 1 2_1_-778_127
16 0.000233 3 0 PTP 1 3_1_-778_105
16 0.000233 3 0 PTP 1 5_1_-778_122
16 0.000233 3 0 PTP 1 9_1_-778_112
16 0.000233 3 0 PTP 1 17_1_-778_108
16 0.000233 3 0 PTP 1 33_1_-778_33
16 0.000233 3 0 PTP 1 65_1_-778_13
16 0.000233 3 0 PTP 1 97_1_-778_73
16 0.000233 3 0 PTP 1 49_1_-778_43
16 0.000233 3 0 PTP 1 81_1_-778_62
16 0.000233 3 0 PTP 1 25_1_-778_89
16 0.000233 3 0 PTP 1 41_1_-778_93
16 0.000233 3 0 PTP 1 73_1_-778_57
16 0.000233 3 0 PTP 1 13_1_-778_88
16 0.000233 3 0 PTP 1 21_1_-778_29
16 0.000233 3 0 PTP 1 37_1_-778_36
16 0.000233 3 0 PTP 1 69_1_-778_54
16 0.000233 3 0 PTP 1 7_1_-778_119
16 0.000233 3 0 PTP 1 11_1_-778_116
16 0.000233 3 0 PTP 1 19_1_-778_110
16 0.000233 3 0 PTP 1 35_1_-778_35
16 0.000233 3 0 PTP 1 67_1_-778_15
16 0.000233 3 0 PTP 1 4_1_-778_106
16 0.000233 3 0 PTP 1 6_1_-778_123
16 0.000233 3 0 PTP 1 10_1_-778_115
16 0.000233 3 0 PTP 1 18_1_-778_109
16 0.000233 3 0 PTP 1 34_1_-778_34
16 0.000233 3 0 PTP 1 66_1_-778_14
16 0.000234 3 0 PTP 1 113_1_-778_80
16 0.000234 3 0 PTP 1 57_1_-778_49
16 0.000234 3 0 PTP 1 89_1_-778_68
16 0.000234 3 0 PTP 1 105_1_-778_21
16 0.000234 3 0 PTP 1 29_1_-778_4
16 0.000234 3 0 PTP 1 45_1_-778_8
16 0.000234 3 0 PTP 1 53_1_-778_9
16 0.000234 3 0 PTP 1 77_1_-778_17
16 0.000234 3 0 PTP 1 85_1_-778_19
16 0.000234 3 0 PTP 1 101_1_-778_20
16 0.000234 3 0 PTP 1 15_1_-778_124
16 0.000234 3 0 PTP 1 23_1_-778_31
16 0.000234 3 0 PTP 1 27_1_-778_90
16 0.000234 3 0 PTP 1 39_1_-778_37
16 0.000234 3 0 PTP 1 43_1_-778_7
16 0.000234 3 0 PTP 1 51_1_-778_2
16 0.000234 3 0 PTP 1 71_1_-778_56
16 0.000234 3 0 PTP 1 75_1_-778_59
16 0.000234 3 0 PTP 1 83_1_-778_18
16 0.000234 3 0 PTP 1 99_1_-778_75
16 0.000234 3 0 PTP 1 8_1_-778_120
16 0.000234 3 0 PTP 1 12_1_-778_107
16 0.000234 3 0 PTP 1 14_1_-778_117
16 0.000234 3 0 PTP 1 20_1_-778_28
16 0.000234 3 0 PTP 1 22_1_-778_30
16 0.000234 3 0 PTP 1 26_1_-778_113
16 0.000234 3 0 PTP 1 36_1_-778_6
16 0.000234 3 0 PTP 1 38_1_-778_92
16 0.000234 3 0 PTP 1 42_1_-778_39
16 0.000234 3 0 PTP 1 50_1_-778_44
16 0.000234 3 0 PTP 1 68_1_-778_53
16 0.000234 3 0 PTP 1 70_1_-778_55
16 0.000234 3 0 PTP 1 74_1_-778_58
16 0.000234 3 0 PTP 1 82_1_-778_63
16 0.000234 3 0 PTP 1 98_1_-778_74
16 0.000234 3 0 PTP 1 121_1_-778_102
16 0.000234 3 0 PTP 1 61_1_-778_11
16 0.000234 3 0 PTP 1 93_1_-778_97
16 0.000234 3 0 PTP 1 109_1_-778_118
16 0.000234 3 0 PTP 1 117_1_-778_101
16 0.000234 3 0 PTP 1 31_1_-778_1
16 0.000234 3 0 PTP 1 47_1_-778_94
16 0.000234 3 0 PTP 1 55_1_-778_47
16 0.000234 3 0 PTP 1 59_1_-778_10
16 0.000234 3 0 PTP 1 79_1_-778_61
16 0.000234 3 0 PTP 1 87_1_-778_66
16 0.000234 3 0 PTP 1 91_1_-778_69
16 0.000234 3 0 PTP 1 103_1_-778_78
16 0.000234 3 0 PTP 1 107_1_-778_3
16 0.000234 3 0 PTP 1 115_1_-778_25
16 0.000234 3 0 PTP 1 16_1_-778_121
16 0.000234 3 0 PTP 1 24_1_-778_32
16 0.000234 3 0 PTP 1 28_1_-778_91
16 0.000234 3 0 PTP 1 30_1_-778_111
16 0.000234 3 0 PTP 1 40_1_-778_38
16 0.000234 3 0 PTP 1 44_1_-778_40
16 0.000234 3 0 PTP 1 46_1_-778_41
16 0.000234 3 0 PTP 1 52_1_-778_45
16 0.000234 3 0 PTP 1 54_1_-778_46
16 0.000234 3 0 PTP 1 58_1_-778_125
16 0.000234 3 0 PTP 1 72_1_-778_16
16 0.000234 3 0 PTP 1 76_1_-778_60
16 0.000234 3 0 PTP 1 78_1_-778_114
16 0.000234 3 0 PTP 1 84_1_-778_64
16 0.000234 3 0 PTP 1 86_1_-778_65
16 0.000234 3 0 PTP 1 90_1_-778_96
16 0.000234 3 0 PTP 1 100_1_-778_76
16 0.000234 3 0 PTP 1 102_1_-778_77
16 0.000234 3 0 PTP 1 106_1_-778_22
16 0.000234 3 0 PTP 1 114_1_-778_126
16 0.000234 3 0 PTP 1 125_1_-778_104
16 0.000234 3 0 PTP 1 63_1_-778_52
16 0.000234 3 0 PTP 1 95_1_-778_72
16 0.000234 3 0 PTP 1 111_1_-778_24
16 0.000234 3 0 PTP 1 119_1_-778_83
16 0.000234 3 0 PTP 1 123_1_-778_103
16 0.000234 3 0 PTP 1 32_1_-778_5
16 0.000234 3 0 PTP 1 48_1_-778_42
16 0.000234 3 0 PTP 1 56_1_-778_48
16 0.000234 3 0 PTP 1 60_1_-778_50
16 0.000234 3 0 PTP 1 62_1_-778_51
16 0.000234 3 0 PTP 1 80_1_-778_95
16 0.000234 3 0 PTP 1 88_1_-778_67
16 0.000234 3 0 PTP 1 92_1_-778_70
16 0.000234 3 0 PTP 1 94_1_-778_71
16 0.000234 3 0 PTP 1 104_1_-778_79
16 0.000234 3 0 PTP 1 108_1_-778_23
16 0.000234 3 0 PTP 1 110_1_-778_99
16 0.000234 3 0 PTP 1 116_1_-778_81
16 0.000234 3 0 PTP 1 118_1_-778_82
16 0.000234 3 0 PTP 1 122_1_-778_85
16 0.000234 3 0 PTP 1 127_1_-778_87
16 0.000234 3 0 PTP 1 64_1_-778_12
16 0.000234 3 0 PTP 1 96_1_-778_98
16 0.000234 3 0 PTP 1 112_1_-778_100
16 0.000234 3 0 PTP 1 120_1_-778_84
16 0.000234 3 0 PTP 1 124_1_-778_86
16 0.000234 3 0 PTP 1 126_1_-778_26
16 0.000234 3 0 PTP 1 128_1_-778_27
15 0.000234 3 0 PTP 1 1_2_-778_128
15 0.000234 3 0 PTP 1 1_3_-778_129
15 0.000234 3 0 PTP 1 1_4_-778_130
15 0.000234 3 0 PTP 1 1_5_-778_131
15 0.000234 3 0 PTP 1 1_6_-778_132
15 0.000234 3 0 PTP 1 1_7_-778_133
15 0.000234 3 0 PTP 1 1_8_-778_134
15 0.000234 3 0 PTP 1 1_9_-778_135
15 0.000234 3 0 PTP 1 1_10_-778_136
15 0.000234 3 0 PTP 1 1_11_-778_137
15 0.000234 3 0 PTP 1 1_12_-778_138
15 0.000234 3 0 PTP 1 1_13_-778_139
15 0.000234 3 0 PTP 1 1_14_-778_140
15 0.000234 3 0 PTP 1 1_15_-778_141
15 0.000234 3 0 PTP 1 1_16_-778_142
15 0.000234 3 0 PTP 1 1_17_-778_143
15 0.000234 3 0 PTP 1 1_18_-778_144
15 0.000234 3 0 PTP 1 1_19_-778_145
15 0.000234 3 0 PTP 1 1_20_-778_146
15 0.000234 3 0 PTP 1 1_21_-778_147
15 0.000234 3 0 PTP 1 1_22_-778_148
15 0.000234 3 0 PTP 1 1_23_-778_149
15 0.000234 3 0 PTP 1 1_24_-778_150
15 0.000234 3 0 PTP 1 1_25_-778_151
15 0.000234 3 0 PTP 1 1_26_-778_152
15 0.000234 3 0 PTP 1 1_27_-778_153
15 0.000234 3 0 PTP 1 1_28_-778_154
15 0.000234 3 0 PTP 1 1_29_-778_155
15 0.000234 3 0 PTP 1 1_30_-778_156
15 0.000234 3 0 PTP 1 1_31_-778_157
15 0.000234 3 0 PTP 1 1_32_-778_158
15 0.000234 3 0 PTP 1 1_33_-778_159
15 0.000234 3 0 PTP 1 1_34_-778_160
15 0.000234 3 0 PTP 1 1_35_-778_161
15 0.000234 3 0 PTP 1 1_36_-778_162
15 0.000234 3 0 PTP 1 1_37_-778_163
15 0.000234 3 0 PTP 1 1_38_-778_164
15 0.000234 3 0 PTP 1 1_39_-778_165
15 0.000234 3 0 PTP 1 1_40_-778_166
15 0.000234 3 0 PTP 1 1_41_-778_167
15 0.000234 3 0 PTP 1 1_42_-778_168
15 0.000234 3 0 PTP 1 1_43_-778_169
15 0.000234 3 0 PTP 1 1_44_-778_170
15 0.000234 3 0 PTP 1 1_45_-778_171
15 0.000234 3 0 PTP 1 1_46_-778_172
15 0.000234 3 0 PTP 1 1_47_-778_173
15 0.000234 3 0 PTP 1 1_48_-778_174
15 0.000234 3 0 PTP 1 1_49_-778_175
15 0.000234 3 0 PTP 1 1_50_-778_176
15 0.000234 3 0 PTP 1 1_51_-778_177
15 0.000234 3 0 PTP 1 1_52_-778_178
15 0.000234 3 0 PTP 1 1_53_-778_179
15 0.000234 3 0 PTP 1 1_54_-778_180
15 0.000234 3 0 PTP 1 1_55_-778_181
15 0.000234 3 0 PTP 1 1_56_-778_182
15 0.000234 3 0 PTP 1 1_57_-778_183
15 0.000234 3 0 PTP 1 1_58_-778_184
15 0.000234 3 0 PTP 1 1_59_-778_185
15 0.000234 3 0 PTP 1 1_60_-778_186
15 0.000234 3 0 PTP 1 1_61_-778_187
15 0.000234 3 0 PTP 1 1_62_-778_188
15 0.000234 3 0 PTP 1 1_63_-778_189
15 0.000234 3 0 PTP 1 1_64_-778_190
15 0.000234 3 0 PTP 1 1_65_-778_191
15 0.000234 3 0 PTP 1 1_66_-778_192
15 0.000234 3 0 PTP 1 1_67_-778_193
15 0.000234 3 0 PTP 1 1_68_-778_194
15 0.000234 3 0 PTP 1 1_69_-778_195
15 0.000234 3 0 PTP 1 1_70_-778_196
15 0.000234 3 0 PTP 1 1_71_-778_197
15 0.000234 3 0 PTP 1 1_72_-778_198
15 0.000234 3 0 PTP 1 1_73_-778_199
15 0.000234 3 0 PTP 1 1_74_-778_200
15 0.000234 3 0 PTP 1 1_75_-778_201
15 0.000234 3 0 PTP 1 1_76_-778_202
15 0.000234 3 0 PTP 1 1_77_-778_203
15 0.000234 3 0 PTP 1 1_78_-778_204
15 0.000234 3 0 PTP 1 1_79_-778_205
15 0.000234 3 0 PTP 1 1_80_-778_206
15 0.000234 3 0 PTP 1 1_81_-778_207
15 0.000234 3 0 PTP 1 1_82_-778_208
15 0.000234 3 0 PTP 1 1_83_-778_209
15 0.000234 3 0 PTP 1 1_84_-778_210
15 0.000234 3 0 PTP 1 1_85_-778_211
15 0.000234 3 0 PTP 1 1_86_-778_212
15 0.000234 3 0 PTP 1 1_87_-778_213
15 0.000234 3 0 PTP 1 1_88_-778_214
15 0.000234 3 0 PTP 1 1_89_-778_215
15 0.000234 3 0 PTP 1 1_90_-778_216
15 0.000234 3 0 PTP 1 1_91_-778_217
15 0.000234 3 0 PTP 1 1_92_-778_218
15 0.000234 3 0 PTP 1 1_93_-778_219
15 0.000234 3 0 PTP 1 1_94_-778_220
15 0.000234 3 0 PTP 1 1_95_-778_221
15 0.000234 3 0 PTP 1 1_96_-778_222
15 0.000234 3 0 PTP 1 1_97_-778_223
15 0.000234 3 0 PTP 1 1_98_-778_224
15 0.000234 3 0 PTP 1 1_99_-778_225
15 0.000234 3 0 PTP 1 1_100_-778_226
15 0.000234 3 0 PTP 1 1_101_-778_227
15 0.000234 3 0 PTP 1 1_102_-778_228
15 0.000234 3 0 PTP 1 1_103_-778_229
15 0.000234 3 0 PTP 1 1_104_-778_230
15 0.000234 3 0 PTP 1 1_105_-778_231
15 0.000234 3 0 PTP 1 1_106_-778_232
15 0.000234 3 0 PTP 1 1_107_-778_233
15 0.000234 3 0 PTP 1 1_108_-778_234
15 0.000234 3 0 PTP 1 1_109_-778_235
15 0.000234 3 0 PTP 1 1_110_-778_236
15 0.000234 3 0 PTP 1 1_111_-778_237
15 0.000234 3 0 PTP 1 1_112_-778_238
15 0.000234 3 0 PTP 1 1_113_-778_239
15 0.000234 3 0 PTP 1 1_114_-778_240
15 0.000234 3 0 PTP 1 1_115_-778_241
15 0.000234 3 0 PTP 1 1_116_-778_242
15 0.000234 3 0 PTP 1 1_117_-778_243
15 0.000234 3 0 PTP 1 1_118_-778_244
15 0.000234 3 0 PTP 1 1_119_-778_245
15 0.000234 3 0 PTP 1 1_120_-778_246
15 0.000234 3 0 PTP 1 1_121_-778_247
15 0.000234 3 0 PTP 1 1_122_-778_248
15 0.000234 3 0 PTP 1 1_123_-778_249
15 0.000234 3 0 PTP 1 1_124_-778_250
15 0.000234 3 0 PTP 1 1_125_-778_251
15 0.000234 3 0 PTP 1 1_126_-778_252
15 0.000234 3 0 PTP 1 1_127_-778_253
15 0.000234 3 0 PTP 1 1_128_-778_254
13 0.000234 2 1
16 0.000235 3 0 PTP 2 1_2_-778_128
13 0.000235 2 2
16 0.000235 3 0 PTP 3 1_3_-778_129
13 0.000235 2 3
16 0.000235 3 0 PTP 5 1_5_-778_131
13 0.000235 2 5
16 0.000235 3 0 PTP 9 1_9_-778_135
13 0.000235 2 9
16 0.000235 3 0 PTP 17 1_17_-778_143
13 0.000235 2 17
16 0.000235 3 0 PTP 33 1_33_-778_159
13 0.000235 2 33
16 0.000235 3 0 PTP 65 1_65_-778_191
13 0.000235 2 65
16 0.000235 3 0 PTP 97 1_97_-778_223
13 0.000235 2 97
16 0.000235 3 0 PTP 81 1_81_-778_207
13 0.000235 2 81
16 0.000235 3 0 PTP 49 1_49_-778_175
13 0.000235 2 49
16 0.000235 3 0 PTP 73 1_73_-778_199
13 0.000235 2 73
16 0.000235 3 0 PTP 41 1_41_-778_167
13 0.000235 2 41
16 0.000235 3 0 PTP 25 1_25_-778_151
13 0.000235 2 25
16 0.000235 3 0 PTP 69 1_69_-778_195
13 0.000235 2 69
16 0.000235 3 0 PTP 37 1_37_-778_163
13 0.000235 2 37
16 0.000235 3 0 PTP 21 1_21_-778_147
13 0.000235 2 21
16 0.000235 3 0 PTP 13 1_13_-778_139
13 0.000235 2 13
16 0.000235 3 0 PTP 67 1_67_-778_193
13 0.000235 2 67
16 0.000235 3 0 PTP 35 1_35_-778_161
13 0.000235 2 35
16 0.000235 3 0 PTP 19 1_19_-778_145
13 0.000235 2 19
16 0.000235 3 0 PTP 11 1_11_-778_137
13 0.000235 2 11
16 0.000235 3 0 PTP 7 1_7_-778_133
13 0.000235 2 7
16 0.000235 3 0 PTP 66 1_66_-778_192
13 0.000235 2 66
16 0.000235 3 0 PTP 34 1_34_-778_160
13 0.000235 2 34
16 0.000235 3 0 PTP 18 1_18_-778_144
13 0.000235 2 18
16 0.000235 3 0 PTP 10 1_10_-778_136
13 0.000235 2 10
16 0.000235 3 0 PTP 6 1_6_-778_132
13 0.000235 2 6
16 0.000235 3 0 PTP 4 1_4_-778_130
13 0.000235 2 4
16 0.000235 3 0 PTP 113 1_113_-778_239
13 0.000235 2 113
16 0.000235 3 0 PTP 105 1_105_-778_231
13 0.000235 2 105
16 0.000235 3 0 PTP 89 1_89_-778_215
13 0.000235 2 89
16 0.000235 3 0 PTP 57 1_57_-778_183
13 0.000235 2 57
16 0.000235 3 0 PTP 101 1_101_-778_227
13 0.000235 2 101
16 0.000235 3 0 PTP 85 1_85_-778_211
13 0.000235 2 85
16 0.000235 3 0 PTP 77 1_77_-778_203
13 0.000235 2 77
16 0.000235 3 0 PTP 53 1_53_-778_179
13 0.000235 2 53
16 0.000235 3 0 PTP 45 1_45_-778_171
13 0.000235 2 45
16 0.000235 3 0 PTP 29 1_29_-778_155
13 0.000235 2 29
16 0.000235 3 0 PTP 99 1_99_-778_225
13 0.000235 2 99
16 0.000235 3 0 PTP 83 1_83_-778_209
13 0.000235 2 83
16 0.000235 3 0 PTP 75 1_75_-778_201
13 0.000235 2 75
16 0.000235 3 0 PTP 71 1_71_-778_197
13 0.000235 2 71
16 0.000235 3 0 PTP 51 1_51_-778_177
13 0.000235 2 51
16 0.000235 3 0 PTP 43 1_43_-778_169
13 0.000235 2 43
16 0.000235 3 0 PTP 39 1_39_-778_165
13 0.000235 2 39
16 0.000235 3 0 PTP 27 1_27_-778_153
13 0.000235 2 27
16 0.000235 3 0 PTP 23 1_23_-778_149
13 0.000235 2 23
16 0.000235 3 0 PTP 15 1_15_-778_141
13 0.000235 2 15
16 0.000235 3 0 PTP 98 1_98_-778_224
13 0.000235 2 98
16 0.000235 3 0 PTP 82 1_82_-778_208
13 0.000235 2 82
16 0.000235 3 0 PTP 74 1_74_-778_200
13 0.000235 2 74
16 0.000235 3 0 PTP 70 1_70_-778_196
13 0.000235 2 70
16 0.000235 3 0 PTP 68 1_68_-778_194
13 0.000235 2 68
16 0.000235 3 0 PTP 50 1_50_-778_176
13 0.000235 2 50
16 0.000235 3 0 PTP 42 1_42_-778_168
13 0.000235 2 42
16 0.000235 3 0 PTP 38 1_38_-778_164
13 0.000235 2 38
16 0.000235 3 0 PTP 36 1_36_-778_162
13 0.000235 2 36
16 0.000235 3 0 PTP 26 1_26_-778_152
13 0.000235 2 26
16 0.000235 3 0 PTP 22 1_22_-778_148
13 0.000235 2 22
16 0.000235 3 0 PTP 20 1_20_-778_146
13 0.000235 2 20
16 0.000235 3 0 PTP 14 1_14_-778_140
13 0.000235 2 14
16 0.000235 3 0 PTP 12 1_12_-778_138
13 0.000235 2 12
16 0.000235 3 0 PTP 8 1_8_-778_134
13 0.000235 2 8
16 0.000235 3 0 PTP 121 1_121_-778_247
13 0.000235 2 121
16 0.000235 3 0 PTP 117 1_117_-778_243
13 0.000235 2 117
16 0.000235 3 0 PTP 109 1_109_-778_235
13 0.000235 2 109
16 0.000235 3 0 PTP 93 1_93_-778_219
13 0.000235 2 93
16 0.000235 3 0 PTP 61 1_61_-778_187
13 0.000235 2 61
16 0.000235 3 0 PTP 115 1_115_-778_241
13 0.000235 2 115
16 0.000235 3 0 PTP 107 1_107_-778_233
13 0.000235 2 107
16 0.000235 3 0 PTP 103 1_103_-778_229
13 0.000235 2 103
16 0.000235 3 0 PTP 91 1_91_-778_217
13 0.000235 2 91
16 0.000235 3 0 PTP 87 1_87_-778_213
13 0.000235 2 87
16 0.000235 3 0 PTP 79 1_79_-778_205
13 0.000235 2 79
16 0.000235 3 0 PTP 59 1_59_-778_185
13 0.000235 2 59
16 0.000235 3 0 PTP 55 1_55_-778_181
13 0.000235 2 55
16 0.000235 3 0 PTP 47 1_47_-778_173
13 0.000235 2 47
16 0.000235 3 0 PTP 31 1_31_-778_157
13 0.000235 2 31
16 0.000235 3 0 PTP 114 1_114_-778_240
13 0.000235 2 114
16 0.000235 3 0 PTP 106 1_106_-778_232
13 0.000235 2 106
16 0.000235 3 0 PTP 102 1_102_-778_228
13 0.000235 2 102
16 0.000235 3 0 PTP 100 1_100_-778_226
13 0.000235 2 100
16 0.000235 3 0 PTP 90 1_90_-778_216
13 0.000235 2 90
16 0.000235 3 0 PTP 86 1_86_-778_212
13 0.000235 2 86
16 0.000235 3 0 PTP 84 1_84_-778_210
13 0.000235 2 84
16 0.000235 3 0 PTP 78 1_78_-778_204
13 0.000235 2 78
16 0.000235 3 0 PTP 76 1_76_-778_202
13 0.000235 2 76
16 0.000235 3 0 PTP 72 1_72_-778_198
13 0.000235 2 72
16 0.000235 3 0 PTP 58 1_58_-778_184
13 0.000235 2 58
16 0.000235 3 0 PTP 54 1_54_-778_180
13 0.000235 2 54
16 0.000235 3 0 PTP 52 1_52_-778_178
13 0.000235 2 52
16 0.000235 3 0 PTP 46 1_46_-778_172
13 0.000235 2 46
16 0.000235 3 0 PTP 44 1_44_-778_170
13 0.000235 2 44
16 0.000235 3 0 PTP 40 1_40_-778_166
13 0.000235 2 40
16 0.000235 3 0 PTP 30 1_30_-778_156
13 0.000235 2 30
16 0.000235 3 0 PTP 28 1_28_-778_154
13 0.000235 2 28
16 0.000235 3 0 PTP 24 1_24_-778_150
13 0.000235 2 24
16 0.000235 3 0 PTP 16 1_16_-778_142
13 0.000235 2 16
16 0.000235 3 0 PTP 125 1_125_-778_251
13 0.000235 2 125
16 0.000235 3 0 PTP 123 1_123_-778_249
13 0.000235 2 123
16 0.000235 3 0 PTP 119 1_119_-778_245
13 0.000235 2 119
16 0.000235 3 0 PTP 111 1_111_-778_237
13 0.000235 2 111
16 0.000235 3 0 PTP 95 1_95_-778_221
13 0.000235 2 95
16 0.000235 3 0 PTP 63 1_63_-778_189
13 0.000235 2 63
16 0.000235 3 0 PTP 122 1_122_-778_248
13 0.000235 2 122
16 0.000235 3 0 PTP 118 1_118_-778_244
13 0.000235 2 118
16 0.000235 3 0 PTP 116 1_116_-778_242
13 0.000235 2 116
16 0.000235 3 0 PTP 110 1_110_-778_236
13 0.000235 2 110
16 0.000235 3 0 PTP 108 1_108_-778_234
13 0.000235 2 108
16 0.000235 3 0 PTP 104 1_104_-778_230
13 0.000235 2 104
16 0.000235 3 0 PTP 94 1_94_-778_220
13 0.000235 2 94
16 0.000235 3 0 PTP 92 1_92_-778_218
13 0.000235 2 92
16 0.000235 3 0 PTP 88 1_88_-778_214
13 0.000235 2 88
16 0.000235 3 0 PTP 80 1_80_-778_206
13 0.000235 2 80
16 0.000235 3 0 PTP 62 1_62_-778_188
13 0.000235 2 62
16 0.000235 3 0 PTP 60 1_60_-778_186
13 0.000235 2 60
16 0.000235 3 0 PTP 56 1_56_-778_182
13 0.000235 2 56
16 0.000235 3 0 PTP 48 1_48_-778_174
13 0.000235 2 48
16 0.000235 3 0 PTP 32 1_32_-778_158
13 0.000235 2 32
16 0.000236 3 0 PTP 127 1_127_-778_253
13 0.000236 2 127
16 0.000236 3 0 PTP 126 1_126_-778_252
13 0.000236 2 126
16 0.000236 3 0 PTP 124 1_124_-778_250
13 0.000236 2 124
16 0.000236 3 0 PTP 120 1_120_-778_246
13 0.000236 2 120
16 0.000236 3 0 PTP 112 1_112_-778_238
13 0.000236 2 112
16 0.000236 3 0 PTP 96 1_96_-778_222
13 0.000236 2 96
16 0.000236 3 0 PTP 64 1_64_-778_190
13 0.000236 2 64
16 0.000236 3 0 PTP 128 1_128_-778_254
13 0.000236 2 128
12 0.000237 2 17 8
12 0.000237 2 11 8
12 0.000237 2 4 8
12 0.000237 2 105 8
12 0.000237 2 77 8
12 0.000237 2 71 8
12 0.000237 2 75 8
12 0.000237 2 50 8
12 0.000237 2 103 8
12 0.000237 2 24 8
12 0.000237 2 40 8
12 0.000237 2 123 8
12 0.000237 2 56 8
12 0.000237 2 48 8
12 0.000237 2 116 8
12 0.000238 2 9 8
12 0.000238 2 3 8
12 0.000238 2 49 8
12 0.000238 2 73 8
12 0.000238 2 41 8
12 0.000238 2 21 8
12 0.000238 2 37 8
12 0.000238 2 19 8
12 0.000238 2 7 8
12 0.000238 2 67 8
12 0.000238 2 6 8
12 0.000238 2 34 8
12 0.000238 2 113 8
12 0.000238 2 89 8
12 0.000238 2 45 8
12 0.000238 2 85 8
12 0.000238 2 27 8
12 0.000238 2 43 8
12 0.000238 2 12 8
12 0.000238 2 20 8
12 0.000238 2 22 8
12 0.000238 2 36 8
12 0.000238 2 68 8
12 0.000238 2 74 8
12 0.000238 2 98 8
12 0.000238 2 61 8
12 0.000238 2 109 8
12 0.000238 2 55 8
12 0.000238 2 107 8
12 0.000238 2 59 8
12 0.000238 2 16 8
12 0.000238 2 28 8
12 0.000238 2 30 8
12 0.000238 2 52 8
12 0.000238 2 76 8
12 0.000238 2 86 8
12 0.000238 2 90 8
12 0.000238 2 106 8
12 0.000238 2 63 8
12 0.000238 2 111 8
12 0.000238 2 110 8
12 0.000238 2 62 8
12 0.000238 2 88 8
12 0.000238 2 92 8
12 0.000238 2 104 8
12 0.000238 2 118 8
12 0.000239 2 65 8
12 0.000239 2 33 8
12 0.000239 2 5 8
12 0.000239 2 2 8
12 0.000239 2 96 8
12 0.000239 2 120 8
12 0.000239 2 126 8
12 0.000239 2 97 8
12 0.000239 2 81 8
12 0.000239 2 25 8
12 0.000239 2 13 8
12 0.000239 2 69 8
12 0.000239 2 35 8
12 0.000239 2 18 8
12 0.000239 2 66 8
12 0.000239 2 10 8
12 0.000239 2 57 8
12 0.000239 2 53 8
12 0.000239 2 101 8
12 0.000239 2 15 8
12 0.000239 2 23 8
12 0.000239 2 39 8
12 0.000239 2 99 8
12 0.000239 2 83 8
12 0.000239 2 14 8
12 0.000239 2 26 8
12 0.000239 2 42 8
12 0.000239 2 70 8
12 0.000239 2 82 8
12 0.000239 2 121 8
12 0.000239 2 93 8
12 0.000239 2 117 8
12 0.000239 2 31 8
12 0.000239 2 47 8
12 0.000239 2 79 8
12 0.000239 2 87 8
12 0.000239 2 91 8
12 0.000239 2 44 8
12 0.000239 2 46 8
12 0.000239 2 54 8
12 0.000239 2 58 8
12 0.000239 2 72 8
12 0.000239 2 78 8
12 0.000239 2 84 8
12 0.000239 2 100 8
12 0.000239 2 102 8
12 0.000239 2 114 8
12 0.000239 2 125 8
12 0.000239 2 95 8
12 0.000239 2 119 8
12 0.000239 2 60 8
12 0.000239 2 80 8
12 0.000239 2 94 8
12 0.000239 2 122 8
12 0.000240 2 64 8
12 0.000240 2 112 8
12 0.000240 2 124 8
12 0.000240 2 29 8
12 0.000240 2 51 8
12 0.000240 2 8 8
12 0.000240 2 38 8
12 0.000240 2 1 8
15 0.000240 3 0 PTP 1 1_65_-3334_255
12 0.000240 2 32 8
12 0.000240 2 108 8
12 0.000241 2 127 8
12 0.000241 2 128 8
12 0.000241 2 115 8
16 0.000616 3 0 PTP 65 1_65_-3334_255
15 0.000616 3 0 PTP 65 65_97_-3334_256
15 0.000616 3 0 PTP 1 1_33_-3334_257
16 0.000992 3 0 PTP 97 65_97_-3334_256
15 0.000992 3 0 PTP 97 97_113_-3334_258
15 0.000992 3 0 PTP 65 65_81_-3334_259
16 0.000992 3 0 PTP 33 1_33_-3334_257
15 0.000992 3 0 PTP 33 33_49_-3334_260
15 0.000992 3 0 PTP 1 1_17_-3334_261
16 0.001368 3 0 PTP 113 97_113_-3334_258
15 0.001368 3 0 PTP 113 113_121_-3334_262
15 0.001368 3 0 PTP 97 97_105_-3334_263
16 0.001368 3 0 PTP 81 65_81_-3334_259
15 0.001368 3 0 PTP 81 81_89_-3334_264
15 0.001368 3 0 PTP 65 65_73_-3334_265
16 0.001368 3 0 PTP 49 33_49_-3334_260
15 0.001368 3 0 PTP 49 49_57_-3334_266
15 0.001368 3 0 PTP 33 33_41_-3334_267
16 0.001368 3 0 PTP 17 1_17_-3334_261
15 0.001368 3 0 PTP 17 17_25_-3334_268
15 0.001368 3 0 PTP 1 1_9_-3334_269
16 0.001743 3 0 PTP 121 113_121_-3334_262
15 0.001743 3 0 PTP 121 121_125_-3334_270
15 0.001743 3 0 PTP 113 113_117_-3334_271
16 0.001743 3 0 PTP 105 97_105_-3334_263
15 0.001743 3 0 PTP 105 105_109_-3334_272
15 0.001743 3 0 PTP 97 97_101_-3334_273
16 0.001743 3 0 PTP 89 81_89_-3334_264
15 0.001743 3 0 PTP 89 89_93_-3334_274
15 0.001743 3 0 PTP 81 81_85_-3334_275
16 0.001743 3 0 PTP 73 65_73_-3334_265
15 0.001743 3 0 PTP 73 73_77_-3334_276
15 0.001743 3 0 PTP 65 65_69_-3334_277
16 0.001743 3 0 PTP 57 49_57_-3334_266
15 0.001743 3 0 PTP 57 57_61_-3334_278
15 0.001743 3 0 PTP 49 49_53_-3334_279
16 0.001743 3 0 PTP 41 33_41_-3334_267
15 0.001743 3 0 PTP 41 41_45_-3334_280
15 0.001743 3 0 PTP 33 33_37_-3334_281
16 0.001743 3 0 PTP 25 17_25_-3334_268
15 0.001743 3 0 PTP 25 25_29_-3334_282
15 0.001743 3 0 PTP 17 17_21_-3334_283
16 0.001743 3 0 PTP 9 1_9_-3334_269
15 0.001743 3 0 PTP 9 9_13_-3334_284
15 0.001743 3 0 PTP 1 1_5_-3334_285
16 0.002119 3 0 PTP 125 121_125_-3334_270
15 0.002119 3 0 PTP 125 125_127_-3334_286
15 0.002119 3 0 PTP 121 121_123_-3334_287
16 0.002119 3 0 PTP 117 113_117_-3334_271
15 0.002119 3 0 PTP 117 117_119_-3334_288
15 0.002119 3 0 PTP 113 113_115_-3334_289
16 0.002119 3 0 PTP 109 105_109_-3334_272
15 0.002119 3 0 PTP 109 109_111_-3334_290
15 0.002119 3 0 PTP 105 105_107_-3334_291
16 0.002119 3 0 PTP 101 97_101_-3334_273
15 0.002119 3 0 PTP 101 101_103_-3334_292
15 0.002119 3 0 PTP 97 97_99_-3334_293
16 0.002119 3 0 PTP 93 89_93_-3334_274
15 0.002119 3 0 PTP 93 93_95_-3334_294
15 0.002119 3 0 PTP 89 89_91_-3334_295
16 0.002119 3 0 PTP 85 81_85_-3334_275
15 0.002119 3 0 PTP 85 85_87_-3334_296
15 0.002119 3 0 PTP 81 81_83_-3334_297
16 0.002119 3 0 PTP 77 73_77_-3334_276
15 0.002119 3 0 PTP 77 77_79_-3334_298
15 0.002119 3 0 PTP 73 73_75_-3334_299
16 0.002119 3 0 PTP 69 65_69_-3334_277
15 0.002119 3 0 PTP 69 69_71_-3334_300
15 0.002119 3 0 PTP 65 65_67_-3334_301
16 0.002119 3 0 PTP 61 57_61_-3334_278
15 0.002119 3 0 PTP 61 61_63_-3334_302
15 0.002119 3 0 PTP 57 57_59_-3334_303
16 0.002119 3 0 PTP 53 49_53_-3334_279
15 0.002119 3 0 PTP 53 53_55_-3334_304
15 0.002119 3 0 PTP 49 49_51_-3334_305
16 0.002119 3 0 PTP 45 41_45_-3334_280
15 0.002119 3 0 PTP 45 45_47_-3334_306
15 0.002119 3 0 PTP 41 41_43_-3334_307
16 0.002119 3 0 PTP 37 33_37_-3334_281
15 0.002119 3 0 PTP 37 37_39_-3334_308
15 0.002119 3 0 PTP 33 33_35_-3334_309
16 0.002119 3 0 PTP 29 25_29_-3334_282
15 0.002119 3 0 PTP 29 29_31_-3334_310
15 0.002119 3 0 PTP 25 25_27_-3334_311
16 0.002119 3 0 PTP 21 17_21_-3334_283
15 0.002119 3 0 PTP 21 21_23_-3334_312
15 0.002119 3 0 PTP 17 17_19_-3334_313
16 0.002119 3 0 PTP 13 9_13_-3334_284
15 0.002119 3 0 PTP 13 13_15_-3334_314
15 0.002119 3 0 PTP 9 9_11_-3334_315
16 0.002119 3 0 PTP 5 1_5_-3334_285
15 0.002119 3 0 PTP 5 5_7_-3334_316
15 0.002119 3 0 PTP 1 1_3_-3334_317
16 0.002495 3 0 PTP 127 125_127_-3334_286
15 0.002495 3 0 PTP 127 127_128_-3334_318
15 0.002495 3 0 PTP 125 125_126_-3334_319
16 0.002495 3 0 PTP 123 121_123_-3334_287
15 0.002495 3 0 PTP 123 123_124_-3334_320
15 0.002495 3 0 PTP 121 121_122_-3334_321
16 0.002495 3 0 PTP 119 117_119_-3334_288
15 0.002495 3 0 PTP 119 119_120_-3334_322
15 0.002495 3 0 PTP 117 117_118_-3334_323
16 0.002495 3 0 PTP 115 113_115_-3334_289
15 0.002495 3 0 PTP 115 115_116_-3334_324
15 0.002495 3 0 PTP 113 113_114_-3334_325
16 0.002495 3 0 PTP 111 109_111_-3334_290
15 0.002495 3 0 PTP 111 111_112_-3334_326
15 0.002495 3 0 PTP 109 109_110_-3334_327
16 0.002495 3 0 PTP 107 105_107_-3334_291
15 0.002495 3 0 PTP 107 107_108_-3334_328
15 0.002495 3 0 PTP 105 105_106_-3334_329
16 0.002495 3 0 PTP 103 101_103_-3334_292
15 0.002495 3 0 PTP 103 103_104_-3334_330
15 0.002495 3 0 PTP 101 101_102_-3334_331
16 0.002495 3 0 PTP 99 97_99_-3334_293
15 0.002495 3 0 PTP 99 99_100_-3334_332
15 0.002495 3 0 PTP 97 97_98_-3334_333
16 0.002495 3 0 PTP 95 93_95_-3334_294
15 0.002495 3 0 PTP 95 95_96_-3334_334
15 0.002495 3 0 PTP 93 93_94_-3334_335
16 0.002495 3 0 PTP 91 89_91_-3334_295
15 0.002495 3 0 PTP 91 91_92_-3334_336
15 0.002495 3 0 PTP 89 89_90_-3334_337
16 0.002495 3 0 PTP 87 85_87_-3334_296
15 0.002495 3 0 PTP 87 87_88_-3334_338
15 0.002495 3 0 PTP 85 85_86_-3334_339
16 0.002495 3 0 PTP 83 81_83_-3334_297
15 0.002495 3 0 PTP 83 83_84_-3334_340
15 0.002495 3 0 PTP 81 81_82_-3334_341
16 0.002495 3 0 PTP 79 77_79_-3334_298
15 0.002495 3 0 PTP 79 79_80_-3334_342
15 0.002495 3 0 PTP 77 77_78_-3334_343
16 0.002495 3 0 PTP 75 73_75_-3334_299
15 0.002495 3 0 PTP 75 75_76_-3334_344
15 0.002495 3 0 PTP 73 73_74_-3334_345
16 0.002495 3 0 PTP 71 69_71_-3334_300
15 0.002495 3 0 PTP 71 71_72_-3334_346
15 0.002495 3 0 PTP 69 69_70_-3334_347
16 0.002495 3 0 PTP 67 65_67_-3334_301
15 0.002495 3 0 PTP 67 67_68_-3334_348
15 0.002495 3 0 PTP 65 65_66_-3334_349
16 0.002495 3 0 PTP 63 61_63_-3334_302
15 0.002495 3 0 PTP 63 63_64_-3334_350
15 0.002495 3 0 PTP 61 61_62_-3334_351
16 0.002495 3 0 PTP 59 57_59_-3334_303
15 0.002495 3 0 PTP 59 59_60_-3334_352
15 0.002495 3 0 PTP 57 57_58_-3334_353
16 0.002495 3 0 PTP 55 53_55_-3334_304
15 0.002495 3 0 PTP 55 55_56_-3334_354
15 0.002495 3 0 PTP 53 53_54_-3334_355
16 0.002495 3 0 PTP 51 49_51_-3334_305
15 0.002495 3 0 PTP 51 51_52_-3334_356
15 0.002495 3 0 PTP 49 49_50_-3334_357
16 0.002495 3 0 PTP 47 45_47_-3334_306
15 0.002495 3 0 PTP 47 47_48_-3334_358
15 0.002495 3 0 PTP 45 45_46_-3334_359
16 0.002495 3 0 PTP 43 41_43_-3334_307
15 0.002495 3 0 PTP 43 43_44_-3334_360
15 0.002495 3 0 PTP 41 41_42_-3334_361
16 0.002495 3 0 PTP 39 37_39_-3334_308
15 0.002495 3 0 PTP 39 39_40_-3334_362
15 0.002495 3 0 PTP 37 37_38_-3334_363
16 0.002495 3 0 PTP 35 33_35_-3334_309
15 0.002495 3 0 PTP 35 35_36_-3334_364
15 0.002495 3 0 PTP 33 33_34_-3334_365
16 0.002495 3 0 PTP 31 29_31_-3334_310
15 0.002495 3 0 PTP 31 31_32_-3334_366
15 0.002495 3 0 PTP 29 29_30_-3334_367
16 0.002495 3 0 PTP 27 25_27_-3334_311
15 0.002495 3 0 PTP 27 27_28_-3334_368
15 0.002495 3 0 PTP 25 25_26_-3334_369
16 0.002495 3 0 PTP 23 21_23_-3334_312
15 0.002495 3 0 PTP 23 23_24_-3334_370
15 0.002495 3 0 PTP 21 21_22_-3334_371
16 0.002495 3 0 PTP 19 17_19_-3334_313
15 0.002495 3 0 PTP 19 19_20_-3334_372
15 0.002495 3 0 PTP 17 17_18_-3334_373
16 0.002495 3 0 PTP 15 13_15_-3334_314
15 0.002495 3 0 PTP 15 15_16_-3334_374
15 0.002495 3 0 PTP 13 13_14_-3334_375
16 0.002495 3 0 PTP 11 9_11_-3334_315
15 0.002495 3 0 PTP 11 11_12_-3334_376
15 0.002495 3 0 PTP 9 9_10_-3334_377
16 0.002495 3 0 PTP 7 5_7_-3334_316
15 0.002495 3 0 PTP 7 7_8_-3334_378
15 0.002495 3 0 PTP 5 5_6_-3334_379
16 0.002495 3 0 PTP 3 1_3_-3334_317
15 0.002495 3 0 PTP 3 3_4_-3334_380
15 0.002495 3 0 PTP 1 1_2_-3334_381
16 0.002870 3 0 PTP 128 127_128_-3334_318
13 0.002870 2 128
13 0.002870 2 127
16 0.002870 3 0 PTP 126 125_126_-3334_319
13 0.002870 2 126
13 0.002870 2 125
16 0.002870 3 0 PTP 124 123_124_-3334_320
13 0.002870 2 124
13 0.002870 2 123
16 0.002870 3 0 PTP 122 121_122_-3334_321
13 0.002870 2 122
13 0.002870 2 121
16 0.002870 3 0 PTP 120 119_120_-3334_322
13 0.002870 2 120
13 0.002870 2 119
16 0.002870 3 0 PTP 118 117_118_-3334_323
13 0.002870 2 118
13 0.002870 2 117
16 0.002870 3 0 PTP 116 115_116_-3334_324
13 0.002870 2 116
13 0.002870 2 115
16 0.002870 3 0 PTP 114 113_114_-3334_325
13 0.002870 2 114
13 0.002870 2 113
16 0.002870 3 0 PTP 112 111_112_-3334_326
13 0.002870 2 112
13 0.002870 2 111
16 0.002870 3 0 PTP 110 109_110_-3334_327
13 0.002870 2 110
13 0.002870 2 109
16 0.002870 3 0 PTP 108 107_108_-3334_328
13 0.002870 2 108
13 0.002870 2 107
16 0.002870 3 0 PTP 106 105_106_-3334_329
13 0.002870 2 106
13 0.002870 2 105
16 0.002870 3 0 PTP 104 103_104_-3334_330
13 0.002870 2 104
13 0.002870 2 103
16 0.002870 3 0 PTP 102 101_102_-3334_331
13 0.002870 2 102
13 0.002870 2 101
16 0.002870 3 0 PTP 100 99_100_-3334_332
13 0.002870 2 100
13 0.002870 2 99
16 0.002870 3 0 PTP 98 97_98_-3334_333
13 0.002870 2 98
13 0.002870 2 97
16 0.002870 3 0 PTP 96 95_96_-3334_334
13 0.002870 2 96
13 0.002870 2 95
16 0.002870 3 0 PTP 94 93_94_-3334_335
13 0.002870 2 94
13 0.002870 2 93
16 0.002870 3 0 PTP 92 91_92_-3334_336
13 0.002870 2 92
13 0.002870 2 91
16 0.002870 3 0 PTP 90 89_90_-3334_337
13 0.002870 2 90
13 0.002870 2 89
16 0.002870 3 0 PTP 88 87_88_-3334_338
13 0.002870 2 88
13 0.002870 2 87
16 0.002870 3 0 PTP 86 85_86_-3334_339
13 0.002870 2 86
13 0.002870 2 85
16 0.002870 3 0 PTP 84 83_84_-3334_340
13 0.002870 2 84
13 0.002870 2 83
16 0.002870 3 0 PTP 82 81_82_-3334_341
13 0.002870 2 82
13 0.002870 2 81
16 0.002870 3 0 PTP 80 79_80_-3334_342
13 0.002870 2 80
13 0.002870 2 79
16 0.002870 3 0 PTP 78 77_78_-3334_343
13 0.002870 2 78
13 0.002870 2 77
16 0.002870 3 0 PTP 76 75_76_-3334_344
13 0.002870 2 76
13 0.002870 2 75
16 0.002870 3 0 PTP 74 73_74_-3334_345
13 0.002870 2 74
13 0.002870 2 73
16 0.002870 3 0 PTP 72 71_72_-3334_346
13 0.002870 2 72
13 0.002870 2 71
16 0.002870 3 0 PTP 70 69_70_-3334_347
13 0.002870 2 70
13 0.002870 2 69
16 0.002870 3 0 PTP 68 67_68_-3334_348
13 0.002870 2 68
13 0.002870 2 67
16 0.002870 3 0 PTP 66 65_66_-3334_349
13 0.002870 2 66
13 0.002870 2 65
16 0.002870 3 0 PTP 64 63_64_-3334_350
13 0.002870 2 64
13 0.002870 2 63
16 0.002870 3 0 PTP 62 61_62_-3334_351
13 0.002870 2 62
13 0.002870 2 61
16 0.002870 3 0 PTP 60 59_60_-3334_352
13 0.002870 2 60
13 0.002870 2 59
16 0.002870 3 0 PTP 58 57_58_-3334_353
13 0.002870 2 58
13 0.002870 2 57
16 0.002870 3 0 PTP 56 55_56_-3334_354
13 0.002870 2 56
13 0.002870 2 55
16 0.002870 3 0 PTP 54 53_54_-3334_355
13 0.002870 2 54
13 0.002870 2 53
16 0.002870 3 0 PTP 52 51_52_-3334_356
13 0.002870 2 52
13 0.002870 2 51
16 0.002870 3 0 PTP 50 49_50_-3334_357
13 0.002870 2 50
13 0.002870 2 49
16 0.002870 3 0 PTP 48 47_48_-3334_358
13 0.002870 2 48
13 0.002870 2 47
16 0.002870 3 0 PTP 46 45_46_-3334_359
13 0.002870 2 46
13 0.002870 2 45
16 0.002870 3 0 PTP 44 43_44_-3334_360
13 0.002870 2 44
13 0.002870 2 43
16 0.002870 3 0 PTP 42 41_42_-3334_361
13 0.002870 2 42
13 0.002870 2 41
16 0.002870 3 0 PTP 40 39_40_-3334_362
13 0.002870 2 40
13 0.002870 2 39
16 0.002870 3 0 PTP 38 37_38_-3334_363
13 0.002870 2 38
13 0.002870 2 37
16 0.002870 3 0 PTP 36 35_36_-3334_364
13 0.002870 2 36
13 0.002870 2 35
16 0.002870 3 0 PTP 34 33_34_-3334_365
13 0.002870 2 34
13 0.002870 2 33
16 0.002870 3 0 PTP 32 31_32_-3334_366
13 0.002870 2 32
13 0.002870 2 31
16 0.002870 3 0 PTP 30 29_30_-3334_367
13 0.002870 2 30
13 0.002870 2 29
16 0.002870 3 0 PTP 28 27_28_-3334_368
13 0.002870 2 28
13 0.002870 2 27
16 0.002870 3 0 PTP 26 25_26_-3334_369
13 0.002870 2 26
13 0.002870 2 25
16 0.002870 3 0 PTP 24 23_24_-3334_370
13 0.002870 2 24
13 0.002870 2 23
16 0.002870 3 0 PTP 22 21_22_-3334_371
13 0.002870 2 22
13 0.002870 2 21
16 0.002870 3 0 PTP 20 19_20_-3334_372
13 0.002870 2 20
13 0.002870 2 19
16 0.002870 3 0 PTP 18 17_18_-3334_373
13 0.002870 2 18
13 0.002870 2 17
16 0.002870 3 0 PTP 16 15_16_-3334_374
13 0.002870 2 16
13 0.002870 2 15
16 0.002870 3 0 PTP 14 13_14_-3334_375
13 0.002870 2 14
13 0.002870 2 13
16 0.002870 3 0 PTP 12 11_12_-3334_376
13 0.002870 2 12
13 0.002870 2 11
16 0.002870 3 0 PTP 10 9_10_-3334_377
13 0.002870 2 10
13 0.002870 2 9
16 0.002870 3 0 PTP 8 7_8_-3334_378
13 0.002870 2 8
13 0.002870 2 7
16 0.002870 3 0 PTP 6 5_6_-3334_379
13 0.002870 2 6
13 0.002870 2 5
16 0.002870 3 0 PTP 4 3_4_-3334_380
13 0.002870 2 4
13 0.002870 2 3
16 0.002870 3 0 PTP 2 1_2_-3334_381
13 0.002870 2 2
13 0.002870 2 1
12 0.005874 2 63 9
15 0.005874 3 0 PTP 63 63_1_-112_382
13 0.005874 2 63
12 0.005878 2 63 9
15 0.005878 3 0 PTP 63 63_1_-112_383
13 0.005878 2 63
12 0.005880 2 63 7
15 0.005880 3 0 PTP 63 63_1_-778_384
12 0.005883 2 40 9
15 0.005883 3 0 PTP 40 40_1_-112_385
13 0.005883 2 40
12 0.005885 2 40 9
15 0.005885 3 0 PTP 40 40_1_-112_386
13 0.005885 2 40
12 0.005886 2 34 9
15 0.005886 3 0 PTP 34 34_1_-112_387
13 0.005886 2 34
12 0.005888 2 40 7
15 0.005888 3 0 PTP 40 40_1_-778_388
12 0.005888 2 34 9
15 0.005888 3 0 PTP 34 34_1_-112_389
13 0.005888 2 34
12 0.005890 2 34 7
15 0.005890 3 0 PTP 34 34_1_-778_390
12 0.005896 2 50 9
15 0.005896 3 0 PTP 50 50_1_-112_391
13 0.005896 2 50
12 0.005898 2 50 9
15 0.005898 3 0 PTP 50 50_1_-112_392
13 0.005898 2 50
12 0.005900 2 50 7
15 0.005900 3 0 PTP 50 50_1_-778_393
12 0.005908 2 13 9
15 0.005908 3 0 PTP 13 13_1_-112_394
13 0.005908 2 13
12 0.005910 2 13 9
15 0.005910 3 0 PTP 13 13_1_-112_395
13 0.005910 2 13
12 0.005912 2 13 7
15 0.005912 3 0 PTP 13 13_1_-778_396
12 0.005914 2 120 9
15 0.005914 3 0 PTP 120 120_1_-112_397
13 0.005914 2 120
12 0.005916 2 79 9
15 0.005916 3 0 PTP 79 79_1_-112_398
12 0.005916 2 120 9
15 0.005916 3 0 PTP 120 120_1_-112_399
13 0.005916 2 79
13 0.005916 2 120
12 0.005917 2 120 7
15 0.005917 3 0 PTP 120 120_1_-778_400
12 0.005918 2 79 9
15 0.005918 3 0 PTP 79 79_1_-112_401
13 0.005918 2 79
12 0.005920 2 79 7
15 0.005920 3 0 PTP 79 79_1_-778_402
12 0.005921 2 29 9
15 0.005921 3 0 PTP 29 29_1_-112_403
13 0.005921 2 29
12 0.005923 2 29 9
15 0.005923 3 0 PTP 29 29_1_-112_404
13 0.005923 2 29
12 0.005925 2 29 7
15 0.005925 3 0 PTP 29 29_1_-778_405
12 0.005926 2 33 9
15 0.005926 3 0 PTP 33 33_1_-112_406
13 0.005926 2 33
12 0.005928 2 39 9
15 0.005928 3 0 PTP 39 39_1_-112_407
12 0.005928 2 33 9
15 0.005928 3 0 PTP 33 33_1_-112_408
13 0.005928 2 39
13 0.005928 2 33
12 0.005930 2 45 9
15 0.005930 3 0 PTP 45 45_1_-112_409
12 0.005930 2 18 9
15 0.005930 3 0 PTP 18 18_1_-112_410
12 0.005930 2 39 9
15 0.005930 3 0 PTP 39 39_1_-112_411
12 0.005930 2 33 7
15 0.005930 3 0 PTP 33 33_1_-778_412
13 0.005930 2 45
13 0.005930 2 18
13 0.005930 2 39
12 0.005931 2 7 9
15 0.005931 3 0 PTP 7 7_1_-112_413
12 0.005931 2 69 9
15 0.005931 3 0 PTP 69 69_1_-112_414
13 0.005931 2 7
13 0.005931 2 69
12 0.005932 2 128 9
15 0.005932 3 0 PTP 128 128_1_-112_415
12 0.005932 2 45 9
15 0.005932 3 0 PTP 45 45_1_-112_416
12 0.005932 2 18 9
15 0.005932 3 0 PTP 18 18_1_-112_417
12 0.005932 2 39 7
15 0.005932 3 0 PTP 39 39_1_-778_418
13 0.005932 2 128
13 0.005932 2 45
13 0.005932 2 18
12 0.005933 2 7 9
15 0.005933 3 0 PTP 7 7_1_-112_419
12 0.005933 2 69 9
15 0.005933 3 0 PTP 69 69_1_-112_420
13 0.005933 2 7
13 0.005933 2 69
12 0.005934 2 27 9
15 0.005934 3 0 PTP 27 27_1_-112_421
12 0.005934 2 128 9
15 0.005934 3 0 PTP 128 128_1_-112_422
12 0.005934 2 45 7
15 0.005934 3 0 PTP 45 45_1_-778_423
12 0.005934 2 7 7
15 0.005934 3 0 PTP 7 7_1_-778_424
12 0.005934 2 69 7
15 0.005934 3 0 PTP 69 69_1_-778_425
13 0.005934 2 27
13 0.005934 2 128
12 0.005935 2 18 7
15 0.005935 3 0 PTP 18 18_1_-778_426
12 0.005936 2 27 9
15 0.005936 3 0 PTP 27 27_1_-112_427
12 0.005936 2 128 7
15 0.005936 3 0 PTP 128 128_1_-778_428
13 0.005936 2 27
12 0.005939 2 27 7
15 0.005939 3 0 PTP 27 27_1_-778_429
12 0.005942 2 126 9
15 0.005942 3 0 PTP 126 126_1_-112_430
13 0.005942 2 126
12 0.005944 2 126 9
15 0.005944 3 0 PTP 126 126_1_-112_431
13 0.005944 2 126
12 0.005945 2 126 7
15 0.005945 3 0 PTP 126 126_1_-778_432
12 0.005947 2 8 9
15 0.005947 3 0 PTP 8 8_1_-112_433
12 0.005947 2 54 9
15 0.005947 3 0 PTP 54 54_1_-112_434
13 0.005947 2 8
13 0.005947 2 54
12 0.005949 2 78 9
15 0.005949 3 0 PTP 78 78_1_-112_435
12 0.005949 2 8 9
15 0.005949 3 0 PTP 8 8_1_-112_436
12 0.005949 2 54 9
15 0.005949 3 0 PTP 54 54_1_-112_437
13 0.005949 2 78
13 0.005949 2 8
13 0.005949 2 54
12 0.005950 2 54 7
15 0.005950 3 0 PTP 54 54_1_-778_438
12 0.005951 2 106 9
15 0.005951 3 0 PTP 106 106_1_-112_439
12 0.005951 2 78 9
15 0.005951 3 0 PTP 78 78_1_-112_440
12 0.005951 2 8 7
15 0.005951 3 0 PTP 8 8_1_-778_441
13 0.005951 2 106
13 0.005951 2 78
12 0.005952 2 43 9
15 0.005952 3 0 PTP 43 43_1_-112_442
12 0.005952 2 78 7
15 0.005952 3 0 PTP 78 78_1_-778_443
13 0.005952 2 43
12 0.005953 2 57 9
15 0.005953 3 0 PTP 57 57_1_-112_444
12 0.005953 2 43 9
15 0.005953 3 0 PTP 43 43_1_-112_445
13 0.005953 2 57
13 0.005953 2 43
12 0.005954 2 106 9
15 0.005954 3 0 PTP 106 106_1_-112_446
13 0.005954 2 106
12 0.005955 2 55 9
15 0.005955 3 0 PTP 55 55_1_-112_447
12 0.005955 2 43 7
15 0.005955 3 0 PTP 43 43_1_-778_448
12 0.005955 2 106 7
15 0.005955 3 0 PTP 106 106_1_-778_449
13 0.005955 2 55
12 0.005956 2 124 9
15 0.005956 3 0 PTP 124 124_1_-112_450
13 0.005956 2 124
12 0.005957 2 30 9
15 0.005957 3 0 PTP 30 30_1_-112_451
12 0.005957 2 55 9
15 0.005957 3 0 PTP 55 55_1_-112_452
13 0.005957 2 30
13 0.005957 2 55
12 0.005958 2 88 9
15 0.005958 3 0 PTP 88 88_1_-112_453
13 0.005958 2 88
12 0.005959 2 124 9
15 0.005959 3 0 PTP 124 124_1_-112_454
13 0.005959 2 124
12 0.005960 2 30 9
15 0.005960 3 0 PTP 30 30_1_-112_455
12 0.005960 2 55 7
15 0.005960 3 0 PTP 55 55_1_-778_456
12 0.005960 2 88 9
15 0.005960 3 0 PTP 88 88_1_-112_457
13 0.005960 2 30
13 0.005960 2 88
12 0.005961 2 88 7
15 0.005961 3 0 PTP 88 88_1_-778_458
12 0.005961 2 124 7
15 0.005961 3 0 PTP 124 124_1_-778_459
12 0.005962 2 30 7
15 0.005962 3 0 PTP 30 30_1_-778_460
12 0.005967 2 57 9
15 0.005967 3 0 PTP 57 57_1_-112_461
13 0.005967 2 57
12 0.005968 2 21 9
15 0.005968 3 0 PTP 21 21_1_-112_462
12 0.005968 2 52 9
15 0.005968 3 0 PTP 52 52_1_-112_463
13 0.005968 2 21
13 0.005968 2 52
12 0.005969 2 57 7
15 0.005969 3 0 PTP 57 57_1_-778_464
12 0.005970 2 70 9
15 0.005970 3 0 PTP 70 70_1_-112_465
12 0.005970 2 21 9
15 0.005970 3 0 PTP 21 21_1_-112_466
12 0.005970 2 52 9
15 0.005970 3 0 PTP 52 52_1_-112_467
13 0.005970 2 70
13 0.005970 2 21
13 0.005970 2 52
12 0.005971 2 77 9
15 0.005971 3 0 PTP 77 77_1_-112_468
12 0.005971 2 21 7
15 0.005971 3 0 PTP 21 21_1_-778_469
12 0.005971 2 52 7
15 0.005971 3 0 PTP 52 52_1_-778_470
13 0.005971 2 77
12 0.005972 2 70 9
15 0.005972 3 0 PTP 70 70_1_-112_471
13 0.005972 2 70
12 0.005973 2 75 9
15 0.005973 3 0 PTP 75 75_1_-112_472
12 0.005973 2 77 9
15 0.005973 3 0 PTP 77 77_1_-112_473
13 0.005973 2 75
13 0.005973 2 77
12 0.005974 2 70 7
15 0.005974 3 0 PTP 70 70_1_-778_474
12 0.005974 2 77 7
15 0.005974 3 0 PTP 77 77_1_-778_475
12 0.005976 2 75 9
15 0.005976 3 0 PTP 75 75_1_-112_476
13 0.005976 2 75
12 0.005978 2 81 9
15 0.005978 3 0 PTP 81 81_1_-112_477
12 0.005978 2 75 7
15 0.005978 3 0 PTP 75 75_1_-778_478
13 0.005978 2 81
12 0.005979 2 68 9
15 0.005979 3 0 PTP 68 68_1_-112_479
13 0.005979 2 68
12 0.005980 2 81 9
15 0.005980 3 0 PTP 81 81_1_-112_480
13 0.005980 2 81
12 0.005981 2 68 9
15 0.005981 3 0 PTP 68 68_1_-112_481
13 0.005981 2 68
12 0.005982 2 81 7
15 0.005982 3 0 PTP 81 81_1_-778_482
12 0.005983 2 51 9
15 0.005983 3 0 PTP 51 51_1_-112_483
12 0.005983 2 90 9
15 0.005983 3 0 PTP 90 90_1_-112_484
12 0.005983 2 68 7
15 0.005983 3 0 PTP 68 68_1_-778_485
13 0.005983 2 51
13 0.005983 2 90
12 0.005985 2 51 9
15 0.005985 3 0 PTP 51 51_1_-112_486
12 0.005985 2 90 9
15 0.005985 3 0 PTP 90 90_1_-112_487
13 0.005985 2 51
13 0.005985 2 90
12 0.005986 2 51 7
15 0.005986 3 0 PTP 51 51_1_-778_488
12 0.005986 2 90 7
15 0.005986 3 0 PTP 90 90_1_-778_489
12 0.005988 2 66 9
15 0.005988 3 0 PTP 66 66_1_-112_490
13 0.005988 2 66
12 0.005989 2 48 9
15 0.005989 3 0 PTP 48 48_1_-112_491
12 0.005989 2 26 9
15 0.005989 3 0 PTP 26 26_1_-112_492
13 0.005989 2 48
13 0.005989 2 26
12 0.005990 2 12 9
15 0.005990 3 0 PTP 12 12_1_-112_493
13 0.005990 2 12
12 0.005991 2 83 9
15 0.005991 3 0 PTP 83 83_1_-112_494
12 0.005991 2 104 9
15 0.005991 3 0 PTP 104 104_1_-112_495
12 0.005991 2 66 9
15 0.005991 3 0 PTP 66 66_1_-112_496
12 0.005991 2 48 9
15 0.005991 3 0 PTP 48 48_1_-112_497
12 0.005991 2 26 9
15 0.005991 3 0 PTP 26 26_1_-112_498
13 0.005991 2 83
13 0.005991 2 104
13 0.005991 2 66
13 0.005991 2 48
13 0.005991 2 26
12 0.005992 2 66 7
15 0.005992 3 0 PTP 66 66_1_-778_499
12 0.005992 2 48 7
15 0.005992 3 0 PTP 48 48_1_-778_500
12 0.005992 2 26 7
15 0.005992 3 0 PTP 26 26_1_-778_501
12 0.005992 2 60 9
15 0.005992 3 0 PTP 60 60_1_-112_502
12 0.005992 2 12 9
15 0.005992 3 0 PTP 12 12_1_-112_503
13 0.005992 2 60
13 0.005992 2 12
12 0.005993 2 117 9
15 0.005993 3 0 PTP 117 117_1_-112_504
12 0.005993 2 83 9
15 0.005993 3 0 PTP 83 83_1_-112_505
12 0.005993 2 104 9
15 0.005993 3 0 PTP 104 104_1_-112_506
12 0.005993 2 12 7
15 0.005993 3 0 PTP 12 12_1_-778_507
13 0.005993 2 117
13 0.005993 2 83
13 0.005993 2 104
12 0.005994 2 60 9
15 0.005994 3 0 PTP 60 60_1_-112_508
12 0.005994 2 1 9
13 0.005994 2 60
16 0.005995 3 0 PTP 1 33_1_-112_406
16 0.005995 3 0 PTP 1 7_1_-112_413
16 0.005995 3 0 PTP 1 81_1_-112_477
16 0.005995 3 0 PTP 1 13_1_-112_394
16 0.005995 3 0 PTP 1 18_1_-112_410
16 0.005995 3 0 PTP 1 21_1_-112_462
16 0.005995 3 0 PTP 1 34_1_-112_387
16 0.005995 3 0 PTP 1 66_1_-112_490
16 0.005995 3 0 PTP 1 69_1_-112_414
16 0.005995 3 0 PTP 1 57_1_-112_444
16 0.005995 3 0 PTP 1 29_1_-112_403
16 0.005995 3 0 PTP 1 45_1_-112_409
16 0.005995 3 0 PTP 1 77_1_-112_468
16 0.005995 3 0 PTP 1 8_1_-112_433
16 0.005995 3 0 PTP 1 12_1_-112_493
16 0.005995 3 0 PTP 1 26_1_-112_492
16 0.005995 3 0 PTP 1 27_1_-112_421
16 0.005995 3 0 PTP 1 39_1_-112_407
16 0.005995 3 0 PTP 1 43_1_-112_442
16 0.005995 3 0 PTP 1 50_1_-112_391
16 0.005995 3 0 PTP 1 51_1_-112_483
16 0.005995 3 0 PTP 1 68_1_-112_479
16 0.005995 3 0 PTP 1 70_1_-112_465
16 0.005995 3 0 PTP 1 75_1_-112_472
16 0.005995 3 0 PTP 1 83_1_-112_494
16 0.005995 3 0 PTP 1 117_1_-112_504
16 0.005995 3 0 PTP 1 55_1_-112_447
16 0.005995 3 0 PTP 1 79_1_-112_398
16 0.005995 3 0 PTP 1 30_1_-112_451
16 0.005995 3 0 PTP 1 40_1_-112_385
16 0.005995 3 0 PTP 1 52_1_-112_463
16 0.005995 3 0 PTP 1 54_1_-112_434
16 0.005995 3 0 PTP 1 78_1_-112_435
16 0.005995 3 0 PTP 1 90_1_-112_484
16 0.005995 3 0 PTP 1 106_1_-112_439
12 0.005995 2 95 9
15 0.005995 3 0 PTP 95 95_1_-112_509
12 0.005995 2 104 7
15 0.005995 3 0 PTP 104 104_1_-778_510
13 0.005995 2 95
16 0.005995 3 0 PTP 1 63_1_-112_382
16 0.005995 3 0 PTP 1 48_1_-112_491
16 0.005995 3 0 PTP 1 60_1_-112_502
16 0.005995 3 0 PTP 1 88_1_-112_453
16 0.005995 3 0 PTP 1 104_1_-112_495
16 0.005996 3 0 PTP 1 120_1_-112_397
16 0.005996 3 0 PTP 1 124_1_-112_450
16 0.005996 3 0 PTP 1 126_1_-112_430
16 0.005996 3 0 PTP 1 128_1_-112_415
12 0.005996 2 83 7
15 0.005996 3 0 PTP 83 83_1_-778_511
16 0.005996 3 0 PTP 1 95_1_-112_509
12 0.005997 2 36 9
15 0.005997 3 0 PTP 36 36_1_-112_512
13 0.005997 2 36
16 0.005998 3 0 PTP 1 36_1_-112_512
12 0.005999 2 117 9
15 0.005999 3 0 PTP 117 117_1_-112_513
12 0.005999 2 95 9
15 0.005999 3 0 PTP 95 95_1_-112_514
13 0.005999 2 117
13 0.005999 2 95
12 0.006000 2 95 7
15 0.006000 3 0 PTP 95 95_1_-778_515
12 0.006000 2 36 9
15 0.006000 3 0 PTP 36 36_1_-112_516
13 0.006000 2 36
12 0.006002 2 117 7
15 0.006002 3 0 PTP 117 117_1_-778_517
12 0.006003 2 111 9
15 0.006003 3 0 PTP 111 111_1_-112_518
12 0.006003 2 60 7
15 0.006003 3 0 PTP 60 60_1_-778_519
12 0.006003 2 36 7
15 0.006003 3 0 PTP 36 36_1_-778_520
13 0.006003 2 111
12 0.006004 2 42 9
15 0.006004 3 0 PTP 42 42_1_-112_521
13 0.006004 2 42
16 0.006004 3 0 PTP 1 111_1_-112_518
16 0.006005 3 0 PTP 1 42_1_-112_521
12 0.006006 2 119 9
15 0.006006 3 0 PTP 119 119_1_-112_522
12 0.006006 2 111 9
15 0.006006 3 0 PTP 111 111_1_-112_523
12 0.006006 2 42 9
15 0.006006 3 0 PTP 42 42_1_-112_524
13 0.006006 2 119
13 0.006006 2 111
13 0.006006 2 42
12 0.006007 2 111 7
15 0.006007 3 0 PTP 111 111_1_-778_525
12 0.006007 2 42 7
15 0.006007 3 0 PTP 42 42_1_-778_526
16 0.006007 3 0 PTP 1 119_1_-112_522
12 0.006009 2 47 9
15 0.006009 3 0 PTP 47 47_1_-112_527
12 0.006009 2 84 9
15 0.006009 3 0 PTP 84 84_1_-112_528
12 0.006009 2 119 9
15 0.006009 3 0 PTP 119 119_1_-112_529
13 0.006009 2 47
13 0.006009 2 84
13 0.006009 2 119
16 0.006010 3 0 PTP 1 47_1_-112_527
16 0.006010 3 0 PTP 1 84_1_-112_528
12 0.006011 2 84 9
15 0.006011 3 0 PTP 84 84_1_-112_530
12 0.006011 2 119 7
15 0.006011 3 0 PTP 119 119_1_-778_531
13 0.006011 2 84
12 0.006012 2 24 9
15 0.006012 3 0 PTP 24 24_1_-112_532
12 0.006012 2 89 9
15 0.006012 3 0 PTP 89 89_1_-112_533
12 0.006012 2 47 9
15 0.006012 3 0 PTP 47 47_1_-112_534
13 0.006012 2 24
13 0.006012 2 89
13 0.006012 2 47
16 0.006013 3 0 PTP 1 89_1_-112_533
16 0.006013 3 0 PTP 1 24_1_-112_532
12 0.006013 2 84 7
15 0.006013 3 0 PTP 84 84_1_-778_535
12 0.006014 2 74 9
15 0.006014 3 0 PTP 74 74_1_-112_536
12 0.006014 2 89 9
15 0.006014 3 0 PTP 89 89_1_-112_537
12 0.006014 2 47 7
15 0.006014 3 0 PTP 47 47_1_-778_538
13 0.006014 2 74
13 0.006014 2 89
16 0.006015 3 0 PTP 1 74_1_-112_536
12 0.006015 2 24 9
15 0.006015 3 0 PTP 24 24_1_-112_539
12 0.006015 2 89 7
15 0.006015 3 0 PTP 89 89_1_-778_540
13 0.006015 2 24
12 0.006017 2 113 9
15 0.006017 3 0 PTP 113 113_1_-112_541
12 0.006017 2 74 9
15 0.006017 3 0 PTP 74 74_1_-112_542
12 0.006017 2 24 7
15 0.006017 3 0 PTP 24 24_1_-778_543
13 0.006017 2 113
13 0.006017 2 74
16 0.006018 3 0 PTP 1 113_1_-112_541
12 0.006018 2 74 7
15 0.006018 3 0 PTP 74 74_1_-778_544
12 0.006020 2 113 9
15 0.006020 3 0 PTP 113 113_1_-112_545
13 0.006020 2 113
12 0.006024 2 19 9
15 0.006024 3 0 PTP 19 19_1_-112_546
13 0.006024 2 19
16 0.006025 3 0 PTP 1 19_1_-112_546
12 0.006025 2 118 9
15 0.006025 3 0 PTP 118 118_1_-112_547
13 0.006025 2 118
12 0.006026 2 113 7
15 0.006026 3 0 PTP 113 113_1_-778_548
16 0.006026 3 0 PTP 1 118_1_-112_547
12 0.006027 2 80 9
15 0.006027 3 0 PTP 80 80_1_-112_549
12 0.006027 2 82 9
15 0.006027 3 0 PTP 82 82_1_-112_550
13 0.006027 2 80
13 0.006027 2 82
16 0.006028 3 0 PTP 1 82_1_-112_550
12 0.006028 2 19 9
15 0.006028 3 0 PTP 19 19_1_-112_551
13 0.006028 2 19
16 0.006028 3 0 PTP 1 80_1_-112_549
12 0.006029 2 32 9
15 0.006029 3 0 PTP 32 32_1_-112_552
12 0.006029 2 118 9
15 0.006029 3 0 PTP 118 118_1_-112_553
12 0.006029 2 82 9
15 0.006029 3 0 PTP 82 82_1_-112_554
13 0.006029 2 32
13 0.006029 2 118
13 0.006029 2 82
16 0.006030 3 0 PTP 1 32_1_-112_552
12 0.006031 2 80 9
15 0.006031 3 0 PTP 80 80_1_-112_555
12 0.006031 2 19 7
15 0.006031 3 0 PTP 19 19_1_-778_556
12 0.006031 2 118 7
15 0.006031 3 0 PTP 118 118_1_-778_557
12 0.006031 2 82 7
15 0.006031 3 0 PTP 82 82_1_-778_558
13 0.006031 2 80
12 0.006032 2 32 9
15 0.006032 3 0 PTP 32 32_1_-112_559
13 0.006032 2 32
12 0.006033 2 109 9
15 0.006033 3 0 PTP 109 109_1_-112_560
13 0.006033 2 109
16 0.006034 3 0 PTP 1 109_1_-112_560
12 0.006034 2 80 7
15 0.006034 3 0 PTP 80 80_1_-778_561
12 0.006036 2 98 9
15 0.006036 3 0 PTP 98 98_1_-112_562
12 0.006036 2 109 9
15 0.006036 3 0 PTP 109 109_1_-112_563
13 0.006036 2 98
13 0.006036 2 109
16 0.006037 3 0 PTP 1 98_1_-112_562
12 0.006037 2 73 9
15 0.006037 3 0 PTP 73 73_1_-112_564
12 0.006037 2 32 7
15 0.006037 3 0 PTP 32 32_1_-778_565
13 0.006037 2 73
16 0.006038 3 0 PTP 1 73_1_-112_564
12 0.006038 2 4 9
15 0.006038 3 0 PTP 4 4_1_-112_566
13 0.006038 2 4
16 0.006039 3 0 PTP 1 4_1_-112_566
12 0.006039 2 112 9
15 0.006039 3 0 PTP 112 112_1_-112_567
12 0.006039 2 109 7
15 0.006039 3 0 PTP 109 109_1_-778_568
13 0.006039 2 112
12 0.006040 2 98 9
15 0.006040 3 0 PTP 98 98_1_-112_569
13 0.006040 2 98
16 0.006041 3 0 PTP 1 112_1_-112_567
12 0.006041 2 73 9
15 0.006041 3 0 PTP 73 73_1_-112_570
12 0.006041 2 4 9
15 0.006041 3 0 PTP 4 4_1_-112_571
13 0.006041 2 73
13 0.006041 2 4
12 0.006042 2 98 7
15 0.006042 3 0 PTP 98 98_1_-778_572
12 0.006042 2 112 9
15 0.006042 3 0 PTP 112 112_1_-112_573
13 0.006042 2 112
12 0.006043 2 99 9
15 0.006043 3 0 PTP 99 99_1_-112_574
12 0.006043 2 4 7
15 0.006043 3 0 PTP 4 4_1_-778_575
13 0.006043 2 99
16 0.006044 3 0 PTP 1 99_1_-112_574
12 0.006044 2 73 7
15 0.006044 3 0 PTP 73 73_1_-778_576
12 0.006044 2 112 7
15 0.006044 3 0 PTP 112 112_1_-778_577
12 0.006045 2 72 9
15 0.006045 3 0 PTP 72 72_1_-112_578
12 0.006045 2 99 9
15 0.006045 3 0 PTP 99 99_1_-112_579
13 0.006045 2 72
13 0.006045 2 99
16 0.006046 3 0 PTP 1 72_1_-112_578
12 0.006047 2 14 9
15 0.006047 3 0 PTP 14 14_1_-112_580
12 0.006047 2 99 7
15 0.006047 3 0 PTP 99 99_1_-778_581
13 0.006047 2 14
16 0.006048 3 0 PTP 1 14_1_-112_580
12 0.006048 2 72 9
15 0.006048 3 0 PTP 72 72_1_-112_582
13 0.006048 2 72
12 0.006049 2 14 9
15 0.006049 3 0 PTP 14 14_1_-112_583
13 0.006049 2 14
12 0.006050 2 76 9
15 0.006050 3 0 PTP 76 76_1_-112_584
13 0.006050 2 76
16 0.006051 3 0 PTP 1 76_1_-112_584
12 0.006052 2 72 7
15 0.006052 3 0 PTP 72 72_1_-778_585
12 0.006053 2 14 7
15 0.006053 3 0 PTP 14 14_1_-778_586
12 0.006053 2 76 9
15 0.006053 3 0 PTP 76 76_1_-112_587
12 0.006053 2 31 9
15 0.006053 3 0 PTP 31 31_1_-112_588
13 0.006053 2 76
13 0.006053 2 31
16 0.006054 3 0 PTP 1 31_1_-112_588
12 0.006054 2 59 9
15 0.006054 3 0 PTP 59 59_1_-112_589
13 0.006054 2 59
16 0.006055 3 0 PTP 1 59_1_-112_589
12 0.006055 2 38 9
15 0.006055 3 0 PTP 38 38_1_-112_590
12 0.006055 2 76 7
15 0.006055 3 0 PTP 76 76_1_-778_591
12 0.006055 2 31 9
15 0.006055 3 0 PTP 31 31_1_-112_592
13 0.006055 2 38
13 0.006055 2 31
16 0.006056 3 0 PTP 1 38_1_-112_590
12 0.006056 2 59 9
15 0.006056 3 0 PTP 59 59_1_-112_593
13 0.006056 2 59
12 0.006057 2 110 9
15 0.006057 3 0 PTP 110 110_1_-112_594
12 0.006057 2 31 7
15 0.006057 3 0 PTP 31 31_1_-778_595
13 0.006057 2 110
12 0.006058 2 38 9
15 0.006058 3 0 PTP 38 38_1_-112_596
12 0.006058 2 59 7
15 0.006058 3 0 PTP 59 59_1_-778_597
13 0.006058 2 38
16 0.006058 3 0 PTP 1 110_1_-112_594
12 0.006059 2 110 9
15 0.006059 3 0 PTP 110 110_1_-112_598
13 0.006059 2 110
12 0.006060 2 38 7
15 0.006060 3 0 PTP 38 38_1_-778_599
12 0.006061 2 116 9
15 0.006061 3 0 PTP 116 116_1_-112_600
12 0.006061 2 110 7
15 0.006061 3 0 PTP 110 110_1_-778_601
13 0.006061 2 116
16 0.006062 3 0 PTP 1 116_1_-112_600
12 0.006063 2 116 9
15 0.006063 3 0 PTP 116 116_1_-112_602
13 0.006063 2 116
12 0.006065 2 116 7
15 0.006065 3 0 PTP 116 116_1_-778_603
12 0.006067 2 64 9
15 0.006067 3 0 PTP 64 64_1_-112_604
13 0.006067 2 64
16 0.006069 3 0 PTP 1 64_1_-112_604
12 0.006069 2 64 9
15 0.006069 3 0 PTP 64 64_1_-112_605
13 0.006069 2 64
12 0.006070 2 65 9
15 0.006070 3 0 PTP 65 65_1_-112_606
12 0.006070 2 64 7
15 0.006070 3 0 PTP 64 64_1_-778_607
13 0.006070 2 65
16 0.006071 3 0 PTP 1 65_1_-112_606
12 0.006071 2 58 9
15 0.006071 3 0 PTP 58 58_1_-112_608
13 0.006071 2 58
16 0.006072 3 0 PTP 1 58_1_-112_608
12 0.006072 2 123 9
15 0.006072 3 0 PTP 123 123_1_-112_609
13 0.006072 2 123
12 0.006073 2 58 9
15 0.006073 3 0 PTP 58 58_1_-112_610
12 0.006073 2 65 9
15 0.006073 3 0 PTP 65 65_1_-112_611
13 0.006073 2 58
13 0.006073 2 65
16 0.006073 3 0 PTP 1 123_1_-112_609
12 0.006074 2 103 9
15 0.006074 3 0 PTP 103 103_1_-112_612
12 0.006074 2 123 9
15 0.006074 3 0 PTP 123 123_1_-112_613
13 0.006074 2 103
13 0.006074 2 123
16 0.006075 3 0 PTP 1 103_1_-112_612
12 0.006075 2 125 9
15 0.006075 3 0 PTP 125 125_1_-112_614
12 0.006075 2 58 7
15 0.006075 3 0 PTP 58 58_1_-778_615
12 0.006075 2 65 7
15 0.006075 3 0 PTP 65 65_1_-778_616
12 0.006075 2 123 7
15 0.006075 3 0 PTP 123 123_1_-778_617
13 0.006075 2 125
12 0.006076 2 103 9
15 0.006076 3 0 PTP 103 103_1_-112_618
13 0.006076 2 103
16 0.006076 3 0 PTP 1 125_1_-112_614
12 0.006077 2 103 7
15 0.006077 3 0 PTP 103 103_1_-778_619
12 0.006078 2 71 9
15 0.006078 3 0 PTP 71 71_1_-112_620
12 0.006078 2 125 9
15 0.006078 3 0 PTP 125 125_1_-112_621
13 0.006078 2 71
13 0.006078 2 125
16 0.006079 3 0 PTP 1 71_1_-112_620
12 0.006080 2 67 9
15 0.006080 3 0 PTP 67 67_1_-112_622
12 0.006080 2 71 9
15 0.006080 3 0 PTP 71 71_1_-112_623
12 0.006080 2 125 7
15 0.006080 3 0 PTP 125 125_1_-778_624
13 0.006080 2 67
13 0.006080 2 71
16 0.006081 3 0 PTP 1 67_1_-112_622
12 0.006082 2 67 9
15 0.006082 3 0 PTP 67 67_1_-112_625
12 0.006082 2 71 7
15 0.006082 3 0 PTP 71 71_1_-778_626
13 0.006082 2 67
12 0.006083 2 105 9
15 0.006083 3 0 PTP 105 105_1_-112_627
13 0.006083 2 105
16 0.006084 3 0 PTP 1 105_1_-112_627
12 0.006084 2 94 9
15 0.006084 3 0 PTP 94 94_1_-112_628
12 0.006084 2 67 7
15 0.006084 3 0 PTP 67 67_1_-778_629
13 0.006084 2 94
16 0.006085 3 0 PTP 1 94_1_-112_628
12 0.006086 2 105 9
15 0.006086 3 0 PTP 105 105_1_-112_630
12 0.006086 2 94 9
15 0.006086 3 0 PTP 94 94_1_-112_631
13 0.006086 2 105
13 0.006086 2 94
12 0.006087 2 105 7
15 0.006087 3 0 PTP 105 105_1_-778_632
12 0.006087 2 94 7
15 0.006087 3 0 PTP 94 94_1_-778_633
12 0.006090 2 62 9
15 0.006090 3 0 PTP 62 62_1_-112_634
13 0.006090 2 62
16 0.006091 3 0 PTP 1 62_1_-112_634
12 0.006092 2 62 9
15 0.006092 3 0 PTP 62 62_1_-112_635
13 0.006092 2 62
12 0.006093 2 3 9
15 0.006093 3 0 PTP 3 3_1_-112_636
13 0.006093 2 3
16 0.006094 3 0 PTP 1 3_1_-112_636
12 0.006094 2 62 7
15 0.006094 3 0 PTP 62 62_1_-778_637
12 0.006095 2 37 9
15 0.006095 3 0 PTP 37 37_1_-112_638
13 0.006095 2 37
16 0.006096 3 0 PTP 1 37_1_-112_638
12 0.006097 2 3 9
15 0.006097 3 0 PTP 3 3_1_-112_639
12 0.006097 2 37 9
15 0.006097 3 0 PTP 37 37_1_-112_640
13 0.006097 2 3
13 0.006097 2 37
12 0.006098 2 37 7
15 0.006098 3 0 PTP 37 37_1_-778_641
12 0.006099 2 3 7
15 0.006099 3 0 PTP 3 3_1_-778_642
12 0.006100 2 9 9
15 0.006100 3 0 PTP 9 9_1_-112_643
13 0.006100 2 9
16 0.006101 3 0 PTP 1 9_1_-112_643
12 0.006102 2 9 9
15 0.006102 3 0 PTP 9 9_1_-112_644
13 0.006102 2 9
12 0.006103 2 93 9
15 0.006103 3 0 PTP 93 93_1_-112_645
13 0.006103 2 93
16 0.006104 3 0 PTP 1 93_1_-112_645
12 0.006104 2 9 7
15 0.006104 3 0 PTP 9 9_1_-778_646
12 0.006105 2 93 9
15 0.006105 3 0 PTP 93 93_1_-112_647
13 0.006105 2 93
12 0.006107 2 93 7
15 0.006107 3 0 PTP 93 93_1_-778_648
12 0.006111 2 114 9
15 0.006111 3 0 PTP 114 114_1_-112_649
13 0.006111 2 114
16 0.006112 3 0 PTP 1 114_1_-112_649
12 0.006113 2 114 9
15 0.006113 3 0 PTP 114 114_1_-112_650
13 0.006113 2 114
12 0.006115 2 114 7
15 0.006115 3 0 PTP 114 114_1_-778_651
12 0.006117 2 122 9
15 0.006117 3 0 PTP 122 122_1_-112_652
13 0.006117 2 122
16 0.006118 3 0 PTP 1 122_1_-112_652
12 0.006119 2 86 9
15 0.006119 3 0 PTP 86 86_1_-112_653
13 0.006119 2 86
16 0.006120 3 0 PTP 1 86_1_-112_653
12 0.006120 2 122 9
15 0.006120 3 0 PTP 122 122_1_-112_654
13 0.006120 2 122
12 0.006121 2 86 9
15 0.006121 3 0 PTP 86 86_1_-112_655
13 0.006121 2 86
12 0.006122 2 86 7
15 0.006122 3 0 PTP 86 86_1_-778_656
12 0.006122 2 122 7
15 0.006122 3 0 PTP 122 122_1_-778_657
12 0.006124 2 85 9
15 0.006124 3 0 PTP 85 85_1_-112_658
12 0.006124 2 92 9
15 0.006124 3 0 PTP 92 92_1_-112_659
13 0.006124 2 85
13 0.006124 2 92
16 0.006125 3 0 PTP 1 85_1_-112_658
12 0.006125 2 25 9
15 0.006125 3 0 PTP 25 25_1_-112_660
13 0.006125 2 25
16 0.006125 3 0 PTP 1 92_1_-112_659
16 0.006126 3 0 PTP 1 25_1_-112_660
12 0.006126 2 85 9
15 0.006126 3 0 PTP 85 85_1_-112_661
12 0.006126 2 92 9
15 0.006126 3 0 PTP 92 92_1_-112_662
13 0.006126 2 85
13 0.006126 2 92
12 0.006127 2 107 9
15 0.006127 3 0 PTP 107 107_1_-112_663
13 0.006127 2 107
16 0.006128 3 0 PTP 1 107_1_-112_663
12 0.006128 2 85 7
15 0.006128 3 0 PTP 85 85_1_-778_664
12 0.006128 2 92 7
15 0.006128 3 0 PTP 92 92_1_-778_665
12 0.006130 2 96 9
15 0.006130 3 0 PTP 96 96_1_-112_666
12 0.006130 2 107 9
15 0.006130 3 0 PTP 107 107_1_-112_667
13 0.006130 2 96
13 0.006130 2 107
12 0.006131 2 25 9
15 0.006131 3 0 PTP 25 25_1_-112_668
12 0.006131 2 107 7
15 0.006131 3 0 PTP 107 107_1_-778_669
13 0.006131 2 25
16 0.006132 3 0 PTP 1 96_1_-112_666
12 0.006133 2 96 9
15 0.006133 3 0 PTP 96 96_1_-112_670
12 0.006133 2 25 7
15 0.006133 3 0 PTP 25 25_1_-778_671
13 0.006133 2 96
12 0.006134 2 23 9
15 0.006134 3 0 PTP 23 23_1_-112_672
13 0.006134 2 23
16 0.006135 3 0 PTP 1 23_1_-112_672
12 0.006135 2 96 7
15 0.006135 3 0 PTP 96 96_1_-778_673
12 0.006136 2 23 9
15 0.006136 3 0 PTP 23 23_1_-112_674
13 0.006136 2 23
12 0.006138 2 23 7
15 0.006138 3 0 PTP 23 23_1_-778_675
12 0.006145 2 100 9
15 0.006145 3 0 PTP 100 100_1_-112_676
13 0.006145 2 100
16 0.006146 3 0 PTP 1 100_1_-112_676
12 0.006146 2 100 9
15 0.006146 3 0 PTP 100 100_1_-112_677
13 0.006146 2 100
12 0.006148 2 61 9
15 0.006148 3 0 PTP 61 61_1_-112_678
12 0.006148 2 100 7
15 0.006148 3 0 PTP 100 100_1_-778_679
13 0.006148 2 61
16 0.006149 3 0 PTP 1 61_1_-112_678
12 0.006149 2 61 9
15 0.006149 3 0 PTP 61 61_1_-112_680
13 0.006149 2 61
12 0.006150 2 61 7
15 0.006150 3 0 PTP 61 61_1_-778_681
12 0.006154 2 20 9
15 0.006154 3 0 PTP 20 20_1_-112_682
13 0.006154 2 20
16 0.006155 3 0 PTP 1 20_1_-112_682
12 0.006157 2 20 9
15 0.006157 3 0 PTP 20 20_1_-112_683
13 0.006157 2 20
12 0.006158 2 121 9
15 0.006158 3 0 PTP 121 121_1_-112_684
13 0.006158 2 121
16 0.006159 3 0 PTP 1 121_1_-112_684
12 0.006159 2 20 7
15 0.006159 3 0 PTP 20 20_1_-778_685
12 0.006160 2 115 9
15 0.006160 3 0 PTP 115 115_1_-112_686
12 0.006160 2 121 9
15 0.006160 3 0 PTP 121 121_1_-112_687
13 0.006160 2 115
13 0.006160 2 121
16 0.006161 3 0 PTP 1 115_1_-112_686
12 0.006162 2 121 7
15 0.006162 3 0 PTP 121 121_1_-778_688
12 0.006164 2 115 9
15 0.006164 3 0 PTP 115 115_1_-112_689
13 0.006164 2 115
12 0.006166 2 97 9
15 0.006166 3 0 PTP 97 97_1_-112_690
12 0.006166 2 115 7
15 0.006166 3 0 PTP 115 115_1_-778_691
13 0.006166 2 97
16 0.006167 3 0 PTP 1 97_1_-112_690
12 0.006169 2 97 9
15 0.006169 3 0 PTP 97 97_1_-112_692
13 0.006169 2 97
12 0.006170 2 97 7
15 0.006170 3 0 PTP 97 97_1_-778_693
12 0.006176 2 56 9
15 0.006176 3 0 PTP 56 56_1_-112_694
13 0.006176 2 56
16 0.006177 3 0 PTP 1 56_1_-112_694
12 0.006178 2 56 9
15 0.006178 3 0 PTP 56 56_1_-112_695
13 0.006178 2 56
12 0.006180 2 56 7
15 0.006180 3 0 PTP 56 56_1_-778_696
12 0.006181 2 53 9
15 0.006181 3 0 PTP 53 53_1_-112_697
13 0.006181 2 53
16 0.006182 3 0 PTP 1 53_1_-112_697
12 0.006182 2 6 9
15 0.006182 3 0 PTP 6 6_1_-112_698
13 0.006182 2 6
16 0.006183 3 0 PTP 1 6_1_-112_698
12 0.006183 2 53 9
15 0.006183 3 0 PTP 53 53_1_-112_699
13 0.006183 2 53
12 0.006185 2 6 9
15 0.006185 3 0 PTP 6 6_1_-112_700
12 0.006185 2 53 7
15 0.006185 3 0 PTP 53 53_1_-778_701
13 0.006185 2 6
12 0.006187 2 6 7
15 0.006187 3 0 PTP 6 6_1_-778_702
12 0.006190 2 108 9
15 0.006190 3 0 PTP 108 108_1_-112_703
13 0.006190 2 108
16 0.006191 3 0 PTP 1 108_1_-112_703
12 0.006192 2 108 9
15 0.006192 3 0 PTP 108 108_1_-112_704
13 0.006192 2 108
12 0.006195 2 108 7
15 0.006195 3 0 PTP 108 108_1_-778_705
12 0.006204 2 5 9
15 0.006204 3 0 PTP 5 5_1_-112_706
12 0.006204 2 91 9
15 0.006204 3 0 PTP 91 91_1_-112_707
13 0.006204 2 5
13 0.006204 2 91
16 0.006205 3 0 PTP 1 5_1_-112_706
16 0.006205 3 0 PTP 1 91_1_-112_707
12 0.006206 2 5 9
15 0.006206 3 0 PTP 5 5_1_-112_708
12 0.006206 2 91 9
15 0.006206 3 0 PTP 91 91_1_-112_709
13 0.006206 2 5
13 0.006206 2 91
12 0.006207 2 5 7
15 0.006207 3 0 PTP 5 5_1_-778_710
12 0.006207 2 91 7
15 0.006207 3 0 PTP 91 91_1_-778_711
12 0.006222 2 44 9
15 0.006222 3 0 PTP 44 44_1_-112_712
13 0.006222 2 44
16 0.006223 3 0 PTP 1 44_1_-112_712
12 0.006224 2 11 9
15 0.006224 3 0 PTP 11 11_1_-112_713
12 0.006224 2 44 9
15 0.006224 3 0 PTP 44 44_1_-112_714
13 0.006224 2 11
13 0.006224 2 44
16 0.006225 3 0 PTP 1 11_1_-112_713
12 0.006226 2 11 9
15 0.006226 3 0 PTP 11 11_1_-112_715
12 0.006226 2 44 7
15 0.006226 3 0 PTP 44 44_1_-778_716
13 0.006226 2 11
12 0.006228 2 11 7
15 0.006228 3 0 PTP 11 11_1_-778_717
12 0.006238 2 16 9
15 0.006238 3 0 PTP 16 16_1_-112_718
13 0.006238 2 16
16 0.006239 3 0 PTP 1 16_1_-112_718
12 0.006240 2 16 9
15 0.006240 3 0 PTP 16 16_1_-112_719
13 0.006240 2 16
12 0.006243 2 16 7
15 0.006243 3 0 PTP 16 16_1_-778_720
12 0.006247 2 87 9
15 0.006247 3 0 PTP 87 87_1_-112_721
13 0.006247 2 87
16 0.006248 3 0 PTP 1 87_1_-112_721
12 0.006248 2 10 9
15 0.006248 3 0 PTP 10 10_1_-112_722
13 0.006248 2 10
16 0.006249 3 0 PTP 1 10_1_-112_722
12 0.006249 2 87 9
15 0.006249 3 0 PTP 87 87_1_-112_723
13 0.006249 2 87
12 0.006250 2 10 9
15 0.006250 3 0 PTP 10 10_1_-112_724
13 0.006250 2 10
12 0.006251 2 87 7
15 0.006251 3 0 PTP 87 87_1_-778_725
12 0.006252 2 10 7
15 0.006252 3 0 PTP 10 10_1_-778_726
12 0.006255 2 127 9
15 0.006255 3 0 PTP 127 127_1_-112_727
13 0.006255 2 127
16 0.006257 3 0 PTP 1 127_1_-112_727
12 0.006257 2 127 9
15 0.006257 3 0 PTP 127 127_1_-112_728
13 0.006257 2 127
12 0.006259 2 127 7
15 0.006259 3 0 PTP 127 127_1_-778_729
12 0.006268 2 2 9
15 0.006268 3 0 PTP 2 2_1_-112_730
13 0.006268 2 2
16 0.006269 3 0 PTP 1 2_1_-112_730
12 0.006271 2 2 9
15 0.006271 3 0 PTP 2 2_1_-112_731
13 0.006271 2 2
12 0.006273 2 2 7
15 0.006273 3 0 PTP 2 2_1_-778_732
12 0.006276 2 101 9
15 0.006276 3 0 PTP 101 101_1_-112_733
13 0.006276 2 101
16 0.006277 3 0 PTP 1 101_1_-112_733
12 0.006277 2 101 9
15 0.006277 3 0 PTP 101 101_1_-112_734
13 0.006277 2 101
12 0.006279 2 101 7
15 0.006279 3 0 PTP 101 101_1_-778_735
12 0.006305 2 35 9
15 0.006305 3 0 PTP 35 35_1_-112_736
13 0.006305 2 35
16 0.006306 3 0 PTP 1 35_1_-112_736
12 0.006308 2 35 9
15 0.006308 3 0 PTP 35 35_1_-112_737
13 0.006308 2 35
12 0.006310 2 35 7
15 0.006310 3 0 PTP 35 35_1_-778_738
12 0.006312 2 22 9
15 0.006312 3 0 PTP 22 22_1_-112_739
13 0.006312 2 22
16 0.006313 3 0 PTP 1 22_1_-112_739
12 0.006314 2 22 9
15 0.006314 3 0 PTP 22 22_1_-112_740
13 0.006314 2 22
12 0.006315 2 22 7
15 0.006315 3 0 PTP 22 22_1_-778_741
12 0.006335 2 41 9
15 0.006335 3 0 PTP 41 41_1_-112_742
13 0.006335 2 41
16 0.006336 3 0 PTP 1 41_1_-112_742
12 0.006338 2 49 9
15 0.006338 3 0 PTP 49 49_1_-112_743
12 0.006338 2 41 9
15 0.006338 3 0 PTP 41 41_1_-112_744
13 0.006338 2 49
13 0.006338 2 41
16 0.006339 3 0 PTP 1 49_1_-112_743
12 0.006340 2 49 9
15 0.006340 3 0 PTP 49 49_1_-112_745
12 0.006340 2 41 7
15 0.006340 3 0 PTP 41 41_1_-778_746
13 0.006340 2 49
12 0.006342 2 49 7
15 0.006342 3 0 PTP 49 49_1_-778_747
12 0.006353 2 102 9
15 0.006353 3 0 PTP 102 102_1_-112_748
13 0.006353 2 102
16 0.006354 3 0 PTP 1 102_1_-112_748
12 0.006355 2 102 9
15 0.006355 3 0 PTP 102 102_1_-112_749
13 0.006355 2 102
12 0.006356 2 102 7
15 0.006356 3 0 PTP 102 102_1_-778_750
12 0.006367 2 28 9
15 0.006367 3 0 PTP 28 28_1_-112_751
13 0.006367 2 28
16 0.006368 3 0 PTP 1 28_1_-112_751
12 0.006369 2 28 9
15 0.006369 3 0 PTP 28 28_1_-112_752
13 0.006369 2 28
12 0.006370 2 46 9
15 0.006370 3 0 PTP 46 46_1_-112_753
13 0.006370 2 46
16 0.006371 3 0 PTP 1 46_1_-112_753
12 0.006371 2 28 7
15 0.006371 3 0 PTP 28 28_1_-778_754
12 0.006372 2 46 9
15 0.006372 3 0 PTP 46 46_1_-112_755
13 0.006372 2 46
12 0.006375 2 46 7
15 0.006375 3 0 PTP 46 46_1_-778_756
12 0.006395 2 15 9
15 0.006395 3 0 PTP 15 15_1_-112_757
13 0.006395 2 15
16 0.006396 3 0 PTP 1 15_1_-112_757
12 0.006396 2 15 9
15 0.006396 3 0 PTP 15 15_1_-112_758
13 0.006396 2 15
12 0.006398 2 15 7
15 0.006398 3 0 PTP 15 15_1_-778_759
12 0.006818 2 17 9
15 0.006818 3 0 PTP 17 17_1_-112_760
13 0.006818 2 17
16 0.006819 3 0 PTP 1 17_1_-112_760
13 0.006819 2 1
12 0.006820 2 17 9
15 0.006820 3 0 PTP 17 17_1_-112_761
13 0.006820 2 17
12 0.006821 2 1 9
16 0.006821 3 0 PTP 1 2_1_-112_731
16 0.006821 3 0 PTP 1 3_1_-112_639
16 0.006821 3 0 PTP 1 5_1_-112_708
16 0.006821 3 0 PTP 1 9_1_-112_644
16 0.006821 3 0 PTP 1 17_1_-112_761
16 0.006821 3 0 PTP 1 33_1_-112_408
16 0.006821 3 0 PTP 1 65_1_-112_611
16 0.006821 3 0 PTP 1 97_1_-112_692
16 0.006821 3 0 PTP 1 49_1_-112_745
16 0.006821 3 0 PTP 1 81_1_-112_480
16 0.006821 3 0 PTP 1 25_1_-112_668
16 0.006821 3 0 PTP 1 41_1_-112_744
16 0.006821 3 0 PTP 1 73_1_-112_570
16 0.006821 3 0 PTP 1 13_1_-112_395
16 0.006821 3 0 PTP 1 21_1_-112_466
16 0.006821 3 0 PTP 1 37_1_-112_640
16 0.006821 3 0 PTP 1 69_1_-112_420
16 0.006821 3 0 PTP 1 7_1_-112_419
16 0.006821 3 0 PTP 1 11_1_-112_715
16 0.006821 3 0 PTP 1 19_1_-112_551
16 0.006821 3 0 PTP 1 35_1_-112_737
16 0.006821 3 0 PTP 1 67_1_-112_625
16 0.006821 3 0 PTP 1 4_1_-112_571
16 0.006821 3 0 PTP 1 6_1_-112_700
16 0.006821 3 0 PTP 1 10_1_-112_724
16 0.006821 3 0 PTP 1 18_1_-112_417
16 0.006821 3 0 PTP 1 34_1_-112_389
16 0.006821 3 0 PTP 1 66_1_-112_496
16 0.006821 3 0 PTP 1 113_1_-112_545
16 0.006821 3 0 PTP 1 57_1_-112_461
16 0.006821 3 0 PTP 1 89_1_-112_537
16 0.006821 3 0 PTP 1 105_1_-112_630
16 0.006821 3 0 PTP 1 29_1_-112_404
16 0.006821 3 0 PTP 1 45_1_-112_416
16 0.006821 3 0 PTP 1 53_1_-112_699
16 0.006821 3 0 PTP 1 77_1_-112_473
16 0.006821 3 0 PTP 1 85_1_-112_661
16 0.006821 3 0 PTP 1 101_1_-112_734
16 0.006821 3 0 PTP 1 15_1_-112_758
16 0.006821 3 0 PTP 1 23_1_-112_674
16 0.006821 3 0 PTP 1 27_1_-112_427
16 0.006821 3 0 PTP 1 39_1_-112_411
16 0.006821 3 0 PTP 1 43_1_-112_445
16 0.006821 3 0 PTP 1 51_1_-112_486
16 0.006821 3 0 PTP 1 71_1_-112_623
16 0.006821 3 0 PTP 1 75_1_-112_476
16 0.006821 3 0 PTP 1 83_1_-112_505
16 0.006821 3 0 PTP 1 99_1_-112_579
16 0.006821 3 0 PTP 1 8_1_-112_436
16 0.006821 3 0 PTP 1 12_1_-112_503
16 0.006821 3 0 PTP 1 14_1_-112_583
16 0.006821 3 0 PTP 1 20_1_-112_683
16 0.006821 3 0 PTP 1 22_1_-112_740
16 0.006821 3 0 PTP 1 26_1_-112_498
16 0.006821 3 0 PTP 1 36_1_-112_516
16 0.006821 3 0 PTP 1 38_1_-112_596
16 0.006821 3 0 PTP 1 42_1_-112_524
16 0.006821 3 0 PTP 1 50_1_-112_392
16 0.006821 3 0 PTP 1 68_1_-112_481
16 0.006821 3 0 PTP 1 70_1_-112_471
16 0.006821 3 0 PTP 1 74_1_-112_542
16 0.006821 3 0 PTP 1 82_1_-112_554
16 0.006821 3 0 PTP 1 98_1_-112_569
12 0.006821 2 17 7
15 0.006821 3 0 PTP 17 17_1_-778_762
16 0.006821 3 0 PTP 1 121_1_-112_687
16 0.006821 3 0 PTP 1 61_1_-112_680
16 0.006821 3 0 PTP 1 93_1_-112_647
16 0.006821 3 0 PTP 1 109_1_-112_563
16 0.006821 3 0 PTP 1 117_1_-112_513
16 0.006821 3 0 PTP 1 31_1_-112_592
16 0.006821 3 0 PTP 1 47_1_-112_534
16 0.006821 3 0 PTP 1 55_1_-112_452
16 0.006821 3 0 PTP 1 59_1_-112_593
16 0.006821 3 0 PTP 1 79_1_-112_401
16 0.006821 3 0 PTP 1 87_1_-112_723
16 0.006821 3 0 PTP 1 91_1_-112_709
16 0.006821 3 0 PTP 1 103_1_-112_618
16 0.006821 3 0 PTP 1 107_1_-112_667
16 0.006821 3 0 PTP 1 115_1_-112_689
16 0.006821 3 0 PTP 1 16_1_-112_719
16 0.006821 3 0 PTP 1 24_1_-112_539
16 0.006821 3 0 PTP 1 28_1_-112_752
16 0.006821 3 0 PTP 1 30_1_-112_455
16 0.006821 3 0 PTP 1 40_1_-112_386
16 0.006821 3 0 PTP 1 44_1_-112_714
16 0.006821 3 0 PTP 1 46_1_-112_755
16 0.006821 3 0 PTP 1 52_1_-112_467
16 0.006821 3 0 PTP 1 54_1_-112_437
16 0.006821 3 0 PTP 1 58_1_-112_610
16 0.006821 3 0 PTP 1 72_1_-112_582
16 0.006821 3 0 PTP 1 76_1_-112_587
16 0.006821 3 0 PTP 1 78_1_-112_440
16 0.006821 3 0 PTP 1 84_1_-112_530
16 0.006821 3 0 PTP 1 86_1_-112_655
16 0.006821 3 0 PTP 1 90_1_-112_487
16 0.006821 3 0 PTP 1 100_1_-112_677
16 0.006821 3 0 PTP 1 102_1_-112_749
16 0.006821 3 0 PTP 1 106_1_-112_446
16 0.006821 3 0 PTP 1 114_1_-112_650
16 0.006822 3 0 PTP 1 125_1_-112_621
16 0.006822 3 0 PTP 1 63_1_-112_383
16 0.006822 3 0 PTP 1 95_1_-112_514
16 0.006822 3 0 PTP 1 111_1_-112_523
16 0.006822 3 0 PTP 1 119_1_-112_529
16 0.006822 3 0 PTP 1 123_1_-112_613
16 0.006822 3 0 PTP 1 32_1_-112_559
16 0.006822 3 0 PTP 1 48_1_-112_497
16 0.006822 3 0 PTP 1 56_1_-112_695
16 0.006822 3 0 PTP 1 60_1_-112_508
16 0.006822 3 0 PTP 1 62_1_-112_635
16 0.006822 3 0 PTP 1 80_1_-112_555
16 0.006822 3 0 PTP 1 88_1_-112_457
16 0.006822 3 0 PTP 1 92_1_-112_662
16 0.006822 3 0 PTP 1 94_1_-112_631
16 0.006822 3 0 PTP 1 104_1_-112_506
16 0.006822 3 0 PTP 1 108_1_-112_704
16 0.006822 3 0 PTP 1 110_1_-112_598
16 0.006822 3 0 PTP 1 116_1_-112_602
16 0.006822 3 0 PTP 1 118_1_-112_553
16 0.006822 3 0 PTP 1 122_1_-112_654
16 0.006822 3 0 PTP 1 127_1_-112_728
16 0.006822 3 0 PTP 1 64_1_-112_605
16 0.006822 3 0 PTP 1 96_1_-112_670
16 0.006822 3 0 PTP 1 112_1_-112_573
16 0.006822 3 0 PTP 1 120_1_-112_399
16 0.006822 3 0 PTP 1 124_1_-112_454
16 0.006822 3 0 PTP 1 126_1_-112_431
16 0.006822 3 0 PTP 1 128_1_-112_422
13 0.006822 2 1
12 0.006825 2 1 7
16 0.006825 3 0 PTP 1 2_1_-778_732
16 0.006825 3 0 PTP 1 3_1_-778_642
16 0.006825 3 0 PTP 1 5_1_-778_710
16 0.006825 3 0 PTP 1 9_1_-778_646
16 0.006825 3 0 PTP 1 17_1_-778_762
16 0.006825 3 0 PTP 1 33_1_-778_412
16 0.006825 3 0 PTP 1 65_1_-778_616
16 0.006825 3 0 PTP 1 97_1_-778_693
16 0.006825 3 0 PTP 1 49_1_-778_747
16 0.006825 3 0 PTP 1 81_1_-778_482
16 0.006825 3 0 PTP 1 25_1_-778_671
16 0.006825 3 0 PTP 1 41_1_-778_746
16 0.006825 3 0 PTP 1 73_1_-778_576
16 0.006825 3 0 PTP 1 13_1_-778_396
16 0.006825 3 0 PTP 1 21_1_-778_469
16 0.006825 3 0 PTP 1 37_1_-778_641
16 0.006825 3 0 PTP 1 69_1_-778_425
16 0.006825 3 0 PTP 1 7_1_-778_424
16 0.006825 3 0 PTP 1 11_1_-778_717
16 0.006825 3 0 PTP 1 19_1_-778_556
16 0.006825 3 0 PTP 1 35_1_-778_738
16 0.006825 3 0 PTP 1 67_1_-778_629
16 0.006825 3 0 PTP 1 4_1_-778_575
16 0.006825 3 0 PTP 1 6_1_-778_702
16 0.006825 3 0 PTP 1 10_1_-778_726
16 0.006825 3 0 PTP 1 18_1_-778_426
16 0.006825 3 0 PTP 1 34_1_-778_390
16 0.006825 3 0 PTP 1 66_1_-778_499
16 0.006826 3 0 PTP 1 113_1_-778_548
16 0.006826 3 0 PTP 1 57_1_-778_464
16 0.006826 3 0 PTP 1 89_1_-778_540
16 0.006826 3 0 PTP 1 105_1_-778_632
16 0.006826 3 0 PTP 1 29_1_-778_405
16 0.006826 3 0 PTP 1 45_1_-778_423
16 0.006826 3 0 PTP 1 53_1_-778_701
16 0.006826 3 0 PTP 1 77_1_-778_475
16 0.006826 3 0 PTP 1 85_1_-778_664
16 0.006826 3 0 PTP 1 101_1_-778_735
16 0.006826 3 0 PTP 1 15_1_-778_759
16 0.006826 3 0 PTP 1 23_1_-778_675
16 0.006826 3 0 PTP 1 27_1_-778_429
16 0.006826 3 0 PTP 1 39_1_-778_418
16 0.006826 3 0 PTP 1 43_1_-778_448
16 0.006826 3 0 PTP 1 51_1_-778_488
16 0.006826 3 0 PTP 1 71_1_-778_626
16 0.006826 3 0 PTP 1 75_1_-778_478
16 0.006826 3 0 PTP 1 83_1_-778_511
16 0.006826 3 0 PTP 1 99_1_-778_581
16 0.006826 3 0 PTP 1 8_1_-778_441
16 0.006826 3 0 PTP 1 12_1_-778_507
16 0.006826 3 0 PTP 1 14_1_-778_586
16 0.006826 3 0 PTP 1 20_1_-778_685
16 0.006826 3 0 PTP 1 22_1_-778_741
16 0.006826 3 0 PTP 1 26_1_-778_501
16 0.006826 3 0 PTP 1 36_1_-778_520
16 0.006826 3 0 PTP 1 38_1_-778_599
16 0.006826 3 0 PTP 1 42_1_-778_526
16 0.006826 3 0 PTP 1 50_1_-778_393
16 0.006826 3 0 PTP 1 68_1_-778_485
16 0.006826 3 0 PTP 1 70_1_-778_474
16 0.006826 3 0 PTP 1 74_1_-778_544
16 0.006826 3 0 PTP 1 82_1_-778_558
16 0.006826 3 0 PTP 1 98_1_-778_572
16 0.006826 3 0 PTP 1 121_1_-778_688
16 0.006826 3 0 PTP 1 61_1_-778_681
16 0.006826 3 0 PTP 1 93_1_-778_648
16 0.006826 3 0 PTP 1 109_1_-778_568
16 0.006826 3 0 PTP 1 117_1_-778_517
16 0.006826 3 0 PTP 1 31_1_-778_595
16 0.006826 3 0 PTP 1 47_1_-778_538
16 0.006826 3 0 PTP 1 55_1_-778_456
16 0.006826 3 0 PTP 1 59_1_-778_597
16 0.006826 3 0 PTP 1 79_1_-778_402
16 0.006826 3 0 PTP 1 87_1_-778_725
16 0.006826 3 0 PTP 1 91_1_-778_711
16 0.006826 3 0 PTP 1 103_1_-778_619
16 0.006826 3 0 PTP 1 107_1_-778_669
16 0.006826 3 0 PTP 1 115_1_-778_691
16 0.006826 3 0 PTP 1 16_1_-778_720
16 0.006826 3 0 PTP 1 24_1_-778_543
16 0.006826 3 0 PTP 1 28_1_-778_754
16 0.006826 3 0 PTP 1 30_1_-778_460
16 0.006826 3 0 PTP 1 40_1_-778_388
16 0.006826 3 0 PTP 1 44_1_-778_716
16 0.006826 3 0 PTP 1 46_1_-778_756
16 0.006826 3 0 PTP 1 52_1_-778_470
16 0.006826 3 0 PTP 1 54_1_-778_438
16 0.006826 3 0 PTP 1 58_1_-778_615
16 0.006826 3 0 PTP 1 72_1_-778_585
16 0.006826 3 0 PTP 1 76_1_-778_591
16 0.006826 3 0 PTP 1 78_1_-778_443
16 0.006826 3 0 PTP 1 84_1_-778_535
16 0.006826 3 0 PTP 1 86_1_-778_656
16 0.006826 3 0 PTP 1 90_1_-778_489
16 0.006826 3 0 PTP 1 100_1_-778_679
16 0.006826 3 0 PTP 1 102_1_-778_750
16 0.006826 3 0 PTP 1 106_1_-778_449
16 0.006826 3 0 PTP 1 114_1_-778_651
16 0.006826 3 0 PTP 1 125_1_-778_624
16 0.006826 3 0 PTP 1 63_1_-778_384
16 0.006826 3 0 PTP 1 95_1_-778_515
16 0.006826 3 0 PTP 1 111_1_-778_525
16 0.006826 3 0 PTP 1 119_1_-778_531
16 0.006826 3 0 PTP 1 123_1_-778_617
16 0.006826 3 0 PTP 1 32_1_-778_565
16 0.006826 3 0 PTP 1 48_1_-778_500
16 0.006826 3 0 PTP 1 56_1_-778_696
16 0.006826 3 0 PTP 1 60_1_-778_519
16 0.006826 3 0 PTP 1 62_1_-778_637
16 0.006826 3 0 PTP 1 80_1_-778_561
16 0.006826 3 0 PTP 1 88_1_-778_458
16 0.006826 3 0 PTP 1 92_1_-778_665
16 0.006826 3 0 PTP 1 94_1_-778_633
16 0.006826 3 0 PTP 1 104_1_-778_510
16 0.006826 3 0 PTP 1 108_1_-778_705
16 0.006826 3 0 PTP 1 110_1_-778_601
16 0.006826 3 0 PTP 1 116_1_-778_603
16 0.006826 3 0 PTP 1 118_1_-778_557
16 0.006826 3 0 PTP 1 122_1_-778_657
16 0.006826 3 0 PTP 1 127_1_-778_729
16 0.006826 3 0 PTP 1 64_1_-778_607
16 0.006826 3 0 PTP 1 96_1_-778_673
16 0.006826 3 0 PTP 1 112_1_-778_577
16 0.006826 3 0 PTP 1 120_1_-778_400
16 0.006826 3 0 PTP 1 124_1_-778_459
16 0.006826 3 0 PTP 1 126_1_-778_432
16 0.006826 3 0 PTP 1 128_1_-778_428
15 0.006826 3 0 PTP 1 1_2_-778_763
15 0.006826 3 0 PTP 1 1_3_-778_764
15 0.006826 3 0 PTP 1 1_4_-778_765
15 0.006826 3 0 PTP 1 1_5_-778_766
15 0.006826 3 0 PTP 1 1_6_-778_767
15 0.006826 3 0 PTP 1 1_7_-778_768
15 0.006826 3 0 PTP 1 1_8_-778_769
15 0.006826 3 0 PTP 1 1_9_-778_770
15 0.006826 3 0 PTP 1 1_10_-778_771
15 0.006826 3 0 PTP 1 1_11_-778_772
15 0.006826 3 0 PTP 1 1_12_-778_773
15 0.006826 3 0 PTP 1 1_13_-778_774
15 0.006826 3 0 PTP 1 1_14_-778_775
15 0.006826 3 0 PTP 1 1_15_-778_776
15 0.006826 3 0 PTP 1 1_16_-778_777
15 0.006826 3 0 PTP 1 1_17_-778_778
15 0.006826 3 0 PTP 1 1_18_-778_779
15 0.006826 3 0 PTP 1 1_19_-778_780
15 0.006826 3 0 PTP 1 1_20_-778_781
15 0.006826 3 0 PTP 1 1_21_-778_782
15 0.006826 3 0 PTP 1 1_22_-778_783
15 0.006826 3 0 PTP 1 1_23_-778_784
15 0.006826 3 0 PTP 1 1_24_-778_785
15 0.006826 3 0 PTP 1 1_25_-778_786
15 0.006826 3 0 PTP 1 1_26_-778_787
15 0.006826 3 0 PTP 1 1_27_-778_788
15 0.006826 3 0 PTP 1 1_28_-778_789
15 0.006826 3 0 PTP 1 1_29_-778_790
15 0.006826 3 0 PTP 1 1_30_-778_791
15 0.006826 3 0 PTP 1 1_31_-778_792
15 0.006826 3 0 PTP 1 1_32_-778_793
15 0.006826 3 0 PTP 1 1_33_-778_794
15 0.006826 3 0 PTP 1 1_34_-778_795
15 0.006826 3 0 PTP 1 1_35_-778_796
15 0.006826 3 0 PTP 1 1_36_-778_797
15 0.006826 3 0 PTP 1 1_37_-778_798
15 0.006826 3 0 PTP 1 1_38_-778_799
15 0.006826 3 0 PTP 1 1_39_-778_800
15 0.006826 3 0 PTP 1 1_40_-778_801
15 0.006826 3 0 PTP 1 1_41_-778_802
15 0.006826 3 0 PTP 1 1_42_-778_803
15 0.006826 3 0 PTP 1 1_43_-778_804
15 0.006826 3 0 PTP 1 1_44_-778_805
15 0.006826 3 0 PTP 1 1_45_-778_806
15 0.006826 3 0 PTP 1 1_46_-778_807
15 0.006826 3 0 PTP 1 1_47_-778_808
15 0.006826 3 0 PTP 1 1_48_-778_809
15 0.006826 3 0 PTP 1 1_49_-778_810
15 0.006826 3 0 PTP 1 1_50_-778_811
15 0.006826 3 0 PTP 1 1_51_-778_812
15 0.006826 3 0 PTP 1 1_52_-778_813
15 0.006826 3 0 PTP 1 1_53_-778_814
15 0.006826 3 0 PTP 1 1_54_-778_815
15 0.006826 3 0 PTP 1 1_55_-778_816
15 0.006826 3 0 PTP 1 1_56_-778_817
15 0.006826 3 0 PTP 1 1_57_-778_818
15 0.006826 3 0 PTP 1 1_58_-778_819
15 0.006826 3 0 PTP 1 1_59_-778_820
15 0.006826 3 0 PTP 1 1_60_-778_821
15 0.006826 3 0 PTP 1 1_61_-778_822
15 0.006826 3 0 PTP 1 1_62_-778_823
15 0.006826 3 0 PTP 1 1_63_-778_824
15 0.006826 3 0 PTP 1 1_64_-778_825
15 0.006826 3 0 PTP 1 1_65_-778_826
15 0.006826 3 0 PTP 1 1_66_-778_827
15 0.006826 3 0 PTP 1 1_67_-778_828
15 0.006826 3 0 PTP 1 1_68_-778_829
15 0.006826 3 0 PTP 1 1_69_-778_830
15 0.006826 3 0 PTP 1 1_70_-778_831
15 0.006826 3 0 PTP 1 1_71_-778_832
15 0.006826 3 0 PTP 1 1_72_-778_833
15 0.006826 3 0 PTP 1 1_73_-778_834
15 0.006826 3 0 PTP 1 1_74_-778_835
15 0.006826 3 0 PTP 1 1_75_-778_836
15 0.006826 3 0 PTP 1 1_76_-778_837
15 0.006826 3 0 PTP 1 1_77_-778_838
15 0.006826 3 0 PTP 1 1_78_-778_839
15 0.006826 3 0 PTP 1 1_79_-778_840
15 0.006826 3 0 PTP 1 1_80_-778_841
15 0.006826 3 0 PTP 1 1_81_-778_842
15 0.006826 3 0 PTP 1 1_82_-778_843
15 0.006826 3 0 PTP 1 1_83_-778_844
15 0.006826 3 0 PTP 1 1_84_-778_845
15 0.006826 3 0 PTP 1 1_85_-778_846
15 0.006826 3 0 PTP 1 1_86_-778_847
15 0.006826 3 0 PTP 1 1_87_-778_848
15 0.006826 3 0 PTP 1 1_88_-778_849
15 0.006826 3 0 PTP 1 1_89_-778_850
15 0.006826 3 0 PTP 1 1_90_-778_851
15 0.006826 3 0 PTP 1 1_91_-778_852
15 0.006826 3 0 PTP 1 1_92_-778_853
15 0.006826 3 0 PTP 1 1_93_-778_854
15 0.006826 3 0 PTP 1 1_94_-778_855
15 0.006826 3 0 PTP 1 1_95_-778_856
15 0.006826 3 0 PTP 1 1_96_-778_857
15 0.006826 3 0 PTP 1 1_97_-778_858
15 0.006826 3 0 PTP 1 1_98_-778_859
15 0.006826 3 0 PTP 1 1_99_-778_860
15 0.006826 3 0 PTP 1 1_100_-778_861
15 0.006826 3 0 PTP 1 1_101_-778_862
15 0.006826 3 0 PTP 1 1_102_-778_863
15 0.006826 3 0 PTP 1 1_103_-778_864
15 0.006826 3 0 PTP 1 1_104_-778_865
15 0.006826 3 0 PTP 1 1_105_-778_866
15 0.006826 3 0 PTP 1 1_106_-778_867
15 0.006826 3 0 PTP 1 1_107_-778_868
15 0.006826 3 0 PTP 1 1_108_-778_869
15 0.006826 3 0 PTP 1 1_109_-778_870
15 0.006826 3 0 PTP 1 1_110_-778_871
15 0.006826 3 0 PTP 1 1_111_-778_872
15 0.006826 3 0 PTP 1 1_112_-778_873
15 0.006826 3 0 PTP 1 1_113_-778_874
15 0.006826 3 0 PTP 1 1_114_-778_875
15 0.006826 3 0 PTP 1 1_115_-778_876
15 0.006826 3 0 PTP 1 1_116_-778_877
15 0.006826 3 0 PTP 1 1_117_-778_878
15 0.006826 3 0 PTP 1 1_118_-778_879
15 0.006826 3 0 PTP 1 1_119_-778_880
15 0.006826 3 0 PTP 1 1_120_-778_881
15 0.006826 3 0 PTP 1 1_121_-778_882
15 0.006826 3 0 PTP 1 1_122_-778_883
15 0.006826 3 0 PTP 1 1_123_-778_884
15 0.006826 3 0 PTP 1 1_124_-778_885
15 0.006826 3 0 PTP 1 1_125_-778_886
15 0.006826 3 0 PTP 1 1_126_-778_887
15 0.006826 3 0 PTP 1 1_127_-778_888
15 0.006826 3 0 PTP 1 1_128_-778_889
13 0.006826 2 1
16 0.006827 3 0 PTP 2 1_2_-778_763
13 0.006827 2 2
16 0.006827 3 0 PTP 3 1_3_-778_764
13 0.006827 2 3
16 0.006827 3 0 PTP 5 1_5_-778_766
13 0.006827 2 5
16 0.006827 3 0 PTP 9 1_9_-778_770
13 0.006827 2 9
16 0.006827 3 0 PTP 17 1_17_-778_778
13 0.006827 2 17
16 0.006827 3 0 PTP 33 1_33_-778_794
13 0.006827 2 33
16 0.006827 3 0 PTP 65 1_65_-778_826
13 0.006827 2 65
16 0.006827 3 0 PTP 97 1_97_-778_858
13 0.006827 2 97
16 0.006827 3 0 PTP 81 1_81_-778_842
13 0.006827 2 81
16 0.006827 3 0 PTP 49 1_49_-778_810
13 0.006827 2 49
16 0.006827 3 0 PTP 73 1_73_-778_834
13 0.006827 2 73
16 0.006827 3 0 PTP 41 1_41_-778_802
13 0.006827 2 41
16 0.006827 3 0 PTP 25 1_25_-778_786
13 0.006827 2 25
16 0.006827 3 0 PTP 69 1_69_-778_830
13 0.006827 2 69
16 0.006827 3 0 PTP 37 1_37_-778_798
13 0.006827 2 37
16 0.006827 3 0 PTP 21 1_21_-778_782
13 0.006827 2 21
16 0.006827 3 0 PTP 13 1_13_-778_774
13 0.006827 2 13
16 0.006827 3 0 PTP 67 1_67_-778_828
13 0.006827 2 67
16 0.006827 3 0 PTP 35 1_35_-778_796
13 0.006827 2 35
16 0.006827 3 0 PTP 19 1_19_-778_780
13 0.006827 2 19
16 0.006827 3 0 PTP 11 1_11_-778_772
13 0.006827 2 11
16 0.006827 3 0 PTP 7 1_7_-778_768
13 0.006827 2 7
16 0.006827 3 0 PTP 66 1_66_-778_827
13 0.006827 2 66
16 0.006827 3 0 PTP 34 1_34_-778_795
13 0.006827 2 34
16 0.006827 3 0 PTP 18 1_18_-778_779
13 0.006827 2 18
16 0.006827 3 0 PTP 10 1_10_-778_771
13 0.006827 2 10
16 0.006827 3 0 PTP 6 1_6_-778_767
13 0.006827 2 6
16 0.006827 3 0 PTP 4 1_4_-778_765
13 0.006827 2 4
16 0.006827 3 0 PTP 113 1_113_-778_874
13 0.006827 2 113
16 0.006827 3 0 PTP 105 1_105_-778_866
13 0.006827 2 105
16 0.006827 3 0 PTP 89 1_89_-778_850
13 0.006827 2 89
16 0.006827 3 0 PTP 57 1_57_-778_818
13 0.006827 2 57
16 0.006827 3 0 PTP 101 1_101_-778_862
13 0.006827 2 101
16 0.006827 3 0 PTP 85 1_85_-778_846
13 0.006827 2 85
16 0.006827 3 0 PTP 77 1_77_-778_838
13 0.006827 2 77
16 0.006827 3 0 PTP 53 1_53_-778_814
13 0.006827 2 53
16 0.006827 3 0 PTP 45 1_45_-778_806
13 0.006827 2 45
16 0.006827 3 0 PTP 29 1_29_-778_790
13 0.006827 2 29
16 0.006827 3 0 PTP 99 1_99_-778_860
13 0.006827 2 99
16 0.006827 3 0 PTP 83 1_83_-778_844
13 0.006827 2 83
16 0.006827 3 0 PTP 75 1_75_-778_836
13 0.006827 2 75
16 0.006827 3 0 PTP 71 1_71_-778_832
13 0.006827 2 71
16 0.006827 3 0 PTP 51 1_51_-778_812
13 0.006827 2 51
16 0.006827 3 0 PTP 43 1_43_-778_804
13 0.006827 2 43
16 0.006827 3 0 PTP 39 1_39_-778_800
13 0.006827 2 39
16 0.006827 3 0 PTP 27 1_27_-778_788
13 0.006827 2 27
16 0.006827 3 0 PTP 23 1_23_-778_784
13 0.006827 2 23
16 0.006827 3 0 PTP 15 1_15_-778_776
13 0.006827 2 15
16 0.006827 3 0 PTP 98 1_98_-778_859
13 0.006827 2 98
16 0.006827 3 0 PTP 82 1_82_-778_843
13 0.006827 2 82
16 0.006827 3 0 PTP 74 1_74_-778_835
13 0.006827 2 74
16 0.006827 3 0 PTP 70 1_70_-778_831
13 0.006827 2 70
16 0.006827 3 0 PTP 68 1_68_-778_829
13 0.006827 2 68
16 0.006827 3 0 PTP 50 1_50_-778_811
13 0.006827 2 50
16 0.006827 3 0 PTP 42 1_42_-778_803
13 0.006827 2 42
16 0.006827 3 0 PTP 38 1_38_-778_799
13 0.006827 2 38
16 0.006827 3 0 PTP 36 1_36_-778_797
13 0.006827 2 36
16 0.006827 3 0 PTP 26 1_26_-778_787
13 0.006827 2 26
16 0.006827 3 0 PTP 22 1_22_-778_783
13 0.006827 2 22
16 0.006827 3 0 PTP 20 1_20_-778_781
13 0.006827 2 20
16 0.006827 3 0 PTP 14 1_14_-778_775
13 0.006827 2 14
16 0.006827 3 0 PTP 12 1_12_-778_773
13 0.006827 2 12
16 0.006827 3 0 PTP 8 1_8_-778_769
13 0.006827 2 8
16 0.006827 3 0 PTP 121 1_121_-778_882
13 0.006827 2 121
16 0.006827 3 0 PTP 117 1_117_-778_878
13 0.006827 2 117
16 0.006827 3 0 PTP 109 1_109_-778_870
13 0.006827 2 109
16 0.006827 3 0 PTP 93 1_93_-778_854
13 0.006827 2 93
16 0.006827 3 0 PTP 61 1_61_-778_822
13 0.006827 2 61
16 0.006827 3 0 PTP 115 1_115_-778_876
13 0.006827 2 115
16 0.006827 3 0 PTP 107 1_107_-778_868
13 0.006827 2 107
16 0.006827 3 0 PTP 103 1_103_-778_864
13 0.006827 2 103
16 0.006827 3 0 PTP 91 1_91_-778_852
13 0.006827 2 91
16 0.006827 3 0 PTP 87 1_87_-778_848
13 0.006827 2 87
16 0.006827 3 0 PTP 79 1_79_-778_840
13 0.006827 2 79
16 0.006827 3 0 PTP 59 1_59_-778_820
13 0.006827 2 59
16 0.006827 3 0 PTP 55 1_55_-778_816
13 0.006827 2 55
16 0.006827 3 0 PTP 47 1_47_-778_808
13 0.006827 2 47
16 0.006827 3 0 PTP 31 1_31_-778_792
13 0.006827 2 31
16 0.006827 3 0 PTP 114 1_114_-778_875
13 0.006827 2 114
16 0.006827 3 0 PTP 106 1_106_-778_867
13 0.006827 2 106
16 0.006827 3 0 PTP 102 1_102_-778_863
13 0.006827 2 102
16 0.006827 3 0 PTP 100 1_100_-778_861
13 0.006827 2 100
16 0.006827 3 0 PTP 90 1_90_-778_851
13 0.006827 2 90
16 0.006827 3 0 PTP 86 1_86_-778_847
13 0.006827 2 86
16 0.006827 3 0 PTP 84 1_84_-778_845
13 0.006827 2 84
16 0.006827 3 0 PTP 78 1_78_-778_839
13 0.006827 2 78
16 0.006827 3 0 PTP 76 1_76_-778_837
13 0.006827 2 76
16 0.006827 3 0 PTP 72 1_72_-778_833
13 0.006827 2 72
16 0.006827 3 0 PTP 58 1_58_-778_819
13 0.006827 2 58
16 0.006827 3 0 PTP 54 1_54_-778_815
13 0.006827 2 54
16 0.006827 3 0 PTP 52 1_52_-778_813
13 0.006827 2 52
16 0.006827 3 0 PTP 46 1_46_-778_807
13 0.006827 2 46
16 0.006827 3 0 PTP 44 1_44_-778_805
13 0.006827 2 44
16 0.006827 3 0 PTP 40 1_40_-778_801
13 0.006827 2 40
16 0.006827 3 0 PTP 30 1_30_-778_791
13 0.006827 2 30
16 0.006827 3 0 PTP 28 1_28_-778_789
13 0.006827 2 28
16 0.006827 3 0 PTP 24 1_24_-778_785
13 0.006827 2 24
16 0.006827 3 0 PTP 16 1_16_-778_777
13 0.006827 2 16
16 0.006827 3 0 PTP 125 1_125_-778_886
13 0.006827 2 125
16 0.006827 3 0 PTP 123 1_123_-778_884
13 0.006827 2 123
16 0.006827 3 0 PTP 119 1_119_-778_880
13 0.006827 2 119
16 0.006827 3 0 PTP 111 1_111_-778_872
13 0.006827 2 111
16 0.006827 3 0 PTP 95 1_95_-778_856
13 0.006827 2 95
16 0.006827 3 0 PTP 63 1_63_-778_824
13 0.006827 2 63
16 0.006827 3 0 PTP 122 1_122_-778_883
13 0.006827 2 122
16 0.006827 3 0 PTP 118 1_118_-778_879
13 0.006827 2 118
16 0.006827 3 0 PTP 116 1_116_-778_877
13 0.006827 2 116
16 0.006827 3 0 PTP 110 1_110_-778_871
13 0.006827 2 110
16 0.006827 3 0 PTP 108 1_108_-778_869
13 0.006827 2 108
16 0.006827 3 0 PTP 104 1_104_-778_865
13 0.006827 2 104
16 0.006827 3 0 PTP 94 1_94_-778_855
13 0.006827 2 94
16 0.006827 3 0 PTP 92 1_92_-778_853
13 0.006827 2 92
16 0.006827 3 0 PTP 88 1_88_-778_849
13 0.006827 2 88
16 0.006827 3 0 PTP 80 1_80_-778_841
13 0.006827 2 80
16 0.006827 3 0 PTP 62 1_62_-778_823
13 0.006827 2 62
16 0.006827 3 0 PTP 60 1_60_-778_821
13 0.006827 2 60
16 0.006827 3 0 PTP 56 1_56_-778_817
13 0.006827 2 56
16 0.006827 3 0 PTP 48 1_48_-778_809
13 0.006827 2 48
16 0.006827 3 0 PTP 32 1_32_-778_793
13 0.006827 2 32
16 0.006828 3 0 PTP 127 1_127_-778_888
13 0.006828 2 127
16 0.006828 3 0 PTP 126 1_126_-778_887
13 0.006828 2 126
16 0.006828 3 0 PTP 124 1_124_-778_885
13 0.006828 2 124
16 0.006828 3 0 PTP 120 1_120_-778_881
13 0.006828 2 120
16 0.006828 3 0 PTP 112 1_112_-778_873
13 0.006828 2 112
16 0.006828 3 0 PTP 96 1_96_-778_857
13 0.006828 2 96
16 0.006828 3 0 PTP 64 1_64_-778_825
13 0.006828 2 64
16 0.006828 3 0 PTP 128 1_128_-778_889
13 0.006828 2 128
12 0.006828 2 95 10
13 0.006828 2 95
7 0.006828 1 95
12 0.006828 2 63 10
13 0.006828 2 63
7 0.006828 1 63
12 0.006829 2 3 10
13 0.006829 2 3
7 0.006829 1 3
12 0.006829 2 5 10
13 0.006829 2 5
7 0.006829 1 5
12 0.006829 2 9 10
13 0.006829 2 9
7 0.006829 1 9
12 0.006829 2 65 10
13 0.006829 2 65
7 0.006829 1 65
12 0.006829 2 97 10
13 0.006829 2 97
7 0.006829 1 97
12 0.006829 2 81 10
13 0.006829 2 81
7 0.006829 1 81
12 0.006829 2 49 10
13 0.006829 2 49
7 0.006829 1 49
12 0.006829 2 73 10
13 0.006829 2 73
7 0.006829 1 73
12 0.006829 2 41 10
13 0.006829 2 41
7 0.006829 1 41
12 0.006829 2 69 10
13 0.006829 2 69
7 0.006829 1 69
12 0.006829 2 37 10
13 0.006829 2 37
7 0.006829 1 37
12 0.006829 2 21 10
13 0.006829 2 21
7 0.006829 1 21
12 0.006829 2 67 10
13 0.006829 2 67
7 0.006829 1 67
12 0.006829 2 19 10
13 0.006829 2 19
7 0.006829 1 19
12 0.006829 2 7 10
13 0.006829 2 7
7 0.006829 1 7
12 0.006829 2 66 10
13 0.006829 2 66
7 0.006829 1 66
12 0.006829 2 34 10
13 0.006829 2 34
7 0.006829 1 34
12 0.006829 2 18 10
13 0.006829 2 18
7 0.006829 1 18
12 0.006829 2 6 10
13 0.006829 2 6
7 0.006829 1 6
12 0.006829 2 113 10
13 0.006829 2 113
7 0.006829 1 113
12 0.006829 2 89 10
13 0.006829 2 89
7 0.006829 1 89
12 0.006829 2 57 10
13 0.006829 2 57
7 0.006829 1 57
12 0.006829 2 85 10
13 0.006829 2 85
7 0.006829 1 85
12 0.006829 2 77 10
13 0.006829 2 77
7 0.006829 1 77
12 0.006829 2 53 10
13 0.006829 2 53
7 0.006829 1 53
12 0.006829 2 45 10
13 0.006829 2 45
7 0.006829 1 45
12 0.006829 2 29 10
13 0.006829 2 29
7 0.006829 1 29
12 0.006829 2 99 10
13 0.006829 2 99
7 0.006829 1 99
12 0.006829 2 83 10
13 0.006829 2 83
7 0.006829 1 83
12 0.006829 2 75 10
13 0.006829 2 75
7 0.006829 1 75
12 0.006829 2 71 10
13 0.006829 2 71
7 0.006829 1 71
12 0.006829 2 51 10
13 0.006829 2 51
7 0.006829 1 51
12 0.006829 2 43 10
13 0.006829 2 43
7 0.006829 1 43
12 0.006829 2 39 10
13 0.006829 2 39
7 0.006829 1 39
12 0.006829 2 23 10
13 0.006829 2 23
7 0.006829 1 23
12 0.006829 2 15 10
13 0.006829 2 15
7 0.006829 1 15
12 0.006829 2 98 10
13 0.006829 2 98
7 0.006829 1 98
12 0.006829 2 82 10
13 0.006829 2 82
7 0.006829 1 82
12 0.006829 2 74 10
13 0.006829 2 74
7 0.006829 1 74
12 0.006829 2 70 10
13 0.006829 2 70
7 0.006829 1 70
12 0.006829 2 68 10
13 0.006829 2 68
7 0.006829 1 68
12 0.006829 2 50 10
13 0.006829 2 50
7 0.006829 1 50
12 0.006829 2 42 10
13 0.006829 2 42
7 0.006829 1 42
12 0.006829 2 38 10
13 0.006829 2 38
7 0.006829 1 38
12 0.006829 2 36 10
13 0.006829 2 36
7 0.006829 1 36
12 0.006829 2 26 10
13 0.006829 2 26
7 0.006829 1 26
12 0.006829 2 20 10
13 0.006829 2 20
7 0.006829 1 20
12 0.006829 2 12 10
13 0.006829 2 12
7 0.006829 1 12
12 0.006829 2 8 10
13 0.006829 2 8
7 0.006829 1 8
12 0.006829 2 121 10
13 0.006829 2 121
7 0.006829 1 121
12 0.006829 2 117 10
13 0.006829 2 117
7 0.006829 1 117
12 0.006829 2 109 10
13 0.006829 2 109
7 0.006829 1 109
12 0.006829 2 93 10
13 0.006829 2 93
7 0.006829 1 93
12 0.006829 2 61 10
13 0.006829 2 61
7 0.006829 1 61
12 0.006829 2 115 10
13 0.006829 2 115
7 0.006829 1 115
12 0.006829 2 107 10
13 0.006829 2 107
7 0.006829 1 107
12 0.006829 2 103 10
13 0.006829 2 103
7 0.006829 1 103
12 0.006829 2 91 10
13 0.006829 2 91
7 0.006829 1 91
12 0.006829 2 87 10
13 0.006829 2 87
7 0.006829 1 87
12 0.006829 2 59 10
13 0.006829 2 59
7 0.006829 1 59
12 0.006829 2 55 10
13 0.006829 2 55
7 0.006829 1 55
12 0.006829 2 47 10
13 0.006829 2 47
7 0.006829 1 47
12 0.006829 2 31 10
13 0.006829 2 31
7 0.006829 1 31
12 0.006829 2 114 10
13 0.006829 2 114
7 0.006829 1 114
12 0.006829 2 106 10
13 0.006829 2 106
7 0.006829 1 106
12 0.006829 2 102 10
13 0.006829 2 102
7 0.006829 1 102
12 0.006829 2 100 10
13 0.006829 2 100
7 0.006829 1 100
12 0.006829 2 86 10
13 0.006829 2 86
7 0.006829 1 86
12 0.006829 2 84 10
13 0.006829 2 84
7 0.006829 1 84
12 0.006829 2 78 10
13 0.006829 2 78
7 0.006829 1 78
12 0.006829 2 76 10
13 0.006829 2 76
7 0.006829 1 76
12 0.006829 2 72 10
13 0.006829 2 72
7 0.006829 1 72
12 0.006829 2 58 10
13 0.006829 2 58
7 0.006829 1 58
12 0.006829 2 54 10
13 0.006829 2 54
7 0.006829 1 54
12 0.006829 2 52 10
13 0.006829 2 52
7 0.006829 1 52
12 0.006829 2 46 10
13 0.006829 2 46
7 0.006829 1 46
12 0.006829 2 44 10
13 0.006829 2 44
7 0.006829 1 44
12 0.006829 2 40 10
13 0.006829 2 40
7 0.006829 1 40
12 0.006829 2 30 10
13 0.006829 2 30
7 0.006829 1 30
12 0.006829 2 24 10
13 0.006829 2 24
7 0.006829 1 24
12 0.006829 2 16 10
13 0.006829 2 16
7 0.006829 1 16
12 0.006829 2 125 10
13 0.006829 2 125
7 0.006829 1 125
12 0.006829 2 123 10
13 0.006829 2 123
7 0.006829 1 123
12 0.006829 2 119 10
13 0.006829 2 119
7 0.006829 1 119
12 0.006829 2 111 10
13 0.006829 2 111
7 0.006829 1 111
12 0.006829 2 118 10
13 0.006829 2 118
7 0.006829 1 118
12 0.006829 2 116 10
13 0.006829 2 116
7 0.006829 1 116
12 0.006829 2 110 10
13 0.006829 2 110
7 0.006829 1 110
12 0.006829 2 108 10
13 0.006829 2 108
7 0.006829 1 108
12 0.006829 2 104 10
13 0.006829 2 104
7 0.006829 1 104
12 0.006829 2 94 10
13 0.006829 2 94
7 0.006829 1 94
12 0.006829 2 92 10
13 0.006829 2 92
7 0.006829 1 92
12 0.006829 2 88 10
13 0.006829 2 88
7 0.006829 1 88
12 0.006829 2 80 10
13 0.006829 2 80
7 0.006829 1 80
12 0.006829 2 62 10
13 0.006829 2 62
7 0.006829 1 62
12 0.006829 2 56 10
13 0.006829 2 56
7 0.006829 1 56
12 0.006829 2 48 10
13 0.006829 2 48
7 0.006829 1 48
12 0.006829 2 32 10
13 0.006829 2 32
7 0.006829 1 32
12 0.006830 2 17 10
13 0.006830 2 17
7 0.006830 1 17
12 0.006830 2 33 10
13 0.006830 2 33
7 0.006830 1 33
12 0.006830 2 126 10
13 0.006830 2 126
7 0.006830 1 126
12 0.006830 2 124 10
13 0.006830 2 124
7 0.006830 1 124
12 0.006830 2 120 10
13 0.006830 2 120
7 0.006830 1 120
12 0.006830 2 112 10
13 0.006830 2 112
7 0.006830 1 112
12 0.006830 2 96 10
13 0.006830 2 96
7 0.006830 1 96
12 0.006830 2 64 10
13 0.006830 2 64
7 0.006830 1 64
12 0.006830 2 25 10
13 0.006830 2 25
7 0.006830 1 25
12 0.006830 2 13 10
13 0.006830 2 13
7 0.006830 1 13
12 0.006830 2 35 10
13 0.006830 2 35
7 0.006830 1 35
12 0.006830 2 11 10
13 0.006830 2 11
7 0.006830 1 11
12 0.006830 2 128 10
13 0.006830 2 128
7 0.006830 1 128
12 0.006830 2 10 10
13 0.006830 2 10
7 0.006830 1 10
12 0.006830 2 4 10
13 0.006830 2 4
7 0.006830 1 4
12 0.006830 2 101 10
13 0.006830 2 101
7 0.006830 1 101
12 0.006830 2 27 10
13 0.006830 2 27
7 0.006830 1 27
12 0.006830 2 22 10
13 0.006830 2 22
7 0.006830 1 22
12 0.006830 2 14 10
13 0.006830 2 14
7 0.006830 1 14
12 0.006830 2 79 10
13 0.006830 2 79
7 0.006830 1 79
12 0.006830 2 90 10
13 0.006830 2 90
7 0.006830 1 90
12 0.006830 2 28 10
13 0.006830 2 28
7 0.006830 1 28
12 0.006830 2 122 10
13 0.006830 2 122
7 0.006830 1 122
12 0.006830 2 60 10
13 0.006830 2 60
7 0.006830 1 60
12 0.006831 2 2 10
13 0.006831 2 2
7 0.006831 1 2
12 0.006831 2 127 10
13 0.006831 2 127
7 0.006831 1 127
12 0.006831 2 105 10
13 0.006831 2 105
7 0.006831 1 105
12 0.006867 2 1 10
13 0.006867 2 1
7 0.006867 1 1
