Container, 0, 0, 0, 0.004731, 0.004731, 0
Link, 0, MPI_LINK, 0.000075, 0.000514, 0.000439, PTP, "rank-1", "rank-0", 2_1_-778_126
Link, 0, MPI_LINK, 0.000038, 0.000514, 0.000476, PTP, "rank-2", "rank-0", 3_1_-778_99
Link, 0, MPI_LINK, 0.000048, 0.000514, 0.000466, PTP, "rank-4", "rank-0", 5_1_-778_121
Link, 0, MPI_LINK, 0.000047, 0.000514, 0.000467, PTP, "rank-8", "rank-0", 9_1_-778_119
Link, 0, MPI_LINK, 0.000036, 0.000514, 0.000478, PTP, "rank-16", "rank-0", 17_1_-778_83
Link, 0, MPI_LINK, 0.000033, 0.000514, 0.000481, PTP, "rank-32", "rank-0", 33_1_-778_44
Link, 0, MPI_LINK, 0.000040, 0.000514, 0.000474, PTP, "rank-64", "rank-0", 65_1_-778_112
Link, 0, MPI_LINK, 0.000031, 0.000514, 0.000483, PTP, "rank-96", "rank-0", 97_1_-778_20
Link, 0, MPI_LINK, 0.000035, 0.000514, 0.000479, PTP, "rank-48", "rank-0", 49_1_-778_76
Link, 0, MPI_LINK, 0.000031, 0.000514, 0.000483, PTP, "rank-80", "rank-0", 81_1_-778_15
Link, 0, MPI_LINK, 0.000033, 0.000514, 0.000481, PTP, "rank-24", "rank-0", 25_1_-778_43
Link, 0, MPI_LINK, 0.000036, 0.000514, 0.000478, PTP, "rank-40", "rank-0", 41_1_-778_87
Link, 0, MPI_LINK, 0.000034, 0.000514, 0.000480, PTP, "rank-72", "rank-0", 73_1_-778_62
Link, 0, MPI_LINK, 0.000047, 0.000514, 0.000467, PTP, "rank-12", "rank-0", 13_1_-778_120
Link, 0, MPI_LINK, 0.000036, 0.000514, 0.000478, PTP, "rank-20", "rank-0", 21_1_-778_84
Link, 0, MPI_LINK, 0.000031, 0.000514, 0.000483, PTP, "rank-36", "rank-0", 37_1_-778_13
Link, 0, MPI_LINK, 0.000036, 0.000514, 0.000478, PTP, "rank-68", "rank-0", 69_1_-778_91
Link, 0, MPI_LINK, 0.000045, 0.000514, 0.000469, PTP, "rank-6", "rank-0", 7_1_-778_117
Link, 0, MPI_LINK, 0.000037, 0.000514, 0.000477, PTP, "rank-10", "rank-0", 11_1_-778_93
Link, 0, MPI_LINK, 0.000035, 0.000514, 0.000479, PTP, "rank-18", "rank-0", 19_1_-778_69
Link, 0, MPI_LINK, 0.000038, 0.000514, 0.000476, PTP, "rank-34", "rank-0", 35_1_-778_100
Link, 0, MPI_LINK, 0.000038, 0.000514, 0.000476, PTP, "rank-66", "rank-0", 67_1_-778_102
Link, 0, MPI_LINK, 0.000051, 0.000514, 0.000463, PTP, "rank-3", "rank-0", 4_1_-778_122
Link, 0, MPI_LINK, 0.000037, 0.000514, 0.000477, PTP, "rank-5", "rank-0", 6_1_-778_92
Link, 0, MPI_LINK, 0.000039, 0.000514, 0.000475, PTP, "rank-9", "rank-0", 10_1_-778_105
Link, 0, MPI_LINK, 0.000035, 0.000514, 0.000479, PTP, "rank-17", "rank-0", 18_1_-778_68
Link, 0, MPI_LINK, 0.000034, 0.000514, 0.000480, PTP, "rank-33", "rank-0", 34_1_-778_58
Link, 0, MPI_LINK, 0.000039, 0.000514, 0.000475, PTP, "rank-65", "rank-0", 66_1_-778_108
Link, 0, MPI_LINK, 0.000030, 0.000515, 0.000485, PTP, "rank-112", "rank-0", 113_1_-778_10
Link, 0, MPI_LINK, 0.000035, 0.000515, 0.000480, PTP, "rank-56", "rank-0", 57_1_-778_79
Link, 0, MPI_LINK, 0.000030, 0.000515, 0.000485, PTP, "rank-88", "rank-0", 89_1_-778_8
Link, 0, MPI_LINK, 0.000030, 0.000515, 0.000485, PTP, "rank-104", "rank-0", 105_1_-778_9
Link, 0, MPI_LINK, 0.000040, 0.000515, 0.000475, PTP, "rank-28", "rank-0", 29_1_-778_110
Link, 0, MPI_LINK, 0.000035, 0.000515, 0.000480, PTP, "rank-44", "rank-0", 45_1_-778_74
Link, 0, MPI_LINK, 0.000032, 0.000515, 0.000483, PTP, "rank-52", "rank-0", 53_1_-778_30
Link, 0, MPI_LINK, 0.000035, 0.000515, 0.000480, PTP, "rank-76", "rank-0", 77_1_-778_82
Link, 0, MPI_LINK, 0.000031, 0.000515, 0.000484, PTP, "rank-84", "rank-0", 85_1_-778_17
Link, 0, MPI_LINK, 0.000031, 0.000515, 0.000484, PTP, "rank-100", "rank-0", 101_1_-778_23
Link, 0, MPI_LINK, 0.000035, 0.000515, 0.000480, PTP, "rank-14", "rank-0", 15_1_-778_67
Link, 0, MPI_LINK, 0.000036, 0.000515, 0.000479, PTP, "rank-22", "rank-0", 23_1_-778_85
Link, 0, MPI_LINK, 0.000076, 0.000515, 0.000439, PTP, "rank-26", "rank-0", 27_1_-778_127
Link, 0, MPI_LINK, 0.000036, 0.000515, 0.000479, PTP, "rank-38", "rank-0", 39_1_-778_86
Link, 0, MPI_LINK, 0.000043, 0.000515, 0.000472, PTP, "rank-42", "rank-0", 43_1_-778_115
Link, 0, MPI_LINK, 0.000035, 0.000515, 0.000480, PTP, "rank-50", "rank-0", 51_1_-778_77
Link, 0, MPI_LINK, 0.000059, 0.000515, 0.000456, PTP, "rank-70", "rank-0", 71_1_-778_123
Link, 0, MPI_LINK, 0.000037, 0.000515, 0.000478, PTP, "rank-74", "rank-0", 75_1_-778_97
Link, 0, MPI_LINK, 0.000031, 0.000515, 0.000484, PTP, "rank-82", "rank-0", 83_1_-778_16
Link, 0, MPI_LINK, 0.000031, 0.000515, 0.000484, PTP, "rank-98", "rank-0", 99_1_-778_21
Link, 0, MPI_LINK, 0.000039, 0.000515, 0.000476, PTP, "rank-7", "rank-0", 8_1_-778_104
Link, 0, MPI_LINK, 0.000039, 0.000515, 0.000476, PTP, "rank-11", "rank-0", 12_1_-778_106
Link, 0, MPI_LINK, 0.000037, 0.000515, 0.000478, PTP, "rank-13", "rank-0", 14_1_-778_94
Link, 0, MPI_LINK, 0.000035, 0.000515, 0.000480, PTP, "rank-19", "rank-0", 20_1_-778_70
Link, 0, MPI_LINK, 0.000035, 0.000515, 0.000480, PTP, "rank-21", "rank-0", 22_1_-778_71
Link, 0, MPI_LINK, 0.000040, 0.000515, 0.000475, PTP, "rank-25", "rank-0", 26_1_-778_109
Link, 0, MPI_LINK, 0.000033, 0.000515, 0.000482, PTP, "rank-35", "rank-0", 36_1_-778_45
Link, 0, MPI_LINK, 0.000034, 0.000515, 0.000481, PTP, "rank-37", "rank-0", 38_1_-778_59
Link, 0, MPI_LINK, 0.000036, 0.000515, 0.000479, PTP, "rank-41", "rank-0", 42_1_-778_88
Link, 0, MPI_LINK, 0.000033, 0.000515, 0.000482, PTP, "rank-49", "rank-0", 50_1_-778_47
Link, 0, MPI_LINK, 0.000031, 0.000515, 0.000484, PTP, "rank-67", "rank-0", 68_1_-778_14
Link, 0, MPI_LINK, 0.000034, 0.000515, 0.000481, PTP, "rank-69", "rank-0", 70_1_-778_61
Link, 0, MPI_LINK, 0.000038, 0.000515, 0.000477, PTP, "rank-73", "rank-0", 74_1_-778_103
Link, 0, MPI_LINK, 0.000030, 0.000515, 0.000485, PTP, "rank-81", "rank-0", 82_1_-778_7
Link, 0, MPI_LINK, 0.000037, 0.000515, 0.000478, PTP, "rank-97", "rank-0", 98_1_-778_98
Link, 0, MPI_LINK, 0.000032, 0.000515, 0.000483, PTP, "rank-120", "rank-0", 121_1_-778_40
Link, 0, MPI_LINK, 0.000035, 0.000515, 0.000480, PTP, "rank-60", "rank-0", 61_1_-778_80
Link, 0, MPI_LINK, 0.000034, 0.000515, 0.000481, PTP, "rank-92", "rank-0", 93_1_-778_64
Link, 0, MPI_LINK, 0.000033, 0.000515, 0.000482, PTP, "rank-108", "rank-0", 109_1_-778_52
Link, 0, MPI_LINK, 0.000033, 0.000515, 0.000482, PTP, "rank-116", "rank-0", 117_1_-778_55
Link, 0, MPI_LINK, 0.000035, 0.000515, 0.000480, PTP, "rank-30", "rank-0", 31_1_-778_72
Link, 0, MPI_LINK, 0.000035, 0.000515, 0.000480, PTP, "rank-46", "rank-0", 47_1_-778_75
Link, 0, MPI_LINK, 0.000034, 0.000515, 0.000481, PTP, "rank-54", "rank-0", 55_1_-778_60
Link, 0, MPI_LINK, 0.000037, 0.000515, 0.000478, PTP, "rank-58", "rank-0", 59_1_-778_96
Link, 0, MPI_LINK, 0.000033, 0.000515, 0.000482, PTP, "rank-78", "rank-0", 79_1_-778_49
Link, 0, MPI_LINK, 0.000033, 0.000515, 0.000482, PTP, "rank-86", "rank-0", 87_1_-778_50
Link, 0, MPI_LINK, 0.000031, 0.000515, 0.000484, PTP, "rank-90", "rank-0", 91_1_-778_19
Link, 0, MPI_LINK, 0.000032, 0.000515, 0.000483, PTP, "rank-102", "rank-0", 103_1_-778_38
Link, 0, MPI_LINK, 0.000034, 0.000515, 0.000481, PTP, "rank-106", "rank-0", 107_1_-778_65
Link, 0, MPI_LINK, 0.000031, 0.000515, 0.000484, PTP, "rank-114", "rank-0", 115_1_-778_27
Link, 0, MPI_LINK, 0.000039, 0.000515, 0.000476, PTP, "rank-15", "rank-0", 16_1_-778_107
Link, 0, MPI_LINK, 0.000037, 0.000515, 0.000478, PTP, "rank-23", "rank-0", 24_1_-778_95
Link, 0, MPI_LINK, 0.000067, 0.000515, 0.000448, PTP, "rank-27", "rank-0", 28_1_-778_124
Link, 0, MPI_LINK, 0.000034, 0.000515, 0.000481, PTP, "rank-29", "rank-0", 30_1_-778_57
Link, 0, MPI_LINK, 0.000043, 0.000515, 0.000472, PTP, "rank-39", "rank-0", 40_1_-778_114
Link, 0, MPI_LINK, 0.000033, 0.000515, 0.000482, PTP, "rank-43", "rank-0", 44_1_-778_46
Link, 0, MPI_LINK, 0.000036, 0.000515, 0.000479, PTP, "rank-45", "rank-0", 46_1_-778_89
Link, 0, MPI_LINK, 0.000033, 0.000515, 0.000482, PTP, "rank-51", "rank-0", 52_1_-778_48
Link, 0, MPI_LINK, 0.000035, 0.000515, 0.000480, PTP, "rank-53", "rank-0", 54_1_-778_78
Link, 0, MPI_LINK, 0.000038, 0.000515, 0.000477, PTP, "rank-57", "rank-0", 58_1_-778_101
Link, 0, MPI_LINK, 0.000042, 0.000515, 0.000473, PTP, "rank-71", "rank-0", 72_1_-778_113
Link, 0, MPI_LINK, 0.000068, 0.000515, 0.000447, PTP, "rank-75", "rank-0", 76_1_-778_125
Link, 0, MPI_LINK, 0.000034, 0.000515, 0.000481, PTP, "rank-77", "rank-0", 78_1_-778_63
Link, 0, MPI_LINK, 0.000032, 0.000515, 0.000483, PTP, "rank-83", "rank-0", 84_1_-778_32
Link, 0, MPI_LINK, 0.000031, 0.000515, 0.000484, PTP, "rank-85", "rank-0", 86_1_-778_18
Link, 0, MPI_LINK, 0.000032, 0.000515, 0.000483, PTP, "rank-89", "rank-0", 90_1_-778_33
Link, 0, MPI_LINK, 0.000031, 0.000515, 0.000484, PTP, "rank-99", "rank-0", 100_1_-778_22
Link, 0, MPI_LINK, 0.000032, 0.000515, 0.000483, PTP, "rank-101", "rank-0", 102_1_-778_37
Link, 0, MPI_LINK, 0.000033, 0.000515, 0.000482, PTP, "rank-105", "rank-0", 106_1_-778_51
Link, 0, MPI_LINK, 0.000031, 0.000515, 0.000484, PTP, "rank-113", "rank-0", 114_1_-778_26
Link, 0, MPI_LINK, 0.000032, 0.000515, 0.000483, PTP, "rank-124", "rank-0", 125_1_-778_42
Link, 0, MPI_LINK, 0.000043, 0.000515, 0.000472, PTP, "rank-62", "rank-0", 63_1_-778_116
Link, 0, MPI_LINK, 0.000032, 0.000515, 0.000483, PTP, "rank-94", "rank-0", 95_1_-778_35
Link, 0, MPI_LINK, 0.000032, 0.000515, 0.000483, PTP, "rank-110", "rank-0", 111_1_-778_39
Link, 0, MPI_LINK, 0.000033, 0.000515, 0.000482, PTP, "rank-118", "rank-0", 119_1_-778_56
Link, 0, MPI_LINK, 0.000031, 0.000515, 0.000484, PTP, "rank-122", "rank-0", 123_1_-778_29
Link, 0, MPI_LINK, 0.000035, 0.000515, 0.000480, PTP, "rank-31", "rank-0", 32_1_-778_73
Link, 0, MPI_LINK, 0.000036, 0.000515, 0.000479, PTP, "rank-47", "rank-0", 48_1_-778_90
Link, 0, MPI_LINK, 0.000032, 0.000515, 0.000483, PTP, "rank-55", "rank-0", 56_1_-778_31
Link, 0, MPI_LINK, 0.000040, 0.000515, 0.000475, PTP, "rank-59", "rank-0", 60_1_-778_111
Link, 0, MPI_LINK, 0.000035, 0.000515, 0.000480, PTP, "rank-61", "rank-0", 62_1_-778_81
Link, 0, MPI_LINK, 0.000030, 0.000515, 0.000485, PTP, "rank-79", "rank-0", 80_1_-778_6
Link, 0, MPI_LINK, 0.000029, 0.000515, 0.000486, PTP, "rank-87", "rank-0", 88_1_-778_3
Link, 0, MPI_LINK, 0.000032, 0.000515, 0.000483, PTP, "rank-91", "rank-0", 92_1_-778_34
Link, 0, MPI_LINK, 0.000028, 0.000515, 0.000487, PTP, "rank-93", "rank-0", 94_1_-778_2
Link, 0, MPI_LINK, 0.000031, 0.000515, 0.000484, PTP, "rank-103", "rank-0", 104_1_-778_24
Link, 0, MPI_LINK, 0.000031, 0.000515, 0.000484, PTP, "rank-107", "rank-0", 108_1_-778_25
Link, 0, MPI_LINK, 0.000033, 0.000515, 0.000482, PTP, "rank-109", "rank-0", 110_1_-778_53
Link, 0, MPI_LINK, 0.000030, 0.000515, 0.000485, PTP, "rank-115", "rank-0", 116_1_-778_11
Link, 0, MPI_LINK, 0.000031, 0.000515, 0.000484, PTP, "rank-117", "rank-0", 118_1_-778_28
Link, 0, MPI_LINK, 0.000032, 0.000515, 0.000483, PTP, "rank-121", "rank-0", 122_1_-778_41
Link, 0, MPI_LINK, 0.000030, 0.000515, 0.000485, PTP, "rank-126", "rank-0", 127_1_-778_12
Link, 0, MPI_LINK, 0.000045, 0.000515, 0.000470, PTP, "rank-63", "rank-0", 64_1_-778_118
Link, 0, MPI_LINK, 0.000032, 0.000515, 0.000483, PTP, "rank-95", "rank-0", 96_1_-778_36
Link, 0, MPI_LINK, 0.000033, 0.000515, 0.000482, PTP, "rank-111", "rank-0", 112_1_-778_54
Link, 0, MPI_LINK, 0.000029, 0.000515, 0.000486, PTP, "rank-119", "rank-0", 120_1_-778_4
Link, 0, MPI_LINK, 0.000034, 0.000515, 0.000481, PTP, "rank-123", "rank-0", 124_1_-778_66
Link, 0, MPI_LINK, 0.000029, 0.000515, 0.000486, PTP, "rank-125", "rank-0", 126_1_-778_5
Link, 0, MPI_LINK, 0.000027, 0.000515, 0.000488, PTP, "rank-127", "rank-0", 128_1_-778_1
Link, 0, MPI_LINK, 0.000515, 0.000516, 0.000001, PTP, "rank-0", "rank-1", 1_2_-778_128
Link, 0, MPI_LINK, 0.000515, 0.000516, 0.000001, PTP, "rank-0", "rank-2", 1_3_-778_129
Link, 0, MPI_LINK, 0.000515, 0.000516, 0.000001, PTP, "rank-0", "rank-4", 1_5_-778_131
Link, 0, MPI_LINK, 0.000515, 0.000516, 0.000001, PTP, "rank-0", "rank-8", 1_9_-778_135
Link, 0, MPI_LINK, 0.000515, 0.000516, 0.000001, PTP, "rank-0", "rank-16", 1_17_-778_143
Link, 0, MPI_LINK, 0.000515, 0.000516, 0.000001, PTP, "rank-0", "rank-32", 1_33_-778_159
Link, 0, MPI_LINK, 0.000515, 0.000516, 0.000001, PTP, "rank-0", "rank-64", 1_65_-778_191
Link, 0, MPI_LINK, 0.000515, 0.000516, 0.000001, PTP, "rank-0", "rank-96", 1_97_-778_223
Link, 0, MPI_LINK, 0.000515, 0.000516, 0.000001, PTP, "rank-0", "rank-80", 1_81_-778_207
Link, 0, MPI_LINK, 0.000515, 0.000516, 0.000001, PTP, "rank-0", "rank-48", 1_49_-778_175
Link, 0, MPI_LINK, 0.000515, 0.000516, 0.000001, PTP, "rank-0", "rank-72", 1_73_-778_199
Link, 0, MPI_LINK, 0.000515, 0.000516, 0.000001, PTP, "rank-0", "rank-40", 1_41_-778_167
Link, 0, MPI_LINK, 0.000515, 0.000516, 0.000001, PTP, "rank-0", "rank-24", 1_25_-778_151
Link, 0, MPI_LINK, 0.000515, 0.000516, 0.000001, PTP, "rank-0", "rank-68", 1_69_-778_195
Link, 0, MPI_LINK, 0.000515, 0.000516, 0.000001, PTP, "rank-0", "rank-36", 1_37_-778_163
Link, 0, MPI_LINK, 0.000515, 0.000516, 0.000001, PTP, "rank-0", "rank-20", 1_21_-778_147
Link, 0, MPI_LINK, 0.000515, 0.000516, 0.000001, PTP, "rank-0", "rank-12", 1_13_-778_139
Link, 0, MPI_LINK, 0.000515, 0.000516, 0.000001, PTP, "rank-0", "rank-66", 1_67_-778_193
Link, 0, MPI_LINK, 0.000515, 0.000516, 0.000001, PTP, "rank-0", "rank-34", 1_35_-778_161
Link, 0, MPI_LINK, 0.000515, 0.000516, 0.000001, PTP, "rank-0", "rank-18", 1_19_-778_145
Link, 0, MPI_LINK, 0.000515, 0.000516, 0.000001, PTP, "rank-0", "rank-10", 1_11_-778_137
Link, 0, MPI_LINK, 0.000515, 0.000516, 0.000001, PTP, "rank-0", "rank-6", 1_7_-778_133
Link, 0, MPI_LINK, 0.000515, 0.000516, 0.000001, PTP, "rank-0", "rank-65", 1_66_-778_192
Link, 0, MPI_LINK, 0.000515, 0.000516, 0.000001, PTP, "rank-0", "rank-33", 1_34_-778_160
Link, 0, MPI_LINK, 0.000515, 0.000516, 0.000001, PTP, "rank-0", "rank-17", 1_18_-778_144
Link, 0, MPI_LINK, 0.000515, 0.000516, 0.000001, PTP, "rank-0", "rank-9", 1_10_-778_136
Link, 0, MPI_LINK, 0.000515, 0.000516, 0.000001, PTP, "rank-0", "rank-5", 1_6_-778_132
Link, 0, MPI_LINK, 0.000515, 0.000516, 0.000001, PTP, "rank-0", "rank-3", 1_4_-778_130
Link, 0, MPI_LINK, 0.000515, 0.000516, 0.000001, PTP, "rank-0", "rank-112", 1_113_-778_239
Link, 0, MPI_LINK, 0.000515, 0.000516, 0.000001, PTP, "rank-0", "rank-104", 1_105_-778_231
Link, 0, MPI_LINK, 0.000515, 0.000516, 0.000001, PTP, "rank-0", "rank-88", 1_89_-778_215
Link, 0, MPI_LINK, 0.000515, 0.000516, 0.000001, PTP, "rank-0", "rank-56", 1_57_-778_183
Link, 0, MPI_LINK, 0.000515, 0.000516, 0.000001, PTP, "rank-0", "rank-100", 1_101_-778_227
Link, 0, MPI_LINK, 0.000515, 0.000516, 0.000001, PTP, "rank-0", "rank-84", 1_85_-778_211
Link, 0, MPI_LINK, 0.000515, 0.000516, 0.000001, PTP, "rank-0", "rank-76", 1_77_-778_203
Link, 0, MPI_LINK, 0.000515, 0.000516, 0.000001, PTP, "rank-0", "rank-52", 1_53_-778_179
Link, 0, MPI_LINK, 0.000515, 0.000516, 0.000001, PTP, "rank-0", "rank-44", 1_45_-778_171
Link, 0, MPI_LINK, 0.000515, 0.000516, 0.000001, PTP, "rank-0", "rank-28", 1_29_-778_155
Link, 0, MPI_LINK, 0.000515, 0.000516, 0.000001, PTP, "rank-0", "rank-98", 1_99_-778_225
Link, 0, MPI_LINK, 0.000515, 0.000516, 0.000001, PTP, "rank-0", "rank-82", 1_83_-778_209
Link, 0, MPI_LINK, 0.000515, 0.000516, 0.000001, PTP, "rank-0", "rank-74", 1_75_-778_201
Link, 0, MPI_LINK, 0.000515, 0.000516, 0.000001, PTP, "rank-0", "rank-70", 1_71_-778_197
Link, 0, MPI_LINK, 0.000515, 0.000516, 0.000001, PTP, "rank-0", "rank-50", 1_51_-778_177
Link, 0, MPI_LINK, 0.000515, 0.000516, 0.000001, PTP, "rank-0", "rank-42", 1_43_-778_169
Link, 0, MPI_LINK, 0.000515, 0.000516, 0.000001, PTP, "rank-0", "rank-38", 1_39_-778_165
Link, 0, MPI_LINK, 0.000515, 0.000516, 0.000001, PTP, "rank-0", "rank-26", 1_27_-778_153
Link, 0, MPI_LINK, 0.000515, 0.000516, 0.000001, PTP, "rank-0", "rank-22", 1_23_-778_149
Link, 0, MPI_LINK, 0.000515, 0.000516, 0.000001, PTP, "rank-0", "rank-14", 1_15_-778_141
Link, 0, MPI_LINK, 0.000515, 0.000516, 0.000001, PTP, "rank-0", "rank-97", 1_98_-778_224
Link, 0, MPI_LINK, 0.000515, 0.000516, 0.000001, PTP, "rank-0", "rank-81", 1_82_-778_208
Link, 0, MPI_LINK, 0.000515, 0.000516, 0.000001, PTP, "rank-0", "rank-73", 1_74_-778_200
Link, 0, MPI_LINK, 0.000515, 0.000516, 0.000001, PTP, "rank-0", "rank-69", 1_70_-778_196
Link, 0, MPI_LINK, 0.000515, 0.000516, 0.000001, PTP, "rank-0", "rank-67", 1_68_-778_194
Link, 0, MPI_LINK, 0.000515, 0.000516, 0.000001, PTP, "rank-0", "rank-49", 1_50_-778_176
Link, 0, MPI_LINK, 0.000515, 0.000516, 0.000001, PTP, "rank-0", "rank-41", 1_42_-778_168
Link, 0, MPI_LINK, 0.000515, 0.000516, 0.000001, PTP, "rank-0", "rank-37", 1_38_-778_164
Link, 0, MPI_LINK, 0.000515, 0.000516, 0.000001, PTP, "rank-0", "rank-35", 1_36_-778_162
Link, 0, MPI_LINK, 0.000515, 0.000516, 0.000001, PTP, "rank-0", "rank-25", 1_26_-778_152
Link, 0, MPI_LINK, 0.000515, 0.000516, 0.000001, PTP, "rank-0", "rank-21", 1_22_-778_148
Link, 0, MPI_LINK, 0.000515, 0.000516, 0.000001, PTP, "rank-0", "rank-19", 1_20_-778_146
Link, 0, MPI_LINK, 0.000515, 0.000516, 0.000001, PTP, "rank-0", "rank-13", 1_14_-778_140
Link, 0, MPI_LINK, 0.000515, 0.000516, 0.000001, PTP, "rank-0", "rank-11", 1_12_-778_138
Link, 0, MPI_LINK, 0.000515, 0.000516, 0.000001, PTP, "rank-0", "rank-7", 1_8_-778_134
Link, 0, MPI_LINK, 0.000515, 0.000516, 0.000001, PTP, "rank-0", "rank-120", 1_121_-778_247
Link, 0, MPI_LINK, 0.000515, 0.000516, 0.000001, PTP, "rank-0", "rank-116", 1_117_-778_243
Link, 0, MPI_LINK, 0.000515, 0.000516, 0.000001, PTP, "rank-0", "rank-108", 1_109_-778_235
Link, 0, MPI_LINK, 0.000515, 0.000516, 0.000001, PTP, "rank-0", "rank-92", 1_93_-778_219
Link, 0, MPI_LINK, 0.000515, 0.000516, 0.000001, PTP, "rank-0", "rank-60", 1_61_-778_187
Link, 0, MPI_LINK, 0.000515, 0.000516, 0.000001, PTP, "rank-0", "rank-114", 1_115_-778_241
Link, 0, MPI_LINK, 0.000515, 0.000516, 0.000001, PTP, "rank-0", "rank-106", 1_107_-778_233
Link, 0, MPI_LINK, 0.000515, 0.000516, 0.000001, PTP, "rank-0", "rank-102", 1_103_-778_229
Link, 0, MPI_LINK, 0.000515, 0.000516, 0.000001, PTP, "rank-0", "rank-90", 1_91_-778_217
Link, 0, MPI_LINK, 0.000515, 0.000516, 0.000001, PTP, "rank-0", "rank-86", 1_87_-778_213
Link, 0, MPI_LINK, 0.000515, 0.000516, 0.000001, PTP, "rank-0", "rank-78", 1_79_-778_205
Link, 0, MPI_LINK, 0.000515, 0.000516, 0.000001, PTP, "rank-0", "rank-58", 1_59_-778_185
Link, 0, MPI_LINK, 0.000515, 0.000516, 0.000001, PTP, "rank-0", "rank-54", 1_55_-778_181
Link, 0, MPI_LINK, 0.000515, 0.000516, 0.000001, PTP, "rank-0", "rank-46", 1_47_-778_173
Link, 0, MPI_LINK, 0.000515, 0.000516, 0.000001, PTP, "rank-0", "rank-30", 1_31_-778_157
Link, 0, MPI_LINK, 0.000515, 0.000516, 0.000001, PTP, "rank-0", "rank-113", 1_114_-778_240
Link, 0, MPI_LINK, 0.000515, 0.000516, 0.000001, PTP, "rank-0", "rank-105", 1_106_-778_232
Link, 0, MPI_LINK, 0.000515, 0.000516, 0.000001, PTP, "rank-0", "rank-101", 1_102_-778_228
Link, 0, MPI_LINK, 0.000515, 0.000516, 0.000001, PTP, "rank-0", "rank-99", 1_100_-778_226
Link, 0, MPI_LINK, 0.000515, 0.000516, 0.000001, PTP, "rank-0", "rank-89", 1_90_-778_216
Link, 0, MPI_LINK, 0.000515, 0.000516, 0.000001, PTP, "rank-0", "rank-85", 1_86_-778_212
Link, 0, MPI_LINK, 0.000515, 0.000516, 0.000001, PTP, "rank-0", "rank-83", 1_84_-778_210
Link, 0, MPI_LINK, 0.000515, 0.000516, 0.000001, PTP, "rank-0", "rank-77", 1_78_-778_204
Link, 0, MPI_LINK, 0.000515, 0.000516, 0.000001, PTP, "rank-0", "rank-75", 1_76_-778_202
Link, 0, MPI_LINK, 0.000515, 0.000516, 0.000001, PTP, "rank-0", "rank-71", 1_72_-778_198
Link, 0, MPI_LINK, 0.000515, 0.000516, 0.000001, PTP, "rank-0", "rank-57", 1_58_-778_184
Link, 0, MPI_LINK, 0.000515, 0.000516, 0.000001, PTP, "rank-0", "rank-53", 1_54_-778_180
Link, 0, MPI_LINK, 0.000515, 0.000516, 0.000001, PTP, "rank-0", "rank-51", 1_52_-778_178
Link, 0, MPI_LINK, 0.000515, 0.000516, 0.000001, PTP, "rank-0", "rank-45", 1_46_-778_172
Link, 0, MPI_LINK, 0.000515, 0.000516, 0.000001, PTP, "rank-0", "rank-43", 1_44_-778_170
Link, 0, MPI_LINK, 0.000515, 0.000516, 0.000001, PTP, "rank-0", "rank-39", 1_40_-778_166
Link, 0, MPI_LINK, 0.000515, 0.000516, 0.000001, PTP, "rank-0", "rank-29", 1_30_-778_156
Link, 0, MPI_LINK, 0.000515, 0.000516, 0.000001, PTP, "rank-0", "rank-27", 1_28_-778_154
Link, 0, MPI_LINK, 0.000515, 0.000516, 0.000001, PTP, "rank-0", "rank-23", 1_24_-778_150
Link, 0, MPI_LINK, 0.000515, 0.000516, 0.000001, PTP, "rank-0", "rank-15", 1_16_-778_142
Link, 0, MPI_LINK, 0.000515, 0.000516, 0.000001, PTP, "rank-0", "rank-124", 1_125_-778_251
Link, 0, MPI_LINK, 0.000515, 0.000516, 0.000001, PTP, "rank-0", "rank-122", 1_123_-778_249
Link, 0, MPI_LINK, 0.000515, 0.000516, 0.000001, PTP, "rank-0", "rank-118", 1_119_-778_245
Link, 0, MPI_LINK, 0.000515, 0.000516, 0.000001, PTP, "rank-0", "rank-110", 1_111_-778_237
Link, 0, MPI_LINK, 0.000515, 0.000516, 0.000001, PTP, "rank-0", "rank-94", 1_95_-778_221
Link, 0, MPI_LINK, 0.000515, 0.000516, 0.000001, PTP, "rank-0", "rank-62", 1_63_-778_189
Link, 0, MPI_LINK, 0.000515, 0.000516, 0.000001, PTP, "rank-0", "rank-121", 1_122_-778_248
Link, 0, MPI_LINK, 0.000515, 0.000516, 0.000001, PTP, "rank-0", "rank-117", 1_118_-778_244
Link, 0, MPI_LINK, 0.000515, 0.000516, 0.000001, PTP, "rank-0", "rank-115", 1_116_-778_242
Link, 0, MPI_LINK, 0.000515, 0.000516, 0.000001, PTP, "rank-0", "rank-109", 1_110_-778_236
Link, 0, MPI_LINK, 0.000515, 0.000516, 0.000001, PTP, "rank-0", "rank-107", 1_108_-778_234
Link, 0, MPI_LINK, 0.000515, 0.000516, 0.000001, PTP, "rank-0", "rank-103", 1_104_-778_230
Link, 0, MPI_LINK, 0.000515, 0.000516, 0.000001, PTP, "rank-0", "rank-93", 1_94_-778_220
Link, 0, MPI_LINK, 0.000515, 0.000516, 0.000001, PTP, "rank-0", "rank-91", 1_92_-778_218
Link, 0, MPI_LINK, 0.000515, 0.000516, 0.000001, PTP, "rank-0", "rank-87", 1_88_-778_214
Link, 0, MPI_LINK, 0.000515, 0.000516, 0.000001, PTP, "rank-0", "rank-79", 1_80_-778_206
Link, 0, MPI_LINK, 0.000515, 0.000516, 0.000001, PTP, "rank-0", "rank-61", 1_62_-778_188
Link, 0, MPI_LINK, 0.000515, 0.000516, 0.000001, PTP, "rank-0", "rank-59", 1_60_-778_186
Link, 0, MPI_LINK, 0.000515, 0.000516, 0.000001, PTP, "rank-0", "rank-55", 1_56_-778_182
Link, 0, MPI_LINK, 0.000515, 0.000516, 0.000001, PTP, "rank-0", "rank-47", 1_48_-778_174
Link, 0, MPI_LINK, 0.000515, 0.000516, 0.000001, PTP, "rank-0", "rank-31", 1_32_-778_158
Link, 0, MPI_LINK, 0.000515, 0.000517, 0.000002, PTP, "rank-0", "rank-126", 1_127_-778_253
Link, 0, MPI_LINK, 0.000515, 0.000517, 0.000002, PTP, "rank-0", "rank-125", 1_126_-778_252
Link, 0, MPI_LINK, 0.000515, 0.000517, 0.000002, PTP, "rank-0", "rank-123", 1_124_-778_250
Link, 0, MPI_LINK, 0.000515, 0.000517, 0.000002, PTP, "rank-0", "rank-119", 1_120_-778_246
Link, 0, MPI_LINK, 0.000515, 0.000517, 0.000002, PTP, "rank-0", "rank-111", 1_112_-778_238
Link, 0, MPI_LINK, 0.000515, 0.000517, 0.000002, PTP, "rank-0", "rank-95", 1_96_-778_222
Link, 0, MPI_LINK, 0.000515, 0.000517, 0.000002, PTP, "rank-0", "rank-63", 1_64_-778_190
Link, 0, MPI_LINK, 0.000515, 0.000517, 0.000002, PTP, "rank-0", "rank-127", 1_128_-778_254
Link, 0, MPI_LINK, 0.000522, 0.000527, 0.000005, PTP, "rank-0", "rank-64", 1_65_-223_318
Link, 0, MPI_LINK, 0.000522, 0.000529, 0.000007, PTP, "rank-0", "rank-32", 1_33_-223_286
Link, 0, MPI_LINK, 0.000522, 0.000531, 0.000009, PTP, "rank-0", "rank-96", 1_97_-223_350
Link, 0, MPI_LINK, 0.000522, 0.000531, 0.000009, PTP, "rank-0", "rank-16", 1_17_-223_270
Link, 0, MPI_LINK, 0.000522, 0.000536, 0.000014, PTP, "rank-0", "rank-8", 1_9_-223_262
Link, 0, MPI_LINK, 0.000522, 0.000537, 0.000015, PTP, "rank-0", "rank-80", 1_81_-223_334
Link, 0, MPI_LINK, 0.000522, 0.000537, 0.000015, PTP, "rank-0", "rank-48", 1_49_-223_302
Link, 0, MPI_LINK, 0.000522, 0.000539, 0.000017, PTP, "rank-0", "rank-112", 1_113_-223_366
Link, 0, MPI_LINK, 0.000522, 0.000545, 0.000023, PTP, "rank-0", "rank-4", 1_5_-223_258
Link, 0, MPI_LINK, 0.000522, 0.000548, 0.000026, PTP, "rank-0", "rank-72", 1_73_-223_326
Link, 0, MPI_LINK, 0.000522, 0.000548, 0.000026, PTP, "rank-0", "rank-40", 1_41_-223_294
Link, 0, MPI_LINK, 0.000522, 0.000548, 0.000026, PTP, "rank-0", "rank-24", 1_25_-223_278
Link, 0, MPI_LINK, 0.000522, 0.000553, 0.000031, PTP, "rank-0", "rank-104", 1_105_-223_358
Link, 0, MPI_LINK, 0.000522, 0.000553, 0.000031, PTP, "rank-0", "rank-88", 1_89_-223_342
Link, 0, MPI_LINK, 0.000522, 0.000553, 0.000031, PTP, "rank-0", "rank-56", 1_57_-223_310
Link, 0, MPI_LINK, 0.000522, 0.000554, 0.000032, PTP, "rank-0", "rank-120", 1_121_-223_374
Link, 0, MPI_LINK, 0.000522, 0.000559, 0.000037, PTP, "rank-0", "rank-2", 1_3_-223_256
Link, 0, MPI_LINK, 0.000522, 0.000567, 0.000045, PTP, "rank-0", "rank-68", 1_69_-223_322
Link, 0, MPI_LINK, 0.000522, 0.000567, 0.000045, PTP, "rank-0", "rank-36", 1_37_-223_290
Link, 0, MPI_LINK, 0.000522, 0.000567, 0.000045, PTP, "rank-0", "rank-20", 1_21_-223_274
Link, 0, MPI_LINK, 0.000522, 0.000567, 0.000045, PTP, "rank-0", "rank-12", 1_13_-223_266
Link, 0, MPI_LINK, 0.000522, 0.000580, 0.000058, PTP, "rank-0", "rank-100", 1_101_-223_354
Link, 0, MPI_LINK, 0.000522, 0.000580, 0.000058, PTP, "rank-0", "rank-84", 1_85_-223_338
Link, 0, MPI_LINK, 0.000522, 0.000580, 0.000058, PTP, "rank-0", "rank-76", 1_77_-223_330
Link, 0, MPI_LINK, 0.000522, 0.000580, 0.000058, PTP, "rank-0", "rank-52", 1_53_-223_306
Link, 0, MPI_LINK, 0.000522, 0.000580, 0.000058, PTP, "rank-0", "rank-44", 1_45_-223_298
Link, 0, MPI_LINK, 0.000522, 0.000580, 0.000058, PTP, "rank-0", "rank-28", 1_29_-223_282
Link, 0, MPI_LINK, 0.000522, 0.000585, 0.000063, PTP, "rank-0", "rank-116", 1_117_-223_370
Link, 0, MPI_LINK, 0.000522, 0.000585, 0.000063, PTP, "rank-0", "rank-108", 1_109_-223_362
Link, 0, MPI_LINK, 0.000522, 0.000585, 0.000063, PTP, "rank-0", "rank-92", 1_93_-223_346
Link, 0, MPI_LINK, 0.000522, 0.000585, 0.000063, PTP, "rank-0", "rank-60", 1_61_-223_314
Link, 0, MPI_LINK, 0.000522, 0.000586, 0.000064, PTP, "rank-0", "rank-124", 1_125_-223_378
Link, 0, MPI_LINK, 0.000522, 0.000587, 0.000065, PTP, "rank-0", "rank-1", 1_2_-223_255
Link, 0, MPI_LINK, 0.000522, 0.000598, 0.000076, PTP, "rank-0", "rank-66", 1_67_-223_320
Link, 0, MPI_LINK, 0.000522, 0.000598, 0.000076, PTP, "rank-0", "rank-34", 1_35_-223_288
Link, 0, MPI_LINK, 0.000522, 0.000598, 0.000076, PTP, "rank-0", "rank-18", 1_19_-223_272
Link, 0, MPI_LINK, 0.000522, 0.000598, 0.000076, PTP, "rank-0", "rank-10", 1_11_-223_264
Link, 0, MPI_LINK, 0.000522, 0.000598, 0.000076, PTP, "rank-0", "rank-6", 1_7_-223_260
Link, 0, MPI_LINK, 0.000522, 0.000625, 0.000103, PTP, "rank-0", "rank-98", 1_99_-223_352
Link, 0, MPI_LINK, 0.000522, 0.000625, 0.000103, PTP, "rank-0", "rank-74", 1_75_-223_328
Link, 0, MPI_LINK, 0.000522, 0.000625, 0.000103, PTP, "rank-0", "rank-70", 1_71_-223_324
Link, 0, MPI_LINK, 0.000522, 0.000625, 0.000103, PTP, "rank-0", "rank-50", 1_51_-223_304
Link, 0, MPI_LINK, 0.000522, 0.000625, 0.000103, PTP, "rank-0", "rank-42", 1_43_-223_296
Link, 0, MPI_LINK, 0.000522, 0.000625, 0.000103, PTP, "rank-0", "rank-38", 1_39_-223_292
Link, 0, MPI_LINK, 0.000522, 0.000625, 0.000103, PTP, "rank-0", "rank-26", 1_27_-223_280
Link, 0, MPI_LINK, 0.000522, 0.000625, 0.000103, PTP, "rank-0", "rank-22", 1_23_-223_276
Link, 0, MPI_LINK, 0.000522, 0.000625, 0.000103, PTP, "rank-0", "rank-14", 1_15_-223_268
Link, 0, MPI_LINK, 0.000522, 0.000640, 0.000118, PTP, "rank-0", "rank-114", 1_115_-223_368
Link, 0, MPI_LINK, 0.000522, 0.000640, 0.000118, PTP, "rank-0", "rank-106", 1_107_-223_360
Link, 0, MPI_LINK, 0.000522, 0.000640, 0.000118, PTP, "rank-0", "rank-102", 1_103_-223_356
Link, 0, MPI_LINK, 0.000522, 0.000640, 0.000118, PTP, "rank-0", "rank-90", 1_91_-223_344
Link, 0, MPI_LINK, 0.000522, 0.000640, 0.000118, PTP, "rank-0", "rank-86", 1_87_-223_340
Link, 0, MPI_LINK, 0.000522, 0.000640, 0.000118, PTP, "rank-0", "rank-78", 1_79_-223_332
Link, 0, MPI_LINK, 0.000522, 0.000640, 0.000118, PTP, "rank-0", "rank-58", 1_59_-223_312
Link, 0, MPI_LINK, 0.000522, 0.000640, 0.000118, PTP, "rank-0", "rank-54", 1_55_-223_308
Link, 0, MPI_LINK, 0.000522, 0.000640, 0.000118, PTP, "rank-0", "rank-46", 1_47_-223_300
Link, 0, MPI_LINK, 0.000522, 0.000640, 0.000118, PTP, "rank-0", "rank-30", 1_31_-223_284
Link, 0, MPI_LINK, 0.000522, 0.000644, 0.000122, PTP, "rank-0", "rank-122", 1_123_-223_376
Link, 0, MPI_LINK, 0.000522, 0.000644, 0.000122, PTP, "rank-0", "rank-110", 1_111_-223_364
Link, 0, MPI_LINK, 0.000522, 0.000644, 0.000122, PTP, "rank-0", "rank-94", 1_95_-223_348
Link, 0, MPI_LINK, 0.000522, 0.000644, 0.000122, PTP, "rank-0", "rank-62", 1_63_-223_316
Link, 0, MPI_LINK, 0.000522, 0.000644, 0.000122, PTP, "rank-0", "rank-118", 1_119_-223_372
Link, 0, MPI_LINK, 0.000522, 0.000645, 0.000123, PTP, "rank-0", "rank-126", 1_127_-223_380
Link, 0, MPI_LINK, 0.000522, 0.000661, 0.000139, PTP, "rank-0", "rank-82", 1_83_-223_336
Link, 0, MPI_LINK, 0.000522, 0.000668, 0.000146, PTP, "rank-0", "rank-65", 1_66_-223_319
Link, 0, MPI_LINK, 0.000522, 0.000668, 0.000146, PTP, "rank-0", "rank-33", 1_34_-223_287
Link, 0, MPI_LINK, 0.000522, 0.000668, 0.000146, PTP, "rank-0", "rank-17", 1_18_-223_271
Link, 0, MPI_LINK, 0.000522, 0.000668, 0.000146, PTP, "rank-0", "rank-9", 1_10_-223_263
Link, 0, MPI_LINK, 0.000522, 0.000668, 0.000146, PTP, "rank-0", "rank-5", 1_6_-223_259
Link, 0, MPI_LINK, 0.000522, 0.000668, 0.000146, PTP, "rank-0", "rank-3", 1_4_-223_257
Link, 0, MPI_LINK, 0.000568, 0.000671, 0.000103, PTP, "rank-0", "rank-1", 1_2_0_417
Link, 0, MPI_LINK, 0.000596, 0.000671, 0.000075, PTP, "rank-1", "rank-0", 2_1_0_449
Link, 0, MPI_LINK, 0.000568, 0.000671, 0.000103, PTP, "rank-0", "rank-0", 1_1_0_416
Link, 0, MPI_LINK, 0.000542, 0.000682, 0.000140, PTP, "rank-64", "rank-65", 65_66_0_389
Link, 0, MPI_LINK, 0.000674, 0.000682, 0.000008, PTP, "rank-65", "rank-64", 66_65_0_516
Link, 0, MPI_LINK, 0.000542, 0.000682, 0.000140, PTP, "rank-64", "rank-64", 65_65_0_388
Link, 0, MPI_LINK, 0.000565, 0.000682, 0.000117, PTP, "rank-2", "rank-3", 3_4_0_415
Link, 0, MPI_LINK, 0.000674, 0.000682, 0.000008, PTP, "rank-3", "rank-2", 4_3_0_518
Link, 0, MPI_LINK, 0.000565, 0.000682, 0.000117, PTP, "rank-2", "rank-2", 3_3_0_414
Link, 0, MPI_LINK, 0.000540, 0.000683, 0.000143, PTP, "rank-32", "rank-33", 33_34_0_383
Link, 0, MPI_LINK, 0.000675, 0.000683, 0.000008, PTP, "rank-33", "rank-32", 34_33_0_522
Link, 0, MPI_LINK, 0.000540, 0.000683, 0.000143, PTP, "rank-32", "rank-32", 33_33_0_382
Link, 0, MPI_LINK, 0.000541, 0.000683, 0.000142, PTP, "rank-16", "rank-17", 17_18_0_385
Link, 0, MPI_LINK, 0.000675, 0.000683, 0.000008, PTP, "rank-17", "rank-16", 18_17_0_524
Link, 0, MPI_LINK, 0.000541, 0.000683, 0.000142, PTP, "rank-16", "rank-16", 17_17_0_384
Link, 0, MPI_LINK, 0.000551, 0.000683, 0.000132, PTP, "rank-8", "rank-9", 9_10_0_397
Link, 0, MPI_LINK, 0.000675, 0.000683, 0.000008, PTP, "rank-9", "rank-8", 10_9_0_526
Link, 0, MPI_LINK, 0.000551, 0.000683, 0.000132, PTP, "rank-8", "rank-8", 9_9_0_396
Link, 0, MPI_LINK, 0.000552, 0.000683, 0.000131, PTP, "rank-4", "rank-5", 5_6_0_399
Link, 0, MPI_LINK, 0.000675, 0.000683, 0.000008, PTP, "rank-5", "rank-4", 6_5_0_528
Link, 0, MPI_LINK, 0.000552, 0.000683, 0.000131, PTP, "rank-4", "rank-4", 5_5_0_398
Link, 0, MPI_LINK, 0.000673, 0.000696, 0.000023, PTP, "rank-0", "rank-2", 1_3_1_514
Link, 0, MPI_LINK, 0.000683, 0.000696, 0.000013, PTP, "rank-2", "rank-0", 3_1_1_534
Link, 0, MPI_LINK, 0.000674, 0.000708, 0.000034, PTP, "rank-1", "rank-3", 2_4_1_520
Link, 0, MPI_LINK, 0.000683, 0.000708, 0.000025, PTP, "rank-3", "rank-1", 4_2_1_532
Link, 0, MPI_LINK, 0.000522, 0.000725, 0.000203, PTP, "rank-0", "rank-67", 1_68_-223_321
Link, 0, MPI_LINK, 0.000522, 0.000725, 0.000203, PTP, "rank-0", "rank-35", 1_36_-223_289
Link, 0, MPI_LINK, 0.000522, 0.000725, 0.000203, PTP, "rank-0", "rank-19", 1_20_-223_273
Link, 0, MPI_LINK, 0.000522, 0.000725, 0.000203, PTP, "rank-0", "rank-11", 1_12_-223_265
Link, 0, MPI_LINK, 0.000522, 0.000725, 0.000203, PTP, "rank-0", "rank-7", 1_8_-223_261
Link, 0, MPI_LINK, 0.000522, 0.000725, 0.000203, PTP, "rank-0", "rank-97", 1_98_-223_351
Link, 0, MPI_LINK, 0.000522, 0.000725, 0.000203, PTP, "rank-0", "rank-81", 1_82_-223_335
Link, 0, MPI_LINK, 0.000522, 0.000725, 0.000203, PTP, "rank-0", "rank-73", 1_74_-223_327
Link, 0, MPI_LINK, 0.000522, 0.000725, 0.000203, PTP, "rank-0", "rank-69", 1_70_-223_323
Link, 0, MPI_LINK, 0.000522, 0.000725, 0.000203, PTP, "rank-0", "rank-49", 1_50_-223_303
Link, 0, MPI_LINK, 0.000522, 0.000725, 0.000203, PTP, "rank-0", "rank-41", 1_42_-223_295
Link, 0, MPI_LINK, 0.000522, 0.000725, 0.000203, PTP, "rank-0", "rank-37", 1_38_-223_291
Link, 0, MPI_LINK, 0.000522, 0.000725, 0.000203, PTP, "rank-0", "rank-25", 1_26_-223_279
Link, 0, MPI_LINK, 0.000522, 0.000725, 0.000203, PTP, "rank-0", "rank-21", 1_22_-223_275
Link, 0, MPI_LINK, 0.000522, 0.000725, 0.000203, PTP, "rank-0", "rank-13", 1_14_-223_267
Link, 0, MPI_LINK, 0.000547, 0.000738, 0.000191, PTP, "rank-80", "rank-81", 81_82_0_391
Link, 0, MPI_LINK, 0.000730, 0.000738, 0.000008, PTP, "rank-81", "rank-80", 82_81_0_572
Link, 0, MPI_LINK, 0.000547, 0.000738, 0.000191, PTP, "rank-80", "rank-80", 81_81_0_390
Link, 0, MPI_LINK, 0.000558, 0.000738, 0.000180, PTP, "rank-24", "rank-25", 25_26_0_405
Link, 0, MPI_LINK, 0.000730, 0.000738, 0.000008, PTP, "rank-25", "rank-24", 26_25_0_574
Link, 0, MPI_LINK, 0.000558, 0.000738, 0.000180, PTP, "rank-24", "rank-24", 25_25_0_404
Link, 0, MPI_LINK, 0.000573, 0.000738, 0.000165, PTP, "rank-20", "rank-21", 21_22_0_423
Link, 0, MPI_LINK, 0.000730, 0.000738, 0.000008, PTP, "rank-21", "rank-20", 22_21_0_576
Link, 0, MPI_LINK, 0.000573, 0.000738, 0.000165, PTP, "rank-20", "rank-20", 21_21_0_422
Link, 0, MPI_LINK, 0.000606, 0.000739, 0.000133, PTP, "rank-66", "rank-67", 67_68_0_453
Link, 0, MPI_LINK, 0.000731, 0.000739, 0.000008, PTP, "rank-67", "rank-66", 68_67_0_578
Link, 0, MPI_LINK, 0.000606, 0.000739, 0.000133, PTP, "rank-66", "rank-66", 67_67_0_452
Link, 0, MPI_LINK, 0.000606, 0.000739, 0.000133, PTP, "rank-18", "rank-19", 19_20_0_455
Link, 0, MPI_LINK, 0.000731, 0.000739, 0.000008, PTP, "rank-19", "rank-18", 20_19_0_580
Link, 0, MPI_LINK, 0.000606, 0.000739, 0.000133, PTP, "rank-18", "rank-18", 19_19_0_454
Link, 0, MPI_LINK, 0.000558, 0.000739, 0.000181, PTP, "rank-72", "rank-73", 73_74_0_401
Link, 0, MPI_LINK, 0.000731, 0.000739, 0.000008, PTP, "rank-73", "rank-72", 74_73_0_582
Link, 0, MPI_LINK, 0.000558, 0.000739, 0.000181, PTP, "rank-72", "rank-72", 73_73_0_400
Link, 0, MPI_LINK, 0.000573, 0.000739, 0.000166, PTP, "rank-68", "rank-69", 69_70_0_419
Link, 0, MPI_LINK, 0.000731, 0.000739, 0.000008, PTP, "rank-69", "rank-68", 70_69_0_584
Link, 0, MPI_LINK, 0.000573, 0.000739, 0.000166, PTP, "rank-68", "rank-68", 69_69_0_418
Link, 0, MPI_LINK, 0.000573, 0.000739, 0.000166, PTP, "rank-36", "rank-37", 37_38_0_421
Link, 0, MPI_LINK, 0.000731, 0.000739, 0.000008, PTP, "rank-37", "rank-36", 38_37_0_586
Link, 0, MPI_LINK, 0.000573, 0.000739, 0.000166, PTP, "rank-36", "rank-36", 37_37_0_420
Link, 0, MPI_LINK, 0.000606, 0.000740, 0.000134, PTP, "rank-10", "rank-11", 11_12_0_457
Link, 0, MPI_LINK, 0.000732, 0.000740, 0.000008, PTP, "rank-11", "rank-10", 12_11_0_588
Link, 0, MPI_LINK, 0.000606, 0.000740, 0.000134, PTP, "rank-10", "rank-10", 11_11_0_456
Link, 0, MPI_LINK, 0.000606, 0.000740, 0.000134, PTP, "rank-6", "rank-7", 7_8_0_459
Link, 0, MPI_LINK, 0.000732, 0.000740, 0.000008, PTP, "rank-7", "rank-6", 8_7_0_590
Link, 0, MPI_LINK, 0.000606, 0.000740, 0.000134, PTP, "rank-6", "rank-6", 7_7_0_458
Link, 0, MPI_LINK, 0.000542, 0.000740, 0.000198, PTP, "rank-96", "rank-97", 97_98_0_387
Link, 0, MPI_LINK, 0.000732, 0.000740, 0.000008, PTP, "rank-97", "rank-96", 98_97_0_592
Link, 0, MPI_LINK, 0.000542, 0.000740, 0.000198, PTP, "rank-96", "rank-96", 97_97_0_386
Link, 0, MPI_LINK, 0.000547, 0.000740, 0.000193, PTP, "rank-48", "rank-49", 49_50_0_393
Link, 0, MPI_LINK, 0.000732, 0.000740, 0.000008, PTP, "rank-49", "rank-48", 50_49_0_594
Link, 0, MPI_LINK, 0.000547, 0.000740, 0.000193, PTP, "rank-48", "rank-48", 49_49_0_392
Link, 0, MPI_LINK, 0.000558, 0.000740, 0.000182, PTP, "rank-40", "rank-41", 41_42_0_403
Link, 0, MPI_LINK, 0.000732, 0.000740, 0.000008, PTP, "rank-41", "rank-40", 42_41_0_596
Link, 0, MPI_LINK, 0.000558, 0.000740, 0.000182, PTP, "rank-40", "rank-40", 41_41_0_402
Link, 0, MPI_LINK, 0.000574, 0.000740, 0.000166, PTP, "rank-12", "rank-13", 13_14_0_425
Link, 0, MPI_LINK, 0.000732, 0.000740, 0.000008, PTP, "rank-13", "rank-12", 14_13_0_598
Link, 0, MPI_LINK, 0.000574, 0.000740, 0.000166, PTP, "rank-12", "rank-12", 13_13_0_424
Link, 0, MPI_LINK, 0.000605, 0.000741, 0.000136, PTP, "rank-34", "rank-35", 35_36_0_451
Link, 0, MPI_LINK, 0.000733, 0.000741, 0.000008, PTP, "rank-35", "rank-34", 36_35_0_600
Link, 0, MPI_LINK, 0.000605, 0.000741, 0.000136, PTP, "rank-34", "rank-34", 35_35_0_450
Link, 0, MPI_LINK, 0.000685, 0.000754, 0.000069, PTP, "rank-9", "rank-11", 10_12_1_552
Link, 0, MPI_LINK, 0.000685, 0.000754, 0.000069, PTP, "rank-8", "rank-10", 9_11_1_554
Link, 0, MPI_LINK, 0.000685, 0.000754, 0.000069, PTP, "rank-5", "rank-7", 6_8_1_556
Link, 0, MPI_LINK, 0.000685, 0.000754, 0.000069, PTP, "rank-4", "rank-6", 5_7_1_558
Link, 0, MPI_LINK, 0.000684, 0.000754, 0.000070, PTP, "rank-65", "rank-67", 66_68_1_542
Link, 0, MPI_LINK, 0.000684, 0.000754, 0.000070, PTP, "rank-64", "rank-66", 65_67_1_544
Link, 0, MPI_LINK, 0.000684, 0.000754, 0.000070, PTP, "rank-17", "rank-19", 18_20_1_540
Link, 0, MPI_LINK, 0.000685, 0.000754, 0.000069, PTP, "rank-16", "rank-18", 17_19_1_550
Link, 0, MPI_LINK, 0.000741, 0.000754, 0.000013, PTP, "rank-11", "rank-9", 12_10_1_630
Link, 0, MPI_LINK, 0.000741, 0.000754, 0.000013, PTP, "rank-10", "rank-8", 11_9_1_632
Link, 0, MPI_LINK, 0.000741, 0.000754, 0.000013, PTP, "rank-7", "rank-5", 8_6_1_634
Link, 0, MPI_LINK, 0.000741, 0.000754, 0.000013, PTP, "rank-6", "rank-4", 7_5_1_636
Link, 0, MPI_LINK, 0.000741, 0.000754, 0.000013, PTP, "rank-67", "rank-65", 68_66_1_648
Link, 0, MPI_LINK, 0.000741, 0.000754, 0.000013, PTP, "rank-66", "rank-64", 67_65_1_650
Link, 0, MPI_LINK, 0.000741, 0.000754, 0.000013, PTP, "rank-19", "rank-17", 20_18_1_652
Link, 0, MPI_LINK, 0.000741, 0.000754, 0.000013, PTP, "rank-18", "rank-16", 19_17_1_654
Link, 0, MPI_LINK, 0.000685, 0.000755, 0.000070, PTP, "rank-33", "rank-35", 34_36_1_546
Link, 0, MPI_LINK, 0.000742, 0.000755, 0.000013, PTP, "rank-35", "rank-33", 36_34_1_673
Link, 0, MPI_LINK, 0.000685, 0.000756, 0.000071, PTP, "rank-32", "rank-34", 33_35_1_548
Link, 0, MPI_LINK, 0.000743, 0.000756, 0.000013, PTP, "rank-34", "rank-32", 35_33_1_675
Link, 0, MPI_LINK, 0.000522, 0.000762, 0.000240, PTP, "rank-0", "rank-101", 1_102_-223_355
Link, 0, MPI_LINK, 0.000522, 0.000762, 0.000240, PTP, "rank-0", "rank-85", 1_86_-223_339
Link, 0, MPI_LINK, 0.000522, 0.000762, 0.000240, PTP, "rank-0", "rank-77", 1_78_-223_331
Link, 0, MPI_LINK, 0.000522, 0.000762, 0.000240, PTP, "rank-0", "rank-53", 1_54_-223_307
Link, 0, MPI_LINK, 0.000522, 0.000762, 0.000240, PTP, "rank-0", "rank-45", 1_46_-223_299
Link, 0, MPI_LINK, 0.000522, 0.000762, 0.000240, PTP, "rank-0", "rank-29", 1_30_-223_283
Link, 0, MPI_LINK, 0.000522, 0.000762, 0.000240, PTP, "rank-0", "rank-113", 1_114_-223_367
Link, 0, MPI_LINK, 0.000522, 0.000762, 0.000240, PTP, "rank-0", "rank-105", 1_106_-223_359
Link, 0, MPI_LINK, 0.000522, 0.000762, 0.000240, PTP, "rank-0", "rank-99", 1_100_-223_353
Link, 0, MPI_LINK, 0.000522, 0.000762, 0.000240, PTP, "rank-0", "rank-89", 1_90_-223_343
Link, 0, MPI_LINK, 0.000522, 0.000762, 0.000240, PTP, "rank-0", "rank-83", 1_84_-223_337
Link, 0, MPI_LINK, 0.000522, 0.000762, 0.000240, PTP, "rank-0", "rank-75", 1_76_-223_329
Link, 0, MPI_LINK, 0.000522, 0.000762, 0.000240, PTP, "rank-0", "rank-71", 1_72_-223_325
Link, 0, MPI_LINK, 0.000522, 0.000762, 0.000240, PTP, "rank-0", "rank-57", 1_58_-223_311
Link, 0, MPI_LINK, 0.000522, 0.000762, 0.000240, PTP, "rank-0", "rank-51", 1_52_-223_305
Link, 0, MPI_LINK, 0.000522, 0.000762, 0.000240, PTP, "rank-0", "rank-43", 1_44_-223_297
Link, 0, MPI_LINK, 0.000522, 0.000762, 0.000240, PTP, "rank-0", "rank-39", 1_40_-223_293
Link, 0, MPI_LINK, 0.000522, 0.000762, 0.000240, PTP, "rank-0", "rank-27", 1_28_-223_281
Link, 0, MPI_LINK, 0.000522, 0.000762, 0.000240, PTP, "rank-0", "rank-23", 1_24_-223_277
Link, 0, MPI_LINK, 0.000522, 0.000762, 0.000240, PTP, "rank-0", "rank-15", 1_16_-223_269
Link, 0, MPI_LINK, 0.000632, 0.000775, 0.000143, PTP, "rank-38", "rank-39", 39_40_0_463
Link, 0, MPI_LINK, 0.000767, 0.000775, 0.000008, PTP, "rank-39", "rank-38", 40_39_0_737
Link, 0, MPI_LINK, 0.000632, 0.000775, 0.000143, PTP, "rank-38", "rank-38", 39_39_0_462
Link, 0, MPI_LINK, 0.000633, 0.000775, 0.000142, PTP, "rank-22", "rank-23", 23_24_0_471
Link, 0, MPI_LINK, 0.000767, 0.000775, 0.000008, PTP, "rank-23", "rank-22", 24_23_0_739
Link, 0, MPI_LINK, 0.000633, 0.000775, 0.000142, PTP, "rank-22", "rank-22", 23_23_0_470
Link, 0, MPI_LINK, 0.000588, 0.000776, 0.000188, PTP, "rank-52", "rank-53", 53_54_0_429
Link, 0, MPI_LINK, 0.000768, 0.000776, 0.000008, PTP, "rank-53", "rank-52", 54_53_0_741
Link, 0, MPI_LINK, 0.000588, 0.000776, 0.000188, PTP, "rank-52", "rank-52", 53_53_0_428
Link, 0, MPI_LINK, 0.000548, 0.000776, 0.000228, PTP, "rank-112", "rank-113", 113_114_0_395
Link, 0, MPI_LINK, 0.000768, 0.000776, 0.000008, PTP, "rank-113", "rank-112", 114_113_0_743
Link, 0, MPI_LINK, 0.000548, 0.000776, 0.000228, PTP, "rank-112", "rank-112", 113_113_0_394
Link, 0, MPI_LINK, 0.000633, 0.000776, 0.000143, PTP, "rank-98", "rank-99", 99_100_0_465
Link, 0, MPI_LINK, 0.000768, 0.000776, 0.000008, PTP, "rank-99", "rank-98", 100_99_0_745
Link, 0, MPI_LINK, 0.000633, 0.000776, 0.000143, PTP, "rank-98", "rank-98", 99_99_0_464
Link, 0, MPI_LINK, 0.000634, 0.000776, 0.000142, PTP, "rank-74", "rank-75", 75_76_0_473
Link, 0, MPI_LINK, 0.000768, 0.000776, 0.000008, PTP, "rank-75", "rank-74", 76_75_0_747
Link, 0, MPI_LINK, 0.000634, 0.000776, 0.000142, PTP, "rank-74", "rank-74", 75_75_0_472
Link, 0, MPI_LINK, 0.000634, 0.000776, 0.000142, PTP, "rank-14", "rank-15", 15_16_0_475
Link, 0, MPI_LINK, 0.000768, 0.000776, 0.000008, PTP, "rank-15", "rank-14", 16_15_0_749
Link, 0, MPI_LINK, 0.000634, 0.000776, 0.000142, PTP, "rank-14", "rank-14", 15_15_0_474
Link, 0, MPI_LINK, 0.000590, 0.000777, 0.000187, PTP, "rank-100", "rank-101", 101_102_0_437
Link, 0, MPI_LINK, 0.000769, 0.000777, 0.000008, PTP, "rank-101", "rank-100", 102_101_0_751
Link, 0, MPI_LINK, 0.000590, 0.000777, 0.000187, PTP, "rank-100", "rank-100", 101_101_0_436
Link, 0, MPI_LINK, 0.000588, 0.000777, 0.000189, PTP, "rank-84", "rank-85", 85_86_0_427
Link, 0, MPI_LINK, 0.000769, 0.000777, 0.000008, PTP, "rank-85", "rank-84", 86_85_0_753
Link, 0, MPI_LINK, 0.000588, 0.000777, 0.000189, PTP, "rank-84", "rank-84", 85_85_0_426
Link, 0, MPI_LINK, 0.000589, 0.000777, 0.000188, PTP, "rank-76", "rank-77", 77_78_0_433
Link, 0, MPI_LINK, 0.000769, 0.000777, 0.000008, PTP, "rank-77", "rank-76", 78_77_0_755
Link, 0, MPI_LINK, 0.000589, 0.000777, 0.000188, PTP, "rank-76", "rank-76", 77_77_0_432
Link, 0, MPI_LINK, 0.000589, 0.000777, 0.000188, PTP, "rank-44", "rank-45", 45_46_0_435
Link, 0, MPI_LINK, 0.000769, 0.000777, 0.000008, PTP, "rank-45", "rank-44", 46_45_0_757
Link, 0, MPI_LINK, 0.000589, 0.000777, 0.000188, PTP, "rank-44", "rank-44", 45_45_0_434
Link, 0, MPI_LINK, 0.000561, 0.000777, 0.000216, PTP, "rank-88", "rank-89", 89_90_0_407
Link, 0, MPI_LINK, 0.000769, 0.000777, 0.000008, PTP, "rank-89", "rank-88", 90_89_0_759
Link, 0, MPI_LINK, 0.000561, 0.000777, 0.000216, PTP, "rank-88", "rank-88", 89_89_0_406
Link, 0, MPI_LINK, 0.000667, 0.000777, 0.000110, PTP, "rank-82", "rank-83", 83_84_0_511
Link, 0, MPI_LINK, 0.000769, 0.000777, 0.000008, PTP, "rank-83", "rank-82", 84_83_0_761
Link, 0, MPI_LINK, 0.000667, 0.000777, 0.000110, PTP, "rank-82", "rank-82", 83_83_0_510
Link, 0, MPI_LINK, 0.000632, 0.000777, 0.000145, PTP, "rank-70", "rank-71", 71_72_0_461
Link, 0, MPI_LINK, 0.000769, 0.000777, 0.000008, PTP, "rank-71", "rank-70", 72_71_0_763
Link, 0, MPI_LINK, 0.000632, 0.000777, 0.000145, PTP, "rank-70", "rank-70", 71_71_0_460
Link, 0, MPI_LINK, 0.000562, 0.000777, 0.000215, PTP, "rank-56", "rank-57", 57_58_0_409
Link, 0, MPI_LINK, 0.000769, 0.000777, 0.000008, PTP, "rank-57", "rank-56", 58_57_0_765
Link, 0, MPI_LINK, 0.000562, 0.000777, 0.000215, PTP, "rank-56", "rank-56", 57_57_0_408
Link, 0, MPI_LINK, 0.000633, 0.000777, 0.000144, PTP, "rank-50", "rank-51", 51_52_0_467
Link, 0, MPI_LINK, 0.000769, 0.000777, 0.000008, PTP, "rank-51", "rank-50", 52_51_0_767
Link, 0, MPI_LINK, 0.000633, 0.000777, 0.000144, PTP, "rank-50", "rank-50", 51_51_0_466
Link, 0, MPI_LINK, 0.000637, 0.000777, 0.000140, PTP, "rank-42", "rank-43", 43_44_0_477
Link, 0, MPI_LINK, 0.000769, 0.000777, 0.000008, PTP, "rank-43", "rank-42", 44_43_0_769
Link, 0, MPI_LINK, 0.000637, 0.000777, 0.000140, PTP, "rank-42", "rank-42", 43_43_0_476
Link, 0, MPI_LINK, 0.000633, 0.000777, 0.000144, PTP, "rank-26", "rank-27", 27_28_0_469
Link, 0, MPI_LINK, 0.000769, 0.000777, 0.000008, PTP, "rank-27", "rank-26", 28_27_0_771
Link, 0, MPI_LINK, 0.000633, 0.000777, 0.000144, PTP, "rank-26", "rank-26", 27_27_0_468
Link, 0, MPI_LINK, 0.000588, 0.000778, 0.000190, PTP, "rank-28", "rank-29", 29_30_0_431
Link, 0, MPI_LINK, 0.000770, 0.000778, 0.000008, PTP, "rank-29", "rank-28", 30_29_0_773
Link, 0, MPI_LINK, 0.000588, 0.000778, 0.000190, PTP, "rank-28", "rank-28", 29_29_0_430
Link, 0, MPI_LINK, 0.000522, 0.000778, 0.000256, PTP, "rank-0", "rank-121", 1_122_-223_375
Link, 0, MPI_LINK, 0.000522, 0.000778, 0.000256, PTP, "rank-0", "rank-117", 1_118_-223_371
Link, 0, MPI_LINK, 0.000522, 0.000778, 0.000256, PTP, "rank-0", "rank-115", 1_116_-223_369
Link, 0, MPI_LINK, 0.000522, 0.000778, 0.000256, PTP, "rank-0", "rank-109", 1_110_-223_363
Link, 0, MPI_LINK, 0.000522, 0.000778, 0.000256, PTP, "rank-0", "rank-107", 1_108_-223_361
Link, 0, MPI_LINK, 0.000522, 0.000778, 0.000256, PTP, "rank-0", "rank-103", 1_104_-223_357
Link, 0, MPI_LINK, 0.000522, 0.000778, 0.000256, PTP, "rank-0", "rank-93", 1_94_-223_347
Link, 0, MPI_LINK, 0.000522, 0.000778, 0.000256, PTP, "rank-0", "rank-91", 1_92_-223_345
Link, 0, MPI_LINK, 0.000522, 0.000778, 0.000256, PTP, "rank-0", "rank-87", 1_88_-223_341
Link, 0, MPI_LINK, 0.000522, 0.000778, 0.000256, PTP, "rank-0", "rank-79", 1_80_-223_333
Link, 0, MPI_LINK, 0.000522, 0.000778, 0.000256, PTP, "rank-0", "rank-61", 1_62_-223_315
Link, 0, MPI_LINK, 0.000522, 0.000778, 0.000256, PTP, "rank-0", "rank-59", 1_60_-223_313
Link, 0, MPI_LINK, 0.000522, 0.000778, 0.000256, PTP, "rank-0", "rank-55", 1_56_-223_309
Link, 0, MPI_LINK, 0.000522, 0.000778, 0.000256, PTP, "rank-0", "rank-47", 1_48_-223_301
Link, 0, MPI_LINK, 0.000522, 0.000778, 0.000256, PTP, "rank-0", "rank-31", 1_32_-223_285
Link, 0, MPI_LINK, 0.000563, 0.000779, 0.000216, PTP, "rank-104", "rank-105", 105_106_0_411
Link, 0, MPI_LINK, 0.000771, 0.000779, 0.000008, PTP, "rank-105", "rank-104", 106_105_0_775
Link, 0, MPI_LINK, 0.000563, 0.000779, 0.000216, PTP, "rank-104", "rank-104", 105_105_0_410
Link, 0, MPI_LINK, 0.000522, 0.000779, 0.000257, PTP, "rank-0", "rank-123", 1_124_-223_377
Link, 0, MPI_LINK, 0.000697, 0.000780, 0.000083, PTP, "rank-2", "rank-6", 3_7_2_562
Link, 0, MPI_LINK, 0.000755, 0.000780, 0.000025, PTP, "rank-6", "rank-2", 7_3_2_695
Link, 0, MPI_LINK, 0.000698, 0.000781, 0.000083, PTP, "rank-0", "rank-4", 1_5_2_564
Link, 0, MPI_LINK, 0.000756, 0.000781, 0.000025, PTP, "rank-4", "rank-0", 5_1_2_717
Link, 0, MPI_LINK, 0.000711, 0.000787, 0.000076, PTP, "rank-1", "rank-5", 2_6_2_570
Link, 0, MPI_LINK, 0.000756, 0.000787, 0.000031, PTP, "rank-5", "rank-1", 6_2_2_713
Link, 0, MPI_LINK, 0.000522, 0.000787, 0.000265, PTP, "rank-0", "rank-125", 1_126_-223_379
Link, 0, MPI_LINK, 0.000522, 0.000789, 0.000267, PTP, "rank-0", "rank-119", 1_120_-223_373
Link, 0, MPI_LINK, 0.000522, 0.000789, 0.000267, PTP, "rank-0", "rank-111", 1_112_-223_365
Link, 0, MPI_LINK, 0.000522, 0.000789, 0.000267, PTP, "rank-0", "rank-95", 1_96_-223_349
Link, 0, MPI_LINK, 0.000522, 0.000789, 0.000267, PTP, "rank-0", "rank-63", 1_64_-223_317
Link, 0, MPI_LINK, 0.000741, 0.000790, 0.000049, PTP, "rank-36", "rank-38", 37_39_1_664
Link, 0, MPI_LINK, 0.000740, 0.000790, 0.000050, PTP, "rank-21", "rank-23", 22_24_1_618
Link, 0, MPI_LINK, 0.000740, 0.000790, 0.000050, PTP, "rank-20", "rank-22", 21_23_1_620
Link, 0, MPI_LINK, 0.000741, 0.000790, 0.000049, PTP, "rank-97", "rank-99", 98_100_1_638
Link, 0, MPI_LINK, 0.000742, 0.000790, 0.000048, PTP, "rank-96", "rank-98", 97_99_1_667
Link, 0, MPI_LINK, 0.000740, 0.000790, 0.000050, PTP, "rank-72", "rank-74", 73_75_1_622
Link, 0, MPI_LINK, 0.000741, 0.000790, 0.000049, PTP, "rank-13", "rank-15", 14_16_1_644
Link, 0, MPI_LINK, 0.000777, 0.000790, 0.000013, PTP, "rank-38", "rank-36", 39_37_1_784
Link, 0, MPI_LINK, 0.000777, 0.000790, 0.000013, PTP, "rank-23", "rank-21", 24_22_1_786
Link, 0, MPI_LINK, 0.000777, 0.000790, 0.000013, PTP, "rank-22", "rank-20", 23_21_1_788
Link, 0, MPI_LINK, 0.000777, 0.000790, 0.000013, PTP, "rank-99", "rank-97", 100_98_1_794
Link, 0, MPI_LINK, 0.000777, 0.000790, 0.000013, PTP, "rank-98", "rank-96", 99_97_1_796
Link, 0, MPI_LINK, 0.000777, 0.000790, 0.000013, PTP, "rank-74", "rank-72", 75_73_1_798
Link, 0, MPI_LINK, 0.000777, 0.000790, 0.000013, PTP, "rank-15", "rank-13", 16_14_1_800
Link, 0, MPI_LINK, 0.000741, 0.000791, 0.000050, PTP, "rank-37", "rank-39", 38_40_1_662
Link, 0, MPI_LINK, 0.000742, 0.000791, 0.000049, PTP, "rank-49", "rank-51", 50_52_1_669
Link, 0, MPI_LINK, 0.000740, 0.000791, 0.000051, PTP, "rank-24", "rank-26", 25_27_1_616
Link, 0, MPI_LINK, 0.000741, 0.000791, 0.000050, PTP, "rank-73", "rank-75", 74_76_1_656
Link, 0, MPI_LINK, 0.000741, 0.000791, 0.000050, PTP, "rank-12", "rank-14", 13_15_1_646
Link, 0, MPI_LINK, 0.000778, 0.000791, 0.000013, PTP, "rank-39", "rank-37", 40_38_1_813
Link, 0, MPI_LINK, 0.000778, 0.000791, 0.000013, PTP, "rank-51", "rank-49", 52_50_1_827
Link, 0, MPI_LINK, 0.000778, 0.000791, 0.000013, PTP, "rank-26", "rank-24", 27_25_1_829
Link, 0, MPI_LINK, 0.000778, 0.000791, 0.000013, PTP, "rank-75", "rank-73", 76_74_1_835
Link, 0, MPI_LINK, 0.000778, 0.000791, 0.000013, PTP, "rank-14", "rank-12", 15_13_1_837
Link, 0, MPI_LINK, 0.000649, 0.000791, 0.000142, PTP, "rank-90", "rank-91", 91_92_0_495
Link, 0, MPI_LINK, 0.000783, 0.000791, 0.000008, PTP, "rank-91", "rank-90", 92_91_0_889
Link, 0, MPI_LINK, 0.000649, 0.000791, 0.000142, PTP, "rank-90", "rank-90", 91_91_0_494
Link, 0, MPI_LINK, 0.000740, 0.000792, 0.000052, PTP, "rank-81", "rank-83", 82_84_1_610
Link, 0, MPI_LINK, 0.000740, 0.000792, 0.000052, PTP, "rank-80", "rank-82", 81_83_1_612
Link, 0, MPI_LINK, 0.000741, 0.000792, 0.000051, PTP, "rank-69", "rank-71", 70_72_1_658
Link, 0, MPI_LINK, 0.000741, 0.000792, 0.000051, PTP, "rank-68", "rank-70", 69_71_1_660
Link, 0, MPI_LINK, 0.000742, 0.000792, 0.000050, PTP, "rank-48", "rank-50", 49_51_1_671
Link, 0, MPI_LINK, 0.000741, 0.000792, 0.000051, PTP, "rank-41", "rank-43", 42_44_1_640
Link, 0, MPI_LINK, 0.000741, 0.000792, 0.000051, PTP, "rank-40", "rank-42", 41_43_1_642
Link, 0, MPI_LINK, 0.000740, 0.000792, 0.000052, PTP, "rank-25", "rank-27", 26_28_1_614
Link, 0, MPI_LINK, 0.000779, 0.000792, 0.000013, PTP, "rank-83", "rank-81", 84_82_1_848
Link, 0, MPI_LINK, 0.000779, 0.000792, 0.000013, PTP, "rank-82", "rank-80", 83_81_1_850
Link, 0, MPI_LINK, 0.000779, 0.000792, 0.000013, PTP, "rank-71", "rank-69", 72_70_1_852
Link, 0, MPI_LINK, 0.000779, 0.000792, 0.000013, PTP, "rank-70", "rank-68", 71_69_1_854
Link, 0, MPI_LINK, 0.000779, 0.000792, 0.000013, PTP, "rank-50", "rank-48", 51_49_1_856
Link, 0, MPI_LINK, 0.000779, 0.000792, 0.000013, PTP, "rank-43", "rank-41", 44_42_1_858
Link, 0, MPI_LINK, 0.000779, 0.000792, 0.000013, PTP, "rank-42", "rank-40", 43_41_1_860
Link, 0, MPI_LINK, 0.000779, 0.000792, 0.000013, PTP, "rank-27", "rank-25", 28_26_1_862
Link, 0, MPI_LINK, 0.000593, 0.000792, 0.000199, PTP, "rank-108", "rank-109", 109_110_0_441
Link, 0, MPI_LINK, 0.000784, 0.000792, 0.000008, PTP, "rank-109", "rank-108", 110_109_0_891
Link, 0, MPI_LINK, 0.000593, 0.000792, 0.000199, PTP, "rank-108", "rank-108", 109_109_0_440
Link, 0, MPI_LINK, 0.000647, 0.000792, 0.000145, PTP, "rank-86", "rank-87", 87_88_0_485
Link, 0, MPI_LINK, 0.000784, 0.000792, 0.000008, PTP, "rank-87", "rank-86", 88_87_0_893
Link, 0, MPI_LINK, 0.000647, 0.000792, 0.000145, PTP, "rank-86", "rank-86", 87_87_0_484
Link, 0, MPI_LINK, 0.000647, 0.000792, 0.000145, PTP, "rank-54", "rank-55", 55_56_0_487
Link, 0, MPI_LINK, 0.000784, 0.000792, 0.000008, PTP, "rank-55", "rank-54", 56_55_0_895
Link, 0, MPI_LINK, 0.000647, 0.000792, 0.000145, PTP, "rank-54", "rank-54", 55_55_0_486
Link, 0, MPI_LINK, 0.000648, 0.000793, 0.000145, PTP, "rank-114", "rank-115", 115_116_0_491
Link, 0, MPI_LINK, 0.000785, 0.000793, 0.000008, PTP, "rank-115", "rank-114", 116_115_0_897
Link, 0, MPI_LINK, 0.000648, 0.000793, 0.000145, PTP, "rank-114", "rank-114", 115_115_0_490
Link, 0, MPI_LINK, 0.000656, 0.000793, 0.000137, PTP, "rank-102", "rank-103", 103_104_0_509
Link, 0, MPI_LINK, 0.000785, 0.000793, 0.000008, PTP, "rank-103", "rank-102", 104_103_0_899
Link, 0, MPI_LINK, 0.000656, 0.000793, 0.000137, PTP, "rank-102", "rank-102", 103_103_0_508
Link, 0, MPI_LINK, 0.000646, 0.000793, 0.000147, PTP, "rank-78", "rank-79", 79_80_0_481
Link, 0, MPI_LINK, 0.000785, 0.000793, 0.000008, PTP, "rank-79", "rank-78", 80_79_0_901
Link, 0, MPI_LINK, 0.000646, 0.000793, 0.000147, PTP, "rank-78", "rank-78", 79_79_0_480
Link, 0, MPI_LINK, 0.000595, 0.000793, 0.000198, PTP, "rank-60", "rank-61", 61_62_0_447
Link, 0, MPI_LINK, 0.000785, 0.000793, 0.000008, PTP, "rank-61", "rank-60", 62_61_0_903
Link, 0, MPI_LINK, 0.000595, 0.000793, 0.000198, PTP, "rank-60", "rank-60", 61_61_0_446
Link, 0, MPI_LINK, 0.000709, 0.000794, 0.000085, PTP, "rank-3", "rank-7", 4_8_2_568
Link, 0, MPI_LINK, 0.000756, 0.000794, 0.000038, PTP, "rank-7", "rank-3", 8_4_2_715
Link, 0, MPI_LINK, 0.000522, 0.000794, 0.000272, PTP, "rank-0", "rank-127", 1_128_-223_381
Link, 0, MPI_LINK, 0.000564, 0.000794, 0.000230, PTP, "rank-120", "rank-121", 121_122_0_413
Link, 0, MPI_LINK, 0.000786, 0.000794, 0.000008, PTP, "rank-121", "rank-120", 122_121_0_905
Link, 0, MPI_LINK, 0.000564, 0.000794, 0.000230, PTP, "rank-120", "rank-120", 121_121_0_412
Link, 0, MPI_LINK, 0.000593, 0.000794, 0.000201, PTP, "rank-116", "rank-117", 117_118_0_439
Link, 0, MPI_LINK, 0.000786, 0.000794, 0.000008, PTP, "rank-117", "rank-116", 118_117_0_907
Link, 0, MPI_LINK, 0.000593, 0.000794, 0.000201, PTP, "rank-116", "rank-116", 117_117_0_438
Link, 0, MPI_LINK, 0.000648, 0.000794, 0.000146, PTP, "rank-106", "rank-107", 107_108_0_493
Link, 0, MPI_LINK, 0.000786, 0.000794, 0.000008, PTP, "rank-107", "rank-106", 108_107_0_909
Link, 0, MPI_LINK, 0.000648, 0.000794, 0.000146, PTP, "rank-106", "rank-106", 107_107_0_492
Link, 0, MPI_LINK, 0.000593, 0.000794, 0.000201, PTP, "rank-92", "rank-93", 93_94_0_443
Link, 0, MPI_LINK, 0.000786, 0.000794, 0.000008, PTP, "rank-93", "rank-92", 94_93_0_911
Link, 0, MPI_LINK, 0.000593, 0.000794, 0.000201, PTP, "rank-92", "rank-92", 93_93_0_442
Link, 0, MPI_LINK, 0.000646, 0.000794, 0.000148, PTP, "rank-58", "rank-59", 59_60_0_483
Link, 0, MPI_LINK, 0.000786, 0.000794, 0.000008, PTP, "rank-59", "rank-58", 60_59_0_913
Link, 0, MPI_LINK, 0.000646, 0.000794, 0.000148, PTP, "rank-58", "rank-58", 59_59_0_482
Link, 0, MPI_LINK, 0.000647, 0.000794, 0.000147, PTP, "rank-46", "rank-47", 47_48_0_489
Link, 0, MPI_LINK, 0.000786, 0.000794, 0.000008, PTP, "rank-47", "rank-46", 48_47_0_915
Link, 0, MPI_LINK, 0.000647, 0.000794, 0.000147, PTP, "rank-46", "rank-46", 47_47_0_488
Link, 0, MPI_LINK, 0.000645, 0.000794, 0.000149, PTP, "rank-30", "rank-31", 31_32_0_479
Link, 0, MPI_LINK, 0.000786, 0.000794, 0.000008, PTP, "rank-31", "rank-30", 32_31_0_917
Link, 0, MPI_LINK, 0.000645, 0.000794, 0.000149, PTP, "rank-30", "rank-30", 31_31_0_478
Link, 0, MPI_LINK, 0.000651, 0.000795, 0.000144, PTP, "rank-122", "rank-123", 123_124_0_501
Link, 0, MPI_LINK, 0.000787, 0.000795, 0.000008, PTP, "rank-123", "rank-122", 124_123_0_921
Link, 0, MPI_LINK, 0.000651, 0.000795, 0.000144, PTP, "rank-122", "rank-122", 123_123_0_500
Link, 0, MPI_LINK, 0.000595, 0.000803, 0.000208, PTP, "rank-124", "rank-125", 125_126_0_445
Link, 0, MPI_LINK, 0.000795, 0.000803, 0.000008, PTP, "rank-125", "rank-124", 126_125_0_1078
Link, 0, MPI_LINK, 0.000595, 0.000803, 0.000208, PTP, "rank-124", "rank-124", 125_125_0_444
Link, 0, MPI_LINK, 0.000654, 0.000804, 0.000150, PTP, "rank-94", "rank-95", 95_96_0_507
Link, 0, MPI_LINK, 0.000796, 0.000804, 0.000008, PTP, "rank-95", "rank-94", 96_95_0_1111
Link, 0, MPI_LINK, 0.000654, 0.000804, 0.000150, PTP, "rank-94", "rank-94", 95_95_0_506
Link, 0, MPI_LINK, 0.000778, 0.000805, 0.000027, PTP, "rank-88", "rank-90", 89_91_1_823
Link, 0, MPI_LINK, 0.000792, 0.000805, 0.000013, PTP, "rank-90", "rank-88", 91_89_1_1006
Link, 0, MPI_LINK, 0.000649, 0.000805, 0.000156, PTP, "rank-110", "rank-111", 111_112_0_497
Link, 0, MPI_LINK, 0.000797, 0.000805, 0.000008, PTP, "rank-111", "rank-110", 112_111_0_1133
Link, 0, MPI_LINK, 0.000649, 0.000805, 0.000156, PTP, "rank-110", "rank-110", 111_111_0_496
Link, 0, MPI_LINK, 0.000651, 0.000805, 0.000154, PTP, "rank-62", "rank-63", 63_64_0_503
Link, 0, MPI_LINK, 0.000797, 0.000805, 0.000008, PTP, "rank-63", "rank-62", 64_63_0_1135
Link, 0, MPI_LINK, 0.000651, 0.000805, 0.000154, PTP, "rank-62", "rank-62", 63_63_0_502
Link, 0, MPI_LINK, 0.000649, 0.000806, 0.000157, PTP, "rank-118", "rank-119", 119_120_0_499
Link, 0, MPI_LINK, 0.000798, 0.000806, 0.000008, PTP, "rank-119", "rank-118", 120_119_0_1141
Link, 0, MPI_LINK, 0.000649, 0.000806, 0.000157, PTP, "rank-118", "rank-118", 119_119_0_498
Link, 0, MPI_LINK, 0.000778, 0.000807, 0.000029, PTP, "rank-77", "rank-79", 78_80_1_821
Link, 0, MPI_LINK, 0.000778, 0.000807, 0.000029, PTP, "rank-85", "rank-87", 86_88_1_817
Link, 0, MPI_LINK, 0.000778, 0.000807, 0.000029, PTP, "rank-84", "rank-86", 85_87_1_819
Link, 0, MPI_LINK, 0.000778, 0.000807, 0.000029, PTP, "rank-53", "rank-55", 54_56_1_831
Link, 0, MPI_LINK, 0.000778, 0.000807, 0.000029, PTP, "rank-52", "rank-54", 53_55_1_833
Link, 0, MPI_LINK, 0.000794, 0.000807, 0.000013, PTP, "rank-79", "rank-77", 80_78_1_1059
Link, 0, MPI_LINK, 0.000794, 0.000807, 0.000013, PTP, "rank-87", "rank-85", 88_86_1_1063
Link, 0, MPI_LINK, 0.000794, 0.000807, 0.000013, PTP, "rank-86", "rank-84", 87_85_1_1065
Link, 0, MPI_LINK, 0.000794, 0.000807, 0.000013, PTP, "rank-55", "rank-53", 56_54_1_1067
Link, 0, MPI_LINK, 0.000794, 0.000807, 0.000013, PTP, "rank-54", "rank-52", 55_53_1_1069
Link, 0, MPI_LINK, 0.000777, 0.000808, 0.000031, PTP, "rank-112", "rank-114", 113_115_1_792
Link, 0, MPI_LINK, 0.000778, 0.000808, 0.000030, PTP, "rank-101", "rank-103", 102_104_1_815
Link, 0, MPI_LINK, 0.000779, 0.000808, 0.000029, PTP, "rank-100", "rank-102", 101_103_1_840
Link, 0, MPI_LINK, 0.000779, 0.000808, 0.000029, PTP, "rank-76", "rank-78", 77_79_1_842
Link, 0, MPI_LINK, 0.000781, 0.000808, 0.000027, PTP, "rank-105", "rank-107", 106_108_1_875
Link, 0, MPI_LINK, 0.000778, 0.000808, 0.000030, PTP, "rank-57", "rank-59", 58_60_1_825
Link, 0, MPI_LINK, 0.000779, 0.000808, 0.000029, PTP, "rank-29", "rank-31", 30_32_1_864
Link, 0, MPI_LINK, 0.000779, 0.000808, 0.000029, PTP, "rank-28", "rank-30", 29_31_1_866
Link, 0, MPI_LINK, 0.000795, 0.000808, 0.000013, PTP, "rank-114", "rank-112", 115_113_1_1084
Link, 0, MPI_LINK, 0.000795, 0.000808, 0.000013, PTP, "rank-103", "rank-101", 104_102_1_1086
Link, 0, MPI_LINK, 0.000795, 0.000808, 0.000013, PTP, "rank-102", "rank-100", 103_101_1_1088
Link, 0, MPI_LINK, 0.000795, 0.000808, 0.000013, PTP, "rank-78", "rank-76", 79_77_1_1090
Link, 0, MPI_LINK, 0.000795, 0.000808, 0.000013, PTP, "rank-107", "rank-105", 108_106_1_1098
Link, 0, MPI_LINK, 0.000795, 0.000808, 0.000013, PTP, "rank-59", "rank-57", 60_58_1_1102
Link, 0, MPI_LINK, 0.000795, 0.000808, 0.000013, PTP, "rank-31", "rank-29", 32_30_1_1104
Link, 0, MPI_LINK, 0.000795, 0.000808, 0.000013, PTP, "rank-30", "rank-28", 31_29_1_1106
Link, 0, MPI_LINK, 0.000777, 0.000809, 0.000032, PTP, "rank-113", "rank-115", 114_116_1_790
Link, 0, MPI_LINK, 0.000781, 0.000809, 0.000028, PTP, "rank-104", "rank-106", 105_107_1_877
Link, 0, MPI_LINK, 0.000780, 0.000809, 0.000029, PTP, "rank-56", "rank-58", 57_59_1_871
Link, 0, MPI_LINK, 0.000779, 0.000809, 0.000030, PTP, "rank-45", "rank-47", 46_48_1_844
Link, 0, MPI_LINK, 0.000780, 0.000809, 0.000029, PTP, "rank-44", "rank-46", 45_47_1_869
Link, 0, MPI_LINK, 0.000796, 0.000809, 0.000013, PTP, "rank-115", "rank-113", 116_114_1_1113
Link, 0, MPI_LINK, 0.000796, 0.000809, 0.000013, PTP, "rank-106", "rank-104", 107_105_1_1119
Link, 0, MPI_LINK, 0.000796, 0.000809, 0.000013, PTP, "rank-58", "rank-56", 59_57_1_1123
Link, 0, MPI_LINK, 0.000796, 0.000809, 0.000013, PTP, "rank-47", "rank-45", 48_46_1_1125
Link, 0, MPI_LINK, 0.000796, 0.000809, 0.000013, PTP, "rank-46", "rank-44", 47_45_1_1127
Link, 0, MPI_LINK, 0.000796, 0.000809, 0.000013, PTP, "rank-120", "rank-122", 121_123_1_1115
Link, 0, MPI_LINK, 0.000796, 0.000809, 0.000013, PTP, "rank-122", "rank-120", 123_121_1_1129
Link, 0, MPI_LINK, 0.000779, 0.000810, 0.000031, PTP, "rank-89", "rank-91", 90_92_1_846
Link, 0, MPI_LINK, 0.000797, 0.000810, 0.000013, PTP, "rank-91", "rank-89", 92_90_1_1137
Link, 0, MPI_LINK, 0.000795, 0.000810, 0.000015, PTP, "rank-121", "rank-123", 122_124_1_1094
Link, 0, MPI_LINK, 0.000797, 0.000810, 0.000013, PTP, "rank-123", "rank-121", 124_122_1_1139
Link, 0, MPI_LINK, 0.000652, 0.000814, 0.000162, PTP, "rank-126", "rank-127", 127_128_0_505
Link, 0, MPI_LINK, 0.000806, 0.000814, 0.000008, PTP, "rank-127", "rank-126", 128_127_0_1153
Link, 0, MPI_LINK, 0.000652, 0.000814, 0.000162, PTP, "rank-126", "rank-126", 127_127_0_504
Link, 0, MPI_LINK, 0.000755, 0.000815, 0.000060, PTP, "rank-19", "rank-23", 20_24_2_703
Link, 0, MPI_LINK, 0.000756, 0.000815, 0.000059, PTP, "rank-11", "rank-15", 12_16_2_709
Link, 0, MPI_LINK, 0.000791, 0.000815, 0.000024, PTP, "rank-23", "rank-19", 24_20_2_941
Link, 0, MPI_LINK, 0.000791, 0.000815, 0.000024, PTP, "rank-15", "rank-11", 16_12_2_947
Link, 0, MPI_LINK, 0.000758, 0.000816, 0.000058, PTP, "rank-32", "rank-36", 33_37_2_733
Link, 0, MPI_LINK, 0.000758, 0.000816, 0.000058, PTP, "rank-34", "rank-38", 35_39_2_735
Link, 0, MPI_LINK, 0.000755, 0.000816, 0.000061, PTP, "rank-17", "rank-21", 18_22_2_701
Link, 0, MPI_LINK, 0.000756, 0.000816, 0.000060, PTP, "rank-16", "rank-20", 17_21_2_723
Link, 0, MPI_LINK, 0.000756, 0.000816, 0.000060, PTP, "rank-18", "rank-22", 19_23_2_725
Link, 0, MPI_LINK, 0.000756, 0.000816, 0.000060, PTP, "rank-9", "rank-13", 10_14_2_707
Link, 0, MPI_LINK, 0.000756, 0.000816, 0.000060, PTP, "rank-33", "rank-37", 34_38_2_727
Link, 0, MPI_LINK, 0.000757, 0.000816, 0.000059, PTP, "rank-35", "rank-39", 36_40_2_731
Link, 0, MPI_LINK, 0.000756, 0.000816, 0.000060, PTP, "rank-8", "rank-12", 9_13_2_711
Link, 0, MPI_LINK, 0.000792, 0.000816, 0.000024, PTP, "rank-36", "rank-32", 37_33_2_960
Link, 0, MPI_LINK, 0.000792, 0.000816, 0.000024, PTP, "rank-38", "rank-34", 39_35_2_962
Link, 0, MPI_LINK, 0.000792, 0.000816, 0.000024, PTP, "rank-21", "rank-17", 22_18_2_964
Link, 0, MPI_LINK, 0.000792, 0.000816, 0.000024, PTP, "rank-20", "rank-16", 21_17_2_966
Link, 0, MPI_LINK, 0.000792, 0.000816, 0.000024, PTP, "rank-22", "rank-18", 23_19_2_968
Link, 0, MPI_LINK, 0.000792, 0.000816, 0.000024, PTP, "rank-13", "rank-9", 14_10_2_978
Link, 0, MPI_LINK, 0.000792, 0.000816, 0.000024, PTP, "rank-37", "rank-33", 38_34_2_980
Link, 0, MPI_LINK, 0.000792, 0.000816, 0.000024, PTP, "rank-39", "rank-35", 40_36_2_982
Link, 0, MPI_LINK, 0.000792, 0.000816, 0.000024, PTP, "rank-12", "rank-8", 13_9_2_988
Link, 0, MPI_LINK, 0.000755, 0.000817, 0.000062, PTP, "rank-10", "rank-14", 11_15_2_693
Link, 0, MPI_LINK, 0.000793, 0.000817, 0.000024, PTP, "rank-14", "rank-10", 15_11_2_1019
Link, 0, MPI_LINK, 0.000755, 0.000818, 0.000063, PTP, "rank-65", "rank-69", 66_70_2_697
Link, 0, MPI_LINK, 0.000756, 0.000818, 0.000062, PTP, "rank-67", "rank-71", 68_72_2_719
Link, 0, MPI_LINK, 0.000756, 0.000818, 0.000062, PTP, "rank-64", "rank-68", 65_69_2_721
Link, 0, MPI_LINK, 0.000755, 0.000818, 0.000063, PTP, "rank-66", "rank-70", 67_71_2_699
Link, 0, MPI_LINK, 0.000794, 0.000818, 0.000024, PTP, "rank-69", "rank-65", 70_66_2_1035
Link, 0, MPI_LINK, 0.000794, 0.000818, 0.000024, PTP, "rank-71", "rank-67", 72_68_2_1037
Link, 0, MPI_LINK, 0.000794, 0.000818, 0.000024, PTP, "rank-68", "rank-64", 69_65_2_1039
Link, 0, MPI_LINK, 0.000794, 0.000818, 0.000024, PTP, "rank-70", "rank-66", 71_67_2_1041
Link, 0, MPI_LINK, 0.000795, 0.000819, 0.000024, PTP, "rank-93", "rank-95", 94_96_1_1100
Link, 0, MPI_LINK, 0.000796, 0.000819, 0.000023, PTP, "rank-92", "rank-94", 93_95_1_1121
Link, 0, MPI_LINK, 0.000806, 0.000819, 0.000013, PTP, "rank-95", "rank-93", 96_94_1_1159
Link, 0, MPI_LINK, 0.000806, 0.000819, 0.000013, PTP, "rank-94", "rank-92", 95_93_1_1161
Link, 0, MPI_LINK, 0.000794, 0.000820, 0.000026, PTP, "rank-61", "rank-63", 62_64_1_1061
Link, 0, MPI_LINK, 0.000795, 0.000820, 0.000025, PTP, "rank-60", "rank-62", 61_63_1_1092
Link, 0, MPI_LINK, 0.000795, 0.000820, 0.000025, PTP, "rank-117", "rank-119", 118_120_1_1096
Link, 0, MPI_LINK, 0.000807, 0.000820, 0.000013, PTP, "rank-63", "rank-61", 64_62_1_1174
Link, 0, MPI_LINK, 0.000807, 0.000820, 0.000013, PTP, "rank-62", "rank-60", 63_61_1_1176
Link, 0, MPI_LINK, 0.000807, 0.000820, 0.000013, PTP, "rank-119", "rank-117", 120_118_1_1178
Link, 0, MPI_LINK, 0.000795, 0.000821, 0.000026, PTP, "rank-109", "rank-111", 110_112_1_1082
Link, 0, MPI_LINK, 0.000793, 0.000821, 0.000028, PTP, "rank-108", "rank-110", 109_111_1_1023
Link, 0, MPI_LINK, 0.000796, 0.000821, 0.000025, PTP, "rank-116", "rank-118", 117_119_1_1117
Link, 0, MPI_LINK, 0.000808, 0.000821, 0.000013, PTP, "rank-111", "rank-109", 112_110_1_1202
Link, 0, MPI_LINK, 0.000808, 0.000821, 0.000013, PTP, "rank-110", "rank-108", 111_109_1_1204
Link, 0, MPI_LINK, 0.000808, 0.000821, 0.000013, PTP, "rank-118", "rank-116", 119_117_1_1206
Link, 0, MPI_LINK, 0.000804, 0.000829, 0.000025, PTP, "rank-125", "rank-127", 126_128_1_1144
Link, 0, MPI_LINK, 0.000805, 0.000829, 0.000024, PTP, "rank-124", "rank-126", 125_127_1_1147
Link, 0, MPI_LINK, 0.000816, 0.000829, 0.000013, PTP, "rank-127", "rank-125", 128_126_1_1307
Link, 0, MPI_LINK, 0.000816, 0.000829, 0.000013, PTP, "rank-126", "rank-124", 127_125_1_1309
Link, 0, MPI_LINK, 0.000794, 0.000833, 0.000039, PTP, "rank-83", "rank-87", 84_88_2_1029
Link, 0, MPI_LINK, 0.000794, 0.000833, 0.000039, PTP, "rank-82", "rank-86", 83_87_2_1033
Link, 0, MPI_LINK, 0.000794, 0.000833, 0.000039, PTP, "rank-50", "rank-54", 51_55_2_1043
Link, 0, MPI_LINK, 0.000808, 0.000833, 0.000025, PTP, "rank-87", "rank-83", 88_84_2_1180
Link, 0, MPI_LINK, 0.000808, 0.000833, 0.000025, PTP, "rank-86", "rank-82", 87_83_2_1182
Link, 0, MPI_LINK, 0.000808, 0.000833, 0.000025, PTP, "rank-54", "rank-50", 55_51_2_1184
Link, 0, MPI_LINK, 0.000793, 0.000834, 0.000041, PTP, "rank-75", "rank-79", 76_80_2_1017
Link, 0, MPI_LINK, 0.000795, 0.000834, 0.000039, PTP, "rank-81", "rank-85", 82_86_2_1080
Link, 0, MPI_LINK, 0.000794, 0.000834, 0.000040, PTP, "rank-80", "rank-84", 81_85_2_1031
Link, 0, MPI_LINK, 0.000792, 0.000834, 0.000042, PTP, "rank-49", "rank-53", 50_54_2_984
Link, 0, MPI_LINK, 0.000792, 0.000834, 0.000042, PTP, "rank-51", "rank-55", 52_56_2_986
Link, 0, MPI_LINK, 0.000793, 0.000834, 0.000041, PTP, "rank-48", "rank-52", 49_53_2_1021
Link, 0, MPI_LINK, 0.000792, 0.000834, 0.000042, PTP, "rank-99", "rank-103", 100_104_2_972
Link, 0, MPI_LINK, 0.000792, 0.000834, 0.000042, PTP, "rank-96", "rank-100", 97_101_2_974
Link, 0, MPI_LINK, 0.000794, 0.000834, 0.000040, PTP, "rank-27", "rank-31", 28_32_2_1055
Link, 0, MPI_LINK, 0.000793, 0.000834, 0.000041, PTP, "rank-24", "rank-28", 25_29_2_1011
Link, 0, MPI_LINK, 0.000809, 0.000834, 0.000025, PTP, "rank-79", "rank-75", 80_76_2_1208
Link, 0, MPI_LINK, 0.000809, 0.000834, 0.000025, PTP, "rank-85", "rank-81", 86_82_2_1210
Link, 0, MPI_LINK, 0.000809, 0.000834, 0.000025, PTP, "rank-84", "rank-80", 85_81_2_1212
Link, 0, MPI_LINK, 0.000809, 0.000834, 0.000025, PTP, "rank-53", "rank-49", 54_50_2_1214
Link, 0, MPI_LINK, 0.000809, 0.000834, 0.000025, PTP, "rank-55", "rank-51", 56_52_2_1216
Link, 0, MPI_LINK, 0.000809, 0.000834, 0.000025, PTP, "rank-52", "rank-48", 53_49_2_1218
Link, 0, MPI_LINK, 0.000809, 0.000834, 0.000025, PTP, "rank-103", "rank-99", 104_100_2_1222
Link, 0, MPI_LINK, 0.000809, 0.000834, 0.000025, PTP, "rank-100", "rank-96", 101_97_2_1224
Link, 0, MPI_LINK, 0.000809, 0.000834, 0.000025, PTP, "rank-31", "rank-27", 32_28_2_1230
Link, 0, MPI_LINK, 0.000809, 0.000834, 0.000025, PTP, "rank-28", "rank-24", 29_25_2_1232
Link, 0, MPI_LINK, 0.000793, 0.000835, 0.000042, PTP, "rank-73", "rank-77", 74_78_2_1015
Link, 0, MPI_LINK, 0.000794, 0.000835, 0.000041, PTP, "rank-43", "rank-47", 44_48_2_1047
Link, 0, MPI_LINK, 0.000794, 0.000835, 0.000041, PTP, "rank-42", "rank-46", 43_47_2_1051
Link, 0, MPI_LINK, 0.000792, 0.000835, 0.000043, PTP, "rank-97", "rank-101", 98_102_2_970
Link, 0, MPI_LINK, 0.000791, 0.000835, 0.000044, PTP, "rank-98", "rank-102", 99_103_2_943
Link, 0, MPI_LINK, 0.000792, 0.000835, 0.000043, PTP, "rank-72", "rank-76", 73_77_2_976
Link, 0, MPI_LINK, 0.000791, 0.000835, 0.000044, PTP, "rank-74", "rank-78", 75_79_2_945
Link, 0, MPI_LINK, 0.000794, 0.000835, 0.000041, PTP, "rank-25", "rank-29", 26_30_2_1053
Link, 0, MPI_LINK, 0.000793, 0.000835, 0.000042, PTP, "rank-26", "rank-30", 27_31_2_1013
Link, 0, MPI_LINK, 0.000810, 0.000835, 0.000025, PTP, "rank-77", "rank-73", 78_74_2_1246
Link, 0, MPI_LINK, 0.000810, 0.000835, 0.000025, PTP, "rank-47", "rank-43", 48_44_2_1256
Link, 0, MPI_LINK, 0.000810, 0.000835, 0.000025, PTP, "rank-46", "rank-42", 47_43_2_1258
Link, 0, MPI_LINK, 0.000810, 0.000835, 0.000025, PTP, "rank-101", "rank-97", 102_98_2_1262
Link, 0, MPI_LINK, 0.000810, 0.000835, 0.000025, PTP, "rank-102", "rank-98", 103_99_2_1264
Link, 0, MPI_LINK, 0.000810, 0.000835, 0.000025, PTP, "rank-76", "rank-72", 77_73_2_1266
Link, 0, MPI_LINK, 0.000810, 0.000835, 0.000025, PTP, "rank-78", "rank-74", 79_75_2_1268
Link, 0, MPI_LINK, 0.000810, 0.000835, 0.000025, PTP, "rank-29", "rank-25", 30_26_2_1274
Link, 0, MPI_LINK, 0.000810, 0.000835, 0.000025, PTP, "rank-30", "rank-26", 31_27_2_1276
Link, 0, MPI_LINK, 0.000794, 0.000836, 0.000042, PTP, "rank-41", "rank-45", 42_46_2_1045
Link, 0, MPI_LINK, 0.000794, 0.000836, 0.000042, PTP, "rank-40", "rank-44", 41_45_2_1049
Link, 0, MPI_LINK, 0.000811, 0.000836, 0.000025, PTP, "rank-45", "rank-41", 46_42_2_1286
Link, 0, MPI_LINK, 0.000811, 0.000836, 0.000025, PTP, "rank-44", "rank-40", 45_41_2_1288
Link, 0, MPI_LINK, 0.000811, 0.000846, 0.000035, PTP, "rank-89", "rank-93", 90_94_2_1290
Link, 0, MPI_LINK, 0.000811, 0.000846, 0.000035, PTP, "rank-91", "rank-95", 92_96_2_1292
Link, 0, MPI_LINK, 0.000806, 0.000846, 0.000040, PTP, "rank-88", "rank-92", 89_93_2_1155
Link, 0, MPI_LINK, 0.000806, 0.000846, 0.000040, PTP, "rank-90", "rank-94", 91_95_2_1157
Link, 0, MPI_LINK, 0.000810, 0.000846, 0.000036, PTP, "rank-56", "rank-60", 57_61_2_1254
Link, 0, MPI_LINK, 0.000821, 0.000846, 0.000025, PTP, "rank-93", "rank-89", 94_90_2_1413
Link, 0, MPI_LINK, 0.000821, 0.000846, 0.000025, PTP, "rank-95", "rank-91", 96_92_2_1415
Link, 0, MPI_LINK, 0.000821, 0.000846, 0.000025, PTP, "rank-92", "rank-88", 93_89_2_1417
Link, 0, MPI_LINK, 0.000821, 0.000846, 0.000025, PTP, "rank-94", "rank-90", 95_91_2_1419
Link, 0, MPI_LINK, 0.000821, 0.000846, 0.000025, PTP, "rank-60", "rank-56", 61_57_2_1421
Link, 0, MPI_LINK, 0.000811, 0.000847, 0.000036, PTP, "rank-104", "rank-108", 105_109_2_1282
Link, 0, MPI_LINK, 0.000810, 0.000847, 0.000037, PTP, "rank-112", "rank-116", 113_117_2_1260
Link, 0, MPI_LINK, 0.000809, 0.000847, 0.000038, PTP, "rank-59", "rank-63", 60_64_2_1228
Link, 0, MPI_LINK, 0.000811, 0.000847, 0.000036, PTP, "rank-58", "rank-62", 59_63_2_1284
Link, 0, MPI_LINK, 0.000810, 0.000847, 0.000037, PTP, "rank-113", "rank-117", 114_118_2_1248
Link, 0, MPI_LINK, 0.000810, 0.000847, 0.000037, PTP, "rank-115", "rank-119", 116_120_2_1250
Link, 0, MPI_LINK, 0.000822, 0.000847, 0.000025, PTP, "rank-108", "rank-104", 109_105_2_1429
Link, 0, MPI_LINK, 0.000822, 0.000847, 0.000025, PTP, "rank-116", "rank-112", 117_113_2_1431
Link, 0, MPI_LINK, 0.000822, 0.000847, 0.000025, PTP, "rank-63", "rank-59", 64_60_2_1433
Link, 0, MPI_LINK, 0.000822, 0.000847, 0.000025, PTP, "rank-62", "rank-58", 63_59_2_1435
Link, 0, MPI_LINK, 0.000822, 0.000847, 0.000025, PTP, "rank-117", "rank-113", 118_114_2_1437
Link, 0, MPI_LINK, 0.000822, 0.000847, 0.000025, PTP, "rank-119", "rank-115", 120_116_2_1439
Link, 0, MPI_LINK, 0.000810, 0.000848, 0.000038, PTP, "rank-57", "rank-61", 58_62_2_1272
Link, 0, MPI_LINK, 0.000810, 0.000848, 0.000038, PTP, "rank-107", "rank-111", 108_112_2_1270
Link, 0, MPI_LINK, 0.000810, 0.000848, 0.000038, PTP, "rank-106", "rank-110", 107_111_2_1252
Link, 0, MPI_LINK, 0.000809, 0.000848, 0.000039, PTP, "rank-114", "rank-118", 115_119_2_1220
Link, 0, MPI_LINK, 0.000823, 0.000848, 0.000025, PTP, "rank-61", "rank-57", 62_58_2_1441
Link, 0, MPI_LINK, 0.000823, 0.000848, 0.000025, PTP, "rank-111", "rank-107", 112_108_2_1443
Link, 0, MPI_LINK, 0.000823, 0.000848, 0.000025, PTP, "rank-110", "rank-106", 111_107_2_1445
Link, 0, MPI_LINK, 0.000823, 0.000848, 0.000025, PTP, "rank-118", "rank-114", 119_115_2_1447
Link, 0, MPI_LINK, 0.000809, 0.000849, 0.000040, PTP, "rank-105", "rank-109", 106_110_2_1226
Link, 0, MPI_LINK, 0.000824, 0.000849, 0.000025, PTP, "rank-109", "rank-105", 110_106_2_1449
Link, 0, MPI_LINK, 0.000811, 0.000855, 0.000044, PTP, "rank-120", "rank-124", 121_125_2_1294
Link, 0, MPI_LINK, 0.000830, 0.000855, 0.000025, PTP, "rank-124", "rank-120", 125_121_2_1455
Link, 0, MPI_LINK, 0.000813, 0.000856, 0.000043, PTP, "rank-121", "rank-125", 122_126_2_1300
Link, 0, MPI_LINK, 0.000812, 0.000856, 0.000044, PTP, "rank-123", "rank-127", 124_128_2_1298
Link, 0, MPI_LINK, 0.000811, 0.000856, 0.000045, PTP, "rank-122", "rank-126", 123_127_2_1296
Link, 0, MPI_LINK, 0.000831, 0.000856, 0.000025, PTP, "rank-125", "rank-121", 126_122_2_1457
Link, 0, MPI_LINK, 0.000831, 0.000856, 0.000025, PTP, "rank-127", "rank-123", 128_124_2_1459
Link, 0, MPI_LINK, 0.000831, 0.000856, 0.000025, PTP, "rank-126", "rank-122", 127_123_2_1461
Link, 0, MPI_LINK, 0.000797, 0.000864, 0.000067, PTP, "rank-3", "rank-11", 4_12_3_1131
Link, 0, MPI_LINK, 0.000816, 0.000864, 0.000048, PTP, "rank-11", "rank-3", 12_4_3_1311
Link, 0, MPI_LINK, 0.000796, 0.000865, 0.000069, PTP, "rank-7", "rank-15", 8_16_3_1109
Link, 0, MPI_LINK, 0.000782, 0.000865, 0.000083, PTP, "rank-4", "rank-12", 5_13_3_885
Link, 0, MPI_LINK, 0.000817, 0.000865, 0.000048, PTP, "rank-15", "rank-7", 16_8_3_1335
Link, 0, MPI_LINK, 0.000817, 0.000865, 0.000048, PTP, "rank-12", "rank-4", 13_5_3_1349
Link, 0, MPI_LINK, 0.000788, 0.000866, 0.000078, PTP, "rank-1", "rank-9", 2_10_3_923
Link, 0, MPI_LINK, 0.000788, 0.000866, 0.000078, PTP, "rank-5", "rank-13", 6_14_3_925
Link, 0, MPI_LINK, 0.000783, 0.000866, 0.000083, PTP, "rank-0", "rank-8", 1_9_3_887
Link, 0, MPI_LINK, 0.000818, 0.000866, 0.000048, PTP, "rank-9", "rank-1", 10_2_3_1365
Link, 0, MPI_LINK, 0.000818, 0.000866, 0.000048, PTP, "rank-13", "rank-5", 14_6_3_1367
Link, 0, MPI_LINK, 0.000818, 0.000866, 0.000048, PTP, "rank-8", "rank-0", 9_1_3_1373
Link, 0, MPI_LINK, 0.000782, 0.000867, 0.000085, PTP, "rank-6", "rank-14", 7_15_3_883
Link, 0, MPI_LINK, 0.000819, 0.000867, 0.000048, PTP, "rank-14", "rank-6", 15_7_3_1383
Link, 0, MPI_LINK, 0.000782, 0.000868, 0.000086, PTP, "rank-2", "rank-10", 3_11_3_881
Link, 0, MPI_LINK, 0.000820, 0.000868, 0.000048, PTP, "rank-10", "rank-2", 11_3_3_1395
Link, 0, MPI_LINK, 0.000817, 0.000883, 0.000066, PTP, "rank-23", "rank-31", 24_32_3_1333
Link, 0, MPI_LINK, 0.000818, 0.000883, 0.000065, PTP, "rank-20", "rank-28", 21_29_3_1361
Link, 0, MPI_LINK, 0.000835, 0.000883, 0.000048, PTP, "rank-31", "rank-23", 32_24_3_1503
Link, 0, MPI_LINK, 0.000835, 0.000883, 0.000048, PTP, "rank-28", "rank-20", 29_21_3_1505
Link, 0, MPI_LINK, 0.000820, 0.000884, 0.000064, PTP, "rank-71", "rank-79", 72_80_3_1399
Link, 0, MPI_LINK, 0.000817, 0.000884, 0.000067, PTP, "rank-19", "rank-27", 20_28_3_1331
Link, 0, MPI_LINK, 0.000817, 0.000884, 0.000067, PTP, "rank-16", "rank-24", 17_25_3_1341
Link, 0, MPI_LINK, 0.000819, 0.000884, 0.000065, PTP, "rank-65", "rank-73", 66_74_3_1385
Link, 0, MPI_LINK, 0.000820, 0.000884, 0.000064, PTP, "rank-69", "rank-77", 70_78_3_1397
Link, 0, MPI_LINK, 0.000817, 0.000884, 0.000067, PTP, "rank-35", "rank-43", 36_44_3_1347
Link, 0, MPI_LINK, 0.000820, 0.000884, 0.000064, PTP, "rank-64", "rank-72", 65_73_3_1401
Link, 0, MPI_LINK, 0.000817, 0.000884, 0.000067, PTP, "rank-18", "rank-26", 19_27_3_1343
Link, 0, MPI_LINK, 0.000818, 0.000884, 0.000066, PTP, "rank-22", "rank-30", 23_31_3_1363
Link, 0, MPI_LINK, 0.000836, 0.000884, 0.000048, PTP, "rank-79", "rank-71", 80_72_3_1533
Link, 0, MPI_LINK, 0.000836, 0.000884, 0.000048, PTP, "rank-27", "rank-19", 28_20_3_1553
Link, 0, MPI_LINK, 0.000836, 0.000884, 0.000048, PTP, "rank-24", "rank-16", 25_17_3_1555
Link, 0, MPI_LINK, 0.000836, 0.000884, 0.000048, PTP, "rank-73", "rank-65", 74_66_3_1557
Link, 0, MPI_LINK, 0.000836, 0.000884, 0.000048, PTP, "rank-77", "rank-69", 78_70_3_1559
Link, 0, MPI_LINK, 0.000836, 0.000884, 0.000048, PTP, "rank-43", "rank-35", 44_36_3_1561
Link, 0, MPI_LINK, 0.000836, 0.000884, 0.000048, PTP, "rank-72", "rank-64", 73_65_3_1565
Link, 0, MPI_LINK, 0.000836, 0.000884, 0.000048, PTP, "rank-26", "rank-18", 27_19_3_1567
Link, 0, MPI_LINK, 0.000836, 0.000884, 0.000048, PTP, "rank-30", "rank-22", 31_23_3_1569
Link, 0, MPI_LINK, 0.000819, 0.000885, 0.000066, PTP, "rank-67", "rank-75", 68_76_3_1387
Link, 0, MPI_LINK, 0.000818, 0.000885, 0.000067, PTP, "rank-39", "rank-47", 40_48_3_1371
Link, 0, MPI_LINK, 0.000818, 0.000885, 0.000067, PTP, "rank-34", "rank-42", 35_43_3_1353
Link, 0, MPI_LINK, 0.000818, 0.000885, 0.000067, PTP, "rank-38", "rank-46", 39_47_3_1355
Link, 0, MPI_LINK, 0.000820, 0.000885, 0.000065, PTP, "rank-68", "rank-76", 69_77_3_1403
Link, 0, MPI_LINK, 0.000819, 0.000885, 0.000066, PTP, "rank-66", "rank-74", 67_75_3_1389
Link, 0, MPI_LINK, 0.000820, 0.000885, 0.000065, PTP, "rank-70", "rank-78", 71_79_3_1405
Link, 0, MPI_LINK, 0.000818, 0.000885, 0.000067, PTP, "rank-17", "rank-25", 18_26_3_1357
Link, 0, MPI_LINK, 0.000818, 0.000885, 0.000067, PTP, "rank-21", "rank-29", 22_30_3_1359
Link, 0, MPI_LINK, 0.000818, 0.000885, 0.000067, PTP, "rank-33", "rank-41", 34_42_3_1369
Link, 0, MPI_LINK, 0.000817, 0.000885, 0.000068, PTP, "rank-36", "rank-44", 37_45_3_1339
Link, 0, MPI_LINK, 0.000837, 0.000885, 0.000048, PTP, "rank-75", "rank-67", 76_68_3_1575
Link, 0, MPI_LINK, 0.000837, 0.000885, 0.000048, PTP, "rank-47", "rank-39", 48_40_3_1577
Link, 0, MPI_LINK, 0.000837, 0.000885, 0.000048, PTP, "rank-42", "rank-34", 43_35_3_1579
Link, 0, MPI_LINK, 0.000837, 0.000885, 0.000048, PTP, "rank-46", "rank-38", 47_39_3_1581
Link, 0, MPI_LINK, 0.000837, 0.000885, 0.000048, PTP, "rank-76", "rank-68", 77_69_3_1589
Link, 0, MPI_LINK, 0.000837, 0.000885, 0.000048, PTP, "rank-74", "rank-66", 75_67_3_1591
Link, 0, MPI_LINK, 0.000837, 0.000885, 0.000048, PTP, "rank-78", "rank-70", 79_71_3_1593
Link, 0, MPI_LINK, 0.000837, 0.000885, 0.000048, PTP, "rank-25", "rank-17", 26_18_3_1595
Link, 0, MPI_LINK, 0.000837, 0.000885, 0.000048, PTP, "rank-29", "rank-21", 30_22_3_1597
Link, 0, MPI_LINK, 0.000837, 0.000885, 0.000048, PTP, "rank-41", "rank-33", 42_34_3_1599
Link, 0, MPI_LINK, 0.000837, 0.000885, 0.000048, PTP, "rank-44", "rank-36", 45_37_3_1601
Link, 0, MPI_LINK, 0.000817, 0.000886, 0.000069, PTP, "rank-37", "rank-45", 38_46_3_1345
Link, 0, MPI_LINK, 0.000817, 0.000886, 0.000069, PTP, "rank-32", "rank-40", 33_41_3_1337
Link, 0, MPI_LINK, 0.000838, 0.000886, 0.000048, PTP, "rank-45", "rank-37", 46_38_3_1603
Link, 0, MPI_LINK, 0.000838, 0.000886, 0.000048, PTP, "rank-40", "rank-32", 41_33_3_1605
Link, 0, MPI_LINK, 0.000836, 0.000895, 0.000059, PTP, "rank-85", "rank-93", 86_94_3_1535
Link, 0, MPI_LINK, 0.000835, 0.000895, 0.000060, PTP, "rank-83", "rank-91", 84_92_3_1507
Link, 0, MPI_LINK, 0.000835, 0.000895, 0.000060, PTP, "rank-87", "rank-95", 88_96_3_1509
Link, 0, MPI_LINK, 0.000835, 0.000895, 0.000060, PTP, "rank-82", "rank-90", 83_91_3_1511
Link, 0, MPI_LINK, 0.000835, 0.000895, 0.000060, PTP, "rank-48", "rank-56", 49_57_3_1497
Link, 0, MPI_LINK, 0.000847, 0.000895, 0.000048, PTP, "rank-93", "rank-85", 94_86_3_1617
Link, 0, MPI_LINK, 0.000847, 0.000895, 0.000048, PTP, "rank-91", "rank-83", 92_84_3_1619
Link, 0, MPI_LINK, 0.000847, 0.000895, 0.000048, PTP, "rank-95", "rank-87", 96_88_3_1621
Link, 0, MPI_LINK, 0.000847, 0.000895, 0.000048, PTP, "rank-90", "rank-82", 91_83_3_1623
Link, 0, MPI_LINK, 0.000847, 0.000895, 0.000048, PTP, "rank-56", "rank-48", 57_49_3_1625
Link, 0, MPI_LINK, 0.000835, 0.000896, 0.000061, PTP, "rank-81", "rank-89", 82_90_3_1493
Link, 0, MPI_LINK, 0.000836, 0.000896, 0.000060, PTP, "rank-80", "rank-88", 81_89_3_1537
Link, 0, MPI_LINK, 0.000836, 0.000896, 0.000060, PTP, "rank-84", "rank-92", 85_93_3_1539
Link, 0, MPI_LINK, 0.000834, 0.000896, 0.000062, PTP, "rank-86", "rank-94", 87_95_3_1469
Link, 0, MPI_LINK, 0.000835, 0.000896, 0.000061, PTP, "rank-52", "rank-60", 53_61_3_1499
Link, 0, MPI_LINK, 0.000834, 0.000896, 0.000062, PTP, "rank-50", "rank-58", 51_59_3_1471
Link, 0, MPI_LINK, 0.000848, 0.000896, 0.000048, PTP, "rank-89", "rank-81", 90_82_3_1639
Link, 0, MPI_LINK, 0.000848, 0.000896, 0.000048, PTP, "rank-88", "rank-80", 89_81_3_1641
Link, 0, MPI_LINK, 0.000848, 0.000896, 0.000048, PTP, "rank-92", "rank-84", 93_85_3_1643
Link, 0, MPI_LINK, 0.000848, 0.000896, 0.000048, PTP, "rank-94", "rank-86", 95_87_3_1645
Link, 0, MPI_LINK, 0.000848, 0.000896, 0.000048, PTP, "rank-60", "rank-52", 61_53_3_1647
Link, 0, MPI_LINK, 0.000848, 0.000896, 0.000048, PTP, "rank-58", "rank-50", 59_51_3_1651
Link, 0, MPI_LINK, 0.000836, 0.000897, 0.000061, PTP, "rank-96", "rank-104", 97_105_3_1549
Link, 0, MPI_LINK, 0.000836, 0.000897, 0.000061, PTP, "rank-100", "rank-108", 101_109_3_1551
Link, 0, MPI_LINK, 0.000836, 0.000897, 0.000061, PTP, "rank-51", "rank-59", 52_60_3_1545
Link, 0, MPI_LINK, 0.000835, 0.000897, 0.000062, PTP, "rank-55", "rank-63", 56_64_3_1495
Link, 0, MPI_LINK, 0.000835, 0.000897, 0.000062, PTP, "rank-54", "rank-62", 55_63_3_1513
Link, 0, MPI_LINK, 0.000836, 0.000897, 0.000061, PTP, "rank-53", "rank-61", 54_62_3_1543
Link, 0, MPI_LINK, 0.000836, 0.000897, 0.000061, PTP, "rank-99", "rank-107", 100_108_3_1547
Link, 0, MPI_LINK, 0.000837, 0.000897, 0.000060, PTP, "rank-98", "rank-106", 99_107_3_1587
Link, 0, MPI_LINK, 0.000849, 0.000897, 0.000048, PTP, "rank-104", "rank-96", 105_97_3_1665
Link, 0, MPI_LINK, 0.000849, 0.000897, 0.000048, PTP, "rank-108", "rank-100", 109_101_3_1667
Link, 0, MPI_LINK, 0.000849, 0.000897, 0.000048, PTP, "rank-59", "rank-51", 60_52_3_1671
Link, 0, MPI_LINK, 0.000849, 0.000897, 0.000048, PTP, "rank-63", "rank-55", 64_56_3_1673
Link, 0, MPI_LINK, 0.000849, 0.000897, 0.000048, PTP, "rank-62", "rank-54", 63_55_3_1675
Link, 0, MPI_LINK, 0.000849, 0.000897, 0.000048, PTP, "rank-61", "rank-53", 62_54_3_1681
Link, 0, MPI_LINK, 0.000849, 0.000897, 0.000048, PTP, "rank-107", "rank-99", 108_100_3_1683
Link, 0, MPI_LINK, 0.000849, 0.000897, 0.000048, PTP, "rank-106", "rank-98", 107_99_3_1685
Link, 0, MPI_LINK, 0.000837, 0.000898, 0.000061, PTP, "rank-101", "rank-109", 102_110_3_1585
Link, 0, MPI_LINK, 0.000835, 0.000898, 0.000063, PTP, "rank-103", "rank-111", 104_112_3_1501
Link, 0, MPI_LINK, 0.000836, 0.000898, 0.000062, PTP, "rank-102", "rank-110", 103_111_3_1563
Link, 0, MPI_LINK, 0.000850, 0.000898, 0.000048, PTP, "rank-109", "rank-101", 110_102_3_1691
Link, 0, MPI_LINK, 0.000850, 0.000898, 0.000048, PTP, "rank-111", "rank-103", 112_104_3_1693
Link, 0, MPI_LINK, 0.000850, 0.000898, 0.000048, PTP, "rank-110", "rank-102", 111_103_3_1695
Link, 0, MPI_LINK, 0.000836, 0.000899, 0.000063, PTP, "rank-49", "rank-57", 50_58_3_1541
Link, 0, MPI_LINK, 0.000837, 0.000899, 0.000062, PTP, "rank-97", "rank-105", 98_106_3_1583
Link, 0, MPI_LINK, 0.000851, 0.000899, 0.000048, PTP, "rank-57", "rank-49", 58_50_3_1699
Link, 0, MPI_LINK, 0.000851, 0.000899, 0.000048, PTP, "rank-105", "rank-97", 106_98_3_1701
Link, 0, MPI_LINK, 0.000849, 0.000905, 0.000056, PTP, "rank-116", "rank-124", 117_125_3_1669
Link, 0, MPI_LINK, 0.000849, 0.000905, 0.000056, PTP, "rank-113", "rank-121", 114_122_3_1677
Link, 0, MPI_LINK, 0.000848, 0.000905, 0.000057, PTP, "rank-117", "rank-125", 118_126_3_1653
Link, 0, MPI_LINK, 0.000849, 0.000905, 0.000056, PTP, "rank-115", "rank-123", 116_124_3_1679
Link, 0, MPI_LINK, 0.000850, 0.000905, 0.000055, PTP, "rank-118", "rank-126", 119_127_3_1697
Link, 0, MPI_LINK, 0.000857, 0.000905, 0.000048, PTP, "rank-124", "rank-116", 125_117_3_1711
Link, 0, MPI_LINK, 0.000857, 0.000905, 0.000048, PTP, "rank-121", "rank-113", 122_114_3_1713
Link, 0, MPI_LINK, 0.000857, 0.000905, 0.000048, PTP, "rank-125", "rank-117", 126_118_3_1715
Link, 0, MPI_LINK, 0.000857, 0.000905, 0.000048, PTP, "rank-123", "rank-115", 124_116_3_1717
Link, 0, MPI_LINK, 0.000857, 0.000905, 0.000048, PTP, "rank-126", "rank-118", 127_119_3_1719
Link, 0, MPI_LINK, 0.000848, 0.000906, 0.000058, PTP, "rank-112", "rank-120", 113_121_3_1649
Link, 0, MPI_LINK, 0.000848, 0.000906, 0.000058, PTP, "rank-119", "rank-127", 120_128_3_1655
Link, 0, MPI_LINK, 0.000849, 0.000906, 0.000057, PTP, "rank-114", "rank-122", 115_123_3_1687
Link, 0, MPI_LINK, 0.000858, 0.000906, 0.000048, PTP, "rank-120", "rank-112", 121_113_3_1721
Link, 0, MPI_LINK, 0.000858, 0.000906, 0.000048, PTP, "rank-127", "rank-119", 128_120_3_1723
Link, 0, MPI_LINK, 0.000858, 0.000906, 0.000048, PTP, "rank-122", "rank-114", 123_115_3_1725
Link, 0, MPI_LINK, 0.000867, 0.000979, 0.000112, PTP, "rank-15", "rank-31", 16_32_4_1749
Link, 0, MPI_LINK, 0.000884, 0.000979, 0.000095, PTP, "rank-31", "rank-15", 32_16_4_1779
Link, 0, MPI_LINK, 0.000867, 0.000980, 0.000113, PTP, "rank-7", "rank-23", 8_24_4_1747
Link, 0, MPI_LINK, 0.000866, 0.000980, 0.000114, PTP, "rank-4", "rank-20", 5_21_4_1735
Link, 0, MPI_LINK, 0.000866, 0.000980, 0.000114, PTP, "rank-12", "rank-28", 13_29_4_1737
Link, 0, MPI_LINK, 0.000867, 0.000980, 0.000113, PTP, "rank-3", "rank-19", 4_20_4_1745
Link, 0, MPI_LINK, 0.000868, 0.000980, 0.000112, PTP, "rank-8", "rank-24", 9_25_4_1765
Link, 0, MPI_LINK, 0.000870, 0.000980, 0.000110, PTP, "rank-2", "rank-18", 3_19_4_1773
Link, 0, MPI_LINK, 0.000869, 0.000980, 0.000111, PTP, "rank-14", "rank-30", 15_31_4_1769
Link, 0, MPI_LINK, 0.000885, 0.000980, 0.000095, PTP, "rank-23", "rank-7", 24_8_4_1799
Link, 0, MPI_LINK, 0.000885, 0.000980, 0.000095, PTP, "rank-20", "rank-4", 21_5_4_1801
Link, 0, MPI_LINK, 0.000885, 0.000980, 0.000095, PTP, "rank-28", "rank-12", 29_13_4_1803
Link, 0, MPI_LINK, 0.000885, 0.000980, 0.000095, PTP, "rank-19", "rank-3", 20_4_4_1805
Link, 0, MPI_LINK, 0.000885, 0.000980, 0.000095, PTP, "rank-24", "rank-8", 25_9_4_1807
Link, 0, MPI_LINK, 0.000885, 0.000980, 0.000095, PTP, "rank-18", "rank-2", 19_3_4_1817
Link, 0, MPI_LINK, 0.000885, 0.000980, 0.000095, PTP, "rank-30", "rank-14", 31_15_4_1819
Link, 0, MPI_LINK, 0.000866, 0.000981, 0.000115, PTP, "rank-11", "rank-27", 12_28_4_1733
Link, 0, MPI_LINK, 0.000868, 0.000981, 0.000113, PTP, "rank-0", "rank-16", 1_17_4_1763
Link, 0, MPI_LINK, 0.000869, 0.000981, 0.000112, PTP, "rank-10", "rank-26", 11_27_4_1771
Link, 0, MPI_LINK, 0.000868, 0.000981, 0.000113, PTP, "rank-6", "rank-22", 7_23_4_1757
Link, 0, MPI_LINK, 0.000886, 0.000981, 0.000095, PTP, "rank-27", "rank-11", 28_12_4_1857
Link, 0, MPI_LINK, 0.000886, 0.000981, 0.000095, PTP, "rank-16", "rank-0", 17_1_4_1859
Link, 0, MPI_LINK, 0.000886, 0.000981, 0.000095, PTP, "rank-26", "rank-10", 27_11_4_1869
Link, 0, MPI_LINK, 0.000886, 0.000981, 0.000095, PTP, "rank-22", "rank-6", 23_7_4_1871
Link, 0, MPI_LINK, 0.000868, 0.000982, 0.000114, PTP, "rank-1", "rank-17", 2_18_4_1759
Link, 0, MPI_LINK, 0.000867, 0.000982, 0.000115, PTP, "rank-9", "rank-25", 10_26_4_1751
Link, 0, MPI_LINK, 0.000867, 0.000982, 0.000115, PTP, "rank-5", "rank-21", 6_22_4_1753
Link, 0, MPI_LINK, 0.000868, 0.000982, 0.000114, PTP, "rank-13", "rank-29", 14_30_4_1761
Link, 0, MPI_LINK, 0.000887, 0.000982, 0.000095, PTP, "rank-17", "rank-1", 18_2_4_1895
Link, 0, MPI_LINK, 0.000887, 0.000982, 0.000095, PTP, "rank-25", "rank-9", 26_10_4_1897
Link, 0, MPI_LINK, 0.000887, 0.000982, 0.000095, PTP, "rank-21", "rank-5", 22_6_4_1899
Link, 0, MPI_LINK, 0.000887, 0.000982, 0.000095, PTP, "rank-29", "rank-13", 30_14_4_1901
Link, 0, MPI_LINK, 0.000886, 0.000991, 0.000105, PTP, "rank-77", "rank-93", 78_94_4_1863
Link, 0, MPI_LINK, 0.000888, 0.000991, 0.000103, PTP, "rank-67", "rank-83", 68_84_4_1913
Link, 0, MPI_LINK, 0.000886, 0.000991, 0.000105, PTP, "rank-66", "rank-82", 67_83_4_1849
Link, 0, MPI_LINK, 0.000887, 0.000991, 0.000104, PTP, "rank-32", "rank-48", 33_49_4_1909
Link, 0, MPI_LINK, 0.000896, 0.000991, 0.000095, PTP, "rank-93", "rank-77", 94_78_4_1929
Link, 0, MPI_LINK, 0.000896, 0.000991, 0.000095, PTP, "rank-83", "rank-67", 84_68_4_1931
Link, 0, MPI_LINK, 0.000896, 0.000991, 0.000095, PTP, "rank-82", "rank-66", 83_67_4_1933
Link, 0, MPI_LINK, 0.000896, 0.000991, 0.000095, PTP, "rank-48", "rank-32", 49_33_4_1935
Link, 0, MPI_LINK, 0.000885, 0.000992, 0.000107, PTP, "rank-69", "rank-85", 70_86_4_1811
Link, 0, MPI_LINK, 0.000886, 0.000992, 0.000106, PTP, "rank-71", "rank-87", 72_88_4_1853
Link, 0, MPI_LINK, 0.000886, 0.000992, 0.000106, PTP, "rank-79", "rank-95", 80_96_4_1855
Link, 0, MPI_LINK, 0.000887, 0.000992, 0.000105, PTP, "rank-74", "rank-90", 75_91_4_1889
Link, 0, MPI_LINK, 0.000887, 0.000992, 0.000105, PTP, "rank-40", "rank-56", 41_57_4_1911
Link, 0, MPI_LINK, 0.000885, 0.000992, 0.000107, PTP, "rank-72", "rank-88", 73_89_4_1815
Link, 0, MPI_LINK, 0.000886, 0.000992, 0.000106, PTP, "rank-76", "rank-92", 77_93_4_1847
Link, 0, MPI_LINK, 0.000887, 0.000992, 0.000105, PTP, "rank-70", "rank-86", 71_87_4_1891
Link, 0, MPI_LINK, 0.000887, 0.000992, 0.000105, PTP, "rank-78", "rank-94", 79_95_4_1893
Link, 0, MPI_LINK, 0.000886, 0.000992, 0.000106, PTP, "rank-44", "rank-60", 45_61_4_1851
Link, 0, MPI_LINK, 0.000887, 0.000992, 0.000105, PTP, "rank-42", "rank-58", 43_59_4_1883
Link, 0, MPI_LINK, 0.000897, 0.000992, 0.000095, PTP, "rank-85", "rank-69", 86_70_4_1949
Link, 0, MPI_LINK, 0.000897, 0.000992, 0.000095, PTP, "rank-87", "rank-71", 88_72_4_1951
Link, 0, MPI_LINK, 0.000897, 0.000992, 0.000095, PTP, "rank-95", "rank-79", 96_80_4_1953
Link, 0, MPI_LINK, 0.000897, 0.000992, 0.000095, PTP, "rank-90", "rank-74", 91_75_4_1955
Link, 0, MPI_LINK, 0.000897, 0.000992, 0.000095, PTP, "rank-56", "rank-40", 57_41_4_1957
Link, 0, MPI_LINK, 0.000897, 0.000992, 0.000095, PTP, "rank-88", "rank-72", 89_73_4_1959
Link, 0, MPI_LINK, 0.000897, 0.000992, 0.000095, PTP, "rank-92", "rank-76", 93_77_4_1961
Link, 0, MPI_LINK, 0.000897, 0.000992, 0.000095, PTP, "rank-86", "rank-70", 87_71_4_1963
Link, 0, MPI_LINK, 0.000897, 0.000992, 0.000095, PTP, "rank-94", "rank-78", 95_79_4_1965
Link, 0, MPI_LINK, 0.000897, 0.000992, 0.000095, PTP, "rank-60", "rank-44", 61_45_4_1967
Link, 0, MPI_LINK, 0.000897, 0.000992, 0.000095, PTP, "rank-58", "rank-42", 59_43_4_1969
Link, 0, MPI_LINK, 0.000887, 0.000993, 0.000106, PTP, "rank-75", "rank-91", 76_92_4_1877
Link, 0, MPI_LINK, 0.000887, 0.000993, 0.000106, PTP, "rank-39", "rank-55", 40_56_4_1879
Link, 0, MPI_LINK, 0.000885, 0.000993, 0.000108, PTP, "rank-73", "rank-89", 74_90_4_1809
Link, 0, MPI_LINK, 0.000886, 0.000993, 0.000107, PTP, "rank-64", "rank-80", 65_81_4_1867
Link, 0, MPI_LINK, 0.000887, 0.000993, 0.000106, PTP, "rank-68", "rank-84", 69_85_4_1887
Link, 0, MPI_LINK, 0.000887, 0.000993, 0.000106, PTP, "rank-36", "rank-52", 37_53_4_1907
Link, 0, MPI_LINK, 0.000886, 0.000993, 0.000107, PTP, "rank-34", "rank-50", 35_51_4_1843
Link, 0, MPI_LINK, 0.000898, 0.000993, 0.000095, PTP, "rank-91", "rank-75", 92_76_4_1989
Link, 0, MPI_LINK, 0.000898, 0.000993, 0.000095, PTP, "rank-55", "rank-39", 56_40_4_1993
Link, 0, MPI_LINK, 0.000898, 0.000993, 0.000095, PTP, "rank-89", "rank-73", 90_74_4_1995
Link, 0, MPI_LINK, 0.000898, 0.000993, 0.000095, PTP, "rank-80", "rank-64", 81_65_4_1997
Link, 0, MPI_LINK, 0.000898, 0.000993, 0.000095, PTP, "rank-84", "rank-68", 85_69_4_1999
Link, 0, MPI_LINK, 0.000898, 0.000993, 0.000095, PTP, "rank-52", "rank-36", 53_37_4_2001
Link, 0, MPI_LINK, 0.000898, 0.000993, 0.000095, PTP, "rank-50", "rank-34", 51_35_4_2003
Link, 0, MPI_LINK, 0.000886, 0.000994, 0.000108, PTP, "rank-65", "rank-81", 66_82_4_1861
Link, 0, MPI_LINK, 0.000886, 0.000994, 0.000108, PTP, "rank-35", "rank-51", 36_52_4_1865
Link, 0, MPI_LINK, 0.000885, 0.000994, 0.000109, PTP, "rank-43", "rank-59", 44_60_4_1813
Link, 0, MPI_LINK, 0.000887, 0.000994, 0.000107, PTP, "rank-47", "rank-63", 48_64_4_1881
Link, 0, MPI_LINK, 0.000886, 0.000994, 0.000108, PTP, "rank-38", "rank-54", 39_55_4_1845
Link, 0, MPI_LINK, 0.000887, 0.000994, 0.000107, PTP, "rank-46", "rank-62", 47_63_4_1885
Link, 0, MPI_LINK, 0.000889, 0.000994, 0.000105, PTP, "rank-37", "rank-53", 38_54_4_1917
Link, 0, MPI_LINK, 0.000888, 0.000994, 0.000106, PTP, "rank-45", "rank-61", 46_62_4_1915
Link, 0, MPI_LINK, 0.000899, 0.000994, 0.000095, PTP, "rank-81", "rank-65", 82_66_4_2011
Link, 0, MPI_LINK, 0.000899, 0.000994, 0.000095, PTP, "rank-51", "rank-35", 52_36_4_2019
Link, 0, MPI_LINK, 0.000899, 0.000994, 0.000095, PTP, "rank-59", "rank-43", 60_44_4_2021
Link, 0, MPI_LINK, 0.000899, 0.000994, 0.000095, PTP, "rank-63", "rank-47", 64_48_4_2023
Link, 0, MPI_LINK, 0.000899, 0.000994, 0.000095, PTP, "rank-54", "rank-38", 55_39_4_2025
Link, 0, MPI_LINK, 0.000899, 0.000994, 0.000095, PTP, "rank-62", "rank-46", 63_47_4_2027
Link, 0, MPI_LINK, 0.000899, 0.000994, 0.000095, PTP, "rank-53", "rank-37", 54_38_4_2029
Link, 0, MPI_LINK, 0.000899, 0.000994, 0.000095, PTP, "rank-61", "rank-45", 62_46_4_2031
Link, 0, MPI_LINK, 0.000887, 0.000995, 0.000108, PTP, "rank-41", "rank-57", 42_58_4_1905
Link, 0, MPI_LINK, 0.000900, 0.000995, 0.000095, PTP, "rank-57", "rank-41", 58_42_4_2053
Link, 0, MPI_LINK, 0.000887, 0.000997, 0.000110, PTP, "rank-33", "rank-49", 34_50_4_1903
Link, 0, MPI_LINK, 0.000902, 0.000997, 0.000095, PTP, "rank-49", "rank-33", 50_34_4_2061
Link, 0, MPI_LINK, 0.000899, 0.001001, 0.000102, PTP, "rank-100", "rank-116", 101_117_4_2015
Link, 0, MPI_LINK, 0.000899, 0.001001, 0.000102, PTP, "rank-108", "rank-124", 109_125_4_2017
Link, 0, MPI_LINK, 0.000901, 0.001001, 0.000100, PTP, "rank-97", "rank-113", 98_114_4_2057
Link, 0, MPI_LINK, 0.000901, 0.001001, 0.000100, PTP, "rank-105", "rank-121", 106_122_4_2059
Link, 0, MPI_LINK, 0.000900, 0.001001, 0.000101, PTP, "rank-109", "rank-125", 110_126_4_2045
Link, 0, MPI_LINK, 0.000900, 0.001001, 0.000101, PTP, "rank-110", "rank-126", 111_127_4_2051
Link, 0, MPI_LINK, 0.000906, 0.001001, 0.000095, PTP, "rank-116", "rank-100", 117_101_4_2073
Link, 0, MPI_LINK, 0.000906, 0.001001, 0.000095, PTP, "rank-124", "rank-108", 125_109_4_2075
Link, 0, MPI_LINK, 0.000906, 0.001001, 0.000095, PTP, "rank-113", "rank-97", 114_98_4_2077
Link, 0, MPI_LINK, 0.000906, 0.001001, 0.000095, PTP, "rank-121", "rank-105", 122_106_4_2079
Link, 0, MPI_LINK, 0.000906, 0.001001, 0.000095, PTP, "rank-125", "rank-109", 126_110_4_2081
Link, 0, MPI_LINK, 0.000906, 0.001001, 0.000095, PTP, "rank-126", "rank-110", 127_111_4_2083
Link, 0, MPI_LINK, 0.000899, 0.001002, 0.000103, PTP, "rank-96", "rank-112", 97_113_4_2013
Link, 0, MPI_LINK, 0.000901, 0.001002, 0.000101, PTP, "rank-101", "rank-117", 102_118_4_2055
Link, 0, MPI_LINK, 0.000897, 0.001002, 0.000105, PTP, "rank-99", "rank-115", 100_116_4_1984
Link, 0, MPI_LINK, 0.000899, 0.001002, 0.000103, PTP, "rank-107", "rank-123", 108_124_4_2033
Link, 0, MPI_LINK, 0.000899, 0.001002, 0.000103, PTP, "rank-102", "rank-118", 103_119_4_2039
Link, 0, MPI_LINK, 0.000907, 0.001002, 0.000095, PTP, "rank-112", "rank-96", 113_97_4_2091
Link, 0, MPI_LINK, 0.000907, 0.001002, 0.000095, PTP, "rank-117", "rank-101", 118_102_4_2093
Link, 0, MPI_LINK, 0.000907, 0.001002, 0.000095, PTP, "rank-115", "rank-99", 116_100_4_2095
Link, 0, MPI_LINK, 0.000907, 0.001002, 0.000095, PTP, "rank-123", "rank-107", 124_108_4_2097
Link, 0, MPI_LINK, 0.000907, 0.001002, 0.000095, PTP, "rank-118", "rank-102", 119_103_4_2099
Link, 0, MPI_LINK, 0.000900, 0.001003, 0.000103, PTP, "rank-103", "rank-119", 104_120_4_2047
Link, 0, MPI_LINK, 0.000900, 0.001003, 0.000103, PTP, "rank-111", "rank-127", 112_128_4_2049
Link, 0, MPI_LINK, 0.000899, 0.001003, 0.000104, PTP, "rank-98", "rank-114", 99_115_4_2035
Link, 0, MPI_LINK, 0.000899, 0.001003, 0.000104, PTP, "rank-106", "rank-122", 107_123_4_2037
Link, 0, MPI_LINK, 0.000908, 0.001003, 0.000095, PTP, "rank-119", "rank-103", 120_104_4_2101
Link, 0, MPI_LINK, 0.000908, 0.001003, 0.000095, PTP, "rank-127", "rank-111", 128_112_4_2103
Link, 0, MPI_LINK, 0.000908, 0.001003, 0.000095, PTP, "rank-114", "rank-98", 115_99_4_2105
Link, 0, MPI_LINK, 0.000908, 0.001003, 0.000095, PTP, "rank-122", "rank-106", 123_107_4_2107
Link, 0, MPI_LINK, 0.000898, 0.001004, 0.000106, PTP, "rank-104", "rank-120", 105_121_4_1991
Link, 0, MPI_LINK, 0.000909, 0.001004, 0.000095, PTP, "rank-120", "rank-104", 121_105_4_2109
Link, 0, MPI_LINK, 0.000983, 0.001180, 0.000197, PTP, "rank-0", "rank-32", 1_33_5_2191
Link, 0, MPI_LINK, 0.000992, 0.001180, 0.000188, PTP, "rank-32", "rank-0", 33_1_5_2219
Link, 0, MPI_LINK, 0.000982, 0.001181, 0.000199, PTP, "rank-12", "rank-44", 13_45_5_2157
Link, 0, MPI_LINK, 0.000982, 0.001181, 0.000199, PTP, "rank-16", "rank-48", 17_49_5_2147
Link, 0, MPI_LINK, 0.000993, 0.001181, 0.000188, PTP, "rank-44", "rank-12", 45_13_5_2255
Link, 0, MPI_LINK, 0.000993, 0.001181, 0.000188, PTP, "rank-48", "rank-16", 49_17_5_2265
Link, 0, MPI_LINK, 0.000982, 0.001182, 0.000200, PTP, "rank-23", "rank-55", 24_56_5_2153
Link, 0, MPI_LINK, 0.000982, 0.001182, 0.000200, PTP, "rank-4", "rank-36", 5_37_5_2155
Link, 0, MPI_LINK, 0.000982, 0.001182, 0.000200, PTP, "rank-8", "rank-40", 9_41_5_2163
Link, 0, MPI_LINK, 0.000982, 0.001182, 0.000200, PTP, "rank-24", "rank-56", 25_57_5_2165
Link, 0, MPI_LINK, 0.000981, 0.001182, 0.000201, PTP, "rank-28", "rank-60", 29_61_5_2129
Link, 0, MPI_LINK, 0.000982, 0.001182, 0.000200, PTP, "rank-10", "rank-42", 11_43_5_2149
Link, 0, MPI_LINK, 0.000983, 0.001182, 0.000199, PTP, "rank-26", "rank-58", 27_59_5_2193
Link, 0, MPI_LINK, 0.000994, 0.001182, 0.000188, PTP, "rank-55", "rank-23", 56_24_5_2281
Link, 0, MPI_LINK, 0.000994, 0.001182, 0.000188, PTP, "rank-36", "rank-4", 37_5_5_2291
Link, 0, MPI_LINK, 0.000994, 0.001182, 0.000188, PTP, "rank-40", "rank-8", 41_9_5_2301
Link, 0, MPI_LINK, 0.000994, 0.001182, 0.000188, PTP, "rank-56", "rank-24", 57_25_5_2303
Link, 0, MPI_LINK, 0.000994, 0.001182, 0.000188, PTP, "rank-60", "rank-28", 61_29_5_2313
Link, 0, MPI_LINK, 0.000994, 0.001182, 0.000188, PTP, "rank-42", "rank-10", 43_11_5_2315
Link, 0, MPI_LINK, 0.000994, 0.001182, 0.000188, PTP, "rank-58", "rank-26", 59_27_5_2317
Link, 0, MPI_LINK, 0.000983, 0.001183, 0.000200, PTP, "rank-27", "rank-59", 28_60_5_2189
Link, 0, MPI_LINK, 0.000982, 0.001183, 0.000201, PTP, "rank-6", "rank-38", 7_39_5_2151
Link, 0, MPI_LINK, 0.000983, 0.001183, 0.000200, PTP, "rank-22", "rank-54", 23_55_5_2195
Link, 0, MPI_LINK, 0.000983, 0.001183, 0.000200, PTP, "rank-29", "rank-61", 30_62_5_2183
Link, 0, MPI_LINK, 0.000983, 0.001183, 0.000200, PTP, "rank-7", "rank-39", 8_40_5_2185
Link, 0, MPI_LINK, 0.000981, 0.001183, 0.000202, PTP, "rank-20", "rank-52", 21_53_5_2127
Link, 0, MPI_LINK, 0.000981, 0.001183, 0.000202, PTP, "rank-2", "rank-34", 3_35_5_2131
Link, 0, MPI_LINK, 0.000982, 0.001183, 0.000201, PTP, "rank-18", "rank-50", 19_51_5_2167
Link, 0, MPI_LINK, 0.000995, 0.001183, 0.000188, PTP, "rank-59", "rank-27", 60_28_5_2335
Link, 0, MPI_LINK, 0.000995, 0.001183, 0.000188, PTP, "rank-38", "rank-6", 39_7_5_2337
Link, 0, MPI_LINK, 0.000995, 0.001183, 0.000188, PTP, "rank-54", "rank-22", 55_23_5_2339
Link, 0, MPI_LINK, 0.000995, 0.001183, 0.000188, PTP, "rank-61", "rank-29", 62_30_5_2341
Link, 0, MPI_LINK, 0.000995, 0.001183, 0.000188, PTP, "rank-39", "rank-7", 40_8_5_2347
Link, 0, MPI_LINK, 0.000995, 0.001183, 0.000188, PTP, "rank-52", "rank-20", 53_21_5_2353
Link, 0, MPI_LINK, 0.000995, 0.001183, 0.000188, PTP, "rank-34", "rank-2", 35_3_5_2355
Link, 0, MPI_LINK, 0.000995, 0.001183, 0.000188, PTP, "rank-50", "rank-18", 51_19_5_2357
Link, 0, MPI_LINK, 0.000982, 0.001184, 0.000202, PTP, "rank-3", "rank-35", 4_36_5_2159
Link, 0, MPI_LINK, 0.000982, 0.001184, 0.000202, PTP, "rank-19", "rank-51", 20_52_5_2161
Link, 0, MPI_LINK, 0.000983, 0.001184, 0.000201, PTP, "rank-11", "rank-43", 12_44_5_2187
Link, 0, MPI_LINK, 0.000981, 0.001184, 0.000203, PTP, "rank-15", "rank-47", 16_48_5_2135
Link, 0, MPI_LINK, 0.000981, 0.001184, 0.000203, PTP, "rank-31", "rank-63", 32_64_5_2137
Link, 0, MPI_LINK, 0.000981, 0.001184, 0.000203, PTP, "rank-14", "rank-46", 15_47_5_2133
Link, 0, MPI_LINK, 0.000982, 0.001184, 0.000202, PTP, "rank-30", "rank-62", 31_63_5_2169
Link, 0, MPI_LINK, 0.000983, 0.001184, 0.000201, PTP, "rank-5", "rank-37", 6_38_5_2181
Link, 0, MPI_LINK, 0.000984, 0.001184, 0.000200, PTP, "rank-21", "rank-53", 22_54_5_2203
Link, 0, MPI_LINK, 0.000984, 0.001184, 0.000200, PTP, "rank-13", "rank-45", 14_46_5_2205
Link, 0, MPI_LINK, 0.000996, 0.001184, 0.000188, PTP, "rank-35", "rank-3", 36_4_5_2365
Link, 0, MPI_LINK, 0.000996, 0.001184, 0.000188, PTP, "rank-51", "rank-19", 52_20_5_2367
Link, 0, MPI_LINK, 0.000996, 0.001184, 0.000188, PTP, "rank-43", "rank-11", 44_12_5_2369
Link, 0, MPI_LINK, 0.000996, 0.001184, 0.000188, PTP, "rank-47", "rank-15", 48_16_5_2371
Link, 0, MPI_LINK, 0.000996, 0.001184, 0.000188, PTP, "rank-63", "rank-31", 64_32_5_2373
Link, 0, MPI_LINK, 0.000996, 0.001184, 0.000188, PTP, "rank-46", "rank-14", 47_15_5_2375
Link, 0, MPI_LINK, 0.000996, 0.001184, 0.000188, PTP, "rank-62", "rank-30", 63_31_5_2377
Link, 0, MPI_LINK, 0.000996, 0.001184, 0.000188, PTP, "rank-37", "rank-5", 38_6_5_2379
Link, 0, MPI_LINK, 0.000996, 0.001184, 0.000188, PTP, "rank-53", "rank-21", 54_22_5_2381
Link, 0, MPI_LINK, 0.000996, 0.001184, 0.000188, PTP, "rank-45", "rank-13", 46_14_5_2383
Link, 0, MPI_LINK, 0.000984, 0.001185, 0.000201, PTP, "rank-9", "rank-41", 10_42_5_2201
Link, 0, MPI_LINK, 0.000983, 0.001185, 0.000202, PTP, "rank-25", "rank-57", 26_58_5_2179
Link, 0, MPI_LINK, 0.000997, 0.001185, 0.000188, PTP, "rank-41", "rank-9", 42_10_5_2389
Link, 0, MPI_LINK, 0.000997, 0.001185, 0.000188, PTP, "rank-57", "rank-25", 58_26_5_2391
Link, 0, MPI_LINK, 0.000984, 0.001186, 0.000202, PTP, "rank-1", "rank-33", 2_34_5_2197
Link, 0, MPI_LINK, 0.000998, 0.001186, 0.000188, PTP, "rank-33", "rank-1", 34_2_5_2395
Link, 0, MPI_LINK, 0.000984, 0.001187, 0.000203, PTP, "rank-17", "rank-49", 18_50_5_2199
Link, 0, MPI_LINK, 0.000999, 0.001187, 0.000188, PTP, "rank-49", "rank-17", 50_18_5_2397
Link, 0, MPI_LINK, 0.000994, 0.001190, 0.000196, PTP, "rank-84", "rank-116", 85_117_5_2289
Link, 0, MPI_LINK, 0.000994, 0.001190, 0.000196, PTP, "rank-76", "rank-108", 77_109_5_2307
Link, 0, MPI_LINK, 0.000993, 0.001190, 0.000197, PTP, "rank-92", "rank-124", 93_125_5_2251
Link, 0, MPI_LINK, 0.000997, 0.001190, 0.000193, PTP, "rank-65", "rank-97", 66_98_5_2387
Link, 0, MPI_LINK, 0.000996, 0.001190, 0.000194, PTP, "rank-81", "rank-113", 82_114_5_2363
Link, 0, MPI_LINK, 0.000994, 0.001190, 0.000196, PTP, "rank-94", "rank-126", 95_127_5_2311
Link, 0, MPI_LINK, 0.001002, 0.001190, 0.000188, PTP, "rank-116", "rank-84", 117_85_5_2411
Link, 0, MPI_LINK, 0.001002, 0.001190, 0.000188, PTP, "rank-108", "rank-76", 109_77_5_2413
Link, 0, MPI_LINK, 0.001002, 0.001190, 0.000188, PTP, "rank-124", "rank-92", 125_93_5_2415
Link, 0, MPI_LINK, 0.001002, 0.001190, 0.000188, PTP, "rank-97", "rank-65", 98_66_5_2417
Link, 0, MPI_LINK, 0.001002, 0.001190, 0.000188, PTP, "rank-113", "rank-81", 114_82_5_2419
Link, 0, MPI_LINK, 0.001002, 0.001190, 0.000188, PTP, "rank-126", "rank-94", 127_95_5_2421
Link, 0, MPI_LINK, 0.000993, 0.001191, 0.000198, PTP, "rank-86", "rank-118", 87_119_5_2253
Link, 0, MPI_LINK, 0.000994, 0.001191, 0.000197, PTP, "rank-68", "rank-100", 69_101_5_2287
Link, 0, MPI_LINK, 0.000995, 0.001191, 0.000196, PTP, "rank-73", "rank-105", 74_106_5_2349
Link, 0, MPI_LINK, 0.000994, 0.001191, 0.000197, PTP, "rank-89", "rank-121", 90_122_5_2283
Link, 0, MPI_LINK, 0.000993, 0.001191, 0.000198, PTP, "rank-77", "rank-109", 78_110_5_2257
Link, 0, MPI_LINK, 0.000992, 0.001191, 0.000199, PTP, "rank-93", "rank-125", 94_126_5_2215
Link, 0, MPI_LINK, 0.000994, 0.001191, 0.000197, PTP, "rank-78", "rank-110", 79_111_5_2309
Link, 0, MPI_LINK, 0.001003, 0.001191, 0.000188, PTP, "rank-118", "rank-86", 119_87_5_2433
Link, 0, MPI_LINK, 0.001003, 0.001191, 0.000188, PTP, "rank-100", "rank-68", 101_69_5_2435
Link, 0, MPI_LINK, 0.001003, 0.001191, 0.000188, PTP, "rank-105", "rank-73", 106_74_5_2437
Link, 0, MPI_LINK, 0.001003, 0.001191, 0.000188, PTP, "rank-121", "rank-89", 122_90_5_2439
Link, 0, MPI_LINK, 0.001003, 0.001191, 0.000188, PTP, "rank-109", "rank-77", 110_78_5_2441
Link, 0, MPI_LINK, 0.001003, 0.001191, 0.000188, PTP, "rank-125", "rank-93", 126_94_5_2443
Link, 0, MPI_LINK, 0.001003, 0.001191, 0.000188, PTP, "rank-110", "rank-78", 111_79_5_2445
Link, 0, MPI_LINK, 0.000993, 0.001192, 0.000199, PTP, "rank-90", "rank-122", 91_123_5_2247
Link, 0, MPI_LINK, 0.000994, 0.001192, 0.000198, PTP, "rank-64", "rank-96", 65_97_5_2285
Link, 0, MPI_LINK, 0.000995, 0.001192, 0.000197, PTP, "rank-80", "rank-112", 81_113_5_2351
Link, 0, MPI_LINK, 0.000995, 0.001192, 0.000197, PTP, "rank-69", "rank-101", 70_102_5_2343
Link, 0, MPI_LINK, 0.000994, 0.001192, 0.000198, PTP, "rank-85", "rank-117", 86_118_5_2293
Link, 0, MPI_LINK, 0.000992, 0.001192, 0.000200, PTP, "rank-67", "rank-99", 68_100_5_2217
Link, 0, MPI_LINK, 0.000993, 0.001192, 0.000199, PTP, "rank-83", "rank-115", 84_116_5_2259
Link, 0, MPI_LINK, 0.000996, 0.001192, 0.000196, PTP, "rank-75", "rank-107", 76_108_5_2361
Link, 0, MPI_LINK, 0.000995, 0.001192, 0.000197, PTP, "rank-91", "rank-123", 92_124_5_2345
Link, 0, MPI_LINK, 0.000996, 0.001192, 0.000196, PTP, "rank-70", "rank-102", 71_103_5_2385
Link, 0, MPI_LINK, 0.001004, 0.001192, 0.000188, PTP, "rank-122", "rank-90", 123_91_5_2455
Link, 0, MPI_LINK, 0.001004, 0.001192, 0.000188, PTP, "rank-96", "rank-64", 97_65_5_2457
Link, 0, MPI_LINK, 0.001004, 0.001192, 0.000188, PTP, "rank-112", "rank-80", 113_81_5_2459
Link, 0, MPI_LINK, 0.001004, 0.001192, 0.000188, PTP, "rank-101", "rank-69", 102_70_5_2461
Link, 0, MPI_LINK, 0.001004, 0.001192, 0.000188, PTP, "rank-117", "rank-85", 118_86_5_2463
Link, 0, MPI_LINK, 0.001004, 0.001192, 0.000188, PTP, "rank-99", "rank-67", 100_68_5_2465
Link, 0, MPI_LINK, 0.001004, 0.001192, 0.000188, PTP, "rank-115", "rank-83", 116_84_5_2467
Link, 0, MPI_LINK, 0.001004, 0.001192, 0.000188, PTP, "rank-107", "rank-75", 108_76_5_2469
Link, 0, MPI_LINK, 0.001004, 0.001192, 0.000188, PTP, "rank-123", "rank-91", 124_92_5_2471
Link, 0, MPI_LINK, 0.001004, 0.001192, 0.000188, PTP, "rank-102", "rank-70", 103_71_5_2473
Link, 0, MPI_LINK, 0.000994, 0.001193, 0.000199, PTP, "rank-88", "rank-120", 89_121_5_2305
Link, 0, MPI_LINK, 0.000994, 0.001193, 0.000199, PTP, "rank-71", "rank-103", 72_104_5_2295
Link, 0, MPI_LINK, 0.000993, 0.001193, 0.000200, PTP, "rank-87", "rank-119", 88_120_5_2243
Link, 0, MPI_LINK, 0.000993, 0.001193, 0.000200, PTP, "rank-79", "rank-111", 80_112_5_2245
Link, 0, MPI_LINK, 0.000994, 0.001193, 0.000199, PTP, "rank-95", "rank-127", 96_128_5_2297
Link, 0, MPI_LINK, 0.000993, 0.001193, 0.000200, PTP, "rank-66", "rank-98", 67_99_5_2261
Link, 0, MPI_LINK, 0.000993, 0.001193, 0.000200, PTP, "rank-82", "rank-114", 83_115_5_2263
Link, 0, MPI_LINK, 0.000994, 0.001193, 0.000199, PTP, "rank-74", "rank-106", 75_107_5_2299
Link, 0, MPI_LINK, 0.001005, 0.001193, 0.000188, PTP, "rank-120", "rank-88", 121_89_5_2477
Link, 0, MPI_LINK, 0.001005, 0.001193, 0.000188, PTP, "rank-103", "rank-71", 104_72_5_2479
Link, 0, MPI_LINK, 0.001005, 0.001193, 0.000188, PTP, "rank-119", "rank-87", 120_88_5_2481
Link, 0, MPI_LINK, 0.001005, 0.001193, 0.000188, PTP, "rank-111", "rank-79", 112_80_5_2483
Link, 0, MPI_LINK, 0.001005, 0.001193, 0.000188, PTP, "rank-127", "rank-95", 128_96_5_2485
Link, 0, MPI_LINK, 0.001005, 0.001193, 0.000188, PTP, "rank-98", "rank-66", 99_67_5_2487
Link, 0, MPI_LINK, 0.001005, 0.001193, 0.000188, PTP, "rank-114", "rank-82", 115_83_5_2489
Link, 0, MPI_LINK, 0.001005, 0.001193, 0.000188, PTP, "rank-106", "rank-74", 107_75_5_2491
Link, 0, MPI_LINK, 0.000993, 0.001194, 0.000201, PTP, "rank-72", "rank-104", 73_105_5_2249
Link, 0, MPI_LINK, 0.001006, 0.001194, 0.000188, PTP, "rank-104", "rank-72", 105_73_5_2493
Link, 0, MPI_LINK, 0.001185, 0.001567, 0.000382, PTP, "rank-52", "rank-116", 53_117_6_2621
Link, 0, MPI_LINK, 0.001184, 0.001567, 0.000383, PTP, "rank-28", "rank-92", 29_93_6_2573
Link, 0, MPI_LINK, 0.001191, 0.001567, 0.000376, PTP, "rank-116", "rank-52", 117_53_6_2699
Link, 0, MPI_LINK, 0.001191, 0.001567, 0.000376, PTP, "rank-92", "rank-28", 93_29_6_2701
Link, 0, MPI_LINK, 0.001184, 0.001568, 0.000384, PTP, "rank-54", "rank-118", 55_119_6_2555
Link, 0, MPI_LINK, 0.001186, 0.001568, 0.000382, PTP, "rank-25", "rank-89", 26_90_6_2637
Link, 0, MPI_LINK, 0.001185, 0.001568, 0.000383, PTP, "rank-20", "rank-84", 21_85_6_2619
Link, 0, MPI_LINK, 0.001183, 0.001568, 0.000385, PTP, "rank-12", "rank-76", 13_77_6_2531
Link, 0, MPI_LINK, 0.001182, 0.001568, 0.000386, PTP, "rank-44", "rank-108", 45_109_6_2501
Link, 0, MPI_LINK, 0.001183, 0.001568, 0.000385, PTP, "rank-60", "rank-124", 61_125_6_2527
Link, 0, MPI_LINK, 0.001189, 0.001568, 0.000379, PTP, "rank-1", "rank-65", 2_66_6_2681
Link, 0, MPI_LINK, 0.001188, 0.001568, 0.000380, PTP, "rank-33", "rank-97", 34_98_6_2679
Link, 0, MPI_LINK, 0.001189, 0.001568, 0.000379, PTP, "rank-17", "rank-81", 18_82_6_2683
Link, 0, MPI_LINK, 0.001189, 0.001568, 0.000379, PTP, "rank-49", "rank-113", 50_114_6_2685
Link, 0, MPI_LINK, 0.001185, 0.001568, 0.000383, PTP, "rank-30", "rank-94", 31_95_6_2605
Link, 0, MPI_LINK, 0.001186, 0.001568, 0.000382, PTP, "rank-62", "rank-126", 63_127_6_2657
Link, 0, MPI_LINK, 0.001192, 0.001568, 0.000376, PTP, "rank-118", "rank-54", 119_55_6_2717
Link, 0, MPI_LINK, 0.001192, 0.001568, 0.000376, PTP, "rank-89", "rank-25", 90_26_6_2719
Link, 0, MPI_LINK, 0.001192, 0.001568, 0.000376, PTP, "rank-84", "rank-20", 85_21_6_2721
Link, 0, MPI_LINK, 0.001192, 0.001568, 0.000376, PTP, "rank-76", "rank-12", 77_13_6_2723
Link, 0, MPI_LINK, 0.001192, 0.001568, 0.000376, PTP, "rank-108", "rank-44", 109_45_6_2725
Link, 0, MPI_LINK, 0.001192, 0.001568, 0.000376, PTP, "rank-124", "rank-60", 125_61_6_2727
Link, 0, MPI_LINK, 0.001192, 0.001568, 0.000376, PTP, "rank-65", "rank-1", 66_2_6_2729
Link, 0, MPI_LINK, 0.001192, 0.001568, 0.000376, PTP, "rank-97", "rank-33", 98_34_6_2731
Link, 0, MPI_LINK, 0.001192, 0.001568, 0.000376, PTP, "rank-81", "rank-17", 82_18_6_2733
Link, 0, MPI_LINK, 0.001192, 0.001568, 0.000376, PTP, "rank-113", "rank-49", 114_50_6_2735
Link, 0, MPI_LINK, 0.001192, 0.001568, 0.000376, PTP, "rank-94", "rank-30", 95_31_6_2737
Link, 0, MPI_LINK, 0.001192, 0.001568, 0.000376, PTP, "rank-126", "rank-62", 127_63_6_2739
Link, 0, MPI_LINK, 0.001182, 0.001569, 0.000387, PTP, "rank-0", "rank-64", 1_65_6_2503
Link, 0, MPI_LINK, 0.001183, 0.001569, 0.000386, PTP, "rank-48", "rank-112", 49_113_6_2535
Link, 0, MPI_LINK, 0.001185, 0.001569, 0.000384, PTP, "rank-35", "rank-99", 36_100_6_2601
Link, 0, MPI_LINK, 0.001184, 0.001569, 0.000385, PTP, "rank-4", "rank-68", 5_69_6_2563
Link, 0, MPI_LINK, 0.001184, 0.001569, 0.000385, PTP, "rank-36", "rank-100", 37_101_6_2565
Link, 0, MPI_LINK, 0.001188, 0.001569, 0.000381, PTP, "rank-9", "rank-73", 10_74_6_2677
Link, 0, MPI_LINK, 0.001186, 0.001569, 0.000383, PTP, "rank-41", "rank-105", 42_106_6_2635
Link, 0, MPI_LINK, 0.001187, 0.001569, 0.000382, PTP, "rank-57", "rank-121", 58_122_6_2673
Link, 0, MPI_LINK, 0.001186, 0.001569, 0.000383, PTP, "rank-13", "rank-77", 14_78_6_2667
Link, 0, MPI_LINK, 0.001185, 0.001569, 0.000384, PTP, "rank-45", "rank-109", 46_110_6_2607
Link, 0, MPI_LINK, 0.001184, 0.001569, 0.000385, PTP, "rank-29", "rank-93", 30_94_6_2557
Link, 0, MPI_LINK, 0.001185, 0.001569, 0.000384, PTP, "rank-61", "rank-125", 62_126_6_2617
Link, 0, MPI_LINK, 0.001186, 0.001569, 0.000383, PTP, "rank-14", "rank-78", 15_79_6_2653
Link, 0, MPI_LINK, 0.001186, 0.001569, 0.000383, PTP, "rank-46", "rank-110", 47_111_6_2655
Link, 0, MPI_LINK, 0.001193, 0.001569, 0.000376, PTP, "rank-64", "rank-0", 65_1_6_2761
Link, 0, MPI_LINK, 0.001193, 0.001569, 0.000376, PTP, "rank-112", "rank-48", 113_49_6_2763
Link, 0, MPI_LINK, 0.001193, 0.001569, 0.000376, PTP, "rank-99", "rank-35", 100_36_6_2765
Link, 0, MPI_LINK, 0.001193, 0.001569, 0.000376, PTP, "rank-68", "rank-4", 69_5_6_2767
Link, 0, MPI_LINK, 0.001193, 0.001569, 0.000376, PTP, "rank-100", "rank-36", 101_37_6_2769
Link, 0, MPI_LINK, 0.001193, 0.001569, 0.000376, PTP, "rank-73", "rank-9", 74_10_6_2771
Link, 0, MPI_LINK, 0.001193, 0.001569, 0.000376, PTP, "rank-105", "rank-41", 106_42_6_2773
Link, 0, MPI_LINK, 0.001193, 0.001569, 0.000376, PTP, "rank-121", "rank-57", 122_58_6_2775
Link, 0, MPI_LINK, 0.001193, 0.001569, 0.000376, PTP, "rank-77", "rank-13", 78_14_6_2777
Link, 0, MPI_LINK, 0.001193, 0.001569, 0.000376, PTP, "rank-109", "rank-45", 110_46_6_2779
Link, 0, MPI_LINK, 0.001193, 0.001569, 0.000376, PTP, "rank-93", "rank-29", 94_30_6_2781
Link, 0, MPI_LINK, 0.001193, 0.001569, 0.000376, PTP, "rank-125", "rank-61", 126_62_6_2783
Link, 0, MPI_LINK, 0.001193, 0.001569, 0.000376, PTP, "rank-78", "rank-14", 79_15_6_2785
Link, 0, MPI_LINK, 0.001193, 0.001569, 0.000376, PTP, "rank-110", "rank-46", 111_47_6_2787
Link, 0, MPI_LINK, 0.001184, 0.001570, 0.000386, PTP, "rank-39", "rank-103", 40_104_6_2561
Link, 0, MPI_LINK, 0.001186, 0.001570, 0.000384, PTP, "rank-47", "rank-111", 48_112_6_2647
Link, 0, MPI_LINK, 0.001184, 0.001570, 0.000386, PTP, "rank-10", "rank-74", 11_75_6_2575
Link, 0, MPI_LINK, 0.001185, 0.001570, 0.000385, PTP, "rank-22", "rank-86", 23_87_6_2615
Link, 0, MPI_LINK, 0.001184, 0.001570, 0.000386, PTP, "rank-26", "rank-90", 27_91_6_2579
Link, 0, MPI_LINK, 0.001182, 0.001570, 0.000388, PTP, "rank-32", "rank-96", 33_97_6_2505
Link, 0, MPI_LINK, 0.001183, 0.001570, 0.000387, PTP, "rank-16", "rank-80", 17_81_6_2533
Link, 0, MPI_LINK, 0.001186, 0.001570, 0.000384, PTP, "rank-5", "rank-69", 6_70_6_2659
Link, 0, MPI_LINK, 0.001186, 0.001570, 0.000384, PTP, "rank-53", "rank-117", 54_118_6_2665
Link, 0, MPI_LINK, 0.001187, 0.001570, 0.000383, PTP, "rank-3", "rank-67", 4_68_6_2671
Link, 0, MPI_LINK, 0.001186, 0.001570, 0.000384, PTP, "rank-19", "rank-83", 20_84_6_2639
Link, 0, MPI_LINK, 0.001185, 0.001570, 0.000385, PTP, "rank-51", "rank-115", 52_116_6_2603
Link, 0, MPI_LINK, 0.001186, 0.001570, 0.000384, PTP, "rank-11", "rank-75", 12_76_6_2641
Link, 0, MPI_LINK, 0.001186, 0.001570, 0.000384, PTP, "rank-43", "rank-107", 44_108_6_2643
Link, 0, MPI_LINK, 0.001185, 0.001570, 0.000385, PTP, "rank-27", "rank-91", 28_92_6_2609
Link, 0, MPI_LINK, 0.001184, 0.001570, 0.000386, PTP, "rank-59", "rank-123", 60_124_6_2553
Link, 0, MPI_LINK, 0.001185, 0.001570, 0.000385, PTP, "rank-6", "rank-70", 7_71_6_2611
Link, 0, MPI_LINK, 0.001185, 0.001570, 0.000385, PTP, "rank-38", "rank-102", 39_103_6_2613
Link, 0, MPI_LINK, 0.001194, 0.001570, 0.000376, PTP, "rank-103", "rank-39", 104_40_6_2805
Link, 0, MPI_LINK, 0.001194, 0.001570, 0.000376, PTP, "rank-111", "rank-47", 112_48_6_2807
Link, 0, MPI_LINK, 0.001194, 0.001570, 0.000376, PTP, "rank-74", "rank-10", 75_11_6_2809
Link, 0, MPI_LINK, 0.001194, 0.001570, 0.000376, PTP, "rank-86", "rank-22", 87_23_6_2811
Link, 0, MPI_LINK, 0.001194, 0.001570, 0.000376, PTP, "rank-90", "rank-26", 91_27_6_2813
Link, 0, MPI_LINK, 0.001194, 0.001570, 0.000376, PTP, "rank-96", "rank-32", 97_33_6_2815
Link, 0, MPI_LINK, 0.001194, 0.001570, 0.000376, PTP, "rank-80", "rank-16", 81_17_6_2817
Link, 0, MPI_LINK, 0.001194, 0.001570, 0.000376, PTP, "rank-69", "rank-5", 70_6_6_2819
Link, 0, MPI_LINK, 0.001194, 0.001570, 0.000376, PTP, "rank-117", "rank-53", 118_54_6_2821
Link, 0, MPI_LINK, 0.001194, 0.001570, 0.000376, PTP, "rank-67", "rank-3", 68_4_6_2823
Link, 0, MPI_LINK, 0.001194, 0.001570, 0.000376, PTP, "rank-83", "rank-19", 84_20_6_2825
Link, 0, MPI_LINK, 0.001194, 0.001570, 0.000376, PTP, "rank-115", "rank-51", 116_52_6_2827
Link, 0, MPI_LINK, 0.001194, 0.001570, 0.000376, PTP, "rank-75", "rank-11", 76_12_6_2829
Link, 0, MPI_LINK, 0.001194, 0.001570, 0.000376, PTP, "rank-107", "rank-43", 108_44_6_2831
Link, 0, MPI_LINK, 0.001194, 0.001570, 0.000376, PTP, "rank-91", "rank-27", 92_28_6_2833
Link, 0, MPI_LINK, 0.001194, 0.001570, 0.000376, PTP, "rank-123", "rank-59", 124_60_6_2835
Link, 0, MPI_LINK, 0.001194, 0.001570, 0.000376, PTP, "rank-70", "rank-6", 71_7_6_2837
Link, 0, MPI_LINK, 0.001194, 0.001570, 0.000376, PTP, "rank-102", "rank-38", 103_39_6_2839
Link, 0, MPI_LINK, 0.001183, 0.001571, 0.000388, PTP, "rank-40", "rank-104", 41_105_6_2525
Link, 0, MPI_LINK, 0.001183, 0.001571, 0.000388, PTP, "rank-58", "rank-122", 59_123_6_2529
Link, 0, MPI_LINK, 0.001186, 0.001571, 0.000385, PTP, "rank-37", "rank-101", 38_102_6_2661
Link, 0, MPI_LINK, 0.001186, 0.001571, 0.000385, PTP, "rank-21", "rank-85", 22_86_6_2663
Link, 0, MPI_LINK, 0.001184, 0.001571, 0.000387, PTP, "rank-7", "rank-71", 8_72_6_2559
Link, 0, MPI_LINK, 0.001183, 0.001571, 0.000388, PTP, "rank-23", "rank-87", 24_88_6_2521
Link, 0, MPI_LINK, 0.001183, 0.001571, 0.000388, PTP, "rank-55", "rank-119", 56_120_6_2523
Link, 0, MPI_LINK, 0.001186, 0.001571, 0.000385, PTP, "rank-15", "rank-79", 16_80_6_2645
Link, 0, MPI_LINK, 0.001186, 0.001571, 0.000385, PTP, "rank-31", "rank-95", 32_96_6_2649
Link, 0, MPI_LINK, 0.001186, 0.001571, 0.000385, PTP, "rank-63", "rank-127", 64_128_6_2651
Link, 0, MPI_LINK, 0.001185, 0.001571, 0.000386, PTP, "rank-2", "rank-66", 3_67_6_2623
Link, 0, MPI_LINK, 0.001185, 0.001571, 0.000386, PTP, "rank-34", "rank-98", 35_99_6_2625
Link, 0, MPI_LINK, 0.001185, 0.001571, 0.000386, PTP, "rank-18", "rank-82", 19_83_6_2627
Link, 0, MPI_LINK, 0.001185, 0.001571, 0.000386, PTP, "rank-50", "rank-114", 51_115_6_2629
Link, 0, MPI_LINK, 0.001184, 0.001571, 0.000387, PTP, "rank-42", "rank-106", 43_107_6_2577
Link, 0, MPI_LINK, 0.001195, 0.001571, 0.000376, PTP, "rank-104", "rank-40", 105_41_6_2843
Link, 0, MPI_LINK, 0.001195, 0.001571, 0.000376, PTP, "rank-122", "rank-58", 123_59_6_2845
Link, 0, MPI_LINK, 0.001195, 0.001571, 0.000376, PTP, "rank-101", "rank-37", 102_38_6_2847
Link, 0, MPI_LINK, 0.001195, 0.001571, 0.000376, PTP, "rank-85", "rank-21", 86_22_6_2849
Link, 0, MPI_LINK, 0.001195, 0.001571, 0.000376, PTP, "rank-71", "rank-7", 72_8_6_2851
Link, 0, MPI_LINK, 0.001195, 0.001571, 0.000376, PTP, "rank-87", "rank-23", 88_24_6_2853
Link, 0, MPI_LINK, 0.001195, 0.001571, 0.000376, PTP, "rank-119", "rank-55", 120_56_6_2855
Link, 0, MPI_LINK, 0.001195, 0.001571, 0.000376, PTP, "rank-79", "rank-15", 80_16_6_2857
Link, 0, MPI_LINK, 0.001195, 0.001571, 0.000376, PTP, "rank-95", "rank-31", 96_32_6_2859
Link, 0, MPI_LINK, 0.001195, 0.001571, 0.000376, PTP, "rank-127", "rank-63", 128_64_6_2861
Link, 0, MPI_LINK, 0.001195, 0.001571, 0.000376, PTP, "rank-66", "rank-2", 67_3_6_2863
Link, 0, MPI_LINK, 0.001195, 0.001571, 0.000376, PTP, "rank-98", "rank-34", 99_35_6_2865
Link, 0, MPI_LINK, 0.001195, 0.001571, 0.000376, PTP, "rank-82", "rank-18", 83_19_6_2867
Link, 0, MPI_LINK, 0.001195, 0.001571, 0.000376, PTP, "rank-114", "rank-50", 115_51_6_2869
Link, 0, MPI_LINK, 0.001195, 0.001571, 0.000376, PTP, "rank-106", "rank-42", 107_43_6_2871
Link, 0, MPI_LINK, 0.001184, 0.001572, 0.000388, PTP, "rank-24", "rank-88", 25_89_6_2569
Link, 0, MPI_LINK, 0.001184, 0.001572, 0.000388, PTP, "rank-56", "rank-120", 57_121_6_2571
Link, 0, MPI_LINK, 0.001184, 0.001572, 0.000388, PTP, "rank-8", "rank-72", 9_73_6_2567
Link, 0, MPI_LINK, 0.001196, 0.001572, 0.000376, PTP, "rank-88", "rank-24", 89_25_6_2873
Link, 0, MPI_LINK, 0.001196, 0.001572, 0.000376, PTP, "rank-120", "rank-56", 121_57_6_2875
Link, 0, MPI_LINK, 0.001196, 0.001572, 0.000376, PTP, "rank-72", "rank-8", 73_9_6_2877
Link, 0, MPI_LINK, 0.004569, 0.004681, 0.000112, PTP, "rank-1", "rank-0", 2_1_-112_3056
Link, 0, MPI_LINK, 0.004586, 0.004681, 0.000095, PTP, "rank-2", "rank-0", 3_1_-112_3167
Link, 0, MPI_LINK, 0.004606, 0.004681, 0.000075, PTP, "rank-4", "rank-0", 5_1_-112_3256
Link, 0, MPI_LINK, 0.004616, 0.004681, 0.000065, PTP, "rank-8", "rank-0", 9_1_-112_3309
Link, 0, MPI_LINK, 0.004618, 0.004681, 0.000063, PTP, "rank-16", "rank-0", 17_1_-112_3316
Link, 0, MPI_LINK, 0.004647, 0.004681, 0.000034, PTP, "rank-32", "rank-0", 33_1_-112_3380
Link, 0, MPI_LINK, 0.004565, 0.004681, 0.000116, PTP, "rank-64", "rank-0", 65_1_-112_3040
Link, 0, MPI_LINK, 0.004643, 0.004681, 0.000038, PTP, "rank-96", "rank-0", 97_1_-112_3373
Link, 0, MPI_LINK, 0.004608, 0.004681, 0.000073, PTP, "rank-48", "rank-0", 49_1_-112_3268
Link, 0, MPI_LINK, 0.004605, 0.004681, 0.000076, PTP, "rank-80", "rank-0", 81_1_-112_3255
Link, 0, MPI_LINK, 0.004629, 0.004681, 0.000052, PTP, "rank-24", "rank-0", 25_1_-112_3357
Link, 0, MPI_LINK, 0.004579, 0.004681, 0.000102, PTP, "rank-40", "rank-0", 41_1_-112_3115
Link, 0, MPI_LINK, 0.004625, 0.004681, 0.000056, PTP, "rank-72", "rank-0", 73_1_-112_3343
Link, 0, MPI_LINK, 0.004585, 0.004681, 0.000096, PTP, "rank-12", "rank-0", 13_1_-112_3161
Link, 0, MPI_LINK, 0.004620, 0.004681, 0.000061, PTP, "rank-20", "rank-0", 21_1_-112_3323
Link, 0, MPI_LINK, 0.004605, 0.004681, 0.000076, PTP, "rank-36", "rank-0", 37_1_-112_3254
Link, 0, MPI_LINK, 0.004617, 0.004681, 0.000064, PTP, "rank-68", "rank-0", 69_1_-112_3312
Link, 0, MPI_LINK, 0.004558, 0.004681, 0.000123, PTP, "rank-6", "rank-0", 7_1_-112_3009
Link, 0, MPI_LINK, 0.004584, 0.004681, 0.000097, PTP, "rank-10", "rank-0", 11_1_-112_3154
Link, 0, MPI_LINK, 0.004613, 0.004681, 0.000068, PTP, "rank-18", "rank-0", 19_1_-112_3297
Link, 0, MPI_LINK, 0.004606, 0.004681, 0.000075, PTP, "rank-34", "rank-0", 35_1_-112_3258
Link, 0, MPI_LINK, 0.004619, 0.004681, 0.000062, PTP, "rank-66", "rank-0", 67_1_-112_3320
Link, 0, MPI_LINK, 0.004597, 0.004681, 0.000084, PTP, "rank-3", "rank-0", 4_1_-112_3229
Link, 0, MPI_LINK, 0.004623, 0.004681, 0.000058, PTP, "rank-5", "rank-0", 6_1_-112_3339
Link, 0, MPI_LINK, 0.004592, 0.004681, 0.000089, PTP, "rank-9", "rank-0", 10_1_-112_3203
Link, 0, MPI_LINK, 0.004578, 0.004681, 0.000103, PTP, "rank-17", "rank-0", 18_1_-112_3109
Link, 0, MPI_LINK, 0.004591, 0.004681, 0.000090, PTP, "rank-33", "rank-0", 34_1_-112_3199
Link, 0, MPI_LINK, 0.004564, 0.004681, 0.000117, PTP, "rank-65", "rank-0", 66_1_-112_3035
Link, 0, MPI_LINK, 0.004599, 0.004681, 0.000082, PTP, "rank-112", "rank-0", 113_1_-112_3235
Link, 0, MPI_LINK, 0.004573, 0.004681, 0.000108, PTP, "rank-56", "rank-0", 57_1_-112_3074
Link, 0, MPI_LINK, 0.004578, 0.004681, 0.000103, PTP, "rank-88", "rank-0", 89_1_-112_3112
Link, 0, MPI_LINK, 0.004590, 0.004681, 0.000091, PTP, "rank-104", "rank-0", 105_1_-112_3195
Link, 0, MPI_LINK, 0.004597, 0.004681, 0.000084, PTP, "rank-28", "rank-0", 29_1_-112_3227
Link, 0, MPI_LINK, 0.004615, 0.004681, 0.000066, PTP, "rank-44", "rank-0", 45_1_-112_3305
Link, 0, MPI_LINK, 0.004558, 0.004681, 0.000123, PTP, "rank-52", "rank-0", 53_1_-112_3008
Link, 0, MPI_LINK, 0.004596, 0.004681, 0.000085, PTP, "rank-76", "rank-0", 77_1_-112_3222
Link, 0, MPI_LINK, 0.004648, 0.004681, 0.000033, PTP, "rank-84", "rank-0", 85_1_-112_3382
Link, 0, MPI_LINK, 0.004611, 0.004681, 0.000070, PTP, "rank-100", "rank-0", 101_1_-112_3288
Link, 0, MPI_LINK, 0.004580, 0.004681, 0.000101, PTP, "rank-14", "rank-0", 15_1_-112_3122
Link, 0, MPI_LINK, 0.004607, 0.004681, 0.000074, PTP, "rank-22", "rank-0", 23_1_-112_3265
Link, 0, MPI_LINK, 0.004633, 0.004681, 0.000048, PTP, "rank-26", "rank-0", 27_1_-112_3365
Link, 0, MPI_LINK, 0.004562, 0.004681, 0.000119, PTP, "rank-38", "rank-0", 39_1_-112_3021
Link, 0, MPI_LINK, 0.004606, 0.004681, 0.000075, PTP, "rank-42", "rank-0", 43_1_-112_3257
Link, 0, MPI_LINK, 0.004573, 0.004681, 0.000108, PTP, "rank-50", "rank-0", 51_1_-112_3072
Link, 0, MPI_LINK, 0.004563, 0.004681, 0.000118, PTP, "rank-70", "rank-0", 71_1_-112_3031
Link, 0, MPI_LINK, 0.004571, 0.004681, 0.000110, PTP, "rank-74", "rank-0", 75_1_-112_3062
Link, 0, MPI_LINK, 0.004627, 0.004681, 0.000054, PTP, "rank-82", "rank-0", 83_1_-112_3350
Link, 0, MPI_LINK, 0.004621, 0.004681, 0.000060, PTP, "rank-98", "rank-0", 99_1_-112_3329
Link, 0, MPI_LINK, 0.004624, 0.004681, 0.000057, PTP, "rank-7", "rank-0", 8_1_-112_3340
Link, 0, MPI_LINK, 0.004622, 0.004681, 0.000059, PTP, "rank-11", "rank-0", 12_1_-112_3334
Link, 0, MPI_LINK, 0.004586, 0.004681, 0.000095, PTP, "rank-13", "rank-0", 14_1_-112_3166
Link, 0, MPI_LINK, 0.004595, 0.004681, 0.000086, PTP, "rank-19", "rank-0", 20_1_-112_3218
Link, 0, MPI_LINK, 0.004634, 0.004681, 0.000047, PTP, "rank-21", "rank-0", 22_1_-112_3367
Link, 0, MPI_LINK, 0.004578, 0.004681, 0.000103, PTP, "rank-25", "rank-0", 26_1_-112_3110
Link, 0, MPI_LINK, 0.004560, 0.004681, 0.000121, PTP, "rank-35", "rank-0", 36_1_-112_3014
Link, 0, MPI_LINK, 0.004629, 0.004681, 0.000052, PTP, "rank-37", "rank-0", 38_1_-112_3356
Link, 0, MPI_LINK, 0.004642, 0.004681, 0.000039, PTP, "rank-41", "rank-0", 42_1_-112_3372
Link, 0, MPI_LINK, 0.004589, 0.004681, 0.000092, PTP, "rank-49", "rank-0", 50_1_-112_3190
Link, 0, MPI_LINK, 0.004597, 0.004681, 0.000084, PTP, "rank-67", "rank-0", 68_1_-112_3228
Link, 0, MPI_LINK, 0.004592, 0.004681, 0.000089, PTP, "rank-69", "rank-0", 70_1_-112_3204
Link, 0, MPI_LINK, 0.004609, 0.004681, 0.000072, PTP, "rank-73", "rank-0", 74_1_-112_3274
Link, 0, MPI_LINK, 0.004570, 0.004681, 0.000111, PTP, "rank-81", "rank-0", 82_1_-112_3060
Link, 0, MPI_LINK, 0.004575, 0.004681, 0.000106, PTP, "rank-97", "rank-0", 98_1_-112_3084
Link, 0, MPI_LINK, 0.004582, 0.004681, 0.000099, PTP, "rank-120", "rank-0", 121_1_-112_3138
Link, 0, MPI_LINK, 0.004573, 0.004681, 0.000108, PTP, "rank-60", "rank-0", 61_1_-112_3070
Link, 0, MPI_LINK, 0.004599, 0.004681, 0.000082, PTP, "rank-92", "rank-0", 93_1_-112_3234
Link, 0, MPI_LINK, 0.004560, 0.004681, 0.000121, PTP, "rank-108", "rank-0", 109_1_-112_3012
Link, 0, MPI_LINK, 0.004582, 0.004681, 0.000099, PTP, "rank-116", "rank-0", 117_1_-112_3140
Link, 0, MPI_LINK, 0.004584, 0.004681, 0.000097, PTP, "rank-30", "rank-0", 31_1_-112_3149
Link, 0, MPI_LINK, 0.004567, 0.004681, 0.000114, PTP, "rank-46", "rank-0", 47_1_-112_3045
Link, 0, MPI_LINK, 0.004577, 0.004681, 0.000104, PTP, "rank-54", "rank-0", 55_1_-112_3102
Link, 0, MPI_LINK, 0.004606, 0.004681, 0.000075, PTP, "rank-58", "rank-0", 59_1_-112_3260
Link, 0, MPI_LINK, 0.004574, 0.004681, 0.000107, PTP, "rank-78", "rank-0", 79_1_-112_3081
Link, 0, MPI_LINK, 0.004593, 0.004681, 0.000088, PTP, "rank-86", "rank-0", 87_1_-112_3209
Link, 0, MPI_LINK, 0.004579, 0.004681, 0.000102, PTP, "rank-90", "rank-0", 91_1_-112_3114
Link, 0, MPI_LINK, 0.004588, 0.004681, 0.000093, PTP, "rank-102", "rank-0", 103_1_-112_3186
Link, 0, MPI_LINK, 0.004573, 0.004681, 0.000108, PTP, "rank-106", "rank-0", 107_1_-112_3075
Link, 0, MPI_LINK, 0.004611, 0.004681, 0.000070, PTP, "rank-114", "rank-0", 115_1_-112_3290
Link, 0, MPI_LINK, 0.004616, 0.004682, 0.000066, PTP, "rank-15", "rank-0", 16_1_-112_3310
Link, 0, MPI_LINK, 0.004602, 0.004682, 0.000080, PTP, "rank-23", "rank-0", 24_1_-112_3247
Link, 0, MPI_LINK, 0.004560, 0.004682, 0.000122, PTP, "rank-27", "rank-0", 28_1_-112_3013
Link, 0, MPI_LINK, 0.004582, 0.004682, 0.000100, PTP, "rank-29", "rank-0", 30_1_-112_3136
Link, 0, MPI_LINK, 0.004580, 0.004682, 0.000102, PTP, "rank-39", "rank-0", 40_1_-112_3123
Link, 0, MPI_LINK, 0.004600, 0.004682, 0.000082, PTP, "rank-43", "rank-0", 44_1_-112_3240
Link, 0, MPI_LINK, 0.004584, 0.004682, 0.000098, PTP, "rank-45", "rank-0", 46_1_-112_3152
Link, 0, MPI_LINK, 0.004573, 0.004682, 0.000109, PTP, "rank-51", "rank-0", 52_1_-112_3071
Link, 0, MPI_LINK, 0.004564, 0.004682, 0.000118, PTP, "rank-53", "rank-0", 54_1_-112_3036
Link, 0, MPI_LINK, 0.004607, 0.004682, 0.000075, PTP, "rank-57", "rank-0", 58_1_-112_3264
Link, 0, MPI_LINK, 0.004619, 0.004682, 0.000063, PTP, "rank-71", "rank-0", 72_1_-112_3321
Link, 0, MPI_LINK, 0.004563, 0.004682, 0.000119, PTP, "rank-75", "rank-0", 76_1_-112_3032
Link, 0, MPI_LINK, 0.004584, 0.004682, 0.000098, PTP, "rank-77", "rank-0", 78_1_-112_3153
Link, 0, MPI_LINK, 0.004611, 0.004682, 0.000071, PTP, "rank-83", "rank-0", 84_1_-112_3289
Link, 0, MPI_LINK, 0.004612, 0.004682, 0.000070, PTP, "rank-85", "rank-0", 86_1_-112_3295
Link, 0, MPI_LINK, 0.004610, 0.004682, 0.000072, PTP, "rank-89", "rank-0", 90_1_-112_3283
Link, 0, MPI_LINK, 0.004585, 0.004682, 0.000097, PTP, "rank-99", "rank-0", 100_1_-112_3160
Link, 0, MPI_LINK, 0.004626, 0.004682, 0.000056, PTP, "rank-101", "rank-0", 102_1_-112_3347
Link, 0, MPI_LINK, 0.004644, 0.004682, 0.000038, PTP, "rank-105", "rank-0", 106_1_-112_3374
Link, 0, MPI_LINK, 0.004571, 0.004682, 0.000111, PTP, "rank-113", "rank-0", 114_1_-112_3066
Link, 0, MPI_LINK, 0.004575, 0.004682, 0.000107, PTP, "rank-124", "rank-0", 125_1_-112_3085
Link, 0, MPI_LINK, 0.004558, 0.004682, 0.000124, PTP, "rank-62", "rank-0", 63_1_-112_3007
Link, 0, MPI_LINK, 0.004572, 0.004682, 0.000110, PTP, "rank-94", "rank-0", 95_1_-112_3067
Link, 0, MPI_LINK, 0.004563, 0.004682, 0.000119, PTP, "rank-110", "rank-0", 111_1_-112_3030
Link, 0, MPI_LINK, 0.004584, 0.004682, 0.000098, PTP, "rank-118", "rank-0", 119_1_-112_3150
Link, 0, MPI_LINK, 0.004609, 0.004682, 0.000073, PTP, "rank-122", "rank-0", 123_1_-112_3275
Link, 0, MPI_LINK, 0.004604, 0.004682, 0.000078, PTP, "rank-31", "rank-0", 32_1_-112_3251
Link, 0, MPI_LINK, 0.004572, 0.004682, 0.000110, PTP, "rank-47", "rank-0", 48_1_-112_3068
Link, 0, MPI_LINK, 0.004573, 0.004682, 0.000109, PTP, "rank-55", "rank-0", 56_1_-112_3073
Link, 0, MPI_LINK, 0.004556, 0.004682, 0.000126, PTP, "rank-59", "rank-0", 60_1_-112_3006
Link, 0, MPI_LINK, 0.004583, 0.004682, 0.000099, PTP, "rank-61", "rank-0", 62_1_-112_3144
Link, 0, MPI_LINK, 0.004593, 0.004682, 0.000089, PTP, "rank-79", "rank-0", 80_1_-112_3210
Link, 0, MPI_LINK, 0.004577, 0.004682, 0.000105, PTP, "rank-87", "rank-0", 88_1_-112_3103
Link, 0, MPI_LINK, 0.004578, 0.004682, 0.000104, PTP, "rank-91", "rank-0", 92_1_-112_3111
Link, 0, MPI_LINK, 0.004584, 0.004682, 0.000098, PTP, "rank-93", "rank-0", 94_1_-112_3151
Link, 0, MPI_LINK, 0.004583, 0.004682, 0.000099, PTP, "rank-103", "rank-0", 104_1_-112_3145
Link, 0, MPI_LINK, 0.004558, 0.004682, 0.000124, PTP, "rank-107", "rank-0", 108_1_-112_3011
Link, 0, MPI_LINK, 0.004590, 0.004682, 0.000092, PTP, "rank-109", "rank-0", 110_1_-112_3194
Link, 0, MPI_LINK, 0.004569, 0.004682, 0.000113, PTP, "rank-115", "rank-0", 116_1_-112_3057
Link, 0, MPI_LINK, 0.004591, 0.004682, 0.000091, PTP, "rank-117", "rank-0", 118_1_-112_3200
Link, 0, MPI_LINK, 0.004585, 0.004682, 0.000097, PTP, "rank-121", "rank-0", 122_1_-112_3159
Link, 0, MPI_LINK, 0.004576, 0.004682, 0.000106, PTP, "rank-126", "rank-0", 127_1_-112_3098
Link, 0, MPI_LINK, 0.004573, 0.004682, 0.000109, PTP, "rank-63", "rank-0", 64_1_-112_3076
Link, 0, MPI_LINK, 0.004606, 0.004682, 0.000076, PTP, "rank-95", "rank-0", 96_1_-112_3259
Link, 0, MPI_LINK, 0.004567, 0.004682, 0.000115, PTP, "rank-111", "rank-0", 112_1_-112_3046
Link, 0, MPI_LINK, 0.004622, 0.004682, 0.000060, PTP, "rank-119", "rank-0", 120_1_-112_3331
Link, 0, MPI_LINK, 0.004558, 0.004682, 0.000124, PTP, "rank-123", "rank-0", 124_1_-112_3010
Link, 0, MPI_LINK, 0.004593, 0.004682, 0.000089, PTP, "rank-125", "rank-0", 126_1_-112_3208
Link, 0, MPI_LINK, 0.004582, 0.004682, 0.000100, PTP, "rank-127", "rank-0", 128_1_-112_3137
Link, 0, MPI_LINK, 0.004571, 0.004686, 0.000115, PTP, "rank-1", "rank-0", 2_1_-112_3064
Link, 0, MPI_LINK, 0.004588, 0.004686, 0.000098, PTP, "rank-2", "rank-0", 3_1_-112_3187
Link, 0, MPI_LINK, 0.004609, 0.004686, 0.000077, PTP, "rank-4", "rank-0", 5_1_-112_3276
Link, 0, MPI_LINK, 0.004620, 0.004686, 0.000066, PTP, "rank-8", "rank-0", 9_1_-112_3322
Link, 0, MPI_LINK, 0.004620, 0.004686, 0.000066, PTP, "rank-16", "rank-0", 17_1_-112_3325
Link, 0, MPI_LINK, 0.004649, 0.004686, 0.000037, PTP, "rank-32", "rank-0", 33_1_-112_3383
Link, 0, MPI_LINK, 0.004568, 0.004686, 0.000118, PTP, "rank-64", "rank-0", 65_1_-112_3051
Link, 0, MPI_LINK, 0.004645, 0.004686, 0.000041, PTP, "rank-96", "rank-0", 97_1_-112_3376
Link, 0, MPI_LINK, 0.004610, 0.004686, 0.000076, PTP, "rank-48", "rank-0", 49_1_-112_3286
Link, 0, MPI_LINK, 0.004607, 0.004686, 0.000079, PTP, "rank-80", "rank-0", 81_1_-112_3267
Link, 0, MPI_LINK, 0.004631, 0.004686, 0.000055, PTP, "rank-24", "rank-0", 25_1_-112_3361
Link, 0, MPI_LINK, 0.004581, 0.004686, 0.000105, PTP, "rank-40", "rank-0", 41_1_-112_3132
Link, 0, MPI_LINK, 0.004628, 0.004686, 0.000058, PTP, "rank-72", "rank-0", 73_1_-112_3353
Link, 0, MPI_LINK, 0.004587, 0.004686, 0.000099, PTP, "rank-12", "rank-0", 13_1_-112_3178
Link, 0, MPI_LINK, 0.004623, 0.004686, 0.000063, PTP, "rank-20", "rank-0", 21_1_-112_3336
Link, 0, MPI_LINK, 0.004607, 0.004686, 0.000079, PTP, "rank-36", "rank-0", 37_1_-112_3266
Link, 0, MPI_LINK, 0.004620, 0.004686, 0.000066, PTP, "rank-68", "rank-0", 69_1_-112_3324
Link, 0, MPI_LINK, 0.004560, 0.004686, 0.000126, PTP, "rank-6", "rank-0", 7_1_-112_3016
Link, 0, MPI_LINK, 0.004586, 0.004686, 0.000100, PTP, "rank-10", "rank-0", 11_1_-112_3173
Link, 0, MPI_LINK, 0.004616, 0.004686, 0.000070, PTP, "rank-18", "rank-0", 19_1_-112_3311
Link, 0, MPI_LINK, 0.004608, 0.004686, 0.000078, PTP, "rank-34", "rank-0", 35_1_-112_3270
Link, 0, MPI_LINK, 0.004622, 0.004686, 0.000064, PTP, "rank-66", "rank-0", 67_1_-112_3335
Link, 0, MPI_LINK, 0.004599, 0.004686, 0.000087, PTP, "rank-3", "rank-0", 4_1_-112_3238
Link, 0, MPI_LINK, 0.004625, 0.004686, 0.000061, PTP, "rank-5", "rank-0", 6_1_-112_3346
Link, 0, MPI_LINK, 0.004594, 0.004686, 0.000092, PTP, "rank-9", "rank-0", 10_1_-112_3213
Link, 0, MPI_LINK, 0.004580, 0.004686, 0.000106, PTP, "rank-17", "rank-0", 18_1_-112_3124
Link, 0, MPI_LINK, 0.004594, 0.004686, 0.000092, PTP, "rank-33", "rank-0", 34_1_-112_3212
Link, 0, MPI_LINK, 0.004567, 0.004686, 0.000119, PTP, "rank-65", "rank-0", 66_1_-112_3047
Link, 0, MPI_LINK, 0.004602, 0.004687, 0.000085, PTP, "rank-112", "rank-0", 113_1_-112_3248
Link, 0, MPI_LINK, 0.004575, 0.004687, 0.000112, PTP, "rank-56", "rank-0", 57_1_-112_3090
Link, 0, MPI_LINK, 0.004580, 0.004687, 0.000107, PTP, "rank-88", "rank-0", 89_1_-112_3126
Link, 0, MPI_LINK, 0.004592, 0.004687, 0.000095, PTP, "rank-104", "rank-0", 105_1_-112_3206
Link, 0, MPI_LINK, 0.004599, 0.004687, 0.000088, PTP, "rank-28", "rank-0", 29_1_-112_3236
Link, 0, MPI_LINK, 0.004617, 0.004687, 0.000070, PTP, "rank-44", "rank-0", 45_1_-112_3313
Link, 0, MPI_LINK, 0.004561, 0.004687, 0.000126, PTP, "rank-52", "rank-0", 53_1_-112_3020
Link, 0, MPI_LINK, 0.004598, 0.004687, 0.000089, PTP, "rank-76", "rank-0", 77_1_-112_3232
Link, 0, MPI_LINK, 0.004650, 0.004687, 0.000037, PTP, "rank-84", "rank-0", 85_1_-112_3384
Link, 0, MPI_LINK, 0.004614, 0.004687, 0.000073, PTP, "rank-100", "rank-0", 101_1_-112_3303
Link, 0, MPI_LINK, 0.004582, 0.004687, 0.000105, PTP, "rank-14", "rank-0", 15_1_-112_3141
Link, 0, MPI_LINK, 0.004609, 0.004687, 0.000078, PTP, "rank-22", "rank-0", 23_1_-112_3279
Link, 0, MPI_LINK, 0.004635, 0.004687, 0.000052, PTP, "rank-26", "rank-0", 27_1_-112_3368
Link, 0, MPI_LINK, 0.004564, 0.004687, 0.000123, PTP, "rank-38", "rank-0", 39_1_-112_3037
Link, 0, MPI_LINK, 0.004608, 0.004687, 0.000079, PTP, "rank-42", "rank-0", 43_1_-112_3269
Link, 0, MPI_LINK, 0.004575, 0.004687, 0.000112, PTP, "rank-50", "rank-0", 51_1_-112_3088
Link, 0, MPI_LINK, 0.004565, 0.004687, 0.000122, PTP, "rank-70", "rank-0", 71_1_-112_3041
Link, 0, MPI_LINK, 0.004573, 0.004687, 0.000114, PTP, "rank-74", "rank-0", 75_1_-112_3078
Link, 0, MPI_LINK, 0.004629, 0.004687, 0.000058, PTP, "rank-82", "rank-0", 83_1_-112_3358
Link, 0, MPI_LINK, 0.004623, 0.004687, 0.000064, PTP, "rank-98", "rank-0", 99_1_-112_3337
Link, 0, MPI_LINK, 0.004626, 0.004687, 0.000061, PTP, "rank-7", "rank-0", 8_1_-112_3348
Link, 0, MPI_LINK, 0.004624, 0.004687, 0.000063, PTP, "rank-11", "rank-0", 12_1_-112_3341
Link, 0, MPI_LINK, 0.004589, 0.004687, 0.000098, PTP, "rank-13", "rank-0", 14_1_-112_3191
Link, 0, MPI_LINK, 0.004598, 0.004687, 0.000089, PTP, "rank-19", "rank-0", 20_1_-112_3233
Link, 0, MPI_LINK, 0.004636, 0.004687, 0.000051, PTP, "rank-21", "rank-0", 22_1_-112_3369
Link, 0, MPI_LINK, 0.004579, 0.004687, 0.000108, PTP, "rank-25", "rank-0", 26_1_-112_3121
Link, 0, MPI_LINK, 0.004562, 0.004687, 0.000125, PTP, "rank-35", "rank-0", 36_1_-112_3023
Link, 0, MPI_LINK, 0.004631, 0.004687, 0.000056, PTP, "rank-37", "rank-0", 38_1_-112_3360
Link, 0, MPI_LINK, 0.004644, 0.004687, 0.000043, PTP, "rank-41", "rank-0", 42_1_-112_3375
Link, 0, MPI_LINK, 0.004592, 0.004687, 0.000095, PTP, "rank-49", "rank-0", 50_1_-112_3207
Link, 0, MPI_LINK, 0.004599, 0.004687, 0.000088, PTP, "rank-67", "rank-0", 68_1_-112_3237
Link, 0, MPI_LINK, 0.004598, 0.004687, 0.000089, PTP, "rank-69", "rank-0", 70_1_-112_3231
Link, 0, MPI_LINK, 0.004611, 0.004687, 0.000076, PTP, "rank-73", "rank-0", 74_1_-112_3291
Link, 0, MPI_LINK, 0.004573, 0.004687, 0.000114, PTP, "rank-81", "rank-0", 82_1_-112_3077
Link, 0, MPI_LINK, 0.004577, 0.004687, 0.000110, PTP, "rank-97", "rank-0", 98_1_-112_3104
Link, 0, MPI_LINK, 0.004584, 0.004687, 0.000103, PTP, "rank-120", "rank-0", 121_1_-112_3156
Link, 0, MPI_LINK, 0.004575, 0.004687, 0.000112, PTP, "rank-60", "rank-0", 61_1_-112_3086
Link, 0, MPI_LINK, 0.004601, 0.004687, 0.000086, PTP, "rank-92", "rank-0", 93_1_-112_3244
Link, 0, MPI_LINK, 0.004563, 0.004687, 0.000124, PTP, "rank-108", "rank-0", 109_1_-112_3033
Link, 0, MPI_LINK, 0.004584, 0.004687, 0.000103, PTP, "rank-116", "rank-0", 117_1_-112_3157
Link, 0, MPI_LINK, 0.004586, 0.004687, 0.000101, PTP, "rank-30", "rank-0", 31_1_-112_3168
Link, 0, MPI_LINK, 0.004569, 0.004687, 0.000118, PTP, "rank-46", "rank-0", 47_1_-112_3053
Link, 0, MPI_LINK, 0.004581, 0.004687, 0.000106, PTP, "rank-54", "rank-0", 55_1_-112_3130
Link, 0, MPI_LINK, 0.004608, 0.004687, 0.000079, PTP, "rank-58", "rank-0", 59_1_-112_3271
Link, 0, MPI_LINK, 0.004576, 0.004687, 0.000111, PTP, "rank-78", "rank-0", 79_1_-112_3100
Link, 0, MPI_LINK, 0.004595, 0.004687, 0.000092, PTP, "rank-86", "rank-0", 87_1_-112_3220
Link, 0, MPI_LINK, 0.004581, 0.004687, 0.000106, PTP, "rank-90", "rank-0", 91_1_-112_3131
Link, 0, MPI_LINK, 0.004590, 0.004687, 0.000097, PTP, "rank-102", "rank-0", 103_1_-112_3197
Link, 0, MPI_LINK, 0.004575, 0.004687, 0.000112, PTP, "rank-106", "rank-0", 107_1_-112_3091
Link, 0, MPI_LINK, 0.004613, 0.004687, 0.000074, PTP, "rank-114", "rank-0", 115_1_-112_3300
Link, 0, MPI_LINK, 0.004618, 0.004687, 0.000069, PTP, "rank-15", "rank-0", 16_1_-112_3317
Link, 0, MPI_LINK, 0.004604, 0.004687, 0.000083, PTP, "rank-23", "rank-0", 24_1_-112_3252
Link, 0, MPI_LINK, 0.004562, 0.004687, 0.000125, PTP, "rank-27", "rank-0", 28_1_-112_3022
Link, 0, MPI_LINK, 0.004585, 0.004687, 0.000102, PTP, "rank-29", "rank-0", 30_1_-112_3162
Link, 0, MPI_LINK, 0.004582, 0.004687, 0.000105, PTP, "rank-39", "rank-0", 40_1_-112_3142
Link, 0, MPI_LINK, 0.004603, 0.004687, 0.000084, PTP, "rank-43", "rank-0", 44_1_-112_3250
Link, 0, MPI_LINK, 0.004586, 0.004687, 0.000101, PTP, "rank-45", "rank-0", 46_1_-112_3171
Link, 0, MPI_LINK, 0.004575, 0.004687, 0.000112, PTP, "rank-51", "rank-0", 52_1_-112_3087
Link, 0, MPI_LINK, 0.004566, 0.004687, 0.000121, PTP, "rank-53", "rank-0", 54_1_-112_3043
Link, 0, MPI_LINK, 0.004609, 0.004687, 0.000078, PTP, "rank-57", "rank-0", 58_1_-112_3278
Link, 0, MPI_LINK, 0.004621, 0.004687, 0.000066, PTP, "rank-71", "rank-0", 72_1_-112_3330
Link, 0, MPI_LINK, 0.004565, 0.004687, 0.000122, PTP, "rank-75", "rank-0", 76_1_-112_3042
Link, 0, MPI_LINK, 0.004586, 0.004687, 0.000101, PTP, "rank-77", "rank-0", 78_1_-112_3172
Link, 0, MPI_LINK, 0.004613, 0.004687, 0.000074, PTP, "rank-83", "rank-0", 84_1_-112_3299
Link, 0, MPI_LINK, 0.004615, 0.004687, 0.000072, PTP, "rank-85", "rank-0", 86_1_-112_3306
Link, 0, MPI_LINK, 0.004613, 0.004687, 0.000074, PTP, "rank-89", "rank-0", 90_1_-112_3298
Link, 0, MPI_LINK, 0.004587, 0.004687, 0.000100, PTP, "rank-99", "rank-0", 100_1_-112_3177
Link, 0, MPI_LINK, 0.004628, 0.004687, 0.000059, PTP, "rank-101", "rank-0", 102_1_-112_3354
Link, 0, MPI_LINK, 0.004646, 0.004687, 0.000041, PTP, "rank-105", "rank-0", 106_1_-112_3377
Link, 0, MPI_LINK, 0.004573, 0.004687, 0.000114, PTP, "rank-113", "rank-0", 114_1_-112_3080
Link, 0, MPI_LINK, 0.004577, 0.004687, 0.000110, PTP, "rank-124", "rank-0", 125_1_-112_3105
Link, 0, MPI_LINK, 0.004561, 0.004687, 0.000126, PTP, "rank-62", "rank-0", 63_1_-112_3019
Link, 0, MPI_LINK, 0.004579, 0.004687, 0.000108, PTP, "rank-94", "rank-0", 95_1_-112_3116
Link, 0, MPI_LINK, 0.004567, 0.004687, 0.000120, PTP, "rank-110", "rank-0", 111_1_-112_3044
Link, 0, MPI_LINK, 0.004586, 0.004687, 0.000101, PTP, "rank-118", "rank-0", 119_1_-112_3169
Link, 0, MPI_LINK, 0.004611, 0.004687, 0.000076, PTP, "rank-122", "rank-0", 123_1_-112_3292
Link, 0, MPI_LINK, 0.004606, 0.004687, 0.000081, PTP, "rank-31", "rank-0", 32_1_-112_3262
Link, 0, MPI_LINK, 0.004574, 0.004687, 0.000113, PTP, "rank-47", "rank-0", 48_1_-112_3082
Link, 0, MPI_LINK, 0.004575, 0.004687, 0.000112, PTP, "rank-55", "rank-0", 56_1_-112_3089
Link, 0, MPI_LINK, 0.004560, 0.004687, 0.000127, PTP, "rank-59", "rank-0", 60_1_-112_3015
Link, 0, MPI_LINK, 0.004585, 0.004687, 0.000102, PTP, "rank-61", "rank-0", 62_1_-112_3163
Link, 0, MPI_LINK, 0.004595, 0.004687, 0.000092, PTP, "rank-79", "rank-0", 80_1_-112_3221
Link, 0, MPI_LINK, 0.004579, 0.004687, 0.000108, PTP, "rank-87", "rank-0", 88_1_-112_3119
Link, 0, MPI_LINK, 0.004580, 0.004687, 0.000107, PTP, "rank-91", "rank-0", 92_1_-112_3125
Link, 0, MPI_LINK, 0.004586, 0.004687, 0.000101, PTP, "rank-93", "rank-0", 94_1_-112_3170
Link, 0, MPI_LINK, 0.004585, 0.004687, 0.000102, PTP, "rank-103", "rank-0", 104_1_-112_3164
Link, 0, MPI_LINK, 0.004560, 0.004687, 0.000127, PTP, "rank-107", "rank-0", 108_1_-112_3018
Link, 0, MPI_LINK, 0.004592, 0.004687, 0.000095, PTP, "rank-109", "rank-0", 110_1_-112_3205
Link, 0, MPI_LINK, 0.004571, 0.004687, 0.000116, PTP, "rank-115", "rank-0", 116_1_-112_3065
Link, 0, MPI_LINK, 0.004593, 0.004687, 0.000094, PTP, "rank-117", "rank-0", 118_1_-112_3211
Link, 0, MPI_LINK, 0.004587, 0.004687, 0.000100, PTP, "rank-121", "rank-0", 122_1_-112_3176
Link, 0, MPI_LINK, 0.004579, 0.004687, 0.000108, PTP, "rank-126", "rank-0", 127_1_-112_3117
Link, 0, MPI_LINK, 0.004576, 0.004687, 0.000111, PTP, "rank-63", "rank-0", 64_1_-112_3099
Link, 0, MPI_LINK, 0.004609, 0.004687, 0.000078, PTP, "rank-95", "rank-0", 96_1_-112_3277
Link, 0, MPI_LINK, 0.004569, 0.004687, 0.000118, PTP, "rank-111", "rank-0", 112_1_-112_3054
Link, 0, MPI_LINK, 0.004625, 0.004687, 0.000062, PTP, "rank-119", "rank-0", 120_1_-112_3344
Link, 0, MPI_LINK, 0.004560, 0.004687, 0.000127, PTP, "rank-123", "rank-0", 124_1_-112_3017
Link, 0, MPI_LINK, 0.004595, 0.004687, 0.000092, PTP, "rank-125", "rank-0", 126_1_-112_3219
Link, 0, MPI_LINK, 0.004584, 0.004687, 0.000103, PTP, "rank-127", "rank-0", 128_1_-112_3155
Link, 0, MPI_LINK, 0.004572, 0.004691, 0.000119, PTP, "rank-1", "rank-0", 2_1_-778_3069
Link, 0, MPI_LINK, 0.004590, 0.004691, 0.000101, PTP, "rank-2", "rank-0", 3_1_-778_3198
Link, 0, MPI_LINK, 0.004611, 0.004691, 0.000080, PTP, "rank-4", "rank-0", 5_1_-778_3293
Link, 0, MPI_LINK, 0.004622, 0.004691, 0.000069, PTP, "rank-8", "rank-0", 9_1_-778_3332
Link, 0, MPI_LINK, 0.004621, 0.004691, 0.000070, PTP, "rank-16", "rank-0", 17_1_-778_3328
Link, 0, MPI_LINK, 0.004652, 0.004691, 0.000039, PTP, "rank-32", "rank-0", 33_1_-778_3386
Link, 0, MPI_LINK, 0.004570, 0.004691, 0.000121, PTP, "rank-64", "rank-0", 65_1_-778_3061
Link, 0, MPI_LINK, 0.004646, 0.004691, 0.000045, PTP, "rank-96", "rank-0", 97_1_-778_3379
Link, 0, MPI_LINK, 0.004612, 0.004691, 0.000079, PTP, "rank-48", "rank-0", 49_1_-778_3296
Link, 0, MPI_LINK, 0.004609, 0.004691, 0.000082, PTP, "rank-80", "rank-0", 81_1_-778_3280
Link, 0, MPI_LINK, 0.004632, 0.004691, 0.000059, PTP, "rank-24", "rank-0", 25_1_-778_3364
Link, 0, MPI_LINK, 0.004583, 0.004691, 0.000108, PTP, "rank-40", "rank-0", 41_1_-778_3147
Link, 0, MPI_LINK, 0.004631, 0.004691, 0.000060, PTP, "rank-72", "rank-0", 73_1_-778_3363
Link, 0, MPI_LINK, 0.004589, 0.004691, 0.000102, PTP, "rank-12", "rank-0", 13_1_-778_3193
Link, 0, MPI_LINK, 0.004625, 0.004691, 0.000066, PTP, "rank-20", "rank-0", 21_1_-778_3345
Link, 0, MPI_LINK, 0.004608, 0.004691, 0.000083, PTP, "rank-36", "rank-0", 37_1_-778_3273
Link, 0, MPI_LINK, 0.004621, 0.004691, 0.000070, PTP, "rank-68", "rank-0", 69_1_-778_3327
Link, 0, MPI_LINK, 0.004562, 0.004691, 0.000129, PTP, "rank-6", "rank-0", 7_1_-778_3025
Link, 0, MPI_LINK, 0.004587, 0.004691, 0.000104, PTP, "rank-10", "rank-0", 11_1_-778_3185
Link, 0, MPI_LINK, 0.004618, 0.004691, 0.000073, PTP, "rank-18", "rank-0", 19_1_-778_3318
Link, 0, MPI_LINK, 0.004609, 0.004691, 0.000082, PTP, "rank-34", "rank-0", 35_1_-778_3281
Link, 0, MPI_LINK, 0.004623, 0.004691, 0.000068, PTP, "rank-66", "rank-0", 67_1_-778_3338
Link, 0, MPI_LINK, 0.004601, 0.004691, 0.000090, PTP, "rank-3", "rank-0", 4_1_-778_3246
Link, 0, MPI_LINK, 0.004627, 0.004691, 0.000064, PTP, "rank-5", "rank-0", 6_1_-778_3352
Link, 0, MPI_LINK, 0.004596, 0.004691, 0.000095, PTP, "rank-9", "rank-0", 10_1_-778_3224
Link, 0, MPI_LINK, 0.004582, 0.004691, 0.000109, PTP, "rank-17", "rank-0", 18_1_-778_3143
Link, 0, MPI_LINK, 0.004596, 0.004691, 0.000095, PTP, "rank-33", "rank-0", 34_1_-778_3223
Link, 0, MPI_LINK, 0.004569, 0.004691, 0.000122, PTP, "rank-65", "rank-0", 66_1_-778_3055
Link, 0, MPI_LINK, 0.004603, 0.004691, 0.000088, PTP, "rank-112", "rank-0", 113_1_-778_3249
Link, 0, MPI_LINK, 0.004577, 0.004691, 0.000114, PTP, "rank-56", "rank-0", 57_1_-778_3107
Link, 0, MPI_LINK, 0.004581, 0.004691, 0.000110, PTP, "rank-88", "rank-0", 89_1_-778_3135
Link, 0, MPI_LINK, 0.004594, 0.004691, 0.000097, PTP, "rank-104", "rank-0", 105_1_-778_3215
Link, 0, MPI_LINK, 0.004600, 0.004691, 0.000091, PTP, "rank-28", "rank-0", 29_1_-778_3243
Link, 0, MPI_LINK, 0.004618, 0.004691, 0.000073, PTP, "rank-44", "rank-0", 45_1_-778_3319
Link, 0, MPI_LINK, 0.004562, 0.004691, 0.000129, PTP, "rank-52", "rank-0", 53_1_-778_3029
Link, 0, MPI_LINK, 0.004600, 0.004691, 0.000091, PTP, "rank-76", "rank-0", 77_1_-778_3242
Link, 0, MPI_LINK, 0.004652, 0.004691, 0.000039, PTP, "rank-84", "rank-0", 85_1_-778_3385
Link, 0, MPI_LINK, 0.004617, 0.004691, 0.000074, PTP, "rank-100", "rank-0", 101_1_-778_3315
Link, 0, MPI_LINK, 0.004584, 0.004691, 0.000107, PTP, "rank-14", "rank-0", 15_1_-778_3158
Link, 0, MPI_LINK, 0.004611, 0.004691, 0.000080, PTP, "rank-22", "rank-0", 23_1_-778_3294
Link, 0, MPI_LINK, 0.004637, 0.004691, 0.000054, PTP, "rank-26", "rank-0", 27_1_-778_3370
Link, 0, MPI_LINK, 0.004569, 0.004691, 0.000122, PTP, "rank-38", "rank-0", 39_1_-778_3052
Link, 0, MPI_LINK, 0.004610, 0.004691, 0.000081, PTP, "rank-42", "rank-0", 43_1_-778_3287
Link, 0, MPI_LINK, 0.004576, 0.004691, 0.000115, PTP, "rank-50", "rank-0", 51_1_-778_3096
Link, 0, MPI_LINK, 0.004567, 0.004691, 0.000124, PTP, "rank-70", "rank-0", 71_1_-778_3048
Link, 0, MPI_LINK, 0.004575, 0.004691, 0.000116, PTP, "rank-74", "rank-0", 75_1_-778_3093
Link, 0, MPI_LINK, 0.004631, 0.004691, 0.000060, PTP, "rank-82", "rank-0", 83_1_-778_3362
Link, 0, MPI_LINK, 0.004624, 0.004691, 0.000067, PTP, "rank-98", "rank-0", 99_1_-778_3342
Link, 0, MPI_LINK, 0.004628, 0.004691, 0.000063, PTP, "rank-7", "rank-0", 8_1_-778_3355
Link, 0, MPI_LINK, 0.004626, 0.004691, 0.000065, PTP, "rank-11", "rank-0", 12_1_-778_3349
Link, 0, MPI_LINK, 0.004591, 0.004691, 0.000100, PTP, "rank-13", "rank-0", 14_1_-778_3202
Link, 0, MPI_LINK, 0.004599, 0.004691, 0.000092, PTP, "rank-19", "rank-0", 20_1_-778_3239
Link, 0, MPI_LINK, 0.004639, 0.004691, 0.000052, PTP, "rank-21", "rank-0", 22_1_-778_3371
Link, 0, MPI_LINK, 0.004581, 0.004691, 0.000110, PTP, "rank-25", "rank-0", 26_1_-778_3133
Link, 0, MPI_LINK, 0.004564, 0.004691, 0.000127, PTP, "rank-35", "rank-0", 36_1_-778_3039
Link, 0, MPI_LINK, 0.004633, 0.004691, 0.000058, PTP, "rank-37", "rank-0", 38_1_-778_3366
Link, 0, MPI_LINK, 0.004646, 0.004691, 0.000045, PTP, "rank-41", "rank-0", 42_1_-778_3378
Link, 0, MPI_LINK, 0.004594, 0.004691, 0.000097, PTP, "rank-49", "rank-0", 50_1_-778_3216
Link, 0, MPI_LINK, 0.004601, 0.004691, 0.000090, PTP, "rank-67", "rank-0", 68_1_-778_3245
Link, 0, MPI_LINK, 0.004600, 0.004691, 0.000091, PTP, "rank-69", "rank-0", 70_1_-778_3241
Link, 0, MPI_LINK, 0.004613, 0.004691, 0.000078, PTP, "rank-73", "rank-0", 74_1_-778_3301
Link, 0, MPI_LINK, 0.004575, 0.004691, 0.000116, PTP, "rank-81", "rank-0", 82_1_-778_3092
Link, 0, MPI_LINK, 0.004579, 0.004691, 0.000112, PTP, "rank-97", "rank-0", 98_1_-778_3120
Link, 0, MPI_LINK, 0.004586, 0.004691, 0.000105, PTP, "rank-120", "rank-0", 121_1_-778_3174
Link, 0, MPI_LINK, 0.004576, 0.004691, 0.000115, PTP, "rank-60", "rank-0", 61_1_-778_3094
Link, 0, MPI_LINK, 0.004604, 0.004691, 0.000087, PTP, "rank-92", "rank-0", 93_1_-778_3253
Link, 0, MPI_LINK, 0.004564, 0.004691, 0.000127, PTP, "rank-108", "rank-0", 109_1_-778_3034
Link, 0, MPI_LINK, 0.004586, 0.004691, 0.000105, PTP, "rank-116", "rank-0", 117_1_-778_3175
Link, 0, MPI_LINK, 0.004588, 0.004691, 0.000103, PTP, "rank-30", "rank-0", 31_1_-778_3188
Link, 0, MPI_LINK, 0.004571, 0.004691, 0.000120, PTP, "rank-46", "rank-0", 47_1_-778_3063
Link, 0, MPI_LINK, 0.004582, 0.004691, 0.000109, PTP, "rank-54", "rank-0", 55_1_-778_3139
Link, 0, MPI_LINK, 0.004609, 0.004691, 0.000082, PTP, "rank-58", "rank-0", 59_1_-778_3282
Link, 0, MPI_LINK, 0.004577, 0.004691, 0.000114, PTP, "rank-78", "rank-0", 79_1_-778_3108
Link, 0, MPI_LINK, 0.004597, 0.004691, 0.000094, PTP, "rank-86", "rank-0", 87_1_-778_3230
Link, 0, MPI_LINK, 0.004583, 0.004691, 0.000108, PTP, "rank-90", "rank-0", 91_1_-778_3146
Link, 0, MPI_LINK, 0.004591, 0.004691, 0.000100, PTP, "rank-102", "rank-0", 103_1_-778_3201
Link, 0, MPI_LINK, 0.004576, 0.004691, 0.000115, PTP, "rank-106", "rank-0", 107_1_-778_3097
Link, 0, MPI_LINK, 0.004614, 0.004691, 0.000077, PTP, "rank-114", "rank-0", 115_1_-778_3304
Link, 0, MPI_LINK, 0.004620, 0.004691, 0.000071, PTP, "rank-15", "rank-0", 16_1_-778_3326
Link, 0, MPI_LINK, 0.004606, 0.004691, 0.000085, PTP, "rank-23", "rank-0", 24_1_-778_3263
Link, 0, MPI_LINK, 0.004564, 0.004691, 0.000127, PTP, "rank-27", "rank-0", 28_1_-778_3038
Link, 0, MPI_LINK, 0.004587, 0.004691, 0.000104, PTP, "rank-29", "rank-0", 30_1_-778_3179
Link, 0, MPI_LINK, 0.004583, 0.004691, 0.000108, PTP, "rank-39", "rank-0", 40_1_-778_3148
Link, 0, MPI_LINK, 0.004606, 0.004691, 0.000085, PTP, "rank-43", "rank-0", 44_1_-778_3261
Link, 0, MPI_LINK, 0.004587, 0.004691, 0.000104, PTP, "rank-45", "rank-0", 46_1_-778_3183
Link, 0, MPI_LINK, 0.004576, 0.004691, 0.000115, PTP, "rank-51", "rank-0", 52_1_-778_3095
Link, 0, MPI_LINK, 0.004567, 0.004691, 0.000124, PTP, "rank-53", "rank-0", 54_1_-778_3050
Link, 0, MPI_LINK, 0.004610, 0.004691, 0.000081, PTP, "rank-57", "rank-0", 58_1_-778_3285
Link, 0, MPI_LINK, 0.004622, 0.004691, 0.000069, PTP, "rank-71", "rank-0", 72_1_-778_3333
Link, 0, MPI_LINK, 0.004567, 0.004691, 0.000124, PTP, "rank-75", "rank-0", 76_1_-778_3049
Link, 0, MPI_LINK, 0.004587, 0.004691, 0.000104, PTP, "rank-77", "rank-0", 78_1_-778_3184
Link, 0, MPI_LINK, 0.004615, 0.004691, 0.000076, PTP, "rank-83", "rank-0", 84_1_-778_3308
Link, 0, MPI_LINK, 0.004617, 0.004691, 0.000074, PTP, "rank-85", "rank-0", 86_1_-778_3314
Link, 0, MPI_LINK, 0.004615, 0.004691, 0.000076, PTP, "rank-89", "rank-0", 90_1_-778_3307
Link, 0, MPI_LINK, 0.004589, 0.004691, 0.000102, PTP, "rank-99", "rank-0", 100_1_-778_3192
Link, 0, MPI_LINK, 0.004630, 0.004691, 0.000061, PTP, "rank-101", "rank-0", 102_1_-778_3359
Link, 0, MPI_LINK, 0.004647, 0.004691, 0.000044, PTP, "rank-105", "rank-0", 106_1_-778_3381
Link, 0, MPI_LINK, 0.004574, 0.004691, 0.000117, PTP, "rank-113", "rank-0", 114_1_-778_3083
Link, 0, MPI_LINK, 0.004578, 0.004691, 0.000113, PTP, "rank-124", "rank-0", 125_1_-778_3113
Link, 0, MPI_LINK, 0.004562, 0.004692, 0.000130, PTP, "rank-62", "rank-0", 63_1_-778_3028
Link, 0, MPI_LINK, 0.004580, 0.004692, 0.000112, PTP, "rank-94", "rank-0", 95_1_-778_3127
Link, 0, MPI_LINK, 0.004570, 0.004692, 0.000122, PTP, "rank-110", "rank-0", 111_1_-778_3058
Link, 0, MPI_LINK, 0.004588, 0.004692, 0.000104, PTP, "rank-118", "rank-0", 119_1_-778_3189
Link, 0, MPI_LINK, 0.004613, 0.004692, 0.000079, PTP, "rank-122", "rank-0", 123_1_-778_3302
Link, 0, MPI_LINK, 0.004608, 0.004692, 0.000084, PTP, "rank-31", "rank-0", 32_1_-778_3272
Link, 0, MPI_LINK, 0.004576, 0.004692, 0.000116, PTP, "rank-47", "rank-0", 48_1_-778_3101
Link, 0, MPI_LINK, 0.004577, 0.004692, 0.000115, PTP, "rank-55", "rank-0", 56_1_-778_3106
Link, 0, MPI_LINK, 0.004562, 0.004692, 0.000130, PTP, "rank-59", "rank-0", 60_1_-778_3024
Link, 0, MPI_LINK, 0.004587, 0.004692, 0.000105, PTP, "rank-61", "rank-0", 62_1_-778_3180
Link, 0, MPI_LINK, 0.004596, 0.004692, 0.000096, PTP, "rank-79", "rank-0", 80_1_-778_3226
Link, 0, MPI_LINK, 0.004580, 0.004692, 0.000112, PTP, "rank-87", "rank-0", 88_1_-778_3129
Link, 0, MPI_LINK, 0.004581, 0.004692, 0.000111, PTP, "rank-91", "rank-0", 92_1_-778_3134
Link, 0, MPI_LINK, 0.004587, 0.004692, 0.000105, PTP, "rank-93", "rank-0", 94_1_-778_3182
Link, 0, MPI_LINK, 0.004587, 0.004692, 0.000105, PTP, "rank-103", "rank-0", 104_1_-778_3181
Link, 0, MPI_LINK, 0.004562, 0.004692, 0.000130, PTP, "rank-107", "rank-0", 108_1_-778_3027
Link, 0, MPI_LINK, 0.004594, 0.004692, 0.000098, PTP, "rank-109", "rank-0", 110_1_-778_3214
Link, 0, MPI_LINK, 0.004573, 0.004692, 0.000119, PTP, "rank-115", "rank-0", 116_1_-778_3079
Link, 0, MPI_LINK, 0.004594, 0.004692, 0.000098, PTP, "rank-117", "rank-0", 118_1_-778_3217
Link, 0, MPI_LINK, 0.004590, 0.004692, 0.000102, PTP, "rank-121", "rank-0", 122_1_-778_3196
Link, 0, MPI_LINK, 0.004580, 0.004692, 0.000112, PTP, "rank-126", "rank-0", 127_1_-778_3128
Link, 0, MPI_LINK, 0.004579, 0.004692, 0.000113, PTP, "rank-63", "rank-0", 64_1_-778_3118
Link, 0, MPI_LINK, 0.004610, 0.004692, 0.000082, PTP, "rank-95", "rank-0", 96_1_-778_3284
Link, 0, MPI_LINK, 0.004570, 0.004692, 0.000122, PTP, "rank-111", "rank-0", 112_1_-778_3059
Link, 0, MPI_LINK, 0.004627, 0.004692, 0.000065, PTP, "rank-119", "rank-0", 120_1_-778_3351
Link, 0, MPI_LINK, 0.004562, 0.004692, 0.000130, PTP, "rank-123", "rank-0", 124_1_-778_3026
Link, 0, MPI_LINK, 0.004596, 0.004692, 0.000096, PTP, "rank-125", "rank-0", 126_1_-778_3225
Link, 0, MPI_LINK, 0.004585, 0.004692, 0.000107, PTP, "rank-127", "rank-0", 128_1_-778_3165
Link, 0, MPI_LINK, 0.004692, 0.004692, 0.000000, PTP, "rank-0", "rank-1", 1_2_-778_3387
Link, 0, MPI_LINK, 0.004692, 0.004692, 0.000000, PTP, "rank-0", "rank-2", 1_3_-778_3388
Link, 0, MPI_LINK, 0.004692, 0.004692, 0.000000, PTP, "rank-0", "rank-4", 1_5_-778_3390
Link, 0, MPI_LINK, 0.004692, 0.004692, 0.000000, PTP, "rank-0", "rank-8", 1_9_-778_3394
Link, 0, MPI_LINK, 0.004692, 0.004692, 0.000000, PTP, "rank-0", "rank-16", 1_17_-778_3402
Link, 0, MPI_LINK, 0.004692, 0.004692, 0.000000, PTP, "rank-0", "rank-32", 1_33_-778_3418
Link, 0, MPI_LINK, 0.004692, 0.004692, 0.000000, PTP, "rank-0", "rank-64", 1_65_-778_3450
Link, 0, MPI_LINK, 0.004692, 0.004692, 0.000000, PTP, "rank-0", "rank-96", 1_97_-778_3482
Link, 0, MPI_LINK, 0.004692, 0.004692, 0.000000, PTP, "rank-0", "rank-80", 1_81_-778_3466
Link, 0, MPI_LINK, 0.004692, 0.004692, 0.000000, PTP, "rank-0", "rank-48", 1_49_-778_3434
Link, 0, MPI_LINK, 0.004692, 0.004692, 0.000000, PTP, "rank-0", "rank-72", 1_73_-778_3458
Link, 0, MPI_LINK, 0.004692, 0.004692, 0.000000, PTP, "rank-0", "rank-40", 1_41_-778_3426
Link, 0, MPI_LINK, 0.004692, 0.004692, 0.000000, PTP, "rank-0", "rank-24", 1_25_-778_3410
Link, 0, MPI_LINK, 0.004692, 0.004692, 0.000000, PTP, "rank-0", "rank-68", 1_69_-778_3454
Link, 0, MPI_LINK, 0.004692, 0.004692, 0.000000, PTP, "rank-0", "rank-36", 1_37_-778_3422
Link, 0, MPI_LINK, 0.004692, 0.004692, 0.000000, PTP, "rank-0", "rank-20", 1_21_-778_3406
Link, 0, MPI_LINK, 0.004692, 0.004692, 0.000000, PTP, "rank-0", "rank-12", 1_13_-778_3398
Link, 0, MPI_LINK, 0.004692, 0.004692, 0.000000, PTP, "rank-0", "rank-66", 1_67_-778_3452
Link, 0, MPI_LINK, 0.004692, 0.004692, 0.000000, PTP, "rank-0", "rank-34", 1_35_-778_3420
Link, 0, MPI_LINK, 0.004692, 0.004692, 0.000000, PTP, "rank-0", "rank-18", 1_19_-778_3404
Link, 0, MPI_LINK, 0.004692, 0.004692, 0.000000, PTP, "rank-0", "rank-10", 1_11_-778_3396
Link, 0, MPI_LINK, 0.004692, 0.004692, 0.000000, PTP, "rank-0", "rank-6", 1_7_-778_3392
Link, 0, MPI_LINK, 0.004692, 0.004692, 0.000000, PTP, "rank-0", "rank-65", 1_66_-778_3451
Link, 0, MPI_LINK, 0.004692, 0.004692, 0.000000, PTP, "rank-0", "rank-33", 1_34_-778_3419
Link, 0, MPI_LINK, 0.004692, 0.004692, 0.000000, PTP, "rank-0", "rank-17", 1_18_-778_3403
Link, 0, MPI_LINK, 0.004692, 0.004692, 0.000000, PTP, "rank-0", "rank-9", 1_10_-778_3395
Link, 0, MPI_LINK, 0.004692, 0.004692, 0.000000, PTP, "rank-0", "rank-5", 1_6_-778_3391
Link, 0, MPI_LINK, 0.004692, 0.004692, 0.000000, PTP, "rank-0", "rank-3", 1_4_-778_3389
Link, 0, MPI_LINK, 0.004692, 0.004693, 0.000001, PTP, "rank-0", "rank-112", 1_113_-778_3498
Link, 0, MPI_LINK, 0.004692, 0.004693, 0.000001, PTP, "rank-0", "rank-104", 1_105_-778_3490
Link, 0, MPI_LINK, 0.004692, 0.004693, 0.000001, PTP, "rank-0", "rank-88", 1_89_-778_3474
Link, 0, MPI_LINK, 0.004692, 0.004693, 0.000001, PTP, "rank-0", "rank-56", 1_57_-778_3442
Link, 0, MPI_LINK, 0.004692, 0.004693, 0.000001, PTP, "rank-0", "rank-100", 1_101_-778_3486
Link, 0, MPI_LINK, 0.004692, 0.004693, 0.000001, PTP, "rank-0", "rank-84", 1_85_-778_3470
Link, 0, MPI_LINK, 0.004692, 0.004693, 0.000001, PTP, "rank-0", "rank-76", 1_77_-778_3462
Link, 0, MPI_LINK, 0.004692, 0.004693, 0.000001, PTP, "rank-0", "rank-52", 1_53_-778_3438
Link, 0, MPI_LINK, 0.004692, 0.004693, 0.000001, PTP, "rank-0", "rank-44", 1_45_-778_3430
Link, 0, MPI_LINK, 0.004692, 0.004693, 0.000001, PTP, "rank-0", "rank-28", 1_29_-778_3414
Link, 0, MPI_LINK, 0.004692, 0.004693, 0.000001, PTP, "rank-0", "rank-98", 1_99_-778_3484
Link, 0, MPI_LINK, 0.004692, 0.004693, 0.000001, PTP, "rank-0", "rank-82", 1_83_-778_3468
Link, 0, MPI_LINK, 0.004692, 0.004693, 0.000001, PTP, "rank-0", "rank-74", 1_75_-778_3460
Link, 0, MPI_LINK, 0.004692, 0.004693, 0.000001, PTP, "rank-0", "rank-70", 1_71_-778_3456
Link, 0, MPI_LINK, 0.004692, 0.004693, 0.000001, PTP, "rank-0", "rank-50", 1_51_-778_3436
Link, 0, MPI_LINK, 0.004692, 0.004693, 0.000001, PTP, "rank-0", "rank-42", 1_43_-778_3428
Link, 0, MPI_LINK, 0.004692, 0.004693, 0.000001, PTP, "rank-0", "rank-38", 1_39_-778_3424
Link, 0, MPI_LINK, 0.004692, 0.004693, 0.000001, PTP, "rank-0", "rank-26", 1_27_-778_3412
Link, 0, MPI_LINK, 0.004692, 0.004693, 0.000001, PTP, "rank-0", "rank-22", 1_23_-778_3408
Link, 0, MPI_LINK, 0.004692, 0.004693, 0.000001, PTP, "rank-0", "rank-14", 1_15_-778_3400
Link, 0, MPI_LINK, 0.004692, 0.004693, 0.000001, PTP, "rank-0", "rank-97", 1_98_-778_3483
Link, 0, MPI_LINK, 0.004692, 0.004693, 0.000001, PTP, "rank-0", "rank-81", 1_82_-778_3467
Link, 0, MPI_LINK, 0.004692, 0.004693, 0.000001, PTP, "rank-0", "rank-73", 1_74_-778_3459
Link, 0, MPI_LINK, 0.004692, 0.004693, 0.000001, PTP, "rank-0", "rank-69", 1_70_-778_3455
Link, 0, MPI_LINK, 0.004692, 0.004693, 0.000001, PTP, "rank-0", "rank-67", 1_68_-778_3453
Link, 0, MPI_LINK, 0.004692, 0.004693, 0.000001, PTP, "rank-0", "rank-49", 1_50_-778_3435
Link, 0, MPI_LINK, 0.004692, 0.004693, 0.000001, PTP, "rank-0", "rank-41", 1_42_-778_3427
Link, 0, MPI_LINK, 0.004692, 0.004693, 0.000001, PTP, "rank-0", "rank-37", 1_38_-778_3423
Link, 0, MPI_LINK, 0.004692, 0.004693, 0.000001, PTP, "rank-0", "rank-35", 1_36_-778_3421
Link, 0, MPI_LINK, 0.004692, 0.004693, 0.000001, PTP, "rank-0", "rank-25", 1_26_-778_3411
Link, 0, MPI_LINK, 0.004692, 0.004693, 0.000001, PTP, "rank-0", "rank-21", 1_22_-778_3407
Link, 0, MPI_LINK, 0.004692, 0.004693, 0.000001, PTP, "rank-0", "rank-19", 1_20_-778_3405
Link, 0, MPI_LINK, 0.004692, 0.004693, 0.000001, PTP, "rank-0", "rank-13", 1_14_-778_3399
Link, 0, MPI_LINK, 0.004692, 0.004693, 0.000001, PTP, "rank-0", "rank-11", 1_12_-778_3397
Link, 0, MPI_LINK, 0.004692, 0.004693, 0.000001, PTP, "rank-0", "rank-7", 1_8_-778_3393
Link, 0, MPI_LINK, 0.004692, 0.004693, 0.000001, PTP, "rank-0", "rank-120", 1_121_-778_3506
Link, 0, MPI_LINK, 0.004692, 0.004693, 0.000001, PTP, "rank-0", "rank-116", 1_117_-778_3502
Link, 0, MPI_LINK, 0.004692, 0.004693, 0.000001, PTP, "rank-0", "rank-108", 1_109_-778_3494
Link, 0, MPI_LINK, 0.004692, 0.004693, 0.000001, PTP, "rank-0", "rank-92", 1_93_-778_3478
Link, 0, MPI_LINK, 0.004692, 0.004693, 0.000001, PTP, "rank-0", "rank-60", 1_61_-778_3446
Link, 0, MPI_LINK, 0.004692, 0.004693, 0.000001, PTP, "rank-0", "rank-114", 1_115_-778_3500
Link, 0, MPI_LINK, 0.004692, 0.004693, 0.000001, PTP, "rank-0", "rank-106", 1_107_-778_3492
Link, 0, MPI_LINK, 0.004692, 0.004693, 0.000001, PTP, "rank-0", "rank-102", 1_103_-778_3488
Link, 0, MPI_LINK, 0.004692, 0.004693, 0.000001, PTP, "rank-0", "rank-90", 1_91_-778_3476
Link, 0, MPI_LINK, 0.004692, 0.004693, 0.000001, PTP, "rank-0", "rank-86", 1_87_-778_3472
Link, 0, MPI_LINK, 0.004692, 0.004693, 0.000001, PTP, "rank-0", "rank-78", 1_79_-778_3464
Link, 0, MPI_LINK, 0.004692, 0.004693, 0.000001, PTP, "rank-0", "rank-58", 1_59_-778_3444
Link, 0, MPI_LINK, 0.004692, 0.004693, 0.000001, PTP, "rank-0", "rank-54", 1_55_-778_3440
Link, 0, MPI_LINK, 0.004692, 0.004693, 0.000001, PTP, "rank-0", "rank-46", 1_47_-778_3432
Link, 0, MPI_LINK, 0.004692, 0.004693, 0.000001, PTP, "rank-0", "rank-30", 1_31_-778_3416
Link, 0, MPI_LINK, 0.004692, 0.004693, 0.000001, PTP, "rank-0", "rank-113", 1_114_-778_3499
Link, 0, MPI_LINK, 0.004692, 0.004693, 0.000001, PTP, "rank-0", "rank-105", 1_106_-778_3491
Link, 0, MPI_LINK, 0.004692, 0.004693, 0.000001, PTP, "rank-0", "rank-101", 1_102_-778_3487
Link, 0, MPI_LINK, 0.004692, 0.004693, 0.000001, PTP, "rank-0", "rank-99", 1_100_-778_3485
Link, 0, MPI_LINK, 0.004692, 0.004693, 0.000001, PTP, "rank-0", "rank-89", 1_90_-778_3475
Link, 0, MPI_LINK, 0.004692, 0.004693, 0.000001, PTP, "rank-0", "rank-85", 1_86_-778_3471
Link, 0, MPI_LINK, 0.004692, 0.004693, 0.000001, PTP, "rank-0", "rank-83", 1_84_-778_3469
Link, 0, MPI_LINK, 0.004692, 0.004693, 0.000001, PTP, "rank-0", "rank-77", 1_78_-778_3463
Link, 0, MPI_LINK, 0.004692, 0.004693, 0.000001, PTP, "rank-0", "rank-75", 1_76_-778_3461
Link, 0, MPI_LINK, 0.004692, 0.004693, 0.000001, PTP, "rank-0", "rank-71", 1_72_-778_3457
Link, 0, MPI_LINK, 0.004692, 0.004693, 0.000001, PTP, "rank-0", "rank-57", 1_58_-778_3443
Link, 0, MPI_LINK, 0.004692, 0.004693, 0.000001, PTP, "rank-0", "rank-53", 1_54_-778_3439
Link, 0, MPI_LINK, 0.004692, 0.004693, 0.000001, PTP, "rank-0", "rank-51", 1_52_-778_3437
Link, 0, MPI_LINK, 0.004692, 0.004693, 0.000001, PTP, "rank-0", "rank-45", 1_46_-778_3431
Link, 0, MPI_LINK, 0.004692, 0.004693, 0.000001, PTP, "rank-0", "rank-43", 1_44_-778_3429
Link, 0, MPI_LINK, 0.004692, 0.004693, 0.000001, PTP, "rank-0", "rank-39", 1_40_-778_3425
Link, 0, MPI_LINK, 0.004692, 0.004693, 0.000001, PTP, "rank-0", "rank-29", 1_30_-778_3415
Link, 0, MPI_LINK, 0.004692, 0.004693, 0.000001, PTP, "rank-0", "rank-27", 1_28_-778_3413
Link, 0, MPI_LINK, 0.004692, 0.004693, 0.000001, PTP, "rank-0", "rank-23", 1_24_-778_3409
Link, 0, MPI_LINK, 0.004692, 0.004693, 0.000001, PTP, "rank-0", "rank-15", 1_16_-778_3401
Link, 0, MPI_LINK, 0.004692, 0.004693, 0.000001, PTP, "rank-0", "rank-124", 1_125_-778_3510
Link, 0, MPI_LINK, 0.004692, 0.004693, 0.000001, PTP, "rank-0", "rank-122", 1_123_-778_3508
Link, 0, MPI_LINK, 0.004692, 0.004693, 0.000001, PTP, "rank-0", "rank-118", 1_119_-778_3504
Link, 0, MPI_LINK, 0.004692, 0.004693, 0.000001, PTP, "rank-0", "rank-110", 1_111_-778_3496
Link, 0, MPI_LINK, 0.004692, 0.004693, 0.000001, PTP, "rank-0", "rank-94", 1_95_-778_3480
Link, 0, MPI_LINK, 0.004692, 0.004693, 0.000001, PTP, "rank-0", "rank-62", 1_63_-778_3448
Link, 0, MPI_LINK, 0.004692, 0.004693, 0.000001, PTP, "rank-0", "rank-121", 1_122_-778_3507
Link, 0, MPI_LINK, 0.004692, 0.004693, 0.000001, PTP, "rank-0", "rank-117", 1_118_-778_3503
Link, 0, MPI_LINK, 0.004692, 0.004693, 0.000001, PTP, "rank-0", "rank-115", 1_116_-778_3501
Link, 0, MPI_LINK, 0.004692, 0.004693, 0.000001, PTP, "rank-0", "rank-109", 1_110_-778_3495
Link, 0, MPI_LINK, 0.004692, 0.004693, 0.000001, PTP, "rank-0", "rank-107", 1_108_-778_3493
Link, 0, MPI_LINK, 0.004692, 0.004693, 0.000001, PTP, "rank-0", "rank-103", 1_104_-778_3489
Link, 0, MPI_LINK, 0.004692, 0.004693, 0.000001, PTP, "rank-0", "rank-93", 1_94_-778_3479
Link, 0, MPI_LINK, 0.004692, 0.004693, 0.000001, PTP, "rank-0", "rank-91", 1_92_-778_3477
Link, 0, MPI_LINK, 0.004692, 0.004693, 0.000001, PTP, "rank-0", "rank-87", 1_88_-778_3473
Link, 0, MPI_LINK, 0.004692, 0.004693, 0.000001, PTP, "rank-0", "rank-79", 1_80_-778_3465
Link, 0, MPI_LINK, 0.004692, 0.004693, 0.000001, PTP, "rank-0", "rank-61", 1_62_-778_3447
Link, 0, MPI_LINK, 0.004692, 0.004693, 0.000001, PTP, "rank-0", "rank-59", 1_60_-778_3445
Link, 0, MPI_LINK, 0.004692, 0.004693, 0.000001, PTP, "rank-0", "rank-55", 1_56_-778_3441
Link, 0, MPI_LINK, 0.004692, 0.004693, 0.000001, PTP, "rank-0", "rank-47", 1_48_-778_3433
Link, 0, MPI_LINK, 0.004692, 0.004693, 0.000001, PTP, "rank-0", "rank-31", 1_32_-778_3417
Link, 0, MPI_LINK, 0.004692, 0.004693, 0.000001, PTP, "rank-0", "rank-126", 1_127_-778_3512
Link, 0, MPI_LINK, 0.004692, 0.004693, 0.000001, PTP, "rank-0", "rank-125", 1_126_-778_3511
Link, 0, MPI_LINK, 0.004692, 0.004693, 0.000001, PTP, "rank-0", "rank-123", 1_124_-778_3509
Link, 0, MPI_LINK, 0.004692, 0.004693, 0.000001, PTP, "rank-0", "rank-119", 1_120_-778_3505
Link, 0, MPI_LINK, 0.004692, 0.004693, 0.000001, PTP, "rank-0", "rank-111", 1_112_-778_3497
Link, 0, MPI_LINK, 0.004692, 0.004693, 0.000001, PTP, "rank-0", "rank-95", 1_96_-778_3481
Link, 0, MPI_LINK, 0.004692, 0.004693, 0.000001, PTP, "rank-0", "rank-63", 1_64_-778_3449
Link, 0, MPI_LINK, 0.004692, 0.004693, 0.000001, PTP, "rank-0", "rank-127", 1_128_-778_3513
Container, 0, MPI, 0, 0.004695, 0.004695, "rank-98"
State, "rank-98", MPI_STATE, 0.000000, 0.000000, 0.000000, 0.000000, PMPI_Init
State, "rank-98", MPI_STATE, 0.000031, 0.000516, 0.000485, 0.000000, PMPI_Barrier
State, "rank-98", MPI_STATE, 0.000520, 0.000625, 0.000105, 0.000000, PMPI_Scatter
State, "rank-98", MPI_STATE, 0.000633, 0.000776, 0.000143, 0.000000, PMPI_Sendrecv
State, "rank-98", MPI_STATE, 0.000777, 0.000790, 0.000013, 0.000000, PMPI_Sendrecv
State, "rank-98", MPI_STATE, 0.000791, 0.000835, 0.000044, 0.000000, PMPI_Sendrecv
State, "rank-98", MPI_STATE, 0.000837, 0.000897, 0.000060, 0.000000, PMPI_Sendrecv
State, "rank-98", MPI_STATE, 0.000899, 0.001003, 0.000104, 0.000000, PMPI_Sendrecv
State, "rank-98", MPI_STATE, 0.001005, 0.001193, 0.000188, 0.000000, PMPI_Sendrecv
State, "rank-98", MPI_STATE, 0.001195, 0.001571, 0.000376, 0.000000, PMPI_Sendrecv
State, "rank-98", MPI_STATE, 0.004621, 0.004621, 0.000000, 0.000000, PMPI_Reduce
State, "rank-98", MPI_STATE, 0.004623, 0.004623, 0.000000, 0.000000, PMPI_Reduce
State, "rank-98", MPI_STATE, 0.004624, 0.004693, 0.000069, 0.000000, PMPI_Barrier
State, "rank-98", MPI_STATE, 0.004695, 0.004695, 0.000000, 0.000000, PMPI_Finalize
Container, 0, MPI, 0, 0.004695, 0.004695, "rank-97"
State, "rank-97", MPI_STATE, 0.000000, 0.000000, 0.000000, 0.000000, PMPI_Init
State, "rank-97", MPI_STATE, 0.000037, 0.000516, 0.000479, 0.000000, PMPI_Barrier
State, "rank-97", MPI_STATE, 0.000520, 0.000725, 0.000205, 0.000000, PMPI_Scatter
State, "rank-97", MPI_STATE, 0.000732, 0.000740, 0.000008, 0.000000, PMPI_Sendrecv
State, "rank-97", MPI_STATE, 0.000741, 0.000790, 0.000049, 0.000000, PMPI_Sendrecv
State, "rank-97", MPI_STATE, 0.000792, 0.000835, 0.000043, 0.000000, PMPI_Sendrecv
State, "rank-97", MPI_STATE, 0.000837, 0.000899, 0.000062, 0.000000, PMPI_Sendrecv
State, "rank-97", MPI_STATE, 0.000901, 0.001001, 0.000100, 0.000000, PMPI_Sendrecv
State, "rank-97", MPI_STATE, 0.001002, 0.001190, 0.000188, 0.000000, PMPI_Sendrecv
State, "rank-97", MPI_STATE, 0.001192, 0.001568, 0.000376, 0.000000, PMPI_Sendrecv
State, "rank-97", MPI_STATE, 0.004575, 0.004575, 0.000000, 0.000000, PMPI_Reduce
State, "rank-97", MPI_STATE, 0.004577, 0.004577, 0.000000, 0.000000, PMPI_Reduce
State, "rank-97", MPI_STATE, 0.004579, 0.004693, 0.000114, 0.000000, PMPI_Barrier
State, "rank-97", MPI_STATE, 0.004695, 0.004695, 0.000000, 0.000000, PMPI_Finalize
Container, 0, MPI, 0, 0.004693, 0.004693, "rank-96"
State, "rank-96", MPI_STATE, 0.000000, 0.000000, 0.000000, 0.000000, PMPI_Init
State, "rank-96", MPI_STATE, 0.000031, 0.000516, 0.000485, 0.000000, PMPI_Barrier
State, "rank-96", MPI_STATE, 0.000520, 0.000531, 0.000011, 0.000000, PMPI_Scatter
State, "rank-96", MPI_STATE, 0.000542, 0.000740, 0.000198, 0.000000, PMPI_Sendrecv
State, "rank-96", MPI_STATE, 0.000742, 0.000790, 0.000048, 0.000000, PMPI_Sendrecv
State, "rank-96", MPI_STATE, 0.000792, 0.000834, 0.000042, 0.000000, PMPI_Sendrecv
State, "rank-96", MPI_STATE, 0.000836, 0.000897, 0.000061, 0.000000, PMPI_Sendrecv
State, "rank-96", MPI_STATE, 0.000899, 0.001002, 0.000103, 0.000000, PMPI_Sendrecv
State, "rank-96", MPI_STATE, 0.001004, 0.001192, 0.000188, 0.000000, PMPI_Sendrecv
State, "rank-96", MPI_STATE, 0.001194, 0.001570, 0.000376, 0.000000, PMPI_Sendrecv
State, "rank-96", MPI_STATE, 0.004643, 0.004643, 0.000000, 0.000000, PMPI_Reduce
State, "rank-96", MPI_STATE, 0.004645, 0.004645, 0.000000, 0.000000, PMPI_Reduce
State, "rank-96", MPI_STATE, 0.004646, 0.004692, 0.000046, 0.000000, PMPI_Barrier
State, "rank-96", MPI_STATE, 0.004693, 0.004693, 0.000000, 0.000000, PMPI_Finalize
Container, 0, MPI, 0, 0.004695, 0.004695, "rank-95"
State, "rank-95", MPI_STATE, 0.000000, 0.000000, 0.000000, 0.000000, PMPI_Init
State, "rank-95", MPI_STATE, 0.000032, 0.000517, 0.000485, 0.000000, PMPI_Barrier
State, "rank-95", MPI_STATE, 0.000521, 0.000789, 0.000268, 0.000000, PMPI_Scatter
State, "rank-95", MPI_STATE, 0.000796, 0.000804, 0.000008, 0.000000, PMPI_Sendrecv
State, "rank-95", MPI_STATE, 0.000806, 0.000819, 0.000013, 0.000000, PMPI_Sendrecv
State, "rank-95", MPI_STATE, 0.000821, 0.000846, 0.000025, 0.000000, PMPI_Sendrecv
State, "rank-95", MPI_STATE, 0.000847, 0.000895, 0.000048, 0.000000, PMPI_Sendrecv
State, "rank-95", MPI_STATE, 0.000897, 0.000992, 0.000095, 0.000000, PMPI_Sendrecv
State, "rank-95", MPI_STATE, 0.000994, 0.001193, 0.000199, 0.000000, PMPI_Sendrecv
State, "rank-95", MPI_STATE, 0.001195, 0.001571, 0.000376, 0.000000, PMPI_Sendrecv
State, "rank-95", MPI_STATE, 0.004606, 0.004606, 0.000000, 0.000000, PMPI_Reduce
State, "rank-95", MPI_STATE, 0.004609, 0.004609, 0.000000, 0.000000, PMPI_Reduce
State, "rank-95", MPI_STATE, 0.004610, 0.004693, 0.000083, 0.000000, PMPI_Barrier
State, "rank-95", MPI_STATE, 0.004695, 0.004695, 0.000000, 0.000000, PMPI_Finalize
Container, 0, MPI, 0, 0.004695, 0.004695, "rank-94"
State, "rank-94", MPI_STATE, 0.000000, 0.000000, 0.000000, 0.000000, PMPI_Init
State, "rank-94", MPI_STATE, 0.000032, 0.000516, 0.000484, 0.000000, PMPI_Barrier
State, "rank-94", MPI_STATE, 0.000520, 0.000644, 0.000124, 0.000000, PMPI_Scatter
State, "rank-94", MPI_STATE, 0.000654, 0.000804, 0.000150, 0.000000, PMPI_Sendrecv
State, "rank-94", MPI_STATE, 0.000806, 0.000819, 0.000013, 0.000000, PMPI_Sendrecv
State, "rank-94", MPI_STATE, 0.000821, 0.000846, 0.000025, 0.000000, PMPI_Sendrecv
State, "rank-94", MPI_STATE, 0.000848, 0.000896, 0.000048, 0.000000, PMPI_Sendrecv
State, "rank-94", MPI_STATE, 0.000897, 0.000992, 0.000095, 0.000000, PMPI_Sendrecv
State, "rank-94", MPI_STATE, 0.000994, 0.001190, 0.000196, 0.000000, PMPI_Sendrecv
State, "rank-94", MPI_STATE, 0.001192, 0.001568, 0.000376, 0.000000, PMPI_Sendrecv
State, "rank-94", MPI_STATE, 0.004572, 0.004572, 0.000000, 0.000000, PMPI_Reduce
State, "rank-94", MPI_STATE, 0.004579, 0.004579, 0.000000, 0.000000, PMPI_Reduce
State, "rank-94", MPI_STATE, 0.004580, 0.004693, 0.000113, 0.000000, PMPI_Barrier
State, "rank-94", MPI_STATE, 0.004695, 0.004695, 0.000000, 0.000000, PMPI_Finalize
Container, 0, MPI, 0, 0.004695, 0.004695, "rank-93"
State, "rank-93", MPI_STATE, 0.000000, 0.000000, 0.000000, 0.000000, PMPI_Init
State, "rank-93", MPI_STATE, 0.000028, 0.000516, 0.000488, 0.000000, PMPI_Barrier
State, "rank-93", MPI_STATE, 0.000520, 0.000778, 0.000258, 0.000000, PMPI_Scatter
State, "rank-93", MPI_STATE, 0.000786, 0.000794, 0.000008, 0.000000, PMPI_Sendrecv
State, "rank-93", MPI_STATE, 0.000795, 0.000819, 0.000024, 0.000000, PMPI_Sendrecv
State, "rank-93", MPI_STATE, 0.000821, 0.000846, 0.000025, 0.000000, PMPI_Sendrecv
State, "rank-93", MPI_STATE, 0.000847, 0.000895, 0.000048, 0.000000, PMPI_Sendrecv
State, "rank-93", MPI_STATE, 0.000896, 0.000991, 0.000095, 0.000000, PMPI_Sendrecv
State, "rank-93", MPI_STATE, 0.000992, 0.001191, 0.000199, 0.000000, PMPI_Sendrecv
State, "rank-93", MPI_STATE, 0.001193, 0.001569, 0.000376, 0.000000, PMPI_Sendrecv
State, "rank-93", MPI_STATE, 0.004584, 0.004584, 0.000000, 0.000000, PMPI_Reduce
State, "rank-93", MPI_STATE, 0.004586, 0.004586, 0.000000, 0.000000, PMPI_Reduce
State, "rank-93", MPI_STATE, 0.004587, 0.004693, 0.000106, 0.000000, PMPI_Barrier
State, "rank-93", MPI_STATE, 0.004695, 0.004695, 0.000000, 0.000000, PMPI_Finalize
Container, 0, MPI, 0, 0.004695, 0.004695, "rank-92"
State, "rank-92", MPI_STATE, 0.000000, 0.000000, 0.000000, 0.000000, PMPI_Init
State, "rank-92", MPI_STATE, 0.000034, 0.000516, 0.000482, 0.000000, PMPI_Barrier
State, "rank-92", MPI_STATE, 0.000519, 0.000585, 0.000066, 0.000000, PMPI_Scatter
State, "rank-92", MPI_STATE, 0.000593, 0.000794, 0.000201, 0.000000, PMPI_Sendrecv
State, "rank-92", MPI_STATE, 0.000796, 0.000819, 0.000023, 0.000000, PMPI_Sendrecv
State, "rank-92", MPI_STATE, 0.000821, 0.000846, 0.000025, 0.000000, PMPI_Sendrecv
State, "rank-92", MPI_STATE, 0.000848, 0.000896, 0.000048, 0.000000, PMPI_Sendrecv
State, "rank-92", MPI_STATE, 0.000897, 0.000992, 0.000095, 0.000000, PMPI_Sendrecv
State, "rank-92", MPI_STATE, 0.000993, 0.001190, 0.000197, 0.000000, PMPI_Sendrecv
State, "rank-92", MPI_STATE, 0.001191, 0.001567, 0.000376, 0.000000, PMPI_Sendrecv
State, "rank-92", MPI_STATE, 0.004599, 0.004599, 0.000000, 0.000000, PMPI_Reduce
State, "rank-92", MPI_STATE, 0.004601, 0.004601, 0.000000, 0.000000, PMPI_Reduce
State, "rank-92", MPI_STATE, 0.004604, 0.004693, 0.000089, 0.000000, PMPI_Barrier
State, "rank-92", MPI_STATE, 0.004695, 0.004695, 0.000000, 0.000000, PMPI_Finalize
Container, 0, MPI, 0, 0.004695, 0.004695, "rank-91"
State, "rank-91", MPI_STATE, 0.000000, 0.000000, 0.000000, 0.000000, PMPI_Init
State, "rank-91", MPI_STATE, 0.000032, 0.000516, 0.000484, 0.000000, PMPI_Barrier
State, "rank-91", MPI_STATE, 0.000520, 0.000778, 0.000258, 0.000000, PMPI_Scatter
State, "rank-91", MPI_STATE, 0.000783, 0.000791, 0.000008, 0.000000, PMPI_Sendrecv
State, "rank-91", MPI_STATE, 0.000797, 0.000810, 0.000013, 0.000000, PMPI_Sendrecv
State, "rank-91", MPI_STATE, 0.000811, 0.000846, 0.000035, 0.000000, PMPI_Sendrecv
State, "rank-91", MPI_STATE, 0.000847, 0.000895, 0.000048, 0.000000, PMPI_Sendrecv
State, "rank-91", MPI_STATE, 0.000898, 0.000993, 0.000095, 0.000000, PMPI_Sendrecv
State, "rank-91", MPI_STATE, 0.000995, 0.001192, 0.000197, 0.000000, PMPI_Sendrecv
State, "rank-91", MPI_STATE, 0.001194, 0.001570, 0.000376, 0.000000, PMPI_Sendrecv
State, "rank-91", MPI_STATE, 0.004578, 0.004578, 0.000000, 0.000000, PMPI_Reduce
State, "rank-91", MPI_STATE, 0.004580, 0.004580, 0.000000, 0.000000, PMPI_Reduce
State, "rank-91", MPI_STATE, 0.004581, 0.004693, 0.000112, 0.000000, PMPI_Barrier
State, "rank-91", MPI_STATE, 0.004695, 0.004695, 0.000000, 0.000000, PMPI_Finalize
Container, 0, MPI, 0, 0.004695, 0.004695, "rank-90"
State, "rank-90", MPI_STATE, 0.000000, 0.000000, 0.000000, 0.000000, PMPI_Init
State, "rank-90", MPI_STATE, 0.000031, 0.000516, 0.000485, 0.000000, PMPI_Barrier
State, "rank-90", MPI_STATE, 0.000519, 0.000640, 0.000121, 0.000000, PMPI_Scatter
State, "rank-90", MPI_STATE, 0.000649, 0.000791, 0.000142, 0.000000, PMPI_Sendrecv
State, "rank-90", MPI_STATE, 0.000792, 0.000805, 0.000013, 0.000000, PMPI_Sendrecv
State, "rank-90", MPI_STATE, 0.000806, 0.000846, 0.000040, 0.000000, PMPI_Sendrecv
State, "rank-90", MPI_STATE, 0.000847, 0.000895, 0.000048, 0.000000, PMPI_Sendrecv
State, "rank-90", MPI_STATE, 0.000897, 0.000992, 0.000095, 0.000000, PMPI_Sendrecv
State, "rank-90", MPI_STATE, 0.000993, 0.001192, 0.000199, 0.000000, PMPI_Sendrecv
State, "rank-90", MPI_STATE, 0.001194, 0.001570, 0.000376, 0.000000, PMPI_Sendrecv
State, "rank-90", MPI_STATE, 0.004579, 0.004579, 0.000000, 0.000000, PMPI_Reduce
State, "rank-90", MPI_STATE, 0.004581, 0.004581, 0.000000, 0.000000, PMPI_Reduce
State, "rank-90", MPI_STATE, 0.004583, 0.004693, 0.000110, 0.000000, PMPI_Barrier
State, "rank-90", MPI_STATE, 0.004695, 0.004695, 0.000000, 0.000000, PMPI_Finalize
Container, 0, MPI, 0, 0.004695, 0.004695, "rank-89"
State, "rank-89", MPI_STATE, 0.000000, 0.000000, 0.000000, 0.000000, PMPI_Init
State, "rank-89", MPI_STATE, 0.000032, 0.000516, 0.000484, 0.000000, PMPI_Barrier
State, "rank-89", MPI_STATE, 0.000521, 0.000762, 0.000241, 0.000000, PMPI_Scatter
State, "rank-89", MPI_STATE, 0.000769, 0.000777, 0.000008, 0.000000, PMPI_Sendrecv
State, "rank-89", MPI_STATE, 0.000779, 0.000810, 0.000031, 0.000000, PMPI_Sendrecv
State, "rank-89", MPI_STATE, 0.000811, 0.000846, 0.000035, 0.000000, PMPI_Sendrecv
State, "rank-89", MPI_STATE, 0.000848, 0.000896, 0.000048, 0.000000, PMPI_Sendrecv
State, "rank-89", MPI_STATE, 0.000898, 0.000993, 0.000095, 0.000000, PMPI_Sendrecv
State, "rank-89", MPI_STATE, 0.000994, 0.001191, 0.000197, 0.000000, PMPI_Sendrecv
State, "rank-89", MPI_STATE, 0.001192, 0.001568, 0.000376, 0.000000, PMPI_Sendrecv
State, "rank-89", MPI_STATE, 0.004610, 0.004610, 0.000000, 0.000000, PMPI_Reduce
State, "rank-89", MPI_STATE, 0.004613, 0.004613, 0.000000, 0.000000, PMPI_Reduce
State, "rank-89", MPI_STATE, 0.004615, 0.004693, 0.000078, 0.000000, PMPI_Barrier
State, "rank-89", MPI_STATE, 0.004695, 0.004695, 0.000000, 0.000000, PMPI_Finalize
Container, 0, MPI, 0, 0.004693, 0.004693, "rank-8"
State, "rank-8", MPI_STATE, 0.000000, 0.000000, 0.000000, 0.000000, PMPI_Init
State, "rank-8", MPI_STATE, 0.000047, 0.000516, 0.000469, 0.000000, PMPI_Barrier
State, "rank-8", MPI_STATE, 0.000520, 0.000536, 0.000016, 0.000000, PMPI_Scatter
State, "rank-8", MPI_STATE, 0.000551, 0.000683, 0.000132, 0.000000, PMPI_Sendrecv
State, "rank-8", MPI_STATE, 0.000685, 0.000754, 0.000069, 0.000000, PMPI_Sendrecv
State, "rank-8", MPI_STATE, 0.000756, 0.000816, 0.000060, 0.000000, PMPI_Sendrecv
State, "rank-8", MPI_STATE, 0.000818, 0.000866, 0.000048, 0.000000, PMPI_Sendrecv
State, "rank-8", MPI_STATE, 0.000868, 0.000980, 0.000112, 0.000000, PMPI_Sendrecv
State, "rank-8", MPI_STATE, 0.000982, 0.001182, 0.000200, 0.000000, PMPI_Sendrecv
State, "rank-8", MPI_STATE, 0.001184, 0.001572, 0.000388, 0.000000, PMPI_Sendrecv
State, "rank-8", MPI_STATE, 0.004616, 0.004616, 0.000000, 0.000000, PMPI_Reduce
State, "rank-8", MPI_STATE, 0.004620, 0.004620, 0.000000, 0.000000, PMPI_Reduce
State, "rank-8", MPI_STATE, 0.004622, 0.004692, 0.000070, 0.000000, PMPI_Barrier
State, "rank-8", MPI_STATE, 0.004693, 0.004693, 0.000000, 0.000000, PMPI_Finalize
Container, 0, MPI, 0, 0.004695, 0.004695, "rank-88"
State, "rank-88", MPI_STATE, 0.000000, 0.000000, 0.000000, 0.000000, PMPI_Init
State, "rank-88", MPI_STATE, 0.000030, 0.000516, 0.000486, 0.000000, PMPI_Barrier
State, "rank-88", MPI_STATE, 0.000520, 0.000553, 0.000033, 0.000000, PMPI_Scatter
State, "rank-88", MPI_STATE, 0.000561, 0.000777, 0.000216, 0.000000, PMPI_Sendrecv
State, "rank-88", MPI_STATE, 0.000778, 0.000805, 0.000027, 0.000000, PMPI_Sendrecv
State, "rank-88", MPI_STATE, 0.000806, 0.000846, 0.000040, 0.000000, PMPI_Sendrecv
State, "rank-88", MPI_STATE, 0.000848, 0.000896, 0.000048, 0.000000, PMPI_Sendrecv
State, "rank-88", MPI_STATE, 0.000897, 0.000992, 0.000095, 0.000000, PMPI_Sendrecv
State, "rank-88", MPI_STATE, 0.000994, 0.001193, 0.000199, 0.000000, PMPI_Sendrecv
State, "rank-88", MPI_STATE, 0.001196, 0.001572, 0.000376, 0.000000, PMPI_Sendrecv
State, "rank-88", MPI_STATE, 0.004578, 0.004578, 0.000000, 0.000000, PMPI_Reduce
State, "rank-88", MPI_STATE, 0.004580, 0.004580, 0.000000, 0.000000, PMPI_Reduce
State, "rank-88", MPI_STATE, 0.004581, 0.004693, 0.000112, 0.000000, PMPI_Barrier
State, "rank-88", MPI_STATE, 0.004695, 0.004695, 0.000000, 0.000000, PMPI_Finalize
Container, 0, MPI, 0, 0.004695, 0.004695, "rank-87"
State, "rank-87", MPI_STATE, 0.000000, 0.000000, 0.000000, 0.000000, PMPI_Init
State, "rank-87", MPI_STATE, 0.000029, 0.000516, 0.000487, 0.000000, PMPI_Barrier
State, "rank-87", MPI_STATE, 0.000519, 0.000778, 0.000259, 0.000000, PMPI_Scatter
State, "rank-87", MPI_STATE, 0.000784, 0.000792, 0.000008, 0.000000, PMPI_Sendrecv
State, "rank-87", MPI_STATE, 0.000794, 0.000807, 0.000013, 0.000000, PMPI_Sendrecv
State, "rank-87", MPI_STATE, 0.000808, 0.000833, 0.000025, 0.000000, PMPI_Sendrecv
State, "rank-87", MPI_STATE, 0.000835, 0.000895, 0.000060, 0.000000, PMPI_Sendrecv
State, "rank-87", MPI_STATE, 0.000897, 0.000992, 0.000095, 0.000000, PMPI_Sendrecv
State, "rank-87", MPI_STATE, 0.000993, 0.001193, 0.000200, 0.000000, PMPI_Sendrecv
State, "rank-87", MPI_STATE, 0.001195, 0.001571, 0.000376, 0.000000, PMPI_Sendrecv
State, "rank-87", MPI_STATE, 0.004577, 0.004577, 0.000000, 0.000000, PMPI_Reduce
State, "rank-87", MPI_STATE, 0.004579, 0.004579, 0.000000, 0.000000, PMPI_Reduce
State, "rank-87", MPI_STATE, 0.004580, 0.004693, 0.000113, 0.000000, PMPI_Barrier
State, "rank-87", MPI_STATE, 0.004695, 0.004695, 0.000000, 0.000000, PMPI_Finalize
Container, 0, MPI, 0, 0.004694, 0.004694, "rank-86"
State, "rank-86", MPI_STATE, 0.000000, 0.000000, 0.000000, 0.000000, PMPI_Init
State, "rank-86", MPI_STATE, 0.000033, 0.000516, 0.000483, 0.000000, PMPI_Barrier
State, "rank-86", MPI_STATE, 0.000520, 0.000640, 0.000120, 0.000000, PMPI_Scatter
State, "rank-86", MPI_STATE, 0.000647, 0.000792, 0.000145, 0.000000, PMPI_Sendrecv
State, "rank-86", MPI_STATE, 0.000794, 0.000807, 0.000013, 0.000000, PMPI_Sendrecv
State, "rank-86", MPI_STATE, 0.000808, 0.000833, 0.000025, 0.000000, PMPI_Sendrecv
State, "rank-86", MPI_STATE, 0.000834, 0.000896, 0.000062, 0.000000, PMPI_Sendrecv
State, "rank-86", MPI_STATE, 0.000897, 0.000992, 0.000095, 0.000000, PMPI_Sendrecv
State, "rank-86", MPI_STATE, 0.000993, 0.001191, 0.000198, 0.000000, PMPI_Sendrecv
State, "rank-86", MPI_STATE, 0.001194, 0.001570, 0.000376, 0.000000, PMPI_Sendrecv
State, "rank-86", MPI_STATE, 0.004593, 0.004593, 0.000000, 0.000000, PMPI_Reduce
State, "rank-86", MPI_STATE, 0.004595, 0.004595, 0.000000, 0.000000, PMPI_Reduce
State, "rank-86", MPI_STATE, 0.004597, 0.004693, 0.000096, 0.000000, PMPI_Barrier
State, "rank-86", MPI_STATE, 0.004694, 0.004694, 0.000000, 0.000000, PMPI_Finalize
Container, 0, MPI, 0, 0.004694, 0.004694, "rank-85"
State, "rank-85", MPI_STATE, 0.000000, 0.000000, 0.000000, 0.000000, PMPI_Init
State, "rank-85", MPI_STATE, 0.000031, 0.000516, 0.000485, 0.000000, PMPI_Barrier
State, "rank-85", MPI_STATE, 0.000521, 0.000762, 0.000241, 0.000000, PMPI_Scatter
State, "rank-85", MPI_STATE, 0.000769, 0.000777, 0.000008, 0.000000, PMPI_Sendrecv
State, "rank-85", MPI_STATE, 0.000778, 0.000807, 0.000029, 0.000000, PMPI_Sendrecv
State, "rank-85", MPI_STATE, 0.000809, 0.000834, 0.000025, 0.000000, PMPI_Sendrecv
State, "rank-85", MPI_STATE, 0.000836, 0.000895, 0.000059, 0.000000, PMPI_Sendrecv
State, "rank-85", MPI_STATE, 0.000897, 0.000992, 0.000095, 0.000000, PMPI_Sendrecv
State, "rank-85", MPI_STATE, 0.000994, 0.001192, 0.000198, 0.000000, PMPI_Sendrecv
State, "rank-85", MPI_STATE, 0.001195, 0.001571, 0.000376, 0.000000, PMPI_Sendrecv
State, "rank-85", MPI_STATE, 0.004612, 0.004612, 0.000000, 0.000000, PMPI_Reduce
State, "rank-85", MPI_STATE, 0.004615, 0.004615, 0.000000, 0.000000, PMPI_Reduce
State, "rank-85", MPI_STATE, 0.004617, 0.004693, 0.000076, 0.000000, PMPI_Barrier
State, "rank-85", MPI_STATE, 0.004694, 0.004694, 0.000000, 0.000000, PMPI_Finalize
Container, 0, MPI, 0, 0.004695, 0.004695, "rank-84"
State, "rank-84", MPI_STATE, 0.000000, 0.000000, 0.000000, 0.000000, PMPI_Init
State, "rank-84", MPI_STATE, 0.000031, 0.000516, 0.000485, 0.000000, PMPI_Barrier
State, "rank-84", MPI_STATE, 0.000520, 0.000580, 0.000060, 0.000000, PMPI_Scatter
State, "rank-84", MPI_STATE, 0.000588, 0.000777, 0.000189, 0.000000, PMPI_Sendrecv
State, "rank-84", MPI_STATE, 0.000778, 0.000807, 0.000029, 0.000000, PMPI_Sendrecv
State, "rank-84", MPI_STATE, 0.000809, 0.000834, 0.000025, 0.000000, PMPI_Sendrecv
State, "rank-84", MPI_STATE, 0.000836, 0.000896, 0.000060, 0.000000, PMPI_Sendrecv
State, "rank-84", MPI_STATE, 0.000898, 0.000993, 0.000095, 0.000000, PMPI_Sendrecv
State, "rank-84", MPI_STATE, 0.000994, 0.001190, 0.000196, 0.000000, PMPI_Sendrecv
State, "rank-84", MPI_STATE, 0.001192, 0.001568, 0.000376, 0.000000, PMPI_Sendrecv
State, "rank-84", MPI_STATE, 0.004648, 0.004648, 0.000000, 0.000000, PMPI_Reduce
State, "rank-84", MPI_STATE, 0.004650, 0.004650, 0.000000, 0.000000, PMPI_Reduce
State, "rank-84", MPI_STATE, 0.004652, 0.004693, 0.000041, 0.000000, PMPI_Barrier
State, "rank-84", MPI_STATE, 0.004695, 0.004695, 0.000000, 0.000000, PMPI_Finalize
Container, 0, MPI, 0, 0.004695, 0.004695, "rank-83"
State, "rank-83", MPI_STATE, 0.000000, 0.000000, 0.000000, 0.000000, PMPI_Init
State, "rank-83", MPI_STATE, 0.000032, 0.000516, 0.000484, 0.000000, PMPI_Barrier
State, "rank-83", MPI_STATE, 0.000520, 0.000762, 0.000242, 0.000000, PMPI_Scatter
State, "rank-83", MPI_STATE, 0.000769, 0.000777, 0.000008, 0.000000, PMPI_Sendrecv
State, "rank-83", MPI_STATE, 0.000779, 0.000792, 0.000013, 0.000000, PMPI_Sendrecv
State, "rank-83", MPI_STATE, 0.000794, 0.000833, 0.000039, 0.000000, PMPI_Sendrecv
State, "rank-83", MPI_STATE, 0.000835, 0.000895, 0.000060, 0.000000, PMPI_Sendrecv
State, "rank-83", MPI_STATE, 0.000896, 0.000991, 0.000095, 0.000000, PMPI_Sendrecv
State, "rank-83", MPI_STATE, 0.000993, 0.001192, 0.000199, 0.000000, PMPI_Sendrecv
State, "rank-83", MPI_STATE, 0.001194, 0.001570, 0.000376, 0.000000, PMPI_Sendrecv
State, "rank-83", MPI_STATE, 0.004611, 0.004611, 0.000000, 0.000000, PMPI_Reduce
State, "rank-83", MPI_STATE, 0.004613, 0.004613, 0.000000, 0.000000, PMPI_Reduce
State, "rank-83", MPI_STATE, 0.004615, 0.004693, 0.000078, 0.000000, PMPI_Barrier
State, "rank-83", MPI_STATE, 0.004695, 0.004695, 0.000000, 0.000000, PMPI_Finalize
Container, 0, MPI, 0, 0.004695, 0.004695, "rank-82"
State, "rank-82", MPI_STATE, 0.000000, 0.000000, 0.000000, 0.000000, PMPI_Init
State, "rank-82", MPI_STATE, 0.000031, 0.000516, 0.000485, 0.000000, PMPI_Barrier
State, "rank-82", MPI_STATE, 0.000656, 0.000661, 0.000005, 0.000000, PMPI_Scatter
State, "rank-82", MPI_STATE, 0.000667, 0.000777, 0.000110, 0.000000, PMPI_Sendrecv
State, "rank-82", MPI_STATE, 0.000779, 0.000792, 0.000013, 0.000000, PMPI_Sendrecv
State, "rank-82", MPI_STATE, 0.000794, 0.000833, 0.000039, 0.000000, PMPI_Sendrecv
State, "rank-82", MPI_STATE, 0.000835, 0.000895, 0.000060, 0.000000, PMPI_Sendrecv
State, "rank-82", MPI_STATE, 0.000896, 0.000991, 0.000095, 0.000000, PMPI_Sendrecv
State, "rank-82", MPI_STATE, 0.000993, 0.001193, 0.000200, 0.000000, PMPI_Sendrecv
State, "rank-82", MPI_STATE, 0.001195, 0.001571, 0.000376, 0.000000, PMPI_Sendrecv
State, "rank-82", MPI_STATE, 0.004627, 0.004627, 0.000000, 0.000000, PMPI_Reduce
State, "rank-82", MPI_STATE, 0.004629, 0.004629, 0.000000, 0.000000, PMPI_Reduce
State, "rank-82", MPI_STATE, 0.004631, 0.004693, 0.000062, 0.000000, PMPI_Barrier
State, "rank-82", MPI_STATE, 0.004695, 0.004695, 0.000000, 0.000000, PMPI_Finalize
Container, 0, MPI, 0, 0.004694, 0.004694, "rank-81"
State, "rank-81", MPI_STATE, 0.000000, 0.000000, 0.000000, 0.000000, PMPI_Init
State, "rank-81", MPI_STATE, 0.000030, 0.000516, 0.000486, 0.000000, PMPI_Barrier
State, "rank-81", MPI_STATE, 0.000519, 0.000725, 0.000206, 0.000000, PMPI_Scatter
State, "rank-81", MPI_STATE, 0.000730, 0.000738, 0.000008, 0.000000, PMPI_Sendrecv
State, "rank-81", MPI_STATE, 0.000740, 0.000792, 0.000052, 0.000000, PMPI_Sendrecv
State, "rank-81", MPI_STATE, 0.000795, 0.000834, 0.000039, 0.000000, PMPI_Sendrecv
State, "rank-81", MPI_STATE, 0.000835, 0.000896, 0.000061, 0.000000, PMPI_Sendrecv
State, "rank-81", MPI_STATE, 0.000899, 0.000994, 0.000095, 0.000000, PMPI_Sendrecv
State, "rank-81", MPI_STATE, 0.000996, 0.001190, 0.000194, 0.000000, PMPI_Sendrecv
State, "rank-81", MPI_STATE, 0.001192, 0.001568, 0.000376, 0.000000, PMPI_Sendrecv
State, "rank-81", MPI_STATE, 0.004570, 0.004570, 0.000000, 0.000000, PMPI_Reduce
State, "rank-81", MPI_STATE, 0.004573, 0.004573, 0.000000, 0.000000, PMPI_Reduce
State, "rank-81", MPI_STATE, 0.004575, 0.004693, 0.000118, 0.000000, PMPI_Barrier
State, "rank-81", MPI_STATE, 0.004694, 0.004694, 0.000000, 0.000000, PMPI_Finalize
Container, 0, MPI, 0, 0.004694, 0.004694, "rank-80"
State, "rank-80", MPI_STATE, 0.000000, 0.000000, 0.000000, 0.000000, PMPI_Init
State, "rank-80", MPI_STATE, 0.000031, 0.000516, 0.000485, 0.000000, PMPI_Barrier
State, "rank-80", MPI_STATE, 0.000520, 0.000537, 0.000017, 0.000000, PMPI_Scatter
State, "rank-80", MPI_STATE, 0.000547, 0.000738, 0.000191, 0.000000, PMPI_Sendrecv
State, "rank-80", MPI_STATE, 0.000740, 0.000792, 0.000052, 0.000000, PMPI_Sendrecv
State, "rank-80", MPI_STATE, 0.000794, 0.000834, 0.000040, 0.000000, PMPI_Sendrecv
State, "rank-80", MPI_STATE, 0.000836, 0.000896, 0.000060, 0.000000, PMPI_Sendrecv
State, "rank-80", MPI_STATE, 0.000898, 0.000993, 0.000095, 0.000000, PMPI_Sendrecv
State, "rank-80", MPI_STATE, 0.000995, 0.001192, 0.000197, 0.000000, PMPI_Sendrecv
State, "rank-80", MPI_STATE, 0.001194, 0.001570, 0.000376, 0.000000, PMPI_Sendrecv
State, "rank-80", MPI_STATE, 0.004605, 0.004605, 0.000000, 0.000000, PMPI_Reduce
State, "rank-80", MPI_STATE, 0.004607, 0.004607, 0.000000, 0.000000, PMPI_Reduce
State, "rank-80", MPI_STATE, 0.004609, 0.004692, 0.000083, 0.000000, PMPI_Barrier
State, "rank-80", MPI_STATE, 0.004694, 0.004694, 0.000000, 0.000000, PMPI_Finalize
Container, 0, MPI, 0, 0.004695, 0.004695, "rank-79"
State, "rank-79", MPI_STATE, 0.000000, 0.000000, 0.000000, 0.000000, PMPI_Init
State, "rank-79", MPI_STATE, 0.000030, 0.000516, 0.000486, 0.000000, PMPI_Barrier
State, "rank-79", MPI_STATE, 0.000521, 0.000778, 0.000257, 0.000000, PMPI_Scatter
State, "rank-79", MPI_STATE, 0.000785, 0.000793, 0.000008, 0.000000, PMPI_Sendrecv
State, "rank-79", MPI_STATE, 0.000794, 0.000807, 0.000013, 0.000000, PMPI_Sendrecv
State, "rank-79", MPI_STATE, 0.000809, 0.000834, 0.000025, 0.000000, PMPI_Sendrecv
State, "rank-79", MPI_STATE, 0.000836, 0.000884, 0.000048, 0.000000, PMPI_Sendrecv
State, "rank-79", MPI_STATE, 0.000886, 0.000992, 0.000106, 0.000000, PMPI_Sendrecv
State, "rank-79", MPI_STATE, 0.000993, 0.001193, 0.000200, 0.000000, PMPI_Sendrecv
State, "rank-79", MPI_STATE, 0.001195, 0.001571, 0.000376, 0.000000, PMPI_Sendrecv
State, "rank-79", MPI_STATE, 0.004593, 0.004593, 0.000000, 0.000000, PMPI_Reduce
State, "rank-79", MPI_STATE, 0.004595, 0.004595, 0.000000, 0.000000, PMPI_Reduce
State, "rank-79", MPI_STATE, 0.004596, 0.004693, 0.000097, 0.000000, PMPI_Barrier
State, "rank-79", MPI_STATE, 0.004695, 0.004695, 0.000000, 0.000000, PMPI_Finalize
Container, 0, MPI, 0, 0.004695, 0.004695, "rank-7"
State, "rank-7", MPI_STATE, 0.000000, 0.000000, 0.000000, 0.000000, PMPI_Init
State, "rank-7", MPI_STATE, 0.000039, 0.000516, 0.000477, 0.000000, PMPI_Barrier
State, "rank-7", MPI_STATE, 0.000520, 0.000725, 0.000205, 0.000000, PMPI_Scatter
State, "rank-7", MPI_STATE, 0.000732, 0.000740, 0.000008, 0.000000, PMPI_Sendrecv
State, "rank-7", MPI_STATE, 0.000741, 0.000754, 0.000013, 0.000000, PMPI_Sendrecv
State, "rank-7", MPI_STATE, 0.000756, 0.000794, 0.000038, 0.000000, PMPI_Sendrecv
State, "rank-7", MPI_STATE, 0.000796, 0.000865, 0.000069, 0.000000, PMPI_Sendrecv
State, "rank-7", MPI_STATE, 0.000867, 0.000980, 0.000113, 0.000000, PMPI_Sendrecv
State, "rank-7", MPI_STATE, 0.000983, 0.001183, 0.000200, 0.000000, PMPI_Sendrecv
State, "rank-7", MPI_STATE, 0.001184, 0.001571, 0.000387, 0.000000, PMPI_Sendrecv
State, "rank-7", MPI_STATE, 0.004624, 0.004624, 0.000000, 0.000000, PMPI_Reduce
State, "rank-7", MPI_STATE, 0.004626, 0.004626, 0.000000, 0.000000, PMPI_Reduce
State, "rank-7", MPI_STATE, 0.004628, 0.004693, 0.000065, 0.000000, PMPI_Barrier
State, "rank-7", MPI_STATE, 0.004695, 0.004695, 0.000000, 0.000000, PMPI_Finalize
Container, 0, MPI, 0, 0.004695, 0.004695, "rank-78"
State, "rank-78", MPI_STATE, 0.000000, 0.000000, 0.000000, 0.000000, PMPI_Init
State, "rank-78", MPI_STATE, 0.000033, 0.000516, 0.000483, 0.000000, PMPI_Barrier
State, "rank-78", MPI_STATE, 0.000520, 0.000640, 0.000120, 0.000000, PMPI_Scatter
State, "rank-78", MPI_STATE, 0.000646, 0.000793, 0.000147, 0.000000, PMPI_Sendrecv
State, "rank-78", MPI_STATE, 0.000795, 0.000808, 0.000013, 0.000000, PMPI_Sendrecv
State, "rank-78", MPI_STATE, 0.000810, 0.000835, 0.000025, 0.000000, PMPI_Sendrecv
State, "rank-78", MPI_STATE, 0.000837, 0.000885, 0.000048, 0.000000, PMPI_Sendrecv
State, "rank-78", MPI_STATE, 0.000887, 0.000992, 0.000105, 0.000000, PMPI_Sendrecv
State, "rank-78", MPI_STATE, 0.000994, 0.001191, 0.000197, 0.000000, PMPI_Sendrecv
State, "rank-78", MPI_STATE, 0.001193, 0.001569, 0.000376, 0.000000, PMPI_Sendrecv
State, "rank-78", MPI_STATE, 0.004574, 0.004574, 0.000000, 0.000000, PMPI_Reduce
State, "rank-78", MPI_STATE, 0.004576, 0.004576, 0.000000, 0.000000, PMPI_Reduce
State, "rank-78", MPI_STATE, 0.004577, 0.004693, 0.000116, 0.000000, PMPI_Barrier
State, "rank-78", MPI_STATE, 0.004695, 0.004695, 0.000000, 0.000000, PMPI_Finalize
Container, 0, MPI, 0, 0.004694, 0.004694, "rank-77"
State, "rank-77", MPI_STATE, 0.000000, 0.000000, 0.000000, 0.000000, PMPI_Init
State, "rank-77", MPI_STATE, 0.000034, 0.000516, 0.000482, 0.000000, PMPI_Barrier
State, "rank-77", MPI_STATE, 0.000519, 0.000762, 0.000243, 0.000000, PMPI_Scatter
State, "rank-77", MPI_STATE, 0.000769, 0.000777, 0.000008, 0.000000, PMPI_Sendrecv
State, "rank-77", MPI_STATE, 0.000778, 0.000807, 0.000029, 0.000000, PMPI_Sendrecv
State, "rank-77", MPI_STATE, 0.000810, 0.000835, 0.000025, 0.000000, PMPI_Sendrecv
State, "rank-77", MPI_STATE, 0.000836, 0.000884, 0.000048, 0.000000, PMPI_Sendrecv
State, "rank-77", MPI_STATE, 0.000886, 0.000991, 0.000105, 0.000000, PMPI_Sendrecv
State, "rank-77", MPI_STATE, 0.000993, 0.001191, 0.000198, 0.000000, PMPI_Sendrecv
State, "rank-77", MPI_STATE, 0.001193, 0.001569, 0.000376, 0.000000, PMPI_Sendrecv
State, "rank-77", MPI_STATE, 0.004584, 0.004584, 0.000000, 0.000000, PMPI_Reduce
State, "rank-77", MPI_STATE, 0.004586, 0.004586, 0.000000, 0.000000, PMPI_Reduce
State, "rank-77", MPI_STATE, 0.004587, 0.004693, 0.000106, 0.000000, PMPI_Barrier
State, "rank-77", MPI_STATE, 0.004694, 0.004694, 0.000000, 0.000000, PMPI_Finalize
Container, 0, MPI, 0, 0.004694, 0.004694, "rank-76"
State, "rank-76", MPI_STATE, 0.000000, 0.000000, 0.000000, 0.000000, PMPI_Init
State, "rank-76", MPI_STATE, 0.000035, 0.000516, 0.000481, 0.000000, PMPI_Barrier
State, "rank-76", MPI_STATE, 0.000519, 0.000580, 0.000061, 0.000000, PMPI_Scatter
State, "rank-76", MPI_STATE, 0.000589, 0.000777, 0.000188, 0.000000, PMPI_Sendrecv
State, "rank-76", MPI_STATE, 0.000779, 0.000808, 0.000029, 0.000000, PMPI_Sendrecv
State, "rank-76", MPI_STATE, 0.000810, 0.000835, 0.000025, 0.000000, PMPI_Sendrecv
State, "rank-76", MPI_STATE, 0.000837, 0.000885, 0.000048, 0.000000, PMPI_Sendrecv
State, "rank-76", MPI_STATE, 0.000886, 0.000992, 0.000106, 0.000000, PMPI_Sendrecv
State, "rank-76", MPI_STATE, 0.000994, 0.001190, 0.000196, 0.000000, PMPI_Sendrecv
State, "rank-76", MPI_STATE, 0.001192, 0.001568, 0.000376, 0.000000, PMPI_Sendrecv
State, "rank-76", MPI_STATE, 0.004596, 0.004596, 0.000000, 0.000000, PMPI_Reduce
State, "rank-76", MPI_STATE, 0.004598, 0.004598, 0.000000, 0.000000, PMPI_Reduce
State, "rank-76", MPI_STATE, 0.004600, 0.004693, 0.000093, 0.000000, PMPI_Barrier
State, "rank-76", MPI_STATE, 0.004694, 0.004694, 0.000000, 0.000000, PMPI_Finalize
Container, 0, MPI, 0, 0.004695, 0.004695, "rank-75"
State, "rank-75", MPI_STATE, 0.000000, 0.000000, 0.000000, 0.000000, PMPI_Init
State, "rank-75", MPI_STATE, 0.000068, 0.000516, 0.000448, 0.000000, PMPI_Barrier
State, "rank-75", MPI_STATE, 0.000520, 0.000762, 0.000242, 0.000000, PMPI_Scatter
State, "rank-75", MPI_STATE, 0.000768, 0.000776, 0.000008, 0.000000, PMPI_Sendrecv
State, "rank-75", MPI_STATE, 0.000778, 0.000791, 0.000013, 0.000000, PMPI_Sendrecv
State, "rank-75", MPI_STATE, 0.000793, 0.000834, 0.000041, 0.000000, PMPI_Sendrecv
State, "rank-75", MPI_STATE, 0.000837, 0.000885, 0.000048, 0.000000, PMPI_Sendrecv
State, "rank-75", MPI_STATE, 0.000887, 0.000993, 0.000106, 0.000000, PMPI_Sendrecv
State, "rank-75", MPI_STATE, 0.000996, 0.001192, 0.000196, 0.000000, PMPI_Sendrecv
State, "rank-75", MPI_STATE, 0.001194, 0.001570, 0.000376, 0.000000, PMPI_Sendrecv
State, "rank-75", MPI_STATE, 0.004563, 0.004563, 0.000000, 0.000000, PMPI_Reduce
State, "rank-75", MPI_STATE, 0.004565, 0.004565, 0.000000, 0.000000, PMPI_Reduce
State, "rank-75", MPI_STATE, 0.004567, 0.004693, 0.000126, 0.000000, PMPI_Barrier
State, "rank-75", MPI_STATE, 0.004695, 0.004695, 0.000000, 0.000000, PMPI_Finalize
Container, 0, MPI, 0, 0.004695, 0.004695, "rank-74"
State, "rank-74", MPI_STATE, 0.000000, 0.000000, 0.000000, 0.000000, PMPI_Init
State, "rank-74", MPI_STATE, 0.000037, 0.000516, 0.000479, 0.000000, PMPI_Barrier
State, "rank-74", MPI_STATE, 0.000521, 0.000625, 0.000104, 0.000000, PMPI_Scatter
State, "rank-74", MPI_STATE, 0.000634, 0.000776, 0.000142, 0.000000, PMPI_Sendrecv
State, "rank-74", MPI_STATE, 0.000777, 0.000790, 0.000013, 0.000000, PMPI_Sendrecv
State, "rank-74", MPI_STATE, 0.000791, 0.000835, 0.000044, 0.000000, PMPI_Sendrecv
State, "rank-74", MPI_STATE, 0.000837, 0.000885, 0.000048, 0.000000, PMPI_Sendrecv
State, "rank-74", MPI_STATE, 0.000887, 0.000992, 0.000105, 0.000000, PMPI_Sendrecv
State, "rank-74", MPI_STATE, 0.000994, 0.001193, 0.000199, 0.000000, PMPI_Sendrecv
State, "rank-74", MPI_STATE, 0.001194, 0.001570, 0.000376, 0.000000, PMPI_Sendrecv
State, "rank-74", MPI_STATE, 0.004571, 0.004571, 0.000000, 0.000000, PMPI_Reduce
State, "rank-74", MPI_STATE, 0.004573, 0.004573, 0.000000, 0.000000, PMPI_Reduce
State, "rank-74", MPI_STATE, 0.004575, 0.004693, 0.000118, 0.000000, PMPI_Barrier
State, "rank-74", MPI_STATE, 0.004695, 0.004695, 0.000000, 0.000000, PMPI_Finalize
Container, 0, MPI, 0, 0.004695, 0.004695, "rank-73"
State, "rank-73", MPI_STATE, 0.000000, 0.000000, 0.000000, 0.000000, PMPI_Init
State, "rank-73", MPI_STATE, 0.000038, 0.000516, 0.000478, 0.000000, PMPI_Barrier
State, "rank-73", MPI_STATE, 0.000519, 0.000725, 0.000206, 0.000000, PMPI_Scatter
State, "rank-73", MPI_STATE, 0.000731, 0.000739, 0.000008, 0.000000, PMPI_Sendrecv
State, "rank-73", MPI_STATE, 0.000741, 0.000791, 0.000050, 0.000000, PMPI_Sendrecv
State, "rank-73", MPI_STATE, 0.000793, 0.000835, 0.000042, 0.000000, PMPI_Sendrecv
State, "rank-73", MPI_STATE, 0.000836, 0.000884, 0.000048, 0.000000, PMPI_Sendrecv
State, "rank-73", MPI_STATE, 0.000885, 0.000993, 0.000108, 0.000000, PMPI_Sendrecv
State, "rank-73", MPI_STATE, 0.000995, 0.001191, 0.000196, 0.000000, PMPI_Sendrecv
State, "rank-73", MPI_STATE, 0.001193, 0.001569, 0.000376, 0.000000, PMPI_Sendrecv
State, "rank-73", MPI_STATE, 0.004609, 0.004609, 0.000000, 0.000000, PMPI_Reduce
State, "rank-73", MPI_STATE, 0.004611, 0.004611, 0.000000, 0.000000, PMPI_Reduce
State, "rank-73", MPI_STATE, 0.004613, 0.004693, 0.000080, 0.000000, PMPI_Barrier
State, "rank-73", MPI_STATE, 0.004695, 0.004695, 0.000000, 0.000000, PMPI_Finalize
Container, 0, MPI, 0, 0.004694, 0.004694, "rank-72"
State, "rank-72", MPI_STATE, 0.000000, 0.000000, 0.000000, 0.000000, PMPI_Init
State, "rank-72", MPI_STATE, 0.000034, 0.000516, 0.000482, 0.000000, PMPI_Barrier
State, "rank-72", MPI_STATE, 0.000519, 0.000548, 0.000029, 0.000000, PMPI_Scatter
State, "rank-72", MPI_STATE, 0.000558, 0.000739, 0.000181, 0.000000, PMPI_Sendrecv
State, "rank-72", MPI_STATE, 0.000740, 0.000790, 0.000050, 0.000000, PMPI_Sendrecv
State, "rank-72", MPI_STATE, 0.000792, 0.000835, 0.000043, 0.000000, PMPI_Sendrecv
State, "rank-72", MPI_STATE, 0.000836, 0.000884, 0.000048, 0.000000, PMPI_Sendrecv
State, "rank-72", MPI_STATE, 0.000885, 0.000992, 0.000107, 0.000000, PMPI_Sendrecv
State, "rank-72", MPI_STATE, 0.000993, 0.001194, 0.000201, 0.000000, PMPI_Sendrecv
State, "rank-72", MPI_STATE, 0.001196, 0.001572, 0.000376, 0.000000, PMPI_Sendrecv
State, "rank-72", MPI_STATE, 0.004625, 0.004625, 0.000000, 0.000000, PMPI_Reduce
State, "rank-72", MPI_STATE, 0.004628, 0.004628, 0.000000, 0.000000, PMPI_Reduce
State, "rank-72", MPI_STATE, 0.004631, 0.004692, 0.000061, 0.000000, PMPI_Barrier
State, "rank-72", MPI_STATE, 0.004694, 0.004694, 0.000000, 0.000000, PMPI_Finalize
Container, 0, MPI, 0, 0.004695, 0.004695, "rank-71"
State, "rank-71", MPI_STATE, 0.000000, 0.000000, 0.000000, 0.000000, PMPI_Init
State, "rank-71", MPI_STATE, 0.000042, 0.000516, 0.000474, 0.000000, PMPI_Barrier
State, "rank-71", MPI_STATE, 0.000521, 0.000762, 0.000241, 0.000000, PMPI_Scatter
State, "rank-71", MPI_STATE, 0.000769, 0.000777, 0.000008, 0.000000, PMPI_Sendrecv
State, "rank-71", MPI_STATE, 0.000779, 0.000792, 0.000013, 0.000000, PMPI_Sendrecv
State, "rank-71", MPI_STATE, 0.000794, 0.000818, 0.000024, 0.000000, PMPI_Sendrecv
State, "rank-71", MPI_STATE, 0.000820, 0.000884, 0.000064, 0.000000, PMPI_Sendrecv
State, "rank-71", MPI_STATE, 0.000886, 0.000992, 0.000106, 0.000000, PMPI_Sendrecv
State, "rank-71", MPI_STATE, 0.000994, 0.001193, 0.000199, 0.000000, PMPI_Sendrecv
State, "rank-71", MPI_STATE, 0.001195, 0.001571, 0.000376, 0.000000, PMPI_Sendrecv
State, "rank-71", MPI_STATE, 0.004619, 0.004619, 0.000000, 0.000000, PMPI_Reduce
State, "rank-71", MPI_STATE, 0.004621, 0.004621, 0.000000, 0.000000, PMPI_Reduce
State, "rank-71", MPI_STATE, 0.004622, 0.004693, 0.000071, 0.000000, PMPI_Barrier
State, "rank-71", MPI_STATE, 0.004695, 0.004695, 0.000000, 0.000000, PMPI_Finalize
Container, 0, MPI, 0, 0.004695, 0.004695, "rank-70"
State, "rank-70", MPI_STATE, 0.000000, 0.000000, 0.000000, 0.000000, PMPI_Init
State, "rank-70", MPI_STATE, 0.000059, 0.000516, 0.000457, 0.000000, PMPI_Barrier
State, "rank-70", MPI_STATE, 0.000519, 0.000625, 0.000106, 0.000000, PMPI_Scatter
State, "rank-70", MPI_STATE, 0.000632, 0.000777, 0.000145, 0.000000, PMPI_Sendrecv
State, "rank-70", MPI_STATE, 0.000779, 0.000792, 0.000013, 0.000000, PMPI_Sendrecv
State, "rank-70", MPI_STATE, 0.000794, 0.000818, 0.000024, 0.000000, PMPI_Sendrecv
State, "rank-70", MPI_STATE, 0.000820, 0.000885, 0.000065, 0.000000, PMPI_Sendrecv
State, "rank-70", MPI_STATE, 0.000887, 0.000992, 0.000105, 0.000000, PMPI_Sendrecv
State, "rank-70", MPI_STATE, 0.000996, 0.001192, 0.000196, 0.000000, PMPI_Sendrecv
State, "rank-70", MPI_STATE, 0.001194, 0.001570, 0.000376, 0.000000, PMPI_Sendrecv
State, "rank-70", MPI_STATE, 0.004563, 0.004563, 0.000000, 0.000000, PMPI_Reduce
State, "rank-70", MPI_STATE, 0.004565, 0.004565, 0.000000, 0.000000, PMPI_Reduce
State, "rank-70", MPI_STATE, 0.004567, 0.004693, 0.000126, 0.000000, PMPI_Barrier
State, "rank-70", MPI_STATE, 0.004695, 0.004695, 0.000000, 0.000000, PMPI_Finalize
Container, 0, MPI, 0, 0.004695, 0.004695, "rank-69"
State, "rank-69", MPI_STATE, 0.000000, 0.000000, 0.000000, 0.000000, PMPI_Init
State, "rank-69", MPI_STATE, 0.000034, 0.000516, 0.000482, 0.000000, PMPI_Barrier
State, "rank-69", MPI_STATE, 0.000521, 0.000725, 0.000204, 0.000000, PMPI_Scatter
State, "rank-69", MPI_STATE, 0.000731, 0.000739, 0.000008, 0.000000, PMPI_Sendrecv
State, "rank-69", MPI_STATE, 0.000741, 0.000792, 0.000051, 0.000000, PMPI_Sendrecv
State, "rank-69", MPI_STATE, 0.000794, 0.000818, 0.000024, 0.000000, PMPI_Sendrecv
State, "rank-69", MPI_STATE, 0.000820, 0.000884, 0.000064, 0.000000, PMPI_Sendrecv
State, "rank-69", MPI_STATE, 0.000885, 0.000992, 0.000107, 0.000000, PMPI_Sendrecv
State, "rank-69", MPI_STATE, 0.000995, 0.001192, 0.000197, 0.000000, PMPI_Sendrecv
State, "rank-69", MPI_STATE, 0.001194, 0.001570, 0.000376, 0.000000, PMPI_Sendrecv
State, "rank-69", MPI_STATE, 0.004592, 0.004592, 0.000000, 0.000000, PMPI_Reduce
State, "rank-69", MPI_STATE, 0.004598, 0.004598, 0.000000, 0.000000, PMPI_Reduce
State, "rank-69", MPI_STATE, 0.004600, 0.004693, 0.000093, 0.000000, PMPI_Barrier
State, "rank-69", MPI_STATE, 0.004695, 0.004695, 0.000000, 0.000000, PMPI_Finalize
Container, 0, MPI, 0, 0.004694, 0.004694, "rank-6"
State, "rank-6", MPI_STATE, 0.000000, 0.000000, 0.000000, 0.000000, PMPI_Init
State, "rank-6", MPI_STATE, 0.000045, 0.000516, 0.000471, 0.000000, PMPI_Barrier
State, "rank-6", MPI_STATE, 0.000520, 0.000598, 0.000078, 0.000000, PMPI_Scatter
State, "rank-6", MPI_STATE, 0.000606, 0.000740, 0.000134, 0.000000, PMPI_Sendrecv
State, "rank-6", MPI_STATE, 0.000741, 0.000754, 0.000013, 0.000000, PMPI_Sendrecv
State, "rank-6", MPI_STATE, 0.000755, 0.000780, 0.000025, 0.000000, PMPI_Sendrecv
State, "rank-6", MPI_STATE, 0.000782, 0.000867, 0.000085, 0.000000, PMPI_Sendrecv
State, "rank-6", MPI_STATE, 0.000868, 0.000981, 0.000113, 0.000000, PMPI_Sendrecv
State, "rank-6", MPI_STATE, 0.000982, 0.001183, 0.000201, 0.000000, PMPI_Sendrecv
State, "rank-6", MPI_STATE, 0.001185, 0.001570, 0.000385, 0.000000, PMPI_Sendrecv
State, "rank-6", MPI_STATE, 0.004558, 0.004558, 0.000000, 0.000000, PMPI_Reduce
State, "rank-6", MPI_STATE, 0.004560, 0.004560, 0.000000, 0.000000, PMPI_Reduce
State, "rank-6", MPI_STATE, 0.004562, 0.004692, 0.000130, 0.000000, PMPI_Barrier
State, "rank-6", MPI_STATE, 0.004694, 0.004694, 0.000000, 0.000000, PMPI_Finalize
Container, 0, MPI, 0, 0.004694, 0.004694, "rank-68"
State, "rank-68", MPI_STATE, 0.000000, 0.000000, 0.000000, 0.000000, PMPI_Init
State, "rank-68", MPI_STATE, 0.000036, 0.000516, 0.000480, 0.000000, PMPI_Barrier
State, "rank-68", MPI_STATE, 0.000521, 0.000567, 0.000046, 0.000000, PMPI_Scatter
State, "rank-68", MPI_STATE, 0.000573, 0.000739, 0.000166, 0.000000, PMPI_Sendrecv
State, "rank-68", MPI_STATE, 0.000741, 0.000792, 0.000051, 0.000000, PMPI_Sendrecv
State, "rank-68", MPI_STATE, 0.000794, 0.000818, 0.000024, 0.000000, PMPI_Sendrecv
State, "rank-68", MPI_STATE, 0.000820, 0.000885, 0.000065, 0.000000, PMPI_Sendrecv
State, "rank-68", MPI_STATE, 0.000887, 0.000993, 0.000106, 0.000000, PMPI_Sendrecv
State, "rank-68", MPI_STATE, 0.000994, 0.001191, 0.000197, 0.000000, PMPI_Sendrecv
State, "rank-68", MPI_STATE, 0.001193, 0.001569, 0.000376, 0.000000, PMPI_Sendrecv
State, "rank-68", MPI_STATE, 0.004617, 0.004617, 0.000000, 0.000000, PMPI_Reduce
State, "rank-68", MPI_STATE, 0.004620, 0.004620, 0.000000, 0.000000, PMPI_Reduce
State, "rank-68", MPI_STATE, 0.004621, 0.004692, 0.000071, 0.000000, PMPI_Barrier
State, "rank-68", MPI_STATE, 0.004694, 0.004694, 0.000000, 0.000000, PMPI_Finalize
Container, 0, MPI, 0, 0.004695, 0.004695, "rank-67"
State, "rank-67", MPI_STATE, 0.000000, 0.000000, 0.000000, 0.000000, PMPI_Init
State, "rank-67", MPI_STATE, 0.000031, 0.000516, 0.000485, 0.000000, PMPI_Barrier
State, "rank-67", MPI_STATE, 0.000520, 0.000725, 0.000205, 0.000000, PMPI_Scatter
State, "rank-67", MPI_STATE, 0.000731, 0.000739, 0.000008, 0.000000, PMPI_Sendrecv
State, "rank-67", MPI_STATE, 0.000741, 0.000754, 0.000013, 0.000000, PMPI_Sendrecv
State, "rank-67", MPI_STATE, 0.000756, 0.000818, 0.000062, 0.000000, PMPI_Sendrecv
State, "rank-67", MPI_STATE, 0.000819, 0.000885, 0.000066, 0.000000, PMPI_Sendrecv
State, "rank-67", MPI_STATE, 0.000888, 0.000991, 0.000103, 0.000000, PMPI_Sendrecv
State, "rank-67", MPI_STATE, 0.000992, 0.001192, 0.000200, 0.000000, PMPI_Sendrecv
State, "rank-67", MPI_STATE, 0.001194, 0.001570, 0.000376, 0.000000, PMPI_Sendrecv
State, "rank-67", MPI_STATE, 0.004597, 0.004597, 0.000000, 0.000000, PMPI_Reduce
State, "rank-67", MPI_STATE, 0.004599, 0.004599, 0.000000, 0.000000, PMPI_Reduce
State, "rank-67", MPI_STATE, 0.004601, 0.004693, 0.000092, 0.000000, PMPI_Barrier
State, "rank-67", MPI_STATE, 0.004695, 0.004695, 0.000000, 0.000000, PMPI_Finalize
Container, 0, MPI, 0, 0.004694, 0.004694, "rank-66"
State, "rank-66", MPI_STATE, 0.000000, 0.000000, 0.000000, 0.000000, PMPI_Init
State, "rank-66", MPI_STATE, 0.000038, 0.000516, 0.000478, 0.000000, PMPI_Barrier
State, "rank-66", MPI_STATE, 0.000519, 0.000598, 0.000079, 0.000000, PMPI_Scatter
State, "rank-66", MPI_STATE, 0.000606, 0.000739, 0.000133, 0.000000, PMPI_Sendrecv
State, "rank-66", MPI_STATE, 0.000741, 0.000754, 0.000013, 0.000000, PMPI_Sendrecv
State, "rank-66", MPI_STATE, 0.000755, 0.000818, 0.000063, 0.000000, PMPI_Sendrecv
State, "rank-66", MPI_STATE, 0.000819, 0.000885, 0.000066, 0.000000, PMPI_Sendrecv
State, "rank-66", MPI_STATE, 0.000886, 0.000991, 0.000105, 0.000000, PMPI_Sendrecv
State, "rank-66", MPI_STATE, 0.000993, 0.001193, 0.000200, 0.000000, PMPI_Sendrecv
State, "rank-66", MPI_STATE, 0.001195, 0.001571, 0.000376, 0.000000, PMPI_Sendrecv
State, "rank-66", MPI_STATE, 0.004619, 0.004619, 0.000000, 0.000000, PMPI_Reduce
State, "rank-66", MPI_STATE, 0.004622, 0.004622, 0.000000, 0.000000, PMPI_Reduce
State, "rank-66", MPI_STATE, 0.004623, 0.004692, 0.000069, 0.000000, PMPI_Barrier
State, "rank-66", MPI_STATE, 0.004694, 0.004694, 0.000000, 0.000000, PMPI_Finalize
Container, 0, MPI, 0, 0.004694, 0.004694, "rank-65"
State, "rank-65", MPI_STATE, 0.000000, 0.000000, 0.000000, 0.000000, PMPI_Init
State, "rank-65", MPI_STATE, 0.000039, 0.000516, 0.000477, 0.000000, PMPI_Barrier
State, "rank-65", MPI_STATE, 0.000521, 0.000668, 0.000147, 0.000000, PMPI_Scatter
State, "rank-65", MPI_STATE, 0.000674, 0.000682, 0.000008, 0.000000, PMPI_Sendrecv
State, "rank-65", MPI_STATE, 0.000684, 0.000754, 0.000070, 0.000000, PMPI_Sendrecv
State, "rank-65", MPI_STATE, 0.000755, 0.000818, 0.000063, 0.000000, PMPI_Sendrecv
State, "rank-65", MPI_STATE, 0.000819, 0.000884, 0.000065, 0.000000, PMPI_Sendrecv
State, "rank-65", MPI_STATE, 0.000886, 0.000994, 0.000108, 0.000000, PMPI_Sendrecv
State, "rank-65", MPI_STATE, 0.000997, 0.001190, 0.000193, 0.000000, PMPI_Sendrecv
State, "rank-65", MPI_STATE, 0.001192, 0.001568, 0.000376, 0.000000, PMPI_Sendrecv
State, "rank-65", MPI_STATE, 0.004564, 0.004564, 0.000000, 0.000000, PMPI_Reduce
State, "rank-65", MPI_STATE, 0.004567, 0.004567, 0.000000, 0.000000, PMPI_Reduce
State, "rank-65", MPI_STATE, 0.004569, 0.004692, 0.000123, 0.000000, PMPI_Barrier
State, "rank-65", MPI_STATE, 0.004694, 0.004694, 0.000000, 0.000000, PMPI_Finalize
Container, 0, MPI, 0, 0.004694, 0.004694, "rank-64"
State, "rank-64", MPI_STATE, 0.000000, 0.000000, 0.000000, 0.000000, PMPI_Init
State, "rank-64", MPI_STATE, 0.000040, 0.000516, 0.000476, 0.000000, PMPI_Barrier
State, "rank-64", MPI_STATE, 0.000522, 0.000527, 0.000005, 0.000000, PMPI_Scatter
State, "rank-64", MPI_STATE, 0.000542, 0.000682, 0.000140, 0.000000, PMPI_Sendrecv
State, "rank-64", MPI_STATE, 0.000684, 0.000754, 0.000070, 0.000000, PMPI_Sendrecv
State, "rank-64", MPI_STATE, 0.000756, 0.000818, 0.000062, 0.000000, PMPI_Sendrecv
State, "rank-64", MPI_STATE, 0.000820, 0.000884, 0.000064, 0.000000, PMPI_Sendrecv
State, "rank-64", MPI_STATE, 0.000886, 0.000993, 0.000107, 0.000000, PMPI_Sendrecv
State, "rank-64", MPI_STATE, 0.000994, 0.001192, 0.000198, 0.000000, PMPI_Sendrecv
State, "rank-64", MPI_STATE, 0.001193, 0.001569, 0.000376, 0.000000, PMPI_Sendrecv
State, "rank-64", MPI_STATE, 0.004565, 0.004565, 0.000000, 0.000000, PMPI_Reduce
State, "rank-64", MPI_STATE, 0.004568, 0.004568, 0.000000, 0.000000, PMPI_Reduce
State, "rank-64", MPI_STATE, 0.004570, 0.004692, 0.000122, 0.000000, PMPI_Barrier
State, "rank-64", MPI_STATE, 0.004694, 0.004694, 0.000000, 0.000000, PMPI_Finalize
Container, 0, MPI, 0, 0.004695, 0.004695, "rank-63"
State, "rank-63", MPI_STATE, 0.000000, 0.000000, 0.000000, 0.000000, PMPI_Init
State, "rank-63", MPI_STATE, 0.000045, 0.000517, 0.000472, 0.000000, PMPI_Barrier
State, "rank-63", MPI_STATE, 0.000522, 0.000789, 0.000267, 0.000000, PMPI_Scatter
State, "rank-63", MPI_STATE, 0.000797, 0.000805, 0.000008, 0.000000, PMPI_Sendrecv
State, "rank-63", MPI_STATE, 0.000807, 0.000820, 0.000013, 0.000000, PMPI_Sendrecv
State, "rank-63", MPI_STATE, 0.000822, 0.000847, 0.000025, 0.000000, PMPI_Sendrecv
State, "rank-63", MPI_STATE, 0.000849, 0.000897, 0.000048, 0.000000, PMPI_Sendrecv
State, "rank-63", MPI_STATE, 0.000899, 0.000994, 0.000095, 0.000000, PMPI_Sendrecv
State, "rank-63", MPI_STATE, 0.000996, 0.001184, 0.000188, 0.000000, PMPI_Sendrecv
State, "rank-63", MPI_STATE, 0.001186, 0.001571, 0.000385, 0.000000, PMPI_Sendrecv
State, "rank-63", MPI_STATE, 0.004573, 0.004573, 0.000000, 0.000000, PMPI_Reduce
State, "rank-63", MPI_STATE, 0.004576, 0.004576, 0.000000, 0.000000, PMPI_Reduce
State, "rank-63", MPI_STATE, 0.004579, 0.004693, 0.000114, 0.000000, PMPI_Barrier
State, "rank-63", MPI_STATE, 0.004695, 0.004695, 0.000000, 0.000000, PMPI_Finalize
Container, 0, MPI, 0, 0.004695, 0.004695, "rank-62"
State, "rank-62", MPI_STATE, 0.000000, 0.000000, 0.000000, 0.000000, PMPI_Init
State, "rank-62", MPI_STATE, 0.000043, 0.000516, 0.000473, 0.000000, PMPI_Barrier
State, "rank-62", MPI_STATE, 0.000521, 0.000644, 0.000123, 0.000000, PMPI_Scatter
State, "rank-62", MPI_STATE, 0.000651, 0.000805, 0.000154, 0.000000, PMPI_Sendrecv
State, "rank-62", MPI_STATE, 0.000807, 0.000820, 0.000013, 0.000000, PMPI_Sendrecv
State, "rank-62", MPI_STATE, 0.000822, 0.000847, 0.000025, 0.000000, PMPI_Sendrecv
State, "rank-62", MPI_STATE, 0.000849, 0.000897, 0.000048, 0.000000, PMPI_Sendrecv
State, "rank-62", MPI_STATE, 0.000899, 0.000994, 0.000095, 0.000000, PMPI_Sendrecv
State, "rank-62", MPI_STATE, 0.000996, 0.001184, 0.000188, 0.000000, PMPI_Sendrecv
State, "rank-62", MPI_STATE, 0.001186, 0.001568, 0.000382, 0.000000, PMPI_Sendrecv
State, "rank-62", MPI_STATE, 0.004558, 0.004558, 0.000000, 0.000000, PMPI_Reduce
State, "rank-62", MPI_STATE, 0.004561, 0.004561, 0.000000, 0.000000, PMPI_Reduce
State, "rank-62", MPI_STATE, 0.004562, 0.004693, 0.000131, 0.000000, PMPI_Barrier
State, "rank-62", MPI_STATE, 0.004695, 0.004695, 0.000000, 0.000000, PMPI_Finalize
Container, 0, MPI, 0, 0.004696, 0.004696, "rank-61"
State, "rank-61", MPI_STATE, 0.000000, 0.000000, 0.000000, 0.000000, PMPI_Init
State, "rank-61", MPI_STATE, 0.000035, 0.000516, 0.000481, 0.000000, PMPI_Barrier
State, "rank-61", MPI_STATE, 0.000520, 0.000778, 0.000258, 0.000000, PMPI_Scatter
State, "rank-61", MPI_STATE, 0.000785, 0.000793, 0.000008, 0.000000, PMPI_Sendrecv
State, "rank-61", MPI_STATE, 0.000794, 0.000820, 0.000026, 0.000000, PMPI_Sendrecv
State, "rank-61", MPI_STATE, 0.000823, 0.000848, 0.000025, 0.000000, PMPI_Sendrecv
State, "rank-61", MPI_STATE, 0.000849, 0.000897, 0.000048, 0.000000, PMPI_Sendrecv
State, "rank-61", MPI_STATE, 0.000899, 0.000994, 0.000095, 0.000000, PMPI_Sendrecv
State, "rank-61", MPI_STATE, 0.000995, 0.001183, 0.000188, 0.000000, PMPI_Sendrecv
State, "rank-61", MPI_STATE, 0.001185, 0.001569, 0.000384, 0.000000, PMPI_Sendrecv
State, "rank-61", MPI_STATE, 0.004583, 0.004583, 0.000000, 0.000000, PMPI_Reduce
State, "rank-61", MPI_STATE, 0.004585, 0.004585, 0.000000, 0.000000, PMPI_Reduce
State, "rank-61", MPI_STATE, 0.004587, 0.004693, 0.000106, 0.000000, PMPI_Barrier
State, "rank-61", MPI_STATE, 0.004696, 0.004696, 0.000000, 0.000000, PMPI_Finalize
Container, 0, MPI, 0, 0.004696, 0.004696, "rank-60"
State, "rank-60", MPI_STATE, 0.000000, 0.000000, 0.000000, 0.000000, PMPI_Init
State, "rank-60", MPI_STATE, 0.000035, 0.000516, 0.000481, 0.000000, PMPI_Barrier
State, "rank-60", MPI_STATE, 0.000520, 0.000585, 0.000065, 0.000000, PMPI_Scatter
State, "rank-60", MPI_STATE, 0.000595, 0.000793, 0.000198, 0.000000, PMPI_Sendrecv
State, "rank-60", MPI_STATE, 0.000795, 0.000820, 0.000025, 0.000000, PMPI_Sendrecv
State, "rank-60", MPI_STATE, 0.000821, 0.000846, 0.000025, 0.000000, PMPI_Sendrecv
State, "rank-60", MPI_STATE, 0.000848, 0.000896, 0.000048, 0.000000, PMPI_Sendrecv
State, "rank-60", MPI_STATE, 0.000897, 0.000992, 0.000095, 0.000000, PMPI_Sendrecv
State, "rank-60", MPI_STATE, 0.000994, 0.001182, 0.000188, 0.000000, PMPI_Sendrecv
State, "rank-60", MPI_STATE, 0.001183, 0.001568, 0.000385, 0.000000, PMPI_Sendrecv
State, "rank-60", MPI_STATE, 0.004573, 0.004573, 0.000000, 0.000000, PMPI_Reduce
State, "rank-60", MPI_STATE, 0.004575, 0.004575, 0.000000, 0.000000, PMPI_Reduce
State, "rank-60", MPI_STATE, 0.004576, 0.004693, 0.000117, 0.000000, PMPI_Barrier
State, "rank-60", MPI_STATE, 0.004696, 0.004696, 0.000000, 0.000000, PMPI_Finalize
Container, 0, MPI, 0, 0.004695, 0.004695, "rank-59"
State, "rank-59", MPI_STATE, 0.000000, 0.000000, 0.000000, 0.000000, PMPI_Init
State, "rank-59", MPI_STATE, 0.000040, 0.000516, 0.000476, 0.000000, PMPI_Barrier
State, "rank-59", MPI_STATE, 0.000520, 0.000778, 0.000258, 0.000000, PMPI_Scatter
State, "rank-59", MPI_STATE, 0.000786, 0.000794, 0.000008, 0.000000, PMPI_Sendrecv
State, "rank-59", MPI_STATE, 0.000795, 0.000808, 0.000013, 0.000000, PMPI_Sendrecv
State, "rank-59", MPI_STATE, 0.000809, 0.000847, 0.000038, 0.000000, PMPI_Sendrecv
State, "rank-59", MPI_STATE, 0.000849, 0.000897, 0.000048, 0.000000, PMPI_Sendrecv
State, "rank-59", MPI_STATE, 0.000899, 0.000994, 0.000095, 0.000000, PMPI_Sendrecv
State, "rank-59", MPI_STATE, 0.000995, 0.001183, 0.000188, 0.000000, PMPI_Sendrecv
State, "rank-59", MPI_STATE, 0.001184, 0.001570, 0.000386, 0.000000, PMPI_Sendrecv
State, "rank-59", MPI_STATE, 0.004556, 0.004556, 0.000000, 0.000000, PMPI_Reduce
State, "rank-59", MPI_STATE, 0.004560, 0.004560, 0.000000, 0.000000, PMPI_Reduce
State, "rank-59", MPI_STATE, 0.004562, 0.004693, 0.000131, 0.000000, PMPI_Barrier
State, "rank-59", MPI_STATE, 0.004695, 0.004695, 0.000000, 0.000000, PMPI_Finalize
Container, 0, MPI, 0, 0.004694, 0.004694, "rank-5"
State, "rank-5", MPI_STATE, 0.000000, 0.000000, 0.000000, 0.000000, PMPI_Init
State, "rank-5", MPI_STATE, 0.000037, 0.000516, 0.000479, 0.000000, PMPI_Barrier
State, "rank-5", MPI_STATE, 0.000521, 0.000668, 0.000147, 0.000000, PMPI_Scatter
State, "rank-5", MPI_STATE, 0.000675, 0.000683, 0.000008, 0.000000, PMPI_Sendrecv
State, "rank-5", MPI_STATE, 0.000685, 0.000754, 0.000069, 0.000000, PMPI_Sendrecv
State, "rank-5", MPI_STATE, 0.000756, 0.000787, 0.000031, 0.000000, PMPI_Sendrecv
State, "rank-5", MPI_STATE, 0.000788, 0.000866, 0.000078, 0.000000, PMPI_Sendrecv
State, "rank-5", MPI_STATE, 0.000867, 0.000982, 0.000115, 0.000000, PMPI_Sendrecv
State, "rank-5", MPI_STATE, 0.000983, 0.001184, 0.000201, 0.000000, PMPI_Sendrecv
State, "rank-5", MPI_STATE, 0.001186, 0.001570, 0.000384, 0.000000, PMPI_Sendrecv
State, "rank-5", MPI_STATE, 0.004623, 0.004623, 0.000000, 0.000000, PMPI_Reduce
State, "rank-5", MPI_STATE, 0.004625, 0.004625, 0.000000, 0.000000, PMPI_Reduce
State, "rank-5", MPI_STATE, 0.004627, 0.004692, 0.000065, 0.000000, PMPI_Barrier
State, "rank-5", MPI_STATE, 0.004694, 0.004694, 0.000000, 0.000000, PMPI_Finalize
Container, 0, MPI, 0, 0.004694, 0.004694, "rank-58"
State, "rank-58", MPI_STATE, 0.000000, 0.000000, 0.000000, 0.000000, PMPI_Init
State, "rank-58", MPI_STATE, 0.000037, 0.000516, 0.000479, 0.000000, PMPI_Barrier
State, "rank-58", MPI_STATE, 0.000521, 0.000640, 0.000119, 0.000000, PMPI_Scatter
State, "rank-58", MPI_STATE, 0.000646, 0.000794, 0.000148, 0.000000, PMPI_Sendrecv
State, "rank-58", MPI_STATE, 0.000796, 0.000809, 0.000013, 0.000000, PMPI_Sendrecv
State, "rank-58", MPI_STATE, 0.000811, 0.000847, 0.000036, 0.000000, PMPI_Sendrecv
State, "rank-58", MPI_STATE, 0.000848, 0.000896, 0.000048, 0.000000, PMPI_Sendrecv
State, "rank-58", MPI_STATE, 0.000897, 0.000992, 0.000095, 0.000000, PMPI_Sendrecv
State, "rank-58", MPI_STATE, 0.000994, 0.001182, 0.000188, 0.000000, PMPI_Sendrecv
State, "rank-58", MPI_STATE, 0.001183, 0.001571, 0.000388, 0.000000, PMPI_Sendrecv
State, "rank-58", MPI_STATE, 0.004606, 0.004606, 0.000000, 0.000000, PMPI_Reduce
State, "rank-58", MPI_STATE, 0.004608, 0.004608, 0.000000, 0.000000, PMPI_Reduce
State, "rank-58", MPI_STATE, 0.004609, 0.004693, 0.000084, 0.000000, PMPI_Barrier
State, "rank-58", MPI_STATE, 0.004694, 0.004694, 0.000000, 0.000000, PMPI_Finalize
Container, 0, MPI, 0, 0.004695, 0.004695, "rank-57"
State, "rank-57", MPI_STATE, 0.000000, 0.000000, 0.000000, 0.000000, PMPI_Init
State, "rank-57", MPI_STATE, 0.000038, 0.000516, 0.000478, 0.000000, PMPI_Barrier
State, "rank-57", MPI_STATE, 0.000521, 0.000762, 0.000241, 0.000000, PMPI_Scatter
State, "rank-57", MPI_STATE, 0.000769, 0.000777, 0.000008, 0.000000, PMPI_Sendrecv
State, "rank-57", MPI_STATE, 0.000778, 0.000808, 0.000030, 0.000000, PMPI_Sendrecv
State, "rank-57", MPI_STATE, 0.000810, 0.000848, 0.000038, 0.000000, PMPI_Sendrecv
State, "rank-57", MPI_STATE, 0.000851, 0.000899, 0.000048, 0.000000, PMPI_Sendrecv
State, "rank-57", MPI_STATE, 0.000900, 0.000995, 0.000095, 0.000000, PMPI_Sendrecv
State, "rank-57", MPI_STATE, 0.000997, 0.001185, 0.000188, 0.000000, PMPI_Sendrecv
State, "rank-57", MPI_STATE, 0.001187, 0.001569, 0.000382, 0.000000, PMPI_Sendrecv
State, "rank-57", MPI_STATE, 0.004607, 0.004607, 0.000000, 0.000000, PMPI_Reduce
State, "rank-57", MPI_STATE, 0.004609, 0.004609, 0.000000, 0.000000, PMPI_Reduce
State, "rank-57", MPI_STATE, 0.004610, 0.004693, 0.000083, 0.000000, PMPI_Barrier
State, "rank-57", MPI_STATE, 0.004695, 0.004695, 0.000000, 0.000000, PMPI_Finalize
Container, 0, MPI, 0, 0.004695, 0.004695, "rank-56"
State, "rank-56", MPI_STATE, 0.000000, 0.000000, 0.000000, 0.000000, PMPI_Init
State, "rank-56", MPI_STATE, 0.000035, 0.000516, 0.000481, 0.000000, PMPI_Barrier
State, "rank-56", MPI_STATE, 0.000523, 0.000553, 0.000030, 0.000000, PMPI_Scatter
State, "rank-56", MPI_STATE, 0.000562, 0.000777, 0.000215, 0.000000, PMPI_Sendrecv
State, "rank-56", MPI_STATE, 0.000780, 0.000809, 0.000029, 0.000000, PMPI_Sendrecv
State, "rank-56", MPI_STATE, 0.000810, 0.000846, 0.000036, 0.000000, PMPI_Sendrecv
State, "rank-56", MPI_STATE, 0.000847, 0.000895, 0.000048, 0.000000, PMPI_Sendrecv
State, "rank-56", MPI_STATE, 0.000897, 0.000992, 0.000095, 0.000000, PMPI_Sendrecv
State, "rank-56", MPI_STATE, 0.000994, 0.001182, 0.000188, 0.000000, PMPI_Sendrecv
State, "rank-56", MPI_STATE, 0.001184, 0.001572, 0.000388, 0.000000, PMPI_Sendrecv
State, "rank-56", MPI_STATE, 0.004573, 0.004573, 0.000000, 0.000000, PMPI_Reduce
State, "rank-56", MPI_STATE, 0.004575, 0.004575, 0.000000, 0.000000, PMPI_Reduce
State, "rank-56", MPI_STATE, 0.004577, 0.004693, 0.000116, 0.000000, PMPI_Barrier
State, "rank-56", MPI_STATE, 0.004695, 0.004695, 0.000000, 0.000000, PMPI_Finalize
Container, 0, MPI, 0, 0.004696, 0.004696, "rank-55"
State, "rank-55", MPI_STATE, 0.000000, 0.000000, 0.000000, 0.000000, PMPI_Init
State, "rank-55", MPI_STATE, 0.000032, 0.000516, 0.000484, 0.000000, PMPI_Barrier
State, "rank-55", MPI_STATE, 0.000520, 0.000778, 0.000258, 0.000000, PMPI_Scatter
State, "rank-55", MPI_STATE, 0.000784, 0.000792, 0.000008, 0.000000, PMPI_Sendrecv
State, "rank-55", MPI_STATE, 0.000794, 0.000807, 0.000013, 0.000000, PMPI_Sendrecv
State, "rank-55", MPI_STATE, 0.000809, 0.000834, 0.000025, 0.000000, PMPI_Sendrecv
State, "rank-55", MPI_STATE, 0.000835, 0.000897, 0.000062, 0.000000, PMPI_Sendrecv
State, "rank-55", MPI_STATE, 0.000898, 0.000993, 0.000095, 0.000000, PMPI_Sendrecv
State, "rank-55", MPI_STATE, 0.000994, 0.001182, 0.000188, 0.000000, PMPI_Sendrecv
State, "rank-55", MPI_STATE, 0.001183, 0.001571, 0.000388, 0.000000, PMPI_Sendrecv
State, "rank-55", MPI_STATE, 0.004573, 0.004573, 0.000000, 0.000000, PMPI_Reduce
State, "rank-55", MPI_STATE, 0.004575, 0.004575, 0.000000, 0.000000, PMPI_Reduce
State, "rank-55", MPI_STATE, 0.004577, 0.004693, 0.000116, 0.000000, PMPI_Barrier
State, "rank-55", MPI_STATE, 0.004696, 0.004696, 0.000000, 0.000000, PMPI_Finalize
Container, 0, MPI, 0, 0.004695, 0.004695, "rank-54"
State, "rank-54", MPI_STATE, 0.000000, 0.000000, 0.000000, 0.000000, PMPI_Init
State, "rank-54", MPI_STATE, 0.000034, 0.000516, 0.000482, 0.000000, PMPI_Barrier
State, "rank-54", MPI_STATE, 0.000519, 0.000640, 0.000121, 0.000000, PMPI_Scatter
State, "rank-54", MPI_STATE, 0.000647, 0.000792, 0.000145, 0.000000, PMPI_Sendrecv
State, "rank-54", MPI_STATE, 0.000794, 0.000807, 0.000013, 0.000000, PMPI_Sendrecv
State, "rank-54", MPI_STATE, 0.000808, 0.000833, 0.000025, 0.000000, PMPI_Sendrecv
State, "rank-54", MPI_STATE, 0.000835, 0.000897, 0.000062, 0.000000, PMPI_Sendrecv
State, "rank-54", MPI_STATE, 0.000899, 0.000994, 0.000095, 0.000000, PMPI_Sendrecv
State, "rank-54", MPI_STATE, 0.000995, 0.001183, 0.000188, 0.000000, PMPI_Sendrecv
State, "rank-54", MPI_STATE, 0.001184, 0.001568, 0.000384, 0.000000, PMPI_Sendrecv
State, "rank-54", MPI_STATE, 0.004577, 0.004577, 0.000000, 0.000000, PMPI_Reduce
State, "rank-54", MPI_STATE, 0.004581, 0.004581, 0.000000, 0.000000, PMPI_Reduce
State, "rank-54", MPI_STATE, 0.004582, 0.004693, 0.000111, 0.000000, PMPI_Barrier
State, "rank-54", MPI_STATE, 0.004695, 0.004695, 0.000000, 0.000000, PMPI_Finalize
Container, 0, MPI, 0, 0.004695, 0.004695, "rank-53"
State, "rank-53", MPI_STATE, 0.000000, 0.000000, 0.000000, 0.000000, PMPI_Init
State, "rank-53", MPI_STATE, 0.000035, 0.000516, 0.000481, 0.000000, PMPI_Barrier
State, "rank-53", MPI_STATE, 0.000520, 0.000762, 0.000242, 0.000000, PMPI_Scatter
State, "rank-53", MPI_STATE, 0.000768, 0.000776, 0.000008, 0.000000, PMPI_Sendrecv
State, "rank-53", MPI_STATE, 0.000778, 0.000807, 0.000029, 0.000000, PMPI_Sendrecv
State, "rank-53", MPI_STATE, 0.000809, 0.000834, 0.000025, 0.000000, PMPI_Sendrecv
State, "rank-53", MPI_STATE, 0.000836, 0.000897, 0.000061, 0.000000, PMPI_Sendrecv
State, "rank-53", MPI_STATE, 0.000899, 0.000994, 0.000095, 0.000000, PMPI_Sendrecv
State, "rank-53", MPI_STATE, 0.000996, 0.001184, 0.000188, 0.000000, PMPI_Sendrecv
State, "rank-53", MPI_STATE, 0.001186, 0.001570, 0.000384, 0.000000, PMPI_Sendrecv
State, "rank-53", MPI_STATE, 0.004564, 0.004564, 0.000000, 0.000000, PMPI_Reduce
State, "rank-53", MPI_STATE, 0.004566, 0.004566, 0.000000, 0.000000, PMPI_Reduce
State, "rank-53", MPI_STATE, 0.004567, 0.004693, 0.000126, 0.000000, PMPI_Barrier
State, "rank-53", MPI_STATE, 0.004695, 0.004695, 0.000000, 0.000000, PMPI_Finalize
Container, 0, MPI, 0, 0.004695, 0.004695, "rank-52"
State, "rank-52", MPI_STATE, 0.000000, 0.000000, 0.000000, 0.000000, PMPI_Init
State, "rank-52", MPI_STATE, 0.000032, 0.000516, 0.000484, 0.000000, PMPI_Barrier
State, "rank-52", MPI_STATE, 0.000521, 0.000580, 0.000059, 0.000000, PMPI_Scatter
State, "rank-52", MPI_STATE, 0.000588, 0.000776, 0.000188, 0.000000, PMPI_Sendrecv
State, "rank-52", MPI_STATE, 0.000778, 0.000807, 0.000029, 0.000000, PMPI_Sendrecv
State, "rank-52", MPI_STATE, 0.000809, 0.000834, 0.000025, 0.000000, PMPI_Sendrecv
State, "rank-52", MPI_STATE, 0.000835, 0.000896, 0.000061, 0.000000, PMPI_Sendrecv
State, "rank-52", MPI_STATE, 0.000898, 0.000993, 0.000095, 0.000000, PMPI_Sendrecv
State, "rank-52", MPI_STATE, 0.000995, 0.001183, 0.000188, 0.000000, PMPI_Sendrecv
State, "rank-52", MPI_STATE, 0.001185, 0.001567, 0.000382, 0.000000, PMPI_Sendrecv
State, "rank-52", MPI_STATE, 0.004558, 0.004558, 0.000000, 0.000000, PMPI_Reduce
State, "rank-52", MPI_STATE, 0.004561, 0.004561, 0.000000, 0.000000, PMPI_Reduce
State, "rank-52", MPI_STATE, 0.004562, 0.004693, 0.000131, 0.000000, PMPI_Barrier
State, "rank-52", MPI_STATE, 0.004695, 0.004695, 0.000000, 0.000000, PMPI_Finalize
Container, 0, MPI, 0, 0.004695, 0.004695, "rank-51"
State, "rank-51", MPI_STATE, 0.000000, 0.000000, 0.000000, 0.000000, PMPI_Init
State, "rank-51", MPI_STATE, 0.000033, 0.000516, 0.000483, 0.000000, PMPI_Barrier
State, "rank-51", MPI_STATE, 0.000521, 0.000762, 0.000241, 0.000000, PMPI_Scatter
State, "rank-51", MPI_STATE, 0.000769, 0.000777, 0.000008, 0.000000, PMPI_Sendrecv
State, "rank-51", MPI_STATE, 0.000778, 0.000791, 0.000013, 0.000000, PMPI_Sendrecv
State, "rank-51", MPI_STATE, 0.000792, 0.000834, 0.000042, 0.000000, PMPI_Sendrecv
State, "rank-51", MPI_STATE, 0.000836, 0.000897, 0.000061, 0.000000, PMPI_Sendrecv
State, "rank-51", MPI_STATE, 0.000899, 0.000994, 0.000095, 0.000000, PMPI_Sendrecv
State, "rank-51", MPI_STATE, 0.000996, 0.001184, 0.000188, 0.000000, PMPI_Sendrecv
State, "rank-51", MPI_STATE, 0.001185, 0.001570, 0.000385, 0.000000, PMPI_Sendrecv
State, "rank-51", MPI_STATE, 0.004573, 0.004573, 0.000000, 0.000000, PMPI_Reduce
State, "rank-51", MPI_STATE, 0.004575, 0.004575, 0.000000, 0.000000, PMPI_Reduce
State, "rank-51", MPI_STATE, 0.004576, 0.004693, 0.000117, 0.000000, PMPI_Barrier
State, "rank-51", MPI_STATE, 0.004695, 0.004695, 0.000000, 0.000000, PMPI_Finalize
Container, 0, MPI, 0, 0.004695, 0.004695, "rank-50"
State, "rank-50", MPI_STATE, 0.000000, 0.000000, 0.000000, 0.000000, PMPI_Init
State, "rank-50", MPI_STATE, 0.000035, 0.000516, 0.000481, 0.000000, PMPI_Barrier
State, "rank-50", MPI_STATE, 0.000521, 0.000625, 0.000104, 0.000000, PMPI_Scatter
State, "rank-50", MPI_STATE, 0.000633, 0.000777, 0.000144, 0.000000, PMPI_Sendrecv
State, "rank-50", MPI_STATE, 0.000779, 0.000792, 0.000013, 0.000000, PMPI_Sendrecv
State, "rank-50", MPI_STATE, 0.000794, 0.000833, 0.000039, 0.000000, PMPI_Sendrecv
State, "rank-50", MPI_STATE, 0.000834, 0.000896, 0.000062, 0.000000, PMPI_Sendrecv
State, "rank-50", MPI_STATE, 0.000898, 0.000993, 0.000095, 0.000000, PMPI_Sendrecv
State, "rank-50", MPI_STATE, 0.000995, 0.001183, 0.000188, 0.000000, PMPI_Sendrecv
State, "rank-50", MPI_STATE, 0.001185, 0.001571, 0.000386, 0.000000, PMPI_Sendrecv
State, "rank-50", MPI_STATE, 0.004573, 0.004573, 0.000000, 0.000000, PMPI_Reduce
State, "rank-50", MPI_STATE, 0.004575, 0.004575, 0.000000, 0.000000, PMPI_Reduce
State, "rank-50", MPI_STATE, 0.004576, 0.004693, 0.000117, 0.000000, PMPI_Barrier
State, "rank-50", MPI_STATE, 0.004695, 0.004695, 0.000000, 0.000000, PMPI_Finalize
Container, 0, MPI, 0, 0.004695, 0.004695, "rank-49"
State, "rank-49", MPI_STATE, 0.000000, 0.000000, 0.000000, 0.000000, PMPI_Init
State, "rank-49", MPI_STATE, 0.000033, 0.000516, 0.000483, 0.000000, PMPI_Barrier
State, "rank-49", MPI_STATE, 0.000519, 0.000725, 0.000206, 0.000000, PMPI_Scatter
State, "rank-49", MPI_STATE, 0.000732, 0.000740, 0.000008, 0.000000, PMPI_Sendrecv
State, "rank-49", MPI_STATE, 0.000742, 0.000791, 0.000049, 0.000000, PMPI_Sendrecv
State, "rank-49", MPI_STATE, 0.000792, 0.000834, 0.000042, 0.000000, PMPI_Sendrecv
State, "rank-49", MPI_STATE, 0.000836, 0.000899, 0.000063, 0.000000, PMPI_Sendrecv
State, "rank-49", MPI_STATE, 0.000902, 0.000997, 0.000095, 0.000000, PMPI_Sendrecv
State, "rank-49", MPI_STATE, 0.000999, 0.001187, 0.000188, 0.000000, PMPI_Sendrecv
State, "rank-49", MPI_STATE, 0.001189, 0.001568, 0.000379, 0.000000, PMPI_Sendrecv
State, "rank-49", MPI_STATE, 0.004589, 0.004589, 0.000000, 0.000000, PMPI_Reduce
State, "rank-49", MPI_STATE, 0.004592, 0.004592, 0.000000, 0.000000, PMPI_Reduce
State, "rank-49", MPI_STATE, 0.004594, 0.004693, 0.000099, 0.000000, PMPI_Barrier
State, "rank-49", MPI_STATE, 0.004695, 0.004695, 0.000000, 0.000000, PMPI_Finalize
Container, 0, MPI, 0, 0.004694, 0.004694, "rank-4"
State, "rank-4", MPI_STATE, 0.000000, 0.000000, 0.000000, 0.000000, PMPI_Init
State, "rank-4", MPI_STATE, 0.000048, 0.000516, 0.000468, 0.000000, PMPI_Barrier
State, "rank-4", MPI_STATE, 0.000520, 0.000545, 0.000025, 0.000000, PMPI_Scatter
State, "rank-4", MPI_STATE, 0.000552, 0.000683, 0.000131, 0.000000, PMPI_Sendrecv
State, "rank-4", MPI_STATE, 0.000685, 0.000754, 0.000069, 0.000000, PMPI_Sendrecv
State, "rank-4", MPI_STATE, 0.000756, 0.000781, 0.000025, 0.000000, PMPI_Sendrecv
State, "rank-4", MPI_STATE, 0.000782, 0.000865, 0.000083, 0.000000, PMPI_Sendrecv
State, "rank-4", MPI_STATE, 0.000866, 0.000980, 0.000114, 0.000000, PMPI_Sendrecv
State, "rank-4", MPI_STATE, 0.000982, 0.001182, 0.000200, 0.000000, PMPI_Sendrecv
State, "rank-4", MPI_STATE, 0.001184, 0.001569, 0.000385, 0.000000, PMPI_Sendrecv
State, "rank-4", MPI_STATE, 0.004606, 0.004606, 0.000000, 0.000000, PMPI_Reduce
State, "rank-4", MPI_STATE, 0.004609, 0.004609, 0.000000, 0.000000, PMPI_Reduce
State, "rank-4", MPI_STATE, 0.004611, 0.004692, 0.000081, 0.000000, PMPI_Barrier
State, "rank-4", MPI_STATE, 0.004694, 0.004694, 0.000000, 0.000000, PMPI_Finalize
Container, 0, MPI, 0, 0.004694, 0.004694, "rank-48"
State, "rank-48", MPI_STATE, 0.000000, 0.000000, 0.000000, 0.000000, PMPI_Init
State, "rank-48", MPI_STATE, 0.000035, 0.000516, 0.000481, 0.000000, PMPI_Barrier
State, "rank-48", MPI_STATE, 0.000521, 0.000537, 0.000016, 0.000000, PMPI_Scatter
State, "rank-48", MPI_STATE, 0.000547, 0.000740, 0.000193, 0.000000, PMPI_Sendrecv
State, "rank-48", MPI_STATE, 0.000742, 0.000792, 0.000050, 0.000000, PMPI_Sendrecv
State, "rank-48", MPI_STATE, 0.000793, 0.000834, 0.000041, 0.000000, PMPI_Sendrecv
State, "rank-48", MPI_STATE, 0.000835, 0.000895, 0.000060, 0.000000, PMPI_Sendrecv
State, "rank-48", MPI_STATE, 0.000896, 0.000991, 0.000095, 0.000000, PMPI_Sendrecv
State, "rank-48", MPI_STATE, 0.000993, 0.001181, 0.000188, 0.000000, PMPI_Sendrecv
State, "rank-48", MPI_STATE, 0.001183, 0.001569, 0.000386, 0.000000, PMPI_Sendrecv
State, "rank-48", MPI_STATE, 0.004608, 0.004608, 0.000000, 0.000000, PMPI_Reduce
State, "rank-48", MPI_STATE, 0.004610, 0.004610, 0.000000, 0.000000, PMPI_Reduce
State, "rank-48", MPI_STATE, 0.004612, 0.004692, 0.000080, 0.000000, PMPI_Barrier
State, "rank-48", MPI_STATE, 0.004694, 0.004694, 0.000000, 0.000000, PMPI_Finalize
Container, 0, MPI, 0, 0.004695, 0.004695, "rank-47"
State, "rank-47", MPI_STATE, 0.000000, 0.000000, 0.000000, 0.000000, PMPI_Init
State, "rank-47", MPI_STATE, 0.000036, 0.000516, 0.000480, 0.000000, PMPI_Barrier
State, "rank-47", MPI_STATE, 0.000521, 0.000778, 0.000257, 0.000000, PMPI_Scatter
State, "rank-47", MPI_STATE, 0.000786, 0.000794, 0.000008, 0.000000, PMPI_Sendrecv
State, "rank-47", MPI_STATE, 0.000796, 0.000809, 0.000013, 0.000000, PMPI_Sendrecv
State, "rank-47", MPI_STATE, 0.000810, 0.000835, 0.000025, 0.000000, PMPI_Sendrecv
State, "rank-47", MPI_STATE, 0.000837, 0.000885, 0.000048, 0.000000, PMPI_Sendrecv
State, "rank-47", MPI_STATE, 0.000887, 0.000994, 0.000107, 0.000000, PMPI_Sendrecv
State, "rank-47", MPI_STATE, 0.000996, 0.001184, 0.000188, 0.000000, PMPI_Sendrecv
State, "rank-47", MPI_STATE, 0.001186, 0.001570, 0.000384, 0.000000, PMPI_Sendrecv
State, "rank-47", MPI_STATE, 0.004572, 0.004572, 0.000000, 0.000000, PMPI_Reduce
State, "rank-47", MPI_STATE, 0.004574, 0.004574, 0.000000, 0.000000, PMPI_Reduce
State, "rank-47", MPI_STATE, 0.004576, 0.004693, 0.000117, 0.000000, PMPI_Barrier
State, "rank-47", MPI_STATE, 0.004695, 0.004695, 0.000000, 0.000000, PMPI_Finalize
Container, 0, MPI, 0, 0.004695, 0.004695, "rank-46"
State, "rank-46", MPI_STATE, 0.000000, 0.000000, 0.000000, 0.000000, PMPI_Init
State, "rank-46", MPI_STATE, 0.000035, 0.000516, 0.000481, 0.000000, PMPI_Barrier
State, "rank-46", MPI_STATE, 0.000520, 0.000640, 0.000120, 0.000000, PMPI_Scatter
State, "rank-46", MPI_STATE, 0.000647, 0.000794, 0.000147, 0.000000, PMPI_Sendrecv
State, "rank-46", MPI_STATE, 0.000796, 0.000809, 0.000013, 0.000000, PMPI_Sendrecv
State, "rank-46", MPI_STATE, 0.000810, 0.000835, 0.000025, 0.000000, PMPI_Sendrecv
State, "rank-46", MPI_STATE, 0.000837, 0.000885, 0.000048, 0.000000, PMPI_Sendrecv
State, "rank-46", MPI_STATE, 0.000887, 0.000994, 0.000107, 0.000000, PMPI_Sendrecv
State, "rank-46", MPI_STATE, 0.000996, 0.001184, 0.000188, 0.000000, PMPI_Sendrecv
State, "rank-46", MPI_STATE, 0.001186, 0.001569, 0.000383, 0.000000, PMPI_Sendrecv
State, "rank-46", MPI_STATE, 0.004567, 0.004567, 0.000000, 0.000000, PMPI_Reduce
State, "rank-46", MPI_STATE, 0.004569, 0.004569, 0.000000, 0.000000, PMPI_Reduce
State, "rank-46", MPI_STATE, 0.004571, 0.004693, 0.000122, 0.000000, PMPI_Barrier
State, "rank-46", MPI_STATE, 0.004695, 0.004695, 0.000000, 0.000000, PMPI_Finalize
Container, 0, MPI, 0, 0.004695, 0.004695, "rank-45"
State, "rank-45", MPI_STATE, 0.000000, 0.000000, 0.000000, 0.000000, PMPI_Init
State, "rank-45", MPI_STATE, 0.000036, 0.000516, 0.000480, 0.000000, PMPI_Barrier
State, "rank-45", MPI_STATE, 0.000520, 0.000762, 0.000242, 0.000000, PMPI_Scatter
State, "rank-45", MPI_STATE, 0.000769, 0.000777, 0.000008, 0.000000, PMPI_Sendrecv
State, "rank-45", MPI_STATE, 0.000779, 0.000809, 0.000030, 0.000000, PMPI_Sendrecv
State, "rank-45", MPI_STATE, 0.000811, 0.000836, 0.000025, 0.000000, PMPI_Sendrecv
State, "rank-45", MPI_STATE, 0.000838, 0.000886, 0.000048, 0.000000, PMPI_Sendrecv
State, "rank-45", MPI_STATE, 0.000888, 0.000994, 0.000106, 0.000000, PMPI_Sendrecv
State, "rank-45", MPI_STATE, 0.000996, 0.001184, 0.000188, 0.000000, PMPI_Sendrecv
State, "rank-45", MPI_STATE, 0.001185, 0.001569, 0.000384, 0.000000, PMPI_Sendrecv
State, "rank-45", MPI_STATE, 0.004584, 0.004584, 0.000000, 0.000000, PMPI_Reduce
State, "rank-45", MPI_STATE, 0.004586, 0.004586, 0.000000, 0.000000, PMPI_Reduce
State, "rank-45", MPI_STATE, 0.004587, 0.004693, 0.000106, 0.000000, PMPI_Barrier
State, "rank-45", MPI_STATE, 0.004695, 0.004695, 0.000000, 0.000000, PMPI_Finalize
Container, 0, MPI, 0, 0.004695, 0.004695, "rank-44"
State, "rank-44", MPI_STATE, 0.000000, 0.000000, 0.000000, 0.000000, PMPI_Init
State, "rank-44", MPI_STATE, 0.000035, 0.000516, 0.000481, 0.000000, PMPI_Barrier
State, "rank-44", MPI_STATE, 0.000520, 0.000580, 0.000060, 0.000000, PMPI_Scatter
State, "rank-44", MPI_STATE, 0.000589, 0.000777, 0.000188, 0.000000, PMPI_Sendrecv
State, "rank-44", MPI_STATE, 0.000780, 0.000809, 0.000029, 0.000000, PMPI_Sendrecv
State, "rank-44", MPI_STATE, 0.000811, 0.000836, 0.000025, 0.000000, PMPI_Sendrecv
State, "rank-44", MPI_STATE, 0.000837, 0.000885, 0.000048, 0.000000, PMPI_Sendrecv
State, "rank-44", MPI_STATE, 0.000886, 0.000992, 0.000106, 0.000000, PMPI_Sendrecv
State, "rank-44", MPI_STATE, 0.000993, 0.001181, 0.000188, 0.000000, PMPI_Sendrecv
State, "rank-44", MPI_STATE, 0.001182, 0.001568, 0.000386, 0.000000, PMPI_Sendrecv
State, "rank-44", MPI_STATE, 0.004615, 0.004615, 0.000000, 0.000000, PMPI_Reduce
State, "rank-44", MPI_STATE, 0.004617, 0.004617, 0.000000, 0.000000, PMPI_Reduce
State, "rank-44", MPI_STATE, 0.004618, 0.004693, 0.000075, 0.000000, PMPI_Barrier
State, "rank-44", MPI_STATE, 0.004695, 0.004695, 0.000000, 0.000000, PMPI_Finalize
Container, 0, MPI, 0, 0.004695, 0.004695, "rank-43"
State, "rank-43", MPI_STATE, 0.000000, 0.000000, 0.000000, 0.000000, PMPI_Init
State, "rank-43", MPI_STATE, 0.000033, 0.000516, 0.000483, 0.000000, PMPI_Barrier
State, "rank-43", MPI_STATE, 0.000521, 0.000762, 0.000241, 0.000000, PMPI_Scatter
State, "rank-43", MPI_STATE, 0.000769, 0.000777, 0.000008, 0.000000, PMPI_Sendrecv
State, "rank-43", MPI_STATE, 0.000779, 0.000792, 0.000013, 0.000000, PMPI_Sendrecv
State, "rank-43", MPI_STATE, 0.000794, 0.000835, 0.000041, 0.000000, PMPI_Sendrecv
State, "rank-43", MPI_STATE, 0.000836, 0.000884, 0.000048, 0.000000, PMPI_Sendrecv
State, "rank-43", MPI_STATE, 0.000885, 0.000994, 0.000109, 0.000000, PMPI_Sendrecv
State, "rank-43", MPI_STATE, 0.000996, 0.001184, 0.000188, 0.000000, PMPI_Sendrecv
State, "rank-43", MPI_STATE, 0.001186, 0.001570, 0.000384, 0.000000, PMPI_Sendrecv
State, "rank-43", MPI_STATE, 0.004600, 0.004600, 0.000000, 0.000000, PMPI_Reduce
State, "rank-43", MPI_STATE, 0.004603, 0.004603, 0.000000, 0.000000, PMPI_Reduce
State, "rank-43", MPI_STATE, 0.004606, 0.004693, 0.000087, 0.000000, PMPI_Barrier
State, "rank-43", MPI_STATE, 0.004695, 0.004695, 0.000000, 0.000000, PMPI_Finalize
Container, 0, MPI, 0, 0.004695, 0.004695, "rank-42"
State, "rank-42", MPI_STATE, 0.000000, 0.000000, 0.000000, 0.000000, PMPI_Init
State, "rank-42", MPI_STATE, 0.000043, 0.000516, 0.000473, 0.000000, PMPI_Barrier
State, "rank-42", MPI_STATE, 0.000520, 0.000625, 0.000105, 0.000000, PMPI_Scatter
State, "rank-42", MPI_STATE, 0.000637, 0.000777, 0.000140, 0.000000, PMPI_Sendrecv
State, "rank-42", MPI_STATE, 0.000779, 0.000792, 0.000013, 0.000000, PMPI_Sendrecv
State, "rank-42", MPI_STATE, 0.000794, 0.000835, 0.000041, 0.000000, PMPI_Sendrecv
State, "rank-42", MPI_STATE, 0.000837, 0.000885, 0.000048, 0.000000, PMPI_Sendrecv
State, "rank-42", MPI_STATE, 0.000887, 0.000992, 0.000105, 0.000000, PMPI_Sendrecv
State, "rank-42", MPI_STATE, 0.000994, 0.001182, 0.000188, 0.000000, PMPI_Sendrecv
State, "rank-42", MPI_STATE, 0.001184, 0.001571, 0.000387, 0.000000, PMPI_Sendrecv
State, "rank-42", MPI_STATE, 0.004606, 0.004606, 0.000000, 0.000000, PMPI_Reduce
State, "rank-42", MPI_STATE, 0.004608, 0.004608, 0.000000, 0.000000, PMPI_Reduce
State, "rank-42", MPI_STATE, 0.004610, 0.004693, 0.000083, 0.000000, PMPI_Barrier
State, "rank-42", MPI_STATE, 0.004695, 0.004695, 0.000000, 0.000000, PMPI_Finalize
Container, 0, MPI, 0, 0.004695, 0.004695, "rank-41"
State, "rank-41", MPI_STATE, 0.000000, 0.000000, 0.000000, 0.000000, PMPI_Init
State, "rank-41", MPI_STATE, 0.000036, 0.000516, 0.000480, 0.000000, PMPI_Barrier
State, "rank-41", MPI_STATE, 0.000520, 0.000725, 0.000205, 0.000000, PMPI_Scatter
State, "rank-41", MPI_STATE, 0.000732, 0.000740, 0.000008, 0.000000, PMPI_Sendrecv
State, "rank-41", MPI_STATE, 0.000741, 0.000792, 0.000051, 0.000000, PMPI_Sendrecv
State, "rank-41", MPI_STATE, 0.000794, 0.000836, 0.000042, 0.000000, PMPI_Sendrecv
State, "rank-41", MPI_STATE, 0.000837, 0.000885, 0.000048, 0.000000, PMPI_Sendrecv
State, "rank-41", MPI_STATE, 0.000887, 0.000995, 0.000108, 0.000000, PMPI_Sendrecv
State, "rank-41", MPI_STATE, 0.000997, 0.001185, 0.000188, 0.000000, PMPI_Sendrecv
State, "rank-41", MPI_STATE, 0.001186, 0.001569, 0.000383, 0.000000, PMPI_Sendrecv
State, "rank-41", MPI_STATE, 0.004642, 0.004642, 0.000000, 0.000000, PMPI_Reduce
State, "rank-41", MPI_STATE, 0.004644, 0.004644, 0.000000, 0.000000, PMPI_Reduce
State, "rank-41", MPI_STATE, 0.004646, 0.004693, 0.000047, 0.000000, PMPI_Barrier
State, "rank-41", MPI_STATE, 0.004695, 0.004695, 0.000000, 0.000000, PMPI_Finalize
Container, 0, MPI, 0, 0.004694, 0.004694, "rank-40"
State, "rank-40", MPI_STATE, 0.000000, 0.000000, 0.000000, 0.000000, PMPI_Init
State, "rank-40", MPI_STATE, 0.000036, 0.000516, 0.000480, 0.000000, PMPI_Barrier
State, "rank-40", MPI_STATE, 0.000520, 0.000548, 0.000028, 0.000000, PMPI_Scatter
State, "rank-40", MPI_STATE, 0.000558, 0.000740, 0.000182, 0.000000, PMPI_Sendrecv
State, "rank-40", MPI_STATE, 0.000741, 0.000792, 0.000051, 0.000000, PMPI_Sendrecv
State, "rank-40", MPI_STATE, 0.000794, 0.000836, 0.000042, 0.000000, PMPI_Sendrecv
State, "rank-40", MPI_STATE, 0.000838, 0.000886, 0.000048, 0.000000, PMPI_Sendrecv
State, "rank-40", MPI_STATE, 0.000887, 0.000992, 0.000105, 0.000000, PMPI_Sendrecv
State, "rank-40", MPI_STATE, 0.000994, 0.001182, 0.000188, 0.000000, PMPI_Sendrecv
State, "rank-40", MPI_STATE, 0.001183, 0.001571, 0.000388, 0.000000, PMPI_Sendrecv
State, "rank-40", MPI_STATE, 0.004579, 0.004579, 0.000000, 0.000000, PMPI_Reduce
State, "rank-40", MPI_STATE, 0.004581, 0.004581, 0.000000, 0.000000, PMPI_Reduce
State, "rank-40", MPI_STATE, 0.004583, 0.004692, 0.000109, 0.000000, PMPI_Barrier
State, "rank-40", MPI_STATE, 0.004694, 0.004694, 0.000000, 0.000000, PMPI_Finalize
Container, 0, MPI, 0, 0.004695, 0.004695, "rank-39"
State, "rank-39", MPI_STATE, 0.000000, 0.000000, 0.000000, 0.000000, PMPI_Init
State, "rank-39", MPI_STATE, 0.000043, 0.000516, 0.000473, 0.000000, PMPI_Barrier
State, "rank-39", MPI_STATE, 0.000521, 0.000762, 0.000241, 0.000000, PMPI_Scatter
State, "rank-39", MPI_STATE, 0.000767, 0.000775, 0.000008, 0.000000, PMPI_Sendrecv
State, "rank-39", MPI_STATE, 0.000778, 0.000791, 0.000013, 0.000000, PMPI_Sendrecv
State, "rank-39", MPI_STATE, 0.000792, 0.000816, 0.000024, 0.000000, PMPI_Sendrecv
State, "rank-39", MPI_STATE, 0.000818, 0.000885, 0.000067, 0.000000, PMPI_Sendrecv
State, "rank-39", MPI_STATE, 0.000887, 0.000993, 0.000106, 0.000000, PMPI_Sendrecv
State, "rank-39", MPI_STATE, 0.000995, 0.001183, 0.000188, 0.000000, PMPI_Sendrecv
State, "rank-39", MPI_STATE, 0.001184, 0.001570, 0.000386, 0.000000, PMPI_Sendrecv
State, "rank-39", MPI_STATE, 0.004580, 0.004580, 0.000000, 0.000000, PMPI_Reduce
State, "rank-39", MPI_STATE, 0.004582, 0.004582, 0.000000, 0.000000, PMPI_Reduce
State, "rank-39", MPI_STATE, 0.004583, 0.004693, 0.000110, 0.000000, PMPI_Barrier
State, "rank-39", MPI_STATE, 0.004695, 0.004695, 0.000000, 0.000000, PMPI_Finalize
Container, 0, MPI, 0, 0.004694, 0.004694, "rank-3"
State, "rank-3", MPI_STATE, 0.000000, 0.000000, 0.000000, 0.000000, PMPI_Init
State, "rank-3", MPI_STATE, 0.000051, 0.000516, 0.000465, 0.000000, PMPI_Barrier
State, "rank-3", MPI_STATE, 0.000519, 0.000668, 0.000149, 0.000000, PMPI_Scatter
State, "rank-3", MPI_STATE, 0.000674, 0.000682, 0.000008, 0.000000, PMPI_Sendrecv
State, "rank-3", MPI_STATE, 0.000683, 0.000708, 0.000025, 0.000000, PMPI_Sendrecv
State, "rank-3", MPI_STATE, 0.000709, 0.000794, 0.000085, 0.000000, PMPI_Sendrecv
State, "rank-3", MPI_STATE, 0.000797, 0.000864, 0.000067, 0.000000, PMPI_Sendrecv
State, "rank-3", MPI_STATE, 0.000867, 0.000980, 0.000113, 0.000000, PMPI_Sendrecv
State, "rank-3", MPI_STATE, 0.000982, 0.001184, 0.000202, 0.000000, PMPI_Sendrecv
State, "rank-3", MPI_STATE, 0.001187, 0.001570, 0.000383, 0.000000, PMPI_Sendrecv
State, "rank-3", MPI_STATE, 0.004597, 0.004597, 0.000000, 0.000000, PMPI_Reduce
State, "rank-3", MPI_STATE, 0.004599, 0.004599, 0.000000, 0.000000, PMPI_Reduce
State, "rank-3", MPI_STATE, 0.004601, 0.004692, 0.000091, 0.000000, PMPI_Barrier
State, "rank-3", MPI_STATE, 0.004694, 0.004694, 0.000000, 0.000000, PMPI_Finalize
Container, 0, MPI, 0, 0.004695, 0.004695, "rank-38"
State, "rank-38", MPI_STATE, 0.000000, 0.000000, 0.000000, 0.000000, PMPI_Init
State, "rank-38", MPI_STATE, 0.000036, 0.000516, 0.000480, 0.000000, PMPI_Barrier
State, "rank-38", MPI_STATE, 0.000519, 0.000625, 0.000106, 0.000000, PMPI_Scatter
State, "rank-38", MPI_STATE, 0.000632, 0.000775, 0.000143, 0.000000, PMPI_Sendrecv
State, "rank-38", MPI_STATE, 0.000777, 0.000790, 0.000013, 0.000000, PMPI_Sendrecv
State, "rank-38", MPI_STATE, 0.000792, 0.000816, 0.000024, 0.000000, PMPI_Sendrecv
State, "rank-38", MPI_STATE, 0.000818, 0.000885, 0.000067, 0.000000, PMPI_Sendrecv
State, "rank-38", MPI_STATE, 0.000886, 0.000994, 0.000108, 0.000000, PMPI_Sendrecv
State, "rank-38", MPI_STATE, 0.000995, 0.001183, 0.000188, 0.000000, PMPI_Sendrecv
State, "rank-38", MPI_STATE, 0.001185, 0.001570, 0.000385, 0.000000, PMPI_Sendrecv
State, "rank-38", MPI_STATE, 0.004562, 0.004562, 0.000000, 0.000000, PMPI_Reduce
State, "rank-38", MPI_STATE, 0.004564, 0.004564, 0.000000, 0.000000, PMPI_Reduce
State, "rank-38", MPI_STATE, 0.004569, 0.004693, 0.000124, 0.000000, PMPI_Barrier
State, "rank-38", MPI_STATE, 0.004695, 0.004695, 0.000000, 0.000000, PMPI_Finalize
Container, 0, MPI, 0, 0.004695, 0.004695, "rank-37"
State, "rank-37", MPI_STATE, 0.000000, 0.000000, 0.000000, 0.000000, PMPI_Init
State, "rank-37", MPI_STATE, 0.000034, 0.000516, 0.000482, 0.000000, PMPI_Barrier
State, "rank-37", MPI_STATE, 0.000521, 0.000725, 0.000204, 0.000000, PMPI_Scatter
State, "rank-37", MPI_STATE, 0.000731, 0.000739, 0.000008, 0.000000, PMPI_Sendrecv
State, "rank-37", MPI_STATE, 0.000741, 0.000791, 0.000050, 0.000000, PMPI_Sendrecv
State, "rank-37", MPI_STATE, 0.000792, 0.000816, 0.000024, 0.000000, PMPI_Sendrecv
State, "rank-37", MPI_STATE, 0.000817, 0.000886, 0.000069, 0.000000, PMPI_Sendrecv
State, "rank-37", MPI_STATE, 0.000889, 0.000994, 0.000105, 0.000000, PMPI_Sendrecv
State, "rank-37", MPI_STATE, 0.000996, 0.001184, 0.000188, 0.000000, PMPI_Sendrecv
State, "rank-37", MPI_STATE, 0.001186, 0.001571, 0.000385, 0.000000, PMPI_Sendrecv
State, "rank-37", MPI_STATE, 0.004629, 0.004629, 0.000000, 0.000000, PMPI_Reduce
State, "rank-37", MPI_STATE, 0.004631, 0.004631, 0.000000, 0.000000, PMPI_Reduce
State, "rank-37", MPI_STATE, 0.004633, 0.004693, 0.000060, 0.000000, PMPI_Barrier
State, "rank-37", MPI_STATE, 0.004695, 0.004695, 0.000000, 0.000000, PMPI_Finalize
Container, 0, MPI, 0, 0.004694, 0.004694, "rank-36"
State, "rank-36", MPI_STATE, 0.000000, 0.000000, 0.000000, 0.000000, PMPI_Init
State, "rank-36", MPI_STATE, 0.000031, 0.000516, 0.000485, 0.000000, PMPI_Barrier
State, "rank-36", MPI_STATE, 0.000520, 0.000567, 0.000047, 0.000000, PMPI_Scatter
State, "rank-36", MPI_STATE, 0.000573, 0.000739, 0.000166, 0.000000, PMPI_Sendrecv
State, "rank-36", MPI_STATE, 0.000741, 0.000790, 0.000049, 0.000000, PMPI_Sendrecv
State, "rank-36", MPI_STATE, 0.000792, 0.000816, 0.000024, 0.000000, PMPI_Sendrecv
State, "rank-36", MPI_STATE, 0.000817, 0.000885, 0.000068, 0.000000, PMPI_Sendrecv
State, "rank-36", MPI_STATE, 0.000887, 0.000993, 0.000106, 0.000000, PMPI_Sendrecv
State, "rank-36", MPI_STATE, 0.000994, 0.001182, 0.000188, 0.000000, PMPI_Sendrecv
State, "rank-36", MPI_STATE, 0.001184, 0.001569, 0.000385, 0.000000, PMPI_Sendrecv
State, "rank-36", MPI_STATE, 0.004605, 0.004605, 0.000000, 0.000000, PMPI_Reduce
State, "rank-36", MPI_STATE, 0.004607, 0.004607, 0.000000, 0.000000, PMPI_Reduce
State, "rank-36", MPI_STATE, 0.004608, 0.004692, 0.000084, 0.000000, PMPI_Barrier
State, "rank-36", MPI_STATE, 0.004694, 0.004694, 0.000000, 0.000000, PMPI_Finalize
Container, 0, MPI, 0, 0.004695, 0.004695, "rank-35"
State, "rank-35", MPI_STATE, 0.000000, 0.000000, 0.000000, 0.000000, PMPI_Init
State, "rank-35", MPI_STATE, 0.000033, 0.000516, 0.000483, 0.000000, PMPI_Barrier
State, "rank-35", MPI_STATE, 0.000520, 0.000725, 0.000205, 0.000000, PMPI_Scatter
State, "rank-35", MPI_STATE, 0.000733, 0.000741, 0.000008, 0.000000, PMPI_Sendrecv
State, "rank-35", MPI_STATE, 0.000742, 0.000755, 0.000013, 0.000000, PMPI_Sendrecv
State, "rank-35", MPI_STATE, 0.000757, 0.000816, 0.000059, 0.000000, PMPI_Sendrecv
State, "rank-35", MPI_STATE, 0.000817, 0.000884, 0.000067, 0.000000, PMPI_Sendrecv
State, "rank-35", MPI_STATE, 0.000886, 0.000994, 0.000108, 0.000000, PMPI_Sendrecv
State, "rank-35", MPI_STATE, 0.000996, 0.001184, 0.000188, 0.000000, PMPI_Sendrecv
State, "rank-35", MPI_STATE, 0.001185, 0.001569, 0.000384, 0.000000, PMPI_Sendrecv
State, "rank-35", MPI_STATE, 0.004560, 0.004560, 0.000000, 0.000000, PMPI_Reduce
State, "rank-35", MPI_STATE, 0.004562, 0.004562, 0.000000, 0.000000, PMPI_Reduce
State, "rank-35", MPI_STATE, 0.004564, 0.004693, 0.000129, 0.000000, PMPI_Barrier
State, "rank-35", MPI_STATE, 0.004695, 0.004695, 0.000000, 0.000000, PMPI_Finalize
Container, 0, MPI, 0, 0.004694, 0.004694, "rank-34"
State, "rank-34", MPI_STATE, 0.000000, 0.000000, 0.000000, 0.000000, PMPI_Init
State, "rank-34", MPI_STATE, 0.000038, 0.000516, 0.000478, 0.000000, PMPI_Barrier
State, "rank-34", MPI_STATE, 0.000520, 0.000598, 0.000078, 0.000000, PMPI_Scatter
State, "rank-34", MPI_STATE, 0.000605, 0.000741, 0.000136, 0.000000, PMPI_Sendrecv
State, "rank-34", MPI_STATE, 0.000743, 0.000756, 0.000013, 0.000000, PMPI_Sendrecv
State, "rank-34", MPI_STATE, 0.000758, 0.000816, 0.000058, 0.000000, PMPI_Sendrecv
State, "rank-34", MPI_STATE, 0.000818, 0.000885, 0.000067, 0.000000, PMPI_Sendrecv
State, "rank-34", MPI_STATE, 0.000886, 0.000993, 0.000107, 0.000000, PMPI_Sendrecv
State, "rank-34", MPI_STATE, 0.000995, 0.001183, 0.000188, 0.000000, PMPI_Sendrecv
State, "rank-34", MPI_STATE, 0.001185, 0.001571, 0.000386, 0.000000, PMPI_Sendrecv
State, "rank-34", MPI_STATE, 0.004606, 0.004606, 0.000000, 0.000000, PMPI_Reduce
State, "rank-34", MPI_STATE, 0.004608, 0.004608, 0.000000, 0.000000, PMPI_Reduce
State, "rank-34", MPI_STATE, 0.004609, 0.004692, 0.000083, 0.000000, PMPI_Barrier
State, "rank-34", MPI_STATE, 0.004694, 0.004694, 0.000000, 0.000000, PMPI_Finalize
Container, 0, MPI, 0, 0.004694, 0.004694, "rank-33"
State, "rank-33", MPI_STATE, 0.000000, 0.000000, 0.000000, 0.000000, PMPI_Init
State, "rank-33", MPI_STATE, 0.000034, 0.000516, 0.000482, 0.000000, PMPI_Barrier
State, "rank-33", MPI_STATE, 0.000520, 0.000668, 0.000148, 0.000000, PMPI_Scatter
State, "rank-33", MPI_STATE, 0.000675, 0.000683, 0.000008, 0.000000, PMPI_Sendrecv
State, "rank-33", MPI_STATE, 0.000685, 0.000755, 0.000070, 0.000000, PMPI_Sendrecv
State, "rank-33", MPI_STATE, 0.000756, 0.000816, 0.000060, 0.000000, PMPI_Sendrecv
State, "rank-33", MPI_STATE, 0.000818, 0.000885, 0.000067, 0.000000, PMPI_Sendrecv
State, "rank-33", MPI_STATE, 0.000887, 0.000997, 0.000110, 0.000000, PMPI_Sendrecv
State, "rank-33", MPI_STATE, 0.000998, 0.001186, 0.000188, 0.000000, PMPI_Sendrecv
State, "rank-33", MPI_STATE, 0.001188, 0.001568, 0.000380, 0.000000, PMPI_Sendrecv
State, "rank-33", MPI_STATE, 0.004591, 0.004591, 0.000000, 0.000000, PMPI_Reduce
State, "rank-33", MPI_STATE, 0.004594, 0.004594, 0.000000, 0.000000, PMPI_Reduce
State, "rank-33", MPI_STATE, 0.004596, 0.004692, 0.000096, 0.000000, PMPI_Barrier
State, "rank-33", MPI_STATE, 0.004694, 0.004694, 0.000000, 0.000000, PMPI_Finalize
Container, 0, MPI, 0, 0.004694, 0.004694, "rank-32"
State, "rank-32", MPI_STATE, 0.000000, 0.000000, 0.000000, 0.000000, PMPI_Init
State, "rank-32", MPI_STATE, 0.000033, 0.000516, 0.000483, 0.000000, PMPI_Barrier
State, "rank-32", MPI_STATE, 0.000522, 0.000529, 0.000007, 0.000000, PMPI_Scatter
State, "rank-32", MPI_STATE, 0.000540, 0.000683, 0.000143, 0.000000, PMPI_Sendrecv
State, "rank-32", MPI_STATE, 0.000685, 0.000756, 0.000071, 0.000000, PMPI_Sendrecv
State, "rank-32", MPI_STATE, 0.000758, 0.000816, 0.000058, 0.000000, PMPI_Sendrecv
State, "rank-32", MPI_STATE, 0.000817, 0.000886, 0.000069, 0.000000, PMPI_Sendrecv
State, "rank-32", MPI_STATE, 0.000887, 0.000991, 0.000104, 0.000000, PMPI_Sendrecv
State, "rank-32", MPI_STATE, 0.000992, 0.001180, 0.000188, 0.000000, PMPI_Sendrecv
State, "rank-32", MPI_STATE, 0.001182, 0.001570, 0.000388, 0.000000, PMPI_Sendrecv
State, "rank-32", MPI_STATE, 0.004647, 0.004647, 0.000000, 0.000000, PMPI_Reduce
State, "rank-32", MPI_STATE, 0.004649, 0.004649, 0.000000, 0.000000, PMPI_Reduce
State, "rank-32", MPI_STATE, 0.004652, 0.004692, 0.000040, 0.000000, PMPI_Barrier
State, "rank-32", MPI_STATE, 0.004694, 0.004694, 0.000000, 0.000000, PMPI_Finalize
Container, 0, MPI, 0, 0.004695, 0.004695, "rank-31"
State, "rank-31", MPI_STATE, 0.000000, 0.000000, 0.000000, 0.000000, PMPI_Init
State, "rank-31", MPI_STATE, 0.000035, 0.000516, 0.000481, 0.000000, PMPI_Barrier
State, "rank-31", MPI_STATE, 0.000521, 0.000778, 0.000257, 0.000000, PMPI_Scatter
State, "rank-31", MPI_STATE, 0.000786, 0.000794, 0.000008, 0.000000, PMPI_Sendrecv
State, "rank-31", MPI_STATE, 0.000795, 0.000808, 0.000013, 0.000000, PMPI_Sendrecv
State, "rank-31", MPI_STATE, 0.000809, 0.000834, 0.000025, 0.000000, PMPI_Sendrecv
State, "rank-31", MPI_STATE, 0.000835, 0.000883, 0.000048, 0.000000, PMPI_Sendrecv
State, "rank-31", MPI_STATE, 0.000884, 0.000979, 0.000095, 0.000000, PMPI_Sendrecv
State, "rank-31", MPI_STATE, 0.000981, 0.001184, 0.000203, 0.000000, PMPI_Sendrecv
State, "rank-31", MPI_STATE, 0.001186, 0.001571, 0.000385, 0.000000, PMPI_Sendrecv
State, "rank-31", MPI_STATE, 0.004604, 0.004604, 0.000000, 0.000000, PMPI_Reduce
State, "rank-31", MPI_STATE, 0.004606, 0.004606, 0.000000, 0.000000, PMPI_Reduce
State, "rank-31", MPI_STATE, 0.004608, 0.004693, 0.000085, 0.000000, PMPI_Barrier
State, "rank-31", MPI_STATE, 0.004695, 0.004695, 0.000000, 0.000000, PMPI_Finalize
Container, 0, MPI, 0, 0.004694, 0.004694, "rank-30"
State, "rank-30", MPI_STATE, 0.000000, 0.000000, 0.000000, 0.000000, PMPI_Init
State, "rank-30", MPI_STATE, 0.000035, 0.000516, 0.000481, 0.000000, PMPI_Barrier
State, "rank-30", MPI_STATE, 0.000519, 0.000640, 0.000121, 0.000000, PMPI_Scatter
State, "rank-30", MPI_STATE, 0.000645, 0.000794, 0.000149, 0.000000, PMPI_Sendrecv
State, "rank-30", MPI_STATE, 0.000795, 0.000808, 0.000013, 0.000000, PMPI_Sendrecv
State, "rank-30", MPI_STATE, 0.000810, 0.000835, 0.000025, 0.000000, PMPI_Sendrecv
State, "rank-30", MPI_STATE, 0.000836, 0.000884, 0.000048, 0.000000, PMPI_Sendrecv
State, "rank-30", MPI_STATE, 0.000885, 0.000980, 0.000095, 0.000000, PMPI_Sendrecv
State, "rank-30", MPI_STATE, 0.000982, 0.001184, 0.000202, 0.000000, PMPI_Sendrecv
State, "rank-30", MPI_STATE, 0.001185, 0.001568, 0.000383, 0.000000, PMPI_Sendrecv
State, "rank-30", MPI_STATE, 0.004584, 0.004584, 0.000000, 0.000000, PMPI_Reduce
State, "rank-30", MPI_STATE, 0.004586, 0.004586, 0.000000, 0.000000, PMPI_Reduce
State, "rank-30", MPI_STATE, 0.004588, 0.004693, 0.000105, 0.000000, PMPI_Barrier
State, "rank-30", MPI_STATE, 0.004694, 0.004694, 0.000000, 0.000000, PMPI_Finalize
Container, 0, MPI, 0, 0.004694, 0.004694, "rank-29"
State, "rank-29", MPI_STATE, 0.000000, 0.000000, 0.000000, 0.000000, PMPI_Init
State, "rank-29", MPI_STATE, 0.000034, 0.000516, 0.000482, 0.000000, PMPI_Barrier
State, "rank-29", MPI_STATE, 0.000521, 0.000762, 0.000241, 0.000000, PMPI_Scatter
State, "rank-29", MPI_STATE, 0.000770, 0.000778, 0.000008, 0.000000, PMPI_Sendrecv
State, "rank-29", MPI_STATE, 0.000779, 0.000808, 0.000029, 0.000000, PMPI_Sendrecv
State, "rank-29", MPI_STATE, 0.000810, 0.000835, 0.000025, 0.000000, PMPI_Sendrecv
State, "rank-29", MPI_STATE, 0.000837, 0.000885, 0.000048, 0.000000, PMPI_Sendrecv
State, "rank-29", MPI_STATE, 0.000887, 0.000982, 0.000095, 0.000000, PMPI_Sendrecv
State, "rank-29", MPI_STATE, 0.000983, 0.001183, 0.000200, 0.000000, PMPI_Sendrecv
State, "rank-29", MPI_STATE, 0.001184, 0.001569, 0.000385, 0.000000, PMPI_Sendrecv
State, "rank-29", MPI_STATE, 0.004582, 0.004582, 0.000000, 0.000000, PMPI_Reduce
State, "rank-29", MPI_STATE, 0.004585, 0.004585, 0.000000, 0.000000, PMPI_Reduce
State, "rank-29", MPI_STATE, 0.004587, 0.004693, 0.000106, 0.000000, PMPI_Barrier
State, "rank-29", MPI_STATE, 0.004694, 0.004694, 0.000000, 0.000000, PMPI_Finalize
Container, 0, MPI, 0, 0.004694, 0.004694, "rank-2"
State, "rank-2", MPI_STATE, 0.000000, 0.000000, 0.000000, 0.000000, PMPI_Init
State, "rank-2", MPI_STATE, 0.000038, 0.000516, 0.000478, 0.000000, PMPI_Barrier
State, "rank-2", MPI_STATE, 0.000520, 0.000559, 0.000039, 0.000000, PMPI_Scatter
State, "rank-2", MPI_STATE, 0.000565, 0.000682, 0.000117, 0.000000, PMPI_Sendrecv
State, "rank-2", MPI_STATE, 0.000683, 0.000696, 0.000013, 0.000000, PMPI_Sendrecv
State, "rank-2", MPI_STATE, 0.000697, 0.000780, 0.000083, 0.000000, PMPI_Sendrecv
State, "rank-2", MPI_STATE, 0.000782, 0.000868, 0.000086, 0.000000, PMPI_Sendrecv
State, "rank-2", MPI_STATE, 0.000870, 0.000980, 0.000110, 0.000000, PMPI_Sendrecv
State, "rank-2", MPI_STATE, 0.000981, 0.001183, 0.000202, 0.000000, PMPI_Sendrecv
State, "rank-2", MPI_STATE, 0.001185, 0.001571, 0.000386, 0.000000, PMPI_Sendrecv
State, "rank-2", MPI_STATE, 0.004586, 0.004586, 0.000000, 0.000000, PMPI_Reduce
State, "rank-2", MPI_STATE, 0.004588, 0.004588, 0.000000, 0.000000, PMPI_Reduce
State, "rank-2", MPI_STATE, 0.004590, 0.004692, 0.000102, 0.000000, PMPI_Barrier
State, "rank-2", MPI_STATE, 0.004694, 0.004694, 0.000000, 0.000000, PMPI_Finalize
Container, 0, MPI, 0, 0.004694, 0.004694, "rank-28"
State, "rank-28", MPI_STATE, 0.000000, 0.000000, 0.000000, 0.000000, PMPI_Init
State, "rank-28", MPI_STATE, 0.000040, 0.000516, 0.000476, 0.000000, PMPI_Barrier
State, "rank-28", MPI_STATE, 0.000520, 0.000580, 0.000060, 0.000000, PMPI_Scatter
State, "rank-28", MPI_STATE, 0.000588, 0.000778, 0.000190, 0.000000, PMPI_Sendrecv
State, "rank-28", MPI_STATE, 0.000779, 0.000808, 0.000029, 0.000000, PMPI_Sendrecv
State, "rank-28", MPI_STATE, 0.000809, 0.000834, 0.000025, 0.000000, PMPI_Sendrecv
State, "rank-28", MPI_STATE, 0.000835, 0.000883, 0.000048, 0.000000, PMPI_Sendrecv
State, "rank-28", MPI_STATE, 0.000885, 0.000980, 0.000095, 0.000000, PMPI_Sendrecv
State, "rank-28", MPI_STATE, 0.000981, 0.001182, 0.000201, 0.000000, PMPI_Sendrecv
State, "rank-28", MPI_STATE, 0.001184, 0.001567, 0.000383, 0.000000, PMPI_Sendrecv
State, "rank-28", MPI_STATE, 0.004597, 0.004597, 0.000000, 0.000000, PMPI_Reduce
State, "rank-28", MPI_STATE, 0.004599, 0.004599, 0.000000, 0.000000, PMPI_Reduce
State, "rank-28", MPI_STATE, 0.004600, 0.004693, 0.000093, 0.000000, PMPI_Barrier
State, "rank-28", MPI_STATE, 0.004694, 0.004694, 0.000000, 0.000000, PMPI_Finalize
Container, 0, MPI, 0, 0.004695, 0.004695, "rank-27"
State, "rank-27", MPI_STATE, 0.000000, 0.000000, 0.000000, 0.000000, PMPI_Init
State, "rank-27", MPI_STATE, 0.000067, 0.000516, 0.000449, 0.000000, PMPI_Barrier
State, "rank-27", MPI_STATE, 0.000520, 0.000762, 0.000242, 0.000000, PMPI_Scatter
State, "rank-27", MPI_STATE, 0.000769, 0.000777, 0.000008, 0.000000, PMPI_Sendrecv
State, "rank-27", MPI_STATE, 0.000779, 0.000792, 0.000013, 0.000000, PMPI_Sendrecv
State, "rank-27", MPI_STATE, 0.000794, 0.000834, 0.000040, 0.000000, PMPI_Sendrecv
State, "rank-27", MPI_STATE, 0.000836, 0.000884, 0.000048, 0.000000, PMPI_Sendrecv
State, "rank-27", MPI_STATE, 0.000886, 0.000981, 0.000095, 0.000000, PMPI_Sendrecv
State, "rank-27", MPI_STATE, 0.000983, 0.001183, 0.000200, 0.000000, PMPI_Sendrecv
State, "rank-27", MPI_STATE, 0.001185, 0.001570, 0.000385, 0.000000, PMPI_Sendrecv
State, "rank-27", MPI_STATE, 0.004560, 0.004560, 0.000000, 0.000000, PMPI_Reduce
State, "rank-27", MPI_STATE, 0.004562, 0.004562, 0.000000, 0.000000, PMPI_Reduce
State, "rank-27", MPI_STATE, 0.004564, 0.004693, 0.000129, 0.000000, PMPI_Barrier
State, "rank-27", MPI_STATE, 0.004695, 0.004695, 0.000000, 0.000000, PMPI_Finalize
Container, 0, MPI, 0, 0.004695, 0.004695, "rank-26"
State, "rank-26", MPI_STATE, 0.000000, 0.000000, 0.000000, 0.000000, PMPI_Init
State, "rank-26", MPI_STATE, 0.000076, 0.000516, 0.000440, 0.000000, PMPI_Barrier
State, "rank-26", MPI_STATE, 0.000519, 0.000625, 0.000106, 0.000000, PMPI_Scatter
State, "rank-26", MPI_STATE, 0.000633, 0.000777, 0.000144, 0.000000, PMPI_Sendrecv
State, "rank-26", MPI_STATE, 0.000778, 0.000791, 0.000013, 0.000000, PMPI_Sendrecv
State, "rank-26", MPI_STATE, 0.000793, 0.000835, 0.000042, 0.000000, PMPI_Sendrecv
State, "rank-26", MPI_STATE, 0.000836, 0.000884, 0.000048, 0.000000, PMPI_Sendrecv
State, "rank-26", MPI_STATE, 0.000886, 0.000981, 0.000095, 0.000000, PMPI_Sendrecv
State, "rank-26", MPI_STATE, 0.000983, 0.001182, 0.000199, 0.000000, PMPI_Sendrecv
State, "rank-26", MPI_STATE, 0.001184, 0.001570, 0.000386, 0.000000, PMPI_Sendrecv
State, "rank-26", MPI_STATE, 0.004633, 0.004633, 0.000000, 0.000000, PMPI_Reduce
State, "rank-26", MPI_STATE, 0.004635, 0.004635, 0.000000, 0.000000, PMPI_Reduce
State, "rank-26", MPI_STATE, 0.004637, 0.004693, 0.000056, 0.000000, PMPI_Barrier
State, "rank-26", MPI_STATE, 0.004695, 0.004695, 0.000000, 0.000000, PMPI_Finalize
Container, 0, MPI, 0, 0.004695, 0.004695, "rank-25"
State, "rank-25", MPI_STATE, 0.000000, 0.000000, 0.000000, 0.000000, PMPI_Init
State, "rank-25", MPI_STATE, 0.000040, 0.000516, 0.000476, 0.000000, PMPI_Barrier
State, "rank-25", MPI_STATE, 0.000519, 0.000725, 0.000206, 0.000000, PMPI_Scatter
State, "rank-25", MPI_STATE, 0.000730, 0.000738, 0.000008, 0.000000, PMPI_Sendrecv
State, "rank-25", MPI_STATE, 0.000740, 0.000792, 0.000052, 0.000000, PMPI_Sendrecv
State, "rank-25", MPI_STATE, 0.000794, 0.000835, 0.000041, 0.000000, PMPI_Sendrecv
State, "rank-25", MPI_STATE, 0.000837, 0.000885, 0.000048, 0.000000, PMPI_Sendrecv
State, "rank-25", MPI_STATE, 0.000887, 0.000982, 0.000095, 0.000000, PMPI_Sendrecv
State, "rank-25", MPI_STATE, 0.000983, 0.001185, 0.000202, 0.000000, PMPI_Sendrecv
State, "rank-25", MPI_STATE, 0.001186, 0.001568, 0.000382, 0.000000, PMPI_Sendrecv
State, "rank-25", MPI_STATE, 0.004578, 0.004578, 0.000000, 0.000000, PMPI_Reduce
State, "rank-25", MPI_STATE, 0.004579, 0.004579, 0.000000, 0.000000, PMPI_Reduce
State, "rank-25", MPI_STATE, 0.004581, 0.004693, 0.000112, 0.000000, PMPI_Barrier
State, "rank-25", MPI_STATE, 0.004695, 0.004695, 0.000000, 0.000000, PMPI_Finalize
Container, 0, MPI, 0, 0.004693, 0.004693, "rank-24"
State, "rank-24", MPI_STATE, 0.000000, 0.000000, 0.000000, 0.000000, PMPI_Init
State, "rank-24", MPI_STATE, 0.000033, 0.000516, 0.000483, 0.000000, PMPI_Barrier
State, "rank-24", MPI_STATE, 0.000520, 0.000548, 0.000028, 0.000000, PMPI_Scatter
State, "rank-24", MPI_STATE, 0.000558, 0.000738, 0.000180, 0.000000, PMPI_Sendrecv
State, "rank-24", MPI_STATE, 0.000740, 0.000791, 0.000051, 0.000000, PMPI_Sendrecv
State, "rank-24", MPI_STATE, 0.000793, 0.000834, 0.000041, 0.000000, PMPI_Sendrecv
State, "rank-24", MPI_STATE, 0.000836, 0.000884, 0.000048, 0.000000, PMPI_Sendrecv
State, "rank-24", MPI_STATE, 0.000885, 0.000980, 0.000095, 0.000000, PMPI_Sendrecv
State, "rank-24", MPI_STATE, 0.000982, 0.001182, 0.000200, 0.000000, PMPI_Sendrecv
State, "rank-24", MPI_STATE, 0.001184, 0.001572, 0.000388, 0.000000, PMPI_Sendrecv
State, "rank-24", MPI_STATE, 0.004629, 0.004629, 0.000000, 0.000000, PMPI_Reduce
State, "rank-24", MPI_STATE, 0.004631, 0.004631, 0.000000, 0.000000, PMPI_Reduce
State, "rank-24", MPI_STATE, 0.004632, 0.004692, 0.000060, 0.000000, PMPI_Barrier
State, "rank-24", MPI_STATE, 0.004693, 0.004693, 0.000000, 0.000000, PMPI_Finalize
Container, 0, MPI, 0, 0.004694, 0.004694, "rank-23"
State, "rank-23", MPI_STATE, 0.000000, 0.000000, 0.000000, 0.000000, PMPI_Init
State, "rank-23", MPI_STATE, 0.000037, 0.000516, 0.000479, 0.000000, PMPI_Barrier
State, "rank-23", MPI_STATE, 0.000521, 0.000762, 0.000241, 0.000000, PMPI_Scatter
State, "rank-23", MPI_STATE, 0.000767, 0.000775, 0.000008, 0.000000, PMPI_Sendrecv
State, "rank-23", MPI_STATE, 0.000777, 0.000790, 0.000013, 0.000000, PMPI_Sendrecv
State, "rank-23", MPI_STATE, 0.000791, 0.000815, 0.000024, 0.000000, PMPI_Sendrecv
State, "rank-23", MPI_STATE, 0.000817, 0.000883, 0.000066, 0.000000, PMPI_Sendrecv
State, "rank-23", MPI_STATE, 0.000885, 0.000980, 0.000095, 0.000000, PMPI_Sendrecv
State, "rank-23", MPI_STATE, 0.000982, 0.001182, 0.000200, 0.000000, PMPI_Sendrecv
State, "rank-23", MPI_STATE, 0.001183, 0.001571, 0.000388, 0.000000, PMPI_Sendrecv
State, "rank-23", MPI_STATE, 0.004602, 0.004602, 0.000000, 0.000000, PMPI_Reduce
State, "rank-23", MPI_STATE, 0.004604, 0.004604, 0.000000, 0.000000, PMPI_Reduce
State, "rank-23", MPI_STATE, 0.004606, 0.004693, 0.000087, 0.000000, PMPI_Barrier
State, "rank-23", MPI_STATE, 0.004694, 0.004694, 0.000000, 0.000000, PMPI_Finalize
Container, 0, MPI, 0, 0.004695, 0.004695, "rank-22"
State, "rank-22", MPI_STATE, 0.000000, 0.000000, 0.000000, 0.000000, PMPI_Init
State, "rank-22", MPI_STATE, 0.000036, 0.000516, 0.000480, 0.000000, PMPI_Barrier
State, "rank-22", MPI_STATE, 0.000521, 0.000625, 0.000104, 0.000000, PMPI_Scatter
State, "rank-22", MPI_STATE, 0.000633, 0.000775, 0.000142, 0.000000, PMPI_Sendrecv
State, "rank-22", MPI_STATE, 0.000777, 0.000790, 0.000013, 0.000000, PMPI_Sendrecv
State, "rank-22", MPI_STATE, 0.000792, 0.000816, 0.000024, 0.000000, PMPI_Sendrecv
State, "rank-22", MPI_STATE, 0.000818, 0.000884, 0.000066, 0.000000, PMPI_Sendrecv
State, "rank-22", MPI_STATE, 0.000886, 0.000981, 0.000095, 0.000000, PMPI_Sendrecv
State, "rank-22", MPI_STATE, 0.000983, 0.001183, 0.000200, 0.000000, PMPI_Sendrecv
State, "rank-22", MPI_STATE, 0.001185, 0.001570, 0.000385, 0.000000, PMPI_Sendrecv
State, "rank-22", MPI_STATE, 0.004607, 0.004607, 0.000000, 0.000000, PMPI_Reduce
State, "rank-22", MPI_STATE, 0.004609, 0.004609, 0.000000, 0.000000, PMPI_Reduce
State, "rank-22", MPI_STATE, 0.004611, 0.004693, 0.000082, 0.000000, PMPI_Barrier
State, "rank-22", MPI_STATE, 0.004695, 0.004695, 0.000000, 0.000000, PMPI_Finalize
Container, 0, MPI, 0, 0.004695, 0.004695, "rank-21"
State, "rank-21", MPI_STATE, 0.000000, 0.000000, 0.000000, 0.000000, PMPI_Init
State, "rank-21", MPI_STATE, 0.000035, 0.000516, 0.000481, 0.000000, PMPI_Barrier
State, "rank-21", MPI_STATE, 0.000519, 0.000725, 0.000206, 0.000000, PMPI_Scatter
State, "rank-21", MPI_STATE, 0.000730, 0.000738, 0.000008, 0.000000, PMPI_Sendrecv
State, "rank-21", MPI_STATE, 0.000740, 0.000790, 0.000050, 0.000000, PMPI_Sendrecv
State, "rank-21", MPI_STATE, 0.000792, 0.000816, 0.000024, 0.000000, PMPI_Sendrecv
State, "rank-21", MPI_STATE, 0.000818, 0.000885, 0.000067, 0.000000, PMPI_Sendrecv
State, "rank-21", MPI_STATE, 0.000887, 0.000982, 0.000095, 0.000000, PMPI_Sendrecv
State, "rank-21", MPI_STATE, 0.000984, 0.001184, 0.000200, 0.000000, PMPI_Sendrecv
State, "rank-21", MPI_STATE, 0.001186, 0.001571, 0.000385, 0.000000, PMPI_Sendrecv
State, "rank-21", MPI_STATE, 0.004634, 0.004634, 0.000000, 0.000000, PMPI_Reduce
State, "rank-21", MPI_STATE, 0.004636, 0.004636, 0.000000, 0.000000, PMPI_Reduce
State, "rank-21", MPI_STATE, 0.004639, 0.004693, 0.000054, 0.000000, PMPI_Barrier
State, "rank-21", MPI_STATE, 0.004695, 0.004695, 0.000000, 0.000000, PMPI_Finalize
Container, 0, MPI, 0, 0.004693, 0.004693, "rank-20"
State, "rank-20", MPI_STATE, 0.000000, 0.000000, 0.000000, 0.000000, PMPI_Init
State, "rank-20", MPI_STATE, 0.000036, 0.000516, 0.000480, 0.000000, PMPI_Barrier
State, "rank-20", MPI_STATE, 0.000522, 0.000567, 0.000045, 0.000000, PMPI_Scatter
State, "rank-20", MPI_STATE, 0.000573, 0.000738, 0.000165, 0.000000, PMPI_Sendrecv
State, "rank-20", MPI_STATE, 0.000740, 0.000790, 0.000050, 0.000000, PMPI_Sendrecv
State, "rank-20", MPI_STATE, 0.000792, 0.000816, 0.000024, 0.000000, PMPI_Sendrecv
State, "rank-20", MPI_STATE, 0.000818, 0.000883, 0.000065, 0.000000, PMPI_Sendrecv
State, "rank-20", MPI_STATE, 0.000885, 0.000980, 0.000095, 0.000000, PMPI_Sendrecv
State, "rank-20", MPI_STATE, 0.000981, 0.001183, 0.000202, 0.000000, PMPI_Sendrecv
State, "rank-20", MPI_STATE, 0.001185, 0.001568, 0.000383, 0.000000, PMPI_Sendrecv
State, "rank-20", MPI_STATE, 0.004620, 0.004620, 0.000000, 0.000000, PMPI_Reduce
State, "rank-20", MPI_STATE, 0.004623, 0.004623, 0.000000, 0.000000, PMPI_Reduce
State, "rank-20", MPI_STATE, 0.004625, 0.004692, 0.000067, 0.000000, PMPI_Barrier
State, "rank-20", MPI_STATE, 0.004693, 0.004693, 0.000000, 0.000000, PMPI_Finalize
Container, 0, MPI, 0, 0.004695, 0.004695, "rank-19"
State, "rank-19", MPI_STATE, 0.000000, 0.000000, 0.000000, 0.000000, PMPI_Init
State, "rank-19", MPI_STATE, 0.000035, 0.000516, 0.000481, 0.000000, PMPI_Barrier
State, "rank-19", MPI_STATE, 0.000520, 0.000725, 0.000205, 0.000000, PMPI_Scatter
State, "rank-19", MPI_STATE, 0.000731, 0.000739, 0.000008, 0.000000, PMPI_Sendrecv
State, "rank-19", MPI_STATE, 0.000741, 0.000754, 0.000013, 0.000000, PMPI_Sendrecv
State, "rank-19", MPI_STATE, 0.000755, 0.000815, 0.000060, 0.000000, PMPI_Sendrecv
State, "rank-19", MPI_STATE, 0.000817, 0.000884, 0.000067, 0.000000, PMPI_Sendrecv
State, "rank-19", MPI_STATE, 0.000885, 0.000980, 0.000095, 0.000000, PMPI_Sendrecv
State, "rank-19", MPI_STATE, 0.000982, 0.001184, 0.000202, 0.000000, PMPI_Sendrecv
State, "rank-19", MPI_STATE, 0.001186, 0.001570, 0.000384, 0.000000, PMPI_Sendrecv
State, "rank-19", MPI_STATE, 0.004595, 0.004595, 0.000000, 0.000000, PMPI_Reduce
State, "rank-19", MPI_STATE, 0.004598, 0.004598, 0.000000, 0.000000, PMPI_Reduce
State, "rank-19", MPI_STATE, 0.004599, 0.004693, 0.000094, 0.000000, PMPI_Barrier
State, "rank-19", MPI_STATE, 0.004695, 0.004695, 0.000000, 0.000000, PMPI_Finalize
Container, 0, MPI, 0, 0.004694, 0.004694, "rank-1"
State, "rank-1", MPI_STATE, 0.000000, 0.000000, 0.000000, 0.000000, PMPI_Init
State, "rank-1", MPI_STATE, 0.000075, 0.000516, 0.000441, 0.000000, PMPI_Barrier
State, "rank-1", MPI_STATE, 0.000520, 0.000587, 0.000067, 0.000000, PMPI_Scatter
State, "rank-1", MPI_STATE, 0.000596, 0.000671, 0.000075, 0.000000, PMPI_Sendrecv
State, "rank-1", MPI_STATE, 0.000674, 0.000708, 0.000034, 0.000000, PMPI_Sendrecv
State, "rank-1", MPI_STATE, 0.000711, 0.000787, 0.000076, 0.000000, PMPI_Sendrecv
State, "rank-1", MPI_STATE, 0.000788, 0.000866, 0.000078, 0.000000, PMPI_Sendrecv
State, "rank-1", MPI_STATE, 0.000868, 0.000982, 0.000114, 0.000000, PMPI_Sendrecv
State, "rank-1", MPI_STATE, 0.000984, 0.001186, 0.000202, 0.000000, PMPI_Sendrecv
State, "rank-1", MPI_STATE, 0.001189, 0.001568, 0.000379, 0.000000, PMPI_Sendrecv
State, "rank-1", MPI_STATE, 0.004569, 0.004569, 0.000000, 0.000000, PMPI_Reduce
State, "rank-1", MPI_STATE, 0.004571, 0.004571, 0.000000, 0.000000, PMPI_Reduce
State, "rank-1", MPI_STATE, 0.004572, 0.004692, 0.000120, 0.000000, PMPI_Barrier
State, "rank-1", MPI_STATE, 0.004694, 0.004694, 0.000000, 0.000000, PMPI_Finalize
Container, 0, MPI, 0, 0.004694, 0.004694, "rank-18"
State, "rank-18", MPI_STATE, 0.000000, 0.000000, 0.000000, 0.000000, PMPI_Init
State, "rank-18", MPI_STATE, 0.000035, 0.000516, 0.000481, 0.000000, PMPI_Barrier
State, "rank-18", MPI_STATE, 0.000521, 0.000598, 0.000077, 0.000000, PMPI_Scatter
State, "rank-18", MPI_STATE, 0.000606, 0.000739, 0.000133, 0.000000, PMPI_Sendrecv
State, "rank-18", MPI_STATE, 0.000741, 0.000754, 0.000013, 0.000000, PMPI_Sendrecv
State, "rank-18", MPI_STATE, 0.000756, 0.000816, 0.000060, 0.000000, PMPI_Sendrecv
State, "rank-18", MPI_STATE, 0.000817, 0.000884, 0.000067, 0.000000, PMPI_Sendrecv
State, "rank-18", MPI_STATE, 0.000885, 0.000980, 0.000095, 0.000000, PMPI_Sendrecv
State, "rank-18", MPI_STATE, 0.000982, 0.001183, 0.000201, 0.000000, PMPI_Sendrecv
State, "rank-18", MPI_STATE, 0.001185, 0.001571, 0.000386, 0.000000, PMPI_Sendrecv
State, "rank-18", MPI_STATE, 0.004613, 0.004613, 0.000000, 0.000000, PMPI_Reduce
State, "rank-18", MPI_STATE, 0.004616, 0.004616, 0.000000, 0.000000, PMPI_Reduce
State, "rank-18", MPI_STATE, 0.004618, 0.004692, 0.000074, 0.000000, PMPI_Barrier
State, "rank-18", MPI_STATE, 0.004694, 0.004694, 0.000000, 0.000000, PMPI_Finalize
Container, 0, MPI, 0, 0.004694, 0.004694, "rank-17"
State, "rank-17", MPI_STATE, 0.000000, 0.000000, 0.000000, 0.000000, PMPI_Init
State, "rank-17", MPI_STATE, 0.000035, 0.000516, 0.000481, 0.000000, PMPI_Barrier
State, "rank-17", MPI_STATE, 0.000520, 0.000668, 0.000148, 0.000000, PMPI_Scatter
State, "rank-17", MPI_STATE, 0.000675, 0.000683, 0.000008, 0.000000, PMPI_Sendrecv
State, "rank-17", MPI_STATE, 0.000684, 0.000754, 0.000070, 0.000000, PMPI_Sendrecv
State, "rank-17", MPI_STATE, 0.000755, 0.000816, 0.000061, 0.000000, PMPI_Sendrecv
State, "rank-17", MPI_STATE, 0.000818, 0.000885, 0.000067, 0.000000, PMPI_Sendrecv
State, "rank-17", MPI_STATE, 0.000887, 0.000982, 0.000095, 0.000000, PMPI_Sendrecv
State, "rank-17", MPI_STATE, 0.000984, 0.001187, 0.000203, 0.000000, PMPI_Sendrecv
State, "rank-17", MPI_STATE, 0.001189, 0.001568, 0.000379, 0.000000, PMPI_Sendrecv
State, "rank-17", MPI_STATE, 0.004578, 0.004578, 0.000000, 0.000000, PMPI_Reduce
State, "rank-17", MPI_STATE, 0.004580, 0.004580, 0.000000, 0.000000, PMPI_Reduce
State, "rank-17", MPI_STATE, 0.004582, 0.004692, 0.000110, 0.000000, PMPI_Barrier
State, "rank-17", MPI_STATE, 0.004694, 0.004694, 0.000000, 0.000000, PMPI_Finalize
Container, 0, MPI, 0, 0.004694, 0.004694, "rank-16"
State, "rank-16", MPI_STATE, 0.000000, 0.000000, 0.000000, 0.000000, PMPI_Init
State, "rank-16", MPI_STATE, 0.000036, 0.000516, 0.000480, 0.000000, PMPI_Barrier
State, "rank-16", MPI_STATE, 0.000522, 0.000531, 0.000009, 0.000000, PMPI_Scatter
State, "rank-16", MPI_STATE, 0.000541, 0.000683, 0.000142, 0.000000, PMPI_Sendrecv
State, "rank-16", MPI_STATE, 0.000685, 0.000754, 0.000069, 0.000000, PMPI_Sendrecv
State, "rank-16", MPI_STATE, 0.000756, 0.000816, 0.000060, 0.000000, PMPI_Sendrecv
State, "rank-16", MPI_STATE, 0.000817, 0.000884, 0.000067, 0.000000, PMPI_Sendrecv
State, "rank-16", MPI_STATE, 0.000886, 0.000981, 0.000095, 0.000000, PMPI_Sendrecv
State, "rank-16", MPI_STATE, 0.000982, 0.001181, 0.000199, 0.000000, PMPI_Sendrecv
State, "rank-16", MPI_STATE, 0.001183, 0.001570, 0.000387, 0.000000, PMPI_Sendrecv
State, "rank-16", MPI_STATE, 0.004618, 0.004618, 0.000000, 0.000000, PMPI_Reduce
State, "rank-16", MPI_STATE, 0.004620, 0.004620, 0.000000, 0.000000, PMPI_Reduce
State, "rank-16", MPI_STATE, 0.004621, 0.004692, 0.000071, 0.000000, PMPI_Barrier
State, "rank-16", MPI_STATE, 0.004694, 0.004694, 0.000000, 0.000000, PMPI_Finalize
Container, 0, MPI, 0, 0.004699, 0.004699, "rank-15"
State, "rank-15", MPI_STATE, 0.000000, 0.000000, 0.000000, 0.000000, PMPI_Init
State, "rank-15", MPI_STATE, 0.000039, 0.000516, 0.000477, 0.000000, PMPI_Barrier
State, "rank-15", MPI_STATE, 0.000521, 0.000762, 0.000241, 0.000000, PMPI_Scatter
State, "rank-15", MPI_STATE, 0.000768, 0.000776, 0.000008, 0.000000, PMPI_Sendrecv
State, "rank-15", MPI_STATE, 0.000777, 0.000790, 0.000013, 0.000000, PMPI_Sendrecv
State, "rank-15", MPI_STATE, 0.000791, 0.000815, 0.000024, 0.000000, PMPI_Sendrecv
State, "rank-15", MPI_STATE, 0.000817, 0.000865, 0.000048, 0.000000, PMPI_Sendrecv
State, "rank-15", MPI_STATE, 0.000867, 0.000979, 0.000112, 0.000000, PMPI_Sendrecv
State, "rank-15", MPI_STATE, 0.000981, 0.001184, 0.000203, 0.000000, PMPI_Sendrecv
State, "rank-15", MPI_STATE, 0.001186, 0.001571, 0.000385, 0.000000, PMPI_Sendrecv
State, "rank-15", MPI_STATE, 0.004616, 0.004616, 0.000000, 0.000000, PMPI_Reduce
State, "rank-15", MPI_STATE, 0.004618, 0.004618, 0.000000, 0.000000, PMPI_Reduce
State, "rank-15", MPI_STATE, 0.004620, 0.004693, 0.000073, 0.000000, PMPI_Barrier
State, "rank-15", MPI_STATE, 0.004699, 0.004699, 0.000000, 0.000000, PMPI_Finalize
Container, 0, MPI, 0, 0.004695, 0.004695, "rank-14"
State, "rank-14", MPI_STATE, 0.000000, 0.000000, 0.000000, 0.000000, PMPI_Init
State, "rank-14", MPI_STATE, 0.000035, 0.000516, 0.000481, 0.000000, PMPI_Barrier
State, "rank-14", MPI_STATE, 0.000520, 0.000625, 0.000105, 0.000000, PMPI_Scatter
State, "rank-14", MPI_STATE, 0.000634, 0.000776, 0.000142, 0.000000, PMPI_Sendrecv
State, "rank-14", MPI_STATE, 0.000778, 0.000791, 0.000013, 0.000000, PMPI_Sendrecv
State, "rank-14", MPI_STATE, 0.000793, 0.000817, 0.000024, 0.000000, PMPI_Sendrecv
State, "rank-14", MPI_STATE, 0.000819, 0.000867, 0.000048, 0.000000, PMPI_Sendrecv
State, "rank-14", MPI_STATE, 0.000869, 0.000980, 0.000111, 0.000000, PMPI_Sendrecv
State, "rank-14", MPI_STATE, 0.000981, 0.001184, 0.000203, 0.000000, PMPI_Sendrecv
State, "rank-14", MPI_STATE, 0.001186, 0.001569, 0.000383, 0.000000, PMPI_Sendrecv
State, "rank-14", MPI_STATE, 0.004580, 0.004580, 0.000000, 0.000000, PMPI_Reduce
State, "rank-14", MPI_STATE, 0.004582, 0.004582, 0.000000, 0.000000, PMPI_Reduce
State, "rank-14", MPI_STATE, 0.004584, 0.004693, 0.000109, 0.000000, PMPI_Barrier
State, "rank-14", MPI_STATE, 0.004695, 0.004695, 0.000000, 0.000000, PMPI_Finalize
Container, 0, MPI, 0, 0.004695, 0.004695, "rank-13"
State, "rank-13", MPI_STATE, 0.000000, 0.000000, 0.000000, 0.000000, PMPI_Init
State, "rank-13", MPI_STATE, 0.000037, 0.000516, 0.000479, 0.000000, PMPI_Barrier
State, "rank-13", MPI_STATE, 0.000519, 0.000725, 0.000206, 0.000000, PMPI_Scatter
State, "rank-13", MPI_STATE, 0.000732, 0.000740, 0.000008, 0.000000, PMPI_Sendrecv
State, "rank-13", MPI_STATE, 0.000741, 0.000790, 0.000049, 0.000000, PMPI_Sendrecv
State, "rank-13", MPI_STATE, 0.000792, 0.000816, 0.000024, 0.000000, PMPI_Sendrecv
State, "rank-13", MPI_STATE, 0.000818, 0.000866, 0.000048, 0.000000, PMPI_Sendrecv
State, "rank-13", MPI_STATE, 0.000868, 0.000982, 0.000114, 0.000000, PMPI_Sendrecv
State, "rank-13", MPI_STATE, 0.000984, 0.001184, 0.000200, 0.000000, PMPI_Sendrecv
State, "rank-13", MPI_STATE, 0.001186, 0.001569, 0.000383, 0.000000, PMPI_Sendrecv
State, "rank-13", MPI_STATE, 0.004586, 0.004586, 0.000000, 0.000000, PMPI_Reduce
State, "rank-13", MPI_STATE, 0.004589, 0.004589, 0.000000, 0.000000, PMPI_Reduce
State, "rank-13", MPI_STATE, 0.004591, 0.004693, 0.000102, 0.000000, PMPI_Barrier
State, "rank-13", MPI_STATE, 0.004695, 0.004695, 0.000000, 0.000000, PMPI_Finalize
Container, 0, MPI, 0, 0.004693, 0.004693, "rank-12"
State, "rank-12", MPI_STATE, 0.000000, 0.000000, 0.000000, 0.000000, PMPI_Init
State, "rank-12", MPI_STATE, 0.000047, 0.000516, 0.000469, 0.000000, PMPI_Barrier
State, "rank-12", MPI_STATE, 0.000520, 0.000567, 0.000047, 0.000000, PMPI_Scatter
State, "rank-12", MPI_STATE, 0.000574, 0.000740, 0.000166, 0.000000, PMPI_Sendrecv
State, "rank-12", MPI_STATE, 0.000741, 0.000791, 0.000050, 0.000000, PMPI_Sendrecv
State, "rank-12", MPI_STATE, 0.000792, 0.000816, 0.000024, 0.000000, PMPI_Sendrecv
State, "rank-12", MPI_STATE, 0.000817, 0.000865, 0.000048, 0.000000, PMPI_Sendrecv
State, "rank-12", MPI_STATE, 0.000866, 0.000980, 0.000114, 0.000000, PMPI_Sendrecv
State, "rank-12", MPI_STATE, 0.000982, 0.001181, 0.000199, 0.000000, PMPI_Sendrecv
State, "rank-12", MPI_STATE, 0.001183, 0.001568, 0.000385, 0.000000, PMPI_Sendrecv
State, "rank-12", MPI_STATE, 0.004585, 0.004585, 0.000000, 0.000000, PMPI_Reduce
State, "rank-12", MPI_STATE, 0.004587, 0.004587, 0.000000, 0.000000, PMPI_Reduce
State, "rank-12", MPI_STATE, 0.004589, 0.004692, 0.000103, 0.000000, PMPI_Barrier
State, "rank-12", MPI_STATE, 0.004693, 0.004693, 0.000000, 0.000000, PMPI_Finalize
Container, 0, MPI, 0, 0.004696, 0.004696, "rank-127"
State, "rank-127", MPI_STATE, 0.000000, 0.000000, 0.000000, 0.000000, PMPI_Init
State, "rank-127", MPI_STATE, 0.000027, 0.000517, 0.000490, 0.000000, PMPI_Barrier
State, "rank-127", MPI_STATE, 0.000520, 0.000794, 0.000274, 0.000000, PMPI_Scatter
State, "rank-127", MPI_STATE, 0.000806, 0.000814, 0.000008, 0.000000, PMPI_Sendrecv
State, "rank-127", MPI_STATE, 0.000816, 0.000829, 0.000013, 0.000000, PMPI_Sendrecv
State, "rank-127", MPI_STATE, 0.000831, 0.000856, 0.000025, 0.000000, PMPI_Sendrecv
State, "rank-127", MPI_STATE, 0.000858, 0.000906, 0.000048, 0.000000, PMPI_Sendrecv
State, "rank-127", MPI_STATE, 0.000908, 0.001003, 0.000095, 0.000000, PMPI_Sendrecv
State, "rank-127", MPI_STATE, 0.001005, 0.001193, 0.000188, 0.000000, PMPI_Sendrecv
State, "rank-127", MPI_STATE, 0.001195, 0.001571, 0.000376, 0.000000, PMPI_Sendrecv
State, "rank-127", MPI_STATE, 0.004582, 0.004582, 0.000000, 0.000000, PMPI_Reduce
State, "rank-127", MPI_STATE, 0.004584, 0.004584, 0.000000, 0.000000, PMPI_Reduce
State, "rank-127", MPI_STATE, 0.004585, 0.004693, 0.000108, 0.000000, PMPI_Barrier
State, "rank-127", MPI_STATE, 0.004696, 0.004696, 0.000000, 0.000000, PMPI_Finalize
Container, 0, MPI, 0, 0.004695, 0.004695, "rank-126"
State, "rank-126", MPI_STATE, 0.000000, 0.000000, 0.000000, 0.000000, PMPI_Init
State, "rank-126", MPI_STATE, 0.000030, 0.000517, 0.000487, 0.000000, PMPI_Barrier
State, "rank-126", MPI_STATE, 0.000522, 0.000645, 0.000123, 0.000000, PMPI_Scatter
State, "rank-126", MPI_STATE, 0.000652, 0.000814, 0.000162, 0.000000, PMPI_Sendrecv
State, "rank-126", MPI_STATE, 0.000816, 0.000829, 0.000013, 0.000000, PMPI_Sendrecv
State, "rank-126", MPI_STATE, 0.000831, 0.000856, 0.000025, 0.000000, PMPI_Sendrecv
State, "rank-126", MPI_STATE, 0.000857, 0.000905, 0.000048, 0.000000, PMPI_Sendrecv
State, "rank-126", MPI_STATE, 0.000906, 0.001001, 0.000095, 0.000000, PMPI_Sendrecv
State, "rank-126", MPI_STATE, 0.001002, 0.001190, 0.000188, 0.000000, PMPI_Sendrecv
State, "rank-126", MPI_STATE, 0.001192, 0.001568, 0.000376, 0.000000, PMPI_Sendrecv
State, "rank-126", MPI_STATE, 0.004576, 0.004576, 0.000000, 0.000000, PMPI_Reduce
State, "rank-126", MPI_STATE, 0.004579, 0.004579, 0.000000, 0.000000, PMPI_Reduce
State, "rank-126", MPI_STATE, 0.004580, 0.004693, 0.000113, 0.000000, PMPI_Barrier
State, "rank-126", MPI_STATE, 0.004695, 0.004695, 0.000000, 0.000000, PMPI_Finalize
Container, 0, MPI, 0, 0.004695, 0.004695, "rank-125"
State, "rank-125", MPI_STATE, 0.000000, 0.000000, 0.000000, 0.000000, PMPI_Init
State, "rank-125", MPI_STATE, 0.000029, 0.000517, 0.000488, 0.000000, PMPI_Barrier
State, "rank-125", MPI_STATE, 0.000520, 0.000787, 0.000267, 0.000000, PMPI_Scatter
State, "rank-125", MPI_STATE, 0.000795, 0.000803, 0.000008, 0.000000, PMPI_Sendrecv
State, "rank-125", MPI_STATE, 0.000804, 0.000829, 0.000025, 0.000000, PMPI_Sendrecv
State, "rank-125", MPI_STATE, 0.000831, 0.000856, 0.000025, 0.000000, PMPI_Sendrecv
State, "rank-125", MPI_STATE, 0.000857, 0.000905, 0.000048, 0.000000, PMPI_Sendrecv
State, "rank-125", MPI_STATE, 0.000906, 0.001001, 0.000095, 0.000000, PMPI_Sendrecv
State, "rank-125", MPI_STATE, 0.001003, 0.001191, 0.000188, 0.000000, PMPI_Sendrecv
State, "rank-125", MPI_STATE, 0.001193, 0.001569, 0.000376, 0.000000, PMPI_Sendrecv
State, "rank-125", MPI_STATE, 0.004593, 0.004593, 0.000000, 0.000000, PMPI_Reduce
State, "rank-125", MPI_STATE, 0.004595, 0.004595, 0.000000, 0.000000, PMPI_Reduce
State, "rank-125", MPI_STATE, 0.004596, 0.004693, 0.000097, 0.000000, PMPI_Barrier
State, "rank-125", MPI_STATE, 0.004695, 0.004695, 0.000000, 0.000000, PMPI_Finalize
Container, 0, MPI, 0, 0.004695, 0.004695, "rank-124"
State, "rank-124", MPI_STATE, 0.000000, 0.000000, 0.000000, 0.000000, PMPI_Init
State, "rank-124", MPI_STATE, 0.000032, 0.000516, 0.000484, 0.000000, PMPI_Barrier
State, "rank-124", MPI_STATE, 0.000521, 0.000586, 0.000065, 0.000000, PMPI_Scatter
State, "rank-124", MPI_STATE, 0.000595, 0.000803, 0.000208, 0.000000, PMPI_Sendrecv
State, "rank-124", MPI_STATE, 0.000805, 0.000829, 0.000024, 0.000000, PMPI_Sendrecv
State, "rank-124", MPI_STATE, 0.000830, 0.000855, 0.000025, 0.000000, PMPI_Sendrecv
State, "rank-124", MPI_STATE, 0.000857, 0.000905, 0.000048, 0.000000, PMPI_Sendrecv
State, "rank-124", MPI_STATE, 0.000906, 0.001001, 0.000095, 0.000000, PMPI_Sendrecv
State, "rank-124", MPI_STATE, 0.001002, 0.001190, 0.000188, 0.000000, PMPI_Sendrecv
State, "rank-124", MPI_STATE, 0.001192, 0.001568, 0.000376, 0.000000, PMPI_Sendrecv
State, "rank-124", MPI_STATE, 0.004575, 0.004575, 0.000000, 0.000000, PMPI_Reduce
State, "rank-124", MPI_STATE, 0.004577, 0.004577, 0.000000, 0.000000, PMPI_Reduce
State, "rank-124", MPI_STATE, 0.004578, 0.004693, 0.000115, 0.000000, PMPI_Barrier
State, "rank-124", MPI_STATE, 0.004695, 0.004695, 0.000000, 0.000000, PMPI_Finalize
Container, 0, MPI, 0, 0.004695, 0.004695, "rank-123"
State, "rank-123", MPI_STATE, 0.000000, 0.000000, 0.000000, 0.000000, PMPI_Init
State, "rank-123", MPI_STATE, 0.000034, 0.000517, 0.000483, 0.000000, PMPI_Barrier
State, "rank-123", MPI_STATE, 0.000521, 0.000779, 0.000258, 0.000000, PMPI_Scatter
State, "rank-123", MPI_STATE, 0.000787, 0.000795, 0.000008, 0.000000, PMPI_Sendrecv
State, "rank-123", MPI_STATE, 0.000797, 0.000810, 0.000013, 0.000000, PMPI_Sendrecv
State, "rank-123", MPI_STATE, 0.000812, 0.000856, 0.000044, 0.000000, PMPI_Sendrecv
State, "rank-123", MPI_STATE, 0.000857, 0.000905, 0.000048, 0.000000, PMPI_Sendrecv
State, "rank-123", MPI_STATE, 0.000907, 0.001002, 0.000095, 0.000000, PMPI_Sendrecv
State, "rank-123", MPI_STATE, 0.001004, 0.001192, 0.000188, 0.000000, PMPI_Sendrecv
State, "rank-123", MPI_STATE, 0.001194, 0.001570, 0.000376, 0.000000, PMPI_Sendrecv
State, "rank-123", MPI_STATE, 0.004558, 0.004558, 0.000000, 0.000000, PMPI_Reduce
State, "rank-123", MPI_STATE, 0.004560, 0.004560, 0.000000, 0.000000, PMPI_Reduce
State, "rank-123", MPI_STATE, 0.004562, 0.004693, 0.000131, 0.000000, PMPI_Barrier
State, "rank-123", MPI_STATE, 0.004695, 0.004695, 0.000000, 0.000000, PMPI_Finalize
Container, 0, MPI, 0, 0.004696, 0.004696, "rank-122"
State, "rank-122", MPI_STATE, 0.000000, 0.000000, 0.000000, 0.000000, PMPI_Init
State, "rank-122", MPI_STATE, 0.000031, 0.000516, 0.000485, 0.000000, PMPI_Barrier
State, "rank-122", MPI_STATE, 0.000520, 0.000644, 0.000124, 0.000000, PMPI_Scatter
State, "rank-122", MPI_STATE, 0.000651, 0.000795, 0.000144, 0.000000, PMPI_Sendrecv
State, "rank-122", MPI_STATE, 0.000796, 0.000809, 0.000013, 0.000000, PMPI_Sendrecv
State, "rank-122", MPI_STATE, 0.000811, 0.000856, 0.000045, 0.000000, PMPI_Sendrecv
State, "rank-122", MPI_STATE, 0.000858, 0.000906, 0.000048, 0.000000, PMPI_Sendrecv
State, "rank-122", MPI_STATE, 0.000908, 0.001003, 0.000095, 0.000000, PMPI_Sendrecv
State, "rank-122", MPI_STATE, 0.001004, 0.001192, 0.000188, 0.000000, PMPI_Sendrecv
State, "rank-122", MPI_STATE, 0.001195, 0.001571, 0.000376, 0.000000, PMPI_Sendrecv
State, "rank-122", MPI_STATE, 0.004609, 0.004609, 0.000000, 0.000000, PMPI_Reduce
State, "rank-122", MPI_STATE, 0.004611, 0.004611, 0.000000, 0.000000, PMPI_Reduce
State, "rank-122", MPI_STATE, 0.004613, 0.004693, 0.000080, 0.000000, PMPI_Barrier
State, "rank-122", MPI_STATE, 0.004696, 0.004696, 0.000000, 0.000000, PMPI_Finalize
Container, 0, MPI, 0, 0.004695, 0.004695, "rank-121"
State, "rank-121", MPI_STATE, 0.000000, 0.000000, 0.000000, 0.000000, PMPI_Init
State, "rank-121", MPI_STATE, 0.000032, 0.000516, 0.000484, 0.000000, PMPI_Barrier
State, "rank-121", MPI_STATE, 0.000520, 0.000778, 0.000258, 0.000000, PMPI_Scatter
State, "rank-121", MPI_STATE, 0.000786, 0.000794, 0.000008, 0.000000, PMPI_Sendrecv
State, "rank-121", MPI_STATE, 0.000795, 0.000810, 0.000015, 0.000000, PMPI_Sendrecv
State, "rank-121", MPI_STATE, 0.000813, 0.000856, 0.000043, 0.000000, PMPI_Sendrecv
State, "rank-121", MPI_STATE, 0.000857, 0.000905, 0.000048, 0.000000, PMPI_Sendrecv
State, "rank-121", MPI_STATE, 0.000906, 0.001001, 0.000095, 0.000000, PMPI_Sendrecv
State, "rank-121", MPI_STATE, 0.001003, 0.001191, 0.000188, 0.000000, PMPI_Sendrecv
State, "rank-121", MPI_STATE, 0.001193, 0.001569, 0.000376, 0.000000, PMPI_Sendrecv
State, "rank-121", MPI_STATE, 0.004585, 0.004585, 0.000000, 0.000000, PMPI_Reduce
State, "rank-121", MPI_STATE, 0.004587, 0.004587, 0.000000, 0.000000, PMPI_Reduce
State, "rank-121", MPI_STATE, 0.004590, 0.004693, 0.000103, 0.000000, PMPI_Barrier
State, "rank-121", MPI_STATE, 0.004695, 0.004695, 0.000000, 0.000000, PMPI_Finalize
Container, 0, MPI, 0, 0.004695, 0.004695, "rank-120"
State, "rank-120", MPI_STATE, 0.000000, 0.000000, 0.000000, 0.000000, PMPI_Init
State, "rank-120", MPI_STATE, 0.000032, 0.000516, 0.000484, 0.000000, PMPI_Barrier
State, "rank-120", MPI_STATE, 0.000520, 0.000554, 0.000034, 0.000000, PMPI_Scatter
State, "rank-120", MPI_STATE, 0.000564, 0.000794, 0.000230, 0.000000, PMPI_Sendrecv
State, "rank-120", MPI_STATE, 0.000796, 0.000809, 0.000013, 0.000000, PMPI_Sendrecv
State, "rank-120", MPI_STATE, 0.000811, 0.000855, 0.000044, 0.000000, PMPI_Sendrecv
State, "rank-120", MPI_STATE, 0.000858, 0.000906, 0.000048, 0.000000, PMPI_Sendrecv
State, "rank-120", MPI_STATE, 0.000909, 0.001004, 0.000095, 0.000000, PMPI_Sendrecv
State, "rank-120", MPI_STATE, 0.001005, 0.001193, 0.000188, 0.000000, PMPI_Sendrecv
State, "rank-120", MPI_STATE, 0.001196, 0.001572, 0.000376, 0.000000, PMPI_Sendrecv
State, "rank-120", MPI_STATE, 0.004582, 0.004582, 0.000000, 0.000000, PMPI_Reduce
State, "rank-120", MPI_STATE, 0.004584, 0.004584, 0.000000, 0.000000, PMPI_Reduce
State, "rank-120", MPI_STATE, 0.004586, 0.004693, 0.000107, 0.000000, PMPI_Barrier
State, "rank-120", MPI_STATE, 0.004695, 0.004695, 0.000000, 0.000000, PMPI_Finalize
Container, 0, MPI, 0, 0.004695, 0.004695, "rank-119"
State, "rank-119", MPI_STATE, 0.000000, 0.000000, 0.000000, 0.000000, PMPI_Init
State, "rank-119", MPI_STATE, 0.000029, 0.000517, 0.000488, 0.000000, PMPI_Barrier
State, "rank-119", MPI_STATE, 0.000521, 0.000789, 0.000268, 0.000000, PMPI_Scatter
State, "rank-119", MPI_STATE, 0.000798, 0.000806, 0.000008, 0.000000, PMPI_Sendrecv
State, "rank-119", MPI_STATE, 0.000807, 0.000820, 0.000013, 0.000000, PMPI_Sendrecv
State, "rank-119", MPI_STATE, 0.000822, 0.000847, 0.000025, 0.000000, PMPI_Sendrecv
State, "rank-119", MPI_STATE, 0.000848, 0.000906, 0.000058, 0.000000, PMPI_Sendrecv
State, "rank-119", MPI_STATE, 0.000908, 0.001003, 0.000095, 0.000000, PMPI_Sendrecv
State, "rank-119", MPI_STATE, 0.001005, 0.001193, 0.000188, 0.000000, PMPI_Sendrecv
State, "rank-119", MPI_STATE, 0.001195, 0.001571, 0.000376, 0.000000, PMPI_Sendrecv
State, "rank-119", MPI_STATE, 0.004622, 0.004622, 0.000000, 0.000000, PMPI_Reduce
State, "rank-119", MPI_STATE, 0.004625, 0.004625, 0.000000, 0.000000, PMPI_Reduce
State, "rank-119", MPI_STATE, 0.004627, 0.004693, 0.000066, 0.000000, PMPI_Barrier
State, "rank-119", MPI_STATE, 0.004695, 0.004695, 0.000000, 0.000000, PMPI_Finalize
Container, 0, MPI, 0, 0.004695, 0.004695, "rank-11"
State, "rank-11", MPI_STATE, 0.000000, 0.000000, 0.000000, 0.000000, PMPI_Init
State, "rank-11", MPI_STATE, 0.000039, 0.000516, 0.000477, 0.000000, PMPI_Barrier
State, "rank-11", MPI_STATE, 0.000521, 0.000725, 0.000204, 0.000000, PMPI_Scatter
State, "rank-11", MPI_STATE, 0.000732, 0.000740, 0.000008, 0.000000, PMPI_Sendrecv
State, "rank-11", MPI_STATE, 0.000741, 0.000754, 0.000013, 0.000000, PMPI_Sendrecv
State, "rank-11", MPI_STATE, 0.000756, 0.000815, 0.000059, 0.000000, PMPI_Sendrecv
State, "rank-11", MPI_STATE, 0.000816, 0.000864, 0.000048, 0.000000, PMPI_Sendrecv
State, "rank-11", MPI_STATE, 0.000866, 0.000981, 0.000115, 0.000000, PMPI_Sendrecv
State, "rank-11", MPI_STATE, 0.000983, 0.001184, 0.000201, 0.000000, PMPI_Sendrecv
State, "rank-11", MPI_STATE, 0.001186, 0.001570, 0.000384, 0.000000, PMPI_Sendrecv
State, "rank-11", MPI_STATE, 0.004622, 0.004622, 0.000000, 0.000000, PMPI_Reduce
State, "rank-11", MPI_STATE, 0.004624, 0.004624, 0.000000, 0.000000, PMPI_Reduce
State, "rank-11", MPI_STATE, 0.004626, 0.004693, 0.000067, 0.000000, PMPI_Barrier
State, "rank-11", MPI_STATE, 0.004695, 0.004695, 0.000000, 0.000000, PMPI_Finalize
Container, 0, MPI, 0, 0.004695, 0.004695, "rank-118"
State, "rank-118", MPI_STATE, 0.000000, 0.000000, 0.000000, 0.000000, PMPI_Init
State, "rank-118", MPI_STATE, 0.000033, 0.000516, 0.000483, 0.000000, PMPI_Barrier
State, "rank-118", MPI_STATE, 0.000522, 0.000644, 0.000122, 0.000000, PMPI_Scatter
State, "rank-118", MPI_STATE, 0.000649, 0.000806, 0.000157, 0.000000, PMPI_Sendrecv
State, "rank-118", MPI_STATE, 0.000808, 0.000821, 0.000013, 0.000000, PMPI_Sendrecv
State, "rank-118", MPI_STATE, 0.000823, 0.000848, 0.000025, 0.000000, PMPI_Sendrecv
State, "rank-118", MPI_STATE, 0.000850, 0.000905, 0.000055, 0.000000, PMPI_Sendrecv
State, "rank-118", MPI_STATE, 0.000907, 0.001002, 0.000095, 0.000000, PMPI_Sendrecv
State, "rank-118", MPI_STATE, 0.001003, 0.001191, 0.000188, 0.000000, PMPI_Sendrecv
State, "rank-118", MPI_STATE, 0.001192, 0.001568, 0.000376, 0.000000, PMPI_Sendrecv
State, "rank-118", MPI_STATE, 0.004584, 0.004584, 0.000000, 0.000000, PMPI_Reduce
State, "rank-118", MPI_STATE, 0.004586, 0.004586, 0.000000, 0.000000, PMPI_Reduce
State, "rank-118", MPI_STATE, 0.004588, 0.004693, 0.000105, 0.000000, PMPI_Barrier
State, "rank-118", MPI_STATE, 0.004695, 0.004695, 0.000000, 0.000000, PMPI_Finalize
Container, 0, MPI, 0, 0.004695, 0.004695, "rank-117"
State, "rank-117", MPI_STATE, 0.000000, 0.000000, 0.000000, 0.000000, PMPI_Init
State, "rank-117", MPI_STATE, 0.000031, 0.000516, 0.000485, 0.000000, PMPI_Barrier
State, "rank-117", MPI_STATE, 0.000521, 0.000778, 0.000257, 0.000000, PMPI_Scatter
State, "rank-117", MPI_STATE, 0.000786, 0.000794, 0.000008, 0.000000, PMPI_Sendrecv
State, "rank-117", MPI_STATE, 0.000795, 0.000820, 0.000025, 0.000000, PMPI_Sendrecv
State, "rank-117", MPI_STATE, 0.000822, 0.000847, 0.000025, 0.000000, PMPI_Sendrecv
State, "rank-117", MPI_STATE, 0.000848, 0.000905, 0.000057, 0.000000, PMPI_Sendrecv
State, "rank-117", MPI_STATE, 0.000907, 0.001002, 0.000095, 0.000000, PMPI_Sendrecv
State, "rank-117", MPI_STATE, 0.001004, 0.001192, 0.000188, 0.000000, PMPI_Sendrecv
State, "rank-117", MPI_STATE, 0.001194, 0.001570, 0.000376, 0.000000, PMPI_Sendrecv
State, "rank-117", MPI_STATE, 0.004591, 0.004591, 0.000000, 0.000000, PMPI_Reduce
State, "rank-117", MPI_STATE, 0.004593, 0.004593, 0.000000, 0.000000, PMPI_Reduce
State, "rank-117", MPI_STATE, 0.004594, 0.004693, 0.000099, 0.000000, PMPI_Barrier
State, "rank-117", MPI_STATE, 0.004695, 0.004695, 0.000000, 0.000000, PMPI_Finalize
Container, 0, MPI, 0, 0.004695, 0.004695, "rank-116"
State, "rank-116", MPI_STATE, 0.000000, 0.000000, 0.000000, 0.000000, PMPI_Init
State, "rank-116", MPI_STATE, 0.000033, 0.000516, 0.000483, 0.000000, PMPI_Barrier
State, "rank-116", MPI_STATE, 0.000519, 0.000585, 0.000066, 0.000000, PMPI_Scatter
State, "rank-116", MPI_STATE, 0.000593, 0.000794, 0.000201, 0.000000, PMPI_Sendrecv
State, "rank-116", MPI_STATE, 0.000796, 0.000821, 0.000025, 0.000000, PMPI_Sendrecv
State, "rank-116", MPI_STATE, 0.000822, 0.000847, 0.000025, 0.000000, PMPI_Sendrecv
State, "rank-116", MPI_STATE, 0.000849, 0.000905, 0.000056, 0.000000, PMPI_Sendrecv
State, "rank-116", MPI_STATE, 0.000906, 0.001001, 0.000095, 0.000000, PMPI_Sendrecv
State, "rank-116", MPI_STATE, 0.001002, 0.001190, 0.000188, 0.000000, PMPI_Sendrecv
State, "rank-116", MPI_STATE, 0.001191, 0.001567, 0.000376, 0.000000, PMPI_Sendrecv
State, "rank-116", MPI_STATE, 0.004582, 0.004582, 0.000000, 0.000000, PMPI_Reduce
State, "rank-116", MPI_STATE, 0.004584, 0.004584, 0.000000, 0.000000, PMPI_Reduce
State, "rank-116", MPI_STATE, 0.004586, 0.004693, 0.000107, 0.000000, PMPI_Barrier
State, "rank-116", MPI_STATE, 0.004695, 0.004695, 0.000000, 0.000000, PMPI_Finalize
Container, 0, MPI, 0, 0.004694, 0.004694, "rank-115"
State, "rank-115", MPI_STATE, 0.000000, 0.000000, 0.000000, 0.000000, PMPI_Init
State, "rank-115", MPI_STATE, 0.000030, 0.000516, 0.000486, 0.000000, PMPI_Barrier
State, "rank-115", MPI_STATE, 0.000520, 0.000778, 0.000258, 0.000000, PMPI_Scatter
State, "rank-115", MPI_STATE, 0.000785, 0.000793, 0.000008, 0.000000, PMPI_Sendrecv
State, "rank-115", MPI_STATE, 0.000796, 0.000809, 0.000013, 0.000000, PMPI_Sendrecv
State, "rank-115", MPI_STATE, 0.000810, 0.000847, 0.000037, 0.000000, PMPI_Sendrecv
State, "rank-115", MPI_STATE, 0.000849, 0.000905, 0.000056, 0.000000, PMPI_Sendrecv
State, "rank-115", MPI_STATE, 0.000907, 0.001002, 0.000095, 0.000000, PMPI_Sendrecv
State, "rank-115", MPI_STATE, 0.001004, 0.001192, 0.000188, 0.000000, PMPI_Sendrecv
State, "rank-115", MPI_STATE, 0.001194, 0.001570, 0.000376, 0.000000, PMPI_Sendrecv
State, "rank-115", MPI_STATE, 0.004569, 0.004569, 0.000000, 0.000000, PMPI_Reduce
State, "rank-115", MPI_STATE, 0.004571, 0.004571, 0.000000, 0.000000, PMPI_Reduce
State, "rank-115", MPI_STATE, 0.004573, 0.004693, 0.000120, 0.000000, PMPI_Barrier
State, "rank-115", MPI_STATE, 0.004694, 0.004694, 0.000000, 0.000000, PMPI_Finalize
Container, 0, MPI, 0, 0.004695, 0.004695, "rank-114"
State, "rank-114", MPI_STATE, 0.000000, 0.000000, 0.000000, 0.000000, PMPI_Init
State, "rank-114", MPI_STATE, 0.000031, 0.000516, 0.000485, 0.000000, PMPI_Barrier
State, "rank-114", MPI_STATE, 0.000521, 0.000640, 0.000119, 0.000000, PMPI_Scatter
State, "rank-114", MPI_STATE, 0.000648, 0.000793, 0.000145, 0.000000, PMPI_Sendrecv
State, "rank-114", MPI_STATE, 0.000795, 0.000808, 0.000013, 0.000000, PMPI_Sendrecv
State, "rank-114", MPI_STATE, 0.000809, 0.000848, 0.000039, 0.000000, PMPI_Sendrecv
State, "rank-114", MPI_STATE, 0.000849, 0.000906, 0.000057, 0.000000, PMPI_Sendrecv
State, "rank-114", MPI_STATE, 0.000908, 0.001003, 0.000095, 0.000000, PMPI_Sendrecv
State, "rank-114", MPI_STATE, 0.001005, 0.001193, 0.000188, 0.000000, PMPI_Sendrecv
State, "rank-114", MPI_STATE, 0.001195, 0.001571, 0.000376, 0.000000, PMPI_Sendrecv
State, "rank-114", MPI_STATE, 0.004611, 0.004611, 0.000000, 0.000000, PMPI_Reduce
State, "rank-114", MPI_STATE, 0.004613, 0.004613, 0.000000, 0.000000, PMPI_Reduce
State, "rank-114", MPI_STATE, 0.004614, 0.004693, 0.000079, 0.000000, PMPI_Barrier
State, "rank-114", MPI_STATE, 0.004695, 0.004695, 0.000000, 0.000000, PMPI_Finalize
Container, 0, MPI, 0, 0.004696, 0.004696, "rank-113"
State, "rank-113", MPI_STATE, 0.000000, 0.000000, 0.000000, 0.000000, PMPI_Init
State, "rank-113", MPI_STATE, 0.000031, 0.000516, 0.000485, 0.000000, PMPI_Barrier
State, "rank-113", MPI_STATE, 0.000521, 0.000762, 0.000241, 0.000000, PMPI_Scatter
State, "rank-113", MPI_STATE, 0.000768, 0.000776, 0.000008, 0.000000, PMPI_Sendrecv
State, "rank-113", MPI_STATE, 0.000777, 0.000809, 0.000032, 0.000000, PMPI_Sendrecv
State, "rank-113", MPI_STATE, 0.000810, 0.000847, 0.000037, 0.000000, PMPI_Sendrecv
State, "rank-113", MPI_STATE, 0.000849, 0.000905, 0.000056, 0.000000, PMPI_Sendrecv
State, "rank-113", MPI_STATE, 0.000906, 0.001001, 0.000095, 0.000000, PMPI_Sendrecv
State, "rank-113", MPI_STATE, 0.001002, 0.001190, 0.000188, 0.000000, PMPI_Sendrecv
State, "rank-113", MPI_STATE, 0.001192, 0.001568, 0.000376, 0.000000, PMPI_Sendrecv
State, "rank-113", MPI_STATE, 0.004571, 0.004571, 0.000000, 0.000000, PMPI_Reduce
State, "rank-113", MPI_STATE, 0.004573, 0.004573, 0.000000, 0.000000, PMPI_Reduce
State, "rank-113", MPI_STATE, 0.004574, 0.004693, 0.000119, 0.000000, PMPI_Barrier
State, "rank-113", MPI_STATE, 0.004696, 0.004696, 0.000000, 0.000000, PMPI_Finalize
Container, 0, MPI, 0, 0.004695, 0.004695, "rank-112"
State, "rank-112", MPI_STATE, 0.000000, 0.000000, 0.000000, 0.000000, PMPI_Init
State, "rank-112", MPI_STATE, 0.000030, 0.000516, 0.000486, 0.000000, PMPI_Barrier
State, "rank-112", MPI_STATE, 0.000520, 0.000539, 0.000019, 0.000000, PMPI_Scatter
State, "rank-112", MPI_STATE, 0.000548, 0.000776, 0.000228, 0.000000, PMPI_Sendrecv
State, "rank-112", MPI_STATE, 0.000777, 0.000808, 0.000031, 0.000000, PMPI_Sendrecv
State, "rank-112", MPI_STATE, 0.000810, 0.000847, 0.000037, 0.000000, PMPI_Sendrecv
State, "rank-112", MPI_STATE, 0.000848, 0.000906, 0.000058, 0.000000, PMPI_Sendrecv
State, "rank-112", MPI_STATE, 0.000907, 0.001002, 0.000095, 0.000000, PMPI_Sendrecv
State, "rank-112", MPI_STATE, 0.001004, 0.001192, 0.000188, 0.000000, PMPI_Sendrecv
State, "rank-112", MPI_STATE, 0.001193, 0.001569, 0.000376, 0.000000, PMPI_Sendrecv
State, "rank-112", MPI_STATE, 0.004599, 0.004599, 0.000000, 0.000000, PMPI_Reduce
State, "rank-112", MPI_STATE, 0.004602, 0.004602, 0.000000, 0.000000, PMPI_Reduce
State, "rank-112", MPI_STATE, 0.004603, 0.004693, 0.000090, 0.000000, PMPI_Barrier
State, "rank-112", MPI_STATE, 0.004695, 0.004695, 0.000000, 0.000000, PMPI_Finalize
Container, 0, MPI, 0, 0.004694, 0.004694, "rank-111"
State, "rank-111", MPI_STATE, 0.000000, 0.000000, 0.000000, 0.000000, PMPI_Init
State, "rank-111", MPI_STATE, 0.000033, 0.000517, 0.000484, 0.000000, PMPI_Barrier
State, "rank-111", MPI_STATE, 0.000521, 0.000789, 0.000268, 0.000000, PMPI_Scatter
State, "rank-111", MPI_STATE, 0.000797, 0.000805, 0.000008, 0.000000, PMPI_Sendrecv
State, "rank-111", MPI_STATE, 0.000808, 0.000821, 0.000013, 0.000000, PMPI_Sendrecv
State, "rank-111", MPI_STATE, 0.000823, 0.000848, 0.000025, 0.000000, PMPI_Sendrecv
State, "rank-111", MPI_STATE, 0.000850, 0.000898, 0.000048, 0.000000, PMPI_Sendrecv
State, "rank-111", MPI_STATE, 0.000900, 0.001003, 0.000103, 0.000000, PMPI_Sendrecv
State, "rank-111", MPI_STATE, 0.001005, 0.001193, 0.000188, 0.000000, PMPI_Sendrecv
State, "rank-111", MPI_STATE, 0.001194, 0.001570, 0.000376, 0.000000, PMPI_Sendrecv
State, "rank-111", MPI_STATE, 0.004567, 0.004567, 0.000000, 0.000000, PMPI_Reduce
State, "rank-111", MPI_STATE, 0.004569, 0.004569, 0.000000, 0.000000, PMPI_Reduce
State, "rank-111", MPI_STATE, 0.004570, 0.004693, 0.000123, 0.000000, PMPI_Barrier
State, "rank-111", MPI_STATE, 0.004694, 0.004694, 0.000000, 0.000000, PMPI_Finalize
Container, 0, MPI, 0, 0.004694, 0.004694, "rank-110"
State, "rank-110", MPI_STATE, 0.000000, 0.000000, 0.000000, 0.000000, PMPI_Init
State, "rank-110", MPI_STATE, 0.000032, 0.000516, 0.000484, 0.000000, PMPI_Barrier
State, "rank-110", MPI_STATE, 0.000520, 0.000644, 0.000124, 0.000000, PMPI_Scatter
State, "rank-110", MPI_STATE, 0.000649, 0.000805, 0.000156, 0.000000, PMPI_Sendrecv
State, "rank-110", MPI_STATE, 0.000808, 0.000821, 0.000013, 0.000000, PMPI_Sendrecv
State, "rank-110", MPI_STATE, 0.000823, 0.000848, 0.000025, 0.000000, PMPI_Sendrecv
State, "rank-110", MPI_STATE, 0.000850, 0.000898, 0.000048, 0.000000, PMPI_Sendrecv
State, "rank-110", MPI_STATE, 0.000900, 0.001001, 0.000101, 0.000000, PMPI_Sendrecv
State, "rank-110", MPI_STATE, 0.001003, 0.001191, 0.000188, 0.000000, PMPI_Sendrecv
State, "rank-110", MPI_STATE, 0.001193, 0.001569, 0.000376, 0.000000, PMPI_Sendrecv
State, "rank-110", MPI_STATE, 0.004563, 0.004563, 0.000000, 0.000000, PMPI_Reduce
State, "rank-110", MPI_STATE, 0.004567, 0.004567, 0.000000, 0.000000, PMPI_Reduce
State, "rank-110", MPI_STATE, 0.004570, 0.004693, 0.000123, 0.000000, PMPI_Barrier
State, "rank-110", MPI_STATE, 0.004694, 0.004694, 0.000000, 0.000000, PMPI_Finalize
Container, 0, MPI, 0, 0.004695, 0.004695, "rank-109"
State, "rank-109", MPI_STATE, 0.000000, 0.000000, 0.000000, 0.000000, PMPI_Init
State, "rank-109", MPI_STATE, 0.000033, 0.000516, 0.000483, 0.000000, PMPI_Barrier
State, "rank-109", MPI_STATE, 0.000520, 0.000778, 0.000258, 0.000000, PMPI_Scatter
State, "rank-109", MPI_STATE, 0.000784, 0.000792, 0.000008, 0.000000, PMPI_Sendrecv
State, "rank-109", MPI_STATE, 0.000795, 0.000821, 0.000026, 0.000000, PMPI_Sendrecv
State, "rank-109", MPI_STATE, 0.000824, 0.000849, 0.000025, 0.000000, PMPI_Sendrecv
State, "rank-109", MPI_STATE, 0.000850, 0.000898, 0.000048, 0.000000, PMPI_Sendrecv
State, "rank-109", MPI_STATE, 0.000900, 0.001001, 0.000101, 0.000000, PMPI_Sendrecv
State, "rank-109", MPI_STATE, 0.001003, 0.001191, 0.000188, 0.000000, PMPI_Sendrecv
State, "rank-109", MPI_STATE, 0.001193, 0.001569, 0.000376, 0.000000, PMPI_Sendrecv
State, "rank-109", MPI_STATE, 0.004590, 0.004590, 0.000000, 0.000000, PMPI_Reduce
State, "rank-109", MPI_STATE, 0.004592, 0.004592, 0.000000, 0.000000, PMPI_Reduce
State, "rank-109", MPI_STATE, 0.004594, 0.004693, 0.000099, 0.000000, PMPI_Barrier
State, "rank-109", MPI_STATE, 0.004695, 0.004695, 0.000000, 0.000000, PMPI_Finalize
Container, 0, MPI, 0, 0.004694, 0.004694, "rank-10"
State, "rank-10", MPI_STATE, 0.000000, 0.000000, 0.000000, 0.000000, PMPI_Init
State, "rank-10", MPI_STATE, 0.000037, 0.000516, 0.000479, 0.000000, PMPI_Barrier
State, "rank-10", MPI_STATE, 0.000521, 0.000598, 0.000077, 0.000000, PMPI_Scatter
State, "rank-10", MPI_STATE, 0.000606, 0.000740, 0.000134, 0.000000, PMPI_Sendrecv
State, "rank-10", MPI_STATE, 0.000741, 0.000754, 0.000013, 0.000000, PMPI_Sendrecv
State, "rank-10", MPI_STATE, 0.000755, 0.000817, 0.000062, 0.000000, PMPI_Sendrecv
State, "rank-10", MPI_STATE, 0.000820, 0.000868, 0.000048, 0.000000, PMPI_Sendrecv
State, "rank-10", MPI_STATE, 0.000869, 0.000981, 0.000112, 0.000000, PMPI_Sendrecv
State, "rank-10", MPI_STATE, 0.000982, 0.001182, 0.000200, 0.000000, PMPI_Sendrecv
State, "rank-10", MPI_STATE, 0.001184, 0.001570, 0.000386, 0.000000, PMPI_Sendrecv
State, "rank-10", MPI_STATE, 0.004584, 0.004584, 0.000000, 0.000000, PMPI_Reduce
State, "rank-10", MPI_STATE, 0.004586, 0.004586, 0.000000, 0.000000, PMPI_Reduce
State, "rank-10", MPI_STATE, 0.004587, 0.004692, 0.000105, 0.000000, PMPI_Barrier
State, "rank-10", MPI_STATE, 0.004694, 0.004694, 0.000000, 0.000000, PMPI_Finalize
Container, 0, MPI, 0, 0.004695, 0.004695, "rank-108"
State, "rank-108", MPI_STATE, 0.000000, 0.000000, 0.000000, 0.000000, PMPI_Init
State, "rank-108", MPI_STATE, 0.000033, 0.000516, 0.000483, 0.000000, PMPI_Barrier
State, "rank-108", MPI_STATE, 0.000520, 0.000585, 0.000065, 0.000000, PMPI_Scatter
State, "rank-108", MPI_STATE, 0.000593, 0.000792, 0.000199, 0.000000, PMPI_Sendrecv
State, "rank-108", MPI_STATE, 0.000793, 0.000821, 0.000028, 0.000000, PMPI_Sendrecv
State, "rank-108", MPI_STATE, 0.000822, 0.000847, 0.000025, 0.000000, PMPI_Sendrecv
State, "rank-108", MPI_STATE, 0.000849, 0.000897, 0.000048, 0.000000, PMPI_Sendrecv
State, "rank-108", MPI_STATE, 0.000899, 0.001001, 0.000102, 0.000000, PMPI_Sendrecv
State, "rank-108", MPI_STATE, 0.001002, 0.001190, 0.000188, 0.000000, PMPI_Sendrecv
State, "rank-108", MPI_STATE, 0.001192, 0.001568, 0.000376, 0.000000, PMPI_Sendrecv
State, "rank-108", MPI_STATE, 0.004560, 0.004560, 0.000000, 0.000000, PMPI_Reduce
State, "rank-108", MPI_STATE, 0.004563, 0.004563, 0.000000, 0.000000, PMPI_Reduce
State, "rank-108", MPI_STATE, 0.004564, 0.004693, 0.000129, 0.000000, PMPI_Barrier
State, "rank-108", MPI_STATE, 0.004695, 0.004695, 0.000000, 0.000000, PMPI_Finalize
Container, 0, MPI, 0, 0.004695, 0.004695, "rank-107"
State, "rank-107", MPI_STATE, 0.000000, 0.000000, 0.000000, 0.000000, PMPI_Init
State, "rank-107", MPI_STATE, 0.000031, 0.000516, 0.000485, 0.000000, PMPI_Barrier
State, "rank-107", MPI_STATE, 0.000520, 0.000778, 0.000258, 0.000000, PMPI_Scatter
State, "rank-107", MPI_STATE, 0.000786, 0.000794, 0.000008, 0.000000, PMPI_Sendrecv
State, "rank-107", MPI_STATE, 0.000795, 0.000808, 0.000013, 0.000000, PMPI_Sendrecv
State, "rank-107", MPI_STATE, 0.000810, 0.000848, 0.000038, 0.000000, PMPI_Sendrecv
State, "rank-107", MPI_STATE, 0.000849, 0.000897, 0.000048, 0.000000, PMPI_Sendrecv
State, "rank-107", MPI_STATE, 0.000899, 0.001002, 0.000103, 0.000000, PMPI_Sendrecv
State, "rank-107", MPI_STATE, 0.001004, 0.001192, 0.000188, 0.000000, PMPI_Sendrecv
State, "rank-107", MPI_STATE, 0.001194, 0.001570, 0.000376, 0.000000, PMPI_Sendrecv
State, "rank-107", MPI_STATE, 0.004558, 0.004558, 0.000000, 0.000000, PMPI_Reduce
State, "rank-107", MPI_STATE, 0.004560, 0.004560, 0.000000, 0.000000, PMPI_Reduce
State, "rank-107", MPI_STATE, 0.004562, 0.004693, 0.000131, 0.000000, PMPI_Barrier
State, "rank-107", MPI_STATE, 0.004695, 0.004695, 0.000000, 0.000000, PMPI_Finalize
Container, 0, MPI, 0, 0.004695, 0.004695, "rank-106"
State, "rank-106", MPI_STATE, 0.000000, 0.000000, 0.000000, 0.000000, PMPI_Init
State, "rank-106", MPI_STATE, 0.000034, 0.000516, 0.000482, 0.000000, PMPI_Barrier
State, "rank-106", MPI_STATE, 0.000521, 0.000640, 0.000119, 0.000000, PMPI_Scatter
State, "rank-106", MPI_STATE, 0.000648, 0.000794, 0.000146, 0.000000, PMPI_Sendrecv
State, "rank-106", MPI_STATE, 0.000796, 0.000809, 0.000013, 0.000000, PMPI_Sendrecv
State, "rank-106", MPI_STATE, 0.000810, 0.000848, 0.000038, 0.000000, PMPI_Sendrecv
State, "rank-106", MPI_STATE, 0.000849, 0.000897, 0.000048, 0.000000, PMPI_Sendrecv
State, "rank-106", MPI_STATE, 0.000899, 0.001003, 0.000104, 0.000000, PMPI_Sendrecv
State, "rank-106", MPI_STATE, 0.001005, 0.001193, 0.000188, 0.000000, PMPI_Sendrecv
State, "rank-106", MPI_STATE, 0.001195, 0.001571, 0.000376, 0.000000, PMPI_Sendrecv
State, "rank-106", MPI_STATE, 0.004573, 0.004573, 0.000000, 0.000000, PMPI_Reduce
State, "rank-106", MPI_STATE, 0.004575, 0.004575, 0.000000, 0.000000, PMPI_Reduce
State, "rank-106", MPI_STATE, 0.004576, 0.004693, 0.000117, 0.000000, PMPI_Barrier
State, "rank-106", MPI_STATE, 0.004695, 0.004695, 0.000000, 0.000000, PMPI_Finalize
Container, 0, MPI, 0, 0.004695, 0.004695, "rank-105"
State, "rank-105", MPI_STATE, 0.000000, 0.000000, 0.000000, 0.000000, PMPI_Init
State, "rank-105", MPI_STATE, 0.000033, 0.000516, 0.000483, 0.000000, PMPI_Barrier
State, "rank-105", MPI_STATE, 0.000521, 0.000762, 0.000241, 0.000000, PMPI_Scatter
State, "rank-105", MPI_STATE, 0.000771, 0.000779, 0.000008, 0.000000, PMPI_Sendrecv
State, "rank-105", MPI_STATE, 0.000781, 0.000808, 0.000027, 0.000000, PMPI_Sendrecv
State, "rank-105", MPI_STATE, 0.000809, 0.000849, 0.000040, 0.000000, PMPI_Sendrecv
State, "rank-105", MPI_STATE, 0.000851, 0.000899, 0.000048, 0.000000, PMPI_Sendrecv
State, "rank-105", MPI_STATE, 0.000901, 0.001001, 0.000100, 0.000000, PMPI_Sendrecv
State, "rank-105", MPI_STATE, 0.001003, 0.001191, 0.000188, 0.000000, PMPI_Sendrecv
State, "rank-105", MPI_STATE, 0.001193, 0.001569, 0.000376, 0.000000, PMPI_Sendrecv
State, "rank-105", MPI_STATE, 0.004644, 0.004644, 0.000000, 0.000000, PMPI_Reduce
State, "rank-105", MPI_STATE, 0.004646, 0.004646, 0.000000, 0.000000, PMPI_Reduce
State, "rank-105", MPI_STATE, 0.004647, 0.004693, 0.000046, 0.000000, PMPI_Barrier
State, "rank-105", MPI_STATE, 0.004695, 0.004695, 0.000000, 0.000000, PMPI_Finalize
Container, 0, MPI, 0, 0.004694, 0.004694, "rank-104"
State, "rank-104", MPI_STATE, 0.000000, 0.000000, 0.000000, 0.000000, PMPI_Init
State, "rank-104", MPI_STATE, 0.000030, 0.000516, 0.000486, 0.000000, PMPI_Barrier
State, "rank-104", MPI_STATE, 0.000521, 0.000553, 0.000032, 0.000000, PMPI_Scatter
State, "rank-104", MPI_STATE, 0.000563, 0.000779, 0.000216, 0.000000, PMPI_Sendrecv
State, "rank-104", MPI_STATE, 0.000781, 0.000809, 0.000028, 0.000000, PMPI_Sendrecv
State, "rank-104", MPI_STATE, 0.000811, 0.000847, 0.000036, 0.000000, PMPI_Sendrecv
State, "rank-104", MPI_STATE, 0.000849, 0.000897, 0.000048, 0.000000, PMPI_Sendrecv
State, "rank-104", MPI_STATE, 0.000898, 0.001004, 0.000106, 0.000000, PMPI_Sendrecv
State, "rank-104", MPI_STATE, 0.001006, 0.001194, 0.000188, 0.000000, PMPI_Sendrecv
State, "rank-104", MPI_STATE, 0.001195, 0.001571, 0.000376, 0.000000, PMPI_Sendrecv
State, "rank-104", MPI_STATE, 0.004590, 0.004590, 0.000000, 0.000000, PMPI_Reduce
State, "rank-104", MPI_STATE, 0.004592, 0.004592, 0.000000, 0.000000, PMPI_Reduce
State, "rank-104", MPI_STATE, 0.004594, 0.004693, 0.000099, 0.000000, PMPI_Barrier
State, "rank-104", MPI_STATE, 0.004694, 0.004694, 0.000000, 0.000000, PMPI_Finalize
Container, 0, MPI, 0, 0.004695, 0.004695, "rank-103"
State, "rank-103", MPI_STATE, 0.000000, 0.000000, 0.000000, 0.000000, PMPI_Init
State, "rank-103", MPI_STATE, 0.000031, 0.000516, 0.000485, 0.000000, PMPI_Barrier
State, "rank-103", MPI_STATE, 0.000521, 0.000778, 0.000257, 0.000000, PMPI_Scatter
State, "rank-103", MPI_STATE, 0.000785, 0.000793, 0.000008, 0.000000, PMPI_Sendrecv
State, "rank-103", MPI_STATE, 0.000795, 0.000808, 0.000013, 0.000000, PMPI_Sendrecv
State, "rank-103", MPI_STATE, 0.000809, 0.000834, 0.000025, 0.000000, PMPI_Sendrecv
State, "rank-103", MPI_STATE, 0.000835, 0.000898, 0.000063, 0.000000, PMPI_Sendrecv
State, "rank-103", MPI_STATE, 0.000900, 0.001003, 0.000103, 0.000000, PMPI_Sendrecv
State, "rank-103", MPI_STATE, 0.001005, 0.001193, 0.000188, 0.000000, PMPI_Sendrecv
State, "rank-103", MPI_STATE, 0.001194, 0.001570, 0.000376, 0.000000, PMPI_Sendrecv
State, "rank-103", MPI_STATE, 0.004583, 0.004583, 0.000000, 0.000000, PMPI_Reduce
State, "rank-103", MPI_STATE, 0.004585, 0.004585, 0.000000, 0.000000, PMPI_Reduce
State, "rank-103", MPI_STATE, 0.004587, 0.004693, 0.000106, 0.000000, PMPI_Barrier
State, "rank-103", MPI_STATE, 0.004695, 0.004695, 0.000000, 0.000000, PMPI_Finalize
Container, 0, MPI, 0, 0.004694, 0.004694, "rank-102"
State, "rank-102", MPI_STATE, 0.000000, 0.000000, 0.000000, 0.000000, PMPI_Init
State, "rank-102", MPI_STATE, 0.000032, 0.000516, 0.000484, 0.000000, PMPI_Barrier
State, "rank-102", MPI_STATE, 0.000519, 0.000640, 0.000121, 0.000000, PMPI_Scatter
State, "rank-102", MPI_STATE, 0.000656, 0.000793, 0.000137, 0.000000, PMPI_Sendrecv
State, "rank-102", MPI_STATE, 0.000795, 0.000808, 0.000013, 0.000000, PMPI_Sendrecv
State, "rank-102", MPI_STATE, 0.000810, 0.000835, 0.000025, 0.000000, PMPI_Sendrecv
State, "rank-102", MPI_STATE, 0.000836, 0.000898, 0.000062, 0.000000, PMPI_Sendrecv
State, "rank-102", MPI_STATE, 0.000899, 0.001002, 0.000103, 0.000000, PMPI_Sendrecv
State, "rank-102", MPI_STATE, 0.001004, 0.001192, 0.000188, 0.000000, PMPI_Sendrecv
State, "rank-102", MPI_STATE, 0.001194, 0.001570, 0.000376, 0.000000, PMPI_Sendrecv
State, "rank-102", MPI_STATE, 0.004588, 0.004588, 0.000000, 0.000000, PMPI_Reduce
State, "rank-102", MPI_STATE, 0.004590, 0.004590, 0.000000, 0.000000, PMPI_Reduce
State, "rank-102", MPI_STATE, 0.004591, 0.004693, 0.000102, 0.000000, PMPI_Barrier
State, "rank-102", MPI_STATE, 0.004694, 0.004694, 0.000000, 0.000000, PMPI_Finalize
Container, 0, MPI, 0, 0.004695, 0.004695, "rank-101"
State, "rank-101", MPI_STATE, 0.000000, 0.000000, 0.000000, 0.000000, PMPI_Init
State, "rank-101", MPI_STATE, 0.000032, 0.000516, 0.000484, 0.000000, PMPI_Barrier
State, "rank-101", MPI_STATE, 0.000520, 0.000762, 0.000242, 0.000000, PMPI_Scatter
State, "rank-101", MPI_STATE, 0.000769, 0.000777, 0.000008, 0.000000, PMPI_Sendrecv
State, "rank-101", MPI_STATE, 0.000778, 0.000808, 0.000030, 0.000000, PMPI_Sendrecv
State, "rank-101", MPI_STATE, 0.000810, 0.000835, 0.000025, 0.000000, PMPI_Sendrecv
State, "rank-101", MPI_STATE, 0.000837, 0.000898, 0.000061, 0.000000, PMPI_Sendrecv
State, "rank-101", MPI_STATE, 0.000901, 0.001002, 0.000101, 0.000000, PMPI_Sendrecv
State, "rank-101", MPI_STATE, 0.001004, 0.001192, 0.000188, 0.000000, PMPI_Sendrecv
State, "rank-101", MPI_STATE, 0.001195, 0.001571, 0.000376, 0.000000, PMPI_Sendrecv
State, "rank-101", MPI_STATE, 0.004626, 0.004626, 0.000000, 0.000000, PMPI_Reduce
State, "rank-101", MPI_STATE, 0.004628, 0.004628, 0.000000, 0.000000, PMPI_Reduce
State, "rank-101", MPI_STATE, 0.004630, 0.004693, 0.000063, 0.000000, PMPI_Barrier
State, "rank-101", MPI_STATE, 0.004695, 0.004695, 0.000000, 0.000000, PMPI_Finalize
Container, 0, MPI, 0, 0.004696, 0.004696, "rank-100"
State, "rank-100", MPI_STATE, 0.000000, 0.000000, 0.000000, 0.000000, PMPI_Init
State, "rank-100", MPI_STATE, 0.000031, 0.000516, 0.000485, 0.000000, PMPI_Barrier
State, "rank-100", MPI_STATE, 0.000519, 0.000580, 0.000061, 0.000000, PMPI_Scatter
State, "rank-100", MPI_STATE, 0.000590, 0.000777, 0.000187, 0.000000, PMPI_Sendrecv
State, "rank-100", MPI_STATE, 0.000779, 0.000808, 0.000029, 0.000000, PMPI_Sendrecv
State, "rank-100", MPI_STATE, 0.000809, 0.000834, 0.000025, 0.000000, PMPI_Sendrecv
State, "rank-100", MPI_STATE, 0.000836, 0.000897, 0.000061, 0.000000, PMPI_Sendrecv
State, "rank-100", MPI_STATE, 0.000899, 0.001001, 0.000102, 0.000000, PMPI_Sendrecv
State, "rank-100", MPI_STATE, 0.001003, 0.001191, 0.000188, 0.000000, PMPI_Sendrecv
State, "rank-100", MPI_STATE, 0.001193, 0.001569, 0.000376, 0.000000, PMPI_Sendrecv
State, "rank-100", MPI_STATE, 0.004611, 0.004611, 0.000000, 0.000000, PMPI_Reduce
State, "rank-100", MPI_STATE, 0.004614, 0.004614, 0.000000, 0.000000, PMPI_Reduce
State, "rank-100", MPI_STATE, 0.004617, 0.004693, 0.000076, 0.000000, PMPI_Barrier
State, "rank-100", MPI_STATE, 0.004696, 0.004696, 0.000000, 0.000000, PMPI_Finalize
Container, 0, MPI, 0, 0.004694, 0.004694, "rank-99"
State, "rank-99", MPI_STATE, 0.000000, 0.000000, 0.000000, 0.000000, PMPI_Init
State, "rank-99", MPI_STATE, 0.000031, 0.000516, 0.000485, 0.000000, PMPI_Barrier
State, "rank-99", MPI_STATE, 0.000521, 0.000762, 0.000241, 0.000000, PMPI_Scatter
State, "rank-99", MPI_STATE, 0.000768, 0.000776, 0.000008, 0.000000, PMPI_Sendrecv
State, "rank-99", MPI_STATE, 0.000777, 0.000790, 0.000013, 0.000000, PMPI_Sendrecv
State, "rank-99", MPI_STATE, 0.000792, 0.000834, 0.000042, 0.000000, PMPI_Sendrecv
State, "rank-99", MPI_STATE, 0.000836, 0.000897, 0.000061, 0.000000, PMPI_Sendrecv
State, "rank-99", MPI_STATE, 0.000897, 0.001002, 0.000105, 0.000000, PMPI_Sendrecv
State, "rank-99", MPI_STATE, 0.001004, 0.001192, 0.000188, 0.000000, PMPI_Sendrecv
State, "rank-99", MPI_STATE, 0.001193, 0.001569, 0.000376, 0.000000, PMPI_Sendrecv
State, "rank-99", MPI_STATE, 0.004585, 0.004585, 0.000000, 0.000000, PMPI_Reduce
State, "rank-99", MPI_STATE, 0.004587, 0.004587, 0.000000, 0.000000, PMPI_Reduce
State, "rank-99", MPI_STATE, 0.004589, 0.004693, 0.000104, 0.000000, PMPI_Barrier
State, "rank-99", MPI_STATE, 0.004694, 0.004694, 0.000000, 0.000000, PMPI_Finalize
Container, 0, MPI, 0, 0.004694, 0.004694, "rank-9"
State, "rank-9", MPI_STATE, 0.000000, 0.000000, 0.000000, 0.000000, PMPI_Init
State, "rank-9", MPI_STATE, 0.000039, 0.000516, 0.000477, 0.000000, PMPI_Barrier
State, "rank-9", MPI_STATE, 0.000521, 0.000668, 0.000147, 0.000000, PMPI_Scatter
State, "rank-9", MPI_STATE, 0.000675, 0.000683, 0.000008, 0.000000, PMPI_Sendrecv
State, "rank-9", MPI_STATE, 0.000685, 0.000754, 0.000069, 0.000000, PMPI_Sendrecv
State, "rank-9", MPI_STATE, 0.000756, 0.000816, 0.000060, 0.000000, PMPI_Sendrecv
State, "rank-9", MPI_STATE, 0.000818, 0.000866, 0.000048, 0.000000, PMPI_Sendrecv
State, "rank-9", MPI_STATE, 0.000867, 0.000982, 0.000115, 0.000000, PMPI_Sendrecv
State, "rank-9", MPI_STATE, 0.000984, 0.001185, 0.000201, 0.000000, PMPI_Sendrecv
State, "rank-9", MPI_STATE, 0.001188, 0.001569, 0.000381, 0.000000, PMPI_Sendrecv
State, "rank-9", MPI_STATE, 0.004592, 0.004592, 0.000000, 0.000000, PMPI_Reduce
State, "rank-9", MPI_STATE, 0.004594, 0.004594, 0.000000, 0.000000, PMPI_Reduce
State, "rank-9", MPI_STATE, 0.004596, 0.004692, 0.000096, 0.000000, PMPI_Barrier
State, "rank-9", MPI_STATE, 0.004694, 0.004694, 0.000000, 0.000000, PMPI_Finalize
Container, 0, MPI, 0, 0.004731, 0.004731, "rank-0"
State, "rank-0", MPI_STATE, 0.000000, 0.000000, 0.000000, 0.000000, PMPI_Init
State, "rank-0", MPI_STATE, 0.000514, 0.000515, 0.000001, 0.000000, PMPI_Barrier
State, "rank-0", MPI_STATE, 0.000522, 0.000522, 0.000000, 0.000000, PMPI_Scatter
State, "rank-0", MPI_STATE, 0.000568, 0.000671, 0.000103, 0.000000, PMPI_Sendrecv
State, "rank-0", MPI_STATE, 0.000673, 0.000696, 0.000023, 0.000000, PMPI_Sendrecv
State, "rank-0", MPI_STATE, 0.000698, 0.000781, 0.000083, 0.000000, PMPI_Sendrecv
State, "rank-0", MPI_STATE, 0.000783, 0.000866, 0.000083, 0.000000, PMPI_Sendrecv
State, "rank-0", MPI_STATE, 0.000868, 0.000981, 0.000113, 0.000000, PMPI_Sendrecv
State, "rank-0", MPI_STATE, 0.000983, 0.001180, 0.000197, 0.000000, PMPI_Sendrecv
State, "rank-0", MPI_STATE, 0.001182, 0.001569, 0.000387, 0.000000, PMPI_Sendrecv
State, "rank-0", MPI_STATE, 0.004681, 0.004682, 0.000001, 0.000000, PMPI_Reduce
State, "rank-0", MPI_STATE, 0.004686, 0.004687, 0.000001, 0.000000, PMPI_Reduce
State, "rank-0", MPI_STATE, 0.004690, 0.004692, 0.000002, 0.000000, PMPI_Barrier
State, "rank-0", MPI_STATE, 0.004731, 0.004731, 0.000000, 0.000000, PMPI_Finalize
