#This file was generated using SimGrid-4.1.0
#[/Users/j/Desktop/A-Bcast-Model-for-Given-Topologies/bin/runner /Users/j/Desktop/A-Bcast-Model-for-Given-Topologies/topo/Dragonfly/platform_dragonfly_128.xml glf 4194304 128 0 _ /Users/j/Desktop/A-Bcast-Model-for-Given-Topologies/topo/Dragonfly/topo_128.cfg ]
%EventDef PajeDefineContainerType 0
%       Alias string
%       Type string
%       Name string
%EndEventDef
%EventDef PajeDefineVariableType 1
%       Alias string
%       Type string
%       Name string
%       Color color
%EndEventDef
%EventDef PajeDefineStateType 2
%       Alias string
%       Type string
%       Name string
%EndEventDef
%EventDef PajeDefineEventType 3
%       Alias string
%       Type string
%       Name string
%EndEventDef
%EventDef PajeDefineLinkType 4
%       Alias string
%       Type string
%       StartContainerType string
%       EndContainerType string
%       Name string
%EndEventDef
%EventDef PajeDefineEntityValue 5
%       Alias string
%       Type string
%       Name string
%       Color color
%EndEventDef
%EventDef PajeCreateContainer 6
%       Time date
%       Alias string
%       Type string
%       Container string
%       Name string
%EndEventDef
%EventDef PajeDestroyContainer 7
%       Time date
%       Type string
%       Name string
%EndEventDef
%EventDef PajeSetVariable 8
%       Time date
%       Type string
%       Container string
%       Value double
%EndEventDef
%EventDef PajeAddVariable 9
%       Time date
%       Type string
%       Container string
%       Value double
%EndEventDef
%EventDef PajeSubVariable 10
%       Time date
%       Type string
%       Container string
%       Value double
%EndEventDef
%EventDef PajeSetState 11
%       Time date
%       Type string
%       Container string
%       Value string
%EndEventDef
%EventDef PajePushState 12
%       Time date
%       Type string
%       Container string
%       Value string
%EndEventDef
%EventDef PajePopState 13
%       Time date
%       Type string
%       Container string
%EndEventDef
%EventDef PajeResetState 14
%       Time date
%       Type string
%       Container string
%EndEventDef
%EventDef PajeStartLink 15
%       Time date
%       Type string
%       Container string
%       Value string
%       StartContainer string
%       Key string
%EndEventDef
%EventDef PajeEndLink 16
%       Time date
%       Type string
%       Container string
%       Value string
%       EndContainer string
%       Key string
%EndEventDef
%EventDef PajeNewEvent 17
%       Time date
%       Type string
%       Container string
%       Value string
%EndEventDef
0 1 0 MPI
2 2 1 MPI_STATE
4 3 0 1 1 MPI_LINK
4 4 0 1 1 MIGRATE_LINK
2 5 1 MIGRATE_STATE
6 0.000000 1 1 0 "rank-0"
6 0.000000 2 1 0 "rank-1"
6 0.000000 3 1 0 "rank-2"
6 0.000000 4 1 0 "rank-3"
6 0.000000 5 1 0 "rank-4"
6 0.000000 6 1 0 "rank-5"
6 0.000000 7 1 0 "rank-6"
6 0.000000 8 1 0 "rank-7"
6 0.000000 9 1 0 "rank-8"
6 0.000000 10 1 0 "rank-9"
6 0.000000 11 1 0 "rank-10"
6 0.000000 12 1 0 "rank-11"
6 0.000000 13 1 0 "rank-12"
6 0.000000 14 1 0 "rank-13"
6 0.000000 15 1 0 "rank-14"
6 0.000000 16 1 0 "rank-15"
6 0.000000 17 1 0 "rank-16"
6 0.000000 18 1 0 "rank-17"
6 0.000000 19 1 0 "rank-18"
6 0.000000 20 1 0 "rank-19"
6 0.000000 21 1 0 "rank-20"
6 0.000000 22 1 0 "rank-21"
6 0.000000 23 1 0 "rank-22"
6 0.000000 24 1 0 "rank-23"
6 0.000000 25 1 0 "rank-24"
6 0.000000 26 1 0 "rank-25"
6 0.000000 27 1 0 "rank-26"
6 0.000000 28 1 0 "rank-27"
6 0.000000 29 1 0 "rank-28"
6 0.000000 30 1 0 "rank-29"
6 0.000000 31 1 0 "rank-30"
6 0.000000 32 1 0 "rank-31"
6 0.000000 33 1 0 "rank-32"
6 0.000000 34 1 0 "rank-33"
6 0.000000 35 1 0 "rank-34"
6 0.000000 36 1 0 "rank-35"
6 0.000000 37 1 0 "rank-36"
6 0.000000 38 1 0 "rank-37"
6 0.000000 39 1 0 "rank-38"
6 0.000000 40 1 0 "rank-39"
6 0.000000 41 1 0 "rank-40"
6 0.000000 42 1 0 "rank-41"
6 0.000000 43 1 0 "rank-42"
6 0.000000 44 1 0 "rank-43"
6 0.000000 45 1 0 "rank-44"
6 0.000000 46 1 0 "rank-45"
6 0.000000 47 1 0 "rank-46"
6 0.000000 48 1 0 "rank-47"
6 0.000000 49 1 0 "rank-48"
6 0.000000 50 1 0 "rank-49"
6 0.000000 51 1 0 "rank-50"
6 0.000000 52 1 0 "rank-51"
6 0.000000 53 1 0 "rank-52"
6 0.000000 54 1 0 "rank-53"
6 0.000000 55 1 0 "rank-54"
6 0.000000 56 1 0 "rank-55"
6 0.000000 57 1 0 "rank-56"
6 0.000000 58 1 0 "rank-57"
6 0.000000 59 1 0 "rank-58"
6 0.000000 60 1 0 "rank-59"
6 0.000000 61 1 0 "rank-60"
6 0.000000 62 1 0 "rank-61"
6 0.000000 63 1 0 "rank-62"
6 0.000000 64 1 0 "rank-63"
6 0.000000 65 1 0 "rank-64"
6 0.000000 66 1 0 "rank-65"
6 0.000000 67 1 0 "rank-66"
6 0.000000 68 1 0 "rank-67"
6 0.000000 69 1 0 "rank-68"
6 0.000000 70 1 0 "rank-69"
6 0.000000 71 1 0 "rank-70"
6 0.000000 72 1 0 "rank-71"
6 0.000000 73 1 0 "rank-72"
6 0.000000 74 1 0 "rank-73"
6 0.000000 75 1 0 "rank-74"
6 0.000000 76 1 0 "rank-75"
6 0.000000 77 1 0 "rank-76"
6 0.000000 78 1 0 "rank-77"
6 0.000000 79 1 0 "rank-78"
6 0.000000 80 1 0 "rank-79"
6 0.000000 81 1 0 "rank-80"
6 0.000000 82 1 0 "rank-81"
6 0.000000 83 1 0 "rank-82"
6 0.000000 84 1 0 "rank-83"
6 0.000000 85 1 0 "rank-84"
6 0.000000 86 1 0 "rank-85"
6 0.000000 87 1 0 "rank-86"
6 0.000000 88 1 0 "rank-87"
6 0.000000 89 1 0 "rank-88"
6 0.000000 90 1 0 "rank-89"
6 0.000000 91 1 0 "rank-90"
6 0.000000 92 1 0 "rank-91"
6 0.000000 93 1 0 "rank-92"
6 0.000000 94 1 0 "rank-93"
6 0.000000 95 1 0 "rank-94"
6 0.000000 96 1 0 "rank-95"
6 0.000000 97 1 0 "rank-96"
6 0.000000 98 1 0 "rank-97"
6 0.000000 99 1 0 "rank-98"
6 0.000000 100 1 0 "rank-99"
6 0.000000 101 1 0 "rank-100"
6 0.000000 102 1 0 "rank-101"
6 0.000000 103 1 0 "rank-102"
6 0.000000 104 1 0 "rank-103"
6 0.000000 105 1 0 "rank-104"
6 0.000000 106 1 0 "rank-105"
6 0.000000 107 1 0 "rank-106"
6 0.000000 108 1 0 "rank-107"
6 0.000000 109 1 0 "rank-108"
6 0.000000 110 1 0 "rank-109"
6 0.000000 111 1 0 "rank-110"
6 0.000000 112 1 0 "rank-111"
6 0.000000 113 1 0 "rank-112"
6 0.000000 114 1 0 "rank-113"
6 0.000000 115 1 0 "rank-114"
6 0.000000 116 1 0 "rank-115"
6 0.000000 117 1 0 "rank-116"
6 0.000000 118 1 0 "rank-117"
6 0.000000 119 1 0 "rank-118"
6 0.000000 120 1 0 "rank-119"
6 0.000000 121 1 0 "rank-120"
6 0.000000 122 1 0 "rank-121"
6 0.000000 123 1 0 "rank-122"
6 0.000000 124 1 0 "rank-123"
6 0.000000 125 1 0 "rank-124"
6 0.000000 126 1 0 "rank-125"
6 0.000000 127 1 0 "rank-126"
6 0.000000 128 1 0 "rank-127"
5 6 2 PMPI_Init "0 1 0"
5 7 2 PMPI_Barrier "0 0.39 0.78"
12 0.000000 2 1 6
13 0.000000 2 1
12 0.000000 2 2 6
13 0.000000 2 2
12 0.000000 2 3 6
13 0.000000 2 3
12 0.000000 2 4 6
13 0.000000 2 4
12 0.000000 2 5 6
13 0.000000 2 5
12 0.000000 2 6 6
13 0.000000 2 6
12 0.000000 2 7 6
13 0.000000 2 7
12 0.000000 2 8 6
13 0.000000 2 8
12 0.000000 2 9 6
13 0.000000 2 9
12 0.000000 2 10 6
13 0.000000 2 10
12 0.000000 2 11 6
13 0.000000 2 11
12 0.000000 2 12 6
13 0.000000 2 12
12 0.000000 2 13 6
13 0.000000 2 13
12 0.000000 2 14 6
13 0.000000 2 14
12 0.000000 2 15 6
13 0.000000 2 15
12 0.000000 2 16 6
13 0.000000 2 16
12 0.000000 2 17 6
13 0.000000 2 17
12 0.000000 2 18 6
13 0.000000 2 18
12 0.000000 2 19 6
13 0.000000 2 19
12 0.000000 2 20 6
13 0.000000 2 20
12 0.000000 2 21 6
13 0.000000 2 21
12 0.000000 2 22 6
13 0.000000 2 22
12 0.000000 2 23 6
13 0.000000 2 23
12 0.000000 2 24 6
13 0.000000 2 24
12 0.000000 2 25 6
13 0.000000 2 25
12 0.000000 2 26 6
13 0.000000 2 26
12 0.000000 2 27 6
13 0.000000 2 27
12 0.000000 2 28 6
13 0.000000 2 28
12 0.000000 2 29 6
13 0.000000 2 29
12 0.000000 2 30 6
13 0.000000 2 30
12 0.000000 2 31 6
13 0.000000 2 31
12 0.000000 2 32 6
13 0.000000 2 32
12 0.000000 2 33 6
13 0.000000 2 33
12 0.000000 2 34 6
13 0.000000 2 34
12 0.000000 2 35 6
13 0.000000 2 35
12 0.000000 2 36 6
13 0.000000 2 36
12 0.000000 2 37 6
13 0.000000 2 37
12 0.000000 2 38 6
13 0.000000 2 38
12 0.000000 2 39 6
13 0.000000 2 39
12 0.000000 2 40 6
13 0.000000 2 40
12 0.000000 2 41 6
13 0.000000 2 41
12 0.000000 2 42 6
13 0.000000 2 42
12 0.000000 2 43 6
13 0.000000 2 43
12 0.000000 2 44 6
13 0.000000 2 44
12 0.000000 2 45 6
13 0.000000 2 45
12 0.000000 2 46 6
13 0.000000 2 46
12 0.000000 2 47 6
13 0.000000 2 47
12 0.000000 2 48 6
13 0.000000 2 48
12 0.000000 2 49 6
13 0.000000 2 49
12 0.000000 2 50 6
13 0.000000 2 50
12 0.000000 2 51 6
13 0.000000 2 51
12 0.000000 2 52 6
13 0.000000 2 52
12 0.000000 2 53 6
13 0.000000 2 53
12 0.000000 2 54 6
13 0.000000 2 54
12 0.000000 2 55 6
13 0.000000 2 55
12 0.000000 2 56 6
13 0.000000 2 56
12 0.000000 2 57 6
13 0.000000 2 57
12 0.000000 2 58 6
13 0.000000 2 58
12 0.000000 2 59 6
13 0.000000 2 59
12 0.000000 2 60 6
13 0.000000 2 60
12 0.000000 2 61 6
13 0.000000 2 61
12 0.000000 2 62 6
13 0.000000 2 62
12 0.000000 2 63 6
13 0.000000 2 63
12 0.000000 2 64 6
13 0.000000 2 64
12 0.000000 2 65 6
13 0.000000 2 65
12 0.000000 2 66 6
13 0.000000 2 66
12 0.000000 2 67 6
13 0.000000 2 67
12 0.000000 2 68 6
13 0.000000 2 68
12 0.000000 2 69 6
13 0.000000 2 69
12 0.000000 2 70 6
13 0.000000 2 70
12 0.000000 2 71 6
13 0.000000 2 71
12 0.000000 2 72 6
13 0.000000 2 72
12 0.000000 2 73 6
13 0.000000 2 73
12 0.000000 2 74 6
13 0.000000 2 74
12 0.000000 2 75 6
13 0.000000 2 75
12 0.000000 2 76 6
13 0.000000 2 76
12 0.000000 2 77 6
13 0.000000 2 77
12 0.000000 2 78 6
13 0.000000 2 78
12 0.000000 2 79 6
13 0.000000 2 79
12 0.000000 2 80 6
13 0.000000 2 80
12 0.000000 2 81 6
13 0.000000 2 81
12 0.000000 2 82 6
13 0.000000 2 82
12 0.000000 2 83 6
13 0.000000 2 83
12 0.000000 2 84 6
13 0.000000 2 84
12 0.000000 2 85 6
13 0.000000 2 85
12 0.000000 2 86 6
13 0.000000 2 86
12 0.000000 2 87 6
13 0.000000 2 87
12 0.000000 2 88 6
13 0.000000 2 88
12 0.000000 2 89 6
13 0.000000 2 89
12 0.000000 2 90 6
13 0.000000 2 90
12 0.000000 2 91 6
13 0.000000 2 91
12 0.000000 2 92 6
13 0.000000 2 92
12 0.000000 2 93 6
13 0.000000 2 93
12 0.000000 2 94 6
13 0.000000 2 94
12 0.000000 2 95 6
13 0.000000 2 95
12 0.000000 2 96 6
13 0.000000 2 96
12 0.000000 2 97 6
13 0.000000 2 97
12 0.000000 2 98 6
13 0.000000 2 98
12 0.000000 2 99 6
13 0.000000 2 99
12 0.000000 2 100 6
13 0.000000 2 100
12 0.000000 2 101 6
13 0.000000 2 101
12 0.000000 2 102 6
13 0.000000 2 102
12 0.000000 2 103 6
13 0.000000 2 103
12 0.000000 2 104 6
13 0.000000 2 104
12 0.000000 2 105 6
13 0.000000 2 105
12 0.000000 2 106 6
13 0.000000 2 106
12 0.000000 2 107 6
13 0.000000 2 107
12 0.000000 2 108 6
13 0.000000 2 108
12 0.000000 2 109 6
13 0.000000 2 109
12 0.000000 2 110 6
13 0.000000 2 110
12 0.000000 2 111 6
13 0.000000 2 111
12 0.000000 2 112 6
13 0.000000 2 112
12 0.000000 2 113 6
13 0.000000 2 113
12 0.000000 2 114 6
13 0.000000 2 114
12 0.000000 2 115 6
13 0.000000 2 115
12 0.000000 2 116 6
13 0.000000 2 116
12 0.000000 2 117 6
13 0.000000 2 117
12 0.000000 2 118 6
13 0.000000 2 118
12 0.000000 2 119 6
13 0.000000 2 119
12 0.000000 2 120 6
13 0.000000 2 120
12 0.000000 2 121 6
13 0.000000 2 121
12 0.000000 2 122 6
13 0.000000 2 122
12 0.000000 2 123 6
13 0.000000 2 123
12 0.000000 2 124 6
13 0.000000 2 124
12 0.000000 2 125 6
13 0.000000 2 125
12 0.000000 2 126 6
13 0.000000 2 126
12 0.000000 2 127 6
13 0.000000 2 127
12 0.000000 2 128 6
13 0.000000 2 128
12 0.000000 2 1 7
12 0.000000 2 2 7
15 0.000000 3 0 PTP 2 2_1_-778_1
12 0.000000 2 3 7
15 0.000000 3 0 PTP 3 3_1_-778_2
12 0.000000 2 4 7
15 0.000000 3 0 PTP 4 4_1_-778_3
12 0.000000 2 5 7
15 0.000000 3 0 PTP 5 5_1_-778_4
12 0.000000 2 6 7
15 0.000000 3 0 PTP 6 6_1_-778_5
12 0.000000 2 7 7
15 0.000000 3 0 PTP 7 7_1_-778_6
12 0.000000 2 8 7
15 0.000000 3 0 PTP 8 8_1_-778_7
12 0.000000 2 9 7
15 0.000000 3 0 PTP 9 9_1_-778_8
12 0.000000 2 10 7
15 0.000000 3 0 PTP 10 10_1_-778_9
12 0.000000 2 11 7
15 0.000000 3 0 PTP 11 11_1_-778_10
12 0.000000 2 12 7
15 0.000000 3 0 PTP 12 12_1_-778_11
12 0.000000 2 13 7
15 0.000000 3 0 PTP 13 13_1_-778_12
12 0.000000 2 14 7
15 0.000000 3 0 PTP 14 14_1_-778_13
12 0.000000 2 15 7
15 0.000000 3 0 PTP 15 15_1_-778_14
12 0.000000 2 16 7
15 0.000000 3 0 PTP 16 16_1_-778_15
12 0.000000 2 17 7
15 0.000000 3 0 PTP 17 17_1_-778_16
12 0.000000 2 18 7
15 0.000000 3 0 PTP 18 18_1_-778_17
12 0.000000 2 19 7
15 0.000000 3 0 PTP 19 19_1_-778_18
12 0.000000 2 20 7
15 0.000000 3 0 PTP 20 20_1_-778_19
12 0.000000 2 21 7
15 0.000000 3 0 PTP 21 21_1_-778_20
12 0.000000 2 22 7
15 0.000000 3 0 PTP 22 22_1_-778_21
12 0.000000 2 23 7
15 0.000000 3 0 PTP 23 23_1_-778_22
12 0.000000 2 24 7
15 0.000000 3 0 PTP 24 24_1_-778_23
12 0.000000 2 25 7
15 0.000000 3 0 PTP 25 25_1_-778_24
12 0.000000 2 26 7
15 0.000000 3 0 PTP 26 26_1_-778_25
12 0.000000 2 27 7
15 0.000000 3 0 PTP 27 27_1_-778_26
12 0.000000 2 28 7
15 0.000000 3 0 PTP 28 28_1_-778_27
12 0.000000 2 29 7
15 0.000000 3 0 PTP 29 29_1_-778_28
12 0.000000 2 30 7
15 0.000000 3 0 PTP 30 30_1_-778_29
12 0.000000 2 31 7
15 0.000000 3 0 PTP 31 31_1_-778_30
12 0.000000 2 32 7
15 0.000000 3 0 PTP 32 32_1_-778_31
12 0.000000 2 33 7
15 0.000000 3 0 PTP 33 33_1_-778_32
12 0.000000 2 34 7
15 0.000000 3 0 PTP 34 34_1_-778_33
12 0.000000 2 35 7
15 0.000000 3 0 PTP 35 35_1_-778_34
12 0.000000 2 36 7
15 0.000000 3 0 PTP 36 36_1_-778_35
12 0.000000 2 37 7
15 0.000000 3 0 PTP 37 37_1_-778_36
12 0.000000 2 38 7
15 0.000000 3 0 PTP 38 38_1_-778_37
12 0.000000 2 39 7
15 0.000000 3 0 PTP 39 39_1_-778_38
12 0.000000 2 40 7
15 0.000000 3 0 PTP 40 40_1_-778_39
12 0.000000 2 41 7
15 0.000000 3 0 PTP 41 41_1_-778_40
12 0.000000 2 42 7
15 0.000000 3 0 PTP 42 42_1_-778_41
12 0.000000 2 43 7
15 0.000000 3 0 PTP 43 43_1_-778_42
12 0.000000 2 44 7
15 0.000000 3 0 PTP 44 44_1_-778_43
12 0.000000 2 45 7
15 0.000000 3 0 PTP 45 45_1_-778_44
12 0.000000 2 46 7
15 0.000000 3 0 PTP 46 46_1_-778_45
12 0.000000 2 47 7
15 0.000000 3 0 PTP 47 47_1_-778_46
12 0.000000 2 48 7
15 0.000000 3 0 PTP 48 48_1_-778_47
12 0.000000 2 49 7
15 0.000000 3 0 PTP 49 49_1_-778_48
12 0.000000 2 50 7
15 0.000000 3 0 PTP 50 50_1_-778_49
12 0.000000 2 51 7
15 0.000000 3 0 PTP 51 51_1_-778_50
12 0.000000 2 52 7
15 0.000000 3 0 PTP 52 52_1_-778_51
12 0.000000 2 53 7
15 0.000000 3 0 PTP 53 53_1_-778_52
12 0.000000 2 54 7
15 0.000000 3 0 PTP 54 54_1_-778_53
12 0.000000 2 55 7
15 0.000000 3 0 PTP 55 55_1_-778_54
12 0.000000 2 56 7
15 0.000000 3 0 PTP 56 56_1_-778_55
12 0.000000 2 57 7
15 0.000000 3 0 PTP 57 57_1_-778_56
12 0.000000 2 58 7
15 0.000000 3 0 PTP 58 58_1_-778_57
12 0.000000 2 59 7
15 0.000000 3 0 PTP 59 59_1_-778_58
12 0.000000 2 60 7
15 0.000000 3 0 PTP 60 60_1_-778_59
12 0.000000 2 61 7
15 0.000000 3 0 PTP 61 61_1_-778_60
12 0.000000 2 62 7
15 0.000000 3 0 PTP 62 62_1_-778_61
12 0.000000 2 63 7
15 0.000000 3 0 PTP 63 63_1_-778_62
12 0.000000 2 64 7
15 0.000000 3 0 PTP 64 64_1_-778_63
12 0.000000 2 65 7
15 0.000000 3 0 PTP 65 65_1_-778_64
12 0.000000 2 66 7
15 0.000000 3 0 PTP 66 66_1_-778_65
12 0.000000 2 67 7
15 0.000000 3 0 PTP 67 67_1_-778_66
12 0.000000 2 68 7
15 0.000000 3 0 PTP 68 68_1_-778_67
12 0.000000 2 69 7
15 0.000000 3 0 PTP 69 69_1_-778_68
12 0.000000 2 70 7
15 0.000000 3 0 PTP 70 70_1_-778_69
12 0.000000 2 71 7
15 0.000000 3 0 PTP 71 71_1_-778_70
12 0.000000 2 72 7
15 0.000000 3 0 PTP 72 72_1_-778_71
12 0.000000 2 73 7
15 0.000000 3 0 PTP 73 73_1_-778_72
12 0.000000 2 74 7
15 0.000000 3 0 PTP 74 74_1_-778_73
12 0.000000 2 75 7
15 0.000000 3 0 PTP 75 75_1_-778_74
12 0.000000 2 76 7
15 0.000000 3 0 PTP 76 76_1_-778_75
12 0.000000 2 77 7
15 0.000000 3 0 PTP 77 77_1_-778_76
12 0.000000 2 78 7
15 0.000000 3 0 PTP 78 78_1_-778_77
12 0.000000 2 79 7
15 0.000000 3 0 PTP 79 79_1_-778_78
12 0.000000 2 80 7
15 0.000000 3 0 PTP 80 80_1_-778_79
12 0.000000 2 81 7
15 0.000000 3 0 PTP 81 81_1_-778_80
12 0.000000 2 82 7
15 0.000000 3 0 PTP 82 82_1_-778_81
12 0.000000 2 83 7
15 0.000000 3 0 PTP 83 83_1_-778_82
12 0.000000 2 84 7
15 0.000000 3 0 PTP 84 84_1_-778_83
12 0.000000 2 85 7
15 0.000000 3 0 PTP 85 85_1_-778_84
12 0.000000 2 86 7
15 0.000000 3 0 PTP 86 86_1_-778_85
12 0.000000 2 87 7
15 0.000000 3 0 PTP 87 87_1_-778_86
12 0.000000 2 88 7
15 0.000000 3 0 PTP 88 88_1_-778_87
12 0.000000 2 89 7
15 0.000000 3 0 PTP 89 89_1_-778_88
12 0.000000 2 90 7
15 0.000000 3 0 PTP 90 90_1_-778_89
12 0.000000 2 91 7
15 0.000000 3 0 PTP 91 91_1_-778_90
12 0.000000 2 92 7
15 0.000000 3 0 PTP 92 92_1_-778_91
12 0.000000 2 93 7
15 0.000000 3 0 PTP 93 93_1_-778_92
12 0.000000 2 94 7
15 0.000000 3 0 PTP 94 94_1_-778_93
12 0.000000 2 95 7
15 0.000000 3 0 PTP 95 95_1_-778_94
12 0.000000 2 96 7
15 0.000000 3 0 PTP 96 96_1_-778_95
12 0.000000 2 97 7
15 0.000000 3 0 PTP 97 97_1_-778_96
12 0.000000 2 98 7
15 0.000000 3 0 PTP 98 98_1_-778_97
12 0.000000 2 99 7
15 0.000000 3 0 PTP 99 99_1_-778_98
12 0.000000 2 100 7
15 0.000000 3 0 PTP 100 100_1_-778_99
12 0.000000 2 101 7
15 0.000000 3 0 PTP 101 101_1_-778_100
12 0.000000 2 102 7
15 0.000000 3 0 PTP 102 102_1_-778_101
12 0.000000 2 103 7
15 0.000000 3 0 PTP 103 103_1_-778_102
12 0.000000 2 104 7
15 0.000000 3 0 PTP 104 104_1_-778_103
12 0.000000 2 105 7
15 0.000000 3 0 PTP 105 105_1_-778_104
12 0.000000 2 106 7
15 0.000000 3 0 PTP 106 106_1_-778_105
12 0.000000 2 107 7
15 0.000000 3 0 PTP 107 107_1_-778_106
12 0.000000 2 108 7
15 0.000000 3 0 PTP 108 108_1_-778_107
12 0.000000 2 109 7
15 0.000000 3 0 PTP 109 109_1_-778_108
12 0.000000 2 110 7
15 0.000000 3 0 PTP 110 110_1_-778_109
12 0.000000 2 111 7
15 0.000000 3 0 PTP 111 111_1_-778_110
12 0.000000 2 112 7
15 0.000000 3 0 PTP 112 112_1_-778_111
12 0.000000 2 113 7
15 0.000000 3 0 PTP 113 113_1_-778_112
12 0.000000 2 114 7
15 0.000000 3 0 PTP 114 114_1_-778_113
12 0.000000 2 115 7
15 0.000000 3 0 PTP 115 115_1_-778_114
12 0.000000 2 116 7
15 0.000000 3 0 PTP 116 116_1_-778_115
12 0.000000 2 117 7
15 0.000000 3 0 PTP 117 117_1_-778_116
12 0.000000 2 118 7
15 0.000000 3 0 PTP 118 118_1_-778_117
12 0.000000 2 119 7
15 0.000000 3 0 PTP 119 119_1_-778_118
12 0.000000 2 120 7
15 0.000000 3 0 PTP 120 120_1_-778_119
12 0.000000 2 121 7
15 0.000000 3 0 PTP 121 121_1_-778_120
12 0.000000 2 122 7
15 0.000000 3 0 PTP 122 122_1_-778_121
12 0.000000 2 123 7
15 0.000000 3 0 PTP 123 123_1_-778_122
12 0.000000 2 124 7
15 0.000000 3 0 PTP 124 124_1_-778_123
12 0.000000 2 125 7
15 0.000000 3 0 PTP 125 125_1_-778_124
12 0.000000 2 126 7
15 0.000000 3 0 PTP 126 126_1_-778_125
12 0.000000 2 127 7
15 0.000000 3 0 PTP 127 127_1_-778_126
12 0.000000 2 128 7
15 0.000000 3 0 PTP 128 128_1_-778_127
5 8 2 PMPI_Send "0 0 1"
5 9 2 PMPI_Recv "1 0 0"
5 10 2 PMPI_Reduce "0 1 0"
5 11 2 PMPI_Finalize "0 1 0"
16 0.000000 3 0 PTP 1 2_1_-778_1
16 0.000001 3 0 PTP 1 3_1_-778_2
16 0.000001 3 0 PTP 1 4_1_-778_3
16 0.000001 3 0 PTP 1 5_1_-778_4
16 0.000001 3 0 PTP 1 6_1_-778_5
16 0.000001 3 0 PTP 1 7_1_-778_6
16 0.000001 3 0 PTP 1 8_1_-778_7
16 0.000001 3 0 PTP 1 9_1_-778_8
16 0.000001 3 0 PTP 1 10_1_-778_9
16 0.000001 3 0 PTP 1 17_1_-778_16
16 0.000001 3 0 PTP 1 18_1_-778_17
16 0.000001 3 0 PTP 1 25_1_-778_24
16 0.000001 3 0 PTP 1 26_1_-778_25
16 0.000001 3 0 PTP 1 11_1_-778_10
16 0.000001 3 0 PTP 1 12_1_-778_11
16 0.000001 3 0 PTP 1 13_1_-778_12
16 0.000001 3 0 PTP 1 14_1_-778_13
16 0.000001 3 0 PTP 1 15_1_-778_14
16 0.000001 3 0 PTP 1 16_1_-778_15
16 0.000001 3 0 PTP 1 19_1_-778_18
16 0.000001 3 0 PTP 1 20_1_-778_19
16 0.000001 3 0 PTP 1 21_1_-778_20
16 0.000001 3 0 PTP 1 22_1_-778_21
16 0.000001 3 0 PTP 1 23_1_-778_22
16 0.000001 3 0 PTP 1 24_1_-778_23
16 0.000001 3 0 PTP 1 27_1_-778_26
16 0.000001 3 0 PTP 1 28_1_-778_27
16 0.000001 3 0 PTP 1 29_1_-778_28
16 0.000001 3 0 PTP 1 30_1_-778_29
16 0.000001 3 0 PTP 1 31_1_-778_30
16 0.000001 3 0 PTP 1 32_1_-778_31
16 0.000001 3 0 PTP 1 33_1_-778_32
16 0.000001 3 0 PTP 1 34_1_-778_33
16 0.000001 3 0 PTP 1 65_1_-778_64
16 0.000001 3 0 PTP 1 66_1_-778_65
16 0.000001 3 0 PTP 1 97_1_-778_96
16 0.000001 3 0 PTP 1 98_1_-778_97
16 0.000001 3 0 PTP 1 35_1_-778_34
16 0.000001 3 0 PTP 1 36_1_-778_35
16 0.000001 3 0 PTP 1 37_1_-778_36
16 0.000001 3 0 PTP 1 38_1_-778_37
16 0.000001 3 0 PTP 1 39_1_-778_38
16 0.000001 3 0 PTP 1 40_1_-778_39
16 0.000001 3 0 PTP 1 67_1_-778_66
16 0.000001 3 0 PTP 1 68_1_-778_67
16 0.000001 3 0 PTP 1 69_1_-778_68
16 0.000001 3 0 PTP 1 70_1_-778_69
16 0.000001 3 0 PTP 1 71_1_-778_70
16 0.000001 3 0 PTP 1 72_1_-778_71
16 0.000001 3 0 PTP 1 99_1_-778_98
16 0.000001 3 0 PTP 1 100_1_-778_99
16 0.000001 3 0 PTP 1 101_1_-778_100
16 0.000001 3 0 PTP 1 102_1_-778_101
16 0.000001 3 0 PTP 1 103_1_-778_102
16 0.000001 3 0 PTP 1 104_1_-778_103
16 0.000002 3 0 PTP 1 41_1_-778_40
16 0.000002 3 0 PTP 1 42_1_-778_41
16 0.000002 3 0 PTP 1 49_1_-778_48
16 0.000002 3 0 PTP 1 50_1_-778_49
16 0.000002 3 0 PTP 1 57_1_-778_56
16 0.000002 3 0 PTP 1 58_1_-778_57
16 0.000002 3 0 PTP 1 73_1_-778_72
16 0.000002 3 0 PTP 1 74_1_-778_73
16 0.000002 3 0 PTP 1 81_1_-778_80
16 0.000002 3 0 PTP 1 82_1_-778_81
16 0.000002 3 0 PTP 1 89_1_-778_88
16 0.000002 3 0 PTP 1 90_1_-778_89
16 0.000002 3 0 PTP 1 105_1_-778_104
16 0.000002 3 0 PTP 1 106_1_-778_105
16 0.000002 3 0 PTP 1 113_1_-778_112
16 0.000002 3 0 PTP 1 114_1_-778_113
16 0.000002 3 0 PTP 1 121_1_-778_120
16 0.000002 3 0 PTP 1 122_1_-778_121
16 0.000002 3 0 PTP 1 43_1_-778_42
16 0.000002 3 0 PTP 1 44_1_-778_43
16 0.000002 3 0 PTP 1 45_1_-778_44
16 0.000002 3 0 PTP 1 46_1_-778_45
16 0.000002 3 0 PTP 1 47_1_-778_46
16 0.000002 3 0 PTP 1 48_1_-778_47
16 0.000002 3 0 PTP 1 51_1_-778_50
16 0.000002 3 0 PTP 1 52_1_-778_51
16 0.000002 3 0 PTP 1 53_1_-778_52
16 0.000002 3 0 PTP 1 54_1_-778_53
16 0.000002 3 0 PTP 1 55_1_-778_54
16 0.000002 3 0 PTP 1 56_1_-778_55
16 0.000002 3 0 PTP 1 59_1_-778_58
16 0.000002 3 0 PTP 1 60_1_-778_59
16 0.000002 3 0 PTP 1 61_1_-778_60
16 0.000002 3 0 PTP 1 62_1_-778_61
16 0.000002 3 0 PTP 1 63_1_-778_62
16 0.000002 3 0 PTP 1 64_1_-778_63
16 0.000002 3 0 PTP 1 75_1_-778_74
16 0.000002 3 0 PTP 1 76_1_-778_75
16 0.000002 3 0 PTP 1 77_1_-778_76
16 0.000002 3 0 PTP 1 78_1_-778_77
16 0.000002 3 0 PTP 1 79_1_-778_78
16 0.000002 3 0 PTP 1 80_1_-778_79
16 0.000002 3 0 PTP 1 83_1_-778_82
16 0.000002 3 0 PTP 1 84_1_-778_83
16 0.000002 3 0 PTP 1 85_1_-778_84
16 0.000002 3 0 PTP 1 86_1_-778_85
16 0.000002 3 0 PTP 1 87_1_-778_86
16 0.000002 3 0 PTP 1 88_1_-778_87
16 0.000002 3 0 PTP 1 91_1_-778_90
16 0.000002 3 0 PTP 1 92_1_-778_91
16 0.000002 3 0 PTP 1 93_1_-778_92
16 0.000002 3 0 PTP 1 94_1_-778_93
16 0.000002 3 0 PTP 1 95_1_-778_94
16 0.000002 3 0 PTP 1 96_1_-778_95
16 0.000002 3 0 PTP 1 107_1_-778_106
16 0.000002 3 0 PTP 1 108_1_-778_107
16 0.000002 3 0 PTP 1 109_1_-778_108
16 0.000002 3 0 PTP 1 110_1_-778_109
16 0.000002 3 0 PTP 1 111_1_-778_110
16 0.000002 3 0 PTP 1 112_1_-778_111
16 0.000002 3 0 PTP 1 115_1_-778_114
16 0.000002 3 0 PTP 1 116_1_-778_115
16 0.000002 3 0 PTP 1 117_1_-778_116
16 0.000002 3 0 PTP 1 118_1_-778_117
16 0.000002 3 0 PTP 1 119_1_-778_118
16 0.000002 3 0 PTP 1 120_1_-778_119
16 0.000002 3 0 PTP 1 123_1_-778_122
16 0.000002 3 0 PTP 1 124_1_-778_123
16 0.000002 3 0 PTP 1 125_1_-778_124
16 0.000002 3 0 PTP 1 126_1_-778_125
16 0.000002 3 0 PTP 1 127_1_-778_126
16 0.000002 3 0 PTP 1 128_1_-778_127
15 0.000002 3 0 PTP 1 1_2_-778_128
15 0.000002 3 0 PTP 1 1_3_-778_129
15 0.000002 3 0 PTP 1 1_4_-778_130
15 0.000002 3 0 PTP 1 1_5_-778_131
15 0.000002 3 0 PTP 1 1_6_-778_132
15 0.000002 3 0 PTP 1 1_7_-778_133
15 0.000002 3 0 PTP 1 1_8_-778_134
15 0.000002 3 0 PTP 1 1_9_-778_135
15 0.000002 3 0 PTP 1 1_10_-778_136
15 0.000002 3 0 PTP 1 1_11_-778_137
15 0.000002 3 0 PTP 1 1_12_-778_138
15 0.000002 3 0 PTP 1 1_13_-778_139
15 0.000002 3 0 PTP 1 1_14_-778_140
15 0.000002 3 0 PTP 1 1_15_-778_141
15 0.000002 3 0 PTP 1 1_16_-778_142
15 0.000002 3 0 PTP 1 1_17_-778_143
15 0.000002 3 0 PTP 1 1_18_-778_144
15 0.000002 3 0 PTP 1 1_19_-778_145
15 0.000002 3 0 PTP 1 1_20_-778_146
15 0.000002 3 0 PTP 1 1_21_-778_147
15 0.000002 3 0 PTP 1 1_22_-778_148
15 0.000002 3 0 PTP 1 1_23_-778_149
15 0.000002 3 0 PTP 1 1_24_-778_150
15 0.000002 3 0 PTP 1 1_25_-778_151
15 0.000002 3 0 PTP 1 1_26_-778_152
15 0.000002 3 0 PTP 1 1_27_-778_153
15 0.000002 3 0 PTP 1 1_28_-778_154
15 0.000002 3 0 PTP 1 1_29_-778_155
15 0.000002 3 0 PTP 1 1_30_-778_156
15 0.000002 3 0 PTP 1 1_31_-778_157
15 0.000002 3 0 PTP 1 1_32_-778_158
15 0.000002 3 0 PTP 1 1_33_-778_159
15 0.000002 3 0 PTP 1 1_34_-778_160
15 0.000002 3 0 PTP 1 1_35_-778_161
15 0.000002 3 0 PTP 1 1_36_-778_162
15 0.000002 3 0 PTP 1 1_37_-778_163
15 0.000002 3 0 PTP 1 1_38_-778_164
15 0.000002 3 0 PTP 1 1_39_-778_165
15 0.000002 3 0 PTP 1 1_40_-778_166
15 0.000002 3 0 PTP 1 1_41_-778_167
15 0.000002 3 0 PTP 1 1_42_-778_168
15 0.000002 3 0 PTP 1 1_43_-778_169
15 0.000002 3 0 PTP 1 1_44_-778_170
15 0.000002 3 0 PTP 1 1_45_-778_171
15 0.000002 3 0 PTP 1 1_46_-778_172
15 0.000002 3 0 PTP 1 1_47_-778_173
15 0.000002 3 0 PTP 1 1_48_-778_174
15 0.000002 3 0 PTP 1 1_49_-778_175
15 0.000002 3 0 PTP 1 1_50_-778_176
15 0.000002 3 0 PTP 1 1_51_-778_177
15 0.000002 3 0 PTP 1 1_52_-778_178
15 0.000002 3 0 PTP 1 1_53_-778_179
15 0.000002 3 0 PTP 1 1_54_-778_180
15 0.000002 3 0 PTP 1 1_55_-778_181
15 0.000002 3 0 PTP 1 1_56_-778_182
15 0.000002 3 0 PTP 1 1_57_-778_183
15 0.000002 3 0 PTP 1 1_58_-778_184
15 0.000002 3 0 PTP 1 1_59_-778_185
15 0.000002 3 0 PTP 1 1_60_-778_186
15 0.000002 3 0 PTP 1 1_61_-778_187
15 0.000002 3 0 PTP 1 1_62_-778_188
15 0.000002 3 0 PTP 1 1_63_-778_189
15 0.000002 3 0 PTP 1 1_64_-778_190
15 0.000002 3 0 PTP 1 1_65_-778_191
15 0.000002 3 0 PTP 1 1_66_-778_192
15 0.000002 3 0 PTP 1 1_67_-778_193
15 0.000002 3 0 PTP 1 1_68_-778_194
15 0.000002 3 0 PTP 1 1_69_-778_195
15 0.000002 3 0 PTP 1 1_70_-778_196
15 0.000002 3 0 PTP 1 1_71_-778_197
15 0.000002 3 0 PTP 1 1_72_-778_198
15 0.000002 3 0 PTP 1 1_73_-778_199
15 0.000002 3 0 PTP 1 1_74_-778_200
15 0.000002 3 0 PTP 1 1_75_-778_201
15 0.000002 3 0 PTP 1 1_76_-778_202
15 0.000002 3 0 PTP 1 1_77_-778_203
15 0.000002 3 0 PTP 1 1_78_-778_204
15 0.000002 3 0 PTP 1 1_79_-778_205
15 0.000002 3 0 PTP 1 1_80_-778_206
15 0.000002 3 0 PTP 1 1_81_-778_207
15 0.000002 3 0 PTP 1 1_82_-778_208
15 0.000002 3 0 PTP 1 1_83_-778_209
15 0.000002 3 0 PTP 1 1_84_-778_210
15 0.000002 3 0 PTP 1 1_85_-778_211
15 0.000002 3 0 PTP 1 1_86_-778_212
15 0.000002 3 0 PTP 1 1_87_-778_213
15 0.000002 3 0 PTP 1 1_88_-778_214
15 0.000002 3 0 PTP 1 1_89_-778_215
15 0.000002 3 0 PTP 1 1_90_-778_216
15 0.000002 3 0 PTP 1 1_91_-778_217
15 0.000002 3 0 PTP 1 1_92_-778_218
15 0.000002 3 0 PTP 1 1_93_-778_219
15 0.000002 3 0 PTP 1 1_94_-778_220
15 0.000002 3 0 PTP 1 1_95_-778_221
15 0.000002 3 0 PTP 1 1_96_-778_222
15 0.000002 3 0 PTP 1 1_97_-778_223
15 0.000002 3 0 PTP 1 1_98_-778_224
15 0.000002 3 0 PTP 1 1_99_-778_225
15 0.000002 3 0 PTP 1 1_100_-778_226
15 0.000002 3 0 PTP 1 1_101_-778_227
15 0.000002 3 0 PTP 1 1_102_-778_228
15 0.000002 3 0 PTP 1 1_103_-778_229
15 0.000002 3 0 PTP 1 1_104_-778_230
15 0.000002 3 0 PTP 1 1_105_-778_231
15 0.000002 3 0 PTP 1 1_106_-778_232
15 0.000002 3 0 PTP 1 1_107_-778_233
15 0.000002 3 0 PTP 1 1_108_-778_234
15 0.000002 3 0 PTP 1 1_109_-778_235
15 0.000002 3 0 PTP 1 1_110_-778_236
15 0.000002 3 0 PTP 1 1_111_-778_237
15 0.000002 3 0 PTP 1 1_112_-778_238
15 0.000002 3 0 PTP 1 1_113_-778_239
15 0.000002 3 0 PTP 1 1_114_-778_240
15 0.000002 3 0 PTP 1 1_115_-778_241
15 0.000002 3 0 PTP 1 1_116_-778_242
15 0.000002 3 0 PTP 1 1_117_-778_243
15 0.000002 3 0 PTP 1 1_118_-778_244
15 0.000002 3 0 PTP 1 1_119_-778_245
15 0.000002 3 0 PTP 1 1_120_-778_246
15 0.000002 3 0 PTP 1 1_121_-778_247
15 0.000002 3 0 PTP 1 1_122_-778_248
15 0.000002 3 0 PTP 1 1_123_-778_249
15 0.000002 3 0 PTP 1 1_124_-778_250
15 0.000002 3 0 PTP 1 1_125_-778_251
15 0.000002 3 0 PTP 1 1_126_-778_252
15 0.000002 3 0 PTP 1 1_127_-778_253
15 0.000002 3 0 PTP 1 1_128_-778_254
13 0.000002 2 1
12 0.000002 2 1 8
15 0.000002 3 0 PTP 1 1_65_1_255
16 0.000002 3 0 PTP 2 1_2_-778_128
13 0.000002 2 2
12 0.000002 2 2 9
16 0.000003 3 0 PTP 8 1_8_-778_134
13 0.000003 2 8
16 0.000003 3 0 PTP 7 1_7_-778_133
13 0.000003 2 7
16 0.000003 3 0 PTP 6 1_6_-778_132
13 0.000003 2 6
16 0.000003 3 0 PTP 5 1_5_-778_131
13 0.000003 2 5
16 0.000003 3 0 PTP 4 1_4_-778_130
13 0.000003 2 4
16 0.000003 3 0 PTP 3 1_3_-778_129
13 0.000003 2 3
12 0.000003 2 3 9
12 0.000003 2 4 9
12 0.000003 2 5 9
12 0.000003 2 6 9
12 0.000003 2 7 9
12 0.000003 2 8 9
16 0.000003 3 0 PTP 26 1_26_-778_152
13 0.000003 2 26
16 0.000003 3 0 PTP 25 1_25_-778_151
13 0.000003 2 25
16 0.000003 3 0 PTP 18 1_18_-778_144
13 0.000003 2 18
16 0.000003 3 0 PTP 17 1_17_-778_143
13 0.000003 2 17
16 0.000003 3 0 PTP 10 1_10_-778_136
13 0.000003 2 10
16 0.000003 3 0 PTP 9 1_9_-778_135
13 0.000003 2 9
12 0.000003 2 9 9
12 0.000003 2 10 9
12 0.000003 2 17 9
12 0.000003 2 18 9
12 0.000003 2 25 9
12 0.000003 2 26 9
16 0.000003 3 0 PTP 32 1_32_-778_158
13 0.000003 2 32
16 0.000003 3 0 PTP 31 1_31_-778_157
13 0.000003 2 31
16 0.000003 3 0 PTP 30 1_30_-778_156
13 0.000003 2 30
16 0.000003 3 0 PTP 29 1_29_-778_155
13 0.000003 2 29
16 0.000003 3 0 PTP 28 1_28_-778_154
13 0.000003 2 28
16 0.000003 3 0 PTP 27 1_27_-778_153
13 0.000003 2 27
16 0.000003 3 0 PTP 24 1_24_-778_150
13 0.000003 2 24
16 0.000003 3 0 PTP 23 1_23_-778_149
13 0.000003 2 23
16 0.000003 3 0 PTP 22 1_22_-778_148
13 0.000003 2 22
16 0.000003 3 0 PTP 21 1_21_-778_147
13 0.000003 2 21
16 0.000003 3 0 PTP 20 1_20_-778_146
13 0.000003 2 20
16 0.000003 3 0 PTP 19 1_19_-778_145
13 0.000003 2 19
16 0.000003 3 0 PTP 16 1_16_-778_142
13 0.000003 2 16
16 0.000003 3 0 PTP 15 1_15_-778_141
13 0.000003 2 15
16 0.000003 3 0 PTP 14 1_14_-778_140
13 0.000003 2 14
16 0.000003 3 0 PTP 13 1_13_-778_139
13 0.000003 2 13
16 0.000003 3 0 PTP 12 1_12_-778_138
13 0.000003 2 12
16 0.000003 3 0 PTP 11 1_11_-778_137
13 0.000003 2 11
12 0.000003 2 11 9
12 0.000003 2 12 9
12 0.000003 2 13 9
12 0.000003 2 14 9
12 0.000003 2 15 9
12 0.000003 2 16 9
12 0.000003 2 19 9
12 0.000003 2 20 9
12 0.000003 2 21 9
12 0.000003 2 22 9
12 0.000003 2 23 9
12 0.000003 2 24 9
12 0.000003 2 27 9
12 0.000003 2 28 9
12 0.000003 2 29 9
12 0.000003 2 30 9
12 0.000003 2 31 9
12 0.000003 2 32 9
16 0.000003 3 0 PTP 98 1_98_-778_224
13 0.000003 2 98
16 0.000003 3 0 PTP 97 1_97_-778_223
13 0.000003 2 97
16 0.000003 3 0 PTP 66 1_66_-778_192
13 0.000003 2 66
16 0.000003 3 0 PTP 65 1_65_-778_191
13 0.000003 2 65
16 0.000003 3 0 PTP 34 1_34_-778_160
13 0.000003 2 34
16 0.000003 3 0 PTP 33 1_33_-778_159
13 0.000003 2 33
12 0.000003 2 33 9
12 0.000003 2 34 9
12 0.000003 2 65 9
12 0.000003 2 66 9
12 0.000003 2 97 9
12 0.000003 2 98 9
16 0.000004 3 0 PTP 104 1_104_-778_230
13 0.000004 2 104
16 0.000004 3 0 PTP 103 1_103_-778_229
13 0.000004 2 103
16 0.000004 3 0 PTP 102 1_102_-778_228
13 0.000004 2 102
16 0.000004 3 0 PTP 101 1_101_-778_227
13 0.000004 2 101
16 0.000004 3 0 PTP 100 1_100_-778_226
13 0.000004 2 100
16 0.000004 3 0 PTP 99 1_99_-778_225
13 0.000004 2 99
16 0.000004 3 0 PTP 72 1_72_-778_198
13 0.000004 2 72
16 0.000004 3 0 PTP 71 1_71_-778_197
13 0.000004 2 71
16 0.000004 3 0 PTP 70 1_70_-778_196
13 0.000004 2 70
16 0.000004 3 0 PTP 69 1_69_-778_195
13 0.000004 2 69
16 0.000004 3 0 PTP 68 1_68_-778_194
13 0.000004 2 68
16 0.000004 3 0 PTP 67 1_67_-778_193
13 0.000004 2 67
16 0.000004 3 0 PTP 40 1_40_-778_166
13 0.000004 2 40
16 0.000004 3 0 PTP 39 1_39_-778_165
13 0.000004 2 39
16 0.000004 3 0 PTP 38 1_38_-778_164
13 0.000004 2 38
16 0.000004 3 0 PTP 37 1_37_-778_163
13 0.000004 2 37
16 0.000004 3 0 PTP 36 1_36_-778_162
13 0.000004 2 36
16 0.000004 3 0 PTP 35 1_35_-778_161
13 0.000004 2 35
12 0.000004 2 35 9
12 0.000004 2 36 9
12 0.000004 2 37 9
12 0.000004 2 38 9
12 0.000004 2 39 9
12 0.000004 2 40 9
12 0.000004 2 67 9
12 0.000004 2 68 9
12 0.000004 2 69 9
12 0.000004 2 70 9
12 0.000004 2 71 9
12 0.000004 2 72 9
12 0.000004 2 99 9
12 0.000004 2 100 9
12 0.000004 2 101 9
12 0.000004 2 102 9
12 0.000004 2 103 9
12 0.000004 2 104 9
16 0.000004 3 0 PTP 122 1_122_-778_248
13 0.000004 2 122
16 0.000004 3 0 PTP 121 1_121_-778_247
13 0.000004 2 121
16 0.000004 3 0 PTP 114 1_114_-778_240
13 0.000004 2 114
16 0.000004 3 0 PTP 113 1_113_-778_239
13 0.000004 2 113
16 0.000004 3 0 PTP 106 1_106_-778_232
13 0.000004 2 106
16 0.000004 3 0 PTP 105 1_105_-778_231
13 0.000004 2 105
16 0.000004 3 0 PTP 90 1_90_-778_216
13 0.000004 2 90
16 0.000004 3 0 PTP 89 1_89_-778_215
13 0.000004 2 89
16 0.000004 3 0 PTP 82 1_82_-778_208
13 0.000004 2 82
16 0.000004 3 0 PTP 81 1_81_-778_207
13 0.000004 2 81
16 0.000004 3 0 PTP 74 1_74_-778_200
13 0.000004 2 74
16 0.000004 3 0 PTP 73 1_73_-778_199
13 0.000004 2 73
16 0.000004 3 0 PTP 58 1_58_-778_184
13 0.000004 2 58
16 0.000004 3 0 PTP 57 1_57_-778_183
13 0.000004 2 57
16 0.000004 3 0 PTP 50 1_50_-778_176
13 0.000004 2 50
16 0.000004 3 0 PTP 49 1_49_-778_175
13 0.000004 2 49
16 0.000004 3 0 PTP 42 1_42_-778_168
13 0.000004 2 42
16 0.000004 3 0 PTP 41 1_41_-778_167
13 0.000004 2 41
12 0.000004 2 41 9
12 0.000004 2 42 9
12 0.000004 2 49 9
12 0.000004 2 50 9
12 0.000004 2 57 9
12 0.000004 2 58 9
12 0.000004 2 73 9
12 0.000004 2 74 9
12 0.000004 2 81 9
12 0.000004 2 82 9
12 0.000004 2 89 9
12 0.000004 2 90 9
12 0.000004 2 105 9
12 0.000004 2 106 9
12 0.000004 2 113 9
12 0.000004 2 114 9
12 0.000004 2 121 9
12 0.000004 2 122 9
16 0.000004 3 0 PTP 128 1_128_-778_254
13 0.000004 2 128
16 0.000004 3 0 PTP 127 1_127_-778_253
13 0.000004 2 127
16 0.000004 3 0 PTP 126 1_126_-778_252
13 0.000004 2 126
16 0.000004 3 0 PTP 125 1_125_-778_251
13 0.000004 2 125
16 0.000004 3 0 PTP 124 1_124_-778_250
13 0.000004 2 124
16 0.000004 3 0 PTP 123 1_123_-778_249
13 0.000004 2 123
16 0.000004 3 0 PTP 120 1_120_-778_246
13 0.000004 2 120
16 0.000004 3 0 PTP 119 1_119_-778_245
13 0.000004 2 119
16 0.000004 3 0 PTP 118 1_118_-778_244
13 0.000004 2 118
16 0.000004 3 0 PTP 117 1_117_-778_243
13 0.000004 2 117
16 0.000004 3 0 PTP 116 1_116_-778_242
13 0.000004 2 116
16 0.000004 3 0 PTP 115 1_115_-778_241
13 0.000004 2 115
16 0.000004 3 0 PTP 112 1_112_-778_238
13 0.000004 2 112
16 0.000004 3 0 PTP 111 1_111_-778_237
13 0.000004 2 111
16 0.000004 3 0 PTP 110 1_110_-778_236
13 0.000004 2 110
16 0.000004 3 0 PTP 109 1_109_-778_235
13 0.000004 2 109
16 0.000004 3 0 PTP 108 1_108_-778_234
13 0.000004 2 108
16 0.000004 3 0 PTP 107 1_107_-778_233
13 0.000004 2 107
16 0.000004 3 0 PTP 96 1_96_-778_222
13 0.000004 2 96
16 0.000004 3 0 PTP 95 1_95_-778_221
13 0.000004 2 95
16 0.000004 3 0 PTP 94 1_94_-778_220
13 0.000004 2 94
16 0.000004 3 0 PTP 93 1_93_-778_219
13 0.000004 2 93
16 0.000004 3 0 PTP 92 1_92_-778_218
13 0.000004 2 92
16 0.000004 3 0 PTP 91 1_91_-778_217
13 0.000004 2 91
16 0.000004 3 0 PTP 88 1_88_-778_214
13 0.000004 2 88
16 0.000004 3 0 PTP 87 1_87_-778_213
13 0.000004 2 87
16 0.000004 3 0 PTP 86 1_86_-778_212
13 0.000004 2 86
16 0.000004 3 0 PTP 85 1_85_-778_211
13 0.000004 2 85
16 0.000004 3 0 PTP 84 1_84_-778_210
13 0.000004 2 84
16 0.000004 3 0 PTP 83 1_83_-778_209
13 0.000004 2 83
16 0.000004 3 0 PTP 80 1_80_-778_206
13 0.000004 2 80
16 0.000004 3 0 PTP 79 1_79_-778_205
13 0.000004 2 79
16 0.000004 3 0 PTP 78 1_78_-778_204
13 0.000004 2 78
16 0.000004 3 0 PTP 77 1_77_-778_203
13 0.000004 2 77
16 0.000004 3 0 PTP 76 1_76_-778_202
13 0.000004 2 76
16 0.000004 3 0 PTP 75 1_75_-778_201
13 0.000004 2 75
16 0.000004 3 0 PTP 64 1_64_-778_190
13 0.000004 2 64
16 0.000004 3 0 PTP 63 1_63_-778_189
13 0.000004 2 63
16 0.000004 3 0 PTP 62 1_62_-778_188
13 0.000004 2 62
16 0.000004 3 0 PTP 61 1_61_-778_187
13 0.000004 2 61
16 0.000004 3 0 PTP 60 1_60_-778_186
13 0.000004 2 60
16 0.000004 3 0 PTP 59 1_59_-778_185
13 0.000004 2 59
16 0.000004 3 0 PTP 56 1_56_-778_182
13 0.000004 2 56
16 0.000004 3 0 PTP 55 1_55_-778_181
13 0.000004 2 55
16 0.000004 3 0 PTP 54 1_54_-778_180
13 0.000004 2 54
16 0.000004 3 0 PTP 53 1_53_-778_179
13 0.000004 2 53
16 0.000004 3 0 PTP 52 1_52_-778_178
13 0.000004 2 52
16 0.000004 3 0 PTP 51 1_51_-778_177
13 0.000004 2 51
16 0.000004 3 0 PTP 48 1_48_-778_174
13 0.000004 2 48
16 0.000004 3 0 PTP 47 1_47_-778_173
13 0.000004 2 47
16 0.000004 3 0 PTP 46 1_46_-778_172
13 0.000004 2 46
16 0.000004 3 0 PTP 45 1_45_-778_171
13 0.000004 2 45
16 0.000004 3 0 PTP 44 1_44_-778_170
13 0.000004 2 44
16 0.000004 3 0 PTP 43 1_43_-778_169
13 0.000004 2 43
12 0.000004 2 43 9
12 0.000004 2 44 9
12 0.000004 2 45 9
12 0.000004 2 46 9
12 0.000004 2 47 9
12 0.000004 2 48 9
12 0.000004 2 51 9
12 0.000004 2 52 9
12 0.000004 2 53 9
12 0.000004 2 54 9
12 0.000004 2 55 9
12 0.000004 2 56 9
12 0.000004 2 59 9
12 0.000004 2 60 9
12 0.000004 2 61 9
12 0.000004 2 62 9
12 0.000004 2 63 9
12 0.000004 2 64 9
12 0.000004 2 75 9
12 0.000004 2 76 9
12 0.000004 2 77 9
12 0.000004 2 78 9
12 0.000004 2 79 9
12 0.000004 2 80 9
12 0.000004 2 83 9
12 0.000004 2 84 9
12 0.000004 2 85 9
12 0.000004 2 86 9
12 0.000004 2 87 9
12 0.000004 2 88 9
12 0.000004 2 91 9
12 0.000004 2 92 9
12 0.000004 2 93 9
12 0.000004 2 94 9
12 0.000004 2 95 9
12 0.000004 2 96 9
12 0.000004 2 107 9
12 0.000004 2 108 9
12 0.000004 2 109 9
12 0.000004 2 110 9
12 0.000004 2 111 9
12 0.000004 2 112 9
12 0.000004 2 115 9
12 0.000004 2 116 9
12 0.000004 2 117 9
12 0.000004 2 118 9
12 0.000004 2 119 9
12 0.000004 2 120 9
12 0.000004 2 123 9
12 0.000004 2 124 9
12 0.000004 2 125 9
12 0.000004 2 126 9
12 0.000004 2 127 9
12 0.000004 2 128 9
13 0.000902 2 1
12 0.000902 2 1 8
15 0.000902 3 0 PTP 1 1_33_0_256
16 0.000902 3 0 PTP 65 1_65_1_255
13 0.000902 2 65
12 0.000902 2 65 8
15 0.000902 3 0 PTP 65 65_97_0_257
16 0.001801 3 0 PTP 33 1_33_0_256
13 0.001801 2 33
12 0.001801 2 33 8
15 0.001801 3 0 PTP 33 33_49_33_258
13 0.001801 2 1
12 0.001801 2 1 8
15 0.001801 3 0 PTP 1 1_17_33_259
16 0.001801 3 0 PTP 97 65_97_0_257
13 0.001801 2 97
12 0.001801 2 97 8
15 0.001801 3 0 PTP 97 97_113_33_260
13 0.001801 2 65
12 0.001801 2 65 8
15 0.001801 3 0 PTP 65 65_81_33_261
16 0.002697 3 0 PTP 49 33_49_33_258
13 0.002697 2 49
12 0.002697 2 49 8
15 0.002697 3 0 PTP 49 49_57_32_262
13 0.002697 2 33
12 0.002697 2 33 8
15 0.002697 3 0 PTP 33 33_41_32_263
16 0.002697 3 0 PTP 17 1_17_33_259
13 0.002697 2 17
12 0.002697 2 17 8
15 0.002697 3 0 PTP 17 17_25_32_264
13 0.002697 2 1
12 0.002697 2 1 8
15 0.002697 3 0 PTP 1 1_9_32_265
16 0.002697 3 0 PTP 113 97_113_33_260
13 0.002697 2 113
12 0.002697 2 113 8
15 0.002697 3 0 PTP 113 113_121_32_266
13 0.002697 2 97
12 0.002697 2 97 8
15 0.002697 3 0 PTP 97 97_105_32_267
16 0.002697 3 0 PTP 81 65_81_33_261
13 0.002697 2 81
12 0.002697 2 81 8
15 0.002697 3 0 PTP 81 81_89_32_268
13 0.002697 2 65
12 0.002697 2 65 8
15 0.002697 3 0 PTP 65 65_73_32_269
16 0.003594 3 0 PTP 57 49_57_32_262
13 0.003594 2 57
12 0.003594 2 57 8
15 0.003594 3 0 PTP 57 57_61_65_270
13 0.003594 2 49
12 0.003594 2 49 8
15 0.003594 3 0 PTP 49 49_53_65_271
16 0.003594 3 0 PTP 41 33_41_32_263
13 0.003594 2 41
12 0.003594 2 41 8
15 0.003594 3 0 PTP 41 41_45_65_272
13 0.003594 2 33
12 0.003594 2 33 8
15 0.003594 3 0 PTP 33 33_37_65_273
16 0.003594 3 0 PTP 25 17_25_32_264
13 0.003594 2 25
12 0.003594 2 25 8
15 0.003594 3 0 PTP 25 25_29_65_274
13 0.003594 2 17
12 0.003594 2 17 8
15 0.003594 3 0 PTP 17 17_21_65_275
16 0.003594 3 0 PTP 9 1_9_32_265
13 0.003594 2 9
12 0.003594 2 9 8
15 0.003594 3 0 PTP 9 9_13_65_276
13 0.003594 2 1
12 0.003594 2 1 8
15 0.003594 3 0 PTP 1 1_5_65_277
16 0.003594 3 0 PTP 121 113_121_32_266
13 0.003594 2 121
12 0.003594 2 121 8
15 0.003594 3 0 PTP 121 121_125_65_278
13 0.003594 2 113
12 0.003594 2 113 8
15 0.003594 3 0 PTP 113 113_117_65_279
16 0.003594 3 0 PTP 105 97_105_32_267
13 0.003594 2 105
12 0.003594 2 105 8
15 0.003594 3 0 PTP 105 105_109_65_280
13 0.003594 2 97
12 0.003594 2 97 8
15 0.003594 3 0 PTP 97 97_101_65_281
16 0.003594 3 0 PTP 89 81_89_32_268
13 0.003594 2 89
12 0.003594 2 89 8
15 0.003594 3 0 PTP 89 89_93_65_282
13 0.003594 2 81
12 0.003594 2 81 8
15 0.003594 3 0 PTP 81 81_85_65_283
16 0.003594 3 0 PTP 73 65_73_32_269
13 0.003594 2 73
12 0.003594 2 73 8
15 0.003594 3 0 PTP 73 73_77_65_284
13 0.003594 2 65
12 0.003594 2 65 8
15 0.003594 3 0 PTP 65 65_69_65_285
16 0.004489 3 0 PTP 61 57_61_65_270
13 0.004489 2 61
12 0.004489 2 61 8
15 0.004489 3 0 PTP 61 61_63_64_286
13 0.004489 2 57
12 0.004489 2 57 8
15 0.004489 3 0 PTP 57 57_59_64_287
16 0.004489 3 0 PTP 53 49_53_65_271
13 0.004489 2 53
12 0.004489 2 53 8
15 0.004489 3 0 PTP 53 53_55_64_288
13 0.004489 2 49
12 0.004489 2 49 8
15 0.004489 3 0 PTP 49 49_51_64_289
16 0.004489 3 0 PTP 45 41_45_65_272
13 0.004489 2 45
12 0.004489 2 45 8
15 0.004489 3 0 PTP 45 45_47_64_290
13 0.004489 2 41
12 0.004489 2 41 8
15 0.004489 3 0 PTP 41 41_43_64_291
16 0.004489 3 0 PTP 37 33_37_65_273
13 0.004489 2 37
12 0.004489 2 37 8
15 0.004489 3 0 PTP 37 37_39_64_292
13 0.004489 2 33
12 0.004489 2 33 8
15 0.004489 3 0 PTP 33 33_35_64_293
16 0.004489 3 0 PTP 29 25_29_65_274
13 0.004489 2 29
12 0.004489 2 29 8
15 0.004489 3 0 PTP 29 29_31_64_294
13 0.004489 2 25
12 0.004489 2 25 8
15 0.004489 3 0 PTP 25 25_27_64_295
16 0.004489 3 0 PTP 21 17_21_65_275
13 0.004489 2 21
12 0.004489 2 21 8
15 0.004489 3 0 PTP 21 21_23_64_296
13 0.004489 2 17
12 0.004489 2 17 8
15 0.004489 3 0 PTP 17 17_19_64_297
16 0.004489 3 0 PTP 13 9_13_65_276
13 0.004489 2 13
12 0.004489 2 13 8
15 0.004489 3 0 PTP 13 13_15_64_298
13 0.004489 2 9
12 0.004489 2 9 8
15 0.004489 3 0 PTP 9 9_11_64_299
16 0.004489 3 0 PTP 5 1_5_65_277
13 0.004489 2 5
12 0.004489 2 5 8
15 0.004489 3 0 PTP 5 5_7_64_300
13 0.004489 2 1
12 0.004489 2 1 8
15 0.004489 3 0 PTP 1 1_3_64_301
16 0.004489 3 0 PTP 125 121_125_65_278
13 0.004489 2 125
12 0.004489 2 125 8
15 0.004489 3 0 PTP 125 125_127_64_302
13 0.004489 2 121
12 0.004489 2 121 8
15 0.004489 3 0 PTP 121 121_123_64_303
16 0.004489 3 0 PTP 117 113_117_65_279
13 0.004489 2 117
12 0.004489 2 117 8
15 0.004489 3 0 PTP 117 117_119_64_304
13 0.004489 2 113
12 0.004489 2 113 8
15 0.004489 3 0 PTP 113 113_115_64_305
16 0.004489 3 0 PTP 109 105_109_65_280
13 0.004489 2 109
12 0.004489 2 109 8
15 0.004489 3 0 PTP 109 109_111_64_306
13 0.004489 2 105
12 0.004489 2 105 8
15 0.004489 3 0 PTP 105 105_107_64_307
16 0.004489 3 0 PTP 101 97_101_65_281
13 0.004489 2 101
12 0.004489 2 101 8
15 0.004489 3 0 PTP 101 101_103_64_308
13 0.004489 2 97
12 0.004489 2 97 8
15 0.004489 3 0 PTP 97 97_99_64_309
16 0.004489 3 0 PTP 93 89_93_65_282
13 0.004489 2 93
12 0.004489 2 93 8
15 0.004489 3 0 PTP 93 93_95_64_310
13 0.004489 2 89
12 0.004489 2 89 8
15 0.004489 3 0 PTP 89 89_91_64_311
16 0.004489 3 0 PTP 85 81_85_65_283
13 0.004489 2 85
12 0.004489 2 85 8
15 0.004489 3 0 PTP 85 85_87_64_312
13 0.004489 2 81
12 0.004489 2 81 8
15 0.004489 3 0 PTP 81 81_83_64_313
16 0.004489 3 0 PTP 77 73_77_65_284
13 0.004489 2 77
12 0.004489 2 77 8
15 0.004489 3 0 PTP 77 77_79_64_314
13 0.004489 2 73
12 0.004489 2 73 8
15 0.004489 3 0 PTP 73 73_75_64_315
16 0.004489 3 0 PTP 69 65_69_65_285
13 0.004489 2 69
12 0.004489 2 69 8
15 0.004489 3 0 PTP 69 69_71_64_316
13 0.004489 2 65
12 0.004489 2 65 8
15 0.004489 3 0 PTP 65 65_67_64_317
16 0.005384 3 0 PTP 63 61_63_64_286
13 0.005384 2 63
12 0.005384 2 63 8
15 0.005384 3 0 PTP 63 63_64_96_318
13 0.005384 2 61
12 0.005384 2 61 8
15 0.005384 3 0 PTP 61 61_62_96_319
16 0.005384 3 0 PTP 59 57_59_64_287
13 0.005384 2 59
12 0.005384 2 59 8
15 0.005384 3 0 PTP 59 59_60_96_320
13 0.005384 2 57
12 0.005384 2 57 8
15 0.005384 3 0 PTP 57 57_58_96_321
16 0.005384 3 0 PTP 55 53_55_64_288
13 0.005384 2 55
12 0.005384 2 55 8
15 0.005384 3 0 PTP 55 55_56_96_322
13 0.005384 2 53
12 0.005384 2 53 8
15 0.005384 3 0 PTP 53 53_54_96_323
16 0.005384 3 0 PTP 51 49_51_64_289
13 0.005384 2 51
12 0.005384 2 51 8
15 0.005384 3 0 PTP 51 51_52_96_324
13 0.005384 2 49
12 0.005384 2 49 8
15 0.005384 3 0 PTP 49 49_50_96_325
16 0.005384 3 0 PTP 47 45_47_64_290
13 0.005384 2 47
12 0.005384 2 47 8
15 0.005384 3 0 PTP 47 47_48_96_326
13 0.005384 2 45
12 0.005384 2 45 8
15 0.005384 3 0 PTP 45 45_46_96_327
16 0.005384 3 0 PTP 43 41_43_64_291
13 0.005384 2 43
12 0.005384 2 43 8
15 0.005384 3 0 PTP 43 43_44_96_328
13 0.005384 2 41
12 0.005384 2 41 8
15 0.005384 3 0 PTP 41 41_42_96_329
16 0.005384 3 0 PTP 39 37_39_64_292
13 0.005384 2 39
12 0.005384 2 39 8
15 0.005384 3 0 PTP 39 39_40_96_330
13 0.005384 2 37
12 0.005384 2 37 8
15 0.005384 3 0 PTP 37 37_38_96_331
16 0.005384 3 0 PTP 35 33_35_64_293
13 0.005384 2 35
12 0.005384 2 35 8
15 0.005384 3 0 PTP 35 35_36_96_332
13 0.005384 2 33
12 0.005384 2 33 8
15 0.005384 3 0 PTP 33 33_34_96_333
16 0.005384 3 0 PTP 31 29_31_64_294
13 0.005384 2 31
12 0.005384 2 31 8
15 0.005384 3 0 PTP 31 31_32_96_334
13 0.005384 2 29
12 0.005384 2 29 8
15 0.005384 3 0 PTP 29 29_30_96_335
16 0.005384 3 0 PTP 27 25_27_64_295
13 0.005384 2 27
12 0.005384 2 27 8
15 0.005384 3 0 PTP 27 27_28_96_336
13 0.005384 2 25
12 0.005384 2 25 8
15 0.005384 3 0 PTP 25 25_26_96_337
16 0.005384 3 0 PTP 23 21_23_64_296
13 0.005384 2 23
12 0.005384 2 23 8
15 0.005384 3 0 PTP 23 23_24_96_338
13 0.005384 2 21
12 0.005384 2 21 8
15 0.005384 3 0 PTP 21 21_22_96_339
16 0.005384 3 0 PTP 19 17_19_64_297
13 0.005384 2 19
12 0.005384 2 19 8
15 0.005384 3 0 PTP 19 19_20_96_340
13 0.005384 2 17
12 0.005384 2 17 8
15 0.005384 3 0 PTP 17 17_18_96_341
16 0.005384 3 0 PTP 15 13_15_64_298
13 0.005384 2 15
12 0.005384 2 15 8
15 0.005384 3 0 PTP 15 15_16_96_342
13 0.005384 2 13
12 0.005384 2 13 8
15 0.005384 3 0 PTP 13 13_14_96_343
16 0.005384 3 0 PTP 11 9_11_64_299
13 0.005384 2 11
12 0.005384 2 11 8
15 0.005384 3 0 PTP 11 11_12_96_344
13 0.005384 2 9
12 0.005384 2 9 8
15 0.005384 3 0 PTP 9 9_10_96_345
16 0.005384 3 0 PTP 7 5_7_64_300
13 0.005384 2 7
12 0.005384 2 7 8
15 0.005384 3 0 PTP 7 7_8_96_346
13 0.005384 2 5
12 0.005384 2 5 8
15 0.005384 3 0 PTP 5 5_6_96_347
16 0.005384 3 0 PTP 3 1_3_64_301
13 0.005384 2 3
12 0.005384 2 3 8
15 0.005384 3 0 PTP 3 3_4_96_348
13 0.005384 2 1
12 0.005384 2 1 8
15 0.005384 3 0 PTP 1 1_2_96_349
16 0.005384 3 0 PTP 127 125_127_64_302
13 0.005384 2 127
12 0.005384 2 127 8
15 0.005384 3 0 PTP 127 127_128_96_350
13 0.005384 2 125
12 0.005384 2 125 8
15 0.005384 3 0 PTP 125 125_126_96_351
16 0.005384 3 0 PTP 123 121_123_64_303
13 0.005384 2 123
12 0.005384 2 123 8
15 0.005384 3 0 PTP 123 123_124_96_352
13 0.005384 2 121
12 0.005384 2 121 8
15 0.005384 3 0 PTP 121 121_122_96_353
16 0.005384 3 0 PTP 119 117_119_64_304
13 0.005384 2 119
12 0.005384 2 119 8
15 0.005384 3 0 PTP 119 119_120_96_354
13 0.005384 2 117
12 0.005384 2 117 8
15 0.005384 3 0 PTP 117 117_118_96_355
16 0.005384 3 0 PTP 115 113_115_64_305
13 0.005384 2 115
12 0.005384 2 115 8
15 0.005384 3 0 PTP 115 115_116_96_356
13 0.005384 2 113
12 0.005384 2 113 8
15 0.005384 3 0 PTP 113 113_114_96_357
16 0.005384 3 0 PTP 111 109_111_64_306
13 0.005384 2 111
12 0.005384 2 111 8
15 0.005384 3 0 PTP 111 111_112_96_358
13 0.005384 2 109
12 0.005384 2 109 8
15 0.005384 3 0 PTP 109 109_110_96_359
16 0.005384 3 0 PTP 107 105_107_64_307
13 0.005384 2 107
12 0.005384 2 107 8
15 0.005384 3 0 PTP 107 107_108_96_360
13 0.005384 2 105
12 0.005384 2 105 8
15 0.005384 3 0 PTP 105 105_106_96_361
16 0.005384 3 0 PTP 103 101_103_64_308
13 0.005384 2 103
12 0.005384 2 103 8
15 0.005384 3 0 PTP 103 103_104_96_362
13 0.005384 2 101
12 0.005384 2 101 8
15 0.005384 3 0 PTP 101 101_102_96_363
16 0.005384 3 0 PTP 99 97_99_64_309
13 0.005384 2 99
12 0.005384 2 99 8
15 0.005384 3 0 PTP 99 99_100_96_364
13 0.005384 2 97
12 0.005384 2 97 8
15 0.005384 3 0 PTP 97 97_98_96_365
16 0.005384 3 0 PTP 95 93_95_64_310
13 0.005384 2 95
12 0.005384 2 95 8
15 0.005384 3 0 PTP 95 95_96_96_366
13 0.005384 2 93
12 0.005384 2 93 8
15 0.005384 3 0 PTP 93 93_94_96_367
16 0.005384 3 0 PTP 91 89_91_64_311
13 0.005384 2 91
12 0.005384 2 91 8
15 0.005384 3 0 PTP 91 91_92_96_368
13 0.005384 2 89
12 0.005384 2 89 8
15 0.005384 3 0 PTP 89 89_90_96_369
16 0.005384 3 0 PTP 87 85_87_64_312
13 0.005384 2 87
12 0.005384 2 87 8
15 0.005384 3 0 PTP 87 87_88_96_370
13 0.005384 2 85
12 0.005384 2 85 8
15 0.005384 3 0 PTP 85 85_86_96_371
16 0.005384 3 0 PTP 83 81_83_64_313
13 0.005384 2 83
12 0.005384 2 83 8
15 0.005384 3 0 PTP 83 83_84_96_372
13 0.005384 2 81
12 0.005384 2 81 8
15 0.005384 3 0 PTP 81 81_82_96_373
16 0.005384 3 0 PTP 79 77_79_64_314
13 0.005384 2 79
12 0.005384 2 79 8
15 0.005384 3 0 PTP 79 79_80_96_374
13 0.005384 2 77
12 0.005384 2 77 8
15 0.005384 3 0 PTP 77 77_78_96_375
16 0.005384 3 0 PTP 75 73_75_64_315
13 0.005384 2 75
12 0.005384 2 75 8
15 0.005384 3 0 PTP 75 75_76_96_376
13 0.005384 2 73
12 0.005384 2 73 8
15 0.005384 3 0 PTP 73 73_74_96_377
16 0.005384 3 0 PTP 71 69_71_64_316
13 0.005384 2 71
12 0.005384 2 71 8
15 0.005384 3 0 PTP 71 71_72_96_378
13 0.005384 2 69
12 0.005384 2 69 8
15 0.005384 3 0 PTP 69 69_70_96_379
16 0.005384 3 0 PTP 67 65_67_64_317
13 0.005384 2 67
12 0.005384 2 67 8
15 0.005384 3 0 PTP 67 67_68_96_380
13 0.005384 2 65
12 0.005384 2 65 8
15 0.005384 3 0 PTP 65 65_66_96_381
16 0.006278 3 0 PTP 64 63_64_96_318
13 0.006278 2 64
13 0.006278 2 63
16 0.006278 3 0 PTP 62 61_62_96_319
13 0.006278 2 62
13 0.006278 2 61
16 0.006278 3 0 PTP 60 59_60_96_320
13 0.006278 2 60
13 0.006278 2 59
16 0.006278 3 0 PTP 58 57_58_96_321
13 0.006278 2 58
13 0.006278 2 57
16 0.006278 3 0 PTP 56 55_56_96_322
13 0.006278 2 56
13 0.006278 2 55
16 0.006278 3 0 PTP 54 53_54_96_323
13 0.006278 2 54
13 0.006278 2 53
16 0.006278 3 0 PTP 52 51_52_96_324
13 0.006278 2 52
13 0.006278 2 51
16 0.006278 3 0 PTP 50 49_50_96_325
13 0.006278 2 50
13 0.006278 2 49
16 0.006278 3 0 PTP 48 47_48_96_326
13 0.006278 2 48
13 0.006278 2 47
16 0.006278 3 0 PTP 46 45_46_96_327
13 0.006278 2 46
13 0.006278 2 45
16 0.006278 3 0 PTP 44 43_44_96_328
13 0.006278 2 44
13 0.006278 2 43
16 0.006278 3 0 PTP 42 41_42_96_329
13 0.006278 2 42
13 0.006278 2 41
16 0.006278 3 0 PTP 40 39_40_96_330
13 0.006278 2 40
13 0.006278 2 39
16 0.006278 3 0 PTP 38 37_38_96_331
13 0.006278 2 38
13 0.006278 2 37
16 0.006278 3 0 PTP 36 35_36_96_332
13 0.006278 2 36
13 0.006278 2 35
16 0.006278 3 0 PTP 34 33_34_96_333
13 0.006278 2 34
13 0.006278 2 33
16 0.006278 3 0 PTP 32 31_32_96_334
13 0.006278 2 32
13 0.006278 2 31
16 0.006278 3 0 PTP 30 29_30_96_335
13 0.006278 2 30
13 0.006278 2 29
16 0.006278 3 0 PTP 28 27_28_96_336
13 0.006278 2 28
13 0.006278 2 27
16 0.006278 3 0 PTP 26 25_26_96_337
13 0.006278 2 26
13 0.006278 2 25
16 0.006278 3 0 PTP 24 23_24_96_338
13 0.006278 2 24
13 0.006278 2 23
16 0.006278 3 0 PTP 22 21_22_96_339
13 0.006278 2 22
13 0.006278 2 21
16 0.006278 3 0 PTP 20 19_20_96_340
13 0.006278 2 20
13 0.006278 2 19
16 0.006278 3 0 PTP 18 17_18_96_341
13 0.006278 2 18
13 0.006278 2 17
16 0.006278 3 0 PTP 16 15_16_96_342
13 0.006278 2 16
13 0.006278 2 15
16 0.006278 3 0 PTP 14 13_14_96_343
13 0.006278 2 14
13 0.006278 2 13
16 0.006278 3 0 PTP 12 11_12_96_344
13 0.006278 2 12
13 0.006278 2 11
16 0.006278 3 0 PTP 10 9_10_96_345
13 0.006278 2 10
13 0.006278 2 9
16 0.006278 3 0 PTP 8 7_8_96_346
13 0.006278 2 8
13 0.006278 2 7
16 0.006278 3 0 PTP 6 5_6_96_347
13 0.006278 2 6
13 0.006278 2 5
16 0.006278 3 0 PTP 4 3_4_96_348
13 0.006278 2 4
13 0.006278 2 3
16 0.006278 3 0 PTP 2 1_2_96_349
13 0.006278 2 2
13 0.006278 2 1
16 0.006278 3 0 PTP 128 127_128_96_350
13 0.006278 2 128
13 0.006278 2 127
16 0.006278 3 0 PTP 126 125_126_96_351
13 0.006278 2 126
13 0.006278 2 125
16 0.006278 3 0 PTP 124 123_124_96_352
13 0.006278 2 124
13 0.006278 2 123
16 0.006278 3 0 PTP 122 121_122_96_353
13 0.006278 2 122
13 0.006278 2 121
16 0.006278 3 0 PTP 120 119_120_96_354
13 0.006278 2 120
13 0.006278 2 119
16 0.006278 3 0 PTP 118 117_118_96_355
13 0.006278 2 118
13 0.006278 2 117
16 0.006278 3 0 PTP 116 115_116_96_356
13 0.006278 2 116
13 0.006278 2 115
16 0.006278 3 0 PTP 114 113_114_96_357
13 0.006278 2 114
13 0.006278 2 113
16 0.006278 3 0 PTP 112 111_112_96_358
13 0.006278 2 112
13 0.006278 2 111
16 0.006278 3 0 PTP 110 109_110_96_359
13 0.006278 2 110
13 0.006278 2 109
16 0.006278 3 0 PTP 108 107_108_96_360
13 0.006278 2 108
13 0.006278 2 107
16 0.006278 3 0 PTP 106 105_106_96_361
13 0.006278 2 106
13 0.006278 2 105
16 0.006278 3 0 PTP 104 103_104_96_362
13 0.006278 2 104
13 0.006278 2 103
16 0.006278 3 0 PTP 102 101_102_96_363
13 0.006278 2 102
13 0.006278 2 101
16 0.006278 3 0 PTP 100 99_100_96_364
13 0.006278 2 100
13 0.006278 2 99
16 0.006278 3 0 PTP 98 97_98_96_365
13 0.006278 2 98
13 0.006278 2 97
16 0.006278 3 0 PTP 96 95_96_96_366
13 0.006278 2 96
13 0.006278 2 95
16 0.006278 3 0 PTP 94 93_94_96_367
13 0.006278 2 94
13 0.006278 2 93
16 0.006278 3 0 PTP 92 91_92_96_368
13 0.006278 2 92
13 0.006278 2 91
16 0.006278 3 0 PTP 90 89_90_96_369
13 0.006278 2 90
13 0.006278 2 89
16 0.006278 3 0 PTP 88 87_88_96_370
13 0.006278 2 88
13 0.006278 2 87
16 0.006278 3 0 PTP 86 85_86_96_371
13 0.006278 2 86
13 0.006278 2 85
16 0.006278 3 0 PTP 84 83_84_96_372
13 0.006278 2 84
13 0.006278 2 83
16 0.006278 3 0 PTP 82 81_82_96_373
13 0.006278 2 82
13 0.006278 2 81
16 0.006278 3 0 PTP 80 79_80_96_374
13 0.006278 2 80
13 0.006278 2 79
16 0.006278 3 0 PTP 78 77_78_96_375
13 0.006278 2 78
13 0.006278 2 77
16 0.006278 3 0 PTP 76 75_76_96_376
13 0.006278 2 76
13 0.006278 2 75
16 0.006278 3 0 PTP 74 73_74_96_377
13 0.006278 2 74
13 0.006278 2 73
16 0.006278 3 0 PTP 72 71_72_96_378
13 0.006278 2 72
13 0.006278 2 71
16 0.006278 3 0 PTP 70 69_70_96_379
13 0.006278 2 70
13 0.006278 2 69
16 0.006278 3 0 PTP 68 67_68_96_380
13 0.006278 2 68
13 0.006278 2 67
16 0.006278 3 0 PTP 66 65_66_96_381
13 0.006278 2 66
13 0.006278 2 65
12 0.006278 2 65 10
15 0.006278 3 0 PTP 65 65_1_-112_382
12 0.006278 2 66 10
15 0.006278 3 0 PTP 66 66_1_-112_383
12 0.006278 2 67 10
15 0.006278 3 0 PTP 67 67_1_-112_384
12 0.006278 2 68 10
15 0.006278 3 0 PTP 68 68_1_-112_385
12 0.006278 2 69 10
15 0.006278 3 0 PTP 69 69_1_-112_386
12 0.006278 2 70 10
15 0.006278 3 0 PTP 70 70_1_-112_387
12 0.006278 2 71 10
15 0.006278 3 0 PTP 71 71_1_-112_388
12 0.006278 2 72 10
15 0.006278 3 0 PTP 72 72_1_-112_389
12 0.006278 2 73 10
15 0.006278 3 0 PTP 73 73_1_-112_390
12 0.006278 2 74 10
15 0.006278 3 0 PTP 74 74_1_-112_391
12 0.006278 2 75 10
15 0.006278 3 0 PTP 75 75_1_-112_392
12 0.006278 2 76 10
15 0.006278 3 0 PTP 76 76_1_-112_393
12 0.006278 2 77 10
15 0.006278 3 0 PTP 77 77_1_-112_394
12 0.006278 2 78 10
15 0.006278 3 0 PTP 78 78_1_-112_395
12 0.006278 2 79 10
15 0.006278 3 0 PTP 79 79_1_-112_396
12 0.006278 2 80 10
15 0.006278 3 0 PTP 80 80_1_-112_397
12 0.006278 2 81 10
15 0.006278 3 0 PTP 81 81_1_-112_398
12 0.006278 2 82 10
15 0.006278 3 0 PTP 82 82_1_-112_399
12 0.006278 2 83 10
15 0.006278 3 0 PTP 83 83_1_-112_400
12 0.006278 2 84 10
15 0.006278 3 0 PTP 84 84_1_-112_401
12 0.006278 2 85 10
15 0.006278 3 0 PTP 85 85_1_-112_402
12 0.006278 2 86 10
15 0.006278 3 0 PTP 86 86_1_-112_403
12 0.006278 2 87 10
15 0.006278 3 0 PTP 87 87_1_-112_404
12 0.006278 2 88 10
15 0.006278 3 0 PTP 88 88_1_-112_405
12 0.006278 2 89 10
15 0.006278 3 0 PTP 89 89_1_-112_406
12 0.006278 2 90 10
15 0.006278 3 0 PTP 90 90_1_-112_407
12 0.006278 2 91 10
15 0.006278 3 0 PTP 91 91_1_-112_408
12 0.006278 2 92 10
15 0.006278 3 0 PTP 92 92_1_-112_409
12 0.006278 2 93 10
15 0.006278 3 0 PTP 93 93_1_-112_410
12 0.006278 2 94 10
15 0.006278 3 0 PTP 94 94_1_-112_411
12 0.006278 2 95 10
15 0.006278 3 0 PTP 95 95_1_-112_412
12 0.006278 2 96 10
15 0.006278 3 0 PTP 96 96_1_-112_413
12 0.006278 2 97 10
15 0.006278 3 0 PTP 97 97_1_-112_414
12 0.006278 2 98 10
15 0.006278 3 0 PTP 98 98_1_-112_415
12 0.006278 2 99 10
15 0.006278 3 0 PTP 99 99_1_-112_416
12 0.006278 2 100 10
15 0.006278 3 0 PTP 100 100_1_-112_417
12 0.006278 2 101 10
15 0.006278 3 0 PTP 101 101_1_-112_418
12 0.006278 2 102 10
15 0.006278 3 0 PTP 102 102_1_-112_419
12 0.006278 2 103 10
15 0.006278 3 0 PTP 103 103_1_-112_420
12 0.006278 2 104 10
15 0.006278 3 0 PTP 104 104_1_-112_421
12 0.006278 2 105 10
15 0.006278 3 0 PTP 105 105_1_-112_422
12 0.006278 2 106 10
15 0.006278 3 0 PTP 106 106_1_-112_423
12 0.006278 2 107 10
15 0.006278 3 0 PTP 107 107_1_-112_424
12 0.006278 2 108 10
15 0.006278 3 0 PTP 108 108_1_-112_425
12 0.006278 2 109 10
15 0.006278 3 0 PTP 109 109_1_-112_426
12 0.006278 2 110 10
15 0.006278 3 0 PTP 110 110_1_-112_427
12 0.006278 2 111 10
15 0.006278 3 0 PTP 111 111_1_-112_428
12 0.006278 2 112 10
15 0.006278 3 0 PTP 112 112_1_-112_429
12 0.006278 2 113 10
15 0.006278 3 0 PTP 113 113_1_-112_430
12 0.006278 2 114 10
15 0.006278 3 0 PTP 114 114_1_-112_431
12 0.006278 2 115 10
15 0.006278 3 0 PTP 115 115_1_-112_432
12 0.006278 2 116 10
15 0.006278 3 0 PTP 116 116_1_-112_433
12 0.006278 2 117 10
15 0.006278 3 0 PTP 117 117_1_-112_434
12 0.006278 2 118 10
15 0.006278 3 0 PTP 118 118_1_-112_435
12 0.006278 2 119 10
15 0.006278 3 0 PTP 119 119_1_-112_436
12 0.006278 2 120 10
15 0.006278 3 0 PTP 120 120_1_-112_437
12 0.006278 2 121 10
15 0.006278 3 0 PTP 121 121_1_-112_438
12 0.006278 2 122 10
15 0.006278 3 0 PTP 122 122_1_-112_439
12 0.006278 2 123 10
15 0.006278 3 0 PTP 123 123_1_-112_440
12 0.006278 2 124 10
15 0.006278 3 0 PTP 124 124_1_-112_441
12 0.006278 2 125 10
15 0.006278 3 0 PTP 125 125_1_-112_442
12 0.006278 2 126 10
15 0.006278 3 0 PTP 126 126_1_-112_443
12 0.006278 2 127 10
15 0.006278 3 0 PTP 127 127_1_-112_444
12 0.006278 2 128 10
15 0.006278 3 0 PTP 128 128_1_-112_445
12 0.006278 2 1 10
12 0.006278 2 2 10
15 0.006278 3 0 PTP 2 2_1_-112_446
12 0.006278 2 3 10
15 0.006278 3 0 PTP 3 3_1_-112_447
12 0.006278 2 4 10
15 0.006278 3 0 PTP 4 4_1_-112_448
12 0.006278 2 5 10
15 0.006278 3 0 PTP 5 5_1_-112_449
12 0.006278 2 6 10
15 0.006278 3 0 PTP 6 6_1_-112_450
12 0.006278 2 7 10
15 0.006278 3 0 PTP 7 7_1_-112_451
12 0.006278 2 8 10
15 0.006278 3 0 PTP 8 8_1_-112_452
12 0.006278 2 9 10
15 0.006278 3 0 PTP 9 9_1_-112_453
12 0.006278 2 10 10
15 0.006278 3 0 PTP 10 10_1_-112_454
12 0.006278 2 11 10
15 0.006278 3 0 PTP 11 11_1_-112_455
12 0.006278 2 12 10
15 0.006278 3 0 PTP 12 12_1_-112_456
12 0.006278 2 13 10
15 0.006278 3 0 PTP 13 13_1_-112_457
12 0.006278 2 14 10
15 0.006278 3 0 PTP 14 14_1_-112_458
12 0.006278 2 15 10
15 0.006278 3 0 PTP 15 15_1_-112_459
12 0.006278 2 16 10
15 0.006278 3 0 PTP 16 16_1_-112_460
12 0.006278 2 17 10
15 0.006278 3 0 PTP 17 17_1_-112_461
12 0.006278 2 18 10
15 0.006278 3 0 PTP 18 18_1_-112_462
12 0.006278 2 19 10
15 0.006278 3 0 PTP 19 19_1_-112_463
12 0.006278 2 20 10
15 0.006278 3 0 PTP 20 20_1_-112_464
12 0.006278 2 21 10
15 0.006278 3 0 PTP 21 21_1_-112_465
12 0.006278 2 22 10
15 0.006278 3 0 PTP 22 22_1_-112_466
12 0.006278 2 23 10
15 0.006278 3 0 PTP 23 23_1_-112_467
12 0.006278 2 24 10
15 0.006278 3 0 PTP 24 24_1_-112_468
12 0.006278 2 25 10
15 0.006278 3 0 PTP 25 25_1_-112_469
12 0.006278 2 26 10
15 0.006278 3 0 PTP 26 26_1_-112_470
12 0.006278 2 27 10
15 0.006278 3 0 PTP 27 27_1_-112_471
12 0.006278 2 28 10
15 0.006278 3 0 PTP 28 28_1_-112_472
12 0.006278 2 29 10
15 0.006278 3 0 PTP 29 29_1_-112_473
12 0.006278 2 30 10
15 0.006278 3 0 PTP 30 30_1_-112_474
12 0.006278 2 31 10
15 0.006278 3 0 PTP 31 31_1_-112_475
12 0.006278 2 32 10
15 0.006278 3 0 PTP 32 32_1_-112_476
12 0.006278 2 33 10
15 0.006278 3 0 PTP 33 33_1_-112_477
12 0.006278 2 34 10
15 0.006278 3 0 PTP 34 34_1_-112_478
12 0.006278 2 35 10
15 0.006278 3 0 PTP 35 35_1_-112_479
12 0.006278 2 36 10
15 0.006278 3 0 PTP 36 36_1_-112_480
12 0.006278 2 37 10
15 0.006278 3 0 PTP 37 37_1_-112_481
12 0.006278 2 38 10
15 0.006278 3 0 PTP 38 38_1_-112_482
12 0.006278 2 39 10
15 0.006278 3 0 PTP 39 39_1_-112_483
12 0.006278 2 40 10
15 0.006278 3 0 PTP 40 40_1_-112_484
12 0.006278 2 41 10
15 0.006278 3 0 PTP 41 41_1_-112_485
12 0.006278 2 42 10
15 0.006278 3 0 PTP 42 42_1_-112_486
12 0.006278 2 43 10
15 0.006278 3 0 PTP 43 43_1_-112_487
12 0.006278 2 44 10
15 0.006278 3 0 PTP 44 44_1_-112_488
12 0.006278 2 45 10
15 0.006278 3 0 PTP 45 45_1_-112_489
12 0.006278 2 46 10
15 0.006278 3 0 PTP 46 46_1_-112_490
12 0.006278 2 47 10
15 0.006278 3 0 PTP 47 47_1_-112_491
12 0.006278 2 48 10
15 0.006278 3 0 PTP 48 48_1_-112_492
12 0.006278 2 49 10
15 0.006278 3 0 PTP 49 49_1_-112_493
12 0.006278 2 50 10
15 0.006278 3 0 PTP 50 50_1_-112_494
12 0.006278 2 51 10
15 0.006278 3 0 PTP 51 51_1_-112_495
12 0.006278 2 52 10
15 0.006278 3 0 PTP 52 52_1_-112_496
12 0.006278 2 53 10
15 0.006278 3 0 PTP 53 53_1_-112_497
12 0.006278 2 54 10
15 0.006278 3 0 PTP 54 54_1_-112_498
12 0.006278 2 55 10
15 0.006278 3 0 PTP 55 55_1_-112_499
12 0.006278 2 56 10
15 0.006278 3 0 PTP 56 56_1_-112_500
12 0.006278 2 57 10
15 0.006278 3 0 PTP 57 57_1_-112_501
12 0.006278 2 58 10
15 0.006278 3 0 PTP 58 58_1_-112_502
12 0.006278 2 59 10
15 0.006278 3 0 PTP 59 59_1_-112_503
12 0.006278 2 60 10
15 0.006278 3 0 PTP 60 60_1_-112_504
12 0.006278 2 61 10
15 0.006278 3 0 PTP 61 61_1_-112_505
12 0.006278 2 62 10
15 0.006278 3 0 PTP 62 62_1_-112_506
12 0.006278 2 63 10
15 0.006278 3 0 PTP 63 63_1_-112_507
12 0.006278 2 64 10
15 0.006278 3 0 PTP 64 64_1_-112_508
13 0.006278 2 65
12 0.006278 2 65 10
15 0.006278 3 0 PTP 65 65_1_-112_509
13 0.006278 2 66
12 0.006278 2 66 10
15 0.006278 3 0 PTP 66 66_1_-112_510
13 0.006278 2 67
12 0.006278 2 67 10
15 0.006278 3 0 PTP 67 67_1_-112_511
13 0.006278 2 68
12 0.006278 2 68 10
15 0.006278 3 0 PTP 68 68_1_-112_512
13 0.006278 2 69
12 0.006278 2 69 10
15 0.006278 3 0 PTP 69 69_1_-112_513
13 0.006278 2 70
12 0.006278 2 70 10
15 0.006278 3 0 PTP 70 70_1_-112_514
13 0.006278 2 71
12 0.006278 2 71 10
15 0.006278 3 0 PTP 71 71_1_-112_515
13 0.006278 2 72
12 0.006278 2 72 10
15 0.006278 3 0 PTP 72 72_1_-112_516
13 0.006278 2 73
12 0.006278 2 73 10
15 0.006278 3 0 PTP 73 73_1_-112_517
13 0.006278 2 74
12 0.006278 2 74 10
15 0.006278 3 0 PTP 74 74_1_-112_518
13 0.006278 2 75
12 0.006278 2 75 10
15 0.006278 3 0 PTP 75 75_1_-112_519
13 0.006278 2 76
12 0.006278 2 76 10
15 0.006278 3 0 PTP 76 76_1_-112_520
13 0.006278 2 77
12 0.006278 2 77 10
15 0.006278 3 0 PTP 77 77_1_-112_521
13 0.006278 2 78
12 0.006278 2 78 10
15 0.006278 3 0 PTP 78 78_1_-112_522
13 0.006278 2 79
12 0.006278 2 79 10
15 0.006278 3 0 PTP 79 79_1_-112_523
13 0.006278 2 80
12 0.006278 2 80 10
15 0.006278 3 0 PTP 80 80_1_-112_524
13 0.006278 2 81
12 0.006278 2 81 10
15 0.006278 3 0 PTP 81 81_1_-112_525
13 0.006278 2 82
12 0.006278 2 82 10
15 0.006278 3 0 PTP 82 82_1_-112_526
13 0.006278 2 83
12 0.006278 2 83 10
15 0.006278 3 0 PTP 83 83_1_-112_527
13 0.006278 2 84
12 0.006278 2 84 10
15 0.006278 3 0 PTP 84 84_1_-112_528
13 0.006278 2 85
12 0.006278 2 85 10
15 0.006278 3 0 PTP 85 85_1_-112_529
13 0.006278 2 86
12 0.006278 2 86 10
15 0.006278 3 0 PTP 86 86_1_-112_530
13 0.006278 2 87
12 0.006278 2 87 10
15 0.006278 3 0 PTP 87 87_1_-112_531
13 0.006278 2 88
12 0.006278 2 88 10
15 0.006278 3 0 PTP 88 88_1_-112_532
13 0.006278 2 89
12 0.006278 2 89 10
15 0.006278 3 0 PTP 89 89_1_-112_533
13 0.006278 2 90
12 0.006278 2 90 10
15 0.006278 3 0 PTP 90 90_1_-112_534
13 0.006278 2 91
12 0.006278 2 91 10
15 0.006278 3 0 PTP 91 91_1_-112_535
13 0.006278 2 92
12 0.006278 2 92 10
15 0.006278 3 0 PTP 92 92_1_-112_536
13 0.006278 2 93
12 0.006278 2 93 10
15 0.006278 3 0 PTP 93 93_1_-112_537
13 0.006278 2 94
12 0.006278 2 94 10
15 0.006278 3 0 PTP 94 94_1_-112_538
13 0.006278 2 95
12 0.006278 2 95 10
15 0.006278 3 0 PTP 95 95_1_-112_539
13 0.006278 2 96
12 0.006278 2 96 10
15 0.006278 3 0 PTP 96 96_1_-112_540
13 0.006278 2 97
12 0.006278 2 97 10
15 0.006278 3 0 PTP 97 97_1_-112_541
13 0.006278 2 98
12 0.006278 2 98 10
15 0.006278 3 0 PTP 98 98_1_-112_542
13 0.006278 2 99
12 0.006278 2 99 10
15 0.006278 3 0 PTP 99 99_1_-112_543
13 0.006278 2 100
12 0.006278 2 100 10
15 0.006278 3 0 PTP 100 100_1_-112_544
13 0.006278 2 101
12 0.006278 2 101 10
15 0.006278 3 0 PTP 101 101_1_-112_545
13 0.006278 2 102
12 0.006278 2 102 10
15 0.006278 3 0 PTP 102 102_1_-112_546
13 0.006278 2 103
12 0.006278 2 103 10
15 0.006278 3 0 PTP 103 103_1_-112_547
13 0.006278 2 104
12 0.006278 2 104 10
15 0.006278 3 0 PTP 104 104_1_-112_548
13 0.006278 2 105
12 0.006278 2 105 10
15 0.006278 3 0 PTP 105 105_1_-112_549
13 0.006278 2 106
12 0.006278 2 106 10
15 0.006278 3 0 PTP 106 106_1_-112_550
13 0.006278 2 107
12 0.006278 2 107 10
15 0.006278 3 0 PTP 107 107_1_-112_551
13 0.006278 2 108
12 0.006278 2 108 10
15 0.006278 3 0 PTP 108 108_1_-112_552
13 0.006278 2 109
12 0.006278 2 109 10
15 0.006278 3 0 PTP 109 109_1_-112_553
13 0.006278 2 110
12 0.006278 2 110 10
15 0.006278 3 0 PTP 110 110_1_-112_554
13 0.006278 2 111
12 0.006278 2 111 10
15 0.006278 3 0 PTP 111 111_1_-112_555
13 0.006278 2 112
12 0.006278 2 112 10
15 0.006278 3 0 PTP 112 112_1_-112_556
13 0.006278 2 113
12 0.006278 2 113 10
15 0.006278 3 0 PTP 113 113_1_-112_557
13 0.006278 2 114
12 0.006278 2 114 10
15 0.006278 3 0 PTP 114 114_1_-112_558
13 0.006278 2 115
12 0.006278 2 115 10
15 0.006278 3 0 PTP 115 115_1_-112_559
13 0.006278 2 116
12 0.006278 2 116 10
15 0.006278 3 0 PTP 116 116_1_-112_560
13 0.006278 2 117
12 0.006278 2 117 10
15 0.006278 3 0 PTP 117 117_1_-112_561
13 0.006278 2 118
12 0.006278 2 118 10
15 0.006278 3 0 PTP 118 118_1_-112_562
13 0.006278 2 119
12 0.006278 2 119 10
15 0.006278 3 0 PTP 119 119_1_-112_563
13 0.006278 2 120
12 0.006278 2 120 10
15 0.006278 3 0 PTP 120 120_1_-112_564
13 0.006278 2 121
12 0.006278 2 121 10
15 0.006278 3 0 PTP 121 121_1_-112_565
13 0.006278 2 122
12 0.006278 2 122 10
15 0.006278 3 0 PTP 122 122_1_-112_566
13 0.006278 2 123
12 0.006278 2 123 10
15 0.006278 3 0 PTP 123 123_1_-112_567
13 0.006278 2 124
12 0.006278 2 124 10
15 0.006278 3 0 PTP 124 124_1_-112_568
13 0.006278 2 125
12 0.006278 2 125 10
15 0.006278 3 0 PTP 125 125_1_-112_569
13 0.006278 2 126
12 0.006278 2 126 10
15 0.006278 3 0 PTP 126 126_1_-112_570
13 0.006278 2 127
12 0.006278 2 127 10
15 0.006278 3 0 PTP 127 127_1_-112_571
13 0.006278 2 128
12 0.006278 2 128 10
15 0.006278 3 0 PTP 128 128_1_-112_572
13 0.006278 2 2
12 0.006278 2 2 10
15 0.006278 3 0 PTP 2 2_1_-112_573
13 0.006278 2 3
12 0.006278 2 3 10
15 0.006278 3 0 PTP 3 3_1_-112_574
13 0.006278 2 4
12 0.006278 2 4 10
15 0.006278 3 0 PTP 4 4_1_-112_575
13 0.006278 2 5
12 0.006278 2 5 10
15 0.006278 3 0 PTP 5 5_1_-112_576
13 0.006278 2 6
12 0.006278 2 6 10
15 0.006278 3 0 PTP 6 6_1_-112_577
13 0.006278 2 7
12 0.006278 2 7 10
15 0.006278 3 0 PTP 7 7_1_-112_578
13 0.006278 2 8
12 0.006278 2 8 10
15 0.006278 3 0 PTP 8 8_1_-112_579
13 0.006278 2 9
12 0.006278 2 9 10
15 0.006278 3 0 PTP 9 9_1_-112_580
13 0.006278 2 10
12 0.006278 2 10 10
15 0.006278 3 0 PTP 10 10_1_-112_581
13 0.006278 2 11
12 0.006278 2 11 10
15 0.006278 3 0 PTP 11 11_1_-112_582
13 0.006278 2 12
12 0.006278 2 12 10
15 0.006278 3 0 PTP 12 12_1_-112_583
13 0.006278 2 13
12 0.006278 2 13 10
15 0.006278 3 0 PTP 13 13_1_-112_584
13 0.006278 2 14
12 0.006278 2 14 10
15 0.006278 3 0 PTP 14 14_1_-112_585
13 0.006278 2 15
12 0.006278 2 15 10
15 0.006278 3 0 PTP 15 15_1_-112_586
13 0.006278 2 16
12 0.006278 2 16 10
15 0.006278 3 0 PTP 16 16_1_-112_587
13 0.006278 2 17
12 0.006278 2 17 10
15 0.006278 3 0 PTP 17 17_1_-112_588
13 0.006278 2 18
12 0.006278 2 18 10
15 0.006278 3 0 PTP 18 18_1_-112_589
13 0.006278 2 19
12 0.006278 2 19 10
15 0.006278 3 0 PTP 19 19_1_-112_590
13 0.006278 2 20
12 0.006278 2 20 10
15 0.006278 3 0 PTP 20 20_1_-112_591
13 0.006278 2 21
12 0.006278 2 21 10
15 0.006278 3 0 PTP 21 21_1_-112_592
13 0.006278 2 22
12 0.006278 2 22 10
15 0.006278 3 0 PTP 22 22_1_-112_593
13 0.006278 2 23
12 0.006278 2 23 10
15 0.006278 3 0 PTP 23 23_1_-112_594
13 0.006278 2 24
12 0.006278 2 24 10
15 0.006278 3 0 PTP 24 24_1_-112_595
13 0.006278 2 25
12 0.006278 2 25 10
15 0.006278 3 0 PTP 25 25_1_-112_596
13 0.006278 2 26
12 0.006278 2 26 10
15 0.006278 3 0 PTP 26 26_1_-112_597
13 0.006278 2 27
12 0.006278 2 27 10
15 0.006278 3 0 PTP 27 27_1_-112_598
13 0.006278 2 28
12 0.006278 2 28 10
15 0.006278 3 0 PTP 28 28_1_-112_599
13 0.006278 2 29
12 0.006278 2 29 10
15 0.006278 3 0 PTP 29 29_1_-112_600
13 0.006278 2 30
12 0.006278 2 30 10
15 0.006278 3 0 PTP 30 30_1_-112_601
13 0.006278 2 31
12 0.006278 2 31 10
15 0.006278 3 0 PTP 31 31_1_-112_602
13 0.006278 2 32
12 0.006278 2 32 10
15 0.006278 3 0 PTP 32 32_1_-112_603
13 0.006278 2 33
12 0.006278 2 33 10
15 0.006278 3 0 PTP 33 33_1_-112_604
13 0.006278 2 34
12 0.006278 2 34 10
15 0.006278 3 0 PTP 34 34_1_-112_605
13 0.006278 2 35
12 0.006278 2 35 10
15 0.006278 3 0 PTP 35 35_1_-112_606
13 0.006278 2 36
12 0.006278 2 36 10
15 0.006278 3 0 PTP 36 36_1_-112_607
13 0.006278 2 37
12 0.006278 2 37 10
15 0.006278 3 0 PTP 37 37_1_-112_608
13 0.006278 2 38
12 0.006278 2 38 10
15 0.006278 3 0 PTP 38 38_1_-112_609
13 0.006278 2 39
12 0.006278 2 39 10
15 0.006278 3 0 PTP 39 39_1_-112_610
13 0.006278 2 40
12 0.006278 2 40 10
15 0.006278 3 0 PTP 40 40_1_-112_611
13 0.006278 2 41
12 0.006278 2 41 10
15 0.006278 3 0 PTP 41 41_1_-112_612
13 0.006278 2 42
12 0.006278 2 42 10
15 0.006278 3 0 PTP 42 42_1_-112_613
13 0.006278 2 43
12 0.006278 2 43 10
15 0.006278 3 0 PTP 43 43_1_-112_614
13 0.006278 2 44
12 0.006278 2 44 10
15 0.006278 3 0 PTP 44 44_1_-112_615
13 0.006278 2 45
12 0.006278 2 45 10
15 0.006278 3 0 PTP 45 45_1_-112_616
13 0.006278 2 46
12 0.006278 2 46 10
15 0.006278 3 0 PTP 46 46_1_-112_617
13 0.006278 2 47
12 0.006278 2 47 10
15 0.006278 3 0 PTP 47 47_1_-112_618
13 0.006278 2 48
12 0.006278 2 48 10
15 0.006278 3 0 PTP 48 48_1_-112_619
13 0.006278 2 49
12 0.006278 2 49 10
15 0.006278 3 0 PTP 49 49_1_-112_620
13 0.006278 2 50
12 0.006278 2 50 10
15 0.006278 3 0 PTP 50 50_1_-112_621
13 0.006278 2 51
12 0.006278 2 51 10
15 0.006278 3 0 PTP 51 51_1_-112_622
13 0.006278 2 52
12 0.006278 2 52 10
15 0.006278 3 0 PTP 52 52_1_-112_623
13 0.006278 2 53
12 0.006278 2 53 10
15 0.006278 3 0 PTP 53 53_1_-112_624
13 0.006278 2 54
12 0.006278 2 54 10
15 0.006278 3 0 PTP 54 54_1_-112_625
13 0.006278 2 55
12 0.006278 2 55 10
15 0.006278 3 0 PTP 55 55_1_-112_626
13 0.006278 2 56
12 0.006278 2 56 10
15 0.006278 3 0 PTP 56 56_1_-112_627
13 0.006278 2 57
12 0.006278 2 57 10
15 0.006278 3 0 PTP 57 57_1_-112_628
13 0.006278 2 58
12 0.006278 2 58 10
15 0.006278 3 0 PTP 58 58_1_-112_629
13 0.006278 2 59
12 0.006278 2 59 10
15 0.006278 3 0 PTP 59 59_1_-112_630
13 0.006278 2 60
12 0.006278 2 60 10
15 0.006278 3 0 PTP 60 60_1_-112_631
13 0.006278 2 61
12 0.006278 2 61 10
15 0.006278 3 0 PTP 61 61_1_-112_632
13 0.006278 2 62
12 0.006278 2 62 10
15 0.006278 3 0 PTP 62 62_1_-112_633
13 0.006278 2 63
12 0.006278 2 63 10
15 0.006278 3 0 PTP 63 63_1_-112_634
13 0.006278 2 64
12 0.006278 2 64 10
15 0.006278 3 0 PTP 64 64_1_-112_635
13 0.006278 2 65
12 0.006278 2 65 7
15 0.006278 3 0 PTP 65 65_1_-778_636
13 0.006278 2 66
12 0.006278 2 66 7
15 0.006278 3 0 PTP 66 66_1_-778_637
13 0.006278 2 67
12 0.006278 2 67 7
15 0.006278 3 0 PTP 67 67_1_-778_638
13 0.006278 2 68
12 0.006278 2 68 7
15 0.006278 3 0 PTP 68 68_1_-778_639
13 0.006278 2 69
12 0.006278 2 69 7
15 0.006278 3 0 PTP 69 69_1_-778_640
13 0.006278 2 70
12 0.006278 2 70 7
15 0.006278 3 0 PTP 70 70_1_-778_641
13 0.006278 2 71
12 0.006278 2 71 7
15 0.006278 3 0 PTP 71 71_1_-778_642
13 0.006278 2 72
12 0.006278 2 72 7
15 0.006278 3 0 PTP 72 72_1_-778_643
13 0.006278 2 73
12 0.006278 2 73 7
15 0.006278 3 0 PTP 73 73_1_-778_644
13 0.006278 2 74
12 0.006278 2 74 7
15 0.006278 3 0 PTP 74 74_1_-778_645
13 0.006278 2 75
12 0.006278 2 75 7
15 0.006278 3 0 PTP 75 75_1_-778_646
13 0.006278 2 76
12 0.006278 2 76 7
15 0.006278 3 0 PTP 76 76_1_-778_647
13 0.006278 2 77
12 0.006278 2 77 7
15 0.006278 3 0 PTP 77 77_1_-778_648
13 0.006278 2 78
12 0.006278 2 78 7
15 0.006278 3 0 PTP 78 78_1_-778_649
13 0.006278 2 79
12 0.006278 2 79 7
15 0.006278 3 0 PTP 79 79_1_-778_650
13 0.006278 2 80
12 0.006278 2 80 7
15 0.006278 3 0 PTP 80 80_1_-778_651
13 0.006278 2 81
12 0.006278 2 81 7
15 0.006278 3 0 PTP 81 81_1_-778_652
13 0.006278 2 82
12 0.006278 2 82 7
15 0.006278 3 0 PTP 82 82_1_-778_653
13 0.006278 2 83
12 0.006278 2 83 7
15 0.006278 3 0 PTP 83 83_1_-778_654
13 0.006278 2 84
12 0.006278 2 84 7
15 0.006278 3 0 PTP 84 84_1_-778_655
13 0.006278 2 85
12 0.006278 2 85 7
15 0.006278 3 0 PTP 85 85_1_-778_656
13 0.006278 2 86
12 0.006278 2 86 7
15 0.006278 3 0 PTP 86 86_1_-778_657
13 0.006278 2 87
12 0.006278 2 87 7
15 0.006278 3 0 PTP 87 87_1_-778_658
13 0.006278 2 88
12 0.006278 2 88 7
15 0.006278 3 0 PTP 88 88_1_-778_659
13 0.006278 2 89
12 0.006278 2 89 7
15 0.006278 3 0 PTP 89 89_1_-778_660
13 0.006278 2 90
12 0.006278 2 90 7
15 0.006278 3 0 PTP 90 90_1_-778_661
13 0.006278 2 91
12 0.006278 2 91 7
15 0.006278 3 0 PTP 91 91_1_-778_662
13 0.006278 2 92
12 0.006278 2 92 7
15 0.006278 3 0 PTP 92 92_1_-778_663
13 0.006278 2 93
12 0.006278 2 93 7
15 0.006278 3 0 PTP 93 93_1_-778_664
13 0.006278 2 94
12 0.006278 2 94 7
15 0.006278 3 0 PTP 94 94_1_-778_665
13 0.006278 2 95
12 0.006278 2 95 7
15 0.006278 3 0 PTP 95 95_1_-778_666
13 0.006278 2 96
12 0.006278 2 96 7
15 0.006278 3 0 PTP 96 96_1_-778_667
13 0.006278 2 97
12 0.006278 2 97 7
15 0.006278 3 0 PTP 97 97_1_-778_668
13 0.006278 2 98
12 0.006278 2 98 7
15 0.006278 3 0 PTP 98 98_1_-778_669
13 0.006278 2 99
12 0.006278 2 99 7
15 0.006278 3 0 PTP 99 99_1_-778_670
13 0.006278 2 100
12 0.006278 2 100 7
15 0.006278 3 0 PTP 100 100_1_-778_671
13 0.006278 2 101
12 0.006278 2 101 7
15 0.006278 3 0 PTP 101 101_1_-778_672
13 0.006278 2 102
12 0.006278 2 102 7
15 0.006278 3 0 PTP 102 102_1_-778_673
13 0.006278 2 103
12 0.006278 2 103 7
15 0.006278 3 0 PTP 103 103_1_-778_674
13 0.006278 2 104
12 0.006278 2 104 7
15 0.006278 3 0 PTP 104 104_1_-778_675
13 0.006278 2 105
12 0.006278 2 105 7
15 0.006278 3 0 PTP 105 105_1_-778_676
13 0.006278 2 106
12 0.006278 2 106 7
15 0.006278 3 0 PTP 106 106_1_-778_677
13 0.006278 2 107
12 0.006278 2 107 7
15 0.006278 3 0 PTP 107 107_1_-778_678
13 0.006278 2 108
12 0.006278 2 108 7
15 0.006278 3 0 PTP 108 108_1_-778_679
13 0.006278 2 109
12 0.006278 2 109 7
15 0.006278 3 0 PTP 109 109_1_-778_680
13 0.006278 2 110
12 0.006278 2 110 7
15 0.006278 3 0 PTP 110 110_1_-778_681
13 0.006278 2 111
12 0.006278 2 111 7
15 0.006278 3 0 PTP 111 111_1_-778_682
13 0.006278 2 112
12 0.006278 2 112 7
15 0.006278 3 0 PTP 112 112_1_-778_683
13 0.006278 2 113
12 0.006278 2 113 7
15 0.006278 3 0 PTP 113 113_1_-778_684
13 0.006278 2 114
12 0.006278 2 114 7
15 0.006278 3 0 PTP 114 114_1_-778_685
13 0.006278 2 115
12 0.006278 2 115 7
15 0.006278 3 0 PTP 115 115_1_-778_686
13 0.006278 2 116
12 0.006278 2 116 7
15 0.006278 3 0 PTP 116 116_1_-778_687
13 0.006278 2 117
12 0.006278 2 117 7
15 0.006278 3 0 PTP 117 117_1_-778_688
13 0.006278 2 118
12 0.006278 2 118 7
15 0.006278 3 0 PTP 118 118_1_-778_689
13 0.006278 2 119
12 0.006278 2 119 7
15 0.006278 3 0 PTP 119 119_1_-778_690
13 0.006278 2 120
12 0.006278 2 120 7
15 0.006278 3 0 PTP 120 120_1_-778_691
13 0.006278 2 121
12 0.006278 2 121 7
15 0.006278 3 0 PTP 121 121_1_-778_692
13 0.006278 2 122
12 0.006278 2 122 7
15 0.006278 3 0 PTP 122 122_1_-778_693
13 0.006278 2 123
12 0.006278 2 123 7
15 0.006278 3 0 PTP 123 123_1_-778_694
13 0.006278 2 124
12 0.006278 2 124 7
15 0.006278 3 0 PTP 124 124_1_-778_695
13 0.006278 2 125
12 0.006278 2 125 7
15 0.006278 3 0 PTP 125 125_1_-778_696
13 0.006278 2 126
12 0.006278 2 126 7
15 0.006278 3 0 PTP 126 126_1_-778_697
13 0.006278 2 127
12 0.006278 2 127 7
15 0.006278 3 0 PTP 127 127_1_-778_698
13 0.006278 2 128
12 0.006278 2 128 7
15 0.006278 3 0 PTP 128 128_1_-778_699
13 0.006278 2 2
12 0.006278 2 2 7
15 0.006278 3 0 PTP 2 2_1_-778_700
13 0.006278 2 3
12 0.006278 2 3 7
15 0.006278 3 0 PTP 3 3_1_-778_701
13 0.006278 2 4
12 0.006278 2 4 7
15 0.006278 3 0 PTP 4 4_1_-778_702
13 0.006278 2 5
12 0.006278 2 5 7
15 0.006278 3 0 PTP 5 5_1_-778_703
13 0.006278 2 6
12 0.006278 2 6 7
15 0.006278 3 0 PTP 6 6_1_-778_704
13 0.006278 2 7
12 0.006278 2 7 7
15 0.006278 3 0 PTP 7 7_1_-778_705
13 0.006278 2 8
12 0.006278 2 8 7
15 0.006278 3 0 PTP 8 8_1_-778_706
13 0.006278 2 9
12 0.006278 2 9 7
15 0.006278 3 0 PTP 9 9_1_-778_707
13 0.006278 2 10
12 0.006278 2 10 7
15 0.006278 3 0 PTP 10 10_1_-778_708
13 0.006278 2 11
12 0.006278 2 11 7
15 0.006278 3 0 PTP 11 11_1_-778_709
13 0.006278 2 12
12 0.006278 2 12 7
15 0.006278 3 0 PTP 12 12_1_-778_710
13 0.006278 2 13
12 0.006278 2 13 7
15 0.006278 3 0 PTP 13 13_1_-778_711
13 0.006278 2 14
12 0.006278 2 14 7
15 0.006278 3 0 PTP 14 14_1_-778_712
13 0.006278 2 15
12 0.006278 2 15 7
15 0.006278 3 0 PTP 15 15_1_-778_713
13 0.006278 2 16
12 0.006278 2 16 7
15 0.006278 3 0 PTP 16 16_1_-778_714
13 0.006278 2 17
12 0.006278 2 17 7
15 0.006278 3 0 PTP 17 17_1_-778_715
13 0.006278 2 18
12 0.006278 2 18 7
15 0.006278 3 0 PTP 18 18_1_-778_716
13 0.006278 2 19
12 0.006278 2 19 7
15 0.006278 3 0 PTP 19 19_1_-778_717
13 0.006278 2 20
12 0.006278 2 20 7
15 0.006278 3 0 PTP 20 20_1_-778_718
13 0.006278 2 21
12 0.006278 2 21 7
15 0.006278 3 0 PTP 21 21_1_-778_719
13 0.006278 2 22
12 0.006278 2 22 7
15 0.006278 3 0 PTP 22 22_1_-778_720
13 0.006278 2 23
12 0.006278 2 23 7
15 0.006278 3 0 PTP 23 23_1_-778_721
13 0.006278 2 24
12 0.006278 2 24 7
15 0.006278 3 0 PTP 24 24_1_-778_722
13 0.006278 2 25
12 0.006278 2 25 7
15 0.006278 3 0 PTP 25 25_1_-778_723
13 0.006278 2 26
12 0.006278 2 26 7
15 0.006278 3 0 PTP 26 26_1_-778_724
13 0.006278 2 27
12 0.006278 2 27 7
15 0.006278 3 0 PTP 27 27_1_-778_725
13 0.006278 2 28
12 0.006278 2 28 7
15 0.006278 3 0 PTP 28 28_1_-778_726
13 0.006278 2 29
12 0.006278 2 29 7
15 0.006278 3 0 PTP 29 29_1_-778_727
13 0.006278 2 30
12 0.006278 2 30 7
15 0.006278 3 0 PTP 30 30_1_-778_728
13 0.006278 2 31
12 0.006278 2 31 7
15 0.006278 3 0 PTP 31 31_1_-778_729
13 0.006278 2 32
12 0.006278 2 32 7
15 0.006278 3 0 PTP 32 32_1_-778_730
13 0.006278 2 33
12 0.006278 2 33 7
15 0.006278 3 0 PTP 33 33_1_-778_731
13 0.006278 2 34
12 0.006278 2 34 7
15 0.006278 3 0 PTP 34 34_1_-778_732
13 0.006278 2 35
12 0.006278 2 35 7
15 0.006278 3 0 PTP 35 35_1_-778_733
13 0.006278 2 36
12 0.006278 2 36 7
15 0.006278 3 0 PTP 36 36_1_-778_734
13 0.006278 2 37
12 0.006278 2 37 7
15 0.006278 3 0 PTP 37 37_1_-778_735
13 0.006278 2 38
12 0.006278 2 38 7
15 0.006278 3 0 PTP 38 38_1_-778_736
13 0.006278 2 39
12 0.006278 2 39 7
15 0.006278 3 0 PTP 39 39_1_-778_737
13 0.006278 2 40
12 0.006278 2 40 7
15 0.006278 3 0 PTP 40 40_1_-778_738
13 0.006278 2 41
12 0.006278 2 41 7
15 0.006278 3 0 PTP 41 41_1_-778_739
13 0.006278 2 42
12 0.006278 2 42 7
15 0.006278 3 0 PTP 42 42_1_-778_740
13 0.006278 2 43
12 0.006278 2 43 7
15 0.006278 3 0 PTP 43 43_1_-778_741
13 0.006278 2 44
12 0.006278 2 44 7
15 0.006278 3 0 PTP 44 44_1_-778_742
13 0.006278 2 45
12 0.006278 2 45 7
15 0.006278 3 0 PTP 45 45_1_-778_743
13 0.006278 2 46
12 0.006278 2 46 7
15 0.006278 3 0 PTP 46 46_1_-778_744
13 0.006278 2 47
12 0.006278 2 47 7
15 0.006278 3 0 PTP 47 47_1_-778_745
13 0.006278 2 48
12 0.006278 2 48 7
15 0.006278 3 0 PTP 48 48_1_-778_746
13 0.006278 2 49
12 0.006278 2 49 7
15 0.006278 3 0 PTP 49 49_1_-778_747
13 0.006278 2 50
12 0.006278 2 50 7
15 0.006278 3 0 PTP 50 50_1_-778_748
13 0.006278 2 51
12 0.006278 2 51 7
15 0.006278 3 0 PTP 51 51_1_-778_749
13 0.006278 2 52
12 0.006278 2 52 7
15 0.006278 3 0 PTP 52 52_1_-778_750
13 0.006278 2 53
12 0.006278 2 53 7
15 0.006278 3 0 PTP 53 53_1_-778_751
13 0.006278 2 54
12 0.006278 2 54 7
15 0.006278 3 0 PTP 54 54_1_-778_752
13 0.006278 2 55
12 0.006278 2 55 7
15 0.006278 3 0 PTP 55 55_1_-778_753
13 0.006278 2 56
12 0.006278 2 56 7
15 0.006278 3 0 PTP 56 56_1_-778_754
13 0.006278 2 57
12 0.006278 2 57 7
15 0.006278 3 0 PTP 57 57_1_-778_755
13 0.006278 2 58
12 0.006278 2 58 7
15 0.006278 3 0 PTP 58 58_1_-778_756
13 0.006278 2 59
12 0.006278 2 59 7
15 0.006278 3 0 PTP 59 59_1_-778_757
13 0.006278 2 60
12 0.006278 2 60 7
15 0.006278 3 0 PTP 60 60_1_-778_758
13 0.006278 2 61
12 0.006278 2 61 7
15 0.006278 3 0 PTP 61 61_1_-778_759
13 0.006278 2 62
12 0.006278 2 62 7
15 0.006278 3 0 PTP 62 62_1_-778_760
13 0.006278 2 63
12 0.006278 2 63 7
15 0.006278 3 0 PTP 63 63_1_-778_761
13 0.006278 2 64
12 0.006278 2 64 7
15 0.006278 3 0 PTP 64 64_1_-778_762
16 0.006279 3 0 PTP 1 2_1_-112_446
16 0.006279 3 0 PTP 1 3_1_-112_447
16 0.006279 3 0 PTP 1 4_1_-112_448
16 0.006279 3 0 PTP 1 5_1_-112_449
16 0.006279 3 0 PTP 1 6_1_-112_450
16 0.006279 3 0 PTP 1 7_1_-112_451
16 0.006279 3 0 PTP 1 8_1_-112_452
16 0.006279 3 0 PTP 1 9_1_-112_453
16 0.006279 3 0 PTP 1 10_1_-112_454
16 0.006279 3 0 PTP 1 17_1_-112_461
16 0.006279 3 0 PTP 1 18_1_-112_462
16 0.006279 3 0 PTP 1 25_1_-112_469
16 0.006279 3 0 PTP 1 26_1_-112_470
16 0.006279 3 0 PTP 1 11_1_-112_455
16 0.006279 3 0 PTP 1 12_1_-112_456
16 0.006279 3 0 PTP 1 13_1_-112_457
16 0.006279 3 0 PTP 1 14_1_-112_458
16 0.006279 3 0 PTP 1 15_1_-112_459
16 0.006279 3 0 PTP 1 16_1_-112_460
16 0.006279 3 0 PTP 1 19_1_-112_463
16 0.006279 3 0 PTP 1 20_1_-112_464
16 0.006279 3 0 PTP 1 21_1_-112_465
16 0.006279 3 0 PTP 1 22_1_-112_466
16 0.006279 3 0 PTP 1 23_1_-112_467
16 0.006279 3 0 PTP 1 24_1_-112_468
16 0.006279 3 0 PTP 1 27_1_-112_471
16 0.006279 3 0 PTP 1 28_1_-112_472
16 0.006279 3 0 PTP 1 29_1_-112_473
16 0.006279 3 0 PTP 1 30_1_-112_474
16 0.006279 3 0 PTP 1 31_1_-112_475
16 0.006279 3 0 PTP 1 32_1_-112_476
16 0.006279 3 0 PTP 1 33_1_-112_477
16 0.006279 3 0 PTP 1 34_1_-112_478
16 0.006279 3 0 PTP 1 65_1_-112_382
16 0.006279 3 0 PTP 1 66_1_-112_383
16 0.006279 3 0 PTP 1 97_1_-112_414
16 0.006279 3 0 PTP 1 98_1_-112_415
16 0.006280 3 0 PTP 1 35_1_-112_479
16 0.006280 3 0 PTP 1 36_1_-112_480
16 0.006280 3 0 PTP 1 37_1_-112_481
16 0.006280 3 0 PTP 1 38_1_-112_482
16 0.006280 3 0 PTP 1 39_1_-112_483
16 0.006280 3 0 PTP 1 40_1_-112_484
16 0.006280 3 0 PTP 1 67_1_-112_384
16 0.006280 3 0 PTP 1 68_1_-112_385
16 0.006280 3 0 PTP 1 69_1_-112_386
16 0.006280 3 0 PTP 1 70_1_-112_387
16 0.006280 3 0 PTP 1 71_1_-112_388
16 0.006280 3 0 PTP 1 72_1_-112_389
16 0.006280 3 0 PTP 1 99_1_-112_416
16 0.006280 3 0 PTP 1 100_1_-112_417
16 0.006280 3 0 PTP 1 101_1_-112_418
16 0.006280 3 0 PTP 1 102_1_-112_419
16 0.006280 3 0 PTP 1 103_1_-112_420
16 0.006280 3 0 PTP 1 104_1_-112_421
16 0.006280 3 0 PTP 1 41_1_-112_485
16 0.006280 3 0 PTP 1 42_1_-112_486
16 0.006280 3 0 PTP 1 49_1_-112_493
16 0.006280 3 0 PTP 1 50_1_-112_494
16 0.006280 3 0 PTP 1 57_1_-112_501
16 0.006280 3 0 PTP 1 58_1_-112_502
16 0.006280 3 0 PTP 1 73_1_-112_390
16 0.006280 3 0 PTP 1 74_1_-112_391
16 0.006280 3 0 PTP 1 81_1_-112_398
16 0.006280 3 0 PTP 1 82_1_-112_399
16 0.006280 3 0 PTP 1 89_1_-112_406
16 0.006280 3 0 PTP 1 90_1_-112_407
16 0.006280 3 0 PTP 1 105_1_-112_422
16 0.006280 3 0 PTP 1 106_1_-112_423
16 0.006280 3 0 PTP 1 113_1_-112_430
16 0.006280 3 0 PTP 1 114_1_-112_431
16 0.006280 3 0 PTP 1 121_1_-112_438
16 0.006280 3 0 PTP 1 122_1_-112_439
16 0.006280 3 0 PTP 1 43_1_-112_487
16 0.006280 3 0 PTP 1 44_1_-112_488
16 0.006280 3 0 PTP 1 45_1_-112_489
16 0.006280 3 0 PTP 1 46_1_-112_490
16 0.006280 3 0 PTP 1 47_1_-112_491
16 0.006280 3 0 PTP 1 48_1_-112_492
16 0.006280 3 0 PTP 1 51_1_-112_495
16 0.006280 3 0 PTP 1 52_1_-112_496
16 0.006280 3 0 PTP 1 53_1_-112_497
16 0.006280 3 0 PTP 1 54_1_-112_498
16 0.006280 3 0 PTP 1 55_1_-112_499
16 0.006280 3 0 PTP 1 56_1_-112_500
16 0.006280 3 0 PTP 1 59_1_-112_503
16 0.006280 3 0 PTP 1 60_1_-112_504
16 0.006280 3 0 PTP 1 61_1_-112_505
16 0.006280 3 0 PTP 1 62_1_-112_506
16 0.006280 3 0 PTP 1 63_1_-112_507
16 0.006280 3 0 PTP 1 64_1_-112_508
16 0.006280 3 0 PTP 1 75_1_-112_392
16 0.006280 3 0 PTP 1 76_1_-112_393
16 0.006280 3 0 PTP 1 77_1_-112_394
16 0.006280 3 0 PTP 1 78_1_-112_395
16 0.006280 3 0 PTP 1 79_1_-112_396
16 0.006280 3 0 PTP 1 80_1_-112_397
16 0.006280 3 0 PTP 1 83_1_-112_400
16 0.006280 3 0 PTP 1 84_1_-112_401
16 0.006280 3 0 PTP 1 85_1_-112_402
16 0.006280 3 0 PTP 1 86_1_-112_403
16 0.006280 3 0 PTP 1 87_1_-112_404
16 0.006280 3 0 PTP 1 88_1_-112_405
16 0.006280 3 0 PTP 1 91_1_-112_408
16 0.006280 3 0 PTP 1 92_1_-112_409
16 0.006280 3 0 PTP 1 93_1_-112_410
16 0.006280 3 0 PTP 1 94_1_-112_411
16 0.006280 3 0 PTP 1 95_1_-112_412
16 0.006280 3 0 PTP 1 96_1_-112_413
16 0.006280 3 0 PTP 1 107_1_-112_424
16 0.006280 3 0 PTP 1 108_1_-112_425
16 0.006280 3 0 PTP 1 109_1_-112_426
16 0.006280 3 0 PTP 1 110_1_-112_427
16 0.006280 3 0 PTP 1 111_1_-112_428
16 0.006280 3 0 PTP 1 112_1_-112_429
16 0.006280 3 0 PTP 1 115_1_-112_432
16 0.006280 3 0 PTP 1 116_1_-112_433
16 0.006280 3 0 PTP 1 117_1_-112_434
16 0.006280 3 0 PTP 1 118_1_-112_435
16 0.006280 3 0 PTP 1 119_1_-112_436
16 0.006280 3 0 PTP 1 120_1_-112_437
16 0.006280 3 0 PTP 1 123_1_-112_440
16 0.006280 3 0 PTP 1 124_1_-112_441
16 0.006280 3 0 PTP 1 125_1_-112_442
16 0.006280 3 0 PTP 1 126_1_-112_443
16 0.006280 3 0 PTP 1 127_1_-112_444
16 0.006280 3 0 PTP 1 128_1_-112_445
13 0.006280 2 1
12 0.006280 2 1 10
16 0.006281 3 0 PTP 1 2_1_-112_573
16 0.006281 3 0 PTP 1 3_1_-112_574
16 0.006281 3 0 PTP 1 4_1_-112_575
16 0.006281 3 0 PTP 1 5_1_-112_576
16 0.006281 3 0 PTP 1 6_1_-112_577
16 0.006281 3 0 PTP 1 7_1_-112_578
16 0.006281 3 0 PTP 1 8_1_-112_579
16 0.006281 3 0 PTP 1 9_1_-112_580
16 0.006281 3 0 PTP 1 10_1_-112_581
16 0.006281 3 0 PTP 1 17_1_-112_588
16 0.006281 3 0 PTP 1 18_1_-112_589
16 0.006281 3 0 PTP 1 25_1_-112_596
16 0.006281 3 0 PTP 1 26_1_-112_597
16 0.006281 3 0 PTP 1 11_1_-112_582
16 0.006281 3 0 PTP 1 12_1_-112_583
16 0.006281 3 0 PTP 1 13_1_-112_584
16 0.006281 3 0 PTP 1 14_1_-112_585
16 0.006281 3 0 PTP 1 15_1_-112_586
16 0.006281 3 0 PTP 1 16_1_-112_587
16 0.006281 3 0 PTP 1 19_1_-112_590
16 0.006281 3 0 PTP 1 20_1_-112_591
16 0.006281 3 0 PTP 1 21_1_-112_592
16 0.006281 3 0 PTP 1 22_1_-112_593
16 0.006281 3 0 PTP 1 23_1_-112_594
16 0.006281 3 0 PTP 1 24_1_-112_595
16 0.006281 3 0 PTP 1 27_1_-112_598
16 0.006281 3 0 PTP 1 28_1_-112_599
16 0.006281 3 0 PTP 1 29_1_-112_600
16 0.006281 3 0 PTP 1 30_1_-112_601
16 0.006281 3 0 PTP 1 31_1_-112_602
16 0.006281 3 0 PTP 1 32_1_-112_603
16 0.006282 3 0 PTP 1 33_1_-112_604
16 0.006282 3 0 PTP 1 34_1_-112_605
16 0.006282 3 0 PTP 1 65_1_-112_509
16 0.006282 3 0 PTP 1 66_1_-112_510
16 0.006282 3 0 PTP 1 97_1_-112_541
16 0.006282 3 0 PTP 1 98_1_-112_542
16 0.006282 3 0 PTP 1 35_1_-112_606
16 0.006282 3 0 PTP 1 36_1_-112_607
16 0.006282 3 0 PTP 1 37_1_-112_608
16 0.006282 3 0 PTP 1 38_1_-112_609
16 0.006282 3 0 PTP 1 39_1_-112_610
16 0.006282 3 0 PTP 1 40_1_-112_611
16 0.006282 3 0 PTP 1 67_1_-112_511
16 0.006282 3 0 PTP 1 68_1_-112_512
16 0.006282 3 0 PTP 1 69_1_-112_513
16 0.006282 3 0 PTP 1 70_1_-112_514
16 0.006282 3 0 PTP 1 71_1_-112_515
16 0.006282 3 0 PTP 1 72_1_-112_516
16 0.006282 3 0 PTP 1 99_1_-112_543
16 0.006282 3 0 PTP 1 100_1_-112_544
16 0.006282 3 0 PTP 1 101_1_-112_545
16 0.006282 3 0 PTP 1 102_1_-112_546
16 0.006282 3 0 PTP 1 103_1_-112_547
16 0.006282 3 0 PTP 1 104_1_-112_548
16 0.006282 3 0 PTP 1 41_1_-112_612
16 0.006282 3 0 PTP 1 42_1_-112_613
16 0.006282 3 0 PTP 1 49_1_-112_620
16 0.006282 3 0 PTP 1 50_1_-112_621
16 0.006282 3 0 PTP 1 57_1_-112_628
16 0.006282 3 0 PTP 1 58_1_-112_629
16 0.006282 3 0 PTP 1 73_1_-112_517
16 0.006282 3 0 PTP 1 74_1_-112_518
16 0.006282 3 0 PTP 1 81_1_-112_525
16 0.006282 3 0 PTP 1 82_1_-112_526
16 0.006282 3 0 PTP 1 89_1_-112_533
16 0.006282 3 0 PTP 1 90_1_-112_534
16 0.006282 3 0 PTP 1 105_1_-112_549
16 0.006282 3 0 PTP 1 106_1_-112_550
16 0.006282 3 0 PTP 1 113_1_-112_557
16 0.006282 3 0 PTP 1 114_1_-112_558
16 0.006282 3 0 PTP 1 121_1_-112_565
16 0.006282 3 0 PTP 1 122_1_-112_566
16 0.006282 3 0 PTP 1 43_1_-112_614
16 0.006282 3 0 PTP 1 44_1_-112_615
16 0.006282 3 0 PTP 1 45_1_-112_616
16 0.006282 3 0 PTP 1 46_1_-112_617
16 0.006282 3 0 PTP 1 47_1_-112_618
16 0.006282 3 0 PTP 1 48_1_-112_619
16 0.006282 3 0 PTP 1 51_1_-112_622
16 0.006282 3 0 PTP 1 52_1_-112_623
16 0.006282 3 0 PTP 1 53_1_-112_624
16 0.006282 3 0 PTP 1 54_1_-112_625
16 0.006282 3 0 PTP 1 55_1_-112_626
16 0.006282 3 0 PTP 1 56_1_-112_627
16 0.006282 3 0 PTP 1 59_1_-112_630
16 0.006282 3 0 PTP 1 60_1_-112_631
16 0.006282 3 0 PTP 1 61_1_-112_632
16 0.006282 3 0 PTP 1 62_1_-112_633
16 0.006282 3 0 PTP 1 63_1_-112_634
16 0.006282 3 0 PTP 1 64_1_-112_635
16 0.006282 3 0 PTP 1 75_1_-112_519
16 0.006282 3 0 PTP 1 76_1_-112_520
16 0.006282 3 0 PTP 1 77_1_-112_521
16 0.006282 3 0 PTP 1 78_1_-112_522
16 0.006282 3 0 PTP 1 79_1_-112_523
16 0.006282 3 0 PTP 1 80_1_-112_524
16 0.006282 3 0 PTP 1 83_1_-112_527
16 0.006282 3 0 PTP 1 84_1_-112_528
16 0.006282 3 0 PTP 1 85_1_-112_529
16 0.006282 3 0 PTP 1 86_1_-112_530
16 0.006282 3 0 PTP 1 87_1_-112_531
16 0.006282 3 0 PTP 1 88_1_-112_532
16 0.006282 3 0 PTP 1 91_1_-112_535
16 0.006282 3 0 PTP 1 92_1_-112_536
16 0.006282 3 0 PTP 1 93_1_-112_537
16 0.006282 3 0 PTP 1 94_1_-112_538
16 0.006282 3 0 PTP 1 95_1_-112_539
16 0.006282 3 0 PTP 1 96_1_-112_540
16 0.006282 3 0 PTP 1 107_1_-112_551
16 0.006282 3 0 PTP 1 108_1_-112_552
16 0.006282 3 0 PTP 1 109_1_-112_553
16 0.006282 3 0 PTP 1 110_1_-112_554
16 0.006282 3 0 PTP 1 111_1_-112_555
16 0.006282 3 0 PTP 1 112_1_-112_556
16 0.006282 3 0 PTP 1 115_1_-112_559
16 0.006282 3 0 PTP 1 116_1_-112_560
16 0.006282 3 0 PTP 1 117_1_-112_561
16 0.006282 3 0 PTP 1 118_1_-112_562
16 0.006282 3 0 PTP 1 119_1_-112_563
16 0.006282 3 0 PTP 1 120_1_-112_564
16 0.006282 3 0 PTP 1 123_1_-112_567
16 0.006282 3 0 PTP 1 124_1_-112_568
16 0.006282 3 0 PTP 1 125_1_-112_569
16 0.006282 3 0 PTP 1 126_1_-112_570
16 0.006282 3 0 PTP 1 127_1_-112_571
16 0.006282 3 0 PTP 1 128_1_-112_572
13 0.006282 2 1
12 0.006282 2 1 7
16 0.006283 3 0 PTP 1 2_1_-778_700
16 0.006283 3 0 PTP 1 3_1_-778_701
16 0.006283 3 0 PTP 1 4_1_-778_702
16 0.006283 3 0 PTP 1 5_1_-778_703
16 0.006283 3 0 PTP 1 6_1_-778_704
16 0.006283 3 0 PTP 1 7_1_-778_705
16 0.006283 3 0 PTP 1 8_1_-778_706
16 0.006283 3 0 PTP 1 9_1_-778_707
16 0.006283 3 0 PTP 1 10_1_-778_708
16 0.006283 3 0 PTP 1 17_1_-778_715
16 0.006283 3 0 PTP 1 18_1_-778_716
16 0.006283 3 0 PTP 1 25_1_-778_723
16 0.006283 3 0 PTP 1 26_1_-778_724
16 0.006283 3 0 PTP 1 11_1_-778_709
16 0.006283 3 0 PTP 1 12_1_-778_710
16 0.006283 3 0 PTP 1 13_1_-778_711
16 0.006283 3 0 PTP 1 14_1_-778_712
16 0.006283 3 0 PTP 1 15_1_-778_713
16 0.006283 3 0 PTP 1 16_1_-778_714
16 0.006283 3 0 PTP 1 19_1_-778_717
16 0.006283 3 0 PTP 1 20_1_-778_718
16 0.006283 3 0 PTP 1 21_1_-778_719
16 0.006283 3 0 PTP 1 22_1_-778_720
16 0.006283 3 0 PTP 1 23_1_-778_721
16 0.006283 3 0 PTP 1 24_1_-778_722
16 0.006283 3 0 PTP 1 27_1_-778_725
16 0.006283 3 0 PTP 1 28_1_-778_726
16 0.006283 3 0 PTP 1 29_1_-778_727
16 0.006283 3 0 PTP 1 30_1_-778_728
16 0.006283 3 0 PTP 1 31_1_-778_729
16 0.006283 3 0 PTP 1 32_1_-778_730
16 0.006284 3 0 PTP 1 33_1_-778_731
16 0.006284 3 0 PTP 1 34_1_-778_732
16 0.006284 3 0 PTP 1 65_1_-778_636
16 0.006284 3 0 PTP 1 66_1_-778_637
16 0.006284 3 0 PTP 1 97_1_-778_668
16 0.006284 3 0 PTP 1 98_1_-778_669
16 0.006284 3 0 PTP 1 35_1_-778_733
16 0.006284 3 0 PTP 1 36_1_-778_734
16 0.006284 3 0 PTP 1 37_1_-778_735
16 0.006284 3 0 PTP 1 38_1_-778_736
16 0.006284 3 0 PTP 1 39_1_-778_737
16 0.006284 3 0 PTP 1 40_1_-778_738
16 0.006284 3 0 PTP 1 67_1_-778_638
16 0.006284 3 0 PTP 1 68_1_-778_639
16 0.006284 3 0 PTP 1 69_1_-778_640
16 0.006284 3 0 PTP 1 70_1_-778_641
16 0.006284 3 0 PTP 1 71_1_-778_642
16 0.006284 3 0 PTP 1 72_1_-778_643
16 0.006284 3 0 PTP 1 99_1_-778_670
16 0.006284 3 0 PTP 1 100_1_-778_671
16 0.006284 3 0 PTP 1 101_1_-778_672
16 0.006284 3 0 PTP 1 102_1_-778_673
16 0.006284 3 0 PTP 1 103_1_-778_674
16 0.006284 3 0 PTP 1 104_1_-778_675
16 0.006284 3 0 PTP 1 41_1_-778_739
16 0.006284 3 0 PTP 1 42_1_-778_740
16 0.006284 3 0 PTP 1 49_1_-778_747
16 0.006284 3 0 PTP 1 50_1_-778_748
16 0.006284 3 0 PTP 1 57_1_-778_755
16 0.006284 3 0 PTP 1 58_1_-778_756
16 0.006284 3 0 PTP 1 73_1_-778_644
16 0.006284 3 0 PTP 1 74_1_-778_645
16 0.006284 3 0 PTP 1 81_1_-778_652
16 0.006284 3 0 PTP 1 82_1_-778_653
16 0.006284 3 0 PTP 1 89_1_-778_660
16 0.006284 3 0 PTP 1 90_1_-778_661
16 0.006284 3 0 PTP 1 105_1_-778_676
16 0.006284 3 0 PTP 1 106_1_-778_677
16 0.006284 3 0 PTP 1 113_1_-778_684
16 0.006284 3 0 PTP 1 114_1_-778_685
16 0.006284 3 0 PTP 1 121_1_-778_692
16 0.006284 3 0 PTP 1 122_1_-778_693
16 0.006284 3 0 PTP 1 43_1_-778_741
16 0.006284 3 0 PTP 1 44_1_-778_742
16 0.006284 3 0 PTP 1 45_1_-778_743
16 0.006284 3 0 PTP 1 46_1_-778_744
16 0.006284 3 0 PTP 1 47_1_-778_745
16 0.006284 3 0 PTP 1 48_1_-778_746
16 0.006284 3 0 PTP 1 51_1_-778_749
16 0.006284 3 0 PTP 1 52_1_-778_750
16 0.006284 3 0 PTP 1 53_1_-778_751
16 0.006284 3 0 PTP 1 54_1_-778_752
16 0.006284 3 0 PTP 1 55_1_-778_753
16 0.006284 3 0 PTP 1 56_1_-778_754
16 0.006284 3 0 PTP 1 59_1_-778_757
16 0.006284 3 0 PTP 1 60_1_-778_758
16 0.006284 3 0 PTP 1 61_1_-778_759
16 0.006284 3 0 PTP 1 62_1_-778_760
16 0.006284 3 0 PTP 1 63_1_-778_761
16 0.006284 3 0 PTP 1 64_1_-778_762
16 0.006284 3 0 PTP 1 75_1_-778_646
16 0.006284 3 0 PTP 1 76_1_-778_647
16 0.006284 3 0 PTP 1 77_1_-778_648
16 0.006284 3 0 PTP 1 78_1_-778_649
16 0.006284 3 0 PTP 1 79_1_-778_650
16 0.006284 3 0 PTP 1 80_1_-778_651
16 0.006284 3 0 PTP 1 83_1_-778_654
16 0.006284 3 0 PTP 1 84_1_-778_655
16 0.006284 3 0 PTP 1 85_1_-778_656
16 0.006284 3 0 PTP 1 86_1_-778_657
16 0.006284 3 0 PTP 1 87_1_-778_658
16 0.006284 3 0 PTP 1 88_1_-778_659
16 0.006284 3 0 PTP 1 91_1_-778_662
16 0.006284 3 0 PTP 1 92_1_-778_663
16 0.006284 3 0 PTP 1 93_1_-778_664
16 0.006284 3 0 PTP 1 94_1_-778_665
16 0.006284 3 0 PTP 1 95_1_-778_666
16 0.006284 3 0 PTP 1 96_1_-778_667
16 0.006284 3 0 PTP 1 107_1_-778_678
16 0.006284 3 0 PTP 1 108_1_-778_679
16 0.006284 3 0 PTP 1 109_1_-778_680
16 0.006284 3 0 PTP 1 110_1_-778_681
16 0.006284 3 0 PTP 1 111_1_-778_682
16 0.006284 3 0 PTP 1 112_1_-778_683
16 0.006284 3 0 PTP 1 115_1_-778_686
16 0.006284 3 0 PTP 1 116_1_-778_687
16 0.006284 3 0 PTP 1 117_1_-778_688
16 0.006284 3 0 PTP 1 118_1_-778_689
16 0.006284 3 0 PTP 1 119_1_-778_690
16 0.006284 3 0 PTP 1 120_1_-778_691
16 0.006284 3 0 PTP 1 123_1_-778_694
16 0.006284 3 0 PTP 1 124_1_-778_695
16 0.006284 3 0 PTP 1 125_1_-778_696
16 0.006284 3 0 PTP 1 126_1_-778_697
16 0.006284 3 0 PTP 1 127_1_-778_698
16 0.006284 3 0 PTP 1 128_1_-778_699
15 0.006284 3 0 PTP 1 1_2_-778_763
15 0.006284 3 0 PTP 1 1_3_-778_764
15 0.006284 3 0 PTP 1 1_4_-778_765
15 0.006284 3 0 PTP 1 1_5_-778_766
15 0.006284 3 0 PTP 1 1_6_-778_767
15 0.006284 3 0 PTP 1 1_7_-778_768
15 0.006284 3 0 PTP 1 1_8_-778_769
15 0.006284 3 0 PTP 1 1_9_-778_770
15 0.006284 3 0 PTP 1 1_10_-778_771
15 0.006284 3 0 PTP 1 1_11_-778_772
15 0.006284 3 0 PTP 1 1_12_-778_773
15 0.006284 3 0 PTP 1 1_13_-778_774
15 0.006284 3 0 PTP 1 1_14_-778_775
15 0.006284 3 0 PTP 1 1_15_-778_776
15 0.006284 3 0 PTP 1 1_16_-778_777
15 0.006284 3 0 PTP 1 1_17_-778_778
15 0.006284 3 0 PTP 1 1_18_-778_779
15 0.006284 3 0 PTP 1 1_19_-778_780
15 0.006284 3 0 PTP 1 1_20_-778_781
15 0.006284 3 0 PTP 1 1_21_-778_782
15 0.006284 3 0 PTP 1 1_22_-778_783
15 0.006284 3 0 PTP 1 1_23_-778_784
15 0.006284 3 0 PTP 1 1_24_-778_785
15 0.006284 3 0 PTP 1 1_25_-778_786
15 0.006284 3 0 PTP 1 1_26_-778_787
15 0.006284 3 0 PTP 1 1_27_-778_788
15 0.006284 3 0 PTP 1 1_28_-778_789
15 0.006284 3 0 PTP 1 1_29_-778_790
15 0.006284 3 0 PTP 1 1_30_-778_791
15 0.006284 3 0 PTP 1 1_31_-778_792
15 0.006284 3 0 PTP 1 1_32_-778_793
15 0.006284 3 0 PTP 1 1_33_-778_794
15 0.006284 3 0 PTP 1 1_34_-778_795
15 0.006284 3 0 PTP 1 1_35_-778_796
15 0.006284 3 0 PTP 1 1_36_-778_797
15 0.006284 3 0 PTP 1 1_37_-778_798
15 0.006284 3 0 PTP 1 1_38_-778_799
15 0.006284 3 0 PTP 1 1_39_-778_800
15 0.006284 3 0 PTP 1 1_40_-778_801
15 0.006284 3 0 PTP 1 1_41_-778_802
15 0.006284 3 0 PTP 1 1_42_-778_803
15 0.006284 3 0 PTP 1 1_43_-778_804
15 0.006284 3 0 PTP 1 1_44_-778_805
15 0.006284 3 0 PTP 1 1_45_-778_806
15 0.006284 3 0 PTP 1 1_46_-778_807
15 0.006284 3 0 PTP 1 1_47_-778_808
15 0.006284 3 0 PTP 1 1_48_-778_809
15 0.006284 3 0 PTP 1 1_49_-778_810
15 0.006284 3 0 PTP 1 1_50_-778_811
15 0.006284 3 0 PTP 1 1_51_-778_812
15 0.006284 3 0 PTP 1 1_52_-778_813
15 0.006284 3 0 PTP 1 1_53_-778_814
15 0.006284 3 0 PTP 1 1_54_-778_815
15 0.006284 3 0 PTP 1 1_55_-778_816
15 0.006284 3 0 PTP 1 1_56_-778_817
15 0.006284 3 0 PTP 1 1_57_-778_818
15 0.006284 3 0 PTP 1 1_58_-778_819
15 0.006284 3 0 PTP 1 1_59_-778_820
15 0.006284 3 0 PTP 1 1_60_-778_821
15 0.006284 3 0 PTP 1 1_61_-778_822
15 0.006284 3 0 PTP 1 1_62_-778_823
15 0.006284 3 0 PTP 1 1_63_-778_824
15 0.006284 3 0 PTP 1 1_64_-778_825
15 0.006284 3 0 PTP 1 1_65_-778_826
15 0.006284 3 0 PTP 1 1_66_-778_827
15 0.006284 3 0 PTP 1 1_67_-778_828
15 0.006284 3 0 PTP 1 1_68_-778_829
15 0.006284 3 0 PTP 1 1_69_-778_830
15 0.006284 3 0 PTP 1 1_70_-778_831
15 0.006284 3 0 PTP 1 1_71_-778_832
15 0.006284 3 0 PTP 1 1_72_-778_833
15 0.006284 3 0 PTP 1 1_73_-778_834
15 0.006284 3 0 PTP 1 1_74_-778_835
15 0.006284 3 0 PTP 1 1_75_-778_836
15 0.006284 3 0 PTP 1 1_76_-778_837
15 0.006284 3 0 PTP 1 1_77_-778_838
15 0.006284 3 0 PTP 1 1_78_-778_839
15 0.006284 3 0 PTP 1 1_79_-778_840
15 0.006284 3 0 PTP 1 1_80_-778_841
15 0.006284 3 0 PTP 1 1_81_-778_842
15 0.006284 3 0 PTP 1 1_82_-778_843
15 0.006284 3 0 PTP 1 1_83_-778_844
15 0.006284 3 0 PTP 1 1_84_-778_845
15 0.006284 3 0 PTP 1 1_85_-778_846
15 0.006284 3 0 PTP 1 1_86_-778_847
15 0.006284 3 0 PTP 1 1_87_-778_848
15 0.006284 3 0 PTP 1 1_88_-778_849
15 0.006284 3 0 PTP 1 1_89_-778_850
15 0.006284 3 0 PTP 1 1_90_-778_851
15 0.006284 3 0 PTP 1 1_91_-778_852
15 0.006284 3 0 PTP 1 1_92_-778_853
15 0.006284 3 0 PTP 1 1_93_-778_854
15 0.006284 3 0 PTP 1 1_94_-778_855
15 0.006284 3 0 PTP 1 1_95_-778_856
15 0.006284 3 0 PTP 1 1_96_-778_857
15 0.006284 3 0 PTP 1 1_97_-778_858
15 0.006284 3 0 PTP 1 1_98_-778_859
15 0.006284 3 0 PTP 1 1_99_-778_860
15 0.006284 3 0 PTP 1 1_100_-778_861
15 0.006284 3 0 PTP 1 1_101_-778_862
15 0.006284 3 0 PTP 1 1_102_-778_863
15 0.006284 3 0 PTP 1 1_103_-778_864
15 0.006284 3 0 PTP 1 1_104_-778_865
15 0.006284 3 0 PTP 1 1_105_-778_866
15 0.006284 3 0 PTP 1 1_106_-778_867
15 0.006284 3 0 PTP 1 1_107_-778_868
15 0.006284 3 0 PTP 1 1_108_-778_869
15 0.006284 3 0 PTP 1 1_109_-778_870
15 0.006284 3 0 PTP 1 1_110_-778_871
15 0.006284 3 0 PTP 1 1_111_-778_872
15 0.006284 3 0 PTP 1 1_112_-778_873
15 0.006284 3 0 PTP 1 1_113_-778_874
15 0.006284 3 0 PTP 1 1_114_-778_875
15 0.006284 3 0 PTP 1 1_115_-778_876
15 0.006284 3 0 PTP 1 1_116_-778_877
15 0.006284 3 0 PTP 1 1_117_-778_878
15 0.006284 3 0 PTP 1 1_118_-778_879
15 0.006284 3 0 PTP 1 1_119_-778_880
15 0.006284 3 0 PTP 1 1_120_-778_881
15 0.006284 3 0 PTP 1 1_121_-778_882
15 0.006284 3 0 PTP 1 1_122_-778_883
15 0.006284 3 0 PTP 1 1_123_-778_884
15 0.006284 3 0 PTP 1 1_124_-778_885
15 0.006284 3 0 PTP 1 1_125_-778_886
15 0.006284 3 0 PTP 1 1_126_-778_887
15 0.006284 3 0 PTP 1 1_127_-778_888
15 0.006284 3 0 PTP 1 1_128_-778_889
13 0.006284 2 1
12 0.006284 2 1 11
13 0.006284 2 1
7 0.006284 1 1
16 0.006285 3 0 PTP 2 1_2_-778_763
13 0.006285 2 2
12 0.006285 2 2 11
13 0.006285 2 2
7 0.006285 1 2
16 0.006285 3 0 PTP 8 1_8_-778_769
13 0.006285 2 8
12 0.006285 2 8 11
13 0.006285 2 8
7 0.006285 1 8
16 0.006285 3 0 PTP 7 1_7_-778_768
13 0.006285 2 7
12 0.006285 2 7 11
13 0.006285 2 7
7 0.006285 1 7
16 0.006285 3 0 PTP 6 1_6_-778_767
13 0.006285 2 6
12 0.006285 2 6 11
13 0.006285 2 6
7 0.006285 1 6
16 0.006285 3 0 PTP 5 1_5_-778_766
13 0.006285 2 5
12 0.006285 2 5 11
13 0.006285 2 5
7 0.006285 1 5
16 0.006285 3 0 PTP 4 1_4_-778_765
13 0.006285 2 4
12 0.006285 2 4 11
13 0.006285 2 4
7 0.006285 1 4
16 0.006285 3 0 PTP 3 1_3_-778_764
13 0.006285 2 3
12 0.006285 2 3 11
13 0.006285 2 3
7 0.006285 1 3
16 0.006285 3 0 PTP 26 1_26_-778_787
13 0.006285 2 26
12 0.006285 2 26 11
13 0.006285 2 26
7 0.006285 1 26
16 0.006285 3 0 PTP 25 1_25_-778_786
13 0.006285 2 25
12 0.006285 2 25 11
13 0.006285 2 25
7 0.006285 1 25
16 0.006285 3 0 PTP 18 1_18_-778_779
13 0.006285 2 18
12 0.006285 2 18 11
13 0.006285 2 18
7 0.006285 1 18
16 0.006285 3 0 PTP 17 1_17_-778_778
13 0.006285 2 17
12 0.006285 2 17 11
13 0.006285 2 17
7 0.006285 1 17
16 0.006285 3 0 PTP 10 1_10_-778_771
13 0.006285 2 10
12 0.006285 2 10 11
13 0.006285 2 10
7 0.006285 1 10
16 0.006285 3 0 PTP 9 1_9_-778_770
13 0.006285 2 9
12 0.006285 2 9 11
13 0.006285 2 9
7 0.006285 1 9
16 0.006285 3 0 PTP 32 1_32_-778_793
13 0.006285 2 32
12 0.006285 2 32 11
13 0.006285 2 32
7 0.006285 1 32
16 0.006285 3 0 PTP 31 1_31_-778_792
13 0.006285 2 31
12 0.006285 2 31 11
13 0.006285 2 31
7 0.006285 1 31
16 0.006285 3 0 PTP 30 1_30_-778_791
13 0.006285 2 30
12 0.006285 2 30 11
13 0.006285 2 30
7 0.006285 1 30
16 0.006285 3 0 PTP 29 1_29_-778_790
13 0.006285 2 29
12 0.006285 2 29 11
13 0.006285 2 29
7 0.006285 1 29
16 0.006285 3 0 PTP 28 1_28_-778_789
13 0.006285 2 28
12 0.006285 2 28 11
13 0.006285 2 28
7 0.006285 1 28
16 0.006285 3 0 PTP 27 1_27_-778_788
13 0.006285 2 27
12 0.006285 2 27 11
13 0.006285 2 27
7 0.006285 1 27
16 0.006285 3 0 PTP 24 1_24_-778_785
13 0.006285 2 24
12 0.006285 2 24 11
13 0.006285 2 24
7 0.006285 1 24
16 0.006285 3 0 PTP 23 1_23_-778_784
13 0.006285 2 23
12 0.006285 2 23 11
13 0.006285 2 23
7 0.006285 1 23
16 0.006285 3 0 PTP 22 1_22_-778_783
13 0.006285 2 22
12 0.006285 2 22 11
13 0.006285 2 22
7 0.006285 1 22
16 0.006285 3 0 PTP 21 1_21_-778_782
13 0.006285 2 21
12 0.006285 2 21 11
13 0.006285 2 21
7 0.006285 1 21
16 0.006285 3 0 PTP 20 1_20_-778_781
13 0.006285 2 20
12 0.006285 2 20 11
13 0.006285 2 20
7 0.006285 1 20
16 0.006285 3 0 PTP 19 1_19_-778_780
13 0.006285 2 19
12 0.006285 2 19 11
13 0.006285 2 19
7 0.006285 1 19
16 0.006285 3 0 PTP 16 1_16_-778_777
13 0.006285 2 16
12 0.006285 2 16 11
13 0.006285 2 16
7 0.006285 1 16
16 0.006285 3 0 PTP 15 1_15_-778_776
13 0.006285 2 15
12 0.006285 2 15 11
13 0.006285 2 15
7 0.006285 1 15
16 0.006285 3 0 PTP 14 1_14_-778_775
13 0.006285 2 14
12 0.006285 2 14 11
13 0.006285 2 14
7 0.006285 1 14
16 0.006285 3 0 PTP 13 1_13_-778_774
13 0.006285 2 13
12 0.006285 2 13 11
13 0.006285 2 13
7 0.006285 1 13
16 0.006285 3 0 PTP 12 1_12_-778_773
13 0.006285 2 12
12 0.006285 2 12 11
13 0.006285 2 12
7 0.006285 1 12
16 0.006285 3 0 PTP 11 1_11_-778_772
13 0.006285 2 11
12 0.006285 2 11 11
13 0.006285 2 11
7 0.006285 1 11
16 0.006286 3 0 PTP 98 1_98_-778_859
13 0.006286 2 98
12 0.006286 2 98 11
13 0.006286 2 98
7 0.006286 1 98
16 0.006286 3 0 PTP 97 1_97_-778_858
13 0.006286 2 97
12 0.006286 2 97 11
13 0.006286 2 97
7 0.006286 1 97
16 0.006286 3 0 PTP 66 1_66_-778_827
13 0.006286 2 66
12 0.006286 2 66 11
13 0.006286 2 66
7 0.006286 1 66
16 0.006286 3 0 PTP 65 1_65_-778_826
13 0.006286 2 65
12 0.006286 2 65 11
13 0.006286 2 65
7 0.006286 1 65
16 0.006286 3 0 PTP 34 1_34_-778_795
13 0.006286 2 34
12 0.006286 2 34 11
13 0.006286 2 34
7 0.006286 1 34
16 0.006286 3 0 PTP 33 1_33_-778_794
13 0.006286 2 33
12 0.006286 2 33 11
13 0.006286 2 33
7 0.006286 1 33
16 0.006286 3 0 PTP 104 1_104_-778_865
13 0.006286 2 104
12 0.006286 2 104 11
13 0.006286 2 104
7 0.006286 1 104
16 0.006286 3 0 PTP 103 1_103_-778_864
13 0.006286 2 103
12 0.006286 2 103 11
13 0.006286 2 103
7 0.006286 1 103
16 0.006286 3 0 PTP 102 1_102_-778_863
13 0.006286 2 102
12 0.006286 2 102 11
13 0.006286 2 102
7 0.006286 1 102
16 0.006286 3 0 PTP 101 1_101_-778_862
13 0.006286 2 101
12 0.006286 2 101 11
13 0.006286 2 101
7 0.006286 1 101
16 0.006286 3 0 PTP 100 1_100_-778_861
13 0.006286 2 100
12 0.006286 2 100 11
13 0.006286 2 100
7 0.006286 1 100
16 0.006286 3 0 PTP 99 1_99_-778_860
13 0.006286 2 99
12 0.006286 2 99 11
13 0.006286 2 99
7 0.006286 1 99
16 0.006286 3 0 PTP 72 1_72_-778_833
13 0.006286 2 72
12 0.006286 2 72 11
13 0.006286 2 72
7 0.006286 1 72
16 0.006286 3 0 PTP 71 1_71_-778_832
13 0.006286 2 71
12 0.006286 2 71 11
13 0.006286 2 71
7 0.006286 1 71
16 0.006286 3 0 PTP 70 1_70_-778_831
13 0.006286 2 70
12 0.006286 2 70 11
13 0.006286 2 70
7 0.006286 1 70
16 0.006286 3 0 PTP 69 1_69_-778_830
13 0.006286 2 69
12 0.006286 2 69 11
13 0.006286 2 69
7 0.006286 1 69
16 0.006286 3 0 PTP 68 1_68_-778_829
13 0.006286 2 68
12 0.006286 2 68 11
13 0.006286 2 68
7 0.006286 1 68
16 0.006286 3 0 PTP 67 1_67_-778_828
13 0.006286 2 67
12 0.006286 2 67 11
13 0.006286 2 67
7 0.006286 1 67
16 0.006286 3 0 PTP 40 1_40_-778_801
13 0.006286 2 40
12 0.006286 2 40 11
13 0.006286 2 40
7 0.006286 1 40
16 0.006286 3 0 PTP 39 1_39_-778_800
13 0.006286 2 39
12 0.006286 2 39 11
13 0.006286 2 39
7 0.006286 1 39
16 0.006286 3 0 PTP 38 1_38_-778_799
13 0.006286 2 38
12 0.006286 2 38 11
13 0.006286 2 38
7 0.006286 1 38
16 0.006286 3 0 PTP 37 1_37_-778_798
13 0.006286 2 37
12 0.006286 2 37 11
13 0.006286 2 37
7 0.006286 1 37
16 0.006286 3 0 PTP 36 1_36_-778_797
13 0.006286 2 36
12 0.006286 2 36 11
13 0.006286 2 36
7 0.006286 1 36
16 0.006286 3 0 PTP 35 1_35_-778_796
13 0.006286 2 35
12 0.006286 2 35 11
13 0.006286 2 35
7 0.006286 1 35
16 0.006286 3 0 PTP 122 1_122_-778_883
13 0.006286 2 122
12 0.006286 2 122 11
13 0.006286 2 122
7 0.006286 1 122
16 0.006286 3 0 PTP 121 1_121_-778_882
13 0.006286 2 121
12 0.006286 2 121 11
13 0.006286 2 121
7 0.006286 1 121
16 0.006286 3 0 PTP 114 1_114_-778_875
13 0.006286 2 114
12 0.006286 2 114 11
13 0.006286 2 114
7 0.006286 1 114
16 0.006286 3 0 PTP 113 1_113_-778_874
13 0.006286 2 113
12 0.006286 2 113 11
13 0.006286 2 113
7 0.006286 1 113
16 0.006286 3 0 PTP 106 1_106_-778_867
13 0.006286 2 106
12 0.006286 2 106 11
13 0.006286 2 106
7 0.006286 1 106
16 0.006286 3 0 PTP 105 1_105_-778_866
13 0.006286 2 105
12 0.006286 2 105 11
13 0.006286 2 105
7 0.006286 1 105
16 0.006286 3 0 PTP 90 1_90_-778_851
13 0.006286 2 90
12 0.006286 2 90 11
13 0.006286 2 90
7 0.006286 1 90
16 0.006286 3 0 PTP 89 1_89_-778_850
13 0.006286 2 89
12 0.006286 2 89 11
13 0.006286 2 89
7 0.006286 1 89
16 0.006286 3 0 PTP 82 1_82_-778_843
13 0.006286 2 82
12 0.006286 2 82 11
13 0.006286 2 82
7 0.006286 1 82
16 0.006286 3 0 PTP 81 1_81_-778_842
13 0.006286 2 81
12 0.006286 2 81 11
13 0.006286 2 81
7 0.006286 1 81
16 0.006286 3 0 PTP 74 1_74_-778_835
13 0.006286 2 74
12 0.006286 2 74 11
13 0.006286 2 74
7 0.006286 1 74
16 0.006286 3 0 PTP 73 1_73_-778_834
13 0.006286 2 73
12 0.006286 2 73 11
13 0.006286 2 73
7 0.006286 1 73
16 0.006286 3 0 PTP 58 1_58_-778_819
13 0.006286 2 58
12 0.006286 2 58 11
13 0.006286 2 58
7 0.006286 1 58
16 0.006286 3 0 PTP 57 1_57_-778_818
13 0.006286 2 57
12 0.006286 2 57 11
13 0.006286 2 57
7 0.006286 1 57
16 0.006286 3 0 PTP 50 1_50_-778_811
13 0.006286 2 50
12 0.006286 2 50 11
13 0.006286 2 50
7 0.006286 1 50
16 0.006286 3 0 PTP 49 1_49_-778_810
13 0.006286 2 49
12 0.006286 2 49 11
13 0.006286 2 49
7 0.006286 1 49
16 0.006286 3 0 PTP 42 1_42_-778_803
13 0.006286 2 42
12 0.006286 2 42 11
13 0.006286 2 42
7 0.006286 1 42
16 0.006286 3 0 PTP 41 1_41_-778_802
13 0.006286 2 41
12 0.006286 2 41 11
13 0.006286 2 41
7 0.006286 1 41
16 0.006286 3 0 PTP 128 1_128_-778_889
13 0.006286 2 128
12 0.006286 2 128 11
13 0.006286 2 128
7 0.006286 1 128
16 0.006286 3 0 PTP 127 1_127_-778_888
13 0.006286 2 127
12 0.006286 2 127 11
13 0.006286 2 127
7 0.006286 1 127
16 0.006286 3 0 PTP 126 1_126_-778_887
13 0.006286 2 126
12 0.006286 2 126 11
13 0.006286 2 126
7 0.006286 1 126
16 0.006286 3 0 PTP 125 1_125_-778_886
13 0.006286 2 125
12 0.006286 2 125 11
13 0.006286 2 125
7 0.006286 1 125
16 0.006286 3 0 PTP 124 1_124_-778_885
13 0.006286 2 124
12 0.006286 2 124 11
13 0.006286 2 124
7 0.006286 1 124
16 0.006286 3 0 PTP 123 1_123_-778_884
13 0.006286 2 123
12 0.006286 2 123 11
13 0.006286 2 123
7 0.006286 1 123
16 0.006286 3 0 PTP 120 1_120_-778_881
13 0.006286 2 120
12 0.006286 2 120 11
13 0.006286 2 120
7 0.006286 1 120
16 0.006286 3 0 PTP 119 1_119_-778_880
13 0.006286 2 119
12 0.006286 2 119 11
13 0.006286 2 119
7 0.006286 1 119
16 0.006286 3 0 PTP 118 1_118_-778_879
13 0.006286 2 118
12 0.006286 2 118 11
13 0.006286 2 118
7 0.006286 1 118
16 0.006286 3 0 PTP 117 1_117_-778_878
13 0.006286 2 117
12 0.006286 2 117 11
13 0.006286 2 117
7 0.006286 1 117
16 0.006286 3 0 PTP 116 1_116_-778_877
13 0.006286 2 116
12 0.006286 2 116 11
13 0.006286 2 116
7 0.006286 1 116
16 0.006286 3 0 PTP 115 1_115_-778_876
13 0.006286 2 115
12 0.006286 2 115 11
13 0.006286 2 115
7 0.006286 1 115
16 0.006286 3 0 PTP 112 1_112_-778_873
13 0.006286 2 112
12 0.006286 2 112 11
13 0.006286 2 112
7 0.006286 1 112
16 0.006286 3 0 PTP 111 1_111_-778_872
13 0.006286 2 111
12 0.006286 2 111 11
13 0.006286 2 111
7 0.006286 1 111
16 0.006286 3 0 PTP 110 1_110_-778_871
13 0.006286 2 110
12 0.006286 2 110 11
13 0.006286 2 110
7 0.006286 1 110
16 0.006286 3 0 PTP 109 1_109_-778_870
13 0.006286 2 109
12 0.006286 2 109 11
13 0.006286 2 109
7 0.006286 1 109
16 0.006286 3 0 PTP 108 1_108_-778_869
13 0.006286 2 108
12 0.006286 2 108 11
13 0.006286 2 108
7 0.006286 1 108
16 0.006286 3 0 PTP 107 1_107_-778_868
13 0.006286 2 107
12 0.006286 2 107 11
13 0.006286 2 107
7 0.006286 1 107
16 0.006286 3 0 PTP 96 1_96_-778_857
13 0.006286 2 96
12 0.006286 2 96 11
13 0.006286 2 96
7 0.006286 1 96
16 0.006286 3 0 PTP 95 1_95_-778_856
13 0.006286 2 95
12 0.006286 2 95 11
13 0.006286 2 95
7 0.006286 1 95
16 0.006286 3 0 PTP 94 1_94_-778_855
13 0.006286 2 94
12 0.006286 2 94 11
13 0.006286 2 94
7 0.006286 1 94
16 0.006286 3 0 PTP 93 1_93_-778_854
13 0.006286 2 93
12 0.006286 2 93 11
13 0.006286 2 93
7 0.006286 1 93
16 0.006286 3 0 PTP 92 1_92_-778_853
13 0.006286 2 92
12 0.006286 2 92 11
13 0.006286 2 92
7 0.006286 1 92
16 0.006286 3 0 PTP 91 1_91_-778_852
13 0.006286 2 91
12 0.006286 2 91 11
13 0.006286 2 91
7 0.006286 1 91
16 0.006286 3 0 PTP 88 1_88_-778_849
13 0.006286 2 88
12 0.006286 2 88 11
13 0.006286 2 88
7 0.006286 1 88
16 0.006286 3 0 PTP 87 1_87_-778_848
13 0.006286 2 87
12 0.006286 2 87 11
13 0.006286 2 87
7 0.006286 1 87
16 0.006286 3 0 PTP 86 1_86_-778_847
13 0.006286 2 86
12 0.006286 2 86 11
13 0.006286 2 86
7 0.006286 1 86
16 0.006286 3 0 PTP 85 1_85_-778_846
13 0.006286 2 85
12 0.006286 2 85 11
13 0.006286 2 85
7 0.006286 1 85
16 0.006286 3 0 PTP 84 1_84_-778_845
13 0.006286 2 84
12 0.006286 2 84 11
13 0.006286 2 84
7 0.006286 1 84
16 0.006286 3 0 PTP 83 1_83_-778_844
13 0.006286 2 83
12 0.006286 2 83 11
13 0.006286 2 83
7 0.006286 1 83
16 0.006286 3 0 PTP 80 1_80_-778_841
13 0.006286 2 80
12 0.006286 2 80 11
13 0.006286 2 80
7 0.006286 1 80
16 0.006286 3 0 PTP 79 1_79_-778_840
13 0.006286 2 79
12 0.006286 2 79 11
13 0.006286 2 79
7 0.006286 1 79
16 0.006286 3 0 PTP 78 1_78_-778_839
13 0.006286 2 78
12 0.006286 2 78 11
13 0.006286 2 78
7 0.006286 1 78
16 0.006286 3 0 PTP 77 1_77_-778_838
13 0.006286 2 77
12 0.006286 2 77 11
13 0.006286 2 77
7 0.006286 1 77
16 0.006286 3 0 PTP 76 1_76_-778_837
13 0.006286 2 76
12 0.006286 2 76 11
13 0.006286 2 76
7 0.006286 1 76
16 0.006286 3 0 PTP 75 1_75_-778_836
13 0.006286 2 75
12 0.006286 2 75 11
13 0.006286 2 75
7 0.006286 1 75
16 0.006286 3 0 PTP 64 1_64_-778_825
13 0.006286 2 64
12 0.006286 2 64 11
13 0.006286 2 64
7 0.006286 1 64
16 0.006286 3 0 PTP 63 1_63_-778_824
13 0.006286 2 63
12 0.006286 2 63 11
13 0.006286 2 63
7 0.006286 1 63
16 0.006286 3 0 PTP 62 1_62_-778_823
13 0.006286 2 62
12 0.006286 2 62 11
13 0.006286 2 62
7 0.006286 1 62
16 0.006286 3 0 PTP 61 1_61_-778_822
13 0.006286 2 61
12 0.006286 2 61 11
13 0.006286 2 61
7 0.006286 1 61
16 0.006286 3 0 PTP 60 1_60_-778_821
13 0.006286 2 60
12 0.006286 2 60 11
13 0.006286 2 60
7 0.006286 1 60
16 0.006286 3 0 PTP 59 1_59_-778_820
13 0.006286 2 59
12 0.006286 2 59 11
13 0.006286 2 59
7 0.006286 1 59
16 0.006286 3 0 PTP 56 1_56_-778_817
13 0.006286 2 56
12 0.006286 2 56 11
13 0.006286 2 56
7 0.006286 1 56
16 0.006286 3 0 PTP 55 1_55_-778_816
13 0.006286 2 55
12 0.006286 2 55 11
13 0.006286 2 55
7 0.006286 1 55
16 0.006286 3 0 PTP 54 1_54_-778_815
13 0.006286 2 54
12 0.006286 2 54 11
13 0.006286 2 54
7 0.006286 1 54
16 0.006286 3 0 PTP 53 1_53_-778_814
13 0.006286 2 53
12 0.006286 2 53 11
13 0.006286 2 53
7 0.006286 1 53
16 0.006286 3 0 PTP 52 1_52_-778_813
13 0.006286 2 52
12 0.006286 2 52 11
13 0.006286 2 52
7 0.006286 1 52
16 0.006286 3 0 PTP 51 1_51_-778_812
13 0.006286 2 51
12 0.006286 2 51 11
13 0.006286 2 51
7 0.006286 1 51
16 0.006286 3 0 PTP 48 1_48_-778_809
13 0.006286 2 48
12 0.006286 2 48 11
13 0.006286 2 48
7 0.006286 1 48
16 0.006286 3 0 PTP 47 1_47_-778_808
13 0.006286 2 47
12 0.006286 2 47 11
13 0.006286 2 47
7 0.006286 1 47
16 0.006286 3 0 PTP 46 1_46_-778_807
13 0.006286 2 46
12 0.006286 2 46 11
13 0.006286 2 46
7 0.006286 1 46
16 0.006286 3 0 PTP 45 1_45_-778_806
13 0.006286 2 45
12 0.006286 2 45 11
13 0.006286 2 45
7 0.006286 1 45
16 0.006286 3 0 PTP 44 1_44_-778_805
13 0.006286 2 44
12 0.006286 2 44 11
13 0.006286 2 44
7 0.006286 1 44
16 0.006286 3 0 PTP 43 1_43_-778_804
13 0.006286 2 43
12 0.006286 2 43 11
13 0.006286 2 43
7 0.006286 1 43
