State,rank-98,MPI_STATE,0.000000,0.000000,0.000000,0.000000,PMPI_Init
State,rank-98,MPI_STATE,0.000000,0.000004,0.000004,0.000000,PMPI_Barrier
State,rank-98,MPI_STATE,0.000004,0.001112,0.001108,0.000000,PMPI_Scatter
State,rank-98,MPI_STATE,0.001112,0.001131,0.000019,0.000000,PMPI_Sendrecv
State,rank-98,MPI_STATE,0.001131,0.001190,0.000059,0.000000,PMPI_Sendrecv
State,rank-98,MPI_STATE,0.001190,0.001305,0.000115,0.000000,PMPI_Sendrecv
State,rank-98,MPI_STATE,0.001305,0.002314,0.001009,0.000000,PMPI_Sendrecv
State,rank-98,MPI_STATE,0.002314,0.004078,0.001764,0.000000,PMPI_Sendrecv
State,rank-98,MPI_STATE,0.004078,0.014874,0.010796,0.000000,PMPI_Sendrecv
State,rank-98,MPI_STATE,0.014874,0.032468,0.017594,0.000000,PMPI_Sendrecv
State,rank-98,MPI_STATE,0.032468,0.032468,0.000000,0.000000,PMPI_Reduce
State,rank-98,MPI_STATE,0.032468,0.032468,0.000000,0.000000,PMPI_Reduce
State,rank-98,MPI_STATE,0.032468,0.039470,0.007002,0.000000,PMPI_Barrier
State,rank-98,MPI_STATE,0.039470,0.039470,0.000000,0.000000,PMPI_Finalize
State,rank-97,MPI_STATE,0.000000,0.000000,0.000000,0.000000,PMPI_Init
State,rank-97,MPI_STATE,0.000000,0.000003,0.000003,0.000000,PMPI_Barrier
State,rank-97,MPI_STATE,0.000003,0.000888,0.000885,0.000000,PMPI_Scatter
State,rank-97,MPI_STATE,0.000888,0.000907,0.000019,0.000000,PMPI_Sendrecv
State,rank-97,MPI_STATE,0.000907,0.001190,0.000283,0.000000,PMPI_Sendrecv
State,rank-97,MPI_STATE,0.001190,0.001305,0.000115,0.000000,PMPI_Sendrecv
State,rank-97,MPI_STATE,0.001305,0.002045,0.000740,0.000000,PMPI_Sendrecv
State,rank-97,MPI_STATE,0.002045,0.002813,0.000768,0.000000,PMPI_Sendrecv
State,rank-97,MPI_STATE,0.002813,0.008171,0.005358,0.000000,PMPI_Sendrecv
State,rank-97,MPI_STATE,0.008171,0.009962,0.001791,0.000000,PMPI_Sendrecv
State,rank-97,MPI_STATE,0.009962,0.009962,0.000000,0.000000,PMPI_Reduce
State,rank-97,MPI_STATE,0.009962,0.009962,0.000000,0.000000,PMPI_Reduce
State,rank-97,MPI_STATE,0.009962,0.039470,0.029508,0.000000,PMPI_Barrier
State,rank-97,MPI_STATE,0.039470,0.039470,0.000000,0.000000,PMPI_Finalize
State,rank-96,MPI_STATE,0.000000,0.000000,0.000000,0.000000,PMPI_Init
State,rank-96,MPI_STATE,0.000000,0.000003,0.000003,0.000000,PMPI_Barrier
State,rank-96,MPI_STATE,0.000003,0.000888,0.000885,0.000000,PMPI_Scatter
State,rank-96,MPI_STATE,0.000888,0.000907,0.000019,0.000000,PMPI_Sendrecv
State,rank-96,MPI_STATE,0.000907,0.001190,0.000283,0.000000,PMPI_Sendrecv
State,rank-96,MPI_STATE,0.001190,0.001305,0.000115,0.000000,PMPI_Sendrecv
State,rank-96,MPI_STATE,0.001305,0.002045,0.000740,0.000000,PMPI_Sendrecv
State,rank-96,MPI_STATE,0.002045,0.002813,0.000768,0.000000,PMPI_Sendrecv
State,rank-96,MPI_STATE,0.002813,0.008171,0.005358,0.000000,PMPI_Sendrecv
State,rank-96,MPI_STATE,0.008171,0.009962,0.001791,0.000000,PMPI_Sendrecv
State,rank-96,MPI_STATE,0.009962,0.009962,0.000000,0.000000,PMPI_Reduce
State,rank-96,MPI_STATE,0.009962,0.009962,0.000000,0.000000,PMPI_Reduce
State,rank-96,MPI_STATE,0.009962,0.039470,0.029508,0.000000,PMPI_Barrier
State,rank-96,MPI_STATE,0.039470,0.039470,0.000000,0.000000,PMPI_Finalize
State,rank-95,MPI_STATE,0.000000,0.000000,0.000000,0.000000,PMPI_Init
State,rank-95,MPI_STATE,0.000000,0.000004,0.000004,0.000000,PMPI_Barrier
State,rank-95,MPI_STATE,0.000004,0.001224,0.001220,0.000000,PMPI_Scatter
State,rank-95,MPI_STATE,0.001224,0.001243,0.000019,0.000000,PMPI_Sendrecv
State,rank-95,MPI_STATE,0.001243,0.001303,0.000060,0.000000,PMPI_Sendrecv
State,rank-95,MPI_STATE,0.001303,0.001418,0.000115,0.000000,PMPI_Sendrecv
State,rank-95,MPI_STATE,0.001418,0.002314,0.000896,0.000000,PMPI_Sendrecv
State,rank-95,MPI_STATE,0.002314,0.003834,0.001520,0.000000,PMPI_Sendrecv
State,rank-95,MPI_STATE,0.003834,0.017029,0.013195,0.000000,PMPI_Sendrecv
State,rank-95,MPI_STATE,0.017029,0.039449,0.022420,0.000000,PMPI_Sendrecv
State,rank-95,MPI_STATE,0.039449,0.039449,0.000000,0.000000,PMPI_Reduce
State,rank-95,MPI_STATE,0.039449,0.039449,0.000000,0.000000,PMPI_Reduce
State,rank-95,MPI_STATE,0.039449,0.039471,0.000022,0.000000,PMPI_Barrier
State,rank-95,MPI_STATE,0.039471,0.039471,0.000000,0.000000,PMPI_Finalize
State,rank-94,MPI_STATE,0.000000,0.000000,0.000000,0.000000,PMPI_Init
State,rank-94,MPI_STATE,0.000000,0.000004,0.000004,0.000000,PMPI_Barrier
State,rank-94,MPI_STATE,0.000004,0.001224,0.001220,0.000000,PMPI_Scatter
State,rank-94,MPI_STATE,0.001224,0.001243,0.000019,0.000000,PMPI_Sendrecv
State,rank-94,MPI_STATE,0.001243,0.001303,0.000060,0.000000,PMPI_Sendrecv
State,rank-94,MPI_STATE,0.001303,0.001418,0.000115,0.000000,PMPI_Sendrecv
State,rank-94,MPI_STATE,0.001418,0.002314,0.000896,0.000000,PMPI_Sendrecv
State,rank-94,MPI_STATE,0.002314,0.003834,0.001520,0.000000,PMPI_Sendrecv
State,rank-94,MPI_STATE,0.003834,0.017029,0.013195,0.000000,PMPI_Sendrecv
State,rank-94,MPI_STATE,0.017029,0.039449,0.022420,0.000000,PMPI_Sendrecv
State,rank-94,MPI_STATE,0.039449,0.039449,0.000000,0.000000,PMPI_Reduce
State,rank-94,MPI_STATE,0.039449,0.039449,0.000000,0.000000,PMPI_Reduce
State,rank-94,MPI_STATE,0.039449,0.039471,0.000022,0.000000,PMPI_Barrier
State,rank-94,MPI_STATE,0.039471,0.039471,0.000000,0.000000,PMPI_Finalize
State,rank-93,MPI_STATE,0.000000,0.000000,0.000000,0.000000,PMPI_Init
State,rank-93,MPI_STATE,0.000000,0.000004,0.000004,0.000000,PMPI_Barrier
State,rank-93,MPI_STATE,0.000004,0.001224,0.001220,0.000000,PMPI_Scatter
State,rank-93,MPI_STATE,0.001224,0.001243,0.000019,0.000000,PMPI_Sendrecv
State,rank-93,MPI_STATE,0.001243,0.001303,0.000060,0.000000,PMPI_Sendrecv
State,rank-93,MPI_STATE,0.001303,0.001418,0.000115,0.000000,PMPI_Sendrecv
State,rank-93,MPI_STATE,0.001418,0.002314,0.000896,0.000000,PMPI_Sendrecv
State,rank-93,MPI_STATE,0.002314,0.003834,0.001520,0.000000,PMPI_Sendrecv
State,rank-93,MPI_STATE,0.003834,0.017029,0.013195,0.000000,PMPI_Sendrecv
State,rank-93,MPI_STATE,0.017029,0.039449,0.022420,0.000000,PMPI_Sendrecv
State,rank-93,MPI_STATE,0.039449,0.039449,0.000000,0.000000,PMPI_Reduce
State,rank-93,MPI_STATE,0.039449,0.039449,0.000000,0.000000,PMPI_Reduce
State,rank-93,MPI_STATE,0.039449,0.039471,0.000022,0.000000,PMPI_Barrier
State,rank-93,MPI_STATE,0.039471,0.039471,0.000000,0.000000,PMPI_Finalize
State,rank-92,MPI_STATE,0.000000,0.000000,0.000000,0.000000,PMPI_Init
State,rank-92,MPI_STATE,0.000000,0.000004,0.000004,0.000000,PMPI_Barrier
State,rank-92,MPI_STATE,0.000004,0.001224,0.001220,0.000000,PMPI_Scatter
State,rank-92,MPI_STATE,0.001224,0.001243,0.000019,0.000000,PMPI_Sendrecv
State,rank-92,MPI_STATE,0.001243,0.001303,0.000060,0.000000,PMPI_Sendrecv
State,rank-92,MPI_STATE,0.001303,0.001418,0.000115,0.000000,PMPI_Sendrecv
State,rank-92,MPI_STATE,0.001418,0.002314,0.000896,0.000000,PMPI_Sendrecv
State,rank-92,MPI_STATE,0.002314,0.003834,0.001520,0.000000,PMPI_Sendrecv
State,rank-92,MPI_STATE,0.003834,0.017029,0.013195,0.000000,PMPI_Sendrecv
State,rank-92,MPI_STATE,0.017029,0.039449,0.022420,0.000000,PMPI_Sendrecv
State,rank-92,MPI_STATE,0.039449,0.039449,0.000000,0.000000,PMPI_Reduce
State,rank-92,MPI_STATE,0.039449,0.039449,0.000000,0.000000,PMPI_Reduce
State,rank-92,MPI_STATE,0.039449,0.039471,0.000022,0.000000,PMPI_Barrier
State,rank-92,MPI_STATE,0.039471,0.039471,0.000000,0.000000,PMPI_Finalize
State,rank-91,MPI_STATE,0.000000,0.000000,0.000000,0.000000,PMPI_Init
State,rank-91,MPI_STATE,0.000000,0.000004,0.000004,0.000000,PMPI_Barrier
State,rank-91,MPI_STATE,0.000004,0.001224,0.001220,0.000000,PMPI_Scatter
State,rank-91,MPI_STATE,0.001224,0.001243,0.000019,0.000000,PMPI_Sendrecv
State,rank-91,MPI_STATE,0.001243,0.001303,0.000060,0.000000,PMPI_Sendrecv
State,rank-91,MPI_STATE,0.001303,0.001418,0.000115,0.000000,PMPI_Sendrecv
State,rank-91,MPI_STATE,0.001418,0.002314,0.000896,0.000000,PMPI_Sendrecv
State,rank-91,MPI_STATE,0.002314,0.003834,0.001520,0.000000,PMPI_Sendrecv
State,rank-91,MPI_STATE,0.003834,0.017029,0.013195,0.000000,PMPI_Sendrecv
State,rank-91,MPI_STATE,0.017029,0.039449,0.022420,0.000000,PMPI_Sendrecv
State,rank-91,MPI_STATE,0.039449,0.039449,0.000000,0.000000,PMPI_Reduce
State,rank-91,MPI_STATE,0.039449,0.039449,0.000000,0.000000,PMPI_Reduce
State,rank-91,MPI_STATE,0.039449,0.039471,0.000022,0.000000,PMPI_Barrier
State,rank-91,MPI_STATE,0.039471,0.039471,0.000000,0.000000,PMPI_Finalize
State,rank-90,MPI_STATE,0.000000,0.000000,0.000000,0.000000,PMPI_Init
State,rank-90,MPI_STATE,0.000000,0.000004,0.000004,0.000000,PMPI_Barrier
State,rank-90,MPI_STATE,0.000004,0.001224,0.001220,0.000000,PMPI_Scatter
State,rank-90,MPI_STATE,0.001224,0.001243,0.000019,0.000000,PMPI_Sendrecv
State,rank-90,MPI_STATE,0.001243,0.001303,0.000060,0.000000,PMPI_Sendrecv
State,rank-90,MPI_STATE,0.001303,0.001418,0.000115,0.000000,PMPI_Sendrecv
State,rank-90,MPI_STATE,0.001418,0.002314,0.000896,0.000000,PMPI_Sendrecv
State,rank-90,MPI_STATE,0.002314,0.003834,0.001520,0.000000,PMPI_Sendrecv
State,rank-90,MPI_STATE,0.003834,0.017029,0.013195,0.000000,PMPI_Sendrecv
State,rank-90,MPI_STATE,0.017029,0.039449,0.022420,0.000000,PMPI_Sendrecv
State,rank-90,MPI_STATE,0.039449,0.039449,0.000000,0.000000,PMPI_Reduce
State,rank-90,MPI_STATE,0.039449,0.039449,0.000000,0.000000,PMPI_Reduce
State,rank-90,MPI_STATE,0.039449,0.039471,0.000022,0.000000,PMPI_Barrier
State,rank-90,MPI_STATE,0.039471,0.039471,0.000000,0.000000,PMPI_Finalize
State,rank-89,MPI_STATE,0.000000,0.000000,0.000000,0.000000,PMPI_Init
State,rank-89,MPI_STATE,0.000000,0.000004,0.000004,0.000000,PMPI_Barrier
State,rank-89,MPI_STATE,0.000004,0.001120,0.001116,0.000000,PMPI_Scatter
State,rank-89,MPI_STATE,0.001120,0.001140,0.000020,0.000000,PMPI_Sendrecv
State,rank-89,MPI_STATE,0.001140,0.001303,0.000163,0.000000,PMPI_Sendrecv
State,rank-89,MPI_STATE,0.001303,0.001418,0.000115,0.000000,PMPI_Sendrecv
State,rank-89,MPI_STATE,0.001418,0.002045,0.000627,0.000000,PMPI_Sendrecv
State,rank-89,MPI_STATE,0.002045,0.002813,0.000768,0.000000,PMPI_Sendrecv
State,rank-89,MPI_STATE,0.002813,0.012699,0.009886,0.000000,PMPI_Sendrecv
State,rank-89,MPI_STATE,0.012699,0.025883,0.013184,0.000000,PMPI_Sendrecv
State,rank-89,MPI_STATE,0.025883,0.025883,0.000000,0.000000,PMPI_Reduce
State,rank-89,MPI_STATE,0.025883,0.025883,0.000000,0.000000,PMPI_Reduce
State,rank-89,MPI_STATE,0.025883,0.039471,0.013588,0.000000,PMPI_Barrier
State,rank-89,MPI_STATE,0.039471,0.039471,0.000000,0.000000,PMPI_Finalize
State,rank-8,MPI_STATE,0.000000,0.000000,0.000000,0.000000,PMPI_Init
State,rank-8,MPI_STATE,0.000000,0.000003,0.000003,0.000000,PMPI_Barrier
State,rank-8,MPI_STATE,0.000003,0.000855,0.000852,0.000000,PMPI_Scatter
State,rank-8,MPI_STATE,0.000855,0.000874,0.000019,0.000000,PMPI_Sendrecv
State,rank-8,MPI_STATE,0.000874,0.001167,0.000293,0.000000,PMPI_Sendrecv
State,rank-8,MPI_STATE,0.001167,0.001282,0.000115,0.000000,PMPI_Sendrecv
State,rank-8,MPI_STATE,0.001282,0.001928,0.000646,0.000000,PMPI_Sendrecv
State,rank-8,MPI_STATE,0.001928,0.002710,0.000782,0.000000,PMPI_Sendrecv
State,rank-8,MPI_STATE,0.002710,0.012699,0.009989,0.000000,PMPI_Sendrecv
State,rank-8,MPI_STATE,0.012699,0.025883,0.013184,0.000000,PMPI_Sendrecv
State,rank-8,MPI_STATE,0.025883,0.025883,0.000000,0.000000,PMPI_Reduce
State,rank-8,MPI_STATE,0.025883,0.025883,0.000000,0.000000,PMPI_Reduce
State,rank-8,MPI_STATE,0.025883,0.039470,0.013587,0.000000,PMPI_Barrier
State,rank-8,MPI_STATE,0.039470,0.039470,0.000000,0.000000,PMPI_Finalize
State,rank-88,MPI_STATE,0.000000,0.000000,0.000000,0.000000,PMPI_Init
State,rank-88,MPI_STATE,0.000000,0.000004,0.000004,0.000000,PMPI_Barrier
State,rank-88,MPI_STATE,0.000004,0.001120,0.001116,0.000000,PMPI_Scatter
State,rank-88,MPI_STATE,0.001120,0.001140,0.000020,0.000000,PMPI_Sendrecv
State,rank-88,MPI_STATE,0.001140,0.001303,0.000163,0.000000,PMPI_Sendrecv
State,rank-88,MPI_STATE,0.001303,0.001418,0.000115,0.000000,PMPI_Sendrecv
State,rank-88,MPI_STATE,0.001418,0.002045,0.000627,0.000000,PMPI_Sendrecv
State,rank-88,MPI_STATE,0.002045,0.002813,0.000768,0.000000,PMPI_Sendrecv
State,rank-88,MPI_STATE,0.002813,0.012699,0.009886,0.000000,PMPI_Sendrecv
State,rank-88,MPI_STATE,0.012699,0.025883,0.013184,0.000000,PMPI_Sendrecv
State,rank-88,MPI_STATE,0.025883,0.025883,0.000000,0.000000,PMPI_Reduce
State,rank-88,MPI_STATE,0.025883,0.025883,0.000000,0.000000,PMPI_Reduce
State,rank-88,MPI_STATE,0.025883,0.039471,0.013588,0.000000,PMPI_Barrier
State,rank-88,MPI_STATE,0.039471,0.039471,0.000000,0.000000,PMPI_Finalize
State,rank-87,MPI_STATE,0.000000,0.000000,0.000000,0.000000,PMPI_Init
State,rank-87,MPI_STATE,0.000000,0.000004,0.000004,0.000000,PMPI_Barrier
State,rank-87,MPI_STATE,0.000004,0.001224,0.001220,0.000000,PMPI_Scatter
State,rank-87,MPI_STATE,0.001224,0.001243,0.000019,0.000000,PMPI_Sendrecv
State,rank-87,MPI_STATE,0.001243,0.001303,0.000060,0.000000,PMPI_Sendrecv
State,rank-87,MPI_STATE,0.001303,0.001418,0.000115,0.000000,PMPI_Sendrecv
State,rank-87,MPI_STATE,0.001418,0.002314,0.000896,0.000000,PMPI_Sendrecv
State,rank-87,MPI_STATE,0.002314,0.004078,0.001764,0.000000,PMPI_Sendrecv
State,rank-87,MPI_STATE,0.004078,0.017095,0.013017,0.000000,PMPI_Sendrecv
State,rank-87,MPI_STATE,0.017095,0.039463,0.022368,0.000000,PMPI_Sendrecv
State,rank-87,MPI_STATE,0.039463,0.039463,0.000000,0.000000,PMPI_Reduce
State,rank-87,MPI_STATE,0.039463,0.039463,0.000000,0.000000,PMPI_Reduce
State,rank-87,MPI_STATE,0.039463,0.039471,0.000008,0.000000,PMPI_Barrier
State,rank-87,MPI_STATE,0.039471,0.039471,0.000000,0.000000,PMPI_Finalize
State,rank-86,MPI_STATE,0.000000,0.000000,0.000000,0.000000,PMPI_Init
State,rank-86,MPI_STATE,0.000000,0.000004,0.000004,0.000000,PMPI_Barrier
State,rank-86,MPI_STATE,0.000004,0.001224,0.001220,0.000000,PMPI_Scatter
State,rank-86,MPI_STATE,0.001224,0.001243,0.000019,0.000000,PMPI_Sendrecv
State,rank-86,MPI_STATE,0.001243,0.001303,0.000060,0.000000,PMPI_Sendrecv
State,rank-86,MPI_STATE,0.001303,0.001418,0.000115,0.000000,PMPI_Sendrecv
State,rank-86,MPI_STATE,0.001418,0.002314,0.000896,0.000000,PMPI_Sendrecv
State,rank-86,MPI_STATE,0.002314,0.004078,0.001764,0.000000,PMPI_Sendrecv
State,rank-86,MPI_STATE,0.004078,0.017095,0.013017,0.000000,PMPI_Sendrecv
State,rank-86,MPI_STATE,0.017095,0.039463,0.022368,0.000000,PMPI_Sendrecv
State,rank-86,MPI_STATE,0.039463,0.039463,0.000000,0.000000,PMPI_Reduce
State,rank-86,MPI_STATE,0.039463,0.039463,0.000000,0.000000,PMPI_Reduce
State,rank-86,MPI_STATE,0.039463,0.039471,0.000008,0.000000,PMPI_Barrier
State,rank-86,MPI_STATE,0.039471,0.039471,0.000000,0.000000,PMPI_Finalize
State,rank-85,MPI_STATE,0.000000,0.000000,0.000000,0.000000,PMPI_Init
State,rank-85,MPI_STATE,0.000000,0.000004,0.000004,0.000000,PMPI_Barrier
State,rank-85,MPI_STATE,0.000004,0.001224,0.001220,0.000000,PMPI_Scatter
State,rank-85,MPI_STATE,0.001224,0.001243,0.000019,0.000000,PMPI_Sendrecv
State,rank-85,MPI_STATE,0.001243,0.001303,0.000060,0.000000,PMPI_Sendrecv
State,rank-85,MPI_STATE,0.001303,0.001418,0.000115,0.000000,PMPI_Sendrecv
State,rank-85,MPI_STATE,0.001418,0.002314,0.000896,0.000000,PMPI_Sendrecv
State,rank-85,MPI_STATE,0.002314,0.004078,0.001764,0.000000,PMPI_Sendrecv
State,rank-85,MPI_STATE,0.004078,0.017095,0.013017,0.000000,PMPI_Sendrecv
State,rank-85,MPI_STATE,0.017095,0.039463,0.022368,0.000000,PMPI_Sendrecv
State,rank-85,MPI_STATE,0.039463,0.039463,0.000000,0.000000,PMPI_Reduce
State,rank-85,MPI_STATE,0.039463,0.039463,0.000000,0.000000,PMPI_Reduce
State,rank-85,MPI_STATE,0.039463,0.039471,0.000008,0.000000,PMPI_Barrier
State,rank-85,MPI_STATE,0.039471,0.039471,0.000000,0.000000,PMPI_Finalize
State,rank-84,MPI_STATE,0.000000,0.000000,0.000000,0.000000,PMPI_Init
State,rank-84,MPI_STATE,0.000000,0.000004,0.000004,0.000000,PMPI_Barrier
State,rank-84,MPI_STATE,0.000004,0.001224,0.001220,0.000000,PMPI_Scatter
State,rank-84,MPI_STATE,0.001224,0.001243,0.000019,0.000000,PMPI_Sendrecv
State,rank-84,MPI_STATE,0.001243,0.001303,0.000060,0.000000,PMPI_Sendrecv
State,rank-84,MPI_STATE,0.001303,0.001418,0.000115,0.000000,PMPI_Sendrecv
State,rank-84,MPI_STATE,0.001418,0.002314,0.000896,0.000000,PMPI_Sendrecv
State,rank-84,MPI_STATE,0.002314,0.004078,0.001764,0.000000,PMPI_Sendrecv
State,rank-84,MPI_STATE,0.004078,0.017095,0.013017,0.000000,PMPI_Sendrecv
State,rank-84,MPI_STATE,0.017095,0.039463,0.022368,0.000000,PMPI_Sendrecv
State,rank-84,MPI_STATE,0.039463,0.039463,0.000000,0.000000,PMPI_Reduce
State,rank-84,MPI_STATE,0.039463,0.039463,0.000000,0.000000,PMPI_Reduce
State,rank-84,MPI_STATE,0.039463,0.039471,0.000008,0.000000,PMPI_Barrier
State,rank-84,MPI_STATE,0.039471,0.039471,0.000000,0.000000,PMPI_Finalize
State,rank-83,MPI_STATE,0.000000,0.000000,0.000000,0.000000,PMPI_Init
State,rank-83,MPI_STATE,0.000000,0.000004,0.000004,0.000000,PMPI_Barrier
State,rank-83,MPI_STATE,0.000004,0.001224,0.001220,0.000000,PMPI_Scatter
State,rank-83,MPI_STATE,0.001224,0.001243,0.000019,0.000000,PMPI_Sendrecv
State,rank-83,MPI_STATE,0.001243,0.001303,0.000060,0.000000,PMPI_Sendrecv
State,rank-83,MPI_STATE,0.001303,0.001418,0.000115,0.000000,PMPI_Sendrecv
State,rank-83,MPI_STATE,0.001418,0.002314,0.000896,0.000000,PMPI_Sendrecv
State,rank-83,MPI_STATE,0.002314,0.004078,0.001764,0.000000,PMPI_Sendrecv
State,rank-83,MPI_STATE,0.004078,0.017095,0.013017,0.000000,PMPI_Sendrecv
State,rank-83,MPI_STATE,0.017095,0.039463,0.022368,0.000000,PMPI_Sendrecv
State,rank-83,MPI_STATE,0.039463,0.039463,0.000000,0.000000,PMPI_Reduce
State,rank-83,MPI_STATE,0.039463,0.039463,0.000000,0.000000,PMPI_Reduce
State,rank-83,MPI_STATE,0.039463,0.039471,0.000008,0.000000,PMPI_Barrier
State,rank-83,MPI_STATE,0.039471,0.039471,0.000000,0.000000,PMPI_Finalize
State,rank-82,MPI_STATE,0.000000,0.000000,0.000000,0.000000,PMPI_Init
State,rank-82,MPI_STATE,0.000000,0.000004,0.000004,0.000000,PMPI_Barrier
State,rank-82,MPI_STATE,0.000004,0.001224,0.001220,0.000000,PMPI_Scatter
State,rank-82,MPI_STATE,0.001224,0.001243,0.000019,0.000000,PMPI_Sendrecv
State,rank-82,MPI_STATE,0.001243,0.001303,0.000060,0.000000,PMPI_Sendrecv
State,rank-82,MPI_STATE,0.001303,0.001418,0.000115,0.000000,PMPI_Sendrecv
State,rank-82,MPI_STATE,0.001418,0.002314,0.000896,0.000000,PMPI_Sendrecv
State,rank-82,MPI_STATE,0.002314,0.004078,0.001764,0.000000,PMPI_Sendrecv
State,rank-82,MPI_STATE,0.004078,0.017095,0.013017,0.000000,PMPI_Sendrecv
State,rank-82,MPI_STATE,0.017095,0.039463,0.022368,0.000000,PMPI_Sendrecv
State,rank-82,MPI_STATE,0.039463,0.039463,0.000000,0.000000,PMPI_Reduce
State,rank-82,MPI_STATE,0.039463,0.039463,0.000000,0.000000,PMPI_Reduce
State,rank-82,MPI_STATE,0.039463,0.039471,0.000008,0.000000,PMPI_Barrier
State,rank-82,MPI_STATE,0.039471,0.039471,0.000000,0.000000,PMPI_Finalize
State,rank-81,MPI_STATE,0.000000,0.000000,0.000000,0.000000,PMPI_Init
State,rank-81,MPI_STATE,0.000000,0.000004,0.000004,0.000000,PMPI_Barrier
State,rank-81,MPI_STATE,0.000004,0.001120,0.001116,0.000000,PMPI_Scatter
State,rank-81,MPI_STATE,0.001120,0.001140,0.000020,0.000000,PMPI_Sendrecv
State,rank-81,MPI_STATE,0.001140,0.001303,0.000163,0.000000,PMPI_Sendrecv
State,rank-81,MPI_STATE,0.001303,0.001418,0.000115,0.000000,PMPI_Sendrecv
State,rank-81,MPI_STATE,0.001418,0.002045,0.000627,0.000000,PMPI_Sendrecv
State,rank-81,MPI_STATE,0.002045,0.002813,0.000768,0.000000,PMPI_Sendrecv
State,rank-81,MPI_STATE,0.002813,0.012699,0.009886,0.000000,PMPI_Sendrecv
State,rank-81,MPI_STATE,0.012699,0.025883,0.013184,0.000000,PMPI_Sendrecv
State,rank-81,MPI_STATE,0.025883,0.025883,0.000000,0.000000,PMPI_Reduce
State,rank-81,MPI_STATE,0.025883,0.025883,0.000000,0.000000,PMPI_Reduce
State,rank-81,MPI_STATE,0.025883,0.039471,0.013588,0.000000,PMPI_Barrier
State,rank-81,MPI_STATE,0.039471,0.039471,0.000000,0.000000,PMPI_Finalize
State,rank-80,MPI_STATE,0.000000,0.000000,0.000000,0.000000,PMPI_Init
State,rank-80,MPI_STATE,0.000000,0.000004,0.000004,0.000000,PMPI_Barrier
State,rank-80,MPI_STATE,0.000004,0.001120,0.001116,0.000000,PMPI_Scatter
State,rank-80,MPI_STATE,0.001120,0.001140,0.000020,0.000000,PMPI_Sendrecv
State,rank-80,MPI_STATE,0.001140,0.001303,0.000163,0.000000,PMPI_Sendrecv
State,rank-80,MPI_STATE,0.001303,0.001418,0.000115,0.000000,PMPI_Sendrecv
State,rank-80,MPI_STATE,0.001418,0.002045,0.000627,0.000000,PMPI_Sendrecv
State,rank-80,MPI_STATE,0.002045,0.002813,0.000768,0.000000,PMPI_Sendrecv
State,rank-80,MPI_STATE,0.002813,0.012699,0.009886,0.000000,PMPI_Sendrecv
State,rank-80,MPI_STATE,0.012699,0.025883,0.013184,0.000000,PMPI_Sendrecv
State,rank-80,MPI_STATE,0.025883,0.025883,0.000000,0.000000,PMPI_Reduce
State,rank-80,MPI_STATE,0.025883,0.025883,0.000000,0.000000,PMPI_Reduce
State,rank-80,MPI_STATE,0.025883,0.039471,0.013588,0.000000,PMPI_Barrier
State,rank-80,MPI_STATE,0.039471,0.039471,0.000000,0.000000,PMPI_Finalize
State,rank-79,MPI_STATE,0.000000,0.000000,0.000000,0.000000,PMPI_Init
State,rank-79,MPI_STATE,0.000000,0.000004,0.000004,0.000000,PMPI_Barrier
State,rank-79,MPI_STATE,0.000004,0.001224,0.001220,0.000000,PMPI_Scatter
State,rank-79,MPI_STATE,0.001224,0.001243,0.000019,0.000000,PMPI_Sendrecv
State,rank-79,MPI_STATE,0.001243,0.001303,0.000060,0.000000,PMPI_Sendrecv
State,rank-79,MPI_STATE,0.001303,0.001418,0.000115,0.000000,PMPI_Sendrecv
State,rank-79,MPI_STATE,0.001418,0.002314,0.000896,0.000000,PMPI_Sendrecv
State,rank-79,MPI_STATE,0.002314,0.003834,0.001520,0.000000,PMPI_Sendrecv
State,rank-79,MPI_STATE,0.003834,0.017029,0.013195,0.000000,PMPI_Sendrecv
State,rank-79,MPI_STATE,0.017029,0.039449,0.022420,0.000000,PMPI_Sendrecv
State,rank-79,MPI_STATE,0.039449,0.039449,0.000000,0.000000,PMPI_Reduce
State,rank-79,MPI_STATE,0.039449,0.039449,0.000000,0.000000,PMPI_Reduce
State,rank-79,MPI_STATE,0.039449,0.039471,0.000022,0.000000,PMPI_Barrier
State,rank-79,MPI_STATE,0.039471,0.039471,0.000000,0.000000,PMPI_Finalize
State,rank-7,MPI_STATE,0.000000,0.000000,0.000000,0.000000,PMPI_Init
State,rank-7,MPI_STATE,0.000000,0.000003,0.000003,0.000000,PMPI_Barrier
State,rank-7,MPI_STATE,0.000003,0.000836,0.000833,0.000000,PMPI_Scatter
State,rank-7,MPI_STATE,0.000836,0.000856,0.000020,0.000000,PMPI_Sendrecv
State,rank-7,MPI_STATE,0.000856,0.000915,0.000059,0.000000,PMPI_Sendrecv
State,rank-7,MPI_STATE,0.000915,0.001142,0.000227,0.000000,PMPI_Sendrecv
State,rank-7,MPI_STATE,0.001142,0.002165,0.001023,0.000000,PMPI_Sendrecv
State,rank-7,MPI_STATE,0.002165,0.003926,0.001761,0.000000,PMPI_Sendrecv
State,rank-7,MPI_STATE,0.003926,0.014874,0.010948,0.000000,PMPI_Sendrecv
State,rank-7,MPI_STATE,0.014874,0.032468,0.017594,0.000000,PMPI_Sendrecv
State,rank-7,MPI_STATE,0.032468,0.032468,0.000000,0.000000,PMPI_Reduce
State,rank-7,MPI_STATE,0.032468,0.032468,0.000000,0.000000,PMPI_Reduce
State,rank-7,MPI_STATE,0.032468,0.039470,0.007002,0.000000,PMPI_Barrier
State,rank-7,MPI_STATE,0.039470,0.039470,0.000000,0.000000,PMPI_Finalize
State,rank-78,MPI_STATE,0.000000,0.000000,0.000000,0.000000,PMPI_Init
State,rank-78,MPI_STATE,0.000000,0.000004,0.000004,0.000000,PMPI_Barrier
State,rank-78,MPI_STATE,0.000004,0.001224,0.001220,0.000000,PMPI_Scatter
State,rank-78,MPI_STATE,0.001224,0.001243,0.000019,0.000000,PMPI_Sendrecv
State,rank-78,MPI_STATE,0.001243,0.001303,0.000060,0.000000,PMPI_Sendrecv
State,rank-78,MPI_STATE,0.001303,0.001418,0.000115,0.000000,PMPI_Sendrecv
State,rank-78,MPI_STATE,0.001418,0.002314,0.000896,0.000000,PMPI_Sendrecv
State,rank-78,MPI_STATE,0.002314,0.003834,0.001520,0.000000,PMPI_Sendrecv
State,rank-78,MPI_STATE,0.003834,0.017029,0.013195,0.000000,PMPI_Sendrecv
State,rank-78,MPI_STATE,0.017029,0.039449,0.022420,0.000000,PMPI_Sendrecv
State,rank-78,MPI_STATE,0.039449,0.039449,0.000000,0.000000,PMPI_Reduce
State,rank-78,MPI_STATE,0.039449,0.039449,0.000000,0.000000,PMPI_Reduce
State,rank-78,MPI_STATE,0.039449,0.039471,0.000022,0.000000,PMPI_Barrier
State,rank-78,MPI_STATE,0.039471,0.039471,0.000000,0.000000,PMPI_Finalize
State,rank-77,MPI_STATE,0.000000,0.000000,0.000000,0.000000,PMPI_Init
State,rank-77,MPI_STATE,0.000000,0.000004,0.000004,0.000000,PMPI_Barrier
State,rank-77,MPI_STATE,0.000004,0.001224,0.001220,0.000000,PMPI_Scatter
State,rank-77,MPI_STATE,0.001224,0.001243,0.000019,0.000000,PMPI_Sendrecv
State,rank-77,MPI_STATE,0.001243,0.001303,0.000060,0.000000,PMPI_Sendrecv
State,rank-77,MPI_STATE,0.001303,0.001418,0.000115,0.000000,PMPI_Sendrecv
State,rank-77,MPI_STATE,0.001418,0.002314,0.000896,0.000000,PMPI_Sendrecv
State,rank-77,MPI_STATE,0.002314,0.003834,0.001520,0.000000,PMPI_Sendrecv
State,rank-77,MPI_STATE,0.003834,0.017029,0.013195,0.000000,PMPI_Sendrecv
State,rank-77,MPI_STATE,0.017029,0.039449,0.022420,0.000000,PMPI_Sendrecv
State,rank-77,MPI_STATE,0.039449,0.039449,0.000000,0.000000,PMPI_Reduce
State,rank-77,MPI_STATE,0.039449,0.039449,0.000000,0.000000,PMPI_Reduce
State,rank-77,MPI_STATE,0.039449,0.039471,0.000022,0.000000,PMPI_Barrier
State,rank-77,MPI_STATE,0.039471,0.039471,0.000000,0.000000,PMPI_Finalize
State,rank-76,MPI_STATE,0.000000,0.000000,0.000000,0.000000,PMPI_Init
State,rank-76,MPI_STATE,0.000000,0.000004,0.000004,0.000000,PMPI_Barrier
State,rank-76,MPI_STATE,0.000004,0.001224,0.001220,0.000000,PMPI_Scatter
State,rank-76,MPI_STATE,0.001224,0.001243,0.000019,0.000000,PMPI_Sendrecv
State,rank-76,MPI_STATE,0.001243,0.001303,0.000060,0.000000,PMPI_Sendrecv
State,rank-76,MPI_STATE,0.001303,0.001418,0.000115,0.000000,PMPI_Sendrecv
State,rank-76,MPI_STATE,0.001418,0.002314,0.000896,0.000000,PMPI_Sendrecv
State,rank-76,MPI_STATE,0.002314,0.003834,0.001520,0.000000,PMPI_Sendrecv
State,rank-76,MPI_STATE,0.003834,0.017029,0.013195,0.000000,PMPI_Sendrecv
State,rank-76,MPI_STATE,0.017029,0.039449,0.022420,0.000000,PMPI_Sendrecv
State,rank-76,MPI_STATE,0.039449,0.039449,0.000000,0.000000,PMPI_Reduce
State,rank-76,MPI_STATE,0.039449,0.039449,0.000000,0.000000,PMPI_Reduce
State,rank-76,MPI_STATE,0.039449,0.039471,0.000022,0.000000,PMPI_Barrier
State,rank-76,MPI_STATE,0.039471,0.039471,0.000000,0.000000,PMPI_Finalize
State,rank-75,MPI_STATE,0.000000,0.000000,0.000000,0.000000,PMPI_Init
State,rank-75,MPI_STATE,0.000000,0.000004,0.000004,0.000000,PMPI_Barrier
State,rank-75,MPI_STATE,0.000004,0.001224,0.001220,0.000000,PMPI_Scatter
State,rank-75,MPI_STATE,0.001224,0.001243,0.000019,0.000000,PMPI_Sendrecv
State,rank-75,MPI_STATE,0.001243,0.001303,0.000060,0.000000,PMPI_Sendrecv
State,rank-75,MPI_STATE,0.001303,0.001418,0.000115,0.000000,PMPI_Sendrecv
State,rank-75,MPI_STATE,0.001418,0.002314,0.000896,0.000000,PMPI_Sendrecv
State,rank-75,MPI_STATE,0.002314,0.003834,0.001520,0.000000,PMPI_Sendrecv
State,rank-75,MPI_STATE,0.003834,0.017029,0.013195,0.000000,PMPI_Sendrecv
State,rank-75,MPI_STATE,0.017029,0.039449,0.022420,0.000000,PMPI_Sendrecv
State,rank-75,MPI_STATE,0.039449,0.039449,0.000000,0.000000,PMPI_Reduce
State,rank-75,MPI_STATE,0.039449,0.039449,0.000000,0.000000,PMPI_Reduce
State,rank-75,MPI_STATE,0.039449,0.039471,0.000022,0.000000,PMPI_Barrier
State,rank-75,MPI_STATE,0.039471,0.039471,0.000000,0.000000,PMPI_Finalize
State,rank-74,MPI_STATE,0.000000,0.000000,0.000000,0.000000,PMPI_Init
State,rank-74,MPI_STATE,0.000000,0.000004,0.000004,0.000000,PMPI_Barrier
State,rank-74,MPI_STATE,0.000004,0.001224,0.001220,0.000000,PMPI_Scatter
State,rank-74,MPI_STATE,0.001224,0.001243,0.000019,0.000000,PMPI_Sendrecv
State,rank-74,MPI_STATE,0.001243,0.001303,0.000060,0.000000,PMPI_Sendrecv
State,rank-74,MPI_STATE,0.001303,0.001418,0.000115,0.000000,PMPI_Sendrecv
State,rank-74,MPI_STATE,0.001418,0.002314,0.000896,0.000000,PMPI_Sendrecv
State,rank-74,MPI_STATE,0.002314,0.003834,0.001520,0.000000,PMPI_Sendrecv
State,rank-74,MPI_STATE,0.003834,0.017029,0.013195,0.000000,PMPI_Sendrecv
State,rank-74,MPI_STATE,0.017029,0.039449,0.022420,0.000000,PMPI_Sendrecv
State,rank-74,MPI_STATE,0.039449,0.039449,0.000000,0.000000,PMPI_Reduce
State,rank-74,MPI_STATE,0.039449,0.039449,0.000000,0.000000,PMPI_Reduce
State,rank-74,MPI_STATE,0.039449,0.039471,0.000022,0.000000,PMPI_Barrier
State,rank-74,MPI_STATE,0.039471,0.039471,0.000000,0.000000,PMPI_Finalize
State,rank-73,MPI_STATE,0.000000,0.000000,0.000000,0.000000,PMPI_Init
State,rank-73,MPI_STATE,0.000000,0.000004,0.000004,0.000000,PMPI_Barrier
State,rank-73,MPI_STATE,0.000004,0.001120,0.001116,0.000000,PMPI_Scatter
State,rank-73,MPI_STATE,0.001120,0.001140,0.000020,0.000000,PMPI_Sendrecv
State,rank-73,MPI_STATE,0.001140,0.001303,0.000163,0.000000,PMPI_Sendrecv
State,rank-73,MPI_STATE,0.001303,0.001418,0.000115,0.000000,PMPI_Sendrecv
State,rank-73,MPI_STATE,0.001418,0.002045,0.000627,0.000000,PMPI_Sendrecv
State,rank-73,MPI_STATE,0.002045,0.002813,0.000768,0.000000,PMPI_Sendrecv
State,rank-73,MPI_STATE,0.002813,0.012699,0.009886,0.000000,PMPI_Sendrecv
State,rank-73,MPI_STATE,0.012699,0.025883,0.013184,0.000000,PMPI_Sendrecv
State,rank-73,MPI_STATE,0.025883,0.025883,0.000000,0.000000,PMPI_Reduce
State,rank-73,MPI_STATE,0.025883,0.025883,0.000000,0.000000,PMPI_Reduce
State,rank-73,MPI_STATE,0.025883,0.039471,0.013588,0.000000,PMPI_Barrier
State,rank-73,MPI_STATE,0.039471,0.039471,0.000000,0.000000,PMPI_Finalize
State,rank-72,MPI_STATE,0.000000,0.000000,0.000000,0.000000,PMPI_Init
State,rank-72,MPI_STATE,0.000000,0.000004,0.000004,0.000000,PMPI_Barrier
State,rank-72,MPI_STATE,0.000004,0.001120,0.001116,0.000000,PMPI_Scatter
State,rank-72,MPI_STATE,0.001120,0.001140,0.000020,0.000000,PMPI_Sendrecv
State,rank-72,MPI_STATE,0.001140,0.001303,0.000163,0.000000,PMPI_Sendrecv
State,rank-72,MPI_STATE,0.001303,0.001418,0.000115,0.000000,PMPI_Sendrecv
State,rank-72,MPI_STATE,0.001418,0.002045,0.000627,0.000000,PMPI_Sendrecv
State,rank-72,MPI_STATE,0.002045,0.002813,0.000768,0.000000,PMPI_Sendrecv
State,rank-72,MPI_STATE,0.002813,0.012699,0.009886,0.000000,PMPI_Sendrecv
State,rank-72,MPI_STATE,0.012699,0.025883,0.013184,0.000000,PMPI_Sendrecv
State,rank-72,MPI_STATE,0.025883,0.025883,0.000000,0.000000,PMPI_Reduce
State,rank-72,MPI_STATE,0.025883,0.025883,0.000000,0.000000,PMPI_Reduce
State,rank-72,MPI_STATE,0.025883,0.039471,0.013588,0.000000,PMPI_Barrier
State,rank-72,MPI_STATE,0.039471,0.039471,0.000000,0.000000,PMPI_Finalize
State,rank-71,MPI_STATE,0.000000,0.000000,0.000000,0.000000,PMPI_Init
State,rank-71,MPI_STATE,0.000000,0.000004,0.000004,0.000000,PMPI_Barrier
State,rank-71,MPI_STATE,0.000004,0.001112,0.001108,0.000000,PMPI_Scatter
State,rank-71,MPI_STATE,0.001112,0.001131,0.000019,0.000000,PMPI_Sendrecv
State,rank-71,MPI_STATE,0.001131,0.001190,0.000059,0.000000,PMPI_Sendrecv
State,rank-71,MPI_STATE,0.001190,0.001305,0.000115,0.000000,PMPI_Sendrecv
State,rank-71,MPI_STATE,0.001305,0.002314,0.001009,0.000000,PMPI_Sendrecv
State,rank-71,MPI_STATE,0.002314,0.004078,0.001764,0.000000,PMPI_Sendrecv
State,rank-71,MPI_STATE,0.004078,0.014874,0.010796,0.000000,PMPI_Sendrecv
State,rank-71,MPI_STATE,0.014874,0.032468,0.017594,0.000000,PMPI_Sendrecv
State,rank-71,MPI_STATE,0.032468,0.032468,0.000000,0.000000,PMPI_Reduce
State,rank-71,MPI_STATE,0.032468,0.032468,0.000000,0.000000,PMPI_Reduce
State,rank-71,MPI_STATE,0.032468,0.039470,0.007002,0.000000,PMPI_Barrier
State,rank-71,MPI_STATE,0.039470,0.039470,0.000000,0.000000,PMPI_Finalize
State,rank-70,MPI_STATE,0.000000,0.000000,0.000000,0.000000,PMPI_Init
State,rank-70,MPI_STATE,0.000000,0.000004,0.000004,0.000000,PMPI_Barrier
State,rank-70,MPI_STATE,0.000004,0.001112,0.001108,0.000000,PMPI_Scatter
State,rank-70,MPI_STATE,0.001112,0.001131,0.000019,0.000000,PMPI_Sendrecv
State,rank-70,MPI_STATE,0.001131,0.001190,0.000059,0.000000,PMPI_Sendrecv
State,rank-70,MPI_STATE,0.001190,0.001305,0.000115,0.000000,PMPI_Sendrecv
State,rank-70,MPI_STATE,0.001305,0.002314,0.001009,0.000000,PMPI_Sendrecv
State,rank-70,MPI_STATE,0.002314,0.004078,0.001764,0.000000,PMPI_Sendrecv
State,rank-70,MPI_STATE,0.004078,0.014874,0.010796,0.000000,PMPI_Sendrecv
State,rank-70,MPI_STATE,0.014874,0.032468,0.017594,0.000000,PMPI_Sendrecv
State,rank-70,MPI_STATE,0.032468,0.032468,0.000000,0.000000,PMPI_Reduce
State,rank-70,MPI_STATE,0.032468,0.032468,0.000000,0.000000,PMPI_Reduce
State,rank-70,MPI_STATE,0.032468,0.039470,0.007002,0.000000,PMPI_Barrier
State,rank-70,MPI_STATE,0.039470,0.039470,0.000000,0.000000,PMPI_Finalize
State,rank-69,MPI_STATE,0.000000,0.000000,0.000000,0.000000,PMPI_Init
State,rank-69,MPI_STATE,0.000000,0.000004,0.000004,0.000000,PMPI_Barrier
State,rank-69,MPI_STATE,0.000004,0.001112,0.001108,0.000000,PMPI_Scatter
State,rank-69,MPI_STATE,0.001112,0.001131,0.000019,0.000000,PMPI_Sendrecv
State,rank-69,MPI_STATE,0.001131,0.001190,0.000059,0.000000,PMPI_Sendrecv
State,rank-69,MPI_STATE,0.001190,0.001305,0.000115,0.000000,PMPI_Sendrecv
State,rank-69,MPI_STATE,0.001305,0.002314,0.001009,0.000000,PMPI_Sendrecv
State,rank-69,MPI_STATE,0.002314,0.004078,0.001764,0.000000,PMPI_Sendrecv
State,rank-69,MPI_STATE,0.004078,0.014874,0.010796,0.000000,PMPI_Sendrecv
State,rank-69,MPI_STATE,0.014874,0.032468,0.017594,0.000000,PMPI_Sendrecv
State,rank-69,MPI_STATE,0.032468,0.032468,0.000000,0.000000,PMPI_Reduce
State,rank-69,MPI_STATE,0.032468,0.032468,0.000000,0.000000,PMPI_Reduce
State,rank-69,MPI_STATE,0.032468,0.039470,0.007002,0.000000,PMPI_Barrier
State,rank-69,MPI_STATE,0.039470,0.039470,0.000000,0.000000,PMPI_Finalize
State,rank-6,MPI_STATE,0.000000,0.000000,0.000000,0.000000,PMPI_Init
State,rank-6,MPI_STATE,0.000000,0.000003,0.000003,0.000000,PMPI_Barrier
State,rank-6,MPI_STATE,0.000003,0.000836,0.000833,0.000000,PMPI_Scatter
State,rank-6,MPI_STATE,0.000836,0.000856,0.000020,0.000000,PMPI_Sendrecv
State,rank-6,MPI_STATE,0.000856,0.000915,0.000059,0.000000,PMPI_Sendrecv
State,rank-6,MPI_STATE,0.000915,0.001303,0.000388,0.000000,PMPI_Sendrecv
State,rank-6,MPI_STATE,0.001303,0.002178,0.000875,0.000000,PMPI_Sendrecv
State,rank-6,MPI_STATE,0.002178,0.003926,0.001748,0.000000,PMPI_Sendrecv
State,rank-6,MPI_STATE,0.003926,0.014874,0.010948,0.000000,PMPI_Sendrecv
State,rank-6,MPI_STATE,0.014874,0.032468,0.017594,0.000000,PMPI_Sendrecv
State,rank-6,MPI_STATE,0.032468,0.032468,0.000000,0.000000,PMPI_Reduce
State,rank-6,MPI_STATE,0.032468,0.032468,0.000000,0.000000,PMPI_Reduce
State,rank-6,MPI_STATE,0.032468,0.039470,0.007002,0.000000,PMPI_Barrier
State,rank-6,MPI_STATE,0.039470,0.039470,0.000000,0.000000,PMPI_Finalize
State,rank-68,MPI_STATE,0.000000,0.000000,0.000000,0.000000,PMPI_Init
State,rank-68,MPI_STATE,0.000000,0.000004,0.000004,0.000000,PMPI_Barrier
State,rank-68,MPI_STATE,0.000004,0.001112,0.001108,0.000000,PMPI_Scatter
State,rank-68,MPI_STATE,0.001112,0.001131,0.000019,0.000000,PMPI_Sendrecv
State,rank-68,MPI_STATE,0.001131,0.001190,0.000059,0.000000,PMPI_Sendrecv
State,rank-68,MPI_STATE,0.001190,0.001305,0.000115,0.000000,PMPI_Sendrecv
State,rank-68,MPI_STATE,0.001305,0.002314,0.001009,0.000000,PMPI_Sendrecv
State,rank-68,MPI_STATE,0.002314,0.004078,0.001764,0.000000,PMPI_Sendrecv
State,rank-68,MPI_STATE,0.004078,0.014874,0.010796,0.000000,PMPI_Sendrecv
State,rank-68,MPI_STATE,0.014874,0.032468,0.017594,0.000000,PMPI_Sendrecv
State,rank-68,MPI_STATE,0.032468,0.032468,0.000000,0.000000,PMPI_Reduce
State,rank-68,MPI_STATE,0.032468,0.032468,0.000000,0.000000,PMPI_Reduce
State,rank-68,MPI_STATE,0.032468,0.039470,0.007002,0.000000,PMPI_Barrier
State,rank-68,MPI_STATE,0.039470,0.039470,0.000000,0.000000,PMPI_Finalize
State,rank-67,MPI_STATE,0.000000,0.000000,0.000000,0.000000,PMPI_Init
State,rank-67,MPI_STATE,0.000000,0.000004,0.000004,0.000000,PMPI_Barrier
State,rank-67,MPI_STATE,0.000004,0.001112,0.001108,0.000000,PMPI_Scatter
State,rank-67,MPI_STATE,0.001112,0.001131,0.000019,0.000000,PMPI_Sendrecv
State,rank-67,MPI_STATE,0.001131,0.001190,0.000059,0.000000,PMPI_Sendrecv
State,rank-67,MPI_STATE,0.001190,0.001305,0.000115,0.000000,PMPI_Sendrecv
State,rank-67,MPI_STATE,0.001305,0.002314,0.001009,0.000000,PMPI_Sendrecv
State,rank-67,MPI_STATE,0.002314,0.004078,0.001764,0.000000,PMPI_Sendrecv
State,rank-67,MPI_STATE,0.004078,0.014874,0.010796,0.000000,PMPI_Sendrecv
State,rank-67,MPI_STATE,0.014874,0.032468,0.017594,0.000000,PMPI_Sendrecv
State,rank-67,MPI_STATE,0.032468,0.032468,0.000000,0.000000,PMPI_Reduce
State,rank-67,MPI_STATE,0.032468,0.032468,0.000000,0.000000,PMPI_Reduce
State,rank-67,MPI_STATE,0.032468,0.039470,0.007002,0.000000,PMPI_Barrier
State,rank-67,MPI_STATE,0.039470,0.039470,0.000000,0.000000,PMPI_Finalize
State,rank-66,MPI_STATE,0.000000,0.000000,0.000000,0.000000,PMPI_Init
State,rank-66,MPI_STATE,0.000000,0.000004,0.000004,0.000000,PMPI_Barrier
State,rank-66,MPI_STATE,0.000004,0.001112,0.001108,0.000000,PMPI_Scatter
State,rank-66,MPI_STATE,0.001112,0.001131,0.000019,0.000000,PMPI_Sendrecv
State,rank-66,MPI_STATE,0.001131,0.001190,0.000059,0.000000,PMPI_Sendrecv
State,rank-66,MPI_STATE,0.001190,0.001305,0.000115,0.000000,PMPI_Sendrecv
State,rank-66,MPI_STATE,0.001305,0.002314,0.001009,0.000000,PMPI_Sendrecv
State,rank-66,MPI_STATE,0.002314,0.004078,0.001764,0.000000,PMPI_Sendrecv
State,rank-66,MPI_STATE,0.004078,0.014874,0.010796,0.000000,PMPI_Sendrecv
State,rank-66,MPI_STATE,0.014874,0.032468,0.017594,0.000000,PMPI_Sendrecv
State,rank-66,MPI_STATE,0.032468,0.032468,0.000000,0.000000,PMPI_Reduce
State,rank-66,MPI_STATE,0.032468,0.032468,0.000000,0.000000,PMPI_Reduce
State,rank-66,MPI_STATE,0.032468,0.039470,0.007002,0.000000,PMPI_Barrier
State,rank-66,MPI_STATE,0.039470,0.039470,0.000000,0.000000,PMPI_Finalize
State,rank-65,MPI_STATE,0.000000,0.000000,0.000000,0.000000,PMPI_Init
State,rank-65,MPI_STATE,0.000000,0.000003,0.000003,0.000000,PMPI_Barrier
State,rank-65,MPI_STATE,0.000003,0.000888,0.000885,0.000000,PMPI_Scatter
State,rank-65,MPI_STATE,0.000888,0.000907,0.000019,0.000000,PMPI_Sendrecv
State,rank-65,MPI_STATE,0.000907,0.001190,0.000283,0.000000,PMPI_Sendrecv
State,rank-65,MPI_STATE,0.001190,0.001305,0.000115,0.000000,PMPI_Sendrecv
State,rank-65,MPI_STATE,0.001305,0.002045,0.000740,0.000000,PMPI_Sendrecv
State,rank-65,MPI_STATE,0.002045,0.002813,0.000768,0.000000,PMPI_Sendrecv
State,rank-65,MPI_STATE,0.002813,0.008171,0.005358,0.000000,PMPI_Sendrecv
State,rank-65,MPI_STATE,0.008171,0.009962,0.001791,0.000000,PMPI_Sendrecv
State,rank-65,MPI_STATE,0.009962,0.009962,0.000000,0.000000,PMPI_Reduce
State,rank-65,MPI_STATE,0.009962,0.009962,0.000000,0.000000,PMPI_Reduce
State,rank-65,MPI_STATE,0.009962,0.039470,0.029508,0.000000,PMPI_Barrier
State,rank-65,MPI_STATE,0.039470,0.039470,0.000000,0.000000,PMPI_Finalize
State,rank-64,MPI_STATE,0.000000,0.000000,0.000000,0.000000,PMPI_Init
State,rank-64,MPI_STATE,0.000000,0.000003,0.000003,0.000000,PMPI_Barrier
State,rank-64,MPI_STATE,0.000003,0.000888,0.000885,0.000000,PMPI_Scatter
State,rank-64,MPI_STATE,0.000888,0.000907,0.000019,0.000000,PMPI_Sendrecv
State,rank-64,MPI_STATE,0.000907,0.001190,0.000283,0.000000,PMPI_Sendrecv
State,rank-64,MPI_STATE,0.001190,0.001305,0.000115,0.000000,PMPI_Sendrecv
State,rank-64,MPI_STATE,0.001305,0.002045,0.000740,0.000000,PMPI_Sendrecv
State,rank-64,MPI_STATE,0.002045,0.002813,0.000768,0.000000,PMPI_Sendrecv
State,rank-64,MPI_STATE,0.002813,0.008171,0.005358,0.000000,PMPI_Sendrecv
State,rank-64,MPI_STATE,0.008171,0.009962,0.001791,0.000000,PMPI_Sendrecv
State,rank-64,MPI_STATE,0.009962,0.009962,0.000000,0.000000,PMPI_Reduce
State,rank-64,MPI_STATE,0.009962,0.009962,0.000000,0.000000,PMPI_Reduce
State,rank-64,MPI_STATE,0.009962,0.039470,0.029508,0.000000,PMPI_Barrier
State,rank-64,MPI_STATE,0.039470,0.039470,0.000000,0.000000,PMPI_Finalize
State,rank-63,MPI_STATE,0.000000,0.000000,0.000000,0.000000,PMPI_Init
State,rank-63,MPI_STATE,0.000000,0.000004,0.000004,0.000000,PMPI_Barrier
State,rank-63,MPI_STATE,0.000004,0.001224,0.001220,0.000000,PMPI_Scatter
State,rank-63,MPI_STATE,0.001224,0.001243,0.000019,0.000000,PMPI_Sendrecv
State,rank-63,MPI_STATE,0.001243,0.001303,0.000060,0.000000,PMPI_Sendrecv
State,rank-63,MPI_STATE,0.001303,0.001418,0.000115,0.000000,PMPI_Sendrecv
State,rank-63,MPI_STATE,0.001418,0.002314,0.000896,0.000000,PMPI_Sendrecv
State,rank-63,MPI_STATE,0.002314,0.003834,0.001520,0.000000,PMPI_Sendrecv
State,rank-63,MPI_STATE,0.003834,0.017029,0.013195,0.000000,PMPI_Sendrecv
State,rank-63,MPI_STATE,0.017029,0.039449,0.022420,0.000000,PMPI_Sendrecv
State,rank-63,MPI_STATE,0.039449,0.039449,0.000000,0.000000,PMPI_Reduce
State,rank-63,MPI_STATE,0.039449,0.039449,0.000000,0.000000,PMPI_Reduce
State,rank-63,MPI_STATE,0.039449,0.039471,0.000022,0.000000,PMPI_Barrier
State,rank-63,MPI_STATE,0.039471,0.039471,0.000000,0.000000,PMPI_Finalize
State,rank-62,MPI_STATE,0.000000,0.000000,0.000000,0.000000,PMPI_Init
State,rank-62,MPI_STATE,0.000000,0.000004,0.000004,0.000000,PMPI_Barrier
State,rank-62,MPI_STATE,0.000004,0.001224,0.001220,0.000000,PMPI_Scatter
State,rank-62,MPI_STATE,0.001224,0.001243,0.000019,0.000000,PMPI_Sendrecv
State,rank-62,MPI_STATE,0.001243,0.001303,0.000060,0.000000,PMPI_Sendrecv
State,rank-62,MPI_STATE,0.001303,0.001418,0.000115,0.000000,PMPI_Sendrecv
State,rank-62,MPI_STATE,0.001418,0.002314,0.000896,0.000000,PMPI_Sendrecv
State,rank-62,MPI_STATE,0.002314,0.003834,0.001520,0.000000,PMPI_Sendrecv
State,rank-62,MPI_STATE,0.003834,0.017029,0.013195,0.000000,PMPI_Sendrecv
State,rank-62,MPI_STATE,0.017029,0.039449,0.022420,0.000000,PMPI_Sendrecv
State,rank-62,MPI_STATE,0.039449,0.039449,0.000000,0.000000,PMPI_Reduce
State,rank-62,MPI_STATE,0.039449,0.039449,0.000000,0.000000,PMPI_Reduce
State,rank-62,MPI_STATE,0.039449,0.039471,0.000022,0.000000,PMPI_Barrier
State,rank-62,MPI_STATE,0.039471,0.039471,0.000000,0.000000,PMPI_Finalize
State,rank-61,MPI_STATE,0.000000,0.000000,0.000000,0.000000,PMPI_Init
State,rank-61,MPI_STATE,0.000000,0.000004,0.000004,0.000000,PMPI_Barrier
State,rank-61,MPI_STATE,0.000004,0.001224,0.001220,0.000000,PMPI_Scatter
State,rank-61,MPI_STATE,0.001224,0.001243,0.000019,0.000000,PMPI_Sendrecv
State,rank-61,MPI_STATE,0.001243,0.001303,0.000060,0.000000,PMPI_Sendrecv
State,rank-61,MPI_STATE,0.001303,0.001418,0.000115,0.000000,PMPI_Sendrecv
State,rank-61,MPI_STATE,0.001418,0.002314,0.000896,0.000000,PMPI_Sendrecv
State,rank-61,MPI_STATE,0.002314,0.003834,0.001520,0.000000,PMPI_Sendrecv
State,rank-61,MPI_STATE,0.003834,0.017029,0.013195,0.000000,PMPI_Sendrecv
State,rank-61,MPI_STATE,0.017029,0.039449,0.022420,0.000000,PMPI_Sendrecv
State,rank-61,MPI_STATE,0.039449,0.039449,0.000000,0.000000,PMPI_Reduce
State,rank-61,MPI_STATE,0.039449,0.039449,0.000000,0.000000,PMPI_Reduce
State,rank-61,MPI_STATE,0.039449,0.039471,0.000022,0.000000,PMPI_Barrier
State,rank-61,MPI_STATE,0.039471,0.039471,0.000000,0.000000,PMPI_Finalize
State,rank-60,MPI_STATE,0.000000,0.000000,0.000000,0.000000,PMPI_Init
State,rank-60,MPI_STATE,0.000000,0.000004,0.000004,0.000000,PMPI_Barrier
State,rank-60,MPI_STATE,0.000004,0.001224,0.001220,0.000000,PMPI_Scatter
State,rank-60,MPI_STATE,0.001224,0.001243,0.000019,0.000000,PMPI_Sendrecv
State,rank-60,MPI_STATE,0.001243,0.001303,0.000060,0.000000,PMPI_Sendrecv
State,rank-60,MPI_STATE,0.001303,0.001418,0.000115,0.000000,PMPI_Sendrecv
State,rank-60,MPI_STATE,0.001418,0.002314,0.000896,0.000000,PMPI_Sendrecv
State,rank-60,MPI_STATE,0.002314,0.003834,0.001520,0.000000,PMPI_Sendrecv
State,rank-60,MPI_STATE,0.003834,0.017029,0.013195,0.000000,PMPI_Sendrecv
State,rank-60,MPI_STATE,0.017029,0.039449,0.022420,0.000000,PMPI_Sendrecv
State,rank-60,MPI_STATE,0.039449,0.039449,0.000000,0.000000,PMPI_Reduce
State,rank-60,MPI_STATE,0.039449,0.039449,0.000000,0.000000,PMPI_Reduce
State,rank-60,MPI_STATE,0.039449,0.039471,0.000022,0.000000,PMPI_Barrier
State,rank-60,MPI_STATE,0.039471,0.039471,0.000000,0.000000,PMPI_Finalize
State,rank-59,MPI_STATE,0.000000,0.000000,0.000000,0.000000,PMPI_Init
State,rank-59,MPI_STATE,0.000000,0.000004,0.000004,0.000000,PMPI_Barrier
State,rank-59,MPI_STATE,0.000004,0.001224,0.001220,0.000000,PMPI_Scatter
State,rank-59,MPI_STATE,0.001224,0.001243,0.000019,0.000000,PMPI_Sendrecv
State,rank-59,MPI_STATE,0.001243,0.001303,0.000060,0.000000,PMPI_Sendrecv
State,rank-59,MPI_STATE,0.001303,0.001418,0.000115,0.000000,PMPI_Sendrecv
State,rank-59,MPI_STATE,0.001418,0.002314,0.000896,0.000000,PMPI_Sendrecv
State,rank-59,MPI_STATE,0.002314,0.003834,0.001520,0.000000,PMPI_Sendrecv
State,rank-59,MPI_STATE,0.003834,0.017029,0.013195,0.000000,PMPI_Sendrecv
State,rank-59,MPI_STATE,0.017029,0.039449,0.022420,0.000000,PMPI_Sendrecv
State,rank-59,MPI_STATE,0.039449,0.039449,0.000000,0.000000,PMPI_Reduce
State,rank-59,MPI_STATE,0.039449,0.039449,0.000000,0.000000,PMPI_Reduce
State,rank-59,MPI_STATE,0.039449,0.039471,0.000022,0.000000,PMPI_Barrier
State,rank-59,MPI_STATE,0.039471,0.039471,0.000000,0.000000,PMPI_Finalize
State,rank-5,MPI_STATE,0.000000,0.000000,0.000000,0.000000,PMPI_Init
State,rank-5,MPI_STATE,0.000000,0.000003,0.000003,0.000000,PMPI_Barrier
State,rank-5,MPI_STATE,0.000003,0.000836,0.000833,0.000000,PMPI_Scatter
State,rank-5,MPI_STATE,0.000836,0.000856,0.000020,0.000000,PMPI_Sendrecv
State,rank-5,MPI_STATE,0.000856,0.000915,0.000059,0.000000,PMPI_Sendrecv
State,rank-5,MPI_STATE,0.000915,0.001142,0.000227,0.000000,PMPI_Sendrecv
State,rank-5,MPI_STATE,0.001142,0.002165,0.001023,0.000000,PMPI_Sendrecv
State,rank-5,MPI_STATE,0.002165,0.003926,0.001761,0.000000,PMPI_Sendrecv
State,rank-5,MPI_STATE,0.003926,0.014874,0.010948,0.000000,PMPI_Sendrecv
State,rank-5,MPI_STATE,0.014874,0.032468,0.017594,0.000000,PMPI_Sendrecv
State,rank-5,MPI_STATE,0.032468,0.032468,0.000000,0.000000,PMPI_Reduce
State,rank-5,MPI_STATE,0.032468,0.032468,0.000000,0.000000,PMPI_Reduce
State,rank-5,MPI_STATE,0.032468,0.039470,0.007002,0.000000,PMPI_Barrier
State,rank-5,MPI_STATE,0.039470,0.039470,0.000000,0.000000,PMPI_Finalize
State,rank-58,MPI_STATE,0.000000,0.000000,0.000000,0.000000,PMPI_Init
State,rank-58,MPI_STATE,0.000000,0.000004,0.000004,0.000000,PMPI_Barrier
State,rank-58,MPI_STATE,0.000004,0.001224,0.001220,0.000000,PMPI_Scatter
State,rank-58,MPI_STATE,0.001224,0.001243,0.000019,0.000000,PMPI_Sendrecv
State,rank-58,MPI_STATE,0.001243,0.001303,0.000060,0.000000,PMPI_Sendrecv
State,rank-58,MPI_STATE,0.001303,0.001418,0.000115,0.000000,PMPI_Sendrecv
State,rank-58,MPI_STATE,0.001418,0.002314,0.000896,0.000000,PMPI_Sendrecv
State,rank-58,MPI_STATE,0.002314,0.003834,0.001520,0.000000,PMPI_Sendrecv
State,rank-58,MPI_STATE,0.003834,0.017029,0.013195,0.000000,PMPI_Sendrecv
State,rank-58,MPI_STATE,0.017029,0.039449,0.022420,0.000000,PMPI_Sendrecv
State,rank-58,MPI_STATE,0.039449,0.039449,0.000000,0.000000,PMPI_Reduce
State,rank-58,MPI_STATE,0.039449,0.039449,0.000000,0.000000,PMPI_Reduce
State,rank-58,MPI_STATE,0.039449,0.039471,0.000022,0.000000,PMPI_Barrier
State,rank-58,MPI_STATE,0.039471,0.039471,0.000000,0.000000,PMPI_Finalize
State,rank-57,MPI_STATE,0.000000,0.000000,0.000000,0.000000,PMPI_Init
State,rank-57,MPI_STATE,0.000000,0.000004,0.000004,0.000000,PMPI_Barrier
State,rank-57,MPI_STATE,0.000004,0.001120,0.001116,0.000000,PMPI_Scatter
State,rank-57,MPI_STATE,0.001120,0.001140,0.000020,0.000000,PMPI_Sendrecv
State,rank-57,MPI_STATE,0.001140,0.001303,0.000163,0.000000,PMPI_Sendrecv
State,rank-57,MPI_STATE,0.001303,0.001418,0.000115,0.000000,PMPI_Sendrecv
State,rank-57,MPI_STATE,0.001418,0.002045,0.000627,0.000000,PMPI_Sendrecv
State,rank-57,MPI_STATE,0.002045,0.002813,0.000768,0.000000,PMPI_Sendrecv
State,rank-57,MPI_STATE,0.002813,0.012699,0.009886,0.000000,PMPI_Sendrecv
State,rank-57,MPI_STATE,0.012699,0.025883,0.013184,0.000000,PMPI_Sendrecv
State,rank-57,MPI_STATE,0.025883,0.025883,0.000000,0.000000,PMPI_Reduce
State,rank-57,MPI_STATE,0.025883,0.025883,0.000000,0.000000,PMPI_Reduce
State,rank-57,MPI_STATE,0.025883,0.039471,0.013588,0.000000,PMPI_Barrier
State,rank-57,MPI_STATE,0.039471,0.039471,0.000000,0.000000,PMPI_Finalize
State,rank-56,MPI_STATE,0.000000,0.000000,0.000000,0.000000,PMPI_Init
State,rank-56,MPI_STATE,0.000000,0.000004,0.000004,0.000000,PMPI_Barrier
State,rank-56,MPI_STATE,0.000004,0.001120,0.001116,0.000000,PMPI_Scatter
State,rank-56,MPI_STATE,0.001120,0.001140,0.000020,0.000000,PMPI_Sendrecv
State,rank-56,MPI_STATE,0.001140,0.001303,0.000163,0.000000,PMPI_Sendrecv
State,rank-56,MPI_STATE,0.001303,0.001418,0.000115,0.000000,PMPI_Sendrecv
State,rank-56,MPI_STATE,0.001418,0.002045,0.000627,0.000000,PMPI_Sendrecv
State,rank-56,MPI_STATE,0.002045,0.002813,0.000768,0.000000,PMPI_Sendrecv
State,rank-56,MPI_STATE,0.002813,0.012699,0.009886,0.000000,PMPI_Sendrecv
State,rank-56,MPI_STATE,0.012699,0.025883,0.013184,0.000000,PMPI_Sendrecv
State,rank-56,MPI_STATE,0.025883,0.025883,0.000000,0.000000,PMPI_Reduce
State,rank-56,MPI_STATE,0.025883,0.025883,0.000000,0.000000,PMPI_Reduce
State,rank-56,MPI_STATE,0.025883,0.039471,0.013588,0.000000,PMPI_Barrier
State,rank-56,MPI_STATE,0.039471,0.039471,0.000000,0.000000,PMPI_Finalize
State,rank-55,MPI_STATE,0.000000,0.000000,0.000000,0.000000,PMPI_Init
State,rank-55,MPI_STATE,0.000000,0.000004,0.000004,0.000000,PMPI_Barrier
State,rank-55,MPI_STATE,0.000004,0.001224,0.001220,0.000000,PMPI_Scatter
State,rank-55,MPI_STATE,0.001224,0.001243,0.000019,0.000000,PMPI_Sendrecv
State,rank-55,MPI_STATE,0.001243,0.001303,0.000060,0.000000,PMPI_Sendrecv
State,rank-55,MPI_STATE,0.001303,0.001418,0.000115,0.000000,PMPI_Sendrecv
State,rank-55,MPI_STATE,0.001418,0.002314,0.000896,0.000000,PMPI_Sendrecv
State,rank-55,MPI_STATE,0.002314,0.004078,0.001764,0.000000,PMPI_Sendrecv
State,rank-55,MPI_STATE,0.004078,0.017095,0.013017,0.000000,PMPI_Sendrecv
State,rank-55,MPI_STATE,0.017095,0.039463,0.022368,0.000000,PMPI_Sendrecv
State,rank-55,MPI_STATE,0.039463,0.039463,0.000000,0.000000,PMPI_Reduce
State,rank-55,MPI_STATE,0.039463,0.039463,0.000000,0.000000,PMPI_Reduce
State,rank-55,MPI_STATE,0.039463,0.039471,0.000008,0.000000,PMPI_Barrier
State,rank-55,MPI_STATE,0.039471,0.039471,0.000000,0.000000,PMPI_Finalize
State,rank-54,MPI_STATE,0.000000,0.000000,0.000000,0.000000,PMPI_Init
State,rank-54,MPI_STATE,0.000000,0.000004,0.000004,0.000000,PMPI_Barrier
State,rank-54,MPI_STATE,0.000004,0.001224,0.001220,0.000000,PMPI_Scatter
State,rank-54,MPI_STATE,0.001224,0.001243,0.000019,0.000000,PMPI_Sendrecv
State,rank-54,MPI_STATE,0.001243,0.001303,0.000060,0.000000,PMPI_Sendrecv
State,rank-54,MPI_STATE,0.001303,0.001418,0.000115,0.000000,PMPI_Sendrecv
State,rank-54,MPI_STATE,0.001418,0.002314,0.000896,0.000000,PMPI_Sendrecv
State,rank-54,MPI_STATE,0.002314,0.004078,0.001764,0.000000,PMPI_Sendrecv
State,rank-54,MPI_STATE,0.004078,0.017095,0.013017,0.000000,PMPI_Sendrecv
State,rank-54,MPI_STATE,0.017095,0.039463,0.022368,0.000000,PMPI_Sendrecv
State,rank-54,MPI_STATE,0.039463,0.039463,0.000000,0.000000,PMPI_Reduce
State,rank-54,MPI_STATE,0.039463,0.039463,0.000000,0.000000,PMPI_Reduce
State,rank-54,MPI_STATE,0.039463,0.039471,0.000008,0.000000,PMPI_Barrier
State,rank-54,MPI_STATE,0.039471,0.039471,0.000000,0.000000,PMPI_Finalize
State,rank-53,MPI_STATE,0.000000,0.000000,0.000000,0.000000,PMPI_Init
State,rank-53,MPI_STATE,0.000000,0.000004,0.000004,0.000000,PMPI_Barrier
State,rank-53,MPI_STATE,0.000004,0.001224,0.001220,0.000000,PMPI_Scatter
State,rank-53,MPI_STATE,0.001224,0.001243,0.000019,0.000000,PMPI_Sendrecv
State,rank-53,MPI_STATE,0.001243,0.001303,0.000060,0.000000,PMPI_Sendrecv
State,rank-53,MPI_STATE,0.001303,0.001418,0.000115,0.000000,PMPI_Sendrecv
State,rank-53,MPI_STATE,0.001418,0.002314,0.000896,0.000000,PMPI_Sendrecv
State,rank-53,MPI_STATE,0.002314,0.004078,0.001764,0.000000,PMPI_Sendrecv
State,rank-53,MPI_STATE,0.004078,0.017095,0.013017,0.000000,PMPI_Sendrecv
State,rank-53,MPI_STATE,0.017095,0.039463,0.022368,0.000000,PMPI_Sendrecv
State,rank-53,MPI_STATE,0.039463,0.039463,0.000000,0.000000,PMPI_Reduce
State,rank-53,MPI_STATE,0.039463,0.039463,0.000000,0.000000,PMPI_Reduce
State,rank-53,MPI_STATE,0.039463,0.039471,0.000008,0.000000,PMPI_Barrier
State,rank-53,MPI_STATE,0.039471,0.039471,0.000000,0.000000,PMPI_Finalize
State,rank-52,MPI_STATE,0.000000,0.000000,0.000000,0.000000,PMPI_Init
State,rank-52,MPI_STATE,0.000000,0.000004,0.000004,0.000000,PMPI_Barrier
State,rank-52,MPI_STATE,0.000004,0.001224,0.001220,0.000000,PMPI_Scatter
State,rank-52,MPI_STATE,0.001224,0.001243,0.000019,0.000000,PMPI_Sendrecv
State,rank-52,MPI_STATE,0.001243,0.001303,0.000060,0.000000,PMPI_Sendrecv
State,rank-52,MPI_STATE,0.001303,0.001418,0.000115,0.000000,PMPI_Sendrecv
State,rank-52,MPI_STATE,0.001418,0.002314,0.000896,0.000000,PMPI_Sendrecv
State,rank-52,MPI_STATE,0.002314,0.004078,0.001764,0.000000,PMPI_Sendrecv
State,rank-52,MPI_STATE,0.004078,0.017095,0.013017,0.000000,PMPI_Sendrecv
State,rank-52,MPI_STATE,0.017095,0.039463,0.022368,0.000000,PMPI_Sendrecv
State,rank-52,MPI_STATE,0.039463,0.039463,0.000000,0.000000,PMPI_Reduce
State,rank-52,MPI_STATE,0.039463,0.039463,0.000000,0.000000,PMPI_Reduce
State,rank-52,MPI_STATE,0.039463,0.039471,0.000008,0.000000,PMPI_Barrier
State,rank-52,MPI_STATE,0.039471,0.039471,0.000000,0.000000,PMPI_Finalize
State,rank-51,MPI_STATE,0.000000,0.000000,0.000000,0.000000,PMPI_Init
State,rank-51,MPI_STATE,0.000000,0.000004,0.000004,0.000000,PMPI_Barrier
State,rank-51,MPI_STATE,0.000004,0.001224,0.001220,0.000000,PMPI_Scatter
State,rank-51,MPI_STATE,0.001224,0.001243,0.000019,0.000000,PMPI_Sendrecv
State,rank-51,MPI_STATE,0.001243,0.001303,0.000060,0.000000,PMPI_Sendrecv
State,rank-51,MPI_STATE,0.001303,0.001418,0.000115,0.000000,PMPI_Sendrecv
State,rank-51,MPI_STATE,0.001418,0.002314,0.000896,0.000000,PMPI_Sendrecv
State,rank-51,MPI_STATE,0.002314,0.004078,0.001764,0.000000,PMPI_Sendrecv
State,rank-51,MPI_STATE,0.004078,0.017095,0.013017,0.000000,PMPI_Sendrecv
State,rank-51,MPI_STATE,0.017095,0.039463,0.022368,0.000000,PMPI_Sendrecv
State,rank-51,MPI_STATE,0.039463,0.039463,0.000000,0.000000,PMPI_Reduce
State,rank-51,MPI_STATE,0.039463,0.039463,0.000000,0.000000,PMPI_Reduce
State,rank-51,MPI_STATE,0.039463,0.039471,0.000008,0.000000,PMPI_Barrier
State,rank-51,MPI_STATE,0.039471,0.039471,0.000000,0.000000,PMPI_Finalize
State,rank-50,MPI_STATE,0.000000,0.000000,0.000000,0.000000,PMPI_Init
State,rank-50,MPI_STATE,0.000000,0.000004,0.000004,0.000000,PMPI_Barrier
State,rank-50,MPI_STATE,0.000004,0.001224,0.001220,0.000000,PMPI_Scatter
State,rank-50,MPI_STATE,0.001224,0.001243,0.000019,0.000000,PMPI_Sendrecv
State,rank-50,MPI_STATE,0.001243,0.001303,0.000060,0.000000,PMPI_Sendrecv
State,rank-50,MPI_STATE,0.001303,0.001418,0.000115,0.000000,PMPI_Sendrecv
State,rank-50,MPI_STATE,0.001418,0.002314,0.000896,0.000000,PMPI_Sendrecv
State,rank-50,MPI_STATE,0.002314,0.004078,0.001764,0.000000,PMPI_Sendrecv
State,rank-50,MPI_STATE,0.004078,0.017095,0.013017,0.000000,PMPI_Sendrecv
State,rank-50,MPI_STATE,0.017095,0.039463,0.022368,0.000000,PMPI_Sendrecv
State,rank-50,MPI_STATE,0.039463,0.039463,0.000000,0.000000,PMPI_Reduce
State,rank-50,MPI_STATE,0.039463,0.039463,0.000000,0.000000,PMPI_Reduce
State,rank-50,MPI_STATE,0.039463,0.039471,0.000008,0.000000,PMPI_Barrier
State,rank-50,MPI_STATE,0.039471,0.039471,0.000000,0.000000,PMPI_Finalize
State,rank-49,MPI_STATE,0.000000,0.000000,0.000000,0.000000,PMPI_Init
State,rank-49,MPI_STATE,0.000000,0.000004,0.000004,0.000000,PMPI_Barrier
State,rank-49,MPI_STATE,0.000004,0.001120,0.001116,0.000000,PMPI_Scatter
State,rank-49,MPI_STATE,0.001120,0.001140,0.000020,0.000000,PMPI_Sendrecv
State,rank-49,MPI_STATE,0.001140,0.001303,0.000163,0.000000,PMPI_Sendrecv
State,rank-49,MPI_STATE,0.001303,0.001418,0.000115,0.000000,PMPI_Sendrecv
State,rank-49,MPI_STATE,0.001418,0.002045,0.000627,0.000000,PMPI_Sendrecv
State,rank-49,MPI_STATE,0.002045,0.002813,0.000768,0.000000,PMPI_Sendrecv
State,rank-49,MPI_STATE,0.002813,0.012699,0.009886,0.000000,PMPI_Sendrecv
State,rank-49,MPI_STATE,0.012699,0.025883,0.013184,0.000000,PMPI_Sendrecv
State,rank-49,MPI_STATE,0.025883,0.025883,0.000000,0.000000,PMPI_Reduce
State,rank-49,MPI_STATE,0.025883,0.025883,0.000000,0.000000,PMPI_Reduce
State,rank-49,MPI_STATE,0.025883,0.039471,0.013588,0.000000,PMPI_Barrier
State,rank-49,MPI_STATE,0.039471,0.039471,0.000000,0.000000,PMPI_Finalize
State,rank-4,MPI_STATE,0.000000,0.000000,0.000000,0.000000,PMPI_Init
State,rank-4,MPI_STATE,0.000000,0.000003,0.000003,0.000000,PMPI_Barrier
State,rank-4,MPI_STATE,0.000003,0.000836,0.000833,0.000000,PMPI_Scatter
State,rank-4,MPI_STATE,0.000836,0.000856,0.000020,0.000000,PMPI_Sendrecv
State,rank-4,MPI_STATE,0.000856,0.000915,0.000059,0.000000,PMPI_Sendrecv
State,rank-4,MPI_STATE,0.000915,0.001306,0.000391,0.000000,PMPI_Sendrecv
State,rank-4,MPI_STATE,0.001306,0.002179,0.000873,0.000000,PMPI_Sendrecv
State,rank-4,MPI_STATE,0.002179,0.003926,0.001747,0.000000,PMPI_Sendrecv
State,rank-4,MPI_STATE,0.003926,0.014874,0.010948,0.000000,PMPI_Sendrecv
State,rank-4,MPI_STATE,0.014874,0.032468,0.017594,0.000000,PMPI_Sendrecv
State,rank-4,MPI_STATE,0.032468,0.032468,0.000000,0.000000,PMPI_Reduce
State,rank-4,MPI_STATE,0.032468,0.032468,0.000000,0.000000,PMPI_Reduce
State,rank-4,MPI_STATE,0.032468,0.039470,0.007002,0.000000,PMPI_Barrier
State,rank-4,MPI_STATE,0.039470,0.039470,0.000000,0.000000,PMPI_Finalize
State,rank-48,MPI_STATE,0.000000,0.000000,0.000000,0.000000,PMPI_Init
State,rank-48,MPI_STATE,0.000000,0.000004,0.000004,0.000000,PMPI_Barrier
State,rank-48,MPI_STATE,0.000004,0.001120,0.001116,0.000000,PMPI_Scatter
State,rank-48,MPI_STATE,0.001120,0.001140,0.000020,0.000000,PMPI_Sendrecv
State,rank-48,MPI_STATE,0.001140,0.001303,0.000163,0.000000,PMPI_Sendrecv
State,rank-48,MPI_STATE,0.001303,0.001418,0.000115,0.000000,PMPI_Sendrecv
State,rank-48,MPI_STATE,0.001418,0.002045,0.000627,0.000000,PMPI_Sendrecv
State,rank-48,MPI_STATE,0.002045,0.002813,0.000768,0.000000,PMPI_Sendrecv
State,rank-48,MPI_STATE,0.002813,0.012699,0.009886,0.000000,PMPI_Sendrecv
State,rank-48,MPI_STATE,0.012699,0.025883,0.013184,0.000000,PMPI_Sendrecv
State,rank-48,MPI_STATE,0.025883,0.025883,0.000000,0.000000,PMPI_Reduce
State,rank-48,MPI_STATE,0.025883,0.025883,0.000000,0.000000,PMPI_Reduce
State,rank-48,MPI_STATE,0.025883,0.039471,0.013588,0.000000,PMPI_Barrier
State,rank-48,MPI_STATE,0.039471,0.039471,0.000000,0.000000,PMPI_Finalize
State,rank-47,MPI_STATE,0.000000,0.000000,0.000000,0.000000,PMPI_Init
State,rank-47,MPI_STATE,0.000000,0.000004,0.000004,0.000000,PMPI_Barrier
State,rank-47,MPI_STATE,0.000004,0.001224,0.001220,0.000000,PMPI_Scatter
State,rank-47,MPI_STATE,0.001224,0.001243,0.000019,0.000000,PMPI_Sendrecv
State,rank-47,MPI_STATE,0.001243,0.001303,0.000060,0.000000,PMPI_Sendrecv
State,rank-47,MPI_STATE,0.001303,0.001418,0.000115,0.000000,PMPI_Sendrecv
State,rank-47,MPI_STATE,0.001418,0.002314,0.000896,0.000000,PMPI_Sendrecv
State,rank-47,MPI_STATE,0.002314,0.003834,0.001520,0.000000,PMPI_Sendrecv
State,rank-47,MPI_STATE,0.003834,0.017029,0.013195,0.000000,PMPI_Sendrecv
State,rank-47,MPI_STATE,0.017029,0.039449,0.022420,0.000000,PMPI_Sendrecv
State,rank-47,MPI_STATE,0.039449,0.039449,0.000000,0.000000,PMPI_Reduce
State,rank-47,MPI_STATE,0.039449,0.039449,0.000000,0.000000,PMPI_Reduce
State,rank-47,MPI_STATE,0.039449,0.039471,0.000022,0.000000,PMPI_Barrier
State,rank-47,MPI_STATE,0.039471,0.039471,0.000000,0.000000,PMPI_Finalize
State,rank-46,MPI_STATE,0.000000,0.000000,0.000000,0.000000,PMPI_Init
State,rank-46,MPI_STATE,0.000000,0.000004,0.000004,0.000000,PMPI_Barrier
State,rank-46,MPI_STATE,0.000004,0.001224,0.001220,0.000000,PMPI_Scatter
State,rank-46,MPI_STATE,0.001224,0.001243,0.000019,0.000000,PMPI_Sendrecv
State,rank-46,MPI_STATE,0.001243,0.001303,0.000060,0.000000,PMPI_Sendrecv
State,rank-46,MPI_STATE,0.001303,0.001418,0.000115,0.000000,PMPI_Sendrecv
State,rank-46,MPI_STATE,0.001418,0.002314,0.000896,0.000000,PMPI_Sendrecv
State,rank-46,MPI_STATE,0.002314,0.003834,0.001520,0.000000,PMPI_Sendrecv
State,rank-46,MPI_STATE,0.003834,0.017029,0.013195,0.000000,PMPI_Sendrecv
State,rank-46,MPI_STATE,0.017029,0.039449,0.022420,0.000000,PMPI_Sendrecv
State,rank-46,MPI_STATE,0.039449,0.039449,0.000000,0.000000,PMPI_Reduce
State,rank-46,MPI_STATE,0.039449,0.039449,0.000000,0.000000,PMPI_Reduce
State,rank-46,MPI_STATE,0.039449,0.039471,0.000022,0.000000,PMPI_Barrier
State,rank-46,MPI_STATE,0.039471,0.039471,0.000000,0.000000,PMPI_Finalize
State,rank-45,MPI_STATE,0.000000,0.000000,0.000000,0.000000,PMPI_Init
State,rank-45,MPI_STATE,0.000000,0.000004,0.000004,0.000000,PMPI_Barrier
State,rank-45,MPI_STATE,0.000004,0.001224,0.001220,0.000000,PMPI_Scatter
State,rank-45,MPI_STATE,0.001224,0.001243,0.000019,0.000000,PMPI_Sendrecv
State,rank-45,MPI_STATE,0.001243,0.001303,0.000060,0.000000,PMPI_Sendrecv
State,rank-45,MPI_STATE,0.001303,0.001418,0.000115,0.000000,PMPI_Sendrecv
State,rank-45,MPI_STATE,0.001418,0.002314,0.000896,0.000000,PMPI_Sendrecv
State,rank-45,MPI_STATE,0.002314,0.003834,0.001520,0.000000,PMPI_Sendrecv
State,rank-45,MPI_STATE,0.003834,0.017029,0.013195,0.000000,PMPI_Sendrecv
State,rank-45,MPI_STATE,0.017029,0.039449,0.022420,0.000000,PMPI_Sendrecv
State,rank-45,MPI_STATE,0.039449,0.039449,0.000000,0.000000,PMPI_Reduce
State,rank-45,MPI_STATE,0.039449,0.039449,0.000000,0.000000,PMPI_Reduce
State,rank-45,MPI_STATE,0.039449,0.039471,0.000022,0.000000,PMPI_Barrier
State,rank-45,MPI_STATE,0.039471,0.039471,0.000000,0.000000,PMPI_Finalize
State,rank-44,MPI_STATE,0.000000,0.000000,0.000000,0.000000,PMPI_Init
State,rank-44,MPI_STATE,0.000000,0.000004,0.000004,0.000000,PMPI_Barrier
State,rank-44,MPI_STATE,0.000004,0.001224,0.001220,0.000000,PMPI_Scatter
State,rank-44,MPI_STATE,0.001224,0.001243,0.000019,0.000000,PMPI_Sendrecv
State,rank-44,MPI_STATE,0.001243,0.001303,0.000060,0.000000,PMPI_Sendrecv
State,rank-44,MPI_STATE,0.001303,0.001418,0.000115,0.000000,PMPI_Sendrecv
State,rank-44,MPI_STATE,0.001418,0.002314,0.000896,0.000000,PMPI_Sendrecv
State,rank-44,MPI_STATE,0.002314,0.003834,0.001520,0.000000,PMPI_Sendrecv
State,rank-44,MPI_STATE,0.003834,0.017029,0.013195,0.000000,PMPI_Sendrecv
State,rank-44,MPI_STATE,0.017029,0.039449,0.022420,0.000000,PMPI_Sendrecv
State,rank-44,MPI_STATE,0.039449,0.039449,0.000000,0.000000,PMPI_Reduce
State,rank-44,MPI_STATE,0.039449,0.039449,0.000000,0.000000,PMPI_Reduce
State,rank-44,MPI_STATE,0.039449,0.039471,0.000022,0.000000,PMPI_Barrier
State,rank-44,MPI_STATE,0.039471,0.039471,0.000000,0.000000,PMPI_Finalize
State,rank-43,MPI_STATE,0.000000,0.000000,0.000000,0.000000,PMPI_Init
State,rank-43,MPI_STATE,0.000000,0.000004,0.000004,0.000000,PMPI_Barrier
State,rank-43,MPI_STATE,0.000004,0.001224,0.001220,0.000000,PMPI_Scatter
State,rank-43,MPI_STATE,0.001224,0.001243,0.000019,0.000000,PMPI_Sendrecv
State,rank-43,MPI_STATE,0.001243,0.001303,0.000060,0.000000,PMPI_Sendrecv
State,rank-43,MPI_STATE,0.001303,0.001418,0.000115,0.000000,PMPI_Sendrecv
State,rank-43,MPI_STATE,0.001418,0.002314,0.000896,0.000000,PMPI_Sendrecv
State,rank-43,MPI_STATE,0.002314,0.003834,0.001520,0.000000,PMPI_Sendrecv
State,rank-43,MPI_STATE,0.003834,0.017029,0.013195,0.000000,PMPI_Sendrecv
State,rank-43,MPI_STATE,0.017029,0.039449,0.022420,0.000000,PMPI_Sendrecv
State,rank-43,MPI_STATE,0.039449,0.039449,0.000000,0.000000,PMPI_Reduce
State,rank-43,MPI_STATE,0.039449,0.039449,0.000000,0.000000,PMPI_Reduce
State,rank-43,MPI_STATE,0.039449,0.039471,0.000022,0.000000,PMPI_Barrier
State,rank-43,MPI_STATE,0.039471,0.039471,0.000000,0.000000,PMPI_Finalize
State,rank-42,MPI_STATE,0.000000,0.000000,0.000000,0.000000,PMPI_Init
State,rank-42,MPI_STATE,0.000000,0.000004,0.000004,0.000000,PMPI_Barrier
State,rank-42,MPI_STATE,0.000004,0.001224,0.001220,0.000000,PMPI_Scatter
State,rank-42,MPI_STATE,0.001224,0.001243,0.000019,0.000000,PMPI_Sendrecv
State,rank-42,MPI_STATE,0.001243,0.001303,0.000060,0.000000,PMPI_Sendrecv
State,rank-42,MPI_STATE,0.001303,0.001418,0.000115,0.000000,PMPI_Sendrecv
State,rank-42,MPI_STATE,0.001418,0.002314,0.000896,0.000000,PMPI_Sendrecv
State,rank-42,MPI_STATE,0.002314,0.003834,0.001520,0.000000,PMPI_Sendrecv
State,rank-42,MPI_STATE,0.003834,0.017029,0.013195,0.000000,PMPI_Sendrecv
State,rank-42,MPI_STATE,0.017029,0.039449,0.022420,0.000000,PMPI_Sendrecv
State,rank-42,MPI_STATE,0.039449,0.039449,0.000000,0.000000,PMPI_Reduce
State,rank-42,MPI_STATE,0.039449,0.039449,0.000000,0.000000,PMPI_Reduce
State,rank-42,MPI_STATE,0.039449,0.039471,0.000022,0.000000,PMPI_Barrier
State,rank-42,MPI_STATE,0.039471,0.039471,0.000000,0.000000,PMPI_Finalize
State,rank-41,MPI_STATE,0.000000,0.000000,0.000000,0.000000,PMPI_Init
State,rank-41,MPI_STATE,0.000000,0.000004,0.000004,0.000000,PMPI_Barrier
State,rank-41,MPI_STATE,0.000004,0.001120,0.001116,0.000000,PMPI_Scatter
State,rank-41,MPI_STATE,0.001120,0.001140,0.000020,0.000000,PMPI_Sendrecv
State,rank-41,MPI_STATE,0.001140,0.001303,0.000163,0.000000,PMPI_Sendrecv
State,rank-41,MPI_STATE,0.001303,0.001418,0.000115,0.000000,PMPI_Sendrecv
State,rank-41,MPI_STATE,0.001418,0.002045,0.000627,0.000000,PMPI_Sendrecv
State,rank-41,MPI_STATE,0.002045,0.002813,0.000768,0.000000,PMPI_Sendrecv
State,rank-41,MPI_STATE,0.002813,0.012699,0.009886,0.000000,PMPI_Sendrecv
State,rank-41,MPI_STATE,0.012699,0.025883,0.013184,0.000000,PMPI_Sendrecv
State,rank-41,MPI_STATE,0.025883,0.025883,0.000000,0.000000,PMPI_Reduce
State,rank-41,MPI_STATE,0.025883,0.025883,0.000000,0.000000,PMPI_Reduce
State,rank-41,MPI_STATE,0.025883,0.039471,0.013588,0.000000,PMPI_Barrier
State,rank-41,MPI_STATE,0.039471,0.039471,0.000000,0.000000,PMPI_Finalize
State,rank-40,MPI_STATE,0.000000,0.000000,0.000000,0.000000,PMPI_Init
State,rank-40,MPI_STATE,0.000000,0.000004,0.000004,0.000000,PMPI_Barrier
State,rank-40,MPI_STATE,0.000004,0.001120,0.001116,0.000000,PMPI_Scatter
State,rank-40,MPI_STATE,0.001120,0.001140,0.000020,0.000000,PMPI_Sendrecv
State,rank-40,MPI_STATE,0.001140,0.001303,0.000163,0.000000,PMPI_Sendrecv
State,rank-40,MPI_STATE,0.001303,0.001418,0.000115,0.000000,PMPI_Sendrecv
State,rank-40,MPI_STATE,0.001418,0.002045,0.000627,0.000000,PMPI_Sendrecv
State,rank-40,MPI_STATE,0.002045,0.002813,0.000768,0.000000,PMPI_Sendrecv
State,rank-40,MPI_STATE,0.002813,0.012699,0.009886,0.000000,PMPI_Sendrecv
State,rank-40,MPI_STATE,0.012699,0.025883,0.013184,0.000000,PMPI_Sendrecv
State,rank-40,MPI_STATE,0.025883,0.025883,0.000000,0.000000,PMPI_Reduce
State,rank-40,MPI_STATE,0.025883,0.025883,0.000000,0.000000,PMPI_Reduce
State,rank-40,MPI_STATE,0.025883,0.039471,0.013588,0.000000,PMPI_Barrier
State,rank-40,MPI_STATE,0.039471,0.039471,0.000000,0.000000,PMPI_Finalize
State,rank-39,MPI_STATE,0.000000,0.000000,0.000000,0.000000,PMPI_Init
State,rank-39,MPI_STATE,0.000000,0.000004,0.000004,0.000000,PMPI_Barrier
State,rank-39,MPI_STATE,0.000004,0.001112,0.001108,0.000000,PMPI_Scatter
State,rank-39,MPI_STATE,0.001112,0.001131,0.000019,0.000000,PMPI_Sendrecv
State,rank-39,MPI_STATE,0.001131,0.001190,0.000059,0.000000,PMPI_Sendrecv
State,rank-39,MPI_STATE,0.001190,0.001305,0.000115,0.000000,PMPI_Sendrecv
State,rank-39,MPI_STATE,0.001305,0.002314,0.001009,0.000000,PMPI_Sendrecv
State,rank-39,MPI_STATE,0.002314,0.004078,0.001764,0.000000,PMPI_Sendrecv
State,rank-39,MPI_STATE,0.004078,0.014874,0.010796,0.000000,PMPI_Sendrecv
State,rank-39,MPI_STATE,0.014874,0.032468,0.017594,0.000000,PMPI_Sendrecv
State,rank-39,MPI_STATE,0.032468,0.032468,0.000000,0.000000,PMPI_Reduce
State,rank-39,MPI_STATE,0.032468,0.032468,0.000000,0.000000,PMPI_Reduce
State,rank-39,MPI_STATE,0.032468,0.039470,0.007002,0.000000,PMPI_Barrier
State,rank-39,MPI_STATE,0.039470,0.039470,0.000000,0.000000,PMPI_Finalize
State,rank-3,MPI_STATE,0.000000,0.000000,0.000000,0.000000,PMPI_Init
State,rank-3,MPI_STATE,0.000000,0.000003,0.000003,0.000000,PMPI_Barrier
State,rank-3,MPI_STATE,0.000003,0.000836,0.000833,0.000000,PMPI_Scatter
State,rank-3,MPI_STATE,0.000836,0.000856,0.000020,0.000000,PMPI_Sendrecv
State,rank-3,MPI_STATE,0.000856,0.001083,0.000227,0.000000,PMPI_Sendrecv
State,rank-3,MPI_STATE,0.001083,0.001142,0.000059,0.000000,PMPI_Sendrecv
State,rank-3,MPI_STATE,0.001142,0.002165,0.001023,0.000000,PMPI_Sendrecv
State,rank-3,MPI_STATE,0.002165,0.003926,0.001761,0.000000,PMPI_Sendrecv
State,rank-3,MPI_STATE,0.003926,0.014874,0.010948,0.000000,PMPI_Sendrecv
State,rank-3,MPI_STATE,0.014874,0.032468,0.017594,0.000000,PMPI_Sendrecv
State,rank-3,MPI_STATE,0.032468,0.032468,0.000000,0.000000,PMPI_Reduce
State,rank-3,MPI_STATE,0.032468,0.032468,0.000000,0.000000,PMPI_Reduce
State,rank-3,MPI_STATE,0.032468,0.039470,0.007002,0.000000,PMPI_Barrier
State,rank-3,MPI_STATE,0.039470,0.039470,0.000000,0.000000,PMPI_Finalize
State,rank-38,MPI_STATE,0.000000,0.000000,0.000000,0.000000,PMPI_Init
State,rank-38,MPI_STATE,0.000000,0.000004,0.000004,0.000000,PMPI_Barrier
State,rank-38,MPI_STATE,0.000004,0.001112,0.001108,0.000000,PMPI_Scatter
State,rank-38,MPI_STATE,0.001112,0.001131,0.000019,0.000000,PMPI_Sendrecv
State,rank-38,MPI_STATE,0.001131,0.001190,0.000059,0.000000,PMPI_Sendrecv
State,rank-38,MPI_STATE,0.001190,0.001305,0.000115,0.000000,PMPI_Sendrecv
State,rank-38,MPI_STATE,0.001305,0.002314,0.001009,0.000000,PMPI_Sendrecv
State,rank-38,MPI_STATE,0.002314,0.004078,0.001764,0.000000,PMPI_Sendrecv
State,rank-38,MPI_STATE,0.004078,0.014874,0.010796,0.000000,PMPI_Sendrecv
State,rank-38,MPI_STATE,0.014874,0.032468,0.017594,0.000000,PMPI_Sendrecv
State,rank-38,MPI_STATE,0.032468,0.032468,0.000000,0.000000,PMPI_Reduce
State,rank-38,MPI_STATE,0.032468,0.032468,0.000000,0.000000,PMPI_Reduce
State,rank-38,MPI_STATE,0.032468,0.039470,0.007002,0.000000,PMPI_Barrier
State,rank-38,MPI_STATE,0.039470,0.039470,0.000000,0.000000,PMPI_Finalize
State,rank-37,MPI_STATE,0.000000,0.000000,0.000000,0.000000,PMPI_Init
State,rank-37,MPI_STATE,0.000000,0.000004,0.000004,0.000000,PMPI_Barrier
State,rank-37,MPI_STATE,0.000004,0.001112,0.001108,0.000000,PMPI_Scatter
State,rank-37,MPI_STATE,0.001112,0.001131,0.000019,0.000000,PMPI_Sendrecv
State,rank-37,MPI_STATE,0.001131,0.001190,0.000059,0.000000,PMPI_Sendrecv
State,rank-37,MPI_STATE,0.001190,0.001305,0.000115,0.000000,PMPI_Sendrecv
State,rank-37,MPI_STATE,0.001305,0.002314,0.001009,0.000000,PMPI_Sendrecv
State,rank-37,MPI_STATE,0.002314,0.004078,0.001764,0.000000,PMPI_Sendrecv
State,rank-37,MPI_STATE,0.004078,0.014874,0.010796,0.000000,PMPI_Sendrecv
State,rank-37,MPI_STATE,0.014874,0.032468,0.017594,0.000000,PMPI_Sendrecv
State,rank-37,MPI_STATE,0.032468,0.032468,0.000000,0.000000,PMPI_Reduce
State,rank-37,MPI_STATE,0.032468,0.032468,0.000000,0.000000,PMPI_Reduce
State,rank-37,MPI_STATE,0.032468,0.039470,0.007002,0.000000,PMPI_Barrier
State,rank-37,MPI_STATE,0.039470,0.039470,0.000000,0.000000,PMPI_Finalize
State,rank-36,MPI_STATE,0.000000,0.000000,0.000000,0.000000,PMPI_Init
State,rank-36,MPI_STATE,0.000000,0.000004,0.000004,0.000000,PMPI_Barrier
State,rank-36,MPI_STATE,0.000004,0.001112,0.001108,0.000000,PMPI_Scatter
State,rank-36,MPI_STATE,0.001112,0.001131,0.000019,0.000000,PMPI_Sendrecv
State,rank-36,MPI_STATE,0.001131,0.001190,0.000059,0.000000,PMPI_Sendrecv
State,rank-36,MPI_STATE,0.001190,0.001305,0.000115,0.000000,PMPI_Sendrecv
State,rank-36,MPI_STATE,0.001305,0.002314,0.001009,0.000000,PMPI_Sendrecv
State,rank-36,MPI_STATE,0.002314,0.004078,0.001764,0.000000,PMPI_Sendrecv
State,rank-36,MPI_STATE,0.004078,0.014874,0.010796,0.000000,PMPI_Sendrecv
State,rank-36,MPI_STATE,0.014874,0.032468,0.017594,0.000000,PMPI_Sendrecv
State,rank-36,MPI_STATE,0.032468,0.032468,0.000000,0.000000,PMPI_Reduce
State,rank-36,MPI_STATE,0.032468,0.032468,0.000000,0.000000,PMPI_Reduce
State,rank-36,MPI_STATE,0.032468,0.039470,0.007002,0.000000,PMPI_Barrier
State,rank-36,MPI_STATE,0.039470,0.039470,0.000000,0.000000,PMPI_Finalize
State,rank-35,MPI_STATE,0.000000,0.000000,0.000000,0.000000,PMPI_Init
State,rank-35,MPI_STATE,0.000000,0.000004,0.000004,0.000000,PMPI_Barrier
State,rank-35,MPI_STATE,0.000004,0.001112,0.001108,0.000000,PMPI_Scatter
State,rank-35,MPI_STATE,0.001112,0.001131,0.000019,0.000000,PMPI_Sendrecv
State,rank-35,MPI_STATE,0.001131,0.001190,0.000059,0.000000,PMPI_Sendrecv
State,rank-35,MPI_STATE,0.001190,0.001305,0.000115,0.000000,PMPI_Sendrecv
State,rank-35,MPI_STATE,0.001305,0.002314,0.001009,0.000000,PMPI_Sendrecv
State,rank-35,MPI_STATE,0.002314,0.004078,0.001764,0.000000,PMPI_Sendrecv
State,rank-35,MPI_STATE,0.004078,0.014874,0.010796,0.000000,PMPI_Sendrecv
State,rank-35,MPI_STATE,0.014874,0.032468,0.017594,0.000000,PMPI_Sendrecv
State,rank-35,MPI_STATE,0.032468,0.032468,0.000000,0.000000,PMPI_Reduce
State,rank-35,MPI_STATE,0.032468,0.032468,0.000000,0.000000,PMPI_Reduce
State,rank-35,MPI_STATE,0.032468,0.039470,0.007002,0.000000,PMPI_Barrier
State,rank-35,MPI_STATE,0.039470,0.039470,0.000000,0.000000,PMPI_Finalize
State,rank-34,MPI_STATE,0.000000,0.000000,0.000000,0.000000,PMPI_Init
State,rank-34,MPI_STATE,0.000000,0.000004,0.000004,0.000000,PMPI_Barrier
State,rank-34,MPI_STATE,0.000004,0.001112,0.001108,0.000000,PMPI_Scatter
State,rank-34,MPI_STATE,0.001112,0.001131,0.000019,0.000000,PMPI_Sendrecv
State,rank-34,MPI_STATE,0.001131,0.001190,0.000059,0.000000,PMPI_Sendrecv
State,rank-34,MPI_STATE,0.001190,0.001305,0.000115,0.000000,PMPI_Sendrecv
State,rank-34,MPI_STATE,0.001305,0.002314,0.001009,0.000000,PMPI_Sendrecv
State,rank-34,MPI_STATE,0.002314,0.004078,0.001764,0.000000,PMPI_Sendrecv
State,rank-34,MPI_STATE,0.004078,0.014874,0.010796,0.000000,PMPI_Sendrecv
State,rank-34,MPI_STATE,0.014874,0.032468,0.017594,0.000000,PMPI_Sendrecv
State,rank-34,MPI_STATE,0.032468,0.032468,0.000000,0.000000,PMPI_Reduce
State,rank-34,MPI_STATE,0.032468,0.032468,0.000000,0.000000,PMPI_Reduce
State,rank-34,MPI_STATE,0.032468,0.039470,0.007002,0.000000,PMPI_Barrier
State,rank-34,MPI_STATE,0.039470,0.039470,0.000000,0.000000,PMPI_Finalize
State,rank-33,MPI_STATE,0.000000,0.000000,0.000000,0.000000,PMPI_Init
State,rank-33,MPI_STATE,0.000000,0.000003,0.000003,0.000000,PMPI_Barrier
State,rank-33,MPI_STATE,0.000003,0.000888,0.000885,0.000000,PMPI_Scatter
State,rank-33,MPI_STATE,0.000888,0.000907,0.000019,0.000000,PMPI_Sendrecv
State,rank-33,MPI_STATE,0.000907,0.001190,0.000283,0.000000,PMPI_Sendrecv
State,rank-33,MPI_STATE,0.001190,0.001305,0.000115,0.000000,PMPI_Sendrecv
State,rank-33,MPI_STATE,0.001305,0.002045,0.000740,0.000000,PMPI_Sendrecv
State,rank-33,MPI_STATE,0.002045,0.002813,0.000768,0.000000,PMPI_Sendrecv
State,rank-33,MPI_STATE,0.002813,0.008171,0.005358,0.000000,PMPI_Sendrecv
State,rank-33,MPI_STATE,0.008171,0.009962,0.001791,0.000000,PMPI_Sendrecv
State,rank-33,MPI_STATE,0.009962,0.009962,0.000000,0.000000,PMPI_Reduce
State,rank-33,MPI_STATE,0.009962,0.009962,0.000000,0.000000,PMPI_Reduce
State,rank-33,MPI_STATE,0.009962,0.039470,0.029508,0.000000,PMPI_Barrier
State,rank-33,MPI_STATE,0.039470,0.039470,0.000000,0.000000,PMPI_Finalize
State,rank-32,MPI_STATE,0.000000,0.000000,0.000000,0.000000,PMPI_Init
State,rank-32,MPI_STATE,0.000000,0.000003,0.000003,0.000000,PMPI_Barrier
State,rank-32,MPI_STATE,0.000003,0.000888,0.000885,0.000000,PMPI_Scatter
State,rank-32,MPI_STATE,0.000888,0.000907,0.000019,0.000000,PMPI_Sendrecv
State,rank-32,MPI_STATE,0.000907,0.001190,0.000283,0.000000,PMPI_Sendrecv
State,rank-32,MPI_STATE,0.001190,0.001305,0.000115,0.000000,PMPI_Sendrecv
State,rank-32,MPI_STATE,0.001305,0.002045,0.000740,0.000000,PMPI_Sendrecv
State,rank-32,MPI_STATE,0.002045,0.002813,0.000768,0.000000,PMPI_Sendrecv
State,rank-32,MPI_STATE,0.002813,0.008171,0.005358,0.000000,PMPI_Sendrecv
State,rank-32,MPI_STATE,0.008171,0.009962,0.001791,0.000000,PMPI_Sendrecv
State,rank-32,MPI_STATE,0.009962,0.009962,0.000000,0.000000,PMPI_Reduce
State,rank-32,MPI_STATE,0.009962,0.009962,0.000000,0.000000,PMPI_Reduce
State,rank-32,MPI_STATE,0.009962,0.039470,0.029508,0.000000,PMPI_Barrier
State,rank-32,MPI_STATE,0.039470,0.039470,0.000000,0.000000,PMPI_Finalize
State,rank-31,MPI_STATE,0.000000,0.000000,0.000000,0.000000,PMPI_Init
State,rank-31,MPI_STATE,0.000000,0.000003,0.000003,0.000000,PMPI_Barrier
State,rank-31,MPI_STATE,0.000003,0.001089,0.001086,0.000000,PMPI_Scatter
State,rank-31,MPI_STATE,0.001089,0.001108,0.000019,0.000000,PMPI_Sendrecv
State,rank-31,MPI_STATE,0.001108,0.001167,0.000059,0.000000,PMPI_Sendrecv
State,rank-31,MPI_STATE,0.001167,0.001282,0.000115,0.000000,PMPI_Sendrecv
State,rank-31,MPI_STATE,0.001282,0.002179,0.000897,0.000000,PMPI_Sendrecv
State,rank-31,MPI_STATE,0.002179,0.003698,0.001519,0.000000,PMPI_Sendrecv
State,rank-31,MPI_STATE,0.003698,0.017029,0.013331,0.000000,PMPI_Sendrecv
State,rank-31,MPI_STATE,0.017029,0.039449,0.022420,0.000000,PMPI_Sendrecv
State,rank-31,MPI_STATE,0.039449,0.039449,0.000000,0.000000,PMPI_Reduce
State,rank-31,MPI_STATE,0.039449,0.039449,0.000000,0.000000,PMPI_Reduce
State,rank-31,MPI_STATE,0.039449,0.039470,0.000021,0.000000,PMPI_Barrier
State,rank-31,MPI_STATE,0.039470,0.039470,0.000000,0.000000,PMPI_Finalize
State,rank-30,MPI_STATE,0.000000,0.000000,0.000000,0.000000,PMPI_Init
State,rank-30,MPI_STATE,0.000000,0.000003,0.000003,0.000000,PMPI_Barrier
State,rank-30,MPI_STATE,0.000003,0.001089,0.001086,0.000000,PMPI_Scatter
State,rank-30,MPI_STATE,0.001089,0.001108,0.000019,0.000000,PMPI_Sendrecv
State,rank-30,MPI_STATE,0.001108,0.001167,0.000059,0.000000,PMPI_Sendrecv
State,rank-30,MPI_STATE,0.001167,0.001282,0.000115,0.000000,PMPI_Sendrecv
State,rank-30,MPI_STATE,0.001282,0.002179,0.000897,0.000000,PMPI_Sendrecv
State,rank-30,MPI_STATE,0.002179,0.003698,0.001519,0.000000,PMPI_Sendrecv
State,rank-30,MPI_STATE,0.003698,0.017029,0.013331,0.000000,PMPI_Sendrecv
State,rank-30,MPI_STATE,0.017029,0.039449,0.022420,0.000000,PMPI_Sendrecv
State,rank-30,MPI_STATE,0.039449,0.039449,0.000000,0.000000,PMPI_Reduce
State,rank-30,MPI_STATE,0.039449,0.039449,0.000000,0.000000,PMPI_Reduce
State,rank-30,MPI_STATE,0.039449,0.039470,0.000021,0.000000,PMPI_Barrier
State,rank-30,MPI_STATE,0.039470,0.039470,0.000000,0.000000,PMPI_Finalize
State,rank-29,MPI_STATE,0.000000,0.000000,0.000000,0.000000,PMPI_Init
State,rank-29,MPI_STATE,0.000000,0.000003,0.000003,0.000000,PMPI_Barrier
State,rank-29,MPI_STATE,0.000003,0.001089,0.001086,0.000000,PMPI_Scatter
State,rank-29,MPI_STATE,0.001089,0.001108,0.000019,0.000000,PMPI_Sendrecv
State,rank-29,MPI_STATE,0.001108,0.001167,0.000059,0.000000,PMPI_Sendrecv
State,rank-29,MPI_STATE,0.001167,0.001282,0.000115,0.000000,PMPI_Sendrecv
State,rank-29,MPI_STATE,0.001282,0.002179,0.000897,0.000000,PMPI_Sendrecv
State,rank-29,MPI_STATE,0.002179,0.003698,0.001519,0.000000,PMPI_Sendrecv
State,rank-29,MPI_STATE,0.003698,0.017029,0.013331,0.000000,PMPI_Sendrecv
State,rank-29,MPI_STATE,0.017029,0.039449,0.022420,0.000000,PMPI_Sendrecv
State,rank-29,MPI_STATE,0.039449,0.039449,0.000000,0.000000,PMPI_Reduce
State,rank-29,MPI_STATE,0.039449,0.039449,0.000000,0.000000,PMPI_Reduce
State,rank-29,MPI_STATE,0.039449,0.039470,0.000021,0.000000,PMPI_Barrier
State,rank-29,MPI_STATE,0.039470,0.039470,0.000000,0.000000,PMPI_Finalize
State,rank-2,MPI_STATE,0.000000,0.000000,0.000000,0.000000,PMPI_Init
State,rank-2,MPI_STATE,0.000000,0.000003,0.000003,0.000000,PMPI_Barrier
State,rank-2,MPI_STATE,0.000003,0.000836,0.000833,0.000000,PMPI_Scatter
State,rank-2,MPI_STATE,0.000836,0.000856,0.000020,0.000000,PMPI_Sendrecv
State,rank-2,MPI_STATE,0.000856,0.001243,0.000387,0.000000,PMPI_Sendrecv
State,rank-2,MPI_STATE,0.001243,0.001303,0.000060,0.000000,PMPI_Sendrecv
State,rank-2,MPI_STATE,0.001303,0.002178,0.000875,0.000000,PMPI_Sendrecv
State,rank-2,MPI_STATE,0.002178,0.003926,0.001748,0.000000,PMPI_Sendrecv
State,rank-2,MPI_STATE,0.003926,0.014874,0.010948,0.000000,PMPI_Sendrecv
State,rank-2,MPI_STATE,0.014874,0.032468,0.017594,0.000000,PMPI_Sendrecv
State,rank-2,MPI_STATE,0.032468,0.032468,0.000000,0.000000,PMPI_Reduce
State,rank-2,MPI_STATE,0.032468,0.032468,0.000000,0.000000,PMPI_Reduce
State,rank-2,MPI_STATE,0.032468,0.039470,0.007002,0.000000,PMPI_Barrier
State,rank-2,MPI_STATE,0.039470,0.039470,0.000000,0.000000,PMPI_Finalize
State,rank-28,MPI_STATE,0.000000,0.000000,0.000000,0.000000,PMPI_Init
State,rank-28,MPI_STATE,0.000000,0.000003,0.000003,0.000000,PMPI_Barrier
State,rank-28,MPI_STATE,0.000003,0.001089,0.001086,0.000000,PMPI_Scatter
State,rank-28,MPI_STATE,0.001089,0.001108,0.000019,0.000000,PMPI_Sendrecv
State,rank-28,MPI_STATE,0.001108,0.001167,0.000059,0.000000,PMPI_Sendrecv
State,rank-28,MPI_STATE,0.001167,0.001282,0.000115,0.000000,PMPI_Sendrecv
State,rank-28,MPI_STATE,0.001282,0.002179,0.000897,0.000000,PMPI_Sendrecv
State,rank-28,MPI_STATE,0.002179,0.003698,0.001519,0.000000,PMPI_Sendrecv
State,rank-28,MPI_STATE,0.003698,0.017029,0.013331,0.000000,PMPI_Sendrecv
State,rank-28,MPI_STATE,0.017029,0.039449,0.022420,0.000000,PMPI_Sendrecv
State,rank-28,MPI_STATE,0.039449,0.039449,0.000000,0.000000,PMPI_Reduce
State,rank-28,MPI_STATE,0.039449,0.039449,0.000000,0.000000,PMPI_Reduce
State,rank-28,MPI_STATE,0.039449,0.039470,0.000021,0.000000,PMPI_Barrier
State,rank-28,MPI_STATE,0.039470,0.039470,0.000000,0.000000,PMPI_Finalize
State,rank-27,MPI_STATE,0.000000,0.000000,0.000000,0.000000,PMPI_Init
State,rank-27,MPI_STATE,0.000000,0.000003,0.000003,0.000000,PMPI_Barrier
State,rank-27,MPI_STATE,0.000003,0.001089,0.001086,0.000000,PMPI_Scatter
State,rank-27,MPI_STATE,0.001089,0.001108,0.000019,0.000000,PMPI_Sendrecv
State,rank-27,MPI_STATE,0.001108,0.001167,0.000059,0.000000,PMPI_Sendrecv
State,rank-27,MPI_STATE,0.001167,0.001282,0.000115,0.000000,PMPI_Sendrecv
State,rank-27,MPI_STATE,0.001282,0.002179,0.000897,0.000000,PMPI_Sendrecv
State,rank-27,MPI_STATE,0.002179,0.003698,0.001519,0.000000,PMPI_Sendrecv
State,rank-27,MPI_STATE,0.003698,0.017029,0.013331,0.000000,PMPI_Sendrecv
State,rank-27,MPI_STATE,0.017029,0.039449,0.022420,0.000000,PMPI_Sendrecv
State,rank-27,MPI_STATE,0.039449,0.039449,0.000000,0.000000,PMPI_Reduce
State,rank-27,MPI_STATE,0.039449,0.039449,0.000000,0.000000,PMPI_Reduce
State,rank-27,MPI_STATE,0.039449,0.039470,0.000021,0.000000,PMPI_Barrier
State,rank-27,MPI_STATE,0.039470,0.039470,0.000000,0.000000,PMPI_Finalize
State,rank-26,MPI_STATE,0.000000,0.000000,0.000000,0.000000,PMPI_Init
State,rank-26,MPI_STATE,0.000000,0.000003,0.000003,0.000000,PMPI_Barrier
State,rank-26,MPI_STATE,0.000003,0.001089,0.001086,0.000000,PMPI_Scatter
State,rank-26,MPI_STATE,0.001089,0.001108,0.000019,0.000000,PMPI_Sendrecv
State,rank-26,MPI_STATE,0.001108,0.001167,0.000059,0.000000,PMPI_Sendrecv
State,rank-26,MPI_STATE,0.001167,0.001282,0.000115,0.000000,PMPI_Sendrecv
State,rank-26,MPI_STATE,0.001282,0.002179,0.000897,0.000000,PMPI_Sendrecv
State,rank-26,MPI_STATE,0.002179,0.003698,0.001519,0.000000,PMPI_Sendrecv
State,rank-26,MPI_STATE,0.003698,0.017029,0.013331,0.000000,PMPI_Sendrecv
State,rank-26,MPI_STATE,0.017029,0.039449,0.022420,0.000000,PMPI_Sendrecv
State,rank-26,MPI_STATE,0.039449,0.039449,0.000000,0.000000,PMPI_Reduce
State,rank-26,MPI_STATE,0.039449,0.039449,0.000000,0.000000,PMPI_Reduce
State,rank-26,MPI_STATE,0.039449,0.039470,0.000021,0.000000,PMPI_Barrier
State,rank-26,MPI_STATE,0.039470,0.039470,0.000000,0.000000,PMPI_Finalize
State,rank-25,MPI_STATE,0.000000,0.000000,0.000000,0.000000,PMPI_Init
State,rank-25,MPI_STATE,0.000000,0.000003,0.000003,0.000000,PMPI_Barrier
State,rank-25,MPI_STATE,0.000003,0.000855,0.000852,0.000000,PMPI_Scatter
State,rank-25,MPI_STATE,0.000855,0.000874,0.000019,0.000000,PMPI_Sendrecv
State,rank-25,MPI_STATE,0.000874,0.001167,0.000293,0.000000,PMPI_Sendrecv
State,rank-25,MPI_STATE,0.001167,0.001282,0.000115,0.000000,PMPI_Sendrecv
State,rank-25,MPI_STATE,0.001282,0.001910,0.000628,0.000000,PMPI_Sendrecv
State,rank-25,MPI_STATE,0.001910,0.002627,0.000717,0.000000,PMPI_Sendrecv
State,rank-25,MPI_STATE,0.002627,0.012699,0.010072,0.000000,PMPI_Sendrecv
State,rank-25,MPI_STATE,0.012699,0.025883,0.013184,0.000000,PMPI_Sendrecv
State,rank-25,MPI_STATE,0.025883,0.025883,0.000000,0.000000,PMPI_Reduce
State,rank-25,MPI_STATE,0.025883,0.025883,0.000000,0.000000,PMPI_Reduce
State,rank-25,MPI_STATE,0.025883,0.039470,0.013587,0.000000,PMPI_Barrier
State,rank-25,MPI_STATE,0.039470,0.039470,0.000000,0.000000,PMPI_Finalize
State,rank-24,MPI_STATE,0.000000,0.000000,0.000000,0.000000,PMPI_Init
State,rank-24,MPI_STATE,0.000000,0.000003,0.000003,0.000000,PMPI_Barrier
State,rank-24,MPI_STATE,0.000003,0.000855,0.000852,0.000000,PMPI_Scatter
State,rank-24,MPI_STATE,0.000855,0.000874,0.000019,0.000000,PMPI_Sendrecv
State,rank-24,MPI_STATE,0.000874,0.001167,0.000293,0.000000,PMPI_Sendrecv
State,rank-24,MPI_STATE,0.001167,0.001282,0.000115,0.000000,PMPI_Sendrecv
State,rank-24,MPI_STATE,0.001282,0.001910,0.000628,0.000000,PMPI_Sendrecv
State,rank-24,MPI_STATE,0.001910,0.002710,0.000800,0.000000,PMPI_Sendrecv
State,rank-24,MPI_STATE,0.002710,0.012699,0.009989,0.000000,PMPI_Sendrecv
State,rank-24,MPI_STATE,0.012699,0.025883,0.013184,0.000000,PMPI_Sendrecv
State,rank-24,MPI_STATE,0.025883,0.025883,0.000000,0.000000,PMPI_Reduce
State,rank-24,MPI_STATE,0.025883,0.025883,0.000000,0.000000,PMPI_Reduce
State,rank-24,MPI_STATE,0.025883,0.039470,0.013587,0.000000,PMPI_Barrier
State,rank-24,MPI_STATE,0.039470,0.039470,0.000000,0.000000,PMPI_Finalize
State,rank-23,MPI_STATE,0.000000,0.000000,0.000000,0.000000,PMPI_Init
State,rank-23,MPI_STATE,0.000000,0.000003,0.000003,0.000000,PMPI_Barrier
State,rank-23,MPI_STATE,0.000003,0.001089,0.001086,0.000000,PMPI_Scatter
State,rank-23,MPI_STATE,0.001089,0.001108,0.000019,0.000000,PMPI_Sendrecv
State,rank-23,MPI_STATE,0.001108,0.001167,0.000059,0.000000,PMPI_Sendrecv
State,rank-23,MPI_STATE,0.001167,0.001282,0.000115,0.000000,PMPI_Sendrecv
State,rank-23,MPI_STATE,0.001282,0.002179,0.000897,0.000000,PMPI_Sendrecv
State,rank-23,MPI_STATE,0.002179,0.003926,0.001747,0.000000,PMPI_Sendrecv
State,rank-23,MPI_STATE,0.003926,0.017095,0.013169,0.000000,PMPI_Sendrecv
State,rank-23,MPI_STATE,0.017095,0.039463,0.022368,0.000000,PMPI_Sendrecv
State,rank-23,MPI_STATE,0.039463,0.039463,0.000000,0.000000,PMPI_Reduce
State,rank-23,MPI_STATE,0.039463,0.039463,0.000000,0.000000,PMPI_Reduce
State,rank-23,MPI_STATE,0.039463,0.039470,0.000007,0.000000,PMPI_Barrier
State,rank-23,MPI_STATE,0.039470,0.039470,0.000000,0.000000,PMPI_Finalize
State,rank-22,MPI_STATE,0.000000,0.000000,0.000000,0.000000,PMPI_Init
State,rank-22,MPI_STATE,0.000000,0.000003,0.000003,0.000000,PMPI_Barrier
State,rank-22,MPI_STATE,0.000003,0.001089,0.001086,0.000000,PMPI_Scatter
State,rank-22,MPI_STATE,0.001089,0.001108,0.000019,0.000000,PMPI_Sendrecv
State,rank-22,MPI_STATE,0.001108,0.001167,0.000059,0.000000,PMPI_Sendrecv
State,rank-22,MPI_STATE,0.001167,0.001282,0.000115,0.000000,PMPI_Sendrecv
State,rank-22,MPI_STATE,0.001282,0.002179,0.000897,0.000000,PMPI_Sendrecv
State,rank-22,MPI_STATE,0.002179,0.003926,0.001747,0.000000,PMPI_Sendrecv
State,rank-22,MPI_STATE,0.003926,0.017095,0.013169,0.000000,PMPI_Sendrecv
State,rank-22,MPI_STATE,0.017095,0.039463,0.022368,0.000000,PMPI_Sendrecv
State,rank-22,MPI_STATE,0.039463,0.039463,0.000000,0.000000,PMPI_Reduce
State,rank-22,MPI_STATE,0.039463,0.039463,0.000000,0.000000,PMPI_Reduce
State,rank-22,MPI_STATE,0.039463,0.039470,0.000007,0.000000,PMPI_Barrier
State,rank-22,MPI_STATE,0.039470,0.039470,0.000000,0.000000,PMPI_Finalize
State,rank-21,MPI_STATE,0.000000,0.000000,0.000000,0.000000,PMPI_Init
State,rank-21,MPI_STATE,0.000000,0.000003,0.000003,0.000000,PMPI_Barrier
State,rank-21,MPI_STATE,0.000003,0.001089,0.001086,0.000000,PMPI_Scatter
State,rank-21,MPI_STATE,0.001089,0.001108,0.000019,0.000000,PMPI_Sendrecv
State,rank-21,MPI_STATE,0.001108,0.001167,0.000059,0.000000,PMPI_Sendrecv
State,rank-21,MPI_STATE,0.001167,0.001282,0.000115,0.000000,PMPI_Sendrecv
State,rank-21,MPI_STATE,0.001282,0.002179,0.000897,0.000000,PMPI_Sendrecv
State,rank-21,MPI_STATE,0.002179,0.003926,0.001747,0.000000,PMPI_Sendrecv
State,rank-21,MPI_STATE,0.003926,0.017095,0.013169,0.000000,PMPI_Sendrecv
State,rank-21,MPI_STATE,0.017095,0.039463,0.022368,0.000000,PMPI_Sendrecv
State,rank-21,MPI_STATE,0.039463,0.039463,0.000000,0.000000,PMPI_Reduce
State,rank-21,MPI_STATE,0.039463,0.039463,0.000000,0.000000,PMPI_Reduce
State,rank-21,MPI_STATE,0.039463,0.039470,0.000007,0.000000,PMPI_Barrier
State,rank-21,MPI_STATE,0.039470,0.039470,0.000000,0.000000,PMPI_Finalize
State,rank-20,MPI_STATE,0.000000,0.000000,0.000000,0.000000,PMPI_Init
State,rank-20,MPI_STATE,0.000000,0.000003,0.000003,0.000000,PMPI_Barrier
State,rank-20,MPI_STATE,0.000003,0.001089,0.001086,0.000000,PMPI_Scatter
State,rank-20,MPI_STATE,0.001089,0.001108,0.000019,0.000000,PMPI_Sendrecv
State,rank-20,MPI_STATE,0.001108,0.001167,0.000059,0.000000,PMPI_Sendrecv
State,rank-20,MPI_STATE,0.001167,0.001282,0.000115,0.000000,PMPI_Sendrecv
State,rank-20,MPI_STATE,0.001282,0.002179,0.000897,0.000000,PMPI_Sendrecv
State,rank-20,MPI_STATE,0.002179,0.003926,0.001747,0.000000,PMPI_Sendrecv
State,rank-20,MPI_STATE,0.003926,0.017095,0.013169,0.000000,PMPI_Sendrecv
State,rank-20,MPI_STATE,0.017095,0.039463,0.022368,0.000000,PMPI_Sendrecv
State,rank-20,MPI_STATE,0.039463,0.039463,0.000000,0.000000,PMPI_Reduce
State,rank-20,MPI_STATE,0.039463,0.039463,0.000000,0.000000,PMPI_Reduce
State,rank-20,MPI_STATE,0.039463,0.039470,0.000007,0.000000,PMPI_Barrier
State,rank-20,MPI_STATE,0.039470,0.039470,0.000000,0.000000,PMPI_Finalize
State,rank-19,MPI_STATE,0.000000,0.000000,0.000000,0.000000,PMPI_Init
State,rank-19,MPI_STATE,0.000000,0.000003,0.000003,0.000000,PMPI_Barrier
State,rank-19,MPI_STATE,0.000003,0.001089,0.001086,0.000000,PMPI_Scatter
State,rank-19,MPI_STATE,0.001089,0.001108,0.000019,0.000000,PMPI_Sendrecv
State,rank-19,MPI_STATE,0.001108,0.001167,0.000059,0.000000,PMPI_Sendrecv
State,rank-19,MPI_STATE,0.001167,0.001282,0.000115,0.000000,PMPI_Sendrecv
State,rank-19,MPI_STATE,0.001282,0.002179,0.000897,0.000000,PMPI_Sendrecv
State,rank-19,MPI_STATE,0.002179,0.003926,0.001747,0.000000,PMPI_Sendrecv
State,rank-19,MPI_STATE,0.003926,0.017095,0.013169,0.000000,PMPI_Sendrecv
State,rank-19,MPI_STATE,0.017095,0.039463,0.022368,0.000000,PMPI_Sendrecv
State,rank-19,MPI_STATE,0.039463,0.039463,0.000000,0.000000,PMPI_Reduce
State,rank-19,MPI_STATE,0.039463,0.039463,0.000000,0.000000,PMPI_Reduce
State,rank-19,MPI_STATE,0.039463,0.039470,0.000007,0.000000,PMPI_Barrier
State,rank-19,MPI_STATE,0.039470,0.039470,0.000000,0.000000,PMPI_Finalize
State,rank-1,MPI_STATE,0.000000,0.000000,0.000000,0.000000,PMPI_Init
State,rank-1,MPI_STATE,0.000000,0.000002,0.000002,0.000000,PMPI_Barrier
State,rank-1,MPI_STATE,0.000002,0.000528,0.000526,0.000000,PMPI_Scatter
State,rank-1,MPI_STATE,0.000528,0.001050,0.000522,0.000000,PMPI_Sendrecv
State,rank-1,MPI_STATE,0.001050,0.001083,0.000033,0.000000,PMPI_Sendrecv
State,rank-1,MPI_STATE,0.001083,0.001142,0.000059,0.000000,PMPI_Sendrecv
State,rank-1,MPI_STATE,0.001142,0.001882,0.000740,0.000000,PMPI_Sendrecv
State,rank-1,MPI_STATE,0.001882,0.002627,0.000745,0.000000,PMPI_Sendrecv
State,rank-1,MPI_STATE,0.002627,0.008171,0.005544,0.000000,PMPI_Sendrecv
State,rank-1,MPI_STATE,0.008171,0.009962,0.001791,0.000000,PMPI_Sendrecv
State,rank-1,MPI_STATE,0.009962,0.009962,0.000000,0.000000,PMPI_Reduce
State,rank-1,MPI_STATE,0.009962,0.009962,0.000000,0.000000,PMPI_Reduce
State,rank-1,MPI_STATE,0.009962,0.039469,0.029507,0.000000,PMPI_Barrier
State,rank-1,MPI_STATE,0.039469,0.039469,0.000000,0.000000,PMPI_Finalize
State,rank-18,MPI_STATE,0.000000,0.000000,0.000000,0.000000,PMPI_Init
State,rank-18,MPI_STATE,0.000000,0.000003,0.000003,0.000000,PMPI_Barrier
State,rank-18,MPI_STATE,0.000003,0.001089,0.001086,0.000000,PMPI_Scatter
State,rank-18,MPI_STATE,0.001089,0.001108,0.000019,0.000000,PMPI_Sendrecv
State,rank-18,MPI_STATE,0.001108,0.001167,0.000059,0.000000,PMPI_Sendrecv
State,rank-18,MPI_STATE,0.001167,0.001282,0.000115,0.000000,PMPI_Sendrecv
State,rank-18,MPI_STATE,0.001282,0.002179,0.000897,0.000000,PMPI_Sendrecv
State,rank-18,MPI_STATE,0.002179,0.003926,0.001747,0.000000,PMPI_Sendrecv
State,rank-18,MPI_STATE,0.003926,0.017095,0.013169,0.000000,PMPI_Sendrecv
State,rank-18,MPI_STATE,0.017095,0.039463,0.022368,0.000000,PMPI_Sendrecv
State,rank-18,MPI_STATE,0.039463,0.039463,0.000000,0.000000,PMPI_Reduce
State,rank-18,MPI_STATE,0.039463,0.039463,0.000000,0.000000,PMPI_Reduce
State,rank-18,MPI_STATE,0.039463,0.039470,0.000007,0.000000,PMPI_Barrier
State,rank-18,MPI_STATE,0.039470,0.039470,0.000000,0.000000,PMPI_Finalize
State,rank-17,MPI_STATE,0.000000,0.000000,0.000000,0.000000,PMPI_Init
State,rank-17,MPI_STATE,0.000000,0.000003,0.000003,0.000000,PMPI_Barrier
State,rank-17,MPI_STATE,0.000003,0.000855,0.000852,0.000000,PMPI_Scatter
State,rank-17,MPI_STATE,0.000855,0.000874,0.000019,0.000000,PMPI_Sendrecv
State,rank-17,MPI_STATE,0.000874,0.001167,0.000293,0.000000,PMPI_Sendrecv
State,rank-17,MPI_STATE,0.001167,0.001282,0.000115,0.000000,PMPI_Sendrecv
State,rank-17,MPI_STATE,0.001282,0.001910,0.000628,0.000000,PMPI_Sendrecv
State,rank-17,MPI_STATE,0.001910,0.002627,0.000717,0.000000,PMPI_Sendrecv
State,rank-17,MPI_STATE,0.002627,0.012699,0.010072,0.000000,PMPI_Sendrecv
State,rank-17,MPI_STATE,0.012699,0.025883,0.013184,0.000000,PMPI_Sendrecv
State,rank-17,MPI_STATE,0.025883,0.025883,0.000000,0.000000,PMPI_Reduce
State,rank-17,MPI_STATE,0.025883,0.025883,0.000000,0.000000,PMPI_Reduce
State,rank-17,MPI_STATE,0.025883,0.039470,0.013587,0.000000,PMPI_Barrier
State,rank-17,MPI_STATE,0.039470,0.039470,0.000000,0.000000,PMPI_Finalize
State,rank-16,MPI_STATE,0.000000,0.000000,0.000000,0.000000,PMPI_Init
State,rank-16,MPI_STATE,0.000000,0.000003,0.000003,0.000000,PMPI_Barrier
State,rank-16,MPI_STATE,0.000003,0.000855,0.000852,0.000000,PMPI_Scatter
State,rank-16,MPI_STATE,0.000855,0.000874,0.000019,0.000000,PMPI_Sendrecv
State,rank-16,MPI_STATE,0.000874,0.001167,0.000293,0.000000,PMPI_Sendrecv
State,rank-16,MPI_STATE,0.001167,0.001282,0.000115,0.000000,PMPI_Sendrecv
State,rank-16,MPI_STATE,0.001282,0.001910,0.000628,0.000000,PMPI_Sendrecv
State,rank-16,MPI_STATE,0.001910,0.002710,0.000800,0.000000,PMPI_Sendrecv
State,rank-16,MPI_STATE,0.002710,0.012699,0.009989,0.000000,PMPI_Sendrecv
State,rank-16,MPI_STATE,0.012699,0.025883,0.013184,0.000000,PMPI_Sendrecv
State,rank-16,MPI_STATE,0.025883,0.025883,0.000000,0.000000,PMPI_Reduce
State,rank-16,MPI_STATE,0.025883,0.025883,0.000000,0.000000,PMPI_Reduce
State,rank-16,MPI_STATE,0.025883,0.039470,0.013587,0.000000,PMPI_Barrier
State,rank-16,MPI_STATE,0.039470,0.039470,0.000000,0.000000,PMPI_Finalize
State,rank-15,MPI_STATE,0.000000,0.000000,0.000000,0.000000,PMPI_Init
State,rank-15,MPI_STATE,0.000000,0.000003,0.000003,0.000000,PMPI_Barrier
State,rank-15,MPI_STATE,0.000003,0.001089,0.001086,0.000000,PMPI_Scatter
State,rank-15,MPI_STATE,0.001089,0.001108,0.000019,0.000000,PMPI_Sendrecv
State,rank-15,MPI_STATE,0.001108,0.001167,0.000059,0.000000,PMPI_Sendrecv
State,rank-15,MPI_STATE,0.001167,0.001282,0.000115,0.000000,PMPI_Sendrecv
State,rank-15,MPI_STATE,0.001282,0.002165,0.000883,0.000000,PMPI_Sendrecv
State,rank-15,MPI_STATE,0.002165,0.003698,0.001533,0.000000,PMPI_Sendrecv
State,rank-15,MPI_STATE,0.003698,0.017029,0.013331,0.000000,PMPI_Sendrecv
State,rank-15,MPI_STATE,0.017029,0.039449,0.022420,0.000000,PMPI_Sendrecv
State,rank-15,MPI_STATE,0.039449,0.039449,0.000000,0.000000,PMPI_Reduce
State,rank-15,MPI_STATE,0.039449,0.039449,0.000000,0.000000,PMPI_Reduce
State,rank-15,MPI_STATE,0.039449,0.039470,0.000021,0.000000,PMPI_Barrier
State,rank-15,MPI_STATE,0.039470,0.039470,0.000000,0.000000,PMPI_Finalize
State,rank-14,MPI_STATE,0.000000,0.000000,0.000000,0.000000,PMPI_Init
State,rank-14,MPI_STATE,0.000000,0.000003,0.000003,0.000000,PMPI_Barrier
State,rank-14,MPI_STATE,0.000003,0.001089,0.001086,0.000000,PMPI_Scatter
State,rank-14,MPI_STATE,0.001089,0.001108,0.000019,0.000000,PMPI_Sendrecv
State,rank-14,MPI_STATE,0.001108,0.001167,0.000059,0.000000,PMPI_Sendrecv
State,rank-14,MPI_STATE,0.001167,0.001282,0.000115,0.000000,PMPI_Sendrecv
State,rank-14,MPI_STATE,0.001282,0.002178,0.000896,0.000000,PMPI_Sendrecv
State,rank-14,MPI_STATE,0.002178,0.003698,0.001520,0.000000,PMPI_Sendrecv
State,rank-14,MPI_STATE,0.003698,0.017029,0.013331,0.000000,PMPI_Sendrecv
State,rank-14,MPI_STATE,0.017029,0.039449,0.022420,0.000000,PMPI_Sendrecv
State,rank-14,MPI_STATE,0.039449,0.039449,0.000000,0.000000,PMPI_Reduce
State,rank-14,MPI_STATE,0.039449,0.039449,0.000000,0.000000,PMPI_Reduce
State,rank-14,MPI_STATE,0.039449,0.039470,0.000021,0.000000,PMPI_Barrier
State,rank-14,MPI_STATE,0.039470,0.039470,0.000000,0.000000,PMPI_Finalize
State,rank-13,MPI_STATE,0.000000,0.000000,0.000000,0.000000,PMPI_Init
State,rank-13,MPI_STATE,0.000000,0.000003,0.000003,0.000000,PMPI_Barrier
State,rank-13,MPI_STATE,0.000003,0.001089,0.001086,0.000000,PMPI_Scatter
State,rank-13,MPI_STATE,0.001089,0.001108,0.000019,0.000000,PMPI_Sendrecv
State,rank-13,MPI_STATE,0.001108,0.001167,0.000059,0.000000,PMPI_Sendrecv
State,rank-13,MPI_STATE,0.001167,0.001282,0.000115,0.000000,PMPI_Sendrecv
State,rank-13,MPI_STATE,0.001282,0.002165,0.000883,0.000000,PMPI_Sendrecv
State,rank-13,MPI_STATE,0.002165,0.003698,0.001533,0.000000,PMPI_Sendrecv
State,rank-13,MPI_STATE,0.003698,0.017029,0.013331,0.000000,PMPI_Sendrecv
State,rank-13,MPI_STATE,0.017029,0.039449,0.022420,0.000000,PMPI_Sendrecv
State,rank-13,MPI_STATE,0.039449,0.039449,0.000000,0.000000,PMPI_Reduce
State,rank-13,MPI_STATE,0.039449,0.039449,0.000000,0.000000,PMPI_Reduce
State,rank-13,MPI_STATE,0.039449,0.039470,0.000021,0.000000,PMPI_Barrier
State,rank-13,MPI_STATE,0.039470,0.039470,0.000000,0.000000,PMPI_Finalize
State,rank-12,MPI_STATE,0.000000,0.000000,0.000000,0.000000,PMPI_Init
State,rank-12,MPI_STATE,0.000000,0.000003,0.000003,0.000000,PMPI_Barrier
State,rank-12,MPI_STATE,0.000003,0.001089,0.001086,0.000000,PMPI_Scatter
State,rank-12,MPI_STATE,0.001089,0.001108,0.000019,0.000000,PMPI_Sendrecv
State,rank-12,MPI_STATE,0.001108,0.001167,0.000059,0.000000,PMPI_Sendrecv
State,rank-12,MPI_STATE,0.001167,0.001282,0.000115,0.000000,PMPI_Sendrecv
State,rank-12,MPI_STATE,0.001282,0.002179,0.000897,0.000000,PMPI_Sendrecv
State,rank-12,MPI_STATE,0.002179,0.003698,0.001519,0.000000,PMPI_Sendrecv
State,rank-12,MPI_STATE,0.003698,0.017029,0.013331,0.000000,PMPI_Sendrecv
State,rank-12,MPI_STATE,0.017029,0.039449,0.022420,0.000000,PMPI_Sendrecv
State,rank-12,MPI_STATE,0.039449,0.039449,0.000000,0.000000,PMPI_Reduce
State,rank-12,MPI_STATE,0.039449,0.039449,0.000000,0.000000,PMPI_Reduce
State,rank-12,MPI_STATE,0.039449,0.039470,0.000021,0.000000,PMPI_Barrier
State,rank-12,MPI_STATE,0.039470,0.039470,0.000000,0.000000,PMPI_Finalize
State,rank-127,MPI_STATE,0.000000,0.000000,0.000000,0.000000,PMPI_Init
State,rank-127,MPI_STATE,0.000000,0.000004,0.000004,0.000000,PMPI_Barrier
State,rank-127,MPI_STATE,0.000004,0.001224,0.001220,0.000000,PMPI_Scatter
State,rank-127,MPI_STATE,0.001224,0.001243,0.000019,0.000000,PMPI_Sendrecv
State,rank-127,MPI_STATE,0.001243,0.001303,0.000060,0.000000,PMPI_Sendrecv
State,rank-127,MPI_STATE,0.001303,0.001418,0.000115,0.000000,PMPI_Sendrecv
State,rank-127,MPI_STATE,0.001418,0.002314,0.000896,0.000000,PMPI_Sendrecv
State,rank-127,MPI_STATE,0.002314,0.003834,0.001520,0.000000,PMPI_Sendrecv
State,rank-127,MPI_STATE,0.003834,0.017029,0.013195,0.000000,PMPI_Sendrecv
State,rank-127,MPI_STATE,0.017029,0.039449,0.022420,0.000000,PMPI_Sendrecv
State,rank-127,MPI_STATE,0.039449,0.039449,0.000000,0.000000,PMPI_Reduce
State,rank-127,MPI_STATE,0.039449,0.039449,0.000000,0.000000,PMPI_Reduce
State,rank-127,MPI_STATE,0.039449,0.039471,0.000022,0.000000,PMPI_Barrier
State,rank-127,MPI_STATE,0.039471,0.039471,0.000000,0.000000,PMPI_Finalize
State,rank-126,MPI_STATE,0.000000,0.000000,0.000000,0.000000,PMPI_Init
State,rank-126,MPI_STATE,0.000000,0.000004,0.000004,0.000000,PMPI_Barrier
State,rank-126,MPI_STATE,0.000004,0.001224,0.001220,0.000000,PMPI_Scatter
State,rank-126,MPI_STATE,0.001224,0.001243,0.000019,0.000000,PMPI_Sendrecv
State,rank-126,MPI_STATE,0.001243,0.001303,0.000060,0.000000,PMPI_Sendrecv
State,rank-126,MPI_STATE,0.001303,0.001418,0.000115,0.000000,PMPI_Sendrecv
State,rank-126,MPI_STATE,0.001418,0.002314,0.000896,0.000000,PMPI_Sendrecv
State,rank-126,MPI_STATE,0.002314,0.003834,0.001520,0.000000,PMPI_Sendrecv
State,rank-126,MPI_STATE,0.003834,0.017029,0.013195,0.000000,PMPI_Sendrecv
State,rank-126,MPI_STATE,0.017029,0.039449,0.022420,0.000000,PMPI_Sendrecv
State,rank-126,MPI_STATE,0.039449,0.039449,0.000000,0.000000,PMPI_Reduce
State,rank-126,MPI_STATE,0.039449,0.039449,0.000000,0.000000,PMPI_Reduce
State,rank-126,MPI_STATE,0.039449,0.039471,0.000022,0.000000,PMPI_Barrier
State,rank-126,MPI_STATE,0.039471,0.039471,0.000000,0.000000,PMPI_Finalize
State,rank-125,MPI_STATE,0.000000,0.000000,0.000000,0.000000,PMPI_Init
State,rank-125,MPI_STATE,0.000000,0.000004,0.000004,0.000000,PMPI_Barrier
State,rank-125,MPI_STATE,0.000004,0.001224,0.001220,0.000000,PMPI_Scatter
State,rank-125,MPI_STATE,0.001224,0.001243,0.000019,0.000000,PMPI_Sendrecv
State,rank-125,MPI_STATE,0.001243,0.001303,0.000060,0.000000,PMPI_Sendrecv
State,rank-125,MPI_STATE,0.001303,0.001418,0.000115,0.000000,PMPI_Sendrecv
State,rank-125,MPI_STATE,0.001418,0.002314,0.000896,0.000000,PMPI_Sendrecv
State,rank-125,MPI_STATE,0.002314,0.003834,0.001520,0.000000,PMPI_Sendrecv
State,rank-125,MPI_STATE,0.003834,0.017029,0.013195,0.000000,PMPI_Sendrecv
State,rank-125,MPI_STATE,0.017029,0.039449,0.022420,0.000000,PMPI_Sendrecv
State,rank-125,MPI_STATE,0.039449,0.039449,0.000000,0.000000,PMPI_Reduce
State,rank-125,MPI_STATE,0.039449,0.039449,0.000000,0.000000,PMPI_Reduce
State,rank-125,MPI_STATE,0.039449,0.039471,0.000022,0.000000,PMPI_Barrier
State,rank-125,MPI_STATE,0.039471,0.039471,0.000000,0.000000,PMPI_Finalize
State,rank-124,MPI_STATE,0.000000,0.000000,0.000000,0.000000,PMPI_Init
State,rank-124,MPI_STATE,0.000000,0.000004,0.000004,0.000000,PMPI_Barrier
State,rank-124,MPI_STATE,0.000004,0.001224,0.001220,0.000000,PMPI_Scatter
State,rank-124,MPI_STATE,0.001224,0.001243,0.000019,0.000000,PMPI_Sendrecv
State,rank-124,MPI_STATE,0.001243,0.001303,0.000060,0.000000,PMPI_Sendrecv
State,rank-124,MPI_STATE,0.001303,0.001418,0.000115,0.000000,PMPI_Sendrecv
State,rank-124,MPI_STATE,0.001418,0.002314,0.000896,0.000000,PMPI_Sendrecv
State,rank-124,MPI_STATE,0.002314,0.003834,0.001520,0.000000,PMPI_Sendrecv
State,rank-124,MPI_STATE,0.003834,0.017029,0.013195,0.000000,PMPI_Sendrecv
State,rank-124,MPI_STATE,0.017029,0.039449,0.022420,0.000000,PMPI_Sendrecv
State,rank-124,MPI_STATE,0.039449,0.039449,0.000000,0.000000,PMPI_Reduce
State,rank-124,MPI_STATE,0.039449,0.039449,0.000000,0.000000,PMPI_Reduce
State,rank-124,MPI_STATE,0.039449,0.039471,0.000022,0.000000,PMPI_Barrier
State,rank-124,MPI_STATE,0.039471,0.039471,0.000000,0.000000,PMPI_Finalize
State,rank-123,MPI_STATE,0.000000,0.000000,0.000000,0.000000,PMPI_Init
State,rank-123,MPI_STATE,0.000000,0.000004,0.000004,0.000000,PMPI_Barrier
State,rank-123,MPI_STATE,0.000004,0.001224,0.001220,0.000000,PMPI_Scatter
State,rank-123,MPI_STATE,0.001224,0.001243,0.000019,0.000000,PMPI_Sendrecv
State,rank-123,MPI_STATE,0.001243,0.001303,0.000060,0.000000,PMPI_Sendrecv
State,rank-123,MPI_STATE,0.001303,0.001418,0.000115,0.000000,PMPI_Sendrecv
State,rank-123,MPI_STATE,0.001418,0.002314,0.000896,0.000000,PMPI_Sendrecv
State,rank-123,MPI_STATE,0.002314,0.003834,0.001520,0.000000,PMPI_Sendrecv
State,rank-123,MPI_STATE,0.003834,0.017029,0.013195,0.000000,PMPI_Sendrecv
State,rank-123,MPI_STATE,0.017029,0.039449,0.022420,0.000000,PMPI_Sendrecv
State,rank-123,MPI_STATE,0.039449,0.039449,0.000000,0.000000,PMPI_Reduce
State,rank-123,MPI_STATE,0.039449,0.039449,0.000000,0.000000,PMPI_Reduce
State,rank-123,MPI_STATE,0.039449,0.039471,0.000022,0.000000,PMPI_Barrier
State,rank-123,MPI_STATE,0.039471,0.039471,0.000000,0.000000,PMPI_Finalize
State,rank-122,MPI_STATE,0.000000,0.000000,0.000000,0.000000,PMPI_Init
State,rank-122,MPI_STATE,0.000000,0.000004,0.000004,0.000000,PMPI_Barrier
State,rank-122,MPI_STATE,0.000004,0.001224,0.001220,0.000000,PMPI_Scatter
State,rank-122,MPI_STATE,0.001224,0.001243,0.000019,0.000000,PMPI_Sendrecv
State,rank-122,MPI_STATE,0.001243,0.001303,0.000060,0.000000,PMPI_Sendrecv
State,rank-122,MPI_STATE,0.001303,0.001418,0.000115,0.000000,PMPI_Sendrecv
State,rank-122,MPI_STATE,0.001418,0.002314,0.000896,0.000000,PMPI_Sendrecv
State,rank-122,MPI_STATE,0.002314,0.003834,0.001520,0.000000,PMPI_Sendrecv
State,rank-122,MPI_STATE,0.003834,0.017029,0.013195,0.000000,PMPI_Sendrecv
State,rank-122,MPI_STATE,0.017029,0.039449,0.022420,0.000000,PMPI_Sendrecv
State,rank-122,MPI_STATE,0.039449,0.039449,0.000000,0.000000,PMPI_Reduce
State,rank-122,MPI_STATE,0.039449,0.039449,0.000000,0.000000,PMPI_Reduce
State,rank-122,MPI_STATE,0.039449,0.039471,0.000022,0.000000,PMPI_Barrier
State,rank-122,MPI_STATE,0.039471,0.039471,0.000000,0.000000,PMPI_Finalize
State,rank-121,MPI_STATE,0.000000,0.000000,0.000000,0.000000,PMPI_Init
State,rank-121,MPI_STATE,0.000000,0.000004,0.000004,0.000000,PMPI_Barrier
State,rank-121,MPI_STATE,0.000004,0.001120,0.001116,0.000000,PMPI_Scatter
State,rank-121,MPI_STATE,0.001120,0.001140,0.000020,0.000000,PMPI_Sendrecv
State,rank-121,MPI_STATE,0.001140,0.001303,0.000163,0.000000,PMPI_Sendrecv
State,rank-121,MPI_STATE,0.001303,0.001418,0.000115,0.000000,PMPI_Sendrecv
State,rank-121,MPI_STATE,0.001418,0.002045,0.000627,0.000000,PMPI_Sendrecv
State,rank-121,MPI_STATE,0.002045,0.002813,0.000768,0.000000,PMPI_Sendrecv
State,rank-121,MPI_STATE,0.002813,0.012699,0.009886,0.000000,PMPI_Sendrecv
State,rank-121,MPI_STATE,0.012699,0.025883,0.013184,0.000000,PMPI_Sendrecv
State,rank-121,MPI_STATE,0.025883,0.025883,0.000000,0.000000,PMPI_Reduce
State,rank-121,MPI_STATE,0.025883,0.025883,0.000000,0.000000,PMPI_Reduce
State,rank-121,MPI_STATE,0.025883,0.039471,0.013588,0.000000,PMPI_Barrier
State,rank-121,MPI_STATE,0.039471,0.039471,0.000000,0.000000,PMPI_Finalize
State,rank-120,MPI_STATE,0.000000,0.000000,0.000000,0.000000,PMPI_Init
State,rank-120,MPI_STATE,0.000000,0.000004,0.000004,0.000000,PMPI_Barrier
State,rank-120,MPI_STATE,0.000004,0.001120,0.001116,0.000000,PMPI_Scatter
State,rank-120,MPI_STATE,0.001120,0.001140,0.000020,0.000000,PMPI_Sendrecv
State,rank-120,MPI_STATE,0.001140,0.001303,0.000163,0.000000,PMPI_Sendrecv
State,rank-120,MPI_STATE,0.001303,0.001418,0.000115,0.000000,PMPI_Sendrecv
State,rank-120,MPI_STATE,0.001418,0.002045,0.000627,0.000000,PMPI_Sendrecv
State,rank-120,MPI_STATE,0.002045,0.002813,0.000768,0.000000,PMPI_Sendrecv
State,rank-120,MPI_STATE,0.002813,0.012699,0.009886,0.000000,PMPI_Sendrecv
State,rank-120,MPI_STATE,0.012699,0.025883,0.013184,0.000000,PMPI_Sendrecv
State,rank-120,MPI_STATE,0.025883,0.025883,0.000000,0.000000,PMPI_Reduce
State,rank-120,MPI_STATE,0.025883,0.025883,0.000000,0.000000,PMPI_Reduce
State,rank-120,MPI_STATE,0.025883,0.039471,0.013588,0.000000,PMPI_Barrier
State,rank-120,MPI_STATE,0.039471,0.039471,0.000000,0.000000,PMPI_Finalize
State,rank-119,MPI_STATE,0.000000,0.000000,0.000000,0.000000,PMPI_Init
State,rank-119,MPI_STATE,0.000000,0.000004,0.000004,0.000000,PMPI_Barrier
State,rank-119,MPI_STATE,0.000004,0.001224,0.001220,0.000000,PMPI_Scatter
State,rank-119,MPI_STATE,0.001224,0.001243,0.000019,0.000000,PMPI_Sendrecv
State,rank-119,MPI_STATE,0.001243,0.001303,0.000060,0.000000,PMPI_Sendrecv
State,rank-119,MPI_STATE,0.001303,0.001418,0.000115,0.000000,PMPI_Sendrecv
State,rank-119,MPI_STATE,0.001418,0.002314,0.000896,0.000000,PMPI_Sendrecv
State,rank-119,MPI_STATE,0.002314,0.004078,0.001764,0.000000,PMPI_Sendrecv
State,rank-119,MPI_STATE,0.004078,0.017095,0.013017,0.000000,PMPI_Sendrecv
State,rank-119,MPI_STATE,0.017095,0.039463,0.022368,0.000000,PMPI_Sendrecv
State,rank-119,MPI_STATE,0.039463,0.039463,0.000000,0.000000,PMPI_Reduce
State,rank-119,MPI_STATE,0.039463,0.039463,0.000000,0.000000,PMPI_Reduce
State,rank-119,MPI_STATE,0.039463,0.039471,0.000008,0.000000,PMPI_Barrier
State,rank-119,MPI_STATE,0.039471,0.039471,0.000000,0.000000,PMPI_Finalize
State,rank-11,MPI_STATE,0.000000,0.000000,0.000000,0.000000,PMPI_Init
State,rank-11,MPI_STATE,0.000000,0.000003,0.000003,0.000000,PMPI_Barrier
State,rank-11,MPI_STATE,0.000003,0.001089,0.001086,0.000000,PMPI_Scatter
State,rank-11,MPI_STATE,0.001089,0.001108,0.000019,0.000000,PMPI_Sendrecv
State,rank-11,MPI_STATE,0.001108,0.001167,0.000059,0.000000,PMPI_Sendrecv
State,rank-11,MPI_STATE,0.001167,0.001282,0.000115,0.000000,PMPI_Sendrecv
State,rank-11,MPI_STATE,0.001282,0.002165,0.000883,0.000000,PMPI_Sendrecv
State,rank-11,MPI_STATE,0.002165,0.003698,0.001533,0.000000,PMPI_Sendrecv
State,rank-11,MPI_STATE,0.003698,0.017029,0.013331,0.000000,PMPI_Sendrecv
State,rank-11,MPI_STATE,0.017029,0.039449,0.022420,0.000000,PMPI_Sendrecv
State,rank-11,MPI_STATE,0.039449,0.039449,0.000000,0.000000,PMPI_Reduce
State,rank-11,MPI_STATE,0.039449,0.039449,0.000000,0.000000,PMPI_Reduce
State,rank-11,MPI_STATE,0.039449,0.039470,0.000021,0.000000,PMPI_Barrier
State,rank-11,MPI_STATE,0.039470,0.039470,0.000000,0.000000,PMPI_Finalize
State,rank-118,MPI_STATE,0.000000,0.000000,0.000000,0.000000,PMPI_Init
State,rank-118,MPI_STATE,0.000000,0.000004,0.000004,0.000000,PMPI_Barrier
State,rank-118,MPI_STATE,0.000004,0.001224,0.001220,0.000000,PMPI_Scatter
State,rank-118,MPI_STATE,0.001224,0.001243,0.000019,0.000000,PMPI_Sendrecv
State,rank-118,MPI_STATE,0.001243,0.001303,0.000060,0.000000,PMPI_Sendrecv
State,rank-118,MPI_STATE,0.001303,0.001418,0.000115,0.000000,PMPI_Sendrecv
State,rank-118,MPI_STATE,0.001418,0.002314,0.000896,0.000000,PMPI_Sendrecv
State,rank-118,MPI_STATE,0.002314,0.004078,0.001764,0.000000,PMPI_Sendrecv
State,rank-118,MPI_STATE,0.004078,0.017095,0.013017,0.000000,PMPI_Sendrecv
State,rank-118,MPI_STATE,0.017095,0.039463,0.022368,0.000000,PMPI_Sendrecv
State,rank-118,MPI_STATE,0.039463,0.039463,0.000000,0.000000,PMPI_Reduce
State,rank-118,MPI_STATE,0.039463,0.039463,0.000000,0.000000,PMPI_Reduce
State,rank-118,MPI_STATE,0.039463,0.039471,0.000008,0.000000,PMPI_Barrier
State,rank-118,MPI_STATE,0.039471,0.039471,0.000000,0.000000,PMPI_Finalize
State,rank-117,MPI_STATE,0.000000,0.000000,0.000000,0.000000,PMPI_Init
State,rank-117,MPI_STATE,0.000000,0.000004,0.000004,0.000000,PMPI_Barrier
State,rank-117,MPI_STATE,0.000004,0.001224,0.001220,0.000000,PMPI_Scatter
State,rank-117,MPI_STATE,0.001224,0.001243,0.000019,0.000000,PMPI_Sendrecv
State,rank-117,MPI_STATE,0.001243,0.001303,0.000060,0.000000,PMPI_Sendrecv
State,rank-117,MPI_STATE,0.001303,0.001418,0.000115,0.000000,PMPI_Sendrecv
State,rank-117,MPI_STATE,0.001418,0.002314,0.000896,0.000000,PMPI_Sendrecv
State,rank-117,MPI_STATE,0.002314,0.004078,0.001764,0.000000,PMPI_Sendrecv
State,rank-117,MPI_STATE,0.004078,0.017095,0.013017,0.000000,PMPI_Sendrecv
State,rank-117,MPI_STATE,0.017095,0.039463,0.022368,0.000000,PMPI_Sendrecv
State,rank-117,MPI_STATE,0.039463,0.039463,0.000000,0.000000,PMPI_Reduce
State,rank-117,MPI_STATE,0.039463,0.039463,0.000000,0.000000,PMPI_Reduce
State,rank-117,MPI_STATE,0.039463,0.039471,0.000008,0.000000,PMPI_Barrier
State,rank-117,MPI_STATE,0.039471,0.039471,0.000000,0.000000,PMPI_Finalize
State,rank-116,MPI_STATE,0.000000,0.000000,0.000000,0.000000,PMPI_Init
State,rank-116,MPI_STATE,0.000000,0.000004,0.000004,0.000000,PMPI_Barrier
State,rank-116,MPI_STATE,0.000004,0.001224,0.001220,0.000000,PMPI_Scatter
State,rank-116,MPI_STATE,0.001224,0.001243,0.000019,0.000000,PMPI_Sendrecv
State,rank-116,MPI_STATE,0.001243,0.001303,0.000060,0.000000,PMPI_Sendrecv
State,rank-116,MPI_STATE,0.001303,0.001418,0.000115,0.000000,PMPI_Sendrecv
State,rank-116,MPI_STATE,0.001418,0.002314,0.000896,0.000000,PMPI_Sendrecv
State,rank-116,MPI_STATE,0.002314,0.004078,0.001764,0.000000,PMPI_Sendrecv
State,rank-116,MPI_STATE,0.004078,0.017095,0.013017,0.000000,PMPI_Sendrecv
State,rank-116,MPI_STATE,0.017095,0.039463,0.022368,0.000000,PMPI_Sendrecv
State,rank-116,MPI_STATE,0.039463,0.039463,0.000000,0.000000,PMPI_Reduce
State,rank-116,MPI_STATE,0.039463,0.039463,0.000000,0.000000,PMPI_Reduce
State,rank-116,MPI_STATE,0.039463,0.039471,0.000008,0.000000,PMPI_Barrier
State,rank-116,MPI_STATE,0.039471,0.039471,0.000000,0.000000,PMPI_Finalize
State,rank-115,MPI_STATE,0.000000,0.000000,0.000000,0.000000,PMPI_Init
State,rank-115,MPI_STATE,0.000000,0.000004,0.000004,0.000000,PMPI_Barrier
State,rank-115,MPI_STATE,0.000004,0.001224,0.001220,0.000000,PMPI_Scatter
State,rank-115,MPI_STATE,0.001224,0.001243,0.000019,0.000000,PMPI_Sendrecv
State,rank-115,MPI_STATE,0.001243,0.001303,0.000060,0.000000,PMPI_Sendrecv
State,rank-115,MPI_STATE,0.001303,0.001418,0.000115,0.000000,PMPI_Sendrecv
State,rank-115,MPI_STATE,0.001418,0.002314,0.000896,0.000000,PMPI_Sendrecv
State,rank-115,MPI_STATE,0.002314,0.004078,0.001764,0.000000,PMPI_Sendrecv
State,rank-115,MPI_STATE,0.004078,0.017095,0.013017,0.000000,PMPI_Sendrecv
State,rank-115,MPI_STATE,0.017095,0.039463,0.022368,0.000000,PMPI_Sendrecv
State,rank-115,MPI_STATE,0.039463,0.039463,0.000000,0.000000,PMPI_Reduce
State,rank-115,MPI_STATE,0.039463,0.039463,0.000000,0.000000,PMPI_Reduce
State,rank-115,MPI_STATE,0.039463,0.039471,0.000008,0.000000,PMPI_Barrier
State,rank-115,MPI_STATE,0.039471,0.039471,0.000000,0.000000,PMPI_Finalize
State,rank-114,MPI_STATE,0.000000,0.000000,0.000000,0.000000,PMPI_Init
State,rank-114,MPI_STATE,0.000000,0.000004,0.000004,0.000000,PMPI_Barrier
State,rank-114,MPI_STATE,0.000004,0.001224,0.001220,0.000000,PMPI_Scatter
State,rank-114,MPI_STATE,0.001224,0.001243,0.000019,0.000000,PMPI_Sendrecv
State,rank-114,MPI_STATE,0.001243,0.001303,0.000060,0.000000,PMPI_Sendrecv
State,rank-114,MPI_STATE,0.001303,0.001418,0.000115,0.000000,PMPI_Sendrecv
State,rank-114,MPI_STATE,0.001418,0.002314,0.000896,0.000000,PMPI_Sendrecv
State,rank-114,MPI_STATE,0.002314,0.004078,0.001764,0.000000,PMPI_Sendrecv
State,rank-114,MPI_STATE,0.004078,0.017095,0.013017,0.000000,PMPI_Sendrecv
State,rank-114,MPI_STATE,0.017095,0.039463,0.022368,0.000000,PMPI_Sendrecv
State,rank-114,MPI_STATE,0.039463,0.039463,0.000000,0.000000,PMPI_Reduce
State,rank-114,MPI_STATE,0.039463,0.039463,0.000000,0.000000,PMPI_Reduce
State,rank-114,MPI_STATE,0.039463,0.039471,0.000008,0.000000,PMPI_Barrier
State,rank-114,MPI_STATE,0.039471,0.039471,0.000000,0.000000,PMPI_Finalize
State,rank-113,MPI_STATE,0.000000,0.000000,0.000000,0.000000,PMPI_Init
State,rank-113,MPI_STATE,0.000000,0.000004,0.000004,0.000000,PMPI_Barrier
State,rank-113,MPI_STATE,0.000004,0.001120,0.001116,0.000000,PMPI_Scatter
State,rank-113,MPI_STATE,0.001120,0.001140,0.000020,0.000000,PMPI_Sendrecv
State,rank-113,MPI_STATE,0.001140,0.001303,0.000163,0.000000,PMPI_Sendrecv
State,rank-113,MPI_STATE,0.001303,0.001418,0.000115,0.000000,PMPI_Sendrecv
State,rank-113,MPI_STATE,0.001418,0.002045,0.000627,0.000000,PMPI_Sendrecv
State,rank-113,MPI_STATE,0.002045,0.002813,0.000768,0.000000,PMPI_Sendrecv
State,rank-113,MPI_STATE,0.002813,0.012699,0.009886,0.000000,PMPI_Sendrecv
State,rank-113,MPI_STATE,0.012699,0.025883,0.013184,0.000000,PMPI_Sendrecv
State,rank-113,MPI_STATE,0.025883,0.025883,0.000000,0.000000,PMPI_Reduce
State,rank-113,MPI_STATE,0.025883,0.025883,0.000000,0.000000,PMPI_Reduce
State,rank-113,MPI_STATE,0.025883,0.039471,0.013588,0.000000,PMPI_Barrier
State,rank-113,MPI_STATE,0.039471,0.039471,0.000000,0.000000,PMPI_Finalize
State,rank-112,MPI_STATE,0.000000,0.000000,0.000000,0.000000,PMPI_Init
State,rank-112,MPI_STATE,0.000000,0.000004,0.000004,0.000000,PMPI_Barrier
State,rank-112,MPI_STATE,0.000004,0.001120,0.001116,0.000000,PMPI_Scatter
State,rank-112,MPI_STATE,0.001120,0.001140,0.000020,0.000000,PMPI_Sendrecv
State,rank-112,MPI_STATE,0.001140,0.001303,0.000163,0.000000,PMPI_Sendrecv
State,rank-112,MPI_STATE,0.001303,0.001418,0.000115,0.000000,PMPI_Sendrecv
State,rank-112,MPI_STATE,0.001418,0.002045,0.000627,0.000000,PMPI_Sendrecv
State,rank-112,MPI_STATE,0.002045,0.002813,0.000768,0.000000,PMPI_Sendrecv
State,rank-112,MPI_STATE,0.002813,0.012699,0.009886,0.000000,PMPI_Sendrecv
State,rank-112,MPI_STATE,0.012699,0.025883,0.013184,0.000000,PMPI_Sendrecv
State,rank-112,MPI_STATE,0.025883,0.025883,0.000000,0.000000,PMPI_Reduce
State,rank-112,MPI_STATE,0.025883,0.025883,0.000000,0.000000,PMPI_Reduce
State,rank-112,MPI_STATE,0.025883,0.039471,0.013588,0.000000,PMPI_Barrier
State,rank-112,MPI_STATE,0.039471,0.039471,0.000000,0.000000,PMPI_Finalize
State,rank-111,MPI_STATE,0.000000,0.000000,0.000000,0.000000,PMPI_Init
State,rank-111,MPI_STATE,0.000000,0.000004,0.000004,0.000000,PMPI_Barrier
State,rank-111,MPI_STATE,0.000004,0.001224,0.001220,0.000000,PMPI_Scatter
State,rank-111,MPI_STATE,0.001224,0.001243,0.000019,0.000000,PMPI_Sendrecv
State,rank-111,MPI_STATE,0.001243,0.001303,0.000060,0.000000,PMPI_Sendrecv
State,rank-111,MPI_STATE,0.001303,0.001418,0.000115,0.000000,PMPI_Sendrecv
State,rank-111,MPI_STATE,0.001418,0.002314,0.000896,0.000000,PMPI_Sendrecv
State,rank-111,MPI_STATE,0.002314,0.003834,0.001520,0.000000,PMPI_Sendrecv
State,rank-111,MPI_STATE,0.003834,0.017029,0.013195,0.000000,PMPI_Sendrecv
State,rank-111,MPI_STATE,0.017029,0.039449,0.022420,0.000000,PMPI_Sendrecv
State,rank-111,MPI_STATE,0.039449,0.039449,0.000000,0.000000,PMPI_Reduce
State,rank-111,MPI_STATE,0.039449,0.039449,0.000000,0.000000,PMPI_Reduce
State,rank-111,MPI_STATE,0.039449,0.039471,0.000022,0.000000,PMPI_Barrier
State,rank-111,MPI_STATE,0.039471,0.039471,0.000000,0.000000,PMPI_Finalize
State,rank-110,MPI_STATE,0.000000,0.000000,0.000000,0.000000,PMPI_Init
State,rank-110,MPI_STATE,0.000000,0.000004,0.000004,0.000000,PMPI_Barrier
State,rank-110,MPI_STATE,0.000004,0.001224,0.001220,0.000000,PMPI_Scatter
State,rank-110,MPI_STATE,0.001224,0.001243,0.000019,0.000000,PMPI_Sendrecv
State,rank-110,MPI_STATE,0.001243,0.001303,0.000060,0.000000,PMPI_Sendrecv
State,rank-110,MPI_STATE,0.001303,0.001418,0.000115,0.000000,PMPI_Sendrecv
State,rank-110,MPI_STATE,0.001418,0.002314,0.000896,0.000000,PMPI_Sendrecv
State,rank-110,MPI_STATE,0.002314,0.003834,0.001520,0.000000,PMPI_Sendrecv
State,rank-110,MPI_STATE,0.003834,0.017029,0.013195,0.000000,PMPI_Sendrecv
State,rank-110,MPI_STATE,0.017029,0.039449,0.022420,0.000000,PMPI_Sendrecv
State,rank-110,MPI_STATE,0.039449,0.039449,0.000000,0.000000,PMPI_Reduce
State,rank-110,MPI_STATE,0.039449,0.039449,0.000000,0.000000,PMPI_Reduce
State,rank-110,MPI_STATE,0.039449,0.039471,0.000022,0.000000,PMPI_Barrier
State,rank-110,MPI_STATE,0.039471,0.039471,0.000000,0.000000,PMPI_Finalize
State,rank-109,MPI_STATE,0.000000,0.000000,0.000000,0.000000,PMPI_Init
State,rank-109,MPI_STATE,0.000000,0.000004,0.000004,0.000000,PMPI_Barrier
State,rank-109,MPI_STATE,0.000004,0.001224,0.001220,0.000000,PMPI_Scatter
State,rank-109,MPI_STATE,0.001224,0.001243,0.000019,0.000000,PMPI_Sendrecv
State,rank-109,MPI_STATE,0.001243,0.001303,0.000060,0.000000,PMPI_Sendrecv
State,rank-109,MPI_STATE,0.001303,0.001418,0.000115,0.000000,PMPI_Sendrecv
State,rank-109,MPI_STATE,0.001418,0.002314,0.000896,0.000000,PMPI_Sendrecv
State,rank-109,MPI_STATE,0.002314,0.003834,0.001520,0.000000,PMPI_Sendrecv
State,rank-109,MPI_STATE,0.003834,0.017029,0.013195,0.000000,PMPI_Sendrecv
State,rank-109,MPI_STATE,0.017029,0.039449,0.022420,0.000000,PMPI_Sendrecv
State,rank-109,MPI_STATE,0.039449,0.039449,0.000000,0.000000,PMPI_Reduce
State,rank-109,MPI_STATE,0.039449,0.039449,0.000000,0.000000,PMPI_Reduce
State,rank-109,MPI_STATE,0.039449,0.039471,0.000022,0.000000,PMPI_Barrier
State,rank-109,MPI_STATE,0.039471,0.039471,0.000000,0.000000,PMPI_Finalize
State,rank-10,MPI_STATE,0.000000,0.000000,0.000000,0.000000,PMPI_Init
State,rank-10,MPI_STATE,0.000000,0.000003,0.000003,0.000000,PMPI_Barrier
State,rank-10,MPI_STATE,0.000003,0.001089,0.001086,0.000000,PMPI_Scatter
State,rank-10,MPI_STATE,0.001089,0.001108,0.000019,0.000000,PMPI_Sendrecv
State,rank-10,MPI_STATE,0.001108,0.001167,0.000059,0.000000,PMPI_Sendrecv
State,rank-10,MPI_STATE,0.001167,0.001282,0.000115,0.000000,PMPI_Sendrecv
State,rank-10,MPI_STATE,0.001282,0.002178,0.000896,0.000000,PMPI_Sendrecv
State,rank-10,MPI_STATE,0.002178,0.003698,0.001520,0.000000,PMPI_Sendrecv
State,rank-10,MPI_STATE,0.003698,0.017029,0.013331,0.000000,PMPI_Sendrecv
State,rank-10,MPI_STATE,0.017029,0.039449,0.022420,0.000000,PMPI_Sendrecv
State,rank-10,MPI_STATE,0.039449,0.039449,0.000000,0.000000,PMPI_Reduce
State,rank-10,MPI_STATE,0.039449,0.039449,0.000000,0.000000,PMPI_Reduce
State,rank-10,MPI_STATE,0.039449,0.039470,0.000021,0.000000,PMPI_Barrier
State,rank-10,MPI_STATE,0.039470,0.039470,0.000000,0.000000,PMPI_Finalize
State,rank-108,MPI_STATE,0.000000,0.000000,0.000000,0.000000,PMPI_Init
State,rank-108,MPI_STATE,0.000000,0.000004,0.000004,0.000000,PMPI_Barrier
State,rank-108,MPI_STATE,0.000004,0.001224,0.001220,0.000000,PMPI_Scatter
State,rank-108,MPI_STATE,0.001224,0.001243,0.000019,0.000000,PMPI_Sendrecv
State,rank-108,MPI_STATE,0.001243,0.001303,0.000060,0.000000,PMPI_Sendrecv
State,rank-108,MPI_STATE,0.001303,0.001418,0.000115,0.000000,PMPI_Sendrecv
State,rank-108,MPI_STATE,0.001418,0.002314,0.000896,0.000000,PMPI_Sendrecv
State,rank-108,MPI_STATE,0.002314,0.003834,0.001520,0.000000,PMPI_Sendrecv
State,rank-108,MPI_STATE,0.003834,0.017029,0.013195,0.000000,PMPI_Sendrecv
State,rank-108,MPI_STATE,0.017029,0.039449,0.022420,0.000000,PMPI_Sendrecv
State,rank-108,MPI_STATE,0.039449,0.039449,0.000000,0.000000,PMPI_Reduce
State,rank-108,MPI_STATE,0.039449,0.039449,0.000000,0.000000,PMPI_Reduce
State,rank-108,MPI_STATE,0.039449,0.039471,0.000022,0.000000,PMPI_Barrier
State,rank-108,MPI_STATE,0.039471,0.039471,0.000000,0.000000,PMPI_Finalize
State,rank-107,MPI_STATE,0.000000,0.000000,0.000000,0.000000,PMPI_Init
State,rank-107,MPI_STATE,0.000000,0.000004,0.000004,0.000000,PMPI_Barrier
State,rank-107,MPI_STATE,0.000004,0.001224,0.001220,0.000000,PMPI_Scatter
State,rank-107,MPI_STATE,0.001224,0.001243,0.000019,0.000000,PMPI_Sendrecv
State,rank-107,MPI_STATE,0.001243,0.001303,0.000060,0.000000,PMPI_Sendrecv
State,rank-107,MPI_STATE,0.001303,0.001418,0.000115,0.000000,PMPI_Sendrecv
State,rank-107,MPI_STATE,0.001418,0.002314,0.000896,0.000000,PMPI_Sendrecv
State,rank-107,MPI_STATE,0.002314,0.003834,0.001520,0.000000,PMPI_Sendrecv
State,rank-107,MPI_STATE,0.003834,0.017029,0.013195,0.000000,PMPI_Sendrecv
State,rank-107,MPI_STATE,0.017029,0.039449,0.022420,0.000000,PMPI_Sendrecv
State,rank-107,MPI_STATE,0.039449,0.039449,0.000000,0.000000,PMPI_Reduce
State,rank-107,MPI_STATE,0.039449,0.039449,0.000000,0.000000,PMPI_Reduce
State,rank-107,MPI_STATE,0.039449,0.039471,0.000022,0.000000,PMPI_Barrier
State,rank-107,MPI_STATE,0.039471,0.039471,0.000000,0.000000,PMPI_Finalize
State,rank-106,MPI_STATE,0.000000,0.000000,0.000000,0.000000,PMPI_Init
State,rank-106,MPI_STATE,0.000000,0.000004,0.000004,0.000000,PMPI_Barrier
State,rank-106,MPI_STATE,0.000004,0.001224,0.001220,0.000000,PMPI_Scatter
State,rank-106,MPI_STATE,0.001224,0.001243,0.000019,0.000000,PMPI_Sendrecv
State,rank-106,MPI_STATE,0.001243,0.001303,0.000060,0.000000,PMPI_Sendrecv
State,rank-106,MPI_STATE,0.001303,0.001418,0.000115,0.000000,PMPI_Sendrecv
State,rank-106,MPI_STATE,0.001418,0.002314,0.000896,0.000000,PMPI_Sendrecv
State,rank-106,MPI_STATE,0.002314,0.003834,0.001520,0.000000,PMPI_Sendrecv
State,rank-106,MPI_STATE,0.003834,0.017029,0.013195,0.000000,PMPI_Sendrecv
State,rank-106,MPI_STATE,0.017029,0.039449,0.022420,0.000000,PMPI_Sendrecv
State,rank-106,MPI_STATE,0.039449,0.039449,0.000000,0.000000,PMPI_Reduce
State,rank-106,MPI_STATE,0.039449,0.039449,0.000000,0.000000,PMPI_Reduce
State,rank-106,MPI_STATE,0.039449,0.039471,0.000022,0.000000,PMPI_Barrier
State,rank-106,MPI_STATE,0.039471,0.039471,0.000000,0.000000,PMPI_Finalize
State,rank-105,MPI_STATE,0.000000,0.000000,0.000000,0.000000,PMPI_Init
State,rank-105,MPI_STATE,0.000000,0.000004,0.000004,0.000000,PMPI_Barrier
State,rank-105,MPI_STATE,0.000004,0.001120,0.001116,0.000000,PMPI_Scatter
State,rank-105,MPI_STATE,0.001120,0.001140,0.000020,0.000000,PMPI_Sendrecv
State,rank-105,MPI_STATE,0.001140,0.001303,0.000163,0.000000,PMPI_Sendrecv
State,rank-105,MPI_STATE,0.001303,0.001418,0.000115,0.000000,PMPI_Sendrecv
State,rank-105,MPI_STATE,0.001418,0.002045,0.000627,0.000000,PMPI_Sendrecv
State,rank-105,MPI_STATE,0.002045,0.002813,0.000768,0.000000,PMPI_Sendrecv
State,rank-105,MPI_STATE,0.002813,0.012699,0.009886,0.000000,PMPI_Sendrecv
State,rank-105,MPI_STATE,0.012699,0.025883,0.013184,0.000000,PMPI_Sendrecv
State,rank-105,MPI_STATE,0.025883,0.025883,0.000000,0.000000,PMPI_Reduce
State,rank-105,MPI_STATE,0.025883,0.025883,0.000000,0.000000,PMPI_Reduce
State,rank-105,MPI_STATE,0.025883,0.039471,0.013588,0.000000,PMPI_Barrier
State,rank-105,MPI_STATE,0.039471,0.039471,0.000000,0.000000,PMPI_Finalize
State,rank-104,MPI_STATE,0.000000,0.000000,0.000000,0.000000,PMPI_Init
State,rank-104,MPI_STATE,0.000000,0.000004,0.000004,0.000000,PMPI_Barrier
State,rank-104,MPI_STATE,0.000004,0.001120,0.001116,0.000000,PMPI_Scatter
State,rank-104,MPI_STATE,0.001120,0.001140,0.000020,0.000000,PMPI_Sendrecv
State,rank-104,MPI_STATE,0.001140,0.001303,0.000163,0.000000,PMPI_Sendrecv
State,rank-104,MPI_STATE,0.001303,0.001418,0.000115,0.000000,PMPI_Sendrecv
State,rank-104,MPI_STATE,0.001418,0.002045,0.000627,0.000000,PMPI_Sendrecv
State,rank-104,MPI_STATE,0.002045,0.002813,0.000768,0.000000,PMPI_Sendrecv
State,rank-104,MPI_STATE,0.002813,0.012699,0.009886,0.000000,PMPI_Sendrecv
State,rank-104,MPI_STATE,0.012699,0.025883,0.013184,0.000000,PMPI_Sendrecv
State,rank-104,MPI_STATE,0.025883,0.025883,0.000000,0.000000,PMPI_Reduce
State,rank-104,MPI_STATE,0.025883,0.025883,0.000000,0.000000,PMPI_Reduce
State,rank-104,MPI_STATE,0.025883,0.039471,0.013588,0.000000,PMPI_Barrier
State,rank-104,MPI_STATE,0.039471,0.039471,0.000000,0.000000,PMPI_Finalize
State,rank-103,MPI_STATE,0.000000,0.000000,0.000000,0.000000,PMPI_Init
State,rank-103,MPI_STATE,0.000000,0.000004,0.000004,0.000000,PMPI_Barrier
State,rank-103,MPI_STATE,0.000004,0.001112,0.001108,0.000000,PMPI_Scatter
State,rank-103,MPI_STATE,0.001112,0.001131,0.000019,0.000000,PMPI_Sendrecv
State,rank-103,MPI_STATE,0.001131,0.001190,0.000059,0.000000,PMPI_Sendrecv
State,rank-103,MPI_STATE,0.001190,0.001305,0.000115,0.000000,PMPI_Sendrecv
State,rank-103,MPI_STATE,0.001305,0.002314,0.001009,0.000000,PMPI_Sendrecv
State,rank-103,MPI_STATE,0.002314,0.004078,0.001764,0.000000,PMPI_Sendrecv
State,rank-103,MPI_STATE,0.004078,0.014874,0.010796,0.000000,PMPI_Sendrecv
State,rank-103,MPI_STATE,0.014874,0.032468,0.017594,0.000000,PMPI_Sendrecv
State,rank-103,MPI_STATE,0.032468,0.032468,0.000000,0.000000,PMPI_Reduce
State,rank-103,MPI_STATE,0.032468,0.032468,0.000000,0.000000,PMPI_Reduce
State,rank-103,MPI_STATE,0.032468,0.039470,0.007002,0.000000,PMPI_Barrier
State,rank-103,MPI_STATE,0.039470,0.039470,0.000000,0.000000,PMPI_Finalize
State,rank-102,MPI_STATE,0.000000,0.000000,0.000000,0.000000,PMPI_Init
State,rank-102,MPI_STATE,0.000000,0.000004,0.000004,0.000000,PMPI_Barrier
State,rank-102,MPI_STATE,0.000004,0.001112,0.001108,0.000000,PMPI_Scatter
State,rank-102,MPI_STATE,0.001112,0.001131,0.000019,0.000000,PMPI_Sendrecv
State,rank-102,MPI_STATE,0.001131,0.001190,0.000059,0.000000,PMPI_Sendrecv
State,rank-102,MPI_STATE,0.001190,0.001305,0.000115,0.000000,PMPI_Sendrecv
State,rank-102,MPI_STATE,0.001305,0.002314,0.001009,0.000000,PMPI_Sendrecv
State,rank-102,MPI_STATE,0.002314,0.004078,0.001764,0.000000,PMPI_Sendrecv
State,rank-102,MPI_STATE,0.004078,0.014874,0.010796,0.000000,PMPI_Sendrecv
State,rank-102,MPI_STATE,0.014874,0.032468,0.017594,0.000000,PMPI_Sendrecv
State,rank-102,MPI_STATE,0.032468,0.032468,0.000000,0.000000,PMPI_Reduce
State,rank-102,MPI_STATE,0.032468,0.032468,0.000000,0.000000,PMPI_Reduce
State,rank-102,MPI_STATE,0.032468,0.039470,0.007002,0.000000,PMPI_Barrier
State,rank-102,MPI_STATE,0.039470,0.039470,0.000000,0.000000,PMPI_Finalize
State,rank-101,MPI_STATE,0.000000,0.000000,0.000000,0.000000,PMPI_Init
State,rank-101,MPI_STATE,0.000000,0.000004,0.000004,0.000000,PMPI_Barrier
State,rank-101,MPI_STATE,0.000004,0.001112,0.001108,0.000000,PMPI_Scatter
State,rank-101,MPI_STATE,0.001112,0.001131,0.000019,0.000000,PMPI_Sendrecv
State,rank-101,MPI_STATE,0.001131,0.001190,0.000059,0.000000,PMPI_Sendrecv
State,rank-101,MPI_STATE,0.001190,0.001305,0.000115,0.000000,PMPI_Sendrecv
State,rank-101,MPI_STATE,0.001305,0.002314,0.001009,0.000000,PMPI_Sendrecv
State,rank-101,MPI_STATE,0.002314,0.004078,0.001764,0.000000,PMPI_Sendrecv
State,rank-101,MPI_STATE,0.004078,0.014874,0.010796,0.000000,PMPI_Sendrecv
State,rank-101,MPI_STATE,0.014874,0.032468,0.017594,0.000000,PMPI_Sendrecv
State,rank-101,MPI_STATE,0.032468,0.032468,0.000000,0.000000,PMPI_Reduce
State,rank-101,MPI_STATE,0.032468,0.032468,0.000000,0.000000,PMPI_Reduce
State,rank-101,MPI_STATE,0.032468,0.039470,0.007002,0.000000,PMPI_Barrier
State,rank-101,MPI_STATE,0.039470,0.039470,0.000000,0.000000,PMPI_Finalize
State,rank-100,MPI_STATE,0.000000,0.000000,0.000000,0.000000,PMPI_Init
State,rank-100,MPI_STATE,0.000000,0.000004,0.000004,0.000000,PMPI_Barrier
State,rank-100,MPI_STATE,0.000004,0.001112,0.001108,0.000000,PMPI_Scatter
State,rank-100,MPI_STATE,0.001112,0.001131,0.000019,0.000000,PMPI_Sendrecv
State,rank-100,MPI_STATE,0.001131,0.001190,0.000059,0.000000,PMPI_Sendrecv
State,rank-100,MPI_STATE,0.001190,0.001305,0.000115,0.000000,PMPI_Sendrecv
State,rank-100,MPI_STATE,0.001305,0.002314,0.001009,0.000000,PMPI_Sendrecv
State,rank-100,MPI_STATE,0.002314,0.004078,0.001764,0.000000,PMPI_Sendrecv
State,rank-100,MPI_STATE,0.004078,0.014874,0.010796,0.000000,PMPI_Sendrecv
State,rank-100,MPI_STATE,0.014874,0.032468,0.017594,0.000000,PMPI_Sendrecv
State,rank-100,MPI_STATE,0.032468,0.032468,0.000000,0.000000,PMPI_Reduce
State,rank-100,MPI_STATE,0.032468,0.032468,0.000000,0.000000,PMPI_Reduce
State,rank-100,MPI_STATE,0.032468,0.039470,0.007002,0.000000,PMPI_Barrier
State,rank-100,MPI_STATE,0.039470,0.039470,0.000000,0.000000,PMPI_Finalize
State,rank-99,MPI_STATE,0.000000,0.000000,0.000000,0.000000,PMPI_Init
State,rank-99,MPI_STATE,0.000000,0.000004,0.000004,0.000000,PMPI_Barrier
State,rank-99,MPI_STATE,0.000004,0.001112,0.001108,0.000000,PMPI_Scatter
State,rank-99,MPI_STATE,0.001112,0.001131,0.000019,0.000000,PMPI_Sendrecv
State,rank-99,MPI_STATE,0.001131,0.001190,0.000059,0.000000,PMPI_Sendrecv
State,rank-99,MPI_STATE,0.001190,0.001305,0.000115,0.000000,PMPI_Sendrecv
State,rank-99,MPI_STATE,0.001305,0.002314,0.001009,0.000000,PMPI_Sendrecv
State,rank-99,MPI_STATE,0.002314,0.004078,0.001764,0.000000,PMPI_Sendrecv
State,rank-99,MPI_STATE,0.004078,0.014874,0.010796,0.000000,PMPI_Sendrecv
State,rank-99,MPI_STATE,0.014874,0.032468,0.017594,0.000000,PMPI_Sendrecv
State,rank-99,MPI_STATE,0.032468,0.032468,0.000000,0.000000,PMPI_Reduce
State,rank-99,MPI_STATE,0.032468,0.032468,0.000000,0.000000,PMPI_Reduce
State,rank-99,MPI_STATE,0.032468,0.039470,0.007002,0.000000,PMPI_Barrier
State,rank-99,MPI_STATE,0.039470,0.039470,0.000000,0.000000,PMPI_Finalize
State,rank-9,MPI_STATE,0.000000,0.000000,0.000000,0.000000,PMPI_Init
State,rank-9,MPI_STATE,0.000000,0.000003,0.000003,0.000000,PMPI_Barrier
State,rank-9,MPI_STATE,0.000003,0.000855,0.000852,0.000000,PMPI_Scatter
State,rank-9,MPI_STATE,0.000855,0.000874,0.000019,0.000000,PMPI_Sendrecv
State,rank-9,MPI_STATE,0.000874,0.001167,0.000293,0.000000,PMPI_Sendrecv
State,rank-9,MPI_STATE,0.001167,0.001282,0.000115,0.000000,PMPI_Sendrecv
State,rank-9,MPI_STATE,0.001282,0.001882,0.000600,0.000000,PMPI_Sendrecv
State,rank-9,MPI_STATE,0.001882,0.002627,0.000745,0.000000,PMPI_Sendrecv
State,rank-9,MPI_STATE,0.002627,0.012699,0.010072,0.000000,PMPI_Sendrecv
State,rank-9,MPI_STATE,0.012699,0.025883,0.013184,0.000000,PMPI_Sendrecv
State,rank-9,MPI_STATE,0.025883,0.025883,0.000000,0.000000,PMPI_Reduce
State,rank-9,MPI_STATE,0.025883,0.025883,0.000000,0.000000,PMPI_Reduce
State,rank-9,MPI_STATE,0.025883,0.039470,0.013587,0.000000,PMPI_Barrier
State,rank-9,MPI_STATE,0.039470,0.039470,0.000000,0.000000,PMPI_Finalize
State,rank-0,MPI_STATE,0.000000,0.000000,0.000000,0.000000,PMPI_Init
State,rank-0,MPI_STATE,0.000000,0.000002,0.000002,0.000000,PMPI_Barrier
State,rank-0,MPI_STATE,0.000002,0.000002,0.000000,0.000000,PMPI_Scatter
State,rank-0,MPI_STATE,0.000002,0.001050,0.001048,0.000000,PMPI_Sendrecv
State,rank-0,MPI_STATE,0.001050,0.001243,0.000193,0.000000,PMPI_Sendrecv
State,rank-0,MPI_STATE,0.001243,0.001306,0.000063,0.000000,PMPI_Sendrecv
State,rank-0,MPI_STATE,0.001306,0.001928,0.000622,0.000000,PMPI_Sendrecv
State,rank-0,MPI_STATE,0.001928,0.002710,0.000782,0.000000,PMPI_Sendrecv
State,rank-0,MPI_STATE,0.002710,0.008171,0.005461,0.000000,PMPI_Sendrecv
State,rank-0,MPI_STATE,0.008171,0.009962,0.001791,0.000000,PMPI_Sendrecv
State,rank-0,MPI_STATE,0.009962,0.039465,0.029503,0.000000,PMPI_Reduce
State,rank-0,MPI_STATE,0.039465,0.039467,0.000002,0.000000,PMPI_Reduce
State,rank-0,MPI_STATE,0.039467,0.039469,0.000002,0.000000,PMPI_Barrier
State,rank-0,MPI_STATE,0.039469,0.039469,0.000000,0.000000,PMPI_Finalize
