Container, 0, 0, 0, 0.006308, 0.006308, 0
Link, 0, MPI_LINK, 0.000000, 0.000000, 0.000000, PTP, "rank-1", "rank-0", 2_1_-778_1
Link, 0, MPI_LINK, 0.000000, 0.000001, 0.000001, PTP, "rank-2", "rank-0", 3_1_-778_2
Link, 0, MPI_LINK, 0.000000, 0.000001, 0.000001, PTP, "rank-3", "rank-0", 4_1_-778_3
Link, 0, MPI_LINK, 0.000000, 0.000001, 0.000001, PTP, "rank-4", "rank-0", 5_1_-778_4
Link, 0, MPI_LINK, 0.000000, 0.000001, 0.000001, PTP, "rank-5", "rank-0", 6_1_-778_5
Link, 0, MPI_LINK, 0.000000, 0.000001, 0.000001, PTP, "rank-6", "rank-0", 7_1_-778_6
Link, 0, MPI_LINK, 0.000000, 0.000001, 0.000001, PTP, "rank-7", "rank-0", 8_1_-778_7
Link, 0, MPI_LINK, 0.000000, 0.000001, 0.000001, PTP, "rank-8", "rank-0", 9_1_-778_8
Link, 0, MPI_LINK, 0.000000, 0.000001, 0.000001, PTP, "rank-9", "rank-0", 10_1_-778_9
Link, 0, MPI_LINK, 0.000000, 0.000001, 0.000001, PTP, "rank-16", "rank-0", 17_1_-778_16
Link, 0, MPI_LINK, 0.000000, 0.000001, 0.000001, PTP, "rank-17", "rank-0", 18_1_-778_17
Link, 0, MPI_LINK, 0.000000, 0.000001, 0.000001, PTP, "rank-24", "rank-0", 25_1_-778_24
Link, 0, MPI_LINK, 0.000000, 0.000001, 0.000001, PTP, "rank-25", "rank-0", 26_1_-778_25
Link, 0, MPI_LINK, 0.000000, 0.000001, 0.000001, PTP, "rank-10", "rank-0", 11_1_-778_10
Link, 0, MPI_LINK, 0.000000, 0.000001, 0.000001, PTP, "rank-11", "rank-0", 12_1_-778_11
Link, 0, MPI_LINK, 0.000000, 0.000001, 0.000001, PTP, "rank-12", "rank-0", 13_1_-778_12
Link, 0, MPI_LINK, 0.000000, 0.000001, 0.000001, PTP, "rank-13", "rank-0", 14_1_-778_13
Link, 0, MPI_LINK, 0.000000, 0.000001, 0.000001, PTP, "rank-14", "rank-0", 15_1_-778_14
Link, 0, MPI_LINK, 0.000000, 0.000001, 0.000001, PTP, "rank-15", "rank-0", 16_1_-778_15
Link, 0, MPI_LINK, 0.000000, 0.000001, 0.000001, PTP, "rank-18", "rank-0", 19_1_-778_18
Link, 0, MPI_LINK, 0.000000, 0.000001, 0.000001, PTP, "rank-19", "rank-0", 20_1_-778_19
Link, 0, MPI_LINK, 0.000000, 0.000001, 0.000001, PTP, "rank-20", "rank-0", 21_1_-778_20
Link, 0, MPI_LINK, 0.000000, 0.000001, 0.000001, PTP, "rank-21", "rank-0", 22_1_-778_21
Link, 0, MPI_LINK, 0.000000, 0.000001, 0.000001, PTP, "rank-22", "rank-0", 23_1_-778_22
Link, 0, MPI_LINK, 0.000000, 0.000001, 0.000001, PTP, "rank-23", "rank-0", 24_1_-778_23
Link, 0, MPI_LINK, 0.000000, 0.000001, 0.000001, PTP, "rank-26", "rank-0", 27_1_-778_26
Link, 0, MPI_LINK, 0.000000, 0.000001, 0.000001, PTP, "rank-27", "rank-0", 28_1_-778_27
Link, 0, MPI_LINK, 0.000000, 0.000001, 0.000001, PTP, "rank-28", "rank-0", 29_1_-778_28
Link, 0, MPI_LINK, 0.000000, 0.000001, 0.000001, PTP, "rank-29", "rank-0", 30_1_-778_29
Link, 0, MPI_LINK, 0.000000, 0.000001, 0.000001, PTP, "rank-30", "rank-0", 31_1_-778_30
Link, 0, MPI_LINK, 0.000000, 0.000001, 0.000001, PTP, "rank-31", "rank-0", 32_1_-778_31
Link, 0, MPI_LINK, 0.000000, 0.000001, 0.000001, PTP, "rank-32", "rank-0", 33_1_-778_32
Link, 0, MPI_LINK, 0.000000, 0.000001, 0.000001, PTP, "rank-33", "rank-0", 34_1_-778_33
Link, 0, MPI_LINK, 0.000000, 0.000001, 0.000001, PTP, "rank-64", "rank-0", 65_1_-778_64
Link, 0, MPI_LINK, 0.000000, 0.000001, 0.000001, PTP, "rank-65", "rank-0", 66_1_-778_65
Link, 0, MPI_LINK, 0.000000, 0.000001, 0.000001, PTP, "rank-96", "rank-0", 97_1_-778_96
Link, 0, MPI_LINK, 0.000000, 0.000001, 0.000001, PTP, "rank-97", "rank-0", 98_1_-778_97
Link, 0, MPI_LINK, 0.000000, 0.000001, 0.000001, PTP, "rank-34", "rank-0", 35_1_-778_34
Link, 0, MPI_LINK, 0.000000, 0.000001, 0.000001, PTP, "rank-35", "rank-0", 36_1_-778_35
Link, 0, MPI_LINK, 0.000000, 0.000001, 0.000001, PTP, "rank-36", "rank-0", 37_1_-778_36
Link, 0, MPI_LINK, 0.000000, 0.000001, 0.000001, PTP, "rank-37", "rank-0", 38_1_-778_37
Link, 0, MPI_LINK, 0.000000, 0.000001, 0.000001, PTP, "rank-38", "rank-0", 39_1_-778_38
Link, 0, MPI_LINK, 0.000000, 0.000001, 0.000001, PTP, "rank-39", "rank-0", 40_1_-778_39
Link, 0, MPI_LINK, 0.000000, 0.000001, 0.000001, PTP, "rank-66", "rank-0", 67_1_-778_66
Link, 0, MPI_LINK, 0.000000, 0.000001, 0.000001, PTP, "rank-67", "rank-0", 68_1_-778_67
Link, 0, MPI_LINK, 0.000000, 0.000001, 0.000001, PTP, "rank-68", "rank-0", 69_1_-778_68
Link, 0, MPI_LINK, 0.000000, 0.000001, 0.000001, PTP, "rank-69", "rank-0", 70_1_-778_69
Link, 0, MPI_LINK, 0.000000, 0.000001, 0.000001, PTP, "rank-70", "rank-0", 71_1_-778_70
Link, 0, MPI_LINK, 0.000000, 0.000001, 0.000001, PTP, "rank-71", "rank-0", 72_1_-778_71
Link, 0, MPI_LINK, 0.000000, 0.000001, 0.000001, PTP, "rank-98", "rank-0", 99_1_-778_98
Link, 0, MPI_LINK, 0.000000, 0.000001, 0.000001, PTP, "rank-99", "rank-0", 100_1_-778_99
Link, 0, MPI_LINK, 0.000000, 0.000001, 0.000001, PTP, "rank-100", "rank-0", 101_1_-778_100
Link, 0, MPI_LINK, 0.000000, 0.000001, 0.000001, PTP, "rank-101", "rank-0", 102_1_-778_101
Link, 0, MPI_LINK, 0.000000, 0.000001, 0.000001, PTP, "rank-102", "rank-0", 103_1_-778_102
Link, 0, MPI_LINK, 0.000000, 0.000001, 0.000001, PTP, "rank-103", "rank-0", 104_1_-778_103
Link, 0, MPI_LINK, 0.000000, 0.000002, 0.000002, PTP, "rank-40", "rank-0", 41_1_-778_40
Link, 0, MPI_LINK, 0.000000, 0.000002, 0.000002, PTP, "rank-41", "rank-0", 42_1_-778_41
Link, 0, MPI_LINK, 0.000000, 0.000002, 0.000002, PTP, "rank-48", "rank-0", 49_1_-778_48
Link, 0, MPI_LINK, 0.000000, 0.000002, 0.000002, PTP, "rank-49", "rank-0", 50_1_-778_49
Link, 0, MPI_LINK, 0.000000, 0.000002, 0.000002, PTP, "rank-56", "rank-0", 57_1_-778_56
Link, 0, MPI_LINK, 0.000000, 0.000002, 0.000002, PTP, "rank-57", "rank-0", 58_1_-778_57
Link, 0, MPI_LINK, 0.000000, 0.000002, 0.000002, PTP, "rank-72", "rank-0", 73_1_-778_72
Link, 0, MPI_LINK, 0.000000, 0.000002, 0.000002, PTP, "rank-73", "rank-0", 74_1_-778_73
Link, 0, MPI_LINK, 0.000000, 0.000002, 0.000002, PTP, "rank-80", "rank-0", 81_1_-778_80
Link, 0, MPI_LINK, 0.000000, 0.000002, 0.000002, PTP, "rank-81", "rank-0", 82_1_-778_81
Link, 0, MPI_LINK, 0.000000, 0.000002, 0.000002, PTP, "rank-88", "rank-0", 89_1_-778_88
Link, 0, MPI_LINK, 0.000000, 0.000002, 0.000002, PTP, "rank-89", "rank-0", 90_1_-778_89
Link, 0, MPI_LINK, 0.000000, 0.000002, 0.000002, PTP, "rank-104", "rank-0", 105_1_-778_104
Link, 0, MPI_LINK, 0.000000, 0.000002, 0.000002, PTP, "rank-105", "rank-0", 106_1_-778_105
Link, 0, MPI_LINK, 0.000000, 0.000002, 0.000002, PTP, "rank-112", "rank-0", 113_1_-778_112
Link, 0, MPI_LINK, 0.000000, 0.000002, 0.000002, PTP, "rank-113", "rank-0", 114_1_-778_113
Link, 0, MPI_LINK, 0.000000, 0.000002, 0.000002, PTP, "rank-120", "rank-0", 121_1_-778_120
Link, 0, MPI_LINK, 0.000000, 0.000002, 0.000002, PTP, "rank-121", "rank-0", 122_1_-778_121
Link, 0, MPI_LINK, 0.000000, 0.000002, 0.000002, PTP, "rank-42", "rank-0", 43_1_-778_42
Link, 0, MPI_LINK, 0.000000, 0.000002, 0.000002, PTP, "rank-43", "rank-0", 44_1_-778_43
Link, 0, MPI_LINK, 0.000000, 0.000002, 0.000002, PTP, "rank-44", "rank-0", 45_1_-778_44
Link, 0, MPI_LINK, 0.000000, 0.000002, 0.000002, PTP, "rank-45", "rank-0", 46_1_-778_45
Link, 0, MPI_LINK, 0.000000, 0.000002, 0.000002, PTP, "rank-46", "rank-0", 47_1_-778_46
Link, 0, MPI_LINK, 0.000000, 0.000002, 0.000002, PTP, "rank-47", "rank-0", 48_1_-778_47
Link, 0, MPI_LINK, 0.000000, 0.000002, 0.000002, PTP, "rank-50", "rank-0", 51_1_-778_50
Link, 0, MPI_LINK, 0.000000, 0.000002, 0.000002, PTP, "rank-51", "rank-0", 52_1_-778_51
Link, 0, MPI_LINK, 0.000000, 0.000002, 0.000002, PTP, "rank-52", "rank-0", 53_1_-778_52
Link, 0, MPI_LINK, 0.000000, 0.000002, 0.000002, PTP, "rank-53", "rank-0", 54_1_-778_53
Link, 0, MPI_LINK, 0.000000, 0.000002, 0.000002, PTP, "rank-54", "rank-0", 55_1_-778_54
Link, 0, MPI_LINK, 0.000000, 0.000002, 0.000002, PTP, "rank-55", "rank-0", 56_1_-778_55
Link, 0, MPI_LINK, 0.000000, 0.000002, 0.000002, PTP, "rank-58", "rank-0", 59_1_-778_58
Link, 0, MPI_LINK, 0.000000, 0.000002, 0.000002, PTP, "rank-59", "rank-0", 60_1_-778_59
Link, 0, MPI_LINK, 0.000000, 0.000002, 0.000002, PTP, "rank-60", "rank-0", 61_1_-778_60
Link, 0, MPI_LINK, 0.000000, 0.000002, 0.000002, PTP, "rank-61", "rank-0", 62_1_-778_61
Link, 0, MPI_LINK, 0.000000, 0.000002, 0.000002, PTP, "rank-62", "rank-0", 63_1_-778_62
Link, 0, MPI_LINK, 0.000000, 0.000002, 0.000002, PTP, "rank-63", "rank-0", 64_1_-778_63
Link, 0, MPI_LINK, 0.000000, 0.000002, 0.000002, PTP, "rank-74", "rank-0", 75_1_-778_74
Link, 0, MPI_LINK, 0.000000, 0.000002, 0.000002, PTP, "rank-75", "rank-0", 76_1_-778_75
Link, 0, MPI_LINK, 0.000000, 0.000002, 0.000002, PTP, "rank-76", "rank-0", 77_1_-778_76
Link, 0, MPI_LINK, 0.000000, 0.000002, 0.000002, PTP, "rank-77", "rank-0", 78_1_-778_77
Link, 0, MPI_LINK, 0.000000, 0.000002, 0.000002, PTP, "rank-78", "rank-0", 79_1_-778_78
Link, 0, MPI_LINK, 0.000000, 0.000002, 0.000002, PTP, "rank-79", "rank-0", 80_1_-778_79
Link, 0, MPI_LINK, 0.000000, 0.000002, 0.000002, PTP, "rank-82", "rank-0", 83_1_-778_82
Link, 0, MPI_LINK, 0.000000, 0.000002, 0.000002, PTP, "rank-83", "rank-0", 84_1_-778_83
Link, 0, MPI_LINK, 0.000000, 0.000002, 0.000002, PTP, "rank-84", "rank-0", 85_1_-778_84
Link, 0, MPI_LINK, 0.000000, 0.000002, 0.000002, PTP, "rank-85", "rank-0", 86_1_-778_85
Link, 0, MPI_LINK, 0.000000, 0.000002, 0.000002, PTP, "rank-86", "rank-0", 87_1_-778_86
Link, 0, MPI_LINK, 0.000000, 0.000002, 0.000002, PTP, "rank-87", "rank-0", 88_1_-778_87
Link, 0, MPI_LINK, 0.000000, 0.000002, 0.000002, PTP, "rank-90", "rank-0", 91_1_-778_90
Link, 0, MPI_LINK, 0.000000, 0.000002, 0.000002, PTP, "rank-91", "rank-0", 92_1_-778_91
Link, 0, MPI_LINK, 0.000000, 0.000002, 0.000002, PTP, "rank-92", "rank-0", 93_1_-778_92
Link, 0, MPI_LINK, 0.000000, 0.000002, 0.000002, PTP, "rank-93", "rank-0", 94_1_-778_93
Link, 0, MPI_LINK, 0.000000, 0.000002, 0.000002, PTP, "rank-94", "rank-0", 95_1_-778_94
Link, 0, MPI_LINK, 0.000000, 0.000002, 0.000002, PTP, "rank-95", "rank-0", 96_1_-778_95
Link, 0, MPI_LINK, 0.000000, 0.000002, 0.000002, PTP, "rank-106", "rank-0", 107_1_-778_106
Link, 0, MPI_LINK, 0.000000, 0.000002, 0.000002, PTP, "rank-107", "rank-0", 108_1_-778_107
Link, 0, MPI_LINK, 0.000000, 0.000002, 0.000002, PTP, "rank-108", "rank-0", 109_1_-778_108
Link, 0, MPI_LINK, 0.000000, 0.000002, 0.000002, PTP, "rank-109", "rank-0", 110_1_-778_109
Link, 0, MPI_LINK, 0.000000, 0.000002, 0.000002, PTP, "rank-110", "rank-0", 111_1_-778_110
Link, 0, MPI_LINK, 0.000000, 0.000002, 0.000002, PTP, "rank-111", "rank-0", 112_1_-778_111
Link, 0, MPI_LINK, 0.000000, 0.000002, 0.000002, PTP, "rank-114", "rank-0", 115_1_-778_114
Link, 0, MPI_LINK, 0.000000, 0.000002, 0.000002, PTP, "rank-115", "rank-0", 116_1_-778_115
Link, 0, MPI_LINK, 0.000000, 0.000002, 0.000002, PTP, "rank-116", "rank-0", 117_1_-778_116
Link, 0, MPI_LINK, 0.000000, 0.000002, 0.000002, PTP, "rank-117", "rank-0", 118_1_-778_117
Link, 0, MPI_LINK, 0.000000, 0.000002, 0.000002, PTP, "rank-118", "rank-0", 119_1_-778_118
Link, 0, MPI_LINK, 0.000000, 0.000002, 0.000002, PTP, "rank-119", "rank-0", 120_1_-778_119
Link, 0, MPI_LINK, 0.000000, 0.000002, 0.000002, PTP, "rank-122", "rank-0", 123_1_-778_122
Link, 0, MPI_LINK, 0.000000, 0.000002, 0.000002, PTP, "rank-123", "rank-0", 124_1_-778_123
Link, 0, MPI_LINK, 0.000000, 0.000002, 0.000002, PTP, "rank-124", "rank-0", 125_1_-778_124
Link, 0, MPI_LINK, 0.000000, 0.000002, 0.000002, PTP, "rank-125", "rank-0", 126_1_-778_125
Link, 0, MPI_LINK, 0.000000, 0.000002, 0.000002, PTP, "rank-126", "rank-0", 127_1_-778_126
Link, 0, MPI_LINK, 0.000000, 0.000002, 0.000002, PTP, "rank-127", "rank-0", 128_1_-778_127
Link, 0, MPI_LINK, 0.000002, 0.000002, 0.000000, PTP, "rank-0", "rank-1", 1_2_-778_128
Link, 0, MPI_LINK, 0.000002, 0.000003, 0.000001, PTP, "rank-0", "rank-7", 1_8_-778_134
Link, 0, MPI_LINK, 0.000002, 0.000003, 0.000001, PTP, "rank-0", "rank-6", 1_7_-778_133
Link, 0, MPI_LINK, 0.000002, 0.000003, 0.000001, PTP, "rank-0", "rank-5", 1_6_-778_132
Link, 0, MPI_LINK, 0.000002, 0.000003, 0.000001, PTP, "rank-0", "rank-4", 1_5_-778_131
Link, 0, MPI_LINK, 0.000002, 0.000003, 0.000001, PTP, "rank-0", "rank-3", 1_4_-778_130
Link, 0, MPI_LINK, 0.000002, 0.000003, 0.000001, PTP, "rank-0", "rank-2", 1_3_-778_129
Link, 0, MPI_LINK, 0.000002, 0.000003, 0.000001, PTP, "rank-0", "rank-25", 1_26_-778_152
Link, 0, MPI_LINK, 0.000002, 0.000003, 0.000001, PTP, "rank-0", "rank-24", 1_25_-778_151
Link, 0, MPI_LINK, 0.000002, 0.000003, 0.000001, PTP, "rank-0", "rank-17", 1_18_-778_144
Link, 0, MPI_LINK, 0.000002, 0.000003, 0.000001, PTP, "rank-0", "rank-16", 1_17_-778_143
Link, 0, MPI_LINK, 0.000002, 0.000003, 0.000001, PTP, "rank-0", "rank-9", 1_10_-778_136
Link, 0, MPI_LINK, 0.000002, 0.000003, 0.000001, PTP, "rank-0", "rank-8", 1_9_-778_135
Link, 0, MPI_LINK, 0.000002, 0.000003, 0.000001, PTP, "rank-0", "rank-31", 1_32_-778_158
Link, 0, MPI_LINK, 0.000002, 0.000003, 0.000001, PTP, "rank-0", "rank-30", 1_31_-778_157
Link, 0, MPI_LINK, 0.000002, 0.000003, 0.000001, PTP, "rank-0", "rank-29", 1_30_-778_156
Link, 0, MPI_LINK, 0.000002, 0.000003, 0.000001, PTP, "rank-0", "rank-28", 1_29_-778_155
Link, 0, MPI_LINK, 0.000002, 0.000003, 0.000001, PTP, "rank-0", "rank-27", 1_28_-778_154
Link, 0, MPI_LINK, 0.000002, 0.000003, 0.000001, PTP, "rank-0", "rank-26", 1_27_-778_153
Link, 0, MPI_LINK, 0.000002, 0.000003, 0.000001, PTP, "rank-0", "rank-23", 1_24_-778_150
Link, 0, MPI_LINK, 0.000002, 0.000003, 0.000001, PTP, "rank-0", "rank-22", 1_23_-778_149
Link, 0, MPI_LINK, 0.000002, 0.000003, 0.000001, PTP, "rank-0", "rank-21", 1_22_-778_148
Link, 0, MPI_LINK, 0.000002, 0.000003, 0.000001, PTP, "rank-0", "rank-20", 1_21_-778_147
Link, 0, MPI_LINK, 0.000002, 0.000003, 0.000001, PTP, "rank-0", "rank-19", 1_20_-778_146
Link, 0, MPI_LINK, 0.000002, 0.000003, 0.000001, PTP, "rank-0", "rank-18", 1_19_-778_145
Link, 0, MPI_LINK, 0.000002, 0.000003, 0.000001, PTP, "rank-0", "rank-15", 1_16_-778_142
Link, 0, MPI_LINK, 0.000002, 0.000003, 0.000001, PTP, "rank-0", "rank-14", 1_15_-778_141
Link, 0, MPI_LINK, 0.000002, 0.000003, 0.000001, PTP, "rank-0", "rank-13", 1_14_-778_140
Link, 0, MPI_LINK, 0.000002, 0.000003, 0.000001, PTP, "rank-0", "rank-12", 1_13_-778_139
Link, 0, MPI_LINK, 0.000002, 0.000003, 0.000001, PTP, "rank-0", "rank-11", 1_12_-778_138
Link, 0, MPI_LINK, 0.000002, 0.000003, 0.000001, PTP, "rank-0", "rank-10", 1_11_-778_137
Link, 0, MPI_LINK, 0.000002, 0.000003, 0.000001, PTP, "rank-0", "rank-97", 1_98_-778_224
Link, 0, MPI_LINK, 0.000002, 0.000003, 0.000001, PTP, "rank-0", "rank-96", 1_97_-778_223
Link, 0, MPI_LINK, 0.000002, 0.000003, 0.000001, PTP, "rank-0", "rank-65", 1_66_-778_192
Link, 0, MPI_LINK, 0.000002, 0.000003, 0.000001, PTP, "rank-0", "rank-64", 1_65_-778_191
Link, 0, MPI_LINK, 0.000002, 0.000003, 0.000001, PTP, "rank-0", "rank-33", 1_34_-778_160
Link, 0, MPI_LINK, 0.000002, 0.000003, 0.000001, PTP, "rank-0", "rank-32", 1_33_-778_159
Link, 0, MPI_LINK, 0.000002, 0.000004, 0.000002, PTP, "rank-0", "rank-103", 1_104_-778_230
Link, 0, MPI_LINK, 0.000002, 0.000004, 0.000002, PTP, "rank-0", "rank-102", 1_103_-778_229
Link, 0, MPI_LINK, 0.000002, 0.000004, 0.000002, PTP, "rank-0", "rank-101", 1_102_-778_228
Link, 0, MPI_LINK, 0.000002, 0.000004, 0.000002, PTP, "rank-0", "rank-100", 1_101_-778_227
Link, 0, MPI_LINK, 0.000002, 0.000004, 0.000002, PTP, "rank-0", "rank-99", 1_100_-778_226
Link, 0, MPI_LINK, 0.000002, 0.000004, 0.000002, PTP, "rank-0", "rank-98", 1_99_-778_225
Link, 0, MPI_LINK, 0.000002, 0.000004, 0.000002, PTP, "rank-0", "rank-71", 1_72_-778_198
Link, 0, MPI_LINK, 0.000002, 0.000004, 0.000002, PTP, "rank-0", "rank-70", 1_71_-778_197
Link, 0, MPI_LINK, 0.000002, 0.000004, 0.000002, PTP, "rank-0", "rank-69", 1_70_-778_196
Link, 0, MPI_LINK, 0.000002, 0.000004, 0.000002, PTP, "rank-0", "rank-68", 1_69_-778_195
Link, 0, MPI_LINK, 0.000002, 0.000004, 0.000002, PTP, "rank-0", "rank-67", 1_68_-778_194
Link, 0, MPI_LINK, 0.000002, 0.000004, 0.000002, PTP, "rank-0", "rank-66", 1_67_-778_193
Link, 0, MPI_LINK, 0.000002, 0.000004, 0.000002, PTP, "rank-0", "rank-39", 1_40_-778_166
Link, 0, MPI_LINK, 0.000002, 0.000004, 0.000002, PTP, "rank-0", "rank-38", 1_39_-778_165
Link, 0, MPI_LINK, 0.000002, 0.000004, 0.000002, PTP, "rank-0", "rank-37", 1_38_-778_164
Link, 0, MPI_LINK, 0.000002, 0.000004, 0.000002, PTP, "rank-0", "rank-36", 1_37_-778_163
Link, 0, MPI_LINK, 0.000002, 0.000004, 0.000002, PTP, "rank-0", "rank-35", 1_36_-778_162
Link, 0, MPI_LINK, 0.000002, 0.000004, 0.000002, PTP, "rank-0", "rank-34", 1_35_-778_161
Link, 0, MPI_LINK, 0.000002, 0.000004, 0.000002, PTP, "rank-0", "rank-121", 1_122_-778_248
Link, 0, MPI_LINK, 0.000002, 0.000004, 0.000002, PTP, "rank-0", "rank-120", 1_121_-778_247
Link, 0, MPI_LINK, 0.000002, 0.000004, 0.000002, PTP, "rank-0", "rank-113", 1_114_-778_240
Link, 0, MPI_LINK, 0.000002, 0.000004, 0.000002, PTP, "rank-0", "rank-112", 1_113_-778_239
Link, 0, MPI_LINK, 0.000002, 0.000004, 0.000002, PTP, "rank-0", "rank-105", 1_106_-778_232
Link, 0, MPI_LINK, 0.000002, 0.000004, 0.000002, PTP, "rank-0", "rank-104", 1_105_-778_231
Link, 0, MPI_LINK, 0.000002, 0.000004, 0.000002, PTP, "rank-0", "rank-89", 1_90_-778_216
Link, 0, MPI_LINK, 0.000002, 0.000004, 0.000002, PTP, "rank-0", "rank-88", 1_89_-778_215
Link, 0, MPI_LINK, 0.000002, 0.000004, 0.000002, PTP, "rank-0", "rank-81", 1_82_-778_208
Link, 0, MPI_LINK, 0.000002, 0.000004, 0.000002, PTP, "rank-0", "rank-80", 1_81_-778_207
Link, 0, MPI_LINK, 0.000002, 0.000004, 0.000002, PTP, "rank-0", "rank-73", 1_74_-778_200
Link, 0, MPI_LINK, 0.000002, 0.000004, 0.000002, PTP, "rank-0", "rank-72", 1_73_-778_199
Link, 0, MPI_LINK, 0.000002, 0.000004, 0.000002, PTP, "rank-0", "rank-57", 1_58_-778_184
Link, 0, MPI_LINK, 0.000002, 0.000004, 0.000002, PTP, "rank-0", "rank-56", 1_57_-778_183
Link, 0, MPI_LINK, 0.000002, 0.000004, 0.000002, PTP, "rank-0", "rank-49", 1_50_-778_176
Link, 0, MPI_LINK, 0.000002, 0.000004, 0.000002, PTP, "rank-0", "rank-48", 1_49_-778_175
Link, 0, MPI_LINK, 0.000002, 0.000004, 0.000002, PTP, "rank-0", "rank-41", 1_42_-778_168
Link, 0, MPI_LINK, 0.000002, 0.000004, 0.000002, PTP, "rank-0", "rank-40", 1_41_-778_167
Link, 0, MPI_LINK, 0.000002, 0.000004, 0.000002, PTP, "rank-0", "rank-127", 1_128_-778_254
Link, 0, MPI_LINK, 0.000002, 0.000004, 0.000002, PTP, "rank-0", "rank-126", 1_127_-778_253
Link, 0, MPI_LINK, 0.000002, 0.000004, 0.000002, PTP, "rank-0", "rank-125", 1_126_-778_252
Link, 0, MPI_LINK, 0.000002, 0.000004, 0.000002, PTP, "rank-0", "rank-124", 1_125_-778_251
Link, 0, MPI_LINK, 0.000002, 0.000004, 0.000002, PTP, "rank-0", "rank-123", 1_124_-778_250
Link, 0, MPI_LINK, 0.000002, 0.000004, 0.000002, PTP, "rank-0", "rank-122", 1_123_-778_249
Link, 0, MPI_LINK, 0.000002, 0.000004, 0.000002, PTP, "rank-0", "rank-119", 1_120_-778_246
Link, 0, MPI_LINK, 0.000002, 0.000004, 0.000002, PTP, "rank-0", "rank-118", 1_119_-778_245
Link, 0, MPI_LINK, 0.000002, 0.000004, 0.000002, PTP, "rank-0", "rank-117", 1_118_-778_244
Link, 0, MPI_LINK, 0.000002, 0.000004, 0.000002, PTP, "rank-0", "rank-116", 1_117_-778_243
Link, 0, MPI_LINK, 0.000002, 0.000004, 0.000002, PTP, "rank-0", "rank-115", 1_116_-778_242
Link, 0, MPI_LINK, 0.000002, 0.000004, 0.000002, PTP, "rank-0", "rank-114", 1_115_-778_241
Link, 0, MPI_LINK, 0.000002, 0.000004, 0.000002, PTP, "rank-0", "rank-111", 1_112_-778_238
Link, 0, MPI_LINK, 0.000002, 0.000004, 0.000002, PTP, "rank-0", "rank-110", 1_111_-778_237
Link, 0, MPI_LINK, 0.000002, 0.000004, 0.000002, PTP, "rank-0", "rank-109", 1_110_-778_236
Link, 0, MPI_LINK, 0.000002, 0.000004, 0.000002, PTP, "rank-0", "rank-108", 1_109_-778_235
Link, 0, MPI_LINK, 0.000002, 0.000004, 0.000002, PTP, "rank-0", "rank-107", 1_108_-778_234
Link, 0, MPI_LINK, 0.000002, 0.000004, 0.000002, PTP, "rank-0", "rank-106", 1_107_-778_233
Link, 0, MPI_LINK, 0.000002, 0.000004, 0.000002, PTP, "rank-0", "rank-95", 1_96_-778_222
Link, 0, MPI_LINK, 0.000002, 0.000004, 0.000002, PTP, "rank-0", "rank-94", 1_95_-778_221
Link, 0, MPI_LINK, 0.000002, 0.000004, 0.000002, PTP, "rank-0", "rank-93", 1_94_-778_220
Link, 0, MPI_LINK, 0.000002, 0.000004, 0.000002, PTP, "rank-0", "rank-92", 1_93_-778_219
Link, 0, MPI_LINK, 0.000002, 0.000004, 0.000002, PTP, "rank-0", "rank-91", 1_92_-778_218
Link, 0, MPI_LINK, 0.000002, 0.000004, 0.000002, PTP, "rank-0", "rank-90", 1_91_-778_217
Link, 0, MPI_LINK, 0.000002, 0.000004, 0.000002, PTP, "rank-0", "rank-87", 1_88_-778_214
Link, 0, MPI_LINK, 0.000002, 0.000004, 0.000002, PTP, "rank-0", "rank-86", 1_87_-778_213
Link, 0, MPI_LINK, 0.000002, 0.000004, 0.000002, PTP, "rank-0", "rank-85", 1_86_-778_212
Link, 0, MPI_LINK, 0.000002, 0.000004, 0.000002, PTP, "rank-0", "rank-84", 1_85_-778_211
Link, 0, MPI_LINK, 0.000002, 0.000004, 0.000002, PTP, "rank-0", "rank-83", 1_84_-778_210
Link, 0, MPI_LINK, 0.000002, 0.000004, 0.000002, PTP, "rank-0", "rank-82", 1_83_-778_209
Link, 0, MPI_LINK, 0.000002, 0.000004, 0.000002, PTP, "rank-0", "rank-79", 1_80_-778_206
Link, 0, MPI_LINK, 0.000002, 0.000004, 0.000002, PTP, "rank-0", "rank-78", 1_79_-778_205
Link, 0, MPI_LINK, 0.000002, 0.000004, 0.000002, PTP, "rank-0", "rank-77", 1_78_-778_204
Link, 0, MPI_LINK, 0.000002, 0.000004, 0.000002, PTP, "rank-0", "rank-76", 1_77_-778_203
Link, 0, MPI_LINK, 0.000002, 0.000004, 0.000002, PTP, "rank-0", "rank-75", 1_76_-778_202
Link, 0, MPI_LINK, 0.000002, 0.000004, 0.000002, PTP, "rank-0", "rank-74", 1_75_-778_201
Link, 0, MPI_LINK, 0.000002, 0.000004, 0.000002, PTP, "rank-0", "rank-63", 1_64_-778_190
Link, 0, MPI_LINK, 0.000002, 0.000004, 0.000002, PTP, "rank-0", "rank-62", 1_63_-778_189
Link, 0, MPI_LINK, 0.000002, 0.000004, 0.000002, PTP, "rank-0", "rank-61", 1_62_-778_188
Link, 0, MPI_LINK, 0.000002, 0.000004, 0.000002, PTP, "rank-0", "rank-60", 1_61_-778_187
Link, 0, MPI_LINK, 0.000002, 0.000004, 0.000002, PTP, "rank-0", "rank-59", 1_60_-778_186
Link, 0, MPI_LINK, 0.000002, 0.000004, 0.000002, PTP, "rank-0", "rank-58", 1_59_-778_185
Link, 0, MPI_LINK, 0.000002, 0.000004, 0.000002, PTP, "rank-0", "rank-55", 1_56_-778_182
Link, 0, MPI_LINK, 0.000002, 0.000004, 0.000002, PTP, "rank-0", "rank-54", 1_55_-778_181
Link, 0, MPI_LINK, 0.000002, 0.000004, 0.000002, PTP, "rank-0", "rank-53", 1_54_-778_180
Link, 0, MPI_LINK, 0.000002, 0.000004, 0.000002, PTP, "rank-0", "rank-52", 1_53_-778_179
Link, 0, MPI_LINK, 0.000002, 0.000004, 0.000002, PTP, "rank-0", "rank-51", 1_52_-778_178
Link, 0, MPI_LINK, 0.000002, 0.000004, 0.000002, PTP, "rank-0", "rank-50", 1_51_-778_177
Link, 0, MPI_LINK, 0.000002, 0.000004, 0.000002, PTP, "rank-0", "rank-47", 1_48_-778_174
Link, 0, MPI_LINK, 0.000002, 0.000004, 0.000002, PTP, "rank-0", "rank-46", 1_47_-778_173
Link, 0, MPI_LINK, 0.000002, 0.000004, 0.000002, PTP, "rank-0", "rank-45", 1_46_-778_172
Link, 0, MPI_LINK, 0.000002, 0.000004, 0.000002, PTP, "rank-0", "rank-44", 1_45_-778_171
Link, 0, MPI_LINK, 0.000002, 0.000004, 0.000002, PTP, "rank-0", "rank-43", 1_44_-778_170
Link, 0, MPI_LINK, 0.000002, 0.000004, 0.000002, PTP, "rank-0", "rank-42", 1_43_-778_169
Link, 0, MPI_LINK, 0.000002, 0.000906, 0.000904, PTP, "rank-0", "rank-43", 1_44_0_255
Link, 0, MPI_LINK, 0.000906, 0.001809, 0.000903, PTP, "rank-0", "rank-107", 1_108_1_256
Link, 0, MPI_LINK, 0.000906, 0.001809, 0.000903, PTP, "rank-43", "rank-64", 44_65_1_257
Link, 0, MPI_LINK, 0.001809, 0.002706, 0.000897, PTP, "rank-107", "rank-96", 108_97_2_258
Link, 0, MPI_LINK, 0.001809, 0.002706, 0.000897, PTP, "rank-0", "rank-11", 1_12_2_259
Link, 0, MPI_LINK, 0.001809, 0.002706, 0.000897, PTP, "rank-64", "rank-75", 65_76_2_260
Link, 0, MPI_LINK, 0.001809, 0.002706, 0.000897, PTP, "rank-43", "rank-32", 44_33_2_261
Link, 0, MPI_LINK, 0.002706, 0.003604, 0.000898, PTP, "rank-107", "rank-112", 108_113_3_263
Link, 0, MPI_LINK, 0.002706, 0.003604, 0.000898, PTP, "rank-11", "rank-16", 12_17_3_264
Link, 0, MPI_LINK, 0.002706, 0.003604, 0.000898, PTP, "rank-75", "rank-80", 76_81_3_266
Link, 0, MPI_LINK, 0.002706, 0.003604, 0.000898, PTP, "rank-43", "rank-48", 44_49_3_269
Link, 0, MPI_LINK, 0.002706, 0.003608, 0.000902, PTP, "rank-96", "rank-91", 97_92_3_262
Link, 0, MPI_LINK, 0.002706, 0.003608, 0.000902, PTP, "rank-0", "rank-123", 1_124_3_265
Link, 0, MPI_LINK, 0.002706, 0.003608, 0.000902, PTP, "rank-64", "rank-59", 65_60_3_267
Link, 0, MPI_LINK, 0.002706, 0.003608, 0.000902, PTP, "rank-32", "rank-27", 33_28_3_268
Link, 0, MPI_LINK, 0.003604, 0.004499, 0.000895, PTP, "rank-112", "rank-115", 113_116_4_270
Link, 0, MPI_LINK, 0.003604, 0.004499, 0.000895, PTP, "rank-107", "rank-104", 108_105_4_271
Link, 0, MPI_LINK, 0.003604, 0.004499, 0.000895, PTP, "rank-16", "rank-19", 17_20_4_272
Link, 0, MPI_LINK, 0.003604, 0.004499, 0.000895, PTP, "rank-11", "rank-8", 12_9_4_273
Link, 0, MPI_LINK, 0.003604, 0.004499, 0.000895, PTP, "rank-80", "rank-83", 81_84_4_274
Link, 0, MPI_LINK, 0.003604, 0.004499, 0.000895, PTP, "rank-75", "rank-72", 76_73_4_275
Link, 0, MPI_LINK, 0.003604, 0.004499, 0.000895, PTP, "rank-48", "rank-51", 49_52_4_276
Link, 0, MPI_LINK, 0.003604, 0.004499, 0.000895, PTP, "rank-43", "rank-40", 44_41_4_277
Link, 0, MPI_LINK, 0.003608, 0.004504, 0.000896, PTP, "rank-91", "rank-88", 92_89_4_278
Link, 0, MPI_LINK, 0.003608, 0.004504, 0.000896, PTP, "rank-96", "rank-99", 97_100_4_279
Link, 0, MPI_LINK, 0.003608, 0.004504, 0.000896, PTP, "rank-123", "rank-120", 124_121_4_280
Link, 0, MPI_LINK, 0.003608, 0.004504, 0.000896, PTP, "rank-0", "rank-3", 1_4_4_281
Link, 0, MPI_LINK, 0.003608, 0.004504, 0.000896, PTP, "rank-59", "rank-56", 60_57_4_282
Link, 0, MPI_LINK, 0.003608, 0.004504, 0.000896, PTP, "rank-64", "rank-67", 65_68_4_283
Link, 0, MPI_LINK, 0.003608, 0.004504, 0.000896, PTP, "rank-27", "rank-24", 28_25_4_284
Link, 0, MPI_LINK, 0.003608, 0.004504, 0.000896, PTP, "rank-32", "rank-35", 33_36_4_285
Link, 0, MPI_LINK, 0.004499, 0.005394, 0.000895, PTP, "rank-115", "rank-116", 116_117_5_286
Link, 0, MPI_LINK, 0.004499, 0.005394, 0.000895, PTP, "rank-107", "rank-108", 108_109_5_289
Link, 0, MPI_LINK, 0.004499, 0.005394, 0.000895, PTP, "rank-19", "rank-20", 20_21_5_290
Link, 0, MPI_LINK, 0.004499, 0.005394, 0.000895, PTP, "rank-11", "rank-12", 12_13_5_293
Link, 0, MPI_LINK, 0.004499, 0.005394, 0.000895, PTP, "rank-83", "rank-84", 84_85_5_294
Link, 0, MPI_LINK, 0.004499, 0.005394, 0.000895, PTP, "rank-75", "rank-76", 76_77_5_297
Link, 0, MPI_LINK, 0.004499, 0.005394, 0.000895, PTP, "rank-51", "rank-52", 52_53_5_298
Link, 0, MPI_LINK, 0.004499, 0.005394, 0.000895, PTP, "rank-43", "rank-44", 44_45_5_301
Link, 0, MPI_LINK, 0.004499, 0.005396, 0.000897, PTP, "rank-112", "rank-111", 113_112_5_287
Link, 0, MPI_LINK, 0.004499, 0.005396, 0.000897, PTP, "rank-104", "rank-103", 105_104_5_288
Link, 0, MPI_LINK, 0.004499, 0.005396, 0.000897, PTP, "rank-16", "rank-15", 17_16_5_291
Link, 0, MPI_LINK, 0.004499, 0.005396, 0.000897, PTP, "rank-8", "rank-7", 9_8_5_292
Link, 0, MPI_LINK, 0.004499, 0.005396, 0.000897, PTP, "rank-80", "rank-79", 81_80_5_295
Link, 0, MPI_LINK, 0.004499, 0.005396, 0.000897, PTP, "rank-72", "rank-71", 73_72_5_296
Link, 0, MPI_LINK, 0.004499, 0.005396, 0.000897, PTP, "rank-48", "rank-47", 49_48_5_299
Link, 0, MPI_LINK, 0.004499, 0.005396, 0.000897, PTP, "rank-40", "rank-39", 41_40_5_300
Link, 0, MPI_LINK, 0.004504, 0.005399, 0.000895, PTP, "rank-91", "rank-92", 92_93_5_303
Link, 0, MPI_LINK, 0.004504, 0.005399, 0.000895, PTP, "rank-99", "rank-100", 100_101_5_304
Link, 0, MPI_LINK, 0.004504, 0.005399, 0.000895, PTP, "rank-123", "rank-124", 124_125_5_307
Link, 0, MPI_LINK, 0.004504, 0.005399, 0.000895, PTP, "rank-3", "rank-4", 4_5_5_308
Link, 0, MPI_LINK, 0.004504, 0.005399, 0.000895, PTP, "rank-59", "rank-60", 60_61_5_311
Link, 0, MPI_LINK, 0.004504, 0.005399, 0.000895, PTP, "rank-67", "rank-68", 68_69_5_312
Link, 0, MPI_LINK, 0.004504, 0.005399, 0.000895, PTP, "rank-27", "rank-28", 28_29_5_315
Link, 0, MPI_LINK, 0.004504, 0.005399, 0.000895, PTP, "rank-35", "rank-36", 36_37_5_316
Link, 0, MPI_LINK, 0.004504, 0.005401, 0.000897, PTP, "rank-88", "rank-87", 89_88_5_302
Link, 0, MPI_LINK, 0.004504, 0.005401, 0.000897, PTP, "rank-120", "rank-119", 121_120_5_306
Link, 0, MPI_LINK, 0.004504, 0.005401, 0.000897, PTP, "rank-56", "rank-55", 57_56_5_310
Link, 0, MPI_LINK, 0.004504, 0.005401, 0.000897, PTP, "rank-24", "rank-23", 25_24_5_314
Link, 0, MPI_LINK, 0.004504, 0.005406, 0.000902, PTP, "rank-96", "rank-95", 97_96_5_305
Link, 0, MPI_LINK, 0.004504, 0.005406, 0.000902, PTP, "rank-0", "rank-127", 1_128_5_309
Link, 0, MPI_LINK, 0.004504, 0.005406, 0.000902, PTP, "rank-64", "rank-63", 65_64_5_313
Link, 0, MPI_LINK, 0.004504, 0.005406, 0.000902, PTP, "rank-32", "rank-31", 33_32_5_317
Link, 0, MPI_LINK, 0.005394, 0.006288, 0.000894, PTP, "rank-116", "rank-117", 117_118_6_318
Link, 0, MPI_LINK, 0.005394, 0.006288, 0.000894, PTP, "rank-115", "rank-114", 116_115_6_319
Link, 0, MPI_LINK, 0.005394, 0.006288, 0.000894, PTP, "rank-108", "rank-109", 109_110_6_320
Link, 0, MPI_LINK, 0.005394, 0.006288, 0.000894, PTP, "rank-107", "rank-106", 108_107_6_321
Link, 0, MPI_LINK, 0.005394, 0.006288, 0.000894, PTP, "rank-20", "rank-21", 21_22_6_322
Link, 0, MPI_LINK, 0.005394, 0.006288, 0.000894, PTP, "rank-19", "rank-18", 20_19_6_323
Link, 0, MPI_LINK, 0.005394, 0.006288, 0.000894, PTP, "rank-12", "rank-13", 13_14_6_324
Link, 0, MPI_LINK, 0.005394, 0.006288, 0.000894, PTP, "rank-11", "rank-10", 12_11_6_325
Link, 0, MPI_LINK, 0.005394, 0.006288, 0.000894, PTP, "rank-84", "rank-85", 85_86_6_326
Link, 0, MPI_LINK, 0.005394, 0.006288, 0.000894, PTP, "rank-83", "rank-82", 84_83_6_327
Link, 0, MPI_LINK, 0.005394, 0.006288, 0.000894, PTP, "rank-76", "rank-77", 77_78_6_328
Link, 0, MPI_LINK, 0.005394, 0.006288, 0.000894, PTP, "rank-75", "rank-74", 76_75_6_329
Link, 0, MPI_LINK, 0.005394, 0.006288, 0.000894, PTP, "rank-52", "rank-53", 53_54_6_330
Link, 0, MPI_LINK, 0.005394, 0.006288, 0.000894, PTP, "rank-51", "rank-50", 52_51_6_331
Link, 0, MPI_LINK, 0.005394, 0.006288, 0.000894, PTP, "rank-44", "rank-45", 45_46_6_332
Link, 0, MPI_LINK, 0.005394, 0.006288, 0.000894, PTP, "rank-43", "rank-42", 44_43_6_333
Link, 0, MPI_LINK, 0.005396, 0.006291, 0.000895, PTP, "rank-111", "rank-110", 112_111_6_334
Link, 0, MPI_LINK, 0.005396, 0.006291, 0.000895, PTP, "rank-112", "rank-113", 113_114_6_335
Link, 0, MPI_LINK, 0.005396, 0.006291, 0.000895, PTP, "rank-103", "rank-102", 104_103_6_336
Link, 0, MPI_LINK, 0.005396, 0.006291, 0.000895, PTP, "rank-104", "rank-105", 105_106_6_337
Link, 0, MPI_LINK, 0.005396, 0.006291, 0.000895, PTP, "rank-15", "rank-14", 16_15_6_338
Link, 0, MPI_LINK, 0.005396, 0.006291, 0.000895, PTP, "rank-16", "rank-17", 17_18_6_339
Link, 0, MPI_LINK, 0.005396, 0.006291, 0.000895, PTP, "rank-7", "rank-6", 8_7_6_340
Link, 0, MPI_LINK, 0.005396, 0.006291, 0.000895, PTP, "rank-8", "rank-9", 9_10_6_341
Link, 0, MPI_LINK, 0.005396, 0.006291, 0.000895, PTP, "rank-79", "rank-78", 80_79_6_342
Link, 0, MPI_LINK, 0.005396, 0.006291, 0.000895, PTP, "rank-80", "rank-81", 81_82_6_343
Link, 0, MPI_LINK, 0.005396, 0.006291, 0.000895, PTP, "rank-71", "rank-70", 72_71_6_344
Link, 0, MPI_LINK, 0.005396, 0.006291, 0.000895, PTP, "rank-72", "rank-73", 73_74_6_345
Link, 0, MPI_LINK, 0.005396, 0.006291, 0.000895, PTP, "rank-47", "rank-46", 48_47_6_346
Link, 0, MPI_LINK, 0.005396, 0.006291, 0.000895, PTP, "rank-48", "rank-49", 49_50_6_347
Link, 0, MPI_LINK, 0.005396, 0.006291, 0.000895, PTP, "rank-39", "rank-38", 40_39_6_348
Link, 0, MPI_LINK, 0.005396, 0.006291, 0.000895, PTP, "rank-40", "rank-41", 41_42_6_349
Link, 0, MPI_LINK, 0.005399, 0.006293, 0.000894, PTP, "rank-92", "rank-93", 93_94_6_350
Link, 0, MPI_LINK, 0.005399, 0.006293, 0.000894, PTP, "rank-91", "rank-90", 92_91_6_351
Link, 0, MPI_LINK, 0.005399, 0.006293, 0.000894, PTP, "rank-100", "rank-101", 101_102_6_352
Link, 0, MPI_LINK, 0.005399, 0.006293, 0.000894, PTP, "rank-99", "rank-98", 100_99_6_353
Link, 0, MPI_LINK, 0.005399, 0.006293, 0.000894, PTP, "rank-124", "rank-125", 125_126_6_354
Link, 0, MPI_LINK, 0.005399, 0.006293, 0.000894, PTP, "rank-123", "rank-122", 124_123_6_355
Link, 0, MPI_LINK, 0.005399, 0.006293, 0.000894, PTP, "rank-4", "rank-5", 5_6_6_356
Link, 0, MPI_LINK, 0.005399, 0.006293, 0.000894, PTP, "rank-3", "rank-2", 4_3_6_357
Link, 0, MPI_LINK, 0.005399, 0.006293, 0.000894, PTP, "rank-60", "rank-61", 61_62_6_358
Link, 0, MPI_LINK, 0.005399, 0.006293, 0.000894, PTP, "rank-59", "rank-58", 60_59_6_359
Link, 0, MPI_LINK, 0.005399, 0.006293, 0.000894, PTP, "rank-68", "rank-69", 69_70_6_360
Link, 0, MPI_LINK, 0.005399, 0.006293, 0.000894, PTP, "rank-67", "rank-66", 68_67_6_361
Link, 0, MPI_LINK, 0.005399, 0.006293, 0.000894, PTP, "rank-28", "rank-29", 29_30_6_362
Link, 0, MPI_LINK, 0.005399, 0.006293, 0.000894, PTP, "rank-27", "rank-26", 28_27_6_363
Link, 0, MPI_LINK, 0.005399, 0.006293, 0.000894, PTP, "rank-36", "rank-37", 37_38_6_364
Link, 0, MPI_LINK, 0.005399, 0.006293, 0.000894, PTP, "rank-35", "rank-34", 36_35_6_365
Link, 0, MPI_LINK, 0.005401, 0.006295, 0.000894, PTP, "rank-87", "rank-86", 88_87_6_366
Link, 0, MPI_LINK, 0.005401, 0.006295, 0.000894, PTP, "rank-88", "rank-89", 89_90_6_367
Link, 0, MPI_LINK, 0.005401, 0.006295, 0.000894, PTP, "rank-119", "rank-118", 120_119_6_368
Link, 0, MPI_LINK, 0.005401, 0.006295, 0.000894, PTP, "rank-120", "rank-121", 121_122_6_369
Link, 0, MPI_LINK, 0.005401, 0.006295, 0.000894, PTP, "rank-55", "rank-54", 56_55_6_370
Link, 0, MPI_LINK, 0.005401, 0.006295, 0.000894, PTP, "rank-56", "rank-57", 57_58_6_371
Link, 0, MPI_LINK, 0.005401, 0.006295, 0.000894, PTP, "rank-23", "rank-22", 24_23_6_372
Link, 0, MPI_LINK, 0.005401, 0.006295, 0.000894, PTP, "rank-24", "rank-25", 25_26_6_373
Link, 0, MPI_LINK, 0.005406, 0.006300, 0.000894, PTP, "rank-95", "rank-94", 96_95_6_374
Link, 0, MPI_LINK, 0.005406, 0.006300, 0.000894, PTP, "rank-96", "rank-97", 97_98_6_375
Link, 0, MPI_LINK, 0.005406, 0.006300, 0.000894, PTP, "rank-127", "rank-126", 128_127_6_376
Link, 0, MPI_LINK, 0.005406, 0.006300, 0.000894, PTP, "rank-0", "rank-1", 1_2_6_377
Link, 0, MPI_LINK, 0.005406, 0.006300, 0.000894, PTP, "rank-63", "rank-62", 64_63_6_378
Link, 0, MPI_LINK, 0.005406, 0.006300, 0.000894, PTP, "rank-64", "rank-65", 65_66_6_379
Link, 0, MPI_LINK, 0.005406, 0.006300, 0.000894, PTP, "rank-31", "rank-30", 32_31_6_380
Link, 0, MPI_LINK, 0.005406, 0.006300, 0.000894, PTP, "rank-32", "rank-33", 33_34_6_381
Link, 0, MPI_LINK, 0.006300, 0.006300, 0.000000, PTP, "rank-1", "rank-0", 2_1_-112_726
Link, 0, MPI_LINK, 0.006293, 0.006301, 0.000008, PTP, "rank-2", "rank-0", 3_1_-112_591
Link, 0, MPI_LINK, 0.006293, 0.006301, 0.000008, PTP, "rank-3", "rank-0", 4_1_-112_590
Link, 0, MPI_LINK, 0.006293, 0.006301, 0.000008, PTP, "rank-4", "rank-0", 5_1_-112_592
Link, 0, MPI_LINK, 0.006293, 0.006301, 0.000008, PTP, "rank-5", "rank-0", 6_1_-112_593
Link, 0, MPI_LINK, 0.006291, 0.006301, 0.000010, PTP, "rank-6", "rank-0", 7_1_-112_497
Link, 0, MPI_LINK, 0.006291, 0.006301, 0.000010, PTP, "rank-7", "rank-0", 8_1_-112_496
Link, 0, MPI_LINK, 0.006291, 0.006301, 0.000010, PTP, "rank-8", "rank-0", 9_1_-112_494
Link, 0, MPI_LINK, 0.006291, 0.006301, 0.000010, PTP, "rank-9", "rank-0", 10_1_-112_495
Link, 0, MPI_LINK, 0.006291, 0.006301, 0.000010, PTP, "rank-16", "rank-0", 17_1_-112_498
Link, 0, MPI_LINK, 0.006291, 0.006301, 0.000010, PTP, "rank-17", "rank-0", 18_1_-112_499
Link, 0, MPI_LINK, 0.006295, 0.006301, 0.000006, PTP, "rank-24", "rank-0", 25_1_-112_670
Link, 0, MPI_LINK, 0.006295, 0.006301, 0.000006, PTP, "rank-25", "rank-0", 26_1_-112_671
Link, 0, MPI_LINK, 0.006288, 0.006301, 0.000013, PTP, "rank-10", "rank-0", 11_1_-112_399
Link, 0, MPI_LINK, 0.006288, 0.006301, 0.000013, PTP, "rank-11", "rank-0", 12_1_-112_398
Link, 0, MPI_LINK, 0.006288, 0.006301, 0.000013, PTP, "rank-12", "rank-0", 13_1_-112_400
Link, 0, MPI_LINK, 0.006288, 0.006301, 0.000013, PTP, "rank-13", "rank-0", 14_1_-112_401
Link, 0, MPI_LINK, 0.006291, 0.006301, 0.000010, PTP, "rank-14", "rank-0", 15_1_-112_501
Link, 0, MPI_LINK, 0.006291, 0.006301, 0.000010, PTP, "rank-15", "rank-0", 16_1_-112_500
Link, 0, MPI_LINK, 0.006288, 0.006301, 0.000013, PTP, "rank-18", "rank-0", 19_1_-112_403
Link, 0, MPI_LINK, 0.006288, 0.006301, 0.000013, PTP, "rank-19", "rank-0", 20_1_-112_402
Link, 0, MPI_LINK, 0.006288, 0.006301, 0.000013, PTP, "rank-20", "rank-0", 21_1_-112_404
Link, 0, MPI_LINK, 0.006288, 0.006301, 0.000013, PTP, "rank-21", "rank-0", 22_1_-112_405
Link, 0, MPI_LINK, 0.006295, 0.006301, 0.000006, PTP, "rank-22", "rank-0", 23_1_-112_673
Link, 0, MPI_LINK, 0.006295, 0.006301, 0.000006, PTP, "rank-23", "rank-0", 24_1_-112_672
Link, 0, MPI_LINK, 0.006293, 0.006301, 0.000008, PTP, "rank-26", "rank-0", 27_1_-112_579
Link, 0, MPI_LINK, 0.006293, 0.006301, 0.000008, PTP, "rank-27", "rank-0", 28_1_-112_578
Link, 0, MPI_LINK, 0.006293, 0.006301, 0.000008, PTP, "rank-28", "rank-0", 29_1_-112_580
Link, 0, MPI_LINK, 0.006293, 0.006301, 0.000008, PTP, "rank-29", "rank-0", 30_1_-112_581
Link, 0, MPI_LINK, 0.006300, 0.006301, 0.000001, PTP, "rank-30", "rank-0", 31_1_-112_721
Link, 0, MPI_LINK, 0.006300, 0.006301, 0.000001, PTP, "rank-31", "rank-0", 32_1_-112_720
Link, 0, MPI_LINK, 0.006300, 0.006301, 0.000001, PTP, "rank-32", "rank-0", 33_1_-112_718
Link, 0, MPI_LINK, 0.006300, 0.006301, 0.000001, PTP, "rank-33", "rank-0", 34_1_-112_719
Link, 0, MPI_LINK, 0.006300, 0.006301, 0.000001, PTP, "rank-64", "rank-0", 65_1_-112_722
Link, 0, MPI_LINK, 0.006300, 0.006301, 0.000001, PTP, "rank-65", "rank-0", 66_1_-112_723
Link, 0, MPI_LINK, 0.006300, 0.006301, 0.000001, PTP, "rank-96", "rank-0", 97_1_-112_729
Link, 0, MPI_LINK, 0.006300, 0.006301, 0.000001, PTP, "rank-97", "rank-0", 98_1_-112_730
Link, 0, MPI_LINK, 0.006293, 0.006301, 0.000008, PTP, "rank-34", "rank-0", 35_1_-112_575
Link, 0, MPI_LINK, 0.006293, 0.006301, 0.000008, PTP, "rank-35", "rank-0", 36_1_-112_574
Link, 0, MPI_LINK, 0.006293, 0.006301, 0.000008, PTP, "rank-36", "rank-0", 37_1_-112_576
Link, 0, MPI_LINK, 0.006293, 0.006301, 0.000008, PTP, "rank-37", "rank-0", 38_1_-112_577
Link, 0, MPI_LINK, 0.006291, 0.006301, 0.000010, PTP, "rank-38", "rank-0", 39_1_-112_481
Link, 0, MPI_LINK, 0.006291, 0.006301, 0.000010, PTP, "rank-39", "rank-0", 40_1_-112_480
Link, 0, MPI_LINK, 0.006293, 0.006301, 0.000008, PTP, "rank-66", "rank-0", 67_1_-112_583
Link, 0, MPI_LINK, 0.006293, 0.006301, 0.000008, PTP, "rank-67", "rank-0", 68_1_-112_582
Link, 0, MPI_LINK, 0.006293, 0.006301, 0.000008, PTP, "rank-68", "rank-0", 69_1_-112_584
Link, 0, MPI_LINK, 0.006293, 0.006301, 0.000008, PTP, "rank-69", "rank-0", 70_1_-112_585
Link, 0, MPI_LINK, 0.006291, 0.006301, 0.000010, PTP, "rank-70", "rank-0", 71_1_-112_489
Link, 0, MPI_LINK, 0.006291, 0.006301, 0.000010, PTP, "rank-71", "rank-0", 72_1_-112_488
Link, 0, MPI_LINK, 0.006293, 0.006301, 0.000008, PTP, "rank-98", "rank-0", 99_1_-112_599
Link, 0, MPI_LINK, 0.006293, 0.006301, 0.000008, PTP, "rank-99", "rank-0", 100_1_-112_598
Link, 0, MPI_LINK, 0.006293, 0.006301, 0.000008, PTP, "rank-100", "rank-0", 101_1_-112_600
Link, 0, MPI_LINK, 0.006293, 0.006301, 0.000008, PTP, "rank-101", "rank-0", 102_1_-112_601
Link, 0, MPI_LINK, 0.006291, 0.006301, 0.000010, PTP, "rank-102", "rank-0", 103_1_-112_505
Link, 0, MPI_LINK, 0.006291, 0.006301, 0.000010, PTP, "rank-103", "rank-0", 104_1_-112_504
Link, 0, MPI_LINK, 0.006291, 0.006302, 0.000011, PTP, "rank-40", "rank-0", 41_1_-112_478
Link, 0, MPI_LINK, 0.006291, 0.006302, 0.000011, PTP, "rank-41", "rank-0", 42_1_-112_479
Link, 0, MPI_LINK, 0.006291, 0.006302, 0.000011, PTP, "rank-48", "rank-0", 49_1_-112_482
Link, 0, MPI_LINK, 0.006291, 0.006302, 0.000011, PTP, "rank-49", "rank-0", 50_1_-112_483
Link, 0, MPI_LINK, 0.006295, 0.006302, 0.000007, PTP, "rank-56", "rank-0", 57_1_-112_674
Link, 0, MPI_LINK, 0.006295, 0.006302, 0.000007, PTP, "rank-57", "rank-0", 58_1_-112_675
Link, 0, MPI_LINK, 0.006291, 0.006302, 0.000011, PTP, "rank-72", "rank-0", 73_1_-112_486
Link, 0, MPI_LINK, 0.006291, 0.006302, 0.000011, PTP, "rank-73", "rank-0", 74_1_-112_487
Link, 0, MPI_LINK, 0.006291, 0.006302, 0.000011, PTP, "rank-80", "rank-0", 81_1_-112_490
Link, 0, MPI_LINK, 0.006291, 0.006302, 0.000011, PTP, "rank-81", "rank-0", 82_1_-112_491
Link, 0, MPI_LINK, 0.006295, 0.006302, 0.000007, PTP, "rank-88", "rank-0", 89_1_-112_682
Link, 0, MPI_LINK, 0.006295, 0.006302, 0.000007, PTP, "rank-89", "rank-0", 90_1_-112_683
Link, 0, MPI_LINK, 0.006291, 0.006302, 0.000011, PTP, "rank-104", "rank-0", 105_1_-112_502
Link, 0, MPI_LINK, 0.006291, 0.006302, 0.000011, PTP, "rank-105", "rank-0", 106_1_-112_503
Link, 0, MPI_LINK, 0.006291, 0.006302, 0.000011, PTP, "rank-112", "rank-0", 113_1_-112_506
Link, 0, MPI_LINK, 0.006291, 0.006302, 0.000011, PTP, "rank-113", "rank-0", 114_1_-112_507
Link, 0, MPI_LINK, 0.006295, 0.006302, 0.000007, PTP, "rank-120", "rank-0", 121_1_-112_678
Link, 0, MPI_LINK, 0.006295, 0.006302, 0.000007, PTP, "rank-121", "rank-0", 122_1_-112_679
Link, 0, MPI_LINK, 0.006288, 0.006302, 0.000014, PTP, "rank-42", "rank-0", 43_1_-112_383
Link, 0, MPI_LINK, 0.006288, 0.006302, 0.000014, PTP, "rank-43", "rank-0", 44_1_-112_382
Link, 0, MPI_LINK, 0.006288, 0.006302, 0.000014, PTP, "rank-44", "rank-0", 45_1_-112_384
Link, 0, MPI_LINK, 0.006288, 0.006302, 0.000014, PTP, "rank-45", "rank-0", 46_1_-112_385
Link, 0, MPI_LINK, 0.006291, 0.006302, 0.000011, PTP, "rank-46", "rank-0", 47_1_-112_485
Link, 0, MPI_LINK, 0.006291, 0.006302, 0.000011, PTP, "rank-47", "rank-0", 48_1_-112_484
Link, 0, MPI_LINK, 0.006288, 0.006302, 0.000014, PTP, "rank-50", "rank-0", 51_1_-112_387
Link, 0, MPI_LINK, 0.006288, 0.006302, 0.000014, PTP, "rank-51", "rank-0", 52_1_-112_386
Link, 0, MPI_LINK, 0.006288, 0.006302, 0.000014, PTP, "rank-52", "rank-0", 53_1_-112_388
Link, 0, MPI_LINK, 0.006288, 0.006302, 0.000014, PTP, "rank-53", "rank-0", 54_1_-112_389
Link, 0, MPI_LINK, 0.006295, 0.006302, 0.000007, PTP, "rank-54", "rank-0", 55_1_-112_677
Link, 0, MPI_LINK, 0.006295, 0.006302, 0.000007, PTP, "rank-55", "rank-0", 56_1_-112_676
Link, 0, MPI_LINK, 0.006293, 0.006302, 0.000009, PTP, "rank-58", "rank-0", 59_1_-112_587
Link, 0, MPI_LINK, 0.006293, 0.006302, 0.000009, PTP, "rank-59", "rank-0", 60_1_-112_586
Link, 0, MPI_LINK, 0.006293, 0.006302, 0.000009, PTP, "rank-60", "rank-0", 61_1_-112_588
Link, 0, MPI_LINK, 0.006293, 0.006302, 0.000009, PTP, "rank-61", "rank-0", 62_1_-112_589
Link, 0, MPI_LINK, 0.006300, 0.006302, 0.000002, PTP, "rank-62", "rank-0", 63_1_-112_725
Link, 0, MPI_LINK, 0.006300, 0.006302, 0.000002, PTP, "rank-63", "rank-0", 64_1_-112_724
Link, 0, MPI_LINK, 0.006288, 0.006302, 0.000014, PTP, "rank-74", "rank-0", 75_1_-112_391
Link, 0, MPI_LINK, 0.006288, 0.006302, 0.000014, PTP, "rank-75", "rank-0", 76_1_-112_390
Link, 0, MPI_LINK, 0.006288, 0.006302, 0.000014, PTP, "rank-76", "rank-0", 77_1_-112_392
Link, 0, MPI_LINK, 0.006288, 0.006302, 0.000014, PTP, "rank-77", "rank-0", 78_1_-112_393
Link, 0, MPI_LINK, 0.006291, 0.006302, 0.000011, PTP, "rank-78", "rank-0", 79_1_-112_493
Link, 0, MPI_LINK, 0.006291, 0.006302, 0.000011, PTP, "rank-79", "rank-0", 80_1_-112_492
Link, 0, MPI_LINK, 0.006288, 0.006302, 0.000014, PTP, "rank-82", "rank-0", 83_1_-112_395
Link, 0, MPI_LINK, 0.006288, 0.006302, 0.000014, PTP, "rank-83", "rank-0", 84_1_-112_394
Link, 0, MPI_LINK, 0.006288, 0.006302, 0.000014, PTP, "rank-84", "rank-0", 85_1_-112_396
Link, 0, MPI_LINK, 0.006288, 0.006302, 0.000014, PTP, "rank-85", "rank-0", 86_1_-112_397
Link, 0, MPI_LINK, 0.006295, 0.006302, 0.000007, PTP, "rank-86", "rank-0", 87_1_-112_685
Link, 0, MPI_LINK, 0.006295, 0.006302, 0.000007, PTP, "rank-87", "rank-0", 88_1_-112_684
Link, 0, MPI_LINK, 0.006293, 0.006302, 0.000009, PTP, "rank-90", "rank-0", 91_1_-112_603
Link, 0, MPI_LINK, 0.006293, 0.006302, 0.000009, PTP, "rank-91", "rank-0", 92_1_-112_602
Link, 0, MPI_LINK, 0.006293, 0.006302, 0.000009, PTP, "rank-92", "rank-0", 93_1_-112_604
Link, 0, MPI_LINK, 0.006293, 0.006302, 0.000009, PTP, "rank-93", "rank-0", 94_1_-112_605
Link, 0, MPI_LINK, 0.006300, 0.006302, 0.000002, PTP, "rank-94", "rank-0", 95_1_-112_732
Link, 0, MPI_LINK, 0.006300, 0.006302, 0.000002, PTP, "rank-95", "rank-0", 96_1_-112_731
Link, 0, MPI_LINK, 0.006288, 0.006302, 0.000014, PTP, "rank-106", "rank-0", 107_1_-112_407
Link, 0, MPI_LINK, 0.006288, 0.006302, 0.000014, PTP, "rank-107", "rank-0", 108_1_-112_406
Link, 0, MPI_LINK, 0.006288, 0.006302, 0.000014, PTP, "rank-108", "rank-0", 109_1_-112_408
Link, 0, MPI_LINK, 0.006288, 0.006302, 0.000014, PTP, "rank-109", "rank-0", 110_1_-112_409
Link, 0, MPI_LINK, 0.006291, 0.006302, 0.000011, PTP, "rank-110", "rank-0", 111_1_-112_509
Link, 0, MPI_LINK, 0.006291, 0.006302, 0.000011, PTP, "rank-111", "rank-0", 112_1_-112_508
Link, 0, MPI_LINK, 0.006288, 0.006302, 0.000014, PTP, "rank-114", "rank-0", 115_1_-112_411
Link, 0, MPI_LINK, 0.006288, 0.006302, 0.000014, PTP, "rank-115", "rank-0", 116_1_-112_410
Link, 0, MPI_LINK, 0.006288, 0.006302, 0.000014, PTP, "rank-116", "rank-0", 117_1_-112_412
Link, 0, MPI_LINK, 0.006288, 0.006302, 0.000014, PTP, "rank-117", "rank-0", 118_1_-112_413
Link, 0, MPI_LINK, 0.006295, 0.006302, 0.000007, PTP, "rank-118", "rank-0", 119_1_-112_681
Link, 0, MPI_LINK, 0.006295, 0.006302, 0.000007, PTP, "rank-119", "rank-0", 120_1_-112_680
Link, 0, MPI_LINK, 0.006293, 0.006302, 0.000009, PTP, "rank-122", "rank-0", 123_1_-112_595
Link, 0, MPI_LINK, 0.006293, 0.006302, 0.000009, PTP, "rank-123", "rank-0", 124_1_-112_594
Link, 0, MPI_LINK, 0.006293, 0.006302, 0.000009, PTP, "rank-124", "rank-0", 125_1_-112_596
Link, 0, MPI_LINK, 0.006293, 0.006302, 0.000009, PTP, "rank-125", "rank-0", 126_1_-112_597
Link, 0, MPI_LINK, 0.006300, 0.006302, 0.000002, PTP, "rank-126", "rank-0", 127_1_-112_728
Link, 0, MPI_LINK, 0.006300, 0.006302, 0.000002, PTP, "rank-127", "rank-0", 128_1_-112_727
Link, 0, MPI_LINK, 0.006300, 0.006302, 0.000002, PTP, "rank-1", "rank-0", 2_1_-112_741
Link, 0, MPI_LINK, 0.006293, 0.006303, 0.000010, PTP, "rank-2", "rank-0", 3_1_-112_623
Link, 0, MPI_LINK, 0.006293, 0.006303, 0.000010, PTP, "rank-3", "rank-0", 4_1_-112_622
Link, 0, MPI_LINK, 0.006293, 0.006303, 0.000010, PTP, "rank-4", "rank-0", 5_1_-112_624
Link, 0, MPI_LINK, 0.006293, 0.006303, 0.000010, PTP, "rank-5", "rank-0", 6_1_-112_625
Link, 0, MPI_LINK, 0.006291, 0.006303, 0.000012, PTP, "rank-6", "rank-0", 7_1_-112_529
Link, 0, MPI_LINK, 0.006291, 0.006303, 0.000012, PTP, "rank-7", "rank-0", 8_1_-112_528
Link, 0, MPI_LINK, 0.006291, 0.006303, 0.000012, PTP, "rank-8", "rank-0", 9_1_-112_526
Link, 0, MPI_LINK, 0.006291, 0.006303, 0.000012, PTP, "rank-9", "rank-0", 10_1_-112_527
Link, 0, MPI_LINK, 0.006291, 0.006303, 0.000012, PTP, "rank-16", "rank-0", 17_1_-112_530
Link, 0, MPI_LINK, 0.006291, 0.006303, 0.000012, PTP, "rank-17", "rank-0", 18_1_-112_531
Link, 0, MPI_LINK, 0.006295, 0.006303, 0.000008, PTP, "rank-24", "rank-0", 25_1_-112_686
Link, 0, MPI_LINK, 0.006295, 0.006303, 0.000008, PTP, "rank-25", "rank-0", 26_1_-112_687
Link, 0, MPI_LINK, 0.006288, 0.006303, 0.000015, PTP, "rank-10", "rank-0", 11_1_-112_431
Link, 0, MPI_LINK, 0.006288, 0.006303, 0.000015, PTP, "rank-11", "rank-0", 12_1_-112_430
Link, 0, MPI_LINK, 0.006288, 0.006303, 0.000015, PTP, "rank-12", "rank-0", 13_1_-112_432
Link, 0, MPI_LINK, 0.006288, 0.006303, 0.000015, PTP, "rank-13", "rank-0", 14_1_-112_433
Link, 0, MPI_LINK, 0.006291, 0.006303, 0.000012, PTP, "rank-14", "rank-0", 15_1_-112_533
Link, 0, MPI_LINK, 0.006291, 0.006303, 0.000012, PTP, "rank-15", "rank-0", 16_1_-112_532
Link, 0, MPI_LINK, 0.006288, 0.006303, 0.000015, PTP, "rank-18", "rank-0", 19_1_-112_435
Link, 0, MPI_LINK, 0.006288, 0.006303, 0.000015, PTP, "rank-19", "rank-0", 20_1_-112_434
Link, 0, MPI_LINK, 0.006288, 0.006303, 0.000015, PTP, "rank-20", "rank-0", 21_1_-112_436
Link, 0, MPI_LINK, 0.006288, 0.006303, 0.000015, PTP, "rank-21", "rank-0", 22_1_-112_437
Link, 0, MPI_LINK, 0.006295, 0.006303, 0.000008, PTP, "rank-22", "rank-0", 23_1_-112_689
Link, 0, MPI_LINK, 0.006295, 0.006303, 0.000008, PTP, "rank-23", "rank-0", 24_1_-112_688
Link, 0, MPI_LINK, 0.006293, 0.006303, 0.000010, PTP, "rank-26", "rank-0", 27_1_-112_611
Link, 0, MPI_LINK, 0.006293, 0.006303, 0.000010, PTP, "rank-27", "rank-0", 28_1_-112_610
Link, 0, MPI_LINK, 0.006293, 0.006303, 0.000010, PTP, "rank-28", "rank-0", 29_1_-112_612
Link, 0, MPI_LINK, 0.006293, 0.006303, 0.000010, PTP, "rank-29", "rank-0", 30_1_-112_613
Link, 0, MPI_LINK, 0.006300, 0.006303, 0.000003, PTP, "rank-30", "rank-0", 31_1_-112_736
Link, 0, MPI_LINK, 0.006300, 0.006303, 0.000003, PTP, "rank-31", "rank-0", 32_1_-112_735
Link, 0, MPI_LINK, 0.006300, 0.006303, 0.000003, PTP, "rank-32", "rank-0", 33_1_-112_733
Link, 0, MPI_LINK, 0.006300, 0.006303, 0.000003, PTP, "rank-33", "rank-0", 34_1_-112_734
Link, 0, MPI_LINK, 0.006300, 0.006303, 0.000003, PTP, "rank-64", "rank-0", 65_1_-112_737
Link, 0, MPI_LINK, 0.006300, 0.006303, 0.000003, PTP, "rank-65", "rank-0", 66_1_-112_738
Link, 0, MPI_LINK, 0.006300, 0.006303, 0.000003, PTP, "rank-96", "rank-0", 97_1_-112_744
Link, 0, MPI_LINK, 0.006300, 0.006303, 0.000003, PTP, "rank-97", "rank-0", 98_1_-112_745
Link, 0, MPI_LINK, 0.006293, 0.006304, 0.000011, PTP, "rank-34", "rank-0", 35_1_-112_607
Link, 0, MPI_LINK, 0.006293, 0.006304, 0.000011, PTP, "rank-35", "rank-0", 36_1_-112_606
Link, 0, MPI_LINK, 0.006293, 0.006304, 0.000011, PTP, "rank-36", "rank-0", 37_1_-112_608
Link, 0, MPI_LINK, 0.006293, 0.006304, 0.000011, PTP, "rank-37", "rank-0", 38_1_-112_609
Link, 0, MPI_LINK, 0.006291, 0.006304, 0.000013, PTP, "rank-38", "rank-0", 39_1_-112_513
Link, 0, MPI_LINK, 0.006291, 0.006304, 0.000013, PTP, "rank-39", "rank-0", 40_1_-112_512
Link, 0, MPI_LINK, 0.006293, 0.006304, 0.000011, PTP, "rank-66", "rank-0", 67_1_-112_615
Link, 0, MPI_LINK, 0.006293, 0.006304, 0.000011, PTP, "rank-67", "rank-0", 68_1_-112_614
Link, 0, MPI_LINK, 0.006293, 0.006304, 0.000011, PTP, "rank-68", "rank-0", 69_1_-112_616
Link, 0, MPI_LINK, 0.006293, 0.006304, 0.000011, PTP, "rank-69", "rank-0", 70_1_-112_617
Link, 0, MPI_LINK, 0.006291, 0.006304, 0.000013, PTP, "rank-70", "rank-0", 71_1_-112_521
Link, 0, MPI_LINK, 0.006291, 0.006304, 0.000013, PTP, "rank-71", "rank-0", 72_1_-112_520
Link, 0, MPI_LINK, 0.006293, 0.006304, 0.000011, PTP, "rank-98", "rank-0", 99_1_-112_631
Link, 0, MPI_LINK, 0.006293, 0.006304, 0.000011, PTP, "rank-99", "rank-0", 100_1_-112_630
Link, 0, MPI_LINK, 0.006293, 0.006304, 0.000011, PTP, "rank-100", "rank-0", 101_1_-112_632
Link, 0, MPI_LINK, 0.006293, 0.006304, 0.000011, PTP, "rank-101", "rank-0", 102_1_-112_633
Link, 0, MPI_LINK, 0.006291, 0.006304, 0.000013, PTP, "rank-102", "rank-0", 103_1_-112_537
Link, 0, MPI_LINK, 0.006291, 0.006304, 0.000013, PTP, "rank-103", "rank-0", 104_1_-112_536
Link, 0, MPI_LINK, 0.006291, 0.006304, 0.000013, PTP, "rank-40", "rank-0", 41_1_-112_510
Link, 0, MPI_LINK, 0.006291, 0.006304, 0.000013, PTP, "rank-41", "rank-0", 42_1_-112_511
Link, 0, MPI_LINK, 0.006291, 0.006304, 0.000013, PTP, "rank-48", "rank-0", 49_1_-112_514
Link, 0, MPI_LINK, 0.006291, 0.006304, 0.000013, PTP, "rank-49", "rank-0", 50_1_-112_515
Link, 0, MPI_LINK, 0.006295, 0.006304, 0.000009, PTP, "rank-56", "rank-0", 57_1_-112_690
Link, 0, MPI_LINK, 0.006295, 0.006304, 0.000009, PTP, "rank-57", "rank-0", 58_1_-112_691
Link, 0, MPI_LINK, 0.006291, 0.006304, 0.000013, PTP, "rank-72", "rank-0", 73_1_-112_518
Link, 0, MPI_LINK, 0.006291, 0.006304, 0.000013, PTP, "rank-73", "rank-0", 74_1_-112_519
Link, 0, MPI_LINK, 0.006291, 0.006304, 0.000013, PTP, "rank-80", "rank-0", 81_1_-112_522
Link, 0, MPI_LINK, 0.006291, 0.006304, 0.000013, PTP, "rank-81", "rank-0", 82_1_-112_523
Link, 0, MPI_LINK, 0.006295, 0.006304, 0.000009, PTP, "rank-88", "rank-0", 89_1_-112_698
Link, 0, MPI_LINK, 0.006295, 0.006304, 0.000009, PTP, "rank-89", "rank-0", 90_1_-112_699
Link, 0, MPI_LINK, 0.006291, 0.006304, 0.000013, PTP, "rank-104", "rank-0", 105_1_-112_534
Link, 0, MPI_LINK, 0.006291, 0.006304, 0.000013, PTP, "rank-105", "rank-0", 106_1_-112_535
Link, 0, MPI_LINK, 0.006291, 0.006304, 0.000013, PTP, "rank-112", "rank-0", 113_1_-112_538
Link, 0, MPI_LINK, 0.006291, 0.006304, 0.000013, PTP, "rank-113", "rank-0", 114_1_-112_539
Link, 0, MPI_LINK, 0.006295, 0.006304, 0.000009, PTP, "rank-120", "rank-0", 121_1_-112_694
Link, 0, MPI_LINK, 0.006295, 0.006304, 0.000009, PTP, "rank-121", "rank-0", 122_1_-112_695
Link, 0, MPI_LINK, 0.006288, 0.006304, 0.000016, PTP, "rank-42", "rank-0", 43_1_-112_415
Link, 0, MPI_LINK, 0.006288, 0.006304, 0.000016, PTP, "rank-43", "rank-0", 44_1_-112_414
Link, 0, MPI_LINK, 0.006288, 0.006304, 0.000016, PTP, "rank-44", "rank-0", 45_1_-112_416
Link, 0, MPI_LINK, 0.006288, 0.006304, 0.000016, PTP, "rank-45", "rank-0", 46_1_-112_417
Link, 0, MPI_LINK, 0.006291, 0.006304, 0.000013, PTP, "rank-46", "rank-0", 47_1_-112_517
Link, 0, MPI_LINK, 0.006291, 0.006304, 0.000013, PTP, "rank-47", "rank-0", 48_1_-112_516
Link, 0, MPI_LINK, 0.006288, 0.006304, 0.000016, PTP, "rank-50", "rank-0", 51_1_-112_419
Link, 0, MPI_LINK, 0.006288, 0.006304, 0.000016, PTP, "rank-51", "rank-0", 52_1_-112_418
Link, 0, MPI_LINK, 0.006288, 0.006304, 0.000016, PTP, "rank-52", "rank-0", 53_1_-112_420
Link, 0, MPI_LINK, 0.006288, 0.006304, 0.000016, PTP, "rank-53", "rank-0", 54_1_-112_421
Link, 0, MPI_LINK, 0.006295, 0.006304, 0.000009, PTP, "rank-54", "rank-0", 55_1_-112_693
Link, 0, MPI_LINK, 0.006295, 0.006304, 0.000009, PTP, "rank-55", "rank-0", 56_1_-112_692
Link, 0, MPI_LINK, 0.006293, 0.006304, 0.000011, PTP, "rank-58", "rank-0", 59_1_-112_619
Link, 0, MPI_LINK, 0.006293, 0.006304, 0.000011, PTP, "rank-59", "rank-0", 60_1_-112_618
Link, 0, MPI_LINK, 0.006293, 0.006304, 0.000011, PTP, "rank-60", "rank-0", 61_1_-112_620
Link, 0, MPI_LINK, 0.006293, 0.006304, 0.000011, PTP, "rank-61", "rank-0", 62_1_-112_621
Link, 0, MPI_LINK, 0.006300, 0.006304, 0.000004, PTP, "rank-62", "rank-0", 63_1_-112_740
Link, 0, MPI_LINK, 0.006300, 0.006304, 0.000004, PTP, "rank-63", "rank-0", 64_1_-112_739
Link, 0, MPI_LINK, 0.006288, 0.006304, 0.000016, PTP, "rank-74", "rank-0", 75_1_-112_423
Link, 0, MPI_LINK, 0.006288, 0.006304, 0.000016, PTP, "rank-75", "rank-0", 76_1_-112_422
Link, 0, MPI_LINK, 0.006288, 0.006304, 0.000016, PTP, "rank-76", "rank-0", 77_1_-112_424
Link, 0, MPI_LINK, 0.006288, 0.006304, 0.000016, PTP, "rank-77", "rank-0", 78_1_-112_425
Link, 0, MPI_LINK, 0.006291, 0.006304, 0.000013, PTP, "rank-78", "rank-0", 79_1_-112_525
Link, 0, MPI_LINK, 0.006291, 0.006304, 0.000013, PTP, "rank-79", "rank-0", 80_1_-112_524
Link, 0, MPI_LINK, 0.006288, 0.006304, 0.000016, PTP, "rank-82", "rank-0", 83_1_-112_427
Link, 0, MPI_LINK, 0.006288, 0.006304, 0.000016, PTP, "rank-83", "rank-0", 84_1_-112_426
Link, 0, MPI_LINK, 0.006288, 0.006304, 0.000016, PTP, "rank-84", "rank-0", 85_1_-112_428
Link, 0, MPI_LINK, 0.006288, 0.006304, 0.000016, PTP, "rank-85", "rank-0", 86_1_-112_429
Link, 0, MPI_LINK, 0.006295, 0.006304, 0.000009, PTP, "rank-86", "rank-0", 87_1_-112_701
Link, 0, MPI_LINK, 0.006295, 0.006304, 0.000009, PTP, "rank-87", "rank-0", 88_1_-112_700
Link, 0, MPI_LINK, 0.006293, 0.006304, 0.000011, PTP, "rank-90", "rank-0", 91_1_-112_635
Link, 0, MPI_LINK, 0.006293, 0.006304, 0.000011, PTP, "rank-91", "rank-0", 92_1_-112_634
Link, 0, MPI_LINK, 0.006293, 0.006304, 0.000011, PTP, "rank-92", "rank-0", 93_1_-112_636
Link, 0, MPI_LINK, 0.006293, 0.006304, 0.000011, PTP, "rank-93", "rank-0", 94_1_-112_637
Link, 0, MPI_LINK, 0.006300, 0.006304, 0.000004, PTP, "rank-94", "rank-0", 95_1_-112_747
Link, 0, MPI_LINK, 0.006300, 0.006304, 0.000004, PTP, "rank-95", "rank-0", 96_1_-112_746
Link, 0, MPI_LINK, 0.006288, 0.006304, 0.000016, PTP, "rank-106", "rank-0", 107_1_-112_439
Link, 0, MPI_LINK, 0.006288, 0.006304, 0.000016, PTP, "rank-107", "rank-0", 108_1_-112_438
Link, 0, MPI_LINK, 0.006288, 0.006304, 0.000016, PTP, "rank-108", "rank-0", 109_1_-112_440
Link, 0, MPI_LINK, 0.006288, 0.006304, 0.000016, PTP, "rank-109", "rank-0", 110_1_-112_441
Link, 0, MPI_LINK, 0.006291, 0.006304, 0.000013, PTP, "rank-110", "rank-0", 111_1_-112_541
Link, 0, MPI_LINK, 0.006291, 0.006304, 0.000013, PTP, "rank-111", "rank-0", 112_1_-112_540
Link, 0, MPI_LINK, 0.006288, 0.006304, 0.000016, PTP, "rank-114", "rank-0", 115_1_-112_443
Link, 0, MPI_LINK, 0.006288, 0.006304, 0.000016, PTP, "rank-115", "rank-0", 116_1_-112_442
Link, 0, MPI_LINK, 0.006288, 0.006304, 0.000016, PTP, "rank-116", "rank-0", 117_1_-112_444
Link, 0, MPI_LINK, 0.006288, 0.006304, 0.000016, PTP, "rank-117", "rank-0", 118_1_-112_445
Link, 0, MPI_LINK, 0.006295, 0.006304, 0.000009, PTP, "rank-118", "rank-0", 119_1_-112_697
Link, 0, MPI_LINK, 0.006295, 0.006304, 0.000009, PTP, "rank-119", "rank-0", 120_1_-112_696
Link, 0, MPI_LINK, 0.006293, 0.006304, 0.000011, PTP, "rank-122", "rank-0", 123_1_-112_627
Link, 0, MPI_LINK, 0.006293, 0.006304, 0.000011, PTP, "rank-123", "rank-0", 124_1_-112_626
Link, 0, MPI_LINK, 0.006293, 0.006304, 0.000011, PTP, "rank-124", "rank-0", 125_1_-112_628
Link, 0, MPI_LINK, 0.006293, 0.006304, 0.000011, PTP, "rank-125", "rank-0", 126_1_-112_629
Link, 0, MPI_LINK, 0.006300, 0.006304, 0.000004, PTP, "rank-126", "rank-0", 127_1_-112_743
Link, 0, MPI_LINK, 0.006300, 0.006304, 0.000004, PTP, "rank-127", "rank-0", 128_1_-112_742
Link, 0, MPI_LINK, 0.006300, 0.006305, 0.000005, PTP, "rank-1", "rank-0", 2_1_-778_756
Link, 0, MPI_LINK, 0.006293, 0.006305, 0.000012, PTP, "rank-2", "rank-0", 3_1_-778_655
Link, 0, MPI_LINK, 0.006293, 0.006305, 0.000012, PTP, "rank-3", "rank-0", 4_1_-778_654
Link, 0, MPI_LINK, 0.006293, 0.006305, 0.000012, PTP, "rank-4", "rank-0", 5_1_-778_656
Link, 0, MPI_LINK, 0.006293, 0.006305, 0.000012, PTP, "rank-5", "rank-0", 6_1_-778_657
Link, 0, MPI_LINK, 0.006291, 0.006305, 0.000014, PTP, "rank-6", "rank-0", 7_1_-778_561
Link, 0, MPI_LINK, 0.006291, 0.006305, 0.000014, PTP, "rank-7", "rank-0", 8_1_-778_560
Link, 0, MPI_LINK, 0.006291, 0.006305, 0.000014, PTP, "rank-8", "rank-0", 9_1_-778_558
Link, 0, MPI_LINK, 0.006291, 0.006305, 0.000014, PTP, "rank-9", "rank-0", 10_1_-778_559
Link, 0, MPI_LINK, 0.006291, 0.006305, 0.000014, PTP, "rank-16", "rank-0", 17_1_-778_562
Link, 0, MPI_LINK, 0.006291, 0.006305, 0.000014, PTP, "rank-17", "rank-0", 18_1_-778_563
Link, 0, MPI_LINK, 0.006295, 0.006305, 0.000010, PTP, "rank-24", "rank-0", 25_1_-778_702
Link, 0, MPI_LINK, 0.006295, 0.006305, 0.000010, PTP, "rank-25", "rank-0", 26_1_-778_703
Link, 0, MPI_LINK, 0.006288, 0.006305, 0.000017, PTP, "rank-10", "rank-0", 11_1_-778_463
Link, 0, MPI_LINK, 0.006288, 0.006305, 0.000017, PTP, "rank-11", "rank-0", 12_1_-778_462
Link, 0, MPI_LINK, 0.006288, 0.006305, 0.000017, PTP, "rank-12", "rank-0", 13_1_-778_464
Link, 0, MPI_LINK, 0.006288, 0.006305, 0.000017, PTP, "rank-13", "rank-0", 14_1_-778_465
Link, 0, MPI_LINK, 0.006291, 0.006305, 0.000014, PTP, "rank-14", "rank-0", 15_1_-778_565
Link, 0, MPI_LINK, 0.006291, 0.006305, 0.000014, PTP, "rank-15", "rank-0", 16_1_-778_564
Link, 0, MPI_LINK, 0.006288, 0.006305, 0.000017, PTP, "rank-18", "rank-0", 19_1_-778_467
Link, 0, MPI_LINK, 0.006288, 0.006305, 0.000017, PTP, "rank-19", "rank-0", 20_1_-778_466
Link, 0, MPI_LINK, 0.006288, 0.006305, 0.000017, PTP, "rank-20", "rank-0", 21_1_-778_468
Link, 0, MPI_LINK, 0.006288, 0.006305, 0.000017, PTP, "rank-21", "rank-0", 22_1_-778_469
Link, 0, MPI_LINK, 0.006295, 0.006305, 0.000010, PTP, "rank-22", "rank-0", 23_1_-778_705
Link, 0, MPI_LINK, 0.006295, 0.006305, 0.000010, PTP, "rank-23", "rank-0", 24_1_-778_704
Link, 0, MPI_LINK, 0.006293, 0.006305, 0.000012, PTP, "rank-26", "rank-0", 27_1_-778_643
Link, 0, MPI_LINK, 0.006293, 0.006305, 0.000012, PTP, "rank-27", "rank-0", 28_1_-778_642
Link, 0, MPI_LINK, 0.006293, 0.006305, 0.000012, PTP, "rank-28", "rank-0", 29_1_-778_644
Link, 0, MPI_LINK, 0.006293, 0.006305, 0.000012, PTP, "rank-29", "rank-0", 30_1_-778_645
Link, 0, MPI_LINK, 0.006300, 0.006305, 0.000005, PTP, "rank-30", "rank-0", 31_1_-778_751
Link, 0, MPI_LINK, 0.006300, 0.006305, 0.000005, PTP, "rank-31", "rank-0", 32_1_-778_750
Link, 0, MPI_LINK, 0.006300, 0.006305, 0.000005, PTP, "rank-32", "rank-0", 33_1_-778_748
Link, 0, MPI_LINK, 0.006300, 0.006305, 0.000005, PTP, "rank-33", "rank-0", 34_1_-778_749
Link, 0, MPI_LINK, 0.006300, 0.006305, 0.000005, PTP, "rank-64", "rank-0", 65_1_-778_752
Link, 0, MPI_LINK, 0.006300, 0.006305, 0.000005, PTP, "rank-65", "rank-0", 66_1_-778_753
Link, 0, MPI_LINK, 0.006300, 0.006305, 0.000005, PTP, "rank-96", "rank-0", 97_1_-778_759
Link, 0, MPI_LINK, 0.006300, 0.006305, 0.000005, PTP, "rank-97", "rank-0", 98_1_-778_760
Link, 0, MPI_LINK, 0.006293, 0.006306, 0.000013, PTP, "rank-34", "rank-0", 35_1_-778_639
Link, 0, MPI_LINK, 0.006293, 0.006306, 0.000013, PTP, "rank-35", "rank-0", 36_1_-778_638
Link, 0, MPI_LINK, 0.006293, 0.006306, 0.000013, PTP, "rank-36", "rank-0", 37_1_-778_640
Link, 0, MPI_LINK, 0.006293, 0.006306, 0.000013, PTP, "rank-37", "rank-0", 38_1_-778_641
Link, 0, MPI_LINK, 0.006291, 0.006306, 0.000015, PTP, "rank-38", "rank-0", 39_1_-778_545
Link, 0, MPI_LINK, 0.006291, 0.006306, 0.000015, PTP, "rank-39", "rank-0", 40_1_-778_544
Link, 0, MPI_LINK, 0.006293, 0.006306, 0.000013, PTP, "rank-66", "rank-0", 67_1_-778_647
Link, 0, MPI_LINK, 0.006293, 0.006306, 0.000013, PTP, "rank-67", "rank-0", 68_1_-778_646
Link, 0, MPI_LINK, 0.006293, 0.006306, 0.000013, PTP, "rank-68", "rank-0", 69_1_-778_648
Link, 0, MPI_LINK, 0.006293, 0.006306, 0.000013, PTP, "rank-69", "rank-0", 70_1_-778_649
Link, 0, MPI_LINK, 0.006291, 0.006306, 0.000015, PTP, "rank-70", "rank-0", 71_1_-778_553
Link, 0, MPI_LINK, 0.006291, 0.006306, 0.000015, PTP, "rank-71", "rank-0", 72_1_-778_552
Link, 0, MPI_LINK, 0.006293, 0.006306, 0.000013, PTP, "rank-98", "rank-0", 99_1_-778_663
Link, 0, MPI_LINK, 0.006293, 0.006306, 0.000013, PTP, "rank-99", "rank-0", 100_1_-778_662
Link, 0, MPI_LINK, 0.006293, 0.006306, 0.000013, PTP, "rank-100", "rank-0", 101_1_-778_664
Link, 0, MPI_LINK, 0.006293, 0.006306, 0.000013, PTP, "rank-101", "rank-0", 102_1_-778_665
Link, 0, MPI_LINK, 0.006291, 0.006306, 0.000015, PTP, "rank-102", "rank-0", 103_1_-778_569
Link, 0, MPI_LINK, 0.006291, 0.006306, 0.000015, PTP, "rank-103", "rank-0", 104_1_-778_568
Link, 0, MPI_LINK, 0.006291, 0.006306, 0.000015, PTP, "rank-40", "rank-0", 41_1_-778_542
Link, 0, MPI_LINK, 0.006291, 0.006306, 0.000015, PTP, "rank-41", "rank-0", 42_1_-778_543
Link, 0, MPI_LINK, 0.006291, 0.006306, 0.000015, PTP, "rank-48", "rank-0", 49_1_-778_546
Link, 0, MPI_LINK, 0.006291, 0.006306, 0.000015, PTP, "rank-49", "rank-0", 50_1_-778_547
Link, 0, MPI_LINK, 0.006295, 0.006306, 0.000011, PTP, "rank-56", "rank-0", 57_1_-778_706
Link, 0, MPI_LINK, 0.006295, 0.006306, 0.000011, PTP, "rank-57", "rank-0", 58_1_-778_707
Link, 0, MPI_LINK, 0.006291, 0.006306, 0.000015, PTP, "rank-72", "rank-0", 73_1_-778_550
Link, 0, MPI_LINK, 0.006291, 0.006306, 0.000015, PTP, "rank-73", "rank-0", 74_1_-778_551
Link, 0, MPI_LINK, 0.006291, 0.006306, 0.000015, PTP, "rank-80", "rank-0", 81_1_-778_554
Link, 0, MPI_LINK, 0.006291, 0.006306, 0.000015, PTP, "rank-81", "rank-0", 82_1_-778_555
Link, 0, MPI_LINK, 0.006295, 0.006306, 0.000011, PTP, "rank-88", "rank-0", 89_1_-778_714
Link, 0, MPI_LINK, 0.006295, 0.006306, 0.000011, PTP, "rank-89", "rank-0", 90_1_-778_715
Link, 0, MPI_LINK, 0.006291, 0.006306, 0.000015, PTP, "rank-104", "rank-0", 105_1_-778_566
Link, 0, MPI_LINK, 0.006291, 0.006306, 0.000015, PTP, "rank-105", "rank-0", 106_1_-778_567
Link, 0, MPI_LINK, 0.006291, 0.006306, 0.000015, PTP, "rank-112", "rank-0", 113_1_-778_570
Link, 0, MPI_LINK, 0.006291, 0.006306, 0.000015, PTP, "rank-113", "rank-0", 114_1_-778_571
Link, 0, MPI_LINK, 0.006295, 0.006306, 0.000011, PTP, "rank-120", "rank-0", 121_1_-778_710
Link, 0, MPI_LINK, 0.006295, 0.006306, 0.000011, PTP, "rank-121", "rank-0", 122_1_-778_711
Link, 0, MPI_LINK, 0.006288, 0.006306, 0.000018, PTP, "rank-42", "rank-0", 43_1_-778_447
Link, 0, MPI_LINK, 0.006288, 0.006306, 0.000018, PTP, "rank-43", "rank-0", 44_1_-778_446
Link, 0, MPI_LINK, 0.006288, 0.006306, 0.000018, PTP, "rank-44", "rank-0", 45_1_-778_448
Link, 0, MPI_LINK, 0.006288, 0.006306, 0.000018, PTP, "rank-45", "rank-0", 46_1_-778_449
Link, 0, MPI_LINK, 0.006291, 0.006306, 0.000015, PTP, "rank-46", "rank-0", 47_1_-778_549
Link, 0, MPI_LINK, 0.006291, 0.006306, 0.000015, PTP, "rank-47", "rank-0", 48_1_-778_548
Link, 0, MPI_LINK, 0.006288, 0.006306, 0.000018, PTP, "rank-50", "rank-0", 51_1_-778_451
Link, 0, MPI_LINK, 0.006288, 0.006306, 0.000018, PTP, "rank-51", "rank-0", 52_1_-778_450
Link, 0, MPI_LINK, 0.006288, 0.006306, 0.000018, PTP, "rank-52", "rank-0", 53_1_-778_452
Link, 0, MPI_LINK, 0.006288, 0.006306, 0.000018, PTP, "rank-53", "rank-0", 54_1_-778_453
Link, 0, MPI_LINK, 0.006295, 0.006306, 0.000011, PTP, "rank-54", "rank-0", 55_1_-778_709
Link, 0, MPI_LINK, 0.006295, 0.006306, 0.000011, PTP, "rank-55", "rank-0", 56_1_-778_708
Link, 0, MPI_LINK, 0.006293, 0.006306, 0.000013, PTP, "rank-58", "rank-0", 59_1_-778_651
Link, 0, MPI_LINK, 0.006293, 0.006306, 0.000013, PTP, "rank-59", "rank-0", 60_1_-778_650
Link, 0, MPI_LINK, 0.006293, 0.006306, 0.000013, PTP, "rank-60", "rank-0", 61_1_-778_652
Link, 0, MPI_LINK, 0.006293, 0.006306, 0.000013, PTP, "rank-61", "rank-0", 62_1_-778_653
Link, 0, MPI_LINK, 0.006300, 0.006306, 0.000006, PTP, "rank-62", "rank-0", 63_1_-778_755
Link, 0, MPI_LINK, 0.006300, 0.006306, 0.000006, PTP, "rank-63", "rank-0", 64_1_-778_754
Link, 0, MPI_LINK, 0.006288, 0.006306, 0.000018, PTP, "rank-74", "rank-0", 75_1_-778_455
Link, 0, MPI_LINK, 0.006288, 0.006306, 0.000018, PTP, "rank-75", "rank-0", 76_1_-778_454
Link, 0, MPI_LINK, 0.006288, 0.006306, 0.000018, PTP, "rank-76", "rank-0", 77_1_-778_456
Link, 0, MPI_LINK, 0.006288, 0.006306, 0.000018, PTP, "rank-77", "rank-0", 78_1_-778_457
Link, 0, MPI_LINK, 0.006291, 0.006306, 0.000015, PTP, "rank-78", "rank-0", 79_1_-778_557
Link, 0, MPI_LINK, 0.006291, 0.006306, 0.000015, PTP, "rank-79", "rank-0", 80_1_-778_556
Link, 0, MPI_LINK, 0.006288, 0.006306, 0.000018, PTP, "rank-82", "rank-0", 83_1_-778_459
Link, 0, MPI_LINK, 0.006288, 0.006306, 0.000018, PTP, "rank-83", "rank-0", 84_1_-778_458
Link, 0, MPI_LINK, 0.006288, 0.006306, 0.000018, PTP, "rank-84", "rank-0", 85_1_-778_460
Link, 0, MPI_LINK, 0.006288, 0.006306, 0.000018, PTP, "rank-85", "rank-0", 86_1_-778_461
Link, 0, MPI_LINK, 0.006295, 0.006306, 0.000011, PTP, "rank-86", "rank-0", 87_1_-778_717
Link, 0, MPI_LINK, 0.006295, 0.006306, 0.000011, PTP, "rank-87", "rank-0", 88_1_-778_716
Link, 0, MPI_LINK, 0.006293, 0.006306, 0.000013, PTP, "rank-90", "rank-0", 91_1_-778_667
Link, 0, MPI_LINK, 0.006293, 0.006306, 0.000013, PTP, "rank-91", "rank-0", 92_1_-778_666
Link, 0, MPI_LINK, 0.006293, 0.006306, 0.000013, PTP, "rank-92", "rank-0", 93_1_-778_668
Link, 0, MPI_LINK, 0.006293, 0.006306, 0.000013, PTP, "rank-93", "rank-0", 94_1_-778_669
Link, 0, MPI_LINK, 0.006300, 0.006306, 0.000006, PTP, "rank-94", "rank-0", 95_1_-778_762
Link, 0, MPI_LINK, 0.006300, 0.006306, 0.000006, PTP, "rank-95", "rank-0", 96_1_-778_761
Link, 0, MPI_LINK, 0.006288, 0.006306, 0.000018, PTP, "rank-106", "rank-0", 107_1_-778_471
Link, 0, MPI_LINK, 0.006288, 0.006306, 0.000018, PTP, "rank-107", "rank-0", 108_1_-778_470
Link, 0, MPI_LINK, 0.006288, 0.006306, 0.000018, PTP, "rank-108", "rank-0", 109_1_-778_472
Link, 0, MPI_LINK, 0.006288, 0.006306, 0.000018, PTP, "rank-109", "rank-0", 110_1_-778_473
Link, 0, MPI_LINK, 0.006291, 0.006306, 0.000015, PTP, "rank-110", "rank-0", 111_1_-778_573
Link, 0, MPI_LINK, 0.006291, 0.006306, 0.000015, PTP, "rank-111", "rank-0", 112_1_-778_572
Link, 0, MPI_LINK, 0.006288, 0.006306, 0.000018, PTP, "rank-114", "rank-0", 115_1_-778_475
Link, 0, MPI_LINK, 0.006288, 0.006306, 0.000018, PTP, "rank-115", "rank-0", 116_1_-778_474
Link, 0, MPI_LINK, 0.006288, 0.006306, 0.000018, PTP, "rank-116", "rank-0", 117_1_-778_476
Link, 0, MPI_LINK, 0.006288, 0.006306, 0.000018, PTP, "rank-117", "rank-0", 118_1_-778_477
Link, 0, MPI_LINK, 0.006295, 0.006306, 0.000011, PTP, "rank-118", "rank-0", 119_1_-778_713
Link, 0, MPI_LINK, 0.006295, 0.006306, 0.000011, PTP, "rank-119", "rank-0", 120_1_-778_712
Link, 0, MPI_LINK, 0.006293, 0.006306, 0.000013, PTP, "rank-122", "rank-0", 123_1_-778_659
Link, 0, MPI_LINK, 0.006293, 0.006306, 0.000013, PTP, "rank-123", "rank-0", 124_1_-778_658
Link, 0, MPI_LINK, 0.006293, 0.006306, 0.000013, PTP, "rank-124", "rank-0", 125_1_-778_660
Link, 0, MPI_LINK, 0.006293, 0.006306, 0.000013, PTP, "rank-125", "rank-0", 126_1_-778_661
Link, 0, MPI_LINK, 0.006300, 0.006306, 0.000006, PTP, "rank-126", "rank-0", 127_1_-778_758
Link, 0, MPI_LINK, 0.006300, 0.006306, 0.000006, PTP, "rank-127", "rank-0", 128_1_-778_757
Link, 0, MPI_LINK, 0.006306, 0.006307, 0.000001, PTP, "rank-0", "rank-1", 1_2_-778_763
Link, 0, MPI_LINK, 0.006306, 0.006307, 0.000001, PTP, "rank-0", "rank-7", 1_8_-778_769
Link, 0, MPI_LINK, 0.006306, 0.006307, 0.000001, PTP, "rank-0", "rank-6", 1_7_-778_768
Link, 0, MPI_LINK, 0.006306, 0.006307, 0.000001, PTP, "rank-0", "rank-5", 1_6_-778_767
Link, 0, MPI_LINK, 0.006306, 0.006307, 0.000001, PTP, "rank-0", "rank-4", 1_5_-778_766
Link, 0, MPI_LINK, 0.006306, 0.006307, 0.000001, PTP, "rank-0", "rank-3", 1_4_-778_765
Link, 0, MPI_LINK, 0.006306, 0.006307, 0.000001, PTP, "rank-0", "rank-2", 1_3_-778_764
Link, 0, MPI_LINK, 0.006306, 0.006307, 0.000001, PTP, "rank-0", "rank-25", 1_26_-778_787
Link, 0, MPI_LINK, 0.006306, 0.006307, 0.000001, PTP, "rank-0", "rank-24", 1_25_-778_786
Link, 0, MPI_LINK, 0.006306, 0.006307, 0.000001, PTP, "rank-0", "rank-17", 1_18_-778_779
Link, 0, MPI_LINK, 0.006306, 0.006307, 0.000001, PTP, "rank-0", "rank-16", 1_17_-778_778
Link, 0, MPI_LINK, 0.006306, 0.006307, 0.000001, PTP, "rank-0", "rank-9", 1_10_-778_771
Link, 0, MPI_LINK, 0.006306, 0.006307, 0.000001, PTP, "rank-0", "rank-8", 1_9_-778_770
Link, 0, MPI_LINK, 0.006306, 0.006307, 0.000001, PTP, "rank-0", "rank-31", 1_32_-778_793
Link, 0, MPI_LINK, 0.006306, 0.006307, 0.000001, PTP, "rank-0", "rank-30", 1_31_-778_792
Link, 0, MPI_LINK, 0.006306, 0.006307, 0.000001, PTP, "rank-0", "rank-29", 1_30_-778_791
Link, 0, MPI_LINK, 0.006306, 0.006307, 0.000001, PTP, "rank-0", "rank-28", 1_29_-778_790
Link, 0, MPI_LINK, 0.006306, 0.006307, 0.000001, PTP, "rank-0", "rank-27", 1_28_-778_789
Link, 0, MPI_LINK, 0.006306, 0.006307, 0.000001, PTP, "rank-0", "rank-26", 1_27_-778_788
Link, 0, MPI_LINK, 0.006306, 0.006307, 0.000001, PTP, "rank-0", "rank-23", 1_24_-778_785
Link, 0, MPI_LINK, 0.006306, 0.006307, 0.000001, PTP, "rank-0", "rank-22", 1_23_-778_784
Link, 0, MPI_LINK, 0.006306, 0.006307, 0.000001, PTP, "rank-0", "rank-21", 1_22_-778_783
Link, 0, MPI_LINK, 0.006306, 0.006307, 0.000001, PTP, "rank-0", "rank-20", 1_21_-778_782
Link, 0, MPI_LINK, 0.006306, 0.006307, 0.000001, PTP, "rank-0", "rank-19", 1_20_-778_781
Link, 0, MPI_LINK, 0.006306, 0.006307, 0.000001, PTP, "rank-0", "rank-18", 1_19_-778_780
Link, 0, MPI_LINK, 0.006306, 0.006307, 0.000001, PTP, "rank-0", "rank-15", 1_16_-778_777
Link, 0, MPI_LINK, 0.006306, 0.006307, 0.000001, PTP, "rank-0", "rank-14", 1_15_-778_776
Link, 0, MPI_LINK, 0.006306, 0.006307, 0.000001, PTP, "rank-0", "rank-13", 1_14_-778_775
Link, 0, MPI_LINK, 0.006306, 0.006307, 0.000001, PTP, "rank-0", "rank-12", 1_13_-778_774
Link, 0, MPI_LINK, 0.006306, 0.006307, 0.000001, PTP, "rank-0", "rank-11", 1_12_-778_773
Link, 0, MPI_LINK, 0.006306, 0.006307, 0.000001, PTP, "rank-0", "rank-10", 1_11_-778_772
Link, 0, MPI_LINK, 0.006306, 0.006307, 0.000001, PTP, "rank-0", "rank-97", 1_98_-778_859
Link, 0, MPI_LINK, 0.006306, 0.006307, 0.000001, PTP, "rank-0", "rank-96", 1_97_-778_858
Link, 0, MPI_LINK, 0.006306, 0.006307, 0.000001, PTP, "rank-0", "rank-65", 1_66_-778_827
Link, 0, MPI_LINK, 0.006306, 0.006307, 0.000001, PTP, "rank-0", "rank-64", 1_65_-778_826
Link, 0, MPI_LINK, 0.006306, 0.006307, 0.000001, PTP, "rank-0", "rank-33", 1_34_-778_795
Link, 0, MPI_LINK, 0.006306, 0.006307, 0.000001, PTP, "rank-0", "rank-32", 1_33_-778_794
Link, 0, MPI_LINK, 0.006306, 0.006308, 0.000002, PTP, "rank-0", "rank-103", 1_104_-778_865
Link, 0, MPI_LINK, 0.006306, 0.006308, 0.000002, PTP, "rank-0", "rank-102", 1_103_-778_864
Link, 0, MPI_LINK, 0.006306, 0.006308, 0.000002, PTP, "rank-0", "rank-101", 1_102_-778_863
Link, 0, MPI_LINK, 0.006306, 0.006308, 0.000002, PTP, "rank-0", "rank-100", 1_101_-778_862
Link, 0, MPI_LINK, 0.006306, 0.006308, 0.000002, PTP, "rank-0", "rank-99", 1_100_-778_861
Link, 0, MPI_LINK, 0.006306, 0.006308, 0.000002, PTP, "rank-0", "rank-98", 1_99_-778_860
Link, 0, MPI_LINK, 0.006306, 0.006308, 0.000002, PTP, "rank-0", "rank-71", 1_72_-778_833
Link, 0, MPI_LINK, 0.006306, 0.006308, 0.000002, PTP, "rank-0", "rank-70", 1_71_-778_832
Link, 0, MPI_LINK, 0.006306, 0.006308, 0.000002, PTP, "rank-0", "rank-69", 1_70_-778_831
Link, 0, MPI_LINK, 0.006306, 0.006308, 0.000002, PTP, "rank-0", "rank-68", 1_69_-778_830
Link, 0, MPI_LINK, 0.006306, 0.006308, 0.000002, PTP, "rank-0", "rank-67", 1_68_-778_829
Link, 0, MPI_LINK, 0.006306, 0.006308, 0.000002, PTP, "rank-0", "rank-66", 1_67_-778_828
Link, 0, MPI_LINK, 0.006306, 0.006308, 0.000002, PTP, "rank-0", "rank-39", 1_40_-778_801
Link, 0, MPI_LINK, 0.006306, 0.006308, 0.000002, PTP, "rank-0", "rank-38", 1_39_-778_800
Link, 0, MPI_LINK, 0.006306, 0.006308, 0.000002, PTP, "rank-0", "rank-37", 1_38_-778_799
Link, 0, MPI_LINK, 0.006306, 0.006308, 0.000002, PTP, "rank-0", "rank-36", 1_37_-778_798
Link, 0, MPI_LINK, 0.006306, 0.006308, 0.000002, PTP, "rank-0", "rank-35", 1_36_-778_797
Link, 0, MPI_LINK, 0.006306, 0.006308, 0.000002, PTP, "rank-0", "rank-34", 1_35_-778_796
Link, 0, MPI_LINK, 0.006306, 0.006308, 0.000002, PTP, "rank-0", "rank-121", 1_122_-778_883
Link, 0, MPI_LINK, 0.006306, 0.006308, 0.000002, PTP, "rank-0", "rank-120", 1_121_-778_882
Link, 0, MPI_LINK, 0.006306, 0.006308, 0.000002, PTP, "rank-0", "rank-113", 1_114_-778_875
Link, 0, MPI_LINK, 0.006306, 0.006308, 0.000002, PTP, "rank-0", "rank-112", 1_113_-778_874
Link, 0, MPI_LINK, 0.006306, 0.006308, 0.000002, PTP, "rank-0", "rank-105", 1_106_-778_867
Link, 0, MPI_LINK, 0.006306, 0.006308, 0.000002, PTP, "rank-0", "rank-104", 1_105_-778_866
Link, 0, MPI_LINK, 0.006306, 0.006308, 0.000002, PTP, "rank-0", "rank-89", 1_90_-778_851
Link, 0, MPI_LINK, 0.006306, 0.006308, 0.000002, PTP, "rank-0", "rank-88", 1_89_-778_850
Link, 0, MPI_LINK, 0.006306, 0.006308, 0.000002, PTP, "rank-0", "rank-81", 1_82_-778_843
Link, 0, MPI_LINK, 0.006306, 0.006308, 0.000002, PTP, "rank-0", "rank-80", 1_81_-778_842
Link, 0, MPI_LINK, 0.006306, 0.006308, 0.000002, PTP, "rank-0", "rank-73", 1_74_-778_835
Link, 0, MPI_LINK, 0.006306, 0.006308, 0.000002, PTP, "rank-0", "rank-72", 1_73_-778_834
Link, 0, MPI_LINK, 0.006306, 0.006308, 0.000002, PTP, "rank-0", "rank-57", 1_58_-778_819
Link, 0, MPI_LINK, 0.006306, 0.006308, 0.000002, PTP, "rank-0", "rank-56", 1_57_-778_818
Link, 0, MPI_LINK, 0.006306, 0.006308, 0.000002, PTP, "rank-0", "rank-49", 1_50_-778_811
Link, 0, MPI_LINK, 0.006306, 0.006308, 0.000002, PTP, "rank-0", "rank-48", 1_49_-778_810
Link, 0, MPI_LINK, 0.006306, 0.006308, 0.000002, PTP, "rank-0", "rank-41", 1_42_-778_803
Link, 0, MPI_LINK, 0.006306, 0.006308, 0.000002, PTP, "rank-0", "rank-40", 1_41_-778_802
Link, 0, MPI_LINK, 0.006306, 0.006308, 0.000002, PTP, "rank-0", "rank-127", 1_128_-778_889
Link, 0, MPI_LINK, 0.006306, 0.006308, 0.000002, PTP, "rank-0", "rank-126", 1_127_-778_888
Link, 0, MPI_LINK, 0.006306, 0.006308, 0.000002, PTP, "rank-0", "rank-125", 1_126_-778_887
Link, 0, MPI_LINK, 0.006306, 0.006308, 0.000002, PTP, "rank-0", "rank-124", 1_125_-778_886
Link, 0, MPI_LINK, 0.006306, 0.006308, 0.000002, PTP, "rank-0", "rank-123", 1_124_-778_885
Link, 0, MPI_LINK, 0.006306, 0.006308, 0.000002, PTP, "rank-0", "rank-122", 1_123_-778_884
Link, 0, MPI_LINK, 0.006306, 0.006308, 0.000002, PTP, "rank-0", "rank-119", 1_120_-778_881
Link, 0, MPI_LINK, 0.006306, 0.006308, 0.000002, PTP, "rank-0", "rank-118", 1_119_-778_880
Link, 0, MPI_LINK, 0.006306, 0.006308, 0.000002, PTP, "rank-0", "rank-117", 1_118_-778_879
Link, 0, MPI_LINK, 0.006306, 0.006308, 0.000002, PTP, "rank-0", "rank-116", 1_117_-778_878
Link, 0, MPI_LINK, 0.006306, 0.006308, 0.000002, PTP, "rank-0", "rank-115", 1_116_-778_877
Link, 0, MPI_LINK, 0.006306, 0.006308, 0.000002, PTP, "rank-0", "rank-114", 1_115_-778_876
Link, 0, MPI_LINK, 0.006306, 0.006308, 0.000002, PTP, "rank-0", "rank-111", 1_112_-778_873
Link, 0, MPI_LINK, 0.006306, 0.006308, 0.000002, PTP, "rank-0", "rank-110", 1_111_-778_872
Link, 0, MPI_LINK, 0.006306, 0.006308, 0.000002, PTP, "rank-0", "rank-109", 1_110_-778_871
Link, 0, MPI_LINK, 0.006306, 0.006308, 0.000002, PTP, "rank-0", "rank-108", 1_109_-778_870
Link, 0, MPI_LINK, 0.006306, 0.006308, 0.000002, PTP, "rank-0", "rank-107", 1_108_-778_869
Link, 0, MPI_LINK, 0.006306, 0.006308, 0.000002, PTP, "rank-0", "rank-106", 1_107_-778_868
Link, 0, MPI_LINK, 0.006306, 0.006308, 0.000002, PTP, "rank-0", "rank-95", 1_96_-778_857
Link, 0, MPI_LINK, 0.006306, 0.006308, 0.000002, PTP, "rank-0", "rank-94", 1_95_-778_856
Link, 0, MPI_LINK, 0.006306, 0.006308, 0.000002, PTP, "rank-0", "rank-93", 1_94_-778_855
Link, 0, MPI_LINK, 0.006306, 0.006308, 0.000002, PTP, "rank-0", "rank-92", 1_93_-778_854
Link, 0, MPI_LINK, 0.006306, 0.006308, 0.000002, PTP, "rank-0", "rank-91", 1_92_-778_853
Link, 0, MPI_LINK, 0.006306, 0.006308, 0.000002, PTP, "rank-0", "rank-90", 1_91_-778_852
Link, 0, MPI_LINK, 0.006306, 0.006308, 0.000002, PTP, "rank-0", "rank-87", 1_88_-778_849
Link, 0, MPI_LINK, 0.006306, 0.006308, 0.000002, PTP, "rank-0", "rank-86", 1_87_-778_848
Link, 0, MPI_LINK, 0.006306, 0.006308, 0.000002, PTP, "rank-0", "rank-85", 1_86_-778_847
Link, 0, MPI_LINK, 0.006306, 0.006308, 0.000002, PTP, "rank-0", "rank-84", 1_85_-778_846
Link, 0, MPI_LINK, 0.006306, 0.006308, 0.000002, PTP, "rank-0", "rank-83", 1_84_-778_845
Link, 0, MPI_LINK, 0.006306, 0.006308, 0.000002, PTP, "rank-0", "rank-82", 1_83_-778_844
Link, 0, MPI_LINK, 0.006306, 0.006308, 0.000002, PTP, "rank-0", "rank-79", 1_80_-778_841
Link, 0, MPI_LINK, 0.006306, 0.006308, 0.000002, PTP, "rank-0", "rank-78", 1_79_-778_840
Link, 0, MPI_LINK, 0.006306, 0.006308, 0.000002, PTP, "rank-0", "rank-77", 1_78_-778_839
Link, 0, MPI_LINK, 0.006306, 0.006308, 0.000002, PTP, "rank-0", "rank-76", 1_77_-778_838
Link, 0, MPI_LINK, 0.006306, 0.006308, 0.000002, PTP, "rank-0", "rank-75", 1_76_-778_837
Link, 0, MPI_LINK, 0.006306, 0.006308, 0.000002, PTP, "rank-0", "rank-74", 1_75_-778_836
Link, 0, MPI_LINK, 0.006306, 0.006308, 0.000002, PTP, "rank-0", "rank-63", 1_64_-778_825
Link, 0, MPI_LINK, 0.006306, 0.006308, 0.000002, PTP, "rank-0", "rank-62", 1_63_-778_824
Link, 0, MPI_LINK, 0.006306, 0.006308, 0.000002, PTP, "rank-0", "rank-61", 1_62_-778_823
Link, 0, MPI_LINK, 0.006306, 0.006308, 0.000002, PTP, "rank-0", "rank-60", 1_61_-778_822
Link, 0, MPI_LINK, 0.006306, 0.006308, 0.000002, PTP, "rank-0", "rank-59", 1_60_-778_821
Link, 0, MPI_LINK, 0.006306, 0.006308, 0.000002, PTP, "rank-0", "rank-58", 1_59_-778_820
Link, 0, MPI_LINK, 0.006306, 0.006308, 0.000002, PTP, "rank-0", "rank-55", 1_56_-778_817
Link, 0, MPI_LINK, 0.006306, 0.006308, 0.000002, PTP, "rank-0", "rank-54", 1_55_-778_816
Link, 0, MPI_LINK, 0.006306, 0.006308, 0.000002, PTP, "rank-0", "rank-53", 1_54_-778_815
Link, 0, MPI_LINK, 0.006306, 0.006308, 0.000002, PTP, "rank-0", "rank-52", 1_53_-778_814
Link, 0, MPI_LINK, 0.006306, 0.006308, 0.000002, PTP, "rank-0", "rank-51", 1_52_-778_813
Link, 0, MPI_LINK, 0.006306, 0.006308, 0.000002, PTP, "rank-0", "rank-50", 1_51_-778_812
Link, 0, MPI_LINK, 0.006306, 0.006308, 0.000002, PTP, "rank-0", "rank-47", 1_48_-778_809
Link, 0, MPI_LINK, 0.006306, 0.006308, 0.000002, PTP, "rank-0", "rank-46", 1_47_-778_808
Link, 0, MPI_LINK, 0.006306, 0.006308, 0.000002, PTP, "rank-0", "rank-45", 1_46_-778_807
Link, 0, MPI_LINK, 0.006306, 0.006308, 0.000002, PTP, "rank-0", "rank-44", 1_45_-778_806
Link, 0, MPI_LINK, 0.006306, 0.006308, 0.000002, PTP, "rank-0", "rank-43", 1_44_-778_805
Link, 0, MPI_LINK, 0.006306, 0.006308, 0.000002, PTP, "rank-0", "rank-42", 1_43_-778_804
Container, 0, MPI, 0, 0.006308, 0.006308, "rank-98"
State, "rank-98", MPI_STATE, 0.000000, 0.000000, 0.000000, 0.000000, PMPI_Init
State, "rank-98", MPI_STATE, 0.000000, 0.000004, 0.000004, 0.000000, PMPI_Barrier
State, "rank-98", MPI_STATE, 0.000004, 0.006293, 0.006289, 0.000000, PMPI_Recv
State, "rank-98", MPI_STATE, 0.006293, 0.006293, 0.000000, 0.000000, PMPI_Reduce
State, "rank-98", MPI_STATE, 0.006293, 0.006293, 0.000000, 0.000000, PMPI_Reduce
State, "rank-98", MPI_STATE, 0.006293, 0.006308, 0.000015, 0.000000, PMPI_Barrier
State, "rank-98", MPI_STATE, 0.006308, 0.006308, 0.000000, 0.000000, PMPI_Finalize
Container, 0, MPI, 0, 0.006307, 0.006307, "rank-97"
State, "rank-97", MPI_STATE, 0.000000, 0.000000, 0.000000, 0.000000, PMPI_Init
State, "rank-97", MPI_STATE, 0.000000, 0.000003, 0.000003, 0.000000, PMPI_Barrier
State, "rank-97", MPI_STATE, 0.000003, 0.006300, 0.006297, 0.000000, PMPI_Recv
State, "rank-97", MPI_STATE, 0.006300, 0.006300, 0.000000, 0.000000, PMPI_Reduce
State, "rank-97", MPI_STATE, 0.006300, 0.006300, 0.000000, 0.000000, PMPI_Reduce
State, "rank-97", MPI_STATE, 0.006300, 0.006307, 0.000007, 0.000000, PMPI_Barrier
State, "rank-97", MPI_STATE, 0.006307, 0.006307, 0.000000, 0.000000, PMPI_Finalize
Container, 0, MPI, 0, 0.006307, 0.006307, "rank-96"
State, "rank-96", MPI_STATE, 0.000000, 0.000000, 0.000000, 0.000000, PMPI_Init
State, "rank-96", MPI_STATE, 0.000000, 0.000003, 0.000003, 0.000000, PMPI_Barrier
State, "rank-96", MPI_STATE, 0.000003, 0.002706, 0.002703, 0.000000, PMPI_Recv
State, "rank-96", MPI_STATE, 0.002706, 0.003608, 0.000902, 0.000000, PMPI_Send
State, "rank-96", MPI_STATE, 0.003608, 0.004504, 0.000896, 0.000000, PMPI_Send
State, "rank-96", MPI_STATE, 0.004504, 0.005406, 0.000902, 0.000000, PMPI_Send
State, "rank-96", MPI_STATE, 0.005406, 0.006300, 0.000894, 0.000000, PMPI_Send
State, "rank-96", MPI_STATE, 0.006300, 0.006300, 0.000000, 0.000000, PMPI_Reduce
State, "rank-96", MPI_STATE, 0.006300, 0.006300, 0.000000, 0.000000, PMPI_Reduce
State, "rank-96", MPI_STATE, 0.006300, 0.006307, 0.000007, 0.000000, PMPI_Barrier
State, "rank-96", MPI_STATE, 0.006307, 0.006307, 0.000000, 0.000000, PMPI_Finalize
Container, 0, MPI, 0, 0.006308, 0.006308, "rank-95"
State, "rank-95", MPI_STATE, 0.000000, 0.000000, 0.000000, 0.000000, PMPI_Init
State, "rank-95", MPI_STATE, 0.000000, 0.000004, 0.000004, 0.000000, PMPI_Barrier
State, "rank-95", MPI_STATE, 0.000004, 0.005406, 0.005402, 0.000000, PMPI_Recv
State, "rank-95", MPI_STATE, 0.005406, 0.006300, 0.000894, 0.000000, PMPI_Send
State, "rank-95", MPI_STATE, 0.006300, 0.006300, 0.000000, 0.000000, PMPI_Reduce
State, "rank-95", MPI_STATE, 0.006300, 0.006300, 0.000000, 0.000000, PMPI_Reduce
State, "rank-95", MPI_STATE, 0.006300, 0.006308, 0.000008, 0.000000, PMPI_Barrier
State, "rank-95", MPI_STATE, 0.006308, 0.006308, 0.000000, 0.000000, PMPI_Finalize
Container, 0, MPI, 0, 0.006308, 0.006308, "rank-94"
State, "rank-94", MPI_STATE, 0.000000, 0.000000, 0.000000, 0.000000, PMPI_Init
State, "rank-94", MPI_STATE, 0.000000, 0.000004, 0.000004, 0.000000, PMPI_Barrier
State, "rank-94", MPI_STATE, 0.000004, 0.006300, 0.006296, 0.000000, PMPI_Recv
State, "rank-94", MPI_STATE, 0.006300, 0.006300, 0.000000, 0.000000, PMPI_Reduce
State, "rank-94", MPI_STATE, 0.006300, 0.006300, 0.000000, 0.000000, PMPI_Reduce
State, "rank-94", MPI_STATE, 0.006300, 0.006308, 0.000008, 0.000000, PMPI_Barrier
State, "rank-94", MPI_STATE, 0.006308, 0.006308, 0.000000, 0.000000, PMPI_Finalize
Container, 0, MPI, 0, 0.006308, 0.006308, "rank-93"
State, "rank-93", MPI_STATE, 0.000000, 0.000000, 0.000000, 0.000000, PMPI_Init
State, "rank-93", MPI_STATE, 0.000000, 0.000004, 0.000004, 0.000000, PMPI_Barrier
State, "rank-93", MPI_STATE, 0.000004, 0.006293, 0.006289, 0.000000, PMPI_Recv
State, "rank-93", MPI_STATE, 0.006293, 0.006293, 0.000000, 0.000000, PMPI_Reduce
State, "rank-93", MPI_STATE, 0.006293, 0.006293, 0.000000, 0.000000, PMPI_Reduce
State, "rank-93", MPI_STATE, 0.006293, 0.006308, 0.000015, 0.000000, PMPI_Barrier
State, "rank-93", MPI_STATE, 0.006308, 0.006308, 0.000000, 0.000000, PMPI_Finalize
Container, 0, MPI, 0, 0.006308, 0.006308, "rank-92"
State, "rank-92", MPI_STATE, 0.000000, 0.000000, 0.000000, 0.000000, PMPI_Init
State, "rank-92", MPI_STATE, 0.000000, 0.000004, 0.000004, 0.000000, PMPI_Barrier
State, "rank-92", MPI_STATE, 0.000004, 0.005399, 0.005395, 0.000000, PMPI_Recv
State, "rank-92", MPI_STATE, 0.005399, 0.006293, 0.000894, 0.000000, PMPI_Send
State, "rank-92", MPI_STATE, 0.006293, 0.006293, 0.000000, 0.000000, PMPI_Reduce
State, "rank-92", MPI_STATE, 0.006293, 0.006293, 0.000000, 0.000000, PMPI_Reduce
State, "rank-92", MPI_STATE, 0.006293, 0.006308, 0.000015, 0.000000, PMPI_Barrier
State, "rank-92", MPI_STATE, 0.006308, 0.006308, 0.000000, 0.000000, PMPI_Finalize
Container, 0, MPI, 0, 0.006308, 0.006308, "rank-91"
State, "rank-91", MPI_STATE, 0.000000, 0.000000, 0.000000, 0.000000, PMPI_Init
State, "rank-91", MPI_STATE, 0.000000, 0.000004, 0.000004, 0.000000, PMPI_Barrier
State, "rank-91", MPI_STATE, 0.000004, 0.003608, 0.003604, 0.000000, PMPI_Recv
State, "rank-91", MPI_STATE, 0.003608, 0.004504, 0.000896, 0.000000, PMPI_Send
State, "rank-91", MPI_STATE, 0.004504, 0.005399, 0.000895, 0.000000, PMPI_Send
State, "rank-91", MPI_STATE, 0.005399, 0.006293, 0.000894, 0.000000, PMPI_Send
State, "rank-91", MPI_STATE, 0.006293, 0.006293, 0.000000, 0.000000, PMPI_Reduce
State, "rank-91", MPI_STATE, 0.006293, 0.006293, 0.000000, 0.000000, PMPI_Reduce
State, "rank-91", MPI_STATE, 0.006293, 0.006308, 0.000015, 0.000000, PMPI_Barrier
State, "rank-91", MPI_STATE, 0.006308, 0.006308, 0.000000, 0.000000, PMPI_Finalize
Container, 0, MPI, 0, 0.006308, 0.006308, "rank-90"
State, "rank-90", MPI_STATE, 0.000000, 0.000000, 0.000000, 0.000000, PMPI_Init
State, "rank-90", MPI_STATE, 0.000000, 0.000004, 0.000004, 0.000000, PMPI_Barrier
State, "rank-90", MPI_STATE, 0.000004, 0.006293, 0.006289, 0.000000, PMPI_Recv
State, "rank-90", MPI_STATE, 0.006293, 0.006293, 0.000000, 0.000000, PMPI_Reduce
State, "rank-90", MPI_STATE, 0.006293, 0.006293, 0.000000, 0.000000, PMPI_Reduce
State, "rank-90", MPI_STATE, 0.006293, 0.006308, 0.000015, 0.000000, PMPI_Barrier
State, "rank-90", MPI_STATE, 0.006308, 0.006308, 0.000000, 0.000000, PMPI_Finalize
Container, 0, MPI, 0, 0.006308, 0.006308, "rank-89"
State, "rank-89", MPI_STATE, 0.000000, 0.000000, 0.000000, 0.000000, PMPI_Init
State, "rank-89", MPI_STATE, 0.000000, 0.000004, 0.000004, 0.000000, PMPI_Barrier
State, "rank-89", MPI_STATE, 0.000004, 0.006295, 0.006291, 0.000000, PMPI_Recv
State, "rank-89", MPI_STATE, 0.006295, 0.006295, 0.000000, 0.000000, PMPI_Reduce
State, "rank-89", MPI_STATE, 0.006295, 0.006295, 0.000000, 0.000000, PMPI_Reduce
State, "rank-89", MPI_STATE, 0.006295, 0.006308, 0.000013, 0.000000, PMPI_Barrier
State, "rank-89", MPI_STATE, 0.006308, 0.006308, 0.000000, 0.000000, PMPI_Finalize
Container, 0, MPI, 0, 0.006307, 0.006307, "rank-8"
State, "rank-8", MPI_STATE, 0.000000, 0.000000, 0.000000, 0.000000, PMPI_Init
State, "rank-8", MPI_STATE, 0.000000, 0.000003, 0.000003, 0.000000, PMPI_Barrier
State, "rank-8", MPI_STATE, 0.000003, 0.004499, 0.004496, 0.000000, PMPI_Recv
State, "rank-8", MPI_STATE, 0.004499, 0.005396, 0.000897, 0.000000, PMPI_Send
State, "rank-8", MPI_STATE, 0.005396, 0.006291, 0.000895, 0.000000, PMPI_Send
State, "rank-8", MPI_STATE, 0.006291, 0.006291, 0.000000, 0.000000, PMPI_Reduce
State, "rank-8", MPI_STATE, 0.006291, 0.006291, 0.000000, 0.000000, PMPI_Reduce
State, "rank-8", MPI_STATE, 0.006291, 0.006307, 0.000016, 0.000000, PMPI_Barrier
State, "rank-8", MPI_STATE, 0.006307, 0.006307, 0.000000, 0.000000, PMPI_Finalize
Container, 0, MPI, 0, 0.006308, 0.006308, "rank-88"
State, "rank-88", MPI_STATE, 0.000000, 0.000000, 0.000000, 0.000000, PMPI_Init
State, "rank-88", MPI_STATE, 0.000000, 0.000004, 0.000004, 0.000000, PMPI_Barrier
State, "rank-88", MPI_STATE, 0.000004, 0.004504, 0.004500, 0.000000, PMPI_Recv
State, "rank-88", MPI_STATE, 0.004504, 0.005401, 0.000897, 0.000000, PMPI_Send
State, "rank-88", MPI_STATE, 0.005401, 0.006295, 0.000894, 0.000000, PMPI_Send
State, "rank-88", MPI_STATE, 0.006295, 0.006295, 0.000000, 0.000000, PMPI_Reduce
State, "rank-88", MPI_STATE, 0.006295, 0.006295, 0.000000, 0.000000, PMPI_Reduce
State, "rank-88", MPI_STATE, 0.006295, 0.006308, 0.000013, 0.000000, PMPI_Barrier
State, "rank-88", MPI_STATE, 0.006308, 0.006308, 0.000000, 0.000000, PMPI_Finalize
Container, 0, MPI, 0, 0.006308, 0.006308, "rank-87"
State, "rank-87", MPI_STATE, 0.000000, 0.000000, 0.000000, 0.000000, PMPI_Init
State, "rank-87", MPI_STATE, 0.000000, 0.000004, 0.000004, 0.000000, PMPI_Barrier
State, "rank-87", MPI_STATE, 0.000004, 0.005401, 0.005397, 0.000000, PMPI_Recv
State, "rank-87", MPI_STATE, 0.005401, 0.006295, 0.000894, 0.000000, PMPI_Send
State, "rank-87", MPI_STATE, 0.006295, 0.006295, 0.000000, 0.000000, PMPI_Reduce
State, "rank-87", MPI_STATE, 0.006295, 0.006295, 0.000000, 0.000000, PMPI_Reduce
State, "rank-87", MPI_STATE, 0.006295, 0.006308, 0.000013, 0.000000, PMPI_Barrier
State, "rank-87", MPI_STATE, 0.006308, 0.006308, 0.000000, 0.000000, PMPI_Finalize
Container, 0, MPI, 0, 0.006308, 0.006308, "rank-86"
State, "rank-86", MPI_STATE, 0.000000, 0.000000, 0.000000, 0.000000, PMPI_Init
State, "rank-86", MPI_STATE, 0.000000, 0.000004, 0.000004, 0.000000, PMPI_Barrier
State, "rank-86", MPI_STATE, 0.000004, 0.006295, 0.006291, 0.000000, PMPI_Recv
State, "rank-86", MPI_STATE, 0.006295, 0.006295, 0.000000, 0.000000, PMPI_Reduce
State, "rank-86", MPI_STATE, 0.006295, 0.006295, 0.000000, 0.000000, PMPI_Reduce
State, "rank-86", MPI_STATE, 0.006295, 0.006308, 0.000013, 0.000000, PMPI_Barrier
State, "rank-86", MPI_STATE, 0.006308, 0.006308, 0.000000, 0.000000, PMPI_Finalize
Container, 0, MPI, 0, 0.006308, 0.006308, "rank-85"
State, "rank-85", MPI_STATE, 0.000000, 0.000000, 0.000000, 0.000000, PMPI_Init
State, "rank-85", MPI_STATE, 0.000000, 0.000004, 0.000004, 0.000000, PMPI_Barrier
State, "rank-85", MPI_STATE, 0.000004, 0.006288, 0.006284, 0.000000, PMPI_Recv
State, "rank-85", MPI_STATE, 0.006288, 0.006288, 0.000000, 0.000000, PMPI_Reduce
State, "rank-85", MPI_STATE, 0.006288, 0.006288, 0.000000, 0.000000, PMPI_Reduce
State, "rank-85", MPI_STATE, 0.006288, 0.006308, 0.000020, 0.000000, PMPI_Barrier
State, "rank-85", MPI_STATE, 0.006308, 0.006308, 0.000000, 0.000000, PMPI_Finalize
Container, 0, MPI, 0, 0.006308, 0.006308, "rank-84"
State, "rank-84", MPI_STATE, 0.000000, 0.000000, 0.000000, 0.000000, PMPI_Init
State, "rank-84", MPI_STATE, 0.000000, 0.000004, 0.000004, 0.000000, PMPI_Barrier
State, "rank-84", MPI_STATE, 0.000004, 0.005394, 0.005390, 0.000000, PMPI_Recv
State, "rank-84", MPI_STATE, 0.005394, 0.006288, 0.000894, 0.000000, PMPI_Send
State, "rank-84", MPI_STATE, 0.006288, 0.006288, 0.000000, 0.000000, PMPI_Reduce
State, "rank-84", MPI_STATE, 0.006288, 0.006288, 0.000000, 0.000000, PMPI_Reduce
State, "rank-84", MPI_STATE, 0.006288, 0.006308, 0.000020, 0.000000, PMPI_Barrier
State, "rank-84", MPI_STATE, 0.006308, 0.006308, 0.000000, 0.000000, PMPI_Finalize
Container, 0, MPI, 0, 0.006308, 0.006308, "rank-83"
State, "rank-83", MPI_STATE, 0.000000, 0.000000, 0.000000, 0.000000, PMPI_Init
State, "rank-83", MPI_STATE, 0.000000, 0.000004, 0.000004, 0.000000, PMPI_Barrier
State, "rank-83", MPI_STATE, 0.000004, 0.004499, 0.004495, 0.000000, PMPI_Recv
State, "rank-83", MPI_STATE, 0.004499, 0.005394, 0.000895, 0.000000, PMPI_Send
State, "rank-83", MPI_STATE, 0.005394, 0.006288, 0.000894, 0.000000, PMPI_Send
State, "rank-83", MPI_STATE, 0.006288, 0.006288, 0.000000, 0.000000, PMPI_Reduce
State, "rank-83", MPI_STATE, 0.006288, 0.006288, 0.000000, 0.000000, PMPI_Reduce
State, "rank-83", MPI_STATE, 0.006288, 0.006308, 0.000020, 0.000000, PMPI_Barrier
State, "rank-83", MPI_STATE, 0.006308, 0.006308, 0.000000, 0.000000, PMPI_Finalize
Container, 0, MPI, 0, 0.006308, 0.006308, "rank-82"
State, "rank-82", MPI_STATE, 0.000000, 0.000000, 0.000000, 0.000000, PMPI_Init
State, "rank-82", MPI_STATE, 0.000000, 0.000004, 0.000004, 0.000000, PMPI_Barrier
State, "rank-82", MPI_STATE, 0.000004, 0.006288, 0.006284, 0.000000, PMPI_Recv
State, "rank-82", MPI_STATE, 0.006288, 0.006288, 0.000000, 0.000000, PMPI_Reduce
State, "rank-82", MPI_STATE, 0.006288, 0.006288, 0.000000, 0.000000, PMPI_Reduce
State, "rank-82", MPI_STATE, 0.006288, 0.006308, 0.000020, 0.000000, PMPI_Barrier
State, "rank-82", MPI_STATE, 0.006308, 0.006308, 0.000000, 0.000000, PMPI_Finalize
Container, 0, MPI, 0, 0.006308, 0.006308, "rank-81"
State, "rank-81", MPI_STATE, 0.000000, 0.000000, 0.000000, 0.000000, PMPI_Init
State, "rank-81", MPI_STATE, 0.000000, 0.000004, 0.000004, 0.000000, PMPI_Barrier
State, "rank-81", MPI_STATE, 0.000004, 0.006291, 0.006287, 0.000000, PMPI_Recv
State, "rank-81", MPI_STATE, 0.006291, 0.006291, 0.000000, 0.000000, PMPI_Reduce
State, "rank-81", MPI_STATE, 0.006291, 0.006291, 0.000000, 0.000000, PMPI_Reduce
State, "rank-81", MPI_STATE, 0.006291, 0.006308, 0.000017, 0.000000, PMPI_Barrier
State, "rank-81", MPI_STATE, 0.006308, 0.006308, 0.000000, 0.000000, PMPI_Finalize
Container, 0, MPI, 0, 0.006308, 0.006308, "rank-80"
State, "rank-80", MPI_STATE, 0.000000, 0.000000, 0.000000, 0.000000, PMPI_Init
State, "rank-80", MPI_STATE, 0.000000, 0.000004, 0.000004, 0.000000, PMPI_Barrier
State, "rank-80", MPI_STATE, 0.000004, 0.003604, 0.003600, 0.000000, PMPI_Recv
State, "rank-80", MPI_STATE, 0.003604, 0.004499, 0.000895, 0.000000, PMPI_Send
State, "rank-80", MPI_STATE, 0.004499, 0.005396, 0.000897, 0.000000, PMPI_Send
State, "rank-80", MPI_STATE, 0.005396, 0.006291, 0.000895, 0.000000, PMPI_Send
State, "rank-80", MPI_STATE, 0.006291, 0.006291, 0.000000, 0.000000, PMPI_Reduce
State, "rank-80", MPI_STATE, 0.006291, 0.006291, 0.000000, 0.000000, PMPI_Reduce
State, "rank-80", MPI_STATE, 0.006291, 0.006308, 0.000017, 0.000000, PMPI_Barrier
State, "rank-80", MPI_STATE, 0.006308, 0.006308, 0.000000, 0.000000, PMPI_Finalize
Container, 0, MPI, 0, 0.006308, 0.006308, "rank-79"
State, "rank-79", MPI_STATE, 0.000000, 0.000000, 0.000000, 0.000000, PMPI_Init
State, "rank-79", MPI_STATE, 0.000000, 0.000004, 0.000004, 0.000000, PMPI_Barrier
State, "rank-79", MPI_STATE, 0.000004, 0.005396, 0.005392, 0.000000, PMPI_Recv
State, "rank-79", MPI_STATE, 0.005396, 0.006291, 0.000895, 0.000000, PMPI_Send
State, "rank-79", MPI_STATE, 0.006291, 0.006291, 0.000000, 0.000000, PMPI_Reduce
State, "rank-79", MPI_STATE, 0.006291, 0.006291, 0.000000, 0.000000, PMPI_Reduce
State, "rank-79", MPI_STATE, 0.006291, 0.006308, 0.000017, 0.000000, PMPI_Barrier
State, "rank-79", MPI_STATE, 0.006308, 0.006308, 0.000000, 0.000000, PMPI_Finalize
Container, 0, MPI, 0, 0.006307, 0.006307, "rank-7"
State, "rank-7", MPI_STATE, 0.000000, 0.000000, 0.000000, 0.000000, PMPI_Init
State, "rank-7", MPI_STATE, 0.000000, 0.000003, 0.000003, 0.000000, PMPI_Barrier
State, "rank-7", MPI_STATE, 0.000003, 0.005396, 0.005393, 0.000000, PMPI_Recv
State, "rank-7", MPI_STATE, 0.005396, 0.006291, 0.000895, 0.000000, PMPI_Send
State, "rank-7", MPI_STATE, 0.006291, 0.006291, 0.000000, 0.000000, PMPI_Reduce
State, "rank-7", MPI_STATE, 0.006291, 0.006291, 0.000000, 0.000000, PMPI_Reduce
State, "rank-7", MPI_STATE, 0.006291, 0.006307, 0.000016, 0.000000, PMPI_Barrier
State, "rank-7", MPI_STATE, 0.006307, 0.006307, 0.000000, 0.000000, PMPI_Finalize
Container, 0, MPI, 0, 0.006308, 0.006308, "rank-78"
State, "rank-78", MPI_STATE, 0.000000, 0.000000, 0.000000, 0.000000, PMPI_Init
State, "rank-78", MPI_STATE, 0.000000, 0.000004, 0.000004, 0.000000, PMPI_Barrier
State, "rank-78", MPI_STATE, 0.000004, 0.006291, 0.006287, 0.000000, PMPI_Recv
State, "rank-78", MPI_STATE, 0.006291, 0.006291, 0.000000, 0.000000, PMPI_Reduce
State, "rank-78", MPI_STATE, 0.006291, 0.006291, 0.000000, 0.000000, PMPI_Reduce
State, "rank-78", MPI_STATE, 0.006291, 0.006308, 0.000017, 0.000000, PMPI_Barrier
State, "rank-78", MPI_STATE, 0.006308, 0.006308, 0.000000, 0.000000, PMPI_Finalize
Container, 0, MPI, 0, 0.006308, 0.006308, "rank-77"
State, "rank-77", MPI_STATE, 0.000000, 0.000000, 0.000000, 0.000000, PMPI_Init
State, "rank-77", MPI_STATE, 0.000000, 0.000004, 0.000004, 0.000000, PMPI_Barrier
State, "rank-77", MPI_STATE, 0.000004, 0.006288, 0.006284, 0.000000, PMPI_Recv
State, "rank-77", MPI_STATE, 0.006288, 0.006288, 0.000000, 0.000000, PMPI_Reduce
State, "rank-77", MPI_STATE, 0.006288, 0.006288, 0.000000, 0.000000, PMPI_Reduce
State, "rank-77", MPI_STATE, 0.006288, 0.006308, 0.000020, 0.000000, PMPI_Barrier
State, "rank-77", MPI_STATE, 0.006308, 0.006308, 0.000000, 0.000000, PMPI_Finalize
Container, 0, MPI, 0, 0.006308, 0.006308, "rank-76"
State, "rank-76", MPI_STATE, 0.000000, 0.000000, 0.000000, 0.000000, PMPI_Init
State, "rank-76", MPI_STATE, 0.000000, 0.000004, 0.000004, 0.000000, PMPI_Barrier
State, "rank-76", MPI_STATE, 0.000004, 0.005394, 0.005390, 0.000000, PMPI_Recv
State, "rank-76", MPI_STATE, 0.005394, 0.006288, 0.000894, 0.000000, PMPI_Send
State, "rank-76", MPI_STATE, 0.006288, 0.006288, 0.000000, 0.000000, PMPI_Reduce
State, "rank-76", MPI_STATE, 0.006288, 0.006288, 0.000000, 0.000000, PMPI_Reduce
State, "rank-76", MPI_STATE, 0.006288, 0.006308, 0.000020, 0.000000, PMPI_Barrier
State, "rank-76", MPI_STATE, 0.006308, 0.006308, 0.000000, 0.000000, PMPI_Finalize
Container, 0, MPI, 0, 0.006308, 0.006308, "rank-75"
State, "rank-75", MPI_STATE, 0.000000, 0.000000, 0.000000, 0.000000, PMPI_Init
State, "rank-75", MPI_STATE, 0.000000, 0.000004, 0.000004, 0.000000, PMPI_Barrier
State, "rank-75", MPI_STATE, 0.000004, 0.002706, 0.002702, 0.000000, PMPI_Recv
State, "rank-75", MPI_STATE, 0.002706, 0.003604, 0.000898, 0.000000, PMPI_Send
State, "rank-75", MPI_STATE, 0.003604, 0.004499, 0.000895, 0.000000, PMPI_Send
State, "rank-75", MPI_STATE, 0.004499, 0.005394, 0.000895, 0.000000, PMPI_Send
State, "rank-75", MPI_STATE, 0.005394, 0.006288, 0.000894, 0.000000, PMPI_Send
State, "rank-75", MPI_STATE, 0.006288, 0.006288, 0.000000, 0.000000, PMPI_Reduce
State, "rank-75", MPI_STATE, 0.006288, 0.006288, 0.000000, 0.000000, PMPI_Reduce
State, "rank-75", MPI_STATE, 0.006288, 0.006308, 0.000020, 0.000000, PMPI_Barrier
State, "rank-75", MPI_STATE, 0.006308, 0.006308, 0.000000, 0.000000, PMPI_Finalize
Container, 0, MPI, 0, 0.006308, 0.006308, "rank-74"
State, "rank-74", MPI_STATE, 0.000000, 0.000000, 0.000000, 0.000000, PMPI_Init
State, "rank-74", MPI_STATE, 0.000000, 0.000004, 0.000004, 0.000000, PMPI_Barrier
State, "rank-74", MPI_STATE, 0.000004, 0.006288, 0.006284, 0.000000, PMPI_Recv
State, "rank-74", MPI_STATE, 0.006288, 0.006288, 0.000000, 0.000000, PMPI_Reduce
State, "rank-74", MPI_STATE, 0.006288, 0.006288, 0.000000, 0.000000, PMPI_Reduce
State, "rank-74", MPI_STATE, 0.006288, 0.006308, 0.000020, 0.000000, PMPI_Barrier
State, "rank-74", MPI_STATE, 0.006308, 0.006308, 0.000000, 0.000000, PMPI_Finalize
Container, 0, MPI, 0, 0.006308, 0.006308, "rank-73"
State, "rank-73", MPI_STATE, 0.000000, 0.000000, 0.000000, 0.000000, PMPI_Init
State, "rank-73", MPI_STATE, 0.000000, 0.000004, 0.000004, 0.000000, PMPI_Barrier
State, "rank-73", MPI_STATE, 0.000004, 0.006291, 0.006287, 0.000000, PMPI_Recv
State, "rank-73", MPI_STATE, 0.006291, 0.006291, 0.000000, 0.000000, PMPI_Reduce
State, "rank-73", MPI_STATE, 0.006291, 0.006291, 0.000000, 0.000000, PMPI_Reduce
State, "rank-73", MPI_STATE, 0.006291, 0.006308, 0.000017, 0.000000, PMPI_Barrier
State, "rank-73", MPI_STATE, 0.006308, 0.006308, 0.000000, 0.000000, PMPI_Finalize
Container, 0, MPI, 0, 0.006308, 0.006308, "rank-72"
State, "rank-72", MPI_STATE, 0.000000, 0.000000, 0.000000, 0.000000, PMPI_Init
State, "rank-72", MPI_STATE, 0.000000, 0.000004, 0.000004, 0.000000, PMPI_Barrier
State, "rank-72", MPI_STATE, 0.000004, 0.004499, 0.004495, 0.000000, PMPI_Recv
State, "rank-72", MPI_STATE, 0.004499, 0.005396, 0.000897, 0.000000, PMPI_Send
State, "rank-72", MPI_STATE, 0.005396, 0.006291, 0.000895, 0.000000, PMPI_Send
State, "rank-72", MPI_STATE, 0.006291, 0.006291, 0.000000, 0.000000, PMPI_Reduce
State, "rank-72", MPI_STATE, 0.006291, 0.006291, 0.000000, 0.000000, PMPI_Reduce
State, "rank-72", MPI_STATE, 0.006291, 0.006308, 0.000017, 0.000000, PMPI_Barrier
State, "rank-72", MPI_STATE, 0.006308, 0.006308, 0.000000, 0.000000, PMPI_Finalize
Container, 0, MPI, 0, 0.006308, 0.006308, "rank-71"
State, "rank-71", MPI_STATE, 0.000000, 0.000000, 0.000000, 0.000000, PMPI_Init
State, "rank-71", MPI_STATE, 0.000000, 0.000004, 0.000004, 0.000000, PMPI_Barrier
State, "rank-71", MPI_STATE, 0.000004, 0.005396, 0.005392, 0.000000, PMPI_Recv
State, "rank-71", MPI_STATE, 0.005396, 0.006291, 0.000895, 0.000000, PMPI_Send
State, "rank-71", MPI_STATE, 0.006291, 0.006291, 0.000000, 0.000000, PMPI_Reduce
State, "rank-71", MPI_STATE, 0.006291, 0.006291, 0.000000, 0.000000, PMPI_Reduce
State, "rank-71", MPI_STATE, 0.006291, 0.006308, 0.000017, 0.000000, PMPI_Barrier
State, "rank-71", MPI_STATE, 0.006308, 0.006308, 0.000000, 0.000000, PMPI_Finalize
Container, 0, MPI, 0, 0.006308, 0.006308, "rank-70"
State, "rank-70", MPI_STATE, 0.000000, 0.000000, 0.000000, 0.000000, PMPI_Init
State, "rank-70", MPI_STATE, 0.000000, 0.000004, 0.000004, 0.000000, PMPI_Barrier
State, "rank-70", MPI_STATE, 0.000004, 0.006291, 0.006287, 0.000000, PMPI_Recv
State, "rank-70", MPI_STATE, 0.006291, 0.006291, 0.000000, 0.000000, PMPI_Reduce
State, "rank-70", MPI_STATE, 0.006291, 0.006291, 0.000000, 0.000000, PMPI_Reduce
State, "rank-70", MPI_STATE, 0.006291, 0.006308, 0.000017, 0.000000, PMPI_Barrier
State, "rank-70", MPI_STATE, 0.006308, 0.006308, 0.000000, 0.000000, PMPI_Finalize
Container, 0, MPI, 0, 0.006308, 0.006308, "rank-69"
State, "rank-69", MPI_STATE, 0.000000, 0.000000, 0.000000, 0.000000, PMPI_Init
State, "rank-69", MPI_STATE, 0.000000, 0.000004, 0.000004, 0.000000, PMPI_Barrier
State, "rank-69", MPI_STATE, 0.000004, 0.006293, 0.006289, 0.000000, PMPI_Recv
State, "rank-69", MPI_STATE, 0.006293, 0.006293, 0.000000, 0.000000, PMPI_Reduce
State, "rank-69", MPI_STATE, 0.006293, 0.006293, 0.000000, 0.000000, PMPI_Reduce
State, "rank-69", MPI_STATE, 0.006293, 0.006308, 0.000015, 0.000000, PMPI_Barrier
State, "rank-69", MPI_STATE, 0.006308, 0.006308, 0.000000, 0.000000, PMPI_Finalize
Container, 0, MPI, 0, 0.006307, 0.006307, "rank-6"
State, "rank-6", MPI_STATE, 0.000000, 0.000000, 0.000000, 0.000000, PMPI_Init
State, "rank-6", MPI_STATE, 0.000000, 0.000003, 0.000003, 0.000000, PMPI_Barrier
State, "rank-6", MPI_STATE, 0.000003, 0.006291, 0.006288, 0.000000, PMPI_Recv
State, "rank-6", MPI_STATE, 0.006291, 0.006291, 0.000000, 0.000000, PMPI_Reduce
State, "rank-6", MPI_STATE, 0.006291, 0.006291, 0.000000, 0.000000, PMPI_Reduce
State, "rank-6", MPI_STATE, 0.006291, 0.006307, 0.000016, 0.000000, PMPI_Barrier
State, "rank-6", MPI_STATE, 0.006307, 0.006307, 0.000000, 0.000000, PMPI_Finalize
Container, 0, MPI, 0, 0.006308, 0.006308, "rank-68"
State, "rank-68", MPI_STATE, 0.000000, 0.000000, 0.000000, 0.000000, PMPI_Init
State, "rank-68", MPI_STATE, 0.000000, 0.000004, 0.000004, 0.000000, PMPI_Barrier
State, "rank-68", MPI_STATE, 0.000004, 0.005399, 0.005395, 0.000000, PMPI_Recv
State, "rank-68", MPI_STATE, 0.005399, 0.006293, 0.000894, 0.000000, PMPI_Send
State, "rank-68", MPI_STATE, 0.006293, 0.006293, 0.000000, 0.000000, PMPI_Reduce
State, "rank-68", MPI_STATE, 0.006293, 0.006293, 0.000000, 0.000000, PMPI_Reduce
State, "rank-68", MPI_STATE, 0.006293, 0.006308, 0.000015, 0.000000, PMPI_Barrier
State, "rank-68", MPI_STATE, 0.006308, 0.006308, 0.000000, 0.000000, PMPI_Finalize
Container, 0, MPI, 0, 0.006308, 0.006308, "rank-67"
State, "rank-67", MPI_STATE, 0.000000, 0.000000, 0.000000, 0.000000, PMPI_Init
State, "rank-67", MPI_STATE, 0.000000, 0.000004, 0.000004, 0.000000, PMPI_Barrier
State, "rank-67", MPI_STATE, 0.000004, 0.004504, 0.004500, 0.000000, PMPI_Recv
State, "rank-67", MPI_STATE, 0.004504, 0.005399, 0.000895, 0.000000, PMPI_Send
State, "rank-67", MPI_STATE, 0.005399, 0.006293, 0.000894, 0.000000, PMPI_Send
State, "rank-67", MPI_STATE, 0.006293, 0.006293, 0.000000, 0.000000, PMPI_Reduce
State, "rank-67", MPI_STATE, 0.006293, 0.006293, 0.000000, 0.000000, PMPI_Reduce
State, "rank-67", MPI_STATE, 0.006293, 0.006308, 0.000015, 0.000000, PMPI_Barrier
State, "rank-67", MPI_STATE, 0.006308, 0.006308, 0.000000, 0.000000, PMPI_Finalize
Container, 0, MPI, 0, 0.006308, 0.006308, "rank-66"
State, "rank-66", MPI_STATE, 0.000000, 0.000000, 0.000000, 0.000000, PMPI_Init
State, "rank-66", MPI_STATE, 0.000000, 0.000004, 0.000004, 0.000000, PMPI_Barrier
State, "rank-66", MPI_STATE, 0.000004, 0.006293, 0.006289, 0.000000, PMPI_Recv
State, "rank-66", MPI_STATE, 0.006293, 0.006293, 0.000000, 0.000000, PMPI_Reduce
State, "rank-66", MPI_STATE, 0.006293, 0.006293, 0.000000, 0.000000, PMPI_Reduce
State, "rank-66", MPI_STATE, 0.006293, 0.006308, 0.000015, 0.000000, PMPI_Barrier
State, "rank-66", MPI_STATE, 0.006308, 0.006308, 0.000000, 0.000000, PMPI_Finalize
Container, 0, MPI, 0, 0.006307, 0.006307, "rank-65"
State, "rank-65", MPI_STATE, 0.000000, 0.000000, 0.000000, 0.000000, PMPI_Init
State, "rank-65", MPI_STATE, 0.000000, 0.000003, 0.000003, 0.000000, PMPI_Barrier
State, "rank-65", MPI_STATE, 0.000003, 0.006300, 0.006297, 0.000000, PMPI_Recv
State, "rank-65", MPI_STATE, 0.006300, 0.006300, 0.000000, 0.000000, PMPI_Reduce
State, "rank-65", MPI_STATE, 0.006300, 0.006300, 0.000000, 0.000000, PMPI_Reduce
State, "rank-65", MPI_STATE, 0.006300, 0.006307, 0.000007, 0.000000, PMPI_Barrier
State, "rank-65", MPI_STATE, 0.006307, 0.006307, 0.000000, 0.000000, PMPI_Finalize
Container, 0, MPI, 0, 0.006307, 0.006307, "rank-64"
State, "rank-64", MPI_STATE, 0.000000, 0.000000, 0.000000, 0.000000, PMPI_Init
State, "rank-64", MPI_STATE, 0.000000, 0.000003, 0.000003, 0.000000, PMPI_Barrier
State, "rank-64", MPI_STATE, 0.000003, 0.001809, 0.001806, 0.000000, PMPI_Recv
State, "rank-64", MPI_STATE, 0.001809, 0.002706, 0.000897, 0.000000, PMPI_Send
State, "rank-64", MPI_STATE, 0.002706, 0.003608, 0.000902, 0.000000, PMPI_Send
State, "rank-64", MPI_STATE, 0.003608, 0.004504, 0.000896, 0.000000, PMPI_Send
State, "rank-64", MPI_STATE, 0.004504, 0.005406, 0.000902, 0.000000, PMPI_Send
State, "rank-64", MPI_STATE, 0.005406, 0.006300, 0.000894, 0.000000, PMPI_Send
State, "rank-64", MPI_STATE, 0.006300, 0.006300, 0.000000, 0.000000, PMPI_Reduce
State, "rank-64", MPI_STATE, 0.006300, 0.006300, 0.000000, 0.000000, PMPI_Reduce
State, "rank-64", MPI_STATE, 0.006300, 0.006307, 0.000007, 0.000000, PMPI_Barrier
State, "rank-64", MPI_STATE, 0.006307, 0.006307, 0.000000, 0.000000, PMPI_Finalize
Container, 0, MPI, 0, 0.006308, 0.006308, "rank-63"
State, "rank-63", MPI_STATE, 0.000000, 0.000000, 0.000000, 0.000000, PMPI_Init
State, "rank-63", MPI_STATE, 0.000000, 0.000004, 0.000004, 0.000000, PMPI_Barrier
State, "rank-63", MPI_STATE, 0.000004, 0.005406, 0.005402, 0.000000, PMPI_Recv
State, "rank-63", MPI_STATE, 0.005406, 0.006300, 0.000894, 0.000000, PMPI_Send
State, "rank-63", MPI_STATE, 0.006300, 0.006300, 0.000000, 0.000000, PMPI_Reduce
State, "rank-63", MPI_STATE, 0.006300, 0.006300, 0.000000, 0.000000, PMPI_Reduce
State, "rank-63", MPI_STATE, 0.006300, 0.006308, 0.000008, 0.000000, PMPI_Barrier
State, "rank-63", MPI_STATE, 0.006308, 0.006308, 0.000000, 0.000000, PMPI_Finalize
Container, 0, MPI, 0, 0.006308, 0.006308, "rank-62"
State, "rank-62", MPI_STATE, 0.000000, 0.000000, 0.000000, 0.000000, PMPI_Init
State, "rank-62", MPI_STATE, 0.000000, 0.000004, 0.000004, 0.000000, PMPI_Barrier
State, "rank-62", MPI_STATE, 0.000004, 0.006300, 0.006296, 0.000000, PMPI_Recv
State, "rank-62", MPI_STATE, 0.006300, 0.006300, 0.000000, 0.000000, PMPI_Reduce
State, "rank-62", MPI_STATE, 0.006300, 0.006300, 0.000000, 0.000000, PMPI_Reduce
State, "rank-62", MPI_STATE, 0.006300, 0.006308, 0.000008, 0.000000, PMPI_Barrier
State, "rank-62", MPI_STATE, 0.006308, 0.006308, 0.000000, 0.000000, PMPI_Finalize
Container, 0, MPI, 0, 0.006308, 0.006308, "rank-61"
State, "rank-61", MPI_STATE, 0.000000, 0.000000, 0.000000, 0.000000, PMPI_Init
State, "rank-61", MPI_STATE, 0.000000, 0.000004, 0.000004, 0.000000, PMPI_Barrier
State, "rank-61", MPI_STATE, 0.000004, 0.006293, 0.006289, 0.000000, PMPI_Recv
State, "rank-61", MPI_STATE, 0.006293, 0.006293, 0.000000, 0.000000, PMPI_Reduce
State, "rank-61", MPI_STATE, 0.006293, 0.006293, 0.000000, 0.000000, PMPI_Reduce
State, "rank-61", MPI_STATE, 0.006293, 0.006308, 0.000015, 0.000000, PMPI_Barrier
State, "rank-61", MPI_STATE, 0.006308, 0.006308, 0.000000, 0.000000, PMPI_Finalize
Container, 0, MPI, 0, 0.006308, 0.006308, "rank-60"
State, "rank-60", MPI_STATE, 0.000000, 0.000000, 0.000000, 0.000000, PMPI_Init
State, "rank-60", MPI_STATE, 0.000000, 0.000004, 0.000004, 0.000000, PMPI_Barrier
State, "rank-60", MPI_STATE, 0.000004, 0.005399, 0.005395, 0.000000, PMPI_Recv
State, "rank-60", MPI_STATE, 0.005399, 0.006293, 0.000894, 0.000000, PMPI_Send
State, "rank-60", MPI_STATE, 0.006293, 0.006293, 0.000000, 0.000000, PMPI_Reduce
State, "rank-60", MPI_STATE, 0.006293, 0.006293, 0.000000, 0.000000, PMPI_Reduce
State, "rank-60", MPI_STATE, 0.006293, 0.006308, 0.000015, 0.000000, PMPI_Barrier
State, "rank-60", MPI_STATE, 0.006308, 0.006308, 0.000000, 0.000000, PMPI_Finalize
Container, 0, MPI, 0, 0.006308, 0.006308, "rank-59"
State, "rank-59", MPI_STATE, 0.000000, 0.000000, 0.000000, 0.000000, PMPI_Init
State, "rank-59", MPI_STATE, 0.000000, 0.000004, 0.000004, 0.000000, PMPI_Barrier
State, "rank-59", MPI_STATE, 0.000004, 0.003608, 0.003604, 0.000000, PMPI_Recv
State, "rank-59", MPI_STATE, 0.003608, 0.004504, 0.000896, 0.000000, PMPI_Send
State, "rank-59", MPI_STATE, 0.004504, 0.005399, 0.000895, 0.000000, PMPI_Send
State, "rank-59", MPI_STATE, 0.005399, 0.006293, 0.000894, 0.000000, PMPI_Send
State, "rank-59", MPI_STATE, 0.006293, 0.006293, 0.000000, 0.000000, PMPI_Reduce
State, "rank-59", MPI_STATE, 0.006293, 0.006293, 0.000000, 0.000000, PMPI_Reduce
State, "rank-59", MPI_STATE, 0.006293, 0.006308, 0.000015, 0.000000, PMPI_Barrier
State, "rank-59", MPI_STATE, 0.006308, 0.006308, 0.000000, 0.000000, PMPI_Finalize
Container, 0, MPI, 0, 0.006307, 0.006307, "rank-5"
State, "rank-5", MPI_STATE, 0.000000, 0.000000, 0.000000, 0.000000, PMPI_Init
State, "rank-5", MPI_STATE, 0.000000, 0.000003, 0.000003, 0.000000, PMPI_Barrier
State, "rank-5", MPI_STATE, 0.000003, 0.006293, 0.006290, 0.000000, PMPI_Recv
State, "rank-5", MPI_STATE, 0.006293, 0.006293, 0.000000, 0.000000, PMPI_Reduce
State, "rank-5", MPI_STATE, 0.006293, 0.006293, 0.000000, 0.000000, PMPI_Reduce
State, "rank-5", MPI_STATE, 0.006293, 0.006307, 0.000014, 0.000000, PMPI_Barrier
State, "rank-5", MPI_STATE, 0.006307, 0.006307, 0.000000, 0.000000, PMPI_Finalize
Container, 0, MPI, 0, 0.006308, 0.006308, "rank-58"
State, "rank-58", MPI_STATE, 0.000000, 0.000000, 0.000000, 0.000000, PMPI_Init
State, "rank-58", MPI_STATE, 0.000000, 0.000004, 0.000004, 0.000000, PMPI_Barrier
State, "rank-58", MPI_STATE, 0.000004, 0.006293, 0.006289, 0.000000, PMPI_Recv
State, "rank-58", MPI_STATE, 0.006293, 0.006293, 0.000000, 0.000000, PMPI_Reduce
State, "rank-58", MPI_STATE, 0.006293, 0.006293, 0.000000, 0.000000, PMPI_Reduce
State, "rank-58", MPI_STATE, 0.006293, 0.006308, 0.000015, 0.000000, PMPI_Barrier
State, "rank-58", MPI_STATE, 0.006308, 0.006308, 0.000000, 0.000000, PMPI_Finalize
Container, 0, MPI, 0, 0.006308, 0.006308, "rank-57"
State, "rank-57", MPI_STATE, 0.000000, 0.000000, 0.000000, 0.000000, PMPI_Init
State, "rank-57", MPI_STATE, 0.000000, 0.000004, 0.000004, 0.000000, PMPI_Barrier
State, "rank-57", MPI_STATE, 0.000004, 0.006295, 0.006291, 0.000000, PMPI_Recv
State, "rank-57", MPI_STATE, 0.006295, 0.006295, 0.000000, 0.000000, PMPI_Reduce
State, "rank-57", MPI_STATE, 0.006295, 0.006295, 0.000000, 0.000000, PMPI_Reduce
State, "rank-57", MPI_STATE, 0.006295, 0.006308, 0.000013, 0.000000, PMPI_Barrier
State, "rank-57", MPI_STATE, 0.006308, 0.006308, 0.000000, 0.000000, PMPI_Finalize
Container, 0, MPI, 0, 0.006308, 0.006308, "rank-56"
State, "rank-56", MPI_STATE, 0.000000, 0.000000, 0.000000, 0.000000, PMPI_Init
State, "rank-56", MPI_STATE, 0.000000, 0.000004, 0.000004, 0.000000, PMPI_Barrier
State, "rank-56", MPI_STATE, 0.000004, 0.004504, 0.004500, 0.000000, PMPI_Recv
State, "rank-56", MPI_STATE, 0.004504, 0.005401, 0.000897, 0.000000, PMPI_Send
State, "rank-56", MPI_STATE, 0.005401, 0.006295, 0.000894, 0.000000, PMPI_Send
State, "rank-56", MPI_STATE, 0.006295, 0.006295, 0.000000, 0.000000, PMPI_Reduce
State, "rank-56", MPI_STATE, 0.006295, 0.006295, 0.000000, 0.000000, PMPI_Reduce
State, "rank-56", MPI_STATE, 0.006295, 0.006308, 0.000013, 0.000000, PMPI_Barrier
State, "rank-56", MPI_STATE, 0.006308, 0.006308, 0.000000, 0.000000, PMPI_Finalize
Container, 0, MPI, 0, 0.006308, 0.006308, "rank-55"
State, "rank-55", MPI_STATE, 0.000000, 0.000000, 0.000000, 0.000000, PMPI_Init
State, "rank-55", MPI_STATE, 0.000000, 0.000004, 0.000004, 0.000000, PMPI_Barrier
State, "rank-55", MPI_STATE, 0.000004, 0.005401, 0.005397, 0.000000, PMPI_Recv
State, "rank-55", MPI_STATE, 0.005401, 0.006295, 0.000894, 0.000000, PMPI_Send
State, "rank-55", MPI_STATE, 0.006295, 0.006295, 0.000000, 0.000000, PMPI_Reduce
State, "rank-55", MPI_STATE, 0.006295, 0.006295, 0.000000, 0.000000, PMPI_Reduce
State, "rank-55", MPI_STATE, 0.006295, 0.006308, 0.000013, 0.000000, PMPI_Barrier
State, "rank-55", MPI_STATE, 0.006308, 0.006308, 0.000000, 0.000000, PMPI_Finalize
Container, 0, MPI, 0, 0.006308, 0.006308, "rank-54"
State, "rank-54", MPI_STATE, 0.000000, 0.000000, 0.000000, 0.000000, PMPI_Init
State, "rank-54", MPI_STATE, 0.000000, 0.000004, 0.000004, 0.000000, PMPI_Barrier
State, "rank-54", MPI_STATE, 0.000004, 0.006295, 0.006291, 0.000000, PMPI_Recv
State, "rank-54", MPI_STATE, 0.006295, 0.006295, 0.000000, 0.000000, PMPI_Reduce
State, "rank-54", MPI_STATE, 0.006295, 0.006295, 0.000000, 0.000000, PMPI_Reduce
State, "rank-54", MPI_STATE, 0.006295, 0.006308, 0.000013, 0.000000, PMPI_Barrier
State, "rank-54", MPI_STATE, 0.006308, 0.006308, 0.000000, 0.000000, PMPI_Finalize
Container, 0, MPI, 0, 0.006308, 0.006308, "rank-53"
State, "rank-53", MPI_STATE, 0.000000, 0.000000, 0.000000, 0.000000, PMPI_Init
State, "rank-53", MPI_STATE, 0.000000, 0.000004, 0.000004, 0.000000, PMPI_Barrier
State, "rank-53", MPI_STATE, 0.000004, 0.006288, 0.006284, 0.000000, PMPI_Recv
State, "rank-53", MPI_STATE, 0.006288, 0.006288, 0.000000, 0.000000, PMPI_Reduce
State, "rank-53", MPI_STATE, 0.006288, 0.006288, 0.000000, 0.000000, PMPI_Reduce
State, "rank-53", MPI_STATE, 0.006288, 0.006308, 0.000020, 0.000000, PMPI_Barrier
State, "rank-53", MPI_STATE, 0.006308, 0.006308, 0.000000, 0.000000, PMPI_Finalize
Container, 0, MPI, 0, 0.006308, 0.006308, "rank-52"
State, "rank-52", MPI_STATE, 0.000000, 0.000000, 0.000000, 0.000000, PMPI_Init
State, "rank-52", MPI_STATE, 0.000000, 0.000004, 0.000004, 0.000000, PMPI_Barrier
State, "rank-52", MPI_STATE, 0.000004, 0.005394, 0.005390, 0.000000, PMPI_Recv
State, "rank-52", MPI_STATE, 0.005394, 0.006288, 0.000894, 0.000000, PMPI_Send
State, "rank-52", MPI_STATE, 0.006288, 0.006288, 0.000000, 0.000000, PMPI_Reduce
State, "rank-52", MPI_STATE, 0.006288, 0.006288, 0.000000, 0.000000, PMPI_Reduce
State, "rank-52", MPI_STATE, 0.006288, 0.006308, 0.000020, 0.000000, PMPI_Barrier
State, "rank-52", MPI_STATE, 0.006308, 0.006308, 0.000000, 0.000000, PMPI_Finalize
Container, 0, MPI, 0, 0.006308, 0.006308, "rank-51"
State, "rank-51", MPI_STATE, 0.000000, 0.000000, 0.000000, 0.000000, PMPI_Init
State, "rank-51", MPI_STATE, 0.000000, 0.000004, 0.000004, 0.000000, PMPI_Barrier
State, "rank-51", MPI_STATE, 0.000004, 0.004499, 0.004495, 0.000000, PMPI_Recv
State, "rank-51", MPI_STATE, 0.004499, 0.005394, 0.000895, 0.000000, PMPI_Send
State, "rank-51", MPI_STATE, 0.005394, 0.006288, 0.000894, 0.000000, PMPI_Send
State, "rank-51", MPI_STATE, 0.006288, 0.006288, 0.000000, 0.000000, PMPI_Reduce
State, "rank-51", MPI_STATE, 0.006288, 0.006288, 0.000000, 0.000000, PMPI_Reduce
State, "rank-51", MPI_STATE, 0.006288, 0.006308, 0.000020, 0.000000, PMPI_Barrier
State, "rank-51", MPI_STATE, 0.006308, 0.006308, 0.000000, 0.000000, PMPI_Finalize
Container, 0, MPI, 0, 0.006308, 0.006308, "rank-50"
State, "rank-50", MPI_STATE, 0.000000, 0.000000, 0.000000, 0.000000, PMPI_Init
State, "rank-50", MPI_STATE, 0.000000, 0.000004, 0.000004, 0.000000, PMPI_Barrier
State, "rank-50", MPI_STATE, 0.000004, 0.006288, 0.006284, 0.000000, PMPI_Recv
State, "rank-50", MPI_STATE, 0.006288, 0.006288, 0.000000, 0.000000, PMPI_Reduce
State, "rank-50", MPI_STATE, 0.006288, 0.006288, 0.000000, 0.000000, PMPI_Reduce
State, "rank-50", MPI_STATE, 0.006288, 0.006308, 0.000020, 0.000000, PMPI_Barrier
State, "rank-50", MPI_STATE, 0.006308, 0.006308, 0.000000, 0.000000, PMPI_Finalize
Container, 0, MPI, 0, 0.006308, 0.006308, "rank-49"
State, "rank-49", MPI_STATE, 0.000000, 0.000000, 0.000000, 0.000000, PMPI_Init
State, "rank-49", MPI_STATE, 0.000000, 0.000004, 0.000004, 0.000000, PMPI_Barrier
State, "rank-49", MPI_STATE, 0.000004, 0.006291, 0.006287, 0.000000, PMPI_Recv
State, "rank-49", MPI_STATE, 0.006291, 0.006291, 0.000000, 0.000000, PMPI_Reduce
State, "rank-49", MPI_STATE, 0.006291, 0.006291, 0.000000, 0.000000, PMPI_Reduce
State, "rank-49", MPI_STATE, 0.006291, 0.006308, 0.000017, 0.000000, PMPI_Barrier
State, "rank-49", MPI_STATE, 0.006308, 0.006308, 0.000000, 0.000000, PMPI_Finalize
Container, 0, MPI, 0, 0.006307, 0.006307, "rank-4"
State, "rank-4", MPI_STATE, 0.000000, 0.000000, 0.000000, 0.000000, PMPI_Init
State, "rank-4", MPI_STATE, 0.000000, 0.000003, 0.000003, 0.000000, PMPI_Barrier
State, "rank-4", MPI_STATE, 0.000003, 0.005399, 0.005396, 0.000000, PMPI_Recv
State, "rank-4", MPI_STATE, 0.005399, 0.006293, 0.000894, 0.000000, PMPI_Send
State, "rank-4", MPI_STATE, 0.006293, 0.006293, 0.000000, 0.000000, PMPI_Reduce
State, "rank-4", MPI_STATE, 0.006293, 0.006293, 0.000000, 0.000000, PMPI_Reduce
State, "rank-4", MPI_STATE, 0.006293, 0.006307, 0.000014, 0.000000, PMPI_Barrier
State, "rank-4", MPI_STATE, 0.006307, 0.006307, 0.000000, 0.000000, PMPI_Finalize
Container, 0, MPI, 0, 0.006308, 0.006308, "rank-48"
State, "rank-48", MPI_STATE, 0.000000, 0.000000, 0.000000, 0.000000, PMPI_Init
State, "rank-48", MPI_STATE, 0.000000, 0.000004, 0.000004, 0.000000, PMPI_Barrier
State, "rank-48", MPI_STATE, 0.000004, 0.003604, 0.003600, 0.000000, PMPI_Recv
State, "rank-48", MPI_STATE, 0.003604, 0.004499, 0.000895, 0.000000, PMPI_Send
State, "rank-48", MPI_STATE, 0.004499, 0.005396, 0.000897, 0.000000, PMPI_Send
State, "rank-48", MPI_STATE, 0.005396, 0.006291, 0.000895, 0.000000, PMPI_Send
State, "rank-48", MPI_STATE, 0.006291, 0.006291, 0.000000, 0.000000, PMPI_Reduce
State, "rank-48", MPI_STATE, 0.006291, 0.006291, 0.000000, 0.000000, PMPI_Reduce
State, "rank-48", MPI_STATE, 0.006291, 0.006308, 0.000017, 0.000000, PMPI_Barrier
State, "rank-48", MPI_STATE, 0.006308, 0.006308, 0.000000, 0.000000, PMPI_Finalize
Container, 0, MPI, 0, 0.006308, 0.006308, "rank-47"
State, "rank-47", MPI_STATE, 0.000000, 0.000000, 0.000000, 0.000000, PMPI_Init
State, "rank-47", MPI_STATE, 0.000000, 0.000004, 0.000004, 0.000000, PMPI_Barrier
State, "rank-47", MPI_STATE, 0.000004, 0.005396, 0.005392, 0.000000, PMPI_Recv
State, "rank-47", MPI_STATE, 0.005396, 0.006291, 0.000895, 0.000000, PMPI_Send
State, "rank-47", MPI_STATE, 0.006291, 0.006291, 0.000000, 0.000000, PMPI_Reduce
State, "rank-47", MPI_STATE, 0.006291, 0.006291, 0.000000, 0.000000, PMPI_Reduce
State, "rank-47", MPI_STATE, 0.006291, 0.006308, 0.000017, 0.000000, PMPI_Barrier
State, "rank-47", MPI_STATE, 0.006308, 0.006308, 0.000000, 0.000000, PMPI_Finalize
Container, 0, MPI, 0, 0.006308, 0.006308, "rank-46"
State, "rank-46", MPI_STATE, 0.000000, 0.000000, 0.000000, 0.000000, PMPI_Init
State, "rank-46", MPI_STATE, 0.000000, 0.000004, 0.000004, 0.000000, PMPI_Barrier
State, "rank-46", MPI_STATE, 0.000004, 0.006291, 0.006287, 0.000000, PMPI_Recv
State, "rank-46", MPI_STATE, 0.006291, 0.006291, 0.000000, 0.000000, PMPI_Reduce
State, "rank-46", MPI_STATE, 0.006291, 0.006291, 0.000000, 0.000000, PMPI_Reduce
State, "rank-46", MPI_STATE, 0.006291, 0.006308, 0.000017, 0.000000, PMPI_Barrier
State, "rank-46", MPI_STATE, 0.006308, 0.006308, 0.000000, 0.000000, PMPI_Finalize
Container, 0, MPI, 0, 0.006308, 0.006308, "rank-45"
State, "rank-45", MPI_STATE, 0.000000, 0.000000, 0.000000, 0.000000, PMPI_Init
State, "rank-45", MPI_STATE, 0.000000, 0.000004, 0.000004, 0.000000, PMPI_Barrier
State, "rank-45", MPI_STATE, 0.000004, 0.006288, 0.006284, 0.000000, PMPI_Recv
State, "rank-45", MPI_STATE, 0.006288, 0.006288, 0.000000, 0.000000, PMPI_Reduce
State, "rank-45", MPI_STATE, 0.006288, 0.006288, 0.000000, 0.000000, PMPI_Reduce
State, "rank-45", MPI_STATE, 0.006288, 0.006308, 0.000020, 0.000000, PMPI_Barrier
State, "rank-45", MPI_STATE, 0.006308, 0.006308, 0.000000, 0.000000, PMPI_Finalize
Container, 0, MPI, 0, 0.006308, 0.006308, "rank-44"
State, "rank-44", MPI_STATE, 0.000000, 0.000000, 0.000000, 0.000000, PMPI_Init
State, "rank-44", MPI_STATE, 0.000000, 0.000004, 0.000004, 0.000000, PMPI_Barrier
State, "rank-44", MPI_STATE, 0.000004, 0.005394, 0.005390, 0.000000, PMPI_Recv
State, "rank-44", MPI_STATE, 0.005394, 0.006288, 0.000894, 0.000000, PMPI_Send
State, "rank-44", MPI_STATE, 0.006288, 0.006288, 0.000000, 0.000000, PMPI_Reduce
State, "rank-44", MPI_STATE, 0.006288, 0.006288, 0.000000, 0.000000, PMPI_Reduce
State, "rank-44", MPI_STATE, 0.006288, 0.006308, 0.000020, 0.000000, PMPI_Barrier
State, "rank-44", MPI_STATE, 0.006308, 0.006308, 0.000000, 0.000000, PMPI_Finalize
Container, 0, MPI, 0, 0.006308, 0.006308, "rank-43"
State, "rank-43", MPI_STATE, 0.000000, 0.000000, 0.000000, 0.000000, PMPI_Init
State, "rank-43", MPI_STATE, 0.000000, 0.000004, 0.000004, 0.000000, PMPI_Barrier
State, "rank-43", MPI_STATE, 0.000004, 0.000906, 0.000902, 0.000000, PMPI_Recv
State, "rank-43", MPI_STATE, 0.000906, 0.001809, 0.000903, 0.000000, PMPI_Send
State, "rank-43", MPI_STATE, 0.001809, 0.002706, 0.000897, 0.000000, PMPI_Send
State, "rank-43", MPI_STATE, 0.002706, 0.003604, 0.000898, 0.000000, PMPI_Send
State, "rank-43", MPI_STATE, 0.003604, 0.004499, 0.000895, 0.000000, PMPI_Send
State, "rank-43", MPI_STATE, 0.004499, 0.005394, 0.000895, 0.000000, PMPI_Send
State, "rank-43", MPI_STATE, 0.005394, 0.006288, 0.000894, 0.000000, PMPI_Send
State, "rank-43", MPI_STATE, 0.006288, 0.006288, 0.000000, 0.000000, PMPI_Reduce
State, "rank-43", MPI_STATE, 0.006288, 0.006288, 0.000000, 0.000000, PMPI_Reduce
State, "rank-43", MPI_STATE, 0.006288, 0.006308, 0.000020, 0.000000, PMPI_Barrier
State, "rank-43", MPI_STATE, 0.006308, 0.006308, 0.000000, 0.000000, PMPI_Finalize
Container, 0, MPI, 0, 0.006308, 0.006308, "rank-42"
State, "rank-42", MPI_STATE, 0.000000, 0.000000, 0.000000, 0.000000, PMPI_Init
State, "rank-42", MPI_STATE, 0.000000, 0.000004, 0.000004, 0.000000, PMPI_Barrier
State, "rank-42", MPI_STATE, 0.000004, 0.006288, 0.006284, 0.000000, PMPI_Recv
State, "rank-42", MPI_STATE, 0.006288, 0.006288, 0.000000, 0.000000, PMPI_Reduce
State, "rank-42", MPI_STATE, 0.006288, 0.006288, 0.000000, 0.000000, PMPI_Reduce
State, "rank-42", MPI_STATE, 0.006288, 0.006308, 0.000020, 0.000000, PMPI_Barrier
State, "rank-42", MPI_STATE, 0.006308, 0.006308, 0.000000, 0.000000, PMPI_Finalize
Container, 0, MPI, 0, 0.006308, 0.006308, "rank-41"
State, "rank-41", MPI_STATE, 0.000000, 0.000000, 0.000000, 0.000000, PMPI_Init
State, "rank-41", MPI_STATE, 0.000000, 0.000004, 0.000004, 0.000000, PMPI_Barrier
State, "rank-41", MPI_STATE, 0.000004, 0.006291, 0.006287, 0.000000, PMPI_Recv
State, "rank-41", MPI_STATE, 0.006291, 0.006291, 0.000000, 0.000000, PMPI_Reduce
State, "rank-41", MPI_STATE, 0.006291, 0.006291, 0.000000, 0.000000, PMPI_Reduce
State, "rank-41", MPI_STATE, 0.006291, 0.006308, 0.000017, 0.000000, PMPI_Barrier
State, "rank-41", MPI_STATE, 0.006308, 0.006308, 0.000000, 0.000000, PMPI_Finalize
Container, 0, MPI, 0, 0.006308, 0.006308, "rank-40"
State, "rank-40", MPI_STATE, 0.000000, 0.000000, 0.000000, 0.000000, PMPI_Init
State, "rank-40", MPI_STATE, 0.000000, 0.000004, 0.000004, 0.000000, PMPI_Barrier
State, "rank-40", MPI_STATE, 0.000004, 0.004499, 0.004495, 0.000000, PMPI_Recv
State, "rank-40", MPI_STATE, 0.004499, 0.005396, 0.000897, 0.000000, PMPI_Send
State, "rank-40", MPI_STATE, 0.005396, 0.006291, 0.000895, 0.000000, PMPI_Send
State, "rank-40", MPI_STATE, 0.006291, 0.006291, 0.000000, 0.000000, PMPI_Reduce
State, "rank-40", MPI_STATE, 0.006291, 0.006291, 0.000000, 0.000000, PMPI_Reduce
State, "rank-40", MPI_STATE, 0.006291, 0.006308, 0.000017, 0.000000, PMPI_Barrier
State, "rank-40", MPI_STATE, 0.006308, 0.006308, 0.000000, 0.000000, PMPI_Finalize
Container, 0, MPI, 0, 0.006308, 0.006308, "rank-39"
State, "rank-39", MPI_STATE, 0.000000, 0.000000, 0.000000, 0.000000, PMPI_Init
State, "rank-39", MPI_STATE, 0.000000, 0.000004, 0.000004, 0.000000, PMPI_Barrier
State, "rank-39", MPI_STATE, 0.000004, 0.005396, 0.005392, 0.000000, PMPI_Recv
State, "rank-39", MPI_STATE, 0.005396, 0.006291, 0.000895, 0.000000, PMPI_Send
State, "rank-39", MPI_STATE, 0.006291, 0.006291, 0.000000, 0.000000, PMPI_Reduce
State, "rank-39", MPI_STATE, 0.006291, 0.006291, 0.000000, 0.000000, PMPI_Reduce
State, "rank-39", MPI_STATE, 0.006291, 0.006308, 0.000017, 0.000000, PMPI_Barrier
State, "rank-39", MPI_STATE, 0.006308, 0.006308, 0.000000, 0.000000, PMPI_Finalize
Container, 0, MPI, 0, 0.006307, 0.006307, "rank-3"
State, "rank-3", MPI_STATE, 0.000000, 0.000000, 0.000000, 0.000000, PMPI_Init
State, "rank-3", MPI_STATE, 0.000000, 0.000003, 0.000003, 0.000000, PMPI_Barrier
State, "rank-3", MPI_STATE, 0.000003, 0.004504, 0.004501, 0.000000, PMPI_Recv
State, "rank-3", MPI_STATE, 0.004504, 0.005399, 0.000895, 0.000000, PMPI_Send
State, "rank-3", MPI_STATE, 0.005399, 0.006293, 0.000894, 0.000000, PMPI_Send
State, "rank-3", MPI_STATE, 0.006293, 0.006293, 0.000000, 0.000000, PMPI_Reduce
State, "rank-3", MPI_STATE, 0.006293, 0.006293, 0.000000, 0.000000, PMPI_Reduce
State, "rank-3", MPI_STATE, 0.006293, 0.006307, 0.000014, 0.000000, PMPI_Barrier
State, "rank-3", MPI_STATE, 0.006307, 0.006307, 0.000000, 0.000000, PMPI_Finalize
Container, 0, MPI, 0, 0.006308, 0.006308, "rank-38"
State, "rank-38", MPI_STATE, 0.000000, 0.000000, 0.000000, 0.000000, PMPI_Init
State, "rank-38", MPI_STATE, 0.000000, 0.000004, 0.000004, 0.000000, PMPI_Barrier
State, "rank-38", MPI_STATE, 0.000004, 0.006291, 0.006287, 0.000000, PMPI_Recv
State, "rank-38", MPI_STATE, 0.006291, 0.006291, 0.000000, 0.000000, PMPI_Reduce
State, "rank-38", MPI_STATE, 0.006291, 0.006291, 0.000000, 0.000000, PMPI_Reduce
State, "rank-38", MPI_STATE, 0.006291, 0.006308, 0.000017, 0.000000, PMPI_Barrier
State, "rank-38", MPI_STATE, 0.006308, 0.006308, 0.000000, 0.000000, PMPI_Finalize
Container, 0, MPI, 0, 0.006308, 0.006308, "rank-37"
State, "rank-37", MPI_STATE, 0.000000, 0.000000, 0.000000, 0.000000, PMPI_Init
State, "rank-37", MPI_STATE, 0.000000, 0.000004, 0.000004, 0.000000, PMPI_Barrier
State, "rank-37", MPI_STATE, 0.000004, 0.006293, 0.006289, 0.000000, PMPI_Recv
State, "rank-37", MPI_STATE, 0.006293, 0.006293, 0.000000, 0.000000, PMPI_Reduce
State, "rank-37", MPI_STATE, 0.006293, 0.006293, 0.000000, 0.000000, PMPI_Reduce
State, "rank-37", MPI_STATE, 0.006293, 0.006308, 0.000015, 0.000000, PMPI_Barrier
State, "rank-37", MPI_STATE, 0.006308, 0.006308, 0.000000, 0.000000, PMPI_Finalize
Container, 0, MPI, 0, 0.006308, 0.006308, "rank-36"
State, "rank-36", MPI_STATE, 0.000000, 0.000000, 0.000000, 0.000000, PMPI_Init
State, "rank-36", MPI_STATE, 0.000000, 0.000004, 0.000004, 0.000000, PMPI_Barrier
State, "rank-36", MPI_STATE, 0.000004, 0.005399, 0.005395, 0.000000, PMPI_Recv
State, "rank-36", MPI_STATE, 0.005399, 0.006293, 0.000894, 0.000000, PMPI_Send
State, "rank-36", MPI_STATE, 0.006293, 0.006293, 0.000000, 0.000000, PMPI_Reduce
State, "rank-36", MPI_STATE, 0.006293, 0.006293, 0.000000, 0.000000, PMPI_Reduce
State, "rank-36", MPI_STATE, 0.006293, 0.006308, 0.000015, 0.000000, PMPI_Barrier
State, "rank-36", MPI_STATE, 0.006308, 0.006308, 0.000000, 0.000000, PMPI_Finalize
Container, 0, MPI, 0, 0.006308, 0.006308, "rank-35"
State, "rank-35", MPI_STATE, 0.000000, 0.000000, 0.000000, 0.000000, PMPI_Init
State, "rank-35", MPI_STATE, 0.000000, 0.000004, 0.000004, 0.000000, PMPI_Barrier
State, "rank-35", MPI_STATE, 0.000004, 0.004504, 0.004500, 0.000000, PMPI_Recv
State, "rank-35", MPI_STATE, 0.004504, 0.005399, 0.000895, 0.000000, PMPI_Send
State, "rank-35", MPI_STATE, 0.005399, 0.006293, 0.000894, 0.000000, PMPI_Send
State, "rank-35", MPI_STATE, 0.006293, 0.006293, 0.000000, 0.000000, PMPI_Reduce
State, "rank-35", MPI_STATE, 0.006293, 0.006293, 0.000000, 0.000000, PMPI_Reduce
State, "rank-35", MPI_STATE, 0.006293, 0.006308, 0.000015, 0.000000, PMPI_Barrier
State, "rank-35", MPI_STATE, 0.006308, 0.006308, 0.000000, 0.000000, PMPI_Finalize
Container, 0, MPI, 0, 0.006308, 0.006308, "rank-34"
State, "rank-34", MPI_STATE, 0.000000, 0.000000, 0.000000, 0.000000, PMPI_Init
State, "rank-34", MPI_STATE, 0.000000, 0.000004, 0.000004, 0.000000, PMPI_Barrier
State, "rank-34", MPI_STATE, 0.000004, 0.006293, 0.006289, 0.000000, PMPI_Recv
State, "rank-34", MPI_STATE, 0.006293, 0.006293, 0.000000, 0.000000, PMPI_Reduce
State, "rank-34", MPI_STATE, 0.006293, 0.006293, 0.000000, 0.000000, PMPI_Reduce
State, "rank-34", MPI_STATE, 0.006293, 0.006308, 0.000015, 0.000000, PMPI_Barrier
State, "rank-34", MPI_STATE, 0.006308, 0.006308, 0.000000, 0.000000, PMPI_Finalize
Container, 0, MPI, 0, 0.006307, 0.006307, "rank-33"
State, "rank-33", MPI_STATE, 0.000000, 0.000000, 0.000000, 0.000000, PMPI_Init
State, "rank-33", MPI_STATE, 0.000000, 0.000003, 0.000003, 0.000000, PMPI_Barrier
State, "rank-33", MPI_STATE, 0.000003, 0.006300, 0.006297, 0.000000, PMPI_Recv
State, "rank-33", MPI_STATE, 0.006300, 0.006300, 0.000000, 0.000000, PMPI_Reduce
State, "rank-33", MPI_STATE, 0.006300, 0.006300, 0.000000, 0.000000, PMPI_Reduce
State, "rank-33", MPI_STATE, 0.006300, 0.006307, 0.000007, 0.000000, PMPI_Barrier
State, "rank-33", MPI_STATE, 0.006307, 0.006307, 0.000000, 0.000000, PMPI_Finalize
Container, 0, MPI, 0, 0.006307, 0.006307, "rank-32"
State, "rank-32", MPI_STATE, 0.000000, 0.000000, 0.000000, 0.000000, PMPI_Init
State, "rank-32", MPI_STATE, 0.000000, 0.000003, 0.000003, 0.000000, PMPI_Barrier
State, "rank-32", MPI_STATE, 0.000003, 0.002706, 0.002703, 0.000000, PMPI_Recv
State, "rank-32", MPI_STATE, 0.002706, 0.003608, 0.000902, 0.000000, PMPI_Send
State, "rank-32", MPI_STATE, 0.003608, 0.004504, 0.000896, 0.000000, PMPI_Send
State, "rank-32", MPI_STATE, 0.004504, 0.005406, 0.000902, 0.000000, PMPI_Send
State, "rank-32", MPI_STATE, 0.005406, 0.006300, 0.000894, 0.000000, PMPI_Send
State, "rank-32", MPI_STATE, 0.006300, 0.006300, 0.000000, 0.000000, PMPI_Reduce
State, "rank-32", MPI_STATE, 0.006300, 0.006300, 0.000000, 0.000000, PMPI_Reduce
State, "rank-32", MPI_STATE, 0.006300, 0.006307, 0.000007, 0.000000, PMPI_Barrier
State, "rank-32", MPI_STATE, 0.006307, 0.006307, 0.000000, 0.000000, PMPI_Finalize
Container, 0, MPI, 0, 0.006307, 0.006307, "rank-31"
State, "rank-31", MPI_STATE, 0.000000, 0.000000, 0.000000, 0.000000, PMPI_Init
State, "rank-31", MPI_STATE, 0.000000, 0.000003, 0.000003, 0.000000, PMPI_Barrier
State, "rank-31", MPI_STATE, 0.000003, 0.005406, 0.005403, 0.000000, PMPI_Recv
State, "rank-31", MPI_STATE, 0.005406, 0.006300, 0.000894, 0.000000, PMPI_Send
State, "rank-31", MPI_STATE, 0.006300, 0.006300, 0.000000, 0.000000, PMPI_Reduce
State, "rank-31", MPI_STATE, 0.006300, 0.006300, 0.000000, 0.000000, PMPI_Reduce
State, "rank-31", MPI_STATE, 0.006300, 0.006307, 0.000007, 0.000000, PMPI_Barrier
State, "rank-31", MPI_STATE, 0.006307, 0.006307, 0.000000, 0.000000, PMPI_Finalize
Container, 0, MPI, 0, 0.006307, 0.006307, "rank-30"
State, "rank-30", MPI_STATE, 0.000000, 0.000000, 0.000000, 0.000000, PMPI_Init
State, "rank-30", MPI_STATE, 0.000000, 0.000003, 0.000003, 0.000000, PMPI_Barrier
State, "rank-30", MPI_STATE, 0.000003, 0.006300, 0.006297, 0.000000, PMPI_Recv
State, "rank-30", MPI_STATE, 0.006300, 0.006300, 0.000000, 0.000000, PMPI_Reduce
State, "rank-30", MPI_STATE, 0.006300, 0.006300, 0.000000, 0.000000, PMPI_Reduce
State, "rank-30", MPI_STATE, 0.006300, 0.006307, 0.000007, 0.000000, PMPI_Barrier
State, "rank-30", MPI_STATE, 0.006307, 0.006307, 0.000000, 0.000000, PMPI_Finalize
Container, 0, MPI, 0, 0.006307, 0.006307, "rank-29"
State, "rank-29", MPI_STATE, 0.000000, 0.000000, 0.000000, 0.000000, PMPI_Init
State, "rank-29", MPI_STATE, 0.000000, 0.000003, 0.000003, 0.000000, PMPI_Barrier
State, "rank-29", MPI_STATE, 0.000003, 0.006293, 0.006290, 0.000000, PMPI_Recv
State, "rank-29", MPI_STATE, 0.006293, 0.006293, 0.000000, 0.000000, PMPI_Reduce
State, "rank-29", MPI_STATE, 0.006293, 0.006293, 0.000000, 0.000000, PMPI_Reduce
State, "rank-29", MPI_STATE, 0.006293, 0.006307, 0.000014, 0.000000, PMPI_Barrier
State, "rank-29", MPI_STATE, 0.006307, 0.006307, 0.000000, 0.000000, PMPI_Finalize
Container, 0, MPI, 0, 0.006307, 0.006307, "rank-2"
State, "rank-2", MPI_STATE, 0.000000, 0.000000, 0.000000, 0.000000, PMPI_Init
State, "rank-2", MPI_STATE, 0.000000, 0.000003, 0.000003, 0.000000, PMPI_Barrier
State, "rank-2", MPI_STATE, 0.000003, 0.006293, 0.006290, 0.000000, PMPI_Recv
State, "rank-2", MPI_STATE, 0.006293, 0.006293, 0.000000, 0.000000, PMPI_Reduce
State, "rank-2", MPI_STATE, 0.006293, 0.006293, 0.000000, 0.000000, PMPI_Reduce
State, "rank-2", MPI_STATE, 0.006293, 0.006307, 0.000014, 0.000000, PMPI_Barrier
State, "rank-2", MPI_STATE, 0.006307, 0.006307, 0.000000, 0.000000, PMPI_Finalize
Container, 0, MPI, 0, 0.006307, 0.006307, "rank-28"
State, "rank-28", MPI_STATE, 0.000000, 0.000000, 0.000000, 0.000000, PMPI_Init
State, "rank-28", MPI_STATE, 0.000000, 0.000003, 0.000003, 0.000000, PMPI_Barrier
State, "rank-28", MPI_STATE, 0.000003, 0.005399, 0.005396, 0.000000, PMPI_Recv
State, "rank-28", MPI_STATE, 0.005399, 0.006293, 0.000894, 0.000000, PMPI_Send
State, "rank-28", MPI_STATE, 0.006293, 0.006293, 0.000000, 0.000000, PMPI_Reduce
State, "rank-28", MPI_STATE, 0.006293, 0.006293, 0.000000, 0.000000, PMPI_Reduce
State, "rank-28", MPI_STATE, 0.006293, 0.006307, 0.000014, 0.000000, PMPI_Barrier
State, "rank-28", MPI_STATE, 0.006307, 0.006307, 0.000000, 0.000000, PMPI_Finalize
Container, 0, MPI, 0, 0.006307, 0.006307, "rank-27"
State, "rank-27", MPI_STATE, 0.000000, 0.000000, 0.000000, 0.000000, PMPI_Init
State, "rank-27", MPI_STATE, 0.000000, 0.000003, 0.000003, 0.000000, PMPI_Barrier
State, "rank-27", MPI_STATE, 0.000003, 0.003608, 0.003605, 0.000000, PMPI_Recv
State, "rank-27", MPI_STATE, 0.003608, 0.004504, 0.000896, 0.000000, PMPI_Send
State, "rank-27", MPI_STATE, 0.004504, 0.005399, 0.000895, 0.000000, PMPI_Send
State, "rank-27", MPI_STATE, 0.005399, 0.006293, 0.000894, 0.000000, PMPI_Send
State, "rank-27", MPI_STATE, 0.006293, 0.006293, 0.000000, 0.000000, PMPI_Reduce
State, "rank-27", MPI_STATE, 0.006293, 0.006293, 0.000000, 0.000000, PMPI_Reduce
State, "rank-27", MPI_STATE, 0.006293, 0.006307, 0.000014, 0.000000, PMPI_Barrier
State, "rank-27", MPI_STATE, 0.006307, 0.006307, 0.000000, 0.000000, PMPI_Finalize
Container, 0, MPI, 0, 0.006307, 0.006307, "rank-26"
State, "rank-26", MPI_STATE, 0.000000, 0.000000, 0.000000, 0.000000, PMPI_Init
State, "rank-26", MPI_STATE, 0.000000, 0.000003, 0.000003, 0.000000, PMPI_Barrier
State, "rank-26", MPI_STATE, 0.000003, 0.006293, 0.006290, 0.000000, PMPI_Recv
State, "rank-26", MPI_STATE, 0.006293, 0.006293, 0.000000, 0.000000, PMPI_Reduce
State, "rank-26", MPI_STATE, 0.006293, 0.006293, 0.000000, 0.000000, PMPI_Reduce
State, "rank-26", MPI_STATE, 0.006293, 0.006307, 0.000014, 0.000000, PMPI_Barrier
State, "rank-26", MPI_STATE, 0.006307, 0.006307, 0.000000, 0.000000, PMPI_Finalize
Container, 0, MPI, 0, 0.006307, 0.006307, "rank-25"
State, "rank-25", MPI_STATE, 0.000000, 0.000000, 0.000000, 0.000000, PMPI_Init
State, "rank-25", MPI_STATE, 0.000000, 0.000003, 0.000003, 0.000000, PMPI_Barrier
State, "rank-25", MPI_STATE, 0.000003, 0.006295, 0.006292, 0.000000, PMPI_Recv
State, "rank-25", MPI_STATE, 0.006295, 0.006295, 0.000000, 0.000000, PMPI_Reduce
State, "rank-25", MPI_STATE, 0.006295, 0.006295, 0.000000, 0.000000, PMPI_Reduce
State, "rank-25", MPI_STATE, 0.006295, 0.006307, 0.000012, 0.000000, PMPI_Barrier
State, "rank-25", MPI_STATE, 0.006307, 0.006307, 0.000000, 0.000000, PMPI_Finalize
Container, 0, MPI, 0, 0.006307, 0.006307, "rank-24"
State, "rank-24", MPI_STATE, 0.000000, 0.000000, 0.000000, 0.000000, PMPI_Init
State, "rank-24", MPI_STATE, 0.000000, 0.000003, 0.000003, 0.000000, PMPI_Barrier
State, "rank-24", MPI_STATE, 0.000003, 0.004504, 0.004501, 0.000000, PMPI_Recv
State, "rank-24", MPI_STATE, 0.004504, 0.005401, 0.000897, 0.000000, PMPI_Send
State, "rank-24", MPI_STATE, 0.005401, 0.006295, 0.000894, 0.000000, PMPI_Send
State, "rank-24", MPI_STATE, 0.006295, 0.006295, 0.000000, 0.000000, PMPI_Reduce
State, "rank-24", MPI_STATE, 0.006295, 0.006295, 0.000000, 0.000000, PMPI_Reduce
State, "rank-24", MPI_STATE, 0.006295, 0.006307, 0.000012, 0.000000, PMPI_Barrier
State, "rank-24", MPI_STATE, 0.006307, 0.006307, 0.000000, 0.000000, PMPI_Finalize
Container, 0, MPI, 0, 0.006307, 0.006307, "rank-23"
State, "rank-23", MPI_STATE, 0.000000, 0.000000, 0.000000, 0.000000, PMPI_Init
State, "rank-23", MPI_STATE, 0.000000, 0.000003, 0.000003, 0.000000, PMPI_Barrier
State, "rank-23", MPI_STATE, 0.000003, 0.005401, 0.005398, 0.000000, PMPI_Recv
State, "rank-23", MPI_STATE, 0.005401, 0.006295, 0.000894, 0.000000, PMPI_Send
State, "rank-23", MPI_STATE, 0.006295, 0.006295, 0.000000, 0.000000, PMPI_Reduce
State, "rank-23", MPI_STATE, 0.006295, 0.006295, 0.000000, 0.000000, PMPI_Reduce
State, "rank-23", MPI_STATE, 0.006295, 0.006307, 0.000012, 0.000000, PMPI_Barrier
State, "rank-23", MPI_STATE, 0.006307, 0.006307, 0.000000, 0.000000, PMPI_Finalize
Container, 0, MPI, 0, 0.006307, 0.006307, "rank-22"
State, "rank-22", MPI_STATE, 0.000000, 0.000000, 0.000000, 0.000000, PMPI_Init
State, "rank-22", MPI_STATE, 0.000000, 0.000003, 0.000003, 0.000000, PMPI_Barrier
State, "rank-22", MPI_STATE, 0.000003, 0.006295, 0.006292, 0.000000, PMPI_Recv
State, "rank-22", MPI_STATE, 0.006295, 0.006295, 0.000000, 0.000000, PMPI_Reduce
State, "rank-22", MPI_STATE, 0.006295, 0.006295, 0.000000, 0.000000, PMPI_Reduce
State, "rank-22", MPI_STATE, 0.006295, 0.006307, 0.000012, 0.000000, PMPI_Barrier
State, "rank-22", MPI_STATE, 0.006307, 0.006307, 0.000000, 0.000000, PMPI_Finalize
Container, 0, MPI, 0, 0.006307, 0.006307, "rank-21"
State, "rank-21", MPI_STATE, 0.000000, 0.000000, 0.000000, 0.000000, PMPI_Init
State, "rank-21", MPI_STATE, 0.000000, 0.000003, 0.000003, 0.000000, PMPI_Barrier
State, "rank-21", MPI_STATE, 0.000003, 0.006288, 0.006285, 0.000000, PMPI_Recv
State, "rank-21", MPI_STATE, 0.006288, 0.006288, 0.000000, 0.000000, PMPI_Reduce
State, "rank-21", MPI_STATE, 0.006288, 0.006288, 0.000000, 0.000000, PMPI_Reduce
State, "rank-21", MPI_STATE, 0.006288, 0.006307, 0.000019, 0.000000, PMPI_Barrier
State, "rank-21", MPI_STATE, 0.006307, 0.006307, 0.000000, 0.000000, PMPI_Finalize
Container, 0, MPI, 0, 0.006307, 0.006307, "rank-20"
State, "rank-20", MPI_STATE, 0.000000, 0.000000, 0.000000, 0.000000, PMPI_Init
State, "rank-20", MPI_STATE, 0.000000, 0.000003, 0.000003, 0.000000, PMPI_Barrier
State, "rank-20", MPI_STATE, 0.000003, 0.005394, 0.005391, 0.000000, PMPI_Recv
State, "rank-20", MPI_STATE, 0.005394, 0.006288, 0.000894, 0.000000, PMPI_Send
State, "rank-20", MPI_STATE, 0.006288, 0.006288, 0.000000, 0.000000, PMPI_Reduce
State, "rank-20", MPI_STATE, 0.006288, 0.006288, 0.000000, 0.000000, PMPI_Reduce
State, "rank-20", MPI_STATE, 0.006288, 0.006307, 0.000019, 0.000000, PMPI_Barrier
State, "rank-20", MPI_STATE, 0.006307, 0.006307, 0.000000, 0.000000, PMPI_Finalize
Container, 0, MPI, 0, 0.006307, 0.006307, "rank-19"
State, "rank-19", MPI_STATE, 0.000000, 0.000000, 0.000000, 0.000000, PMPI_Init
State, "rank-19", MPI_STATE, 0.000000, 0.000003, 0.000003, 0.000000, PMPI_Barrier
State, "rank-19", MPI_STATE, 0.000003, 0.004499, 0.004496, 0.000000, PMPI_Recv
State, "rank-19", MPI_STATE, 0.004499, 0.005394, 0.000895, 0.000000, PMPI_Send
State, "rank-19", MPI_STATE, 0.005394, 0.006288, 0.000894, 0.000000, PMPI_Send
State, "rank-19", MPI_STATE, 0.006288, 0.006288, 0.000000, 0.000000, PMPI_Reduce
State, "rank-19", MPI_STATE, 0.006288, 0.006288, 0.000000, 0.000000, PMPI_Reduce
State, "rank-19", MPI_STATE, 0.006288, 0.006307, 0.000019, 0.000000, PMPI_Barrier
State, "rank-19", MPI_STATE, 0.006307, 0.006307, 0.000000, 0.000000, PMPI_Finalize
Container, 0, MPI, 0, 0.006307, 0.006307, "rank-1"
State, "rank-1", MPI_STATE, 0.000000, 0.000000, 0.000000, 0.000000, PMPI_Init
State, "rank-1", MPI_STATE, 0.000000, 0.000002, 0.000002, 0.000000, PMPI_Barrier
State, "rank-1", MPI_STATE, 0.000002, 0.006300, 0.006298, 0.000000, PMPI_Recv
State, "rank-1", MPI_STATE, 0.006300, 0.006300, 0.000000, 0.000000, PMPI_Reduce
State, "rank-1", MPI_STATE, 0.006300, 0.006300, 0.000000, 0.000000, PMPI_Reduce
State, "rank-1", MPI_STATE, 0.006300, 0.006307, 0.000007, 0.000000, PMPI_Barrier
State, "rank-1", MPI_STATE, 0.006307, 0.006307, 0.000000, 0.000000, PMPI_Finalize
Container, 0, MPI, 0, 0.006307, 0.006307, "rank-18"
State, "rank-18", MPI_STATE, 0.000000, 0.000000, 0.000000, 0.000000, PMPI_Init
State, "rank-18", MPI_STATE, 0.000000, 0.000003, 0.000003, 0.000000, PMPI_Barrier
State, "rank-18", MPI_STATE, 0.000003, 0.006288, 0.006285, 0.000000, PMPI_Recv
State, "rank-18", MPI_STATE, 0.006288, 0.006288, 0.000000, 0.000000, PMPI_Reduce
State, "rank-18", MPI_STATE, 0.006288, 0.006288, 0.000000, 0.000000, PMPI_Reduce
State, "rank-18", MPI_STATE, 0.006288, 0.006307, 0.000019, 0.000000, PMPI_Barrier
State, "rank-18", MPI_STATE, 0.006307, 0.006307, 0.000000, 0.000000, PMPI_Finalize
Container, 0, MPI, 0, 0.006307, 0.006307, "rank-17"
State, "rank-17", MPI_STATE, 0.000000, 0.000000, 0.000000, 0.000000, PMPI_Init
State, "rank-17", MPI_STATE, 0.000000, 0.000003, 0.000003, 0.000000, PMPI_Barrier
State, "rank-17", MPI_STATE, 0.000003, 0.006291, 0.006288, 0.000000, PMPI_Recv
State, "rank-17", MPI_STATE, 0.006291, 0.006291, 0.000000, 0.000000, PMPI_Reduce
State, "rank-17", MPI_STATE, 0.006291, 0.006291, 0.000000, 0.000000, PMPI_Reduce
State, "rank-17", MPI_STATE, 0.006291, 0.006307, 0.000016, 0.000000, PMPI_Barrier
State, "rank-17", MPI_STATE, 0.006307, 0.006307, 0.000000, 0.000000, PMPI_Finalize
Container, 0, MPI, 0, 0.006307, 0.006307, "rank-16"
State, "rank-16", MPI_STATE, 0.000000, 0.000000, 0.000000, 0.000000, PMPI_Init
State, "rank-16", MPI_STATE, 0.000000, 0.000003, 0.000003, 0.000000, PMPI_Barrier
State, "rank-16", MPI_STATE, 0.000003, 0.003604, 0.003601, 0.000000, PMPI_Recv
State, "rank-16", MPI_STATE, 0.003604, 0.004499, 0.000895, 0.000000, PMPI_Send
State, "rank-16", MPI_STATE, 0.004499, 0.005396, 0.000897, 0.000000, PMPI_Send
State, "rank-16", MPI_STATE, 0.005396, 0.006291, 0.000895, 0.000000, PMPI_Send
State, "rank-16", MPI_STATE, 0.006291, 0.006291, 0.000000, 0.000000, PMPI_Reduce
State, "rank-16", MPI_STATE, 0.006291, 0.006291, 0.000000, 0.000000, PMPI_Reduce
State, "rank-16", MPI_STATE, 0.006291, 0.006307, 0.000016, 0.000000, PMPI_Barrier
State, "rank-16", MPI_STATE, 0.006307, 0.006307, 0.000000, 0.000000, PMPI_Finalize
Container, 0, MPI, 0, 0.006307, 0.006307, "rank-15"
State, "rank-15", MPI_STATE, 0.000000, 0.000000, 0.000000, 0.000000, PMPI_Init
State, "rank-15", MPI_STATE, 0.000000, 0.000003, 0.000003, 0.000000, PMPI_Barrier
State, "rank-15", MPI_STATE, 0.000003, 0.005396, 0.005393, 0.000000, PMPI_Recv
State, "rank-15", MPI_STATE, 0.005396, 0.006291, 0.000895, 0.000000, PMPI_Send
State, "rank-15", MPI_STATE, 0.006291, 0.006291, 0.000000, 0.000000, PMPI_Reduce
State, "rank-15", MPI_STATE, 0.006291, 0.006291, 0.000000, 0.000000, PMPI_Reduce
State, "rank-15", MPI_STATE, 0.006291, 0.006307, 0.000016, 0.000000, PMPI_Barrier
State, "rank-15", MPI_STATE, 0.006307, 0.006307, 0.000000, 0.000000, PMPI_Finalize
Container, 0, MPI, 0, 0.006307, 0.006307, "rank-14"
State, "rank-14", MPI_STATE, 0.000000, 0.000000, 0.000000, 0.000000, PMPI_Init
State, "rank-14", MPI_STATE, 0.000000, 0.000003, 0.000003, 0.000000, PMPI_Barrier
State, "rank-14", MPI_STATE, 0.000003, 0.006291, 0.006288, 0.000000, PMPI_Recv
State, "rank-14", MPI_STATE, 0.006291, 0.006291, 0.000000, 0.000000, PMPI_Reduce
State, "rank-14", MPI_STATE, 0.006291, 0.006291, 0.000000, 0.000000, PMPI_Reduce
State, "rank-14", MPI_STATE, 0.006291, 0.006307, 0.000016, 0.000000, PMPI_Barrier
State, "rank-14", MPI_STATE, 0.006307, 0.006307, 0.000000, 0.000000, PMPI_Finalize
Container, 0, MPI, 0, 0.006307, 0.006307, "rank-13"
State, "rank-13", MPI_STATE, 0.000000, 0.000000, 0.000000, 0.000000, PMPI_Init
State, "rank-13", MPI_STATE, 0.000000, 0.000003, 0.000003, 0.000000, PMPI_Barrier
State, "rank-13", MPI_STATE, 0.000003, 0.006288, 0.006285, 0.000000, PMPI_Recv
State, "rank-13", MPI_STATE, 0.006288, 0.006288, 0.000000, 0.000000, PMPI_Reduce
State, "rank-13", MPI_STATE, 0.006288, 0.006288, 0.000000, 0.000000, PMPI_Reduce
State, "rank-13", MPI_STATE, 0.006288, 0.006307, 0.000019, 0.000000, PMPI_Barrier
State, "rank-13", MPI_STATE, 0.006307, 0.006307, 0.000000, 0.000000, PMPI_Finalize
Container, 0, MPI, 0, 0.006307, 0.006307, "rank-12"
State, "rank-12", MPI_STATE, 0.000000, 0.000000, 0.000000, 0.000000, PMPI_Init
State, "rank-12", MPI_STATE, 0.000000, 0.000003, 0.000003, 0.000000, PMPI_Barrier
State, "rank-12", MPI_STATE, 0.000003, 0.005394, 0.005391, 0.000000, PMPI_Recv
State, "rank-12", MPI_STATE, 0.005394, 0.006288, 0.000894, 0.000000, PMPI_Send
State, "rank-12", MPI_STATE, 0.006288, 0.006288, 0.000000, 0.000000, PMPI_Reduce
State, "rank-12", MPI_STATE, 0.006288, 0.006288, 0.000000, 0.000000, PMPI_Reduce
State, "rank-12", MPI_STATE, 0.006288, 0.006307, 0.000019, 0.000000, PMPI_Barrier
State, "rank-12", MPI_STATE, 0.006307, 0.006307, 0.000000, 0.000000, PMPI_Finalize
Container, 0, MPI, 0, 0.006308, 0.006308, "rank-127"
State, "rank-127", MPI_STATE, 0.000000, 0.000000, 0.000000, 0.000000, PMPI_Init
State, "rank-127", MPI_STATE, 0.000000, 0.000004, 0.000004, 0.000000, PMPI_Barrier
State, "rank-127", MPI_STATE, 0.000004, 0.005406, 0.005402, 0.000000, PMPI_Recv
State, "rank-127", MPI_STATE, 0.005406, 0.006300, 0.000894, 0.000000, PMPI_Send
State, "rank-127", MPI_STATE, 0.006300, 0.006300, 0.000000, 0.000000, PMPI_Reduce
State, "rank-127", MPI_STATE, 0.006300, 0.006300, 0.000000, 0.000000, PMPI_Reduce
State, "rank-127", MPI_STATE, 0.006300, 0.006308, 0.000008, 0.000000, PMPI_Barrier
State, "rank-127", MPI_STATE, 0.006308, 0.006308, 0.000000, 0.000000, PMPI_Finalize
Container, 0, MPI, 0, 0.006308, 0.006308, "rank-126"
State, "rank-126", MPI_STATE, 0.000000, 0.000000, 0.000000, 0.000000, PMPI_Init
State, "rank-126", MPI_STATE, 0.000000, 0.000004, 0.000004, 0.000000, PMPI_Barrier
State, "rank-126", MPI_STATE, 0.000004, 0.006300, 0.006296, 0.000000, PMPI_Recv
State, "rank-126", MPI_STATE, 0.006300, 0.006300, 0.000000, 0.000000, PMPI_Reduce
State, "rank-126", MPI_STATE, 0.006300, 0.006300, 0.000000, 0.000000, PMPI_Reduce
State, "rank-126", MPI_STATE, 0.006300, 0.006308, 0.000008, 0.000000, PMPI_Barrier
State, "rank-126", MPI_STATE, 0.006308, 0.006308, 0.000000, 0.000000, PMPI_Finalize
Container, 0, MPI, 0, 0.006308, 0.006308, "rank-125"
State, "rank-125", MPI_STATE, 0.000000, 0.000000, 0.000000, 0.000000, PMPI_Init
State, "rank-125", MPI_STATE, 0.000000, 0.000004, 0.000004, 0.000000, PMPI_Barrier
State, "rank-125", MPI_STATE, 0.000004, 0.006293, 0.006289, 0.000000, PMPI_Recv
State, "rank-125", MPI_STATE, 0.006293, 0.006293, 0.000000, 0.000000, PMPI_Reduce
State, "rank-125", MPI_STATE, 0.006293, 0.006293, 0.000000, 0.000000, PMPI_Reduce
State, "rank-125", MPI_STATE, 0.006293, 0.006308, 0.000015, 0.000000, PMPI_Barrier
State, "rank-125", MPI_STATE, 0.006308, 0.006308, 0.000000, 0.000000, PMPI_Finalize
Container, 0, MPI, 0, 0.006308, 0.006308, "rank-124"
State, "rank-124", MPI_STATE, 0.000000, 0.000000, 0.000000, 0.000000, PMPI_Init
State, "rank-124", MPI_STATE, 0.000000, 0.000004, 0.000004, 0.000000, PMPI_Barrier
State, "rank-124", MPI_STATE, 0.000004, 0.005399, 0.005395, 0.000000, PMPI_Recv
State, "rank-124", MPI_STATE, 0.005399, 0.006293, 0.000894, 0.000000, PMPI_Send
State, "rank-124", MPI_STATE, 0.006293, 0.006293, 0.000000, 0.000000, PMPI_Reduce
State, "rank-124", MPI_STATE, 0.006293, 0.006293, 0.000000, 0.000000, PMPI_Reduce
State, "rank-124", MPI_STATE, 0.006293, 0.006308, 0.000015, 0.000000, PMPI_Barrier
State, "rank-124", MPI_STATE, 0.006308, 0.006308, 0.000000, 0.000000, PMPI_Finalize
Container, 0, MPI, 0, 0.006308, 0.006308, "rank-123"
State, "rank-123", MPI_STATE, 0.000000, 0.000000, 0.000000, 0.000000, PMPI_Init
State, "rank-123", MPI_STATE, 0.000000, 0.000004, 0.000004, 0.000000, PMPI_Barrier
State, "rank-123", MPI_STATE, 0.000004, 0.003608, 0.003604, 0.000000, PMPI_Recv
State, "rank-123", MPI_STATE, 0.003608, 0.004504, 0.000896, 0.000000, PMPI_Send
State, "rank-123", MPI_STATE, 0.004504, 0.005399, 0.000895, 0.000000, PMPI_Send
State, "rank-123", MPI_STATE, 0.005399, 0.006293, 0.000894, 0.000000, PMPI_Send
State, "rank-123", MPI_STATE, 0.006293, 0.006293, 0.000000, 0.000000, PMPI_Reduce
State, "rank-123", MPI_STATE, 0.006293, 0.006293, 0.000000, 0.000000, PMPI_Reduce
State, "rank-123", MPI_STATE, 0.006293, 0.006308, 0.000015, 0.000000, PMPI_Barrier
State, "rank-123", MPI_STATE, 0.006308, 0.006308, 0.000000, 0.000000, PMPI_Finalize
Container, 0, MPI, 0, 0.006308, 0.006308, "rank-122"
State, "rank-122", MPI_STATE, 0.000000, 0.000000, 0.000000, 0.000000, PMPI_Init
State, "rank-122", MPI_STATE, 0.000000, 0.000004, 0.000004, 0.000000, PMPI_Barrier
State, "rank-122", MPI_STATE, 0.000004, 0.006293, 0.006289, 0.000000, PMPI_Recv
State, "rank-122", MPI_STATE, 0.006293, 0.006293, 0.000000, 0.000000, PMPI_Reduce
State, "rank-122", MPI_STATE, 0.006293, 0.006293, 0.000000, 0.000000, PMPI_Reduce
State, "rank-122", MPI_STATE, 0.006293, 0.006308, 0.000015, 0.000000, PMPI_Barrier
State, "rank-122", MPI_STATE, 0.006308, 0.006308, 0.000000, 0.000000, PMPI_Finalize
Container, 0, MPI, 0, 0.006308, 0.006308, "rank-121"
State, "rank-121", MPI_STATE, 0.000000, 0.000000, 0.000000, 0.000000, PMPI_Init
State, "rank-121", MPI_STATE, 0.000000, 0.000004, 0.000004, 0.000000, PMPI_Barrier
State, "rank-121", MPI_STATE, 0.000004, 0.006295, 0.006291, 0.000000, PMPI_Recv
State, "rank-121", MPI_STATE, 0.006295, 0.006295, 0.000000, 0.000000, PMPI_Reduce
State, "rank-121", MPI_STATE, 0.006295, 0.006295, 0.000000, 0.000000, PMPI_Reduce
State, "rank-121", MPI_STATE, 0.006295, 0.006308, 0.000013, 0.000000, PMPI_Barrier
State, "rank-121", MPI_STATE, 0.006308, 0.006308, 0.000000, 0.000000, PMPI_Finalize
Container, 0, MPI, 0, 0.006308, 0.006308, "rank-120"
State, "rank-120", MPI_STATE, 0.000000, 0.000000, 0.000000, 0.000000, PMPI_Init
State, "rank-120", MPI_STATE, 0.000000, 0.000004, 0.000004, 0.000000, PMPI_Barrier
State, "rank-120", MPI_STATE, 0.000004, 0.004504, 0.004500, 0.000000, PMPI_Recv
State, "rank-120", MPI_STATE, 0.004504, 0.005401, 0.000897, 0.000000, PMPI_Send
State, "rank-120", MPI_STATE, 0.005401, 0.006295, 0.000894, 0.000000, PMPI_Send
State, "rank-120", MPI_STATE, 0.006295, 0.006295, 0.000000, 0.000000, PMPI_Reduce
State, "rank-120", MPI_STATE, 0.006295, 0.006295, 0.000000, 0.000000, PMPI_Reduce
State, "rank-120", MPI_STATE, 0.006295, 0.006308, 0.000013, 0.000000, PMPI_Barrier
State, "rank-120", MPI_STATE, 0.006308, 0.006308, 0.000000, 0.000000, PMPI_Finalize
Container, 0, MPI, 0, 0.006308, 0.006308, "rank-119"
State, "rank-119", MPI_STATE, 0.000000, 0.000000, 0.000000, 0.000000, PMPI_Init
State, "rank-119", MPI_STATE, 0.000000, 0.000004, 0.000004, 0.000000, PMPI_Barrier
State, "rank-119", MPI_STATE, 0.000004, 0.005401, 0.005397, 0.000000, PMPI_Recv
State, "rank-119", MPI_STATE, 0.005401, 0.006295, 0.000894, 0.000000, PMPI_Send
State, "rank-119", MPI_STATE, 0.006295, 0.006295, 0.000000, 0.000000, PMPI_Reduce
State, "rank-119", MPI_STATE, 0.006295, 0.006295, 0.000000, 0.000000, PMPI_Reduce
State, "rank-119", MPI_STATE, 0.006295, 0.006308, 0.000013, 0.000000, PMPI_Barrier
State, "rank-119", MPI_STATE, 0.006308, 0.006308, 0.000000, 0.000000, PMPI_Finalize
Container, 0, MPI, 0, 0.006307, 0.006307, "rank-11"
State, "rank-11", MPI_STATE, 0.000000, 0.000000, 0.000000, 0.000000, PMPI_Init
State, "rank-11", MPI_STATE, 0.000000, 0.000003, 0.000003, 0.000000, PMPI_Barrier
State, "rank-11", MPI_STATE, 0.000003, 0.002706, 0.002703, 0.000000, PMPI_Recv
State, "rank-11", MPI_STATE, 0.002706, 0.003604, 0.000898, 0.000000, PMPI_Send
State, "rank-11", MPI_STATE, 0.003604, 0.004499, 0.000895, 0.000000, PMPI_Send
State, "rank-11", MPI_STATE, 0.004499, 0.005394, 0.000895, 0.000000, PMPI_Send
State, "rank-11", MPI_STATE, 0.005394, 0.006288, 0.000894, 0.000000, PMPI_Send
State, "rank-11", MPI_STATE, 0.006288, 0.006288, 0.000000, 0.000000, PMPI_Reduce
State, "rank-11", MPI_STATE, 0.006288, 0.006288, 0.000000, 0.000000, PMPI_Reduce
State, "rank-11", MPI_STATE, 0.006288, 0.006307, 0.000019, 0.000000, PMPI_Barrier
State, "rank-11", MPI_STATE, 0.006307, 0.006307, 0.000000, 0.000000, PMPI_Finalize
Container, 0, MPI, 0, 0.006308, 0.006308, "rank-118"
State, "rank-118", MPI_STATE, 0.000000, 0.000000, 0.000000, 0.000000, PMPI_Init
State, "rank-118", MPI_STATE, 0.000000, 0.000004, 0.000004, 0.000000, PMPI_Barrier
State, "rank-118", MPI_STATE, 0.000004, 0.006295, 0.006291, 0.000000, PMPI_Recv
State, "rank-118", MPI_STATE, 0.006295, 0.006295, 0.000000, 0.000000, PMPI_Reduce
State, "rank-118", MPI_STATE, 0.006295, 0.006295, 0.000000, 0.000000, PMPI_Reduce
State, "rank-118", MPI_STATE, 0.006295, 0.006308, 0.000013, 0.000000, PMPI_Barrier
State, "rank-118", MPI_STATE, 0.006308, 0.006308, 0.000000, 0.000000, PMPI_Finalize
Container, 0, MPI, 0, 0.006308, 0.006308, "rank-117"
State, "rank-117", MPI_STATE, 0.000000, 0.000000, 0.000000, 0.000000, PMPI_Init
State, "rank-117", MPI_STATE, 0.000000, 0.000004, 0.000004, 0.000000, PMPI_Barrier
State, "rank-117", MPI_STATE, 0.000004, 0.006288, 0.006284, 0.000000, PMPI_Recv
State, "rank-117", MPI_STATE, 0.006288, 0.006288, 0.000000, 0.000000, PMPI_Reduce
State, "rank-117", MPI_STATE, 0.006288, 0.006288, 0.000000, 0.000000, PMPI_Reduce
State, "rank-117", MPI_STATE, 0.006288, 0.006308, 0.000020, 0.000000, PMPI_Barrier
State, "rank-117", MPI_STATE, 0.006308, 0.006308, 0.000000, 0.000000, PMPI_Finalize
Container, 0, MPI, 0, 0.006308, 0.006308, "rank-116"
State, "rank-116", MPI_STATE, 0.000000, 0.000000, 0.000000, 0.000000, PMPI_Init
State, "rank-116", MPI_STATE, 0.000000, 0.000004, 0.000004, 0.000000, PMPI_Barrier
State, "rank-116", MPI_STATE, 0.000004, 0.005394, 0.005390, 0.000000, PMPI_Recv
State, "rank-116", MPI_STATE, 0.005394, 0.006288, 0.000894, 0.000000, PMPI_Send
State, "rank-116", MPI_STATE, 0.006288, 0.006288, 0.000000, 0.000000, PMPI_Reduce
State, "rank-116", MPI_STATE, 0.006288, 0.006288, 0.000000, 0.000000, PMPI_Reduce
State, "rank-116", MPI_STATE, 0.006288, 0.006308, 0.000020, 0.000000, PMPI_Barrier
State, "rank-116", MPI_STATE, 0.006308, 0.006308, 0.000000, 0.000000, PMPI_Finalize
Container, 0, MPI, 0, 0.006308, 0.006308, "rank-115"
State, "rank-115", MPI_STATE, 0.000000, 0.000000, 0.000000, 0.000000, PMPI_Init
State, "rank-115", MPI_STATE, 0.000000, 0.000004, 0.000004, 0.000000, PMPI_Barrier
State, "rank-115", MPI_STATE, 0.000004, 0.004499, 0.004495, 0.000000, PMPI_Recv
State, "rank-115", MPI_STATE, 0.004499, 0.005394, 0.000895, 0.000000, PMPI_Send
State, "rank-115", MPI_STATE, 0.005394, 0.006288, 0.000894, 0.000000, PMPI_Send
State, "rank-115", MPI_STATE, 0.006288, 0.006288, 0.000000, 0.000000, PMPI_Reduce
State, "rank-115", MPI_STATE, 0.006288, 0.006288, 0.000000, 0.000000, PMPI_Reduce
State, "rank-115", MPI_STATE, 0.006288, 0.006308, 0.000020, 0.000000, PMPI_Barrier
State, "rank-115", MPI_STATE, 0.006308, 0.006308, 0.000000, 0.000000, PMPI_Finalize
Container, 0, MPI, 0, 0.006308, 0.006308, "rank-114"
State, "rank-114", MPI_STATE, 0.000000, 0.000000, 0.000000, 0.000000, PMPI_Init
State, "rank-114", MPI_STATE, 0.000000, 0.000004, 0.000004, 0.000000, PMPI_Barrier
State, "rank-114", MPI_STATE, 0.000004, 0.006288, 0.006284, 0.000000, PMPI_Recv
State, "rank-114", MPI_STATE, 0.006288, 0.006288, 0.000000, 0.000000, PMPI_Reduce
State, "rank-114", MPI_STATE, 0.006288, 0.006288, 0.000000, 0.000000, PMPI_Reduce
State, "rank-114", MPI_STATE, 0.006288, 0.006308, 0.000020, 0.000000, PMPI_Barrier
State, "rank-114", MPI_STATE, 0.006308, 0.006308, 0.000000, 0.000000, PMPI_Finalize
Container, 0, MPI, 0, 0.006308, 0.006308, "rank-113"
State, "rank-113", MPI_STATE, 0.000000, 0.000000, 0.000000, 0.000000, PMPI_Init
State, "rank-113", MPI_STATE, 0.000000, 0.000004, 0.000004, 0.000000, PMPI_Barrier
State, "rank-113", MPI_STATE, 0.000004, 0.006291, 0.006287, 0.000000, PMPI_Recv
State, "rank-113", MPI_STATE, 0.006291, 0.006291, 0.000000, 0.000000, PMPI_Reduce
State, "rank-113", MPI_STATE, 0.006291, 0.006291, 0.000000, 0.000000, PMPI_Reduce
State, "rank-113", MPI_STATE, 0.006291, 0.006308, 0.000017, 0.000000, PMPI_Barrier
State, "rank-113", MPI_STATE, 0.006308, 0.006308, 0.000000, 0.000000, PMPI_Finalize
Container, 0, MPI, 0, 0.006308, 0.006308, "rank-112"
State, "rank-112", MPI_STATE, 0.000000, 0.000000, 0.000000, 0.000000, PMPI_Init
State, "rank-112", MPI_STATE, 0.000000, 0.000004, 0.000004, 0.000000, PMPI_Barrier
State, "rank-112", MPI_STATE, 0.000004, 0.003604, 0.003600, 0.000000, PMPI_Recv
State, "rank-112", MPI_STATE, 0.003604, 0.004499, 0.000895, 0.000000, PMPI_Send
State, "rank-112", MPI_STATE, 0.004499, 0.005396, 0.000897, 0.000000, PMPI_Send
State, "rank-112", MPI_STATE, 0.005396, 0.006291, 0.000895, 0.000000, PMPI_Send
State, "rank-112", MPI_STATE, 0.006291, 0.006291, 0.000000, 0.000000, PMPI_Reduce
State, "rank-112", MPI_STATE, 0.006291, 0.006291, 0.000000, 0.000000, PMPI_Reduce
State, "rank-112", MPI_STATE, 0.006291, 0.006308, 0.000017, 0.000000, PMPI_Barrier
State, "rank-112", MPI_STATE, 0.006308, 0.006308, 0.000000, 0.000000, PMPI_Finalize
Container, 0, MPI, 0, 0.006308, 0.006308, "rank-111"
State, "rank-111", MPI_STATE, 0.000000, 0.000000, 0.000000, 0.000000, PMPI_Init
State, "rank-111", MPI_STATE, 0.000000, 0.000004, 0.000004, 0.000000, PMPI_Barrier
State, "rank-111", MPI_STATE, 0.000004, 0.005396, 0.005392, 0.000000, PMPI_Recv
State, "rank-111", MPI_STATE, 0.005396, 0.006291, 0.000895, 0.000000, PMPI_Send
State, "rank-111", MPI_STATE, 0.006291, 0.006291, 0.000000, 0.000000, PMPI_Reduce
State, "rank-111", MPI_STATE, 0.006291, 0.006291, 0.000000, 0.000000, PMPI_Reduce
State, "rank-111", MPI_STATE, 0.006291, 0.006308, 0.000017, 0.000000, PMPI_Barrier
State, "rank-111", MPI_STATE, 0.006308, 0.006308, 0.000000, 0.000000, PMPI_Finalize
Container, 0, MPI, 0, 0.006308, 0.006308, "rank-110"
State, "rank-110", MPI_STATE, 0.000000, 0.000000, 0.000000, 0.000000, PMPI_Init
State, "rank-110", MPI_STATE, 0.000000, 0.000004, 0.000004, 0.000000, PMPI_Barrier
State, "rank-110", MPI_STATE, 0.000004, 0.006291, 0.006287, 0.000000, PMPI_Recv
State, "rank-110", MPI_STATE, 0.006291, 0.006291, 0.000000, 0.000000, PMPI_Reduce
State, "rank-110", MPI_STATE, 0.006291, 0.006291, 0.000000, 0.000000, PMPI_Reduce
State, "rank-110", MPI_STATE, 0.006291, 0.006308, 0.000017, 0.000000, PMPI_Barrier
State, "rank-110", MPI_STATE, 0.006308, 0.006308, 0.000000, 0.000000, PMPI_Finalize
Container, 0, MPI, 0, 0.006308, 0.006308, "rank-109"
State, "rank-109", MPI_STATE, 0.000000, 0.000000, 0.000000, 0.000000, PMPI_Init
State, "rank-109", MPI_STATE, 0.000000, 0.000004, 0.000004, 0.000000, PMPI_Barrier
State, "rank-109", MPI_STATE, 0.000004, 0.006288, 0.006284, 0.000000, PMPI_Recv
State, "rank-109", MPI_STATE, 0.006288, 0.006288, 0.000000, 0.000000, PMPI_Reduce
State, "rank-109", MPI_STATE, 0.006288, 0.006288, 0.000000, 0.000000, PMPI_Reduce
State, "rank-109", MPI_STATE, 0.006288, 0.006308, 0.000020, 0.000000, PMPI_Barrier
State, "rank-109", MPI_STATE, 0.006308, 0.006308, 0.000000, 0.000000, PMPI_Finalize
Container, 0, MPI, 0, 0.006307, 0.006307, "rank-10"
State, "rank-10", MPI_STATE, 0.000000, 0.000000, 0.000000, 0.000000, PMPI_Init
State, "rank-10", MPI_STATE, 0.000000, 0.000003, 0.000003, 0.000000, PMPI_Barrier
State, "rank-10", MPI_STATE, 0.000003, 0.006288, 0.006285, 0.000000, PMPI_Recv
State, "rank-10", MPI_STATE, 0.006288, 0.006288, 0.000000, 0.000000, PMPI_Reduce
State, "rank-10", MPI_STATE, 0.006288, 0.006288, 0.000000, 0.000000, PMPI_Reduce
State, "rank-10", MPI_STATE, 0.006288, 0.006307, 0.000019, 0.000000, PMPI_Barrier
State, "rank-10", MPI_STATE, 0.006307, 0.006307, 0.000000, 0.000000, PMPI_Finalize
Container, 0, MPI, 0, 0.006308, 0.006308, "rank-108"
State, "rank-108", MPI_STATE, 0.000000, 0.000000, 0.000000, 0.000000, PMPI_Init
State, "rank-108", MPI_STATE, 0.000000, 0.000004, 0.000004, 0.000000, PMPI_Barrier
State, "rank-108", MPI_STATE, 0.000004, 0.005394, 0.005390, 0.000000, PMPI_Recv
State, "rank-108", MPI_STATE, 0.005394, 0.006288, 0.000894, 0.000000, PMPI_Send
State, "rank-108", MPI_STATE, 0.006288, 0.006288, 0.000000, 0.000000, PMPI_Reduce
State, "rank-108", MPI_STATE, 0.006288, 0.006288, 0.000000, 0.000000, PMPI_Reduce
State, "rank-108", MPI_STATE, 0.006288, 0.006308, 0.000020, 0.000000, PMPI_Barrier
State, "rank-108", MPI_STATE, 0.006308, 0.006308, 0.000000, 0.000000, PMPI_Finalize
Container, 0, MPI, 0, 0.006308, 0.006308, "rank-107"
State, "rank-107", MPI_STATE, 0.000000, 0.000000, 0.000000, 0.000000, PMPI_Init
State, "rank-107", MPI_STATE, 0.000000, 0.000004, 0.000004, 0.000000, PMPI_Barrier
State, "rank-107", MPI_STATE, 0.000004, 0.001809, 0.001805, 0.000000, PMPI_Recv
State, "rank-107", MPI_STATE, 0.001809, 0.002706, 0.000897, 0.000000, PMPI_Send
State, "rank-107", MPI_STATE, 0.002706, 0.003604, 0.000898, 0.000000, PMPI_Send
State, "rank-107", MPI_STATE, 0.003604, 0.004499, 0.000895, 0.000000, PMPI_Send
State, "rank-107", MPI_STATE, 0.004499, 0.005394, 0.000895, 0.000000, PMPI_Send
State, "rank-107", MPI_STATE, 0.005394, 0.006288, 0.000894, 0.000000, PMPI_Send
State, "rank-107", MPI_STATE, 0.006288, 0.006288, 0.000000, 0.000000, PMPI_Reduce
State, "rank-107", MPI_STATE, 0.006288, 0.006288, 0.000000, 0.000000, PMPI_Reduce
State, "rank-107", MPI_STATE, 0.006288, 0.006308, 0.000020, 0.000000, PMPI_Barrier
State, "rank-107", MPI_STATE, 0.006308, 0.006308, 0.000000, 0.000000, PMPI_Finalize
Container, 0, MPI, 0, 0.006308, 0.006308, "rank-106"
State, "rank-106", MPI_STATE, 0.000000, 0.000000, 0.000000, 0.000000, PMPI_Init
State, "rank-106", MPI_STATE, 0.000000, 0.000004, 0.000004, 0.000000, PMPI_Barrier
State, "rank-106", MPI_STATE, 0.000004, 0.006288, 0.006284, 0.000000, PMPI_Recv
State, "rank-106", MPI_STATE, 0.006288, 0.006288, 0.000000, 0.000000, PMPI_Reduce
State, "rank-106", MPI_STATE, 0.006288, 0.006288, 0.000000, 0.000000, PMPI_Reduce
State, "rank-106", MPI_STATE, 0.006288, 0.006308, 0.000020, 0.000000, PMPI_Barrier
State, "rank-106", MPI_STATE, 0.006308, 0.006308, 0.000000, 0.000000, PMPI_Finalize
Container, 0, MPI, 0, 0.006308, 0.006308, "rank-105"
State, "rank-105", MPI_STATE, 0.000000, 0.000000, 0.000000, 0.000000, PMPI_Init
State, "rank-105", MPI_STATE, 0.000000, 0.000004, 0.000004, 0.000000, PMPI_Barrier
State, "rank-105", MPI_STATE, 0.000004, 0.006291, 0.006287, 0.000000, PMPI_Recv
State, "rank-105", MPI_STATE, 0.006291, 0.006291, 0.000000, 0.000000, PMPI_Reduce
State, "rank-105", MPI_STATE, 0.006291, 0.006291, 0.000000, 0.000000, PMPI_Reduce
State, "rank-105", MPI_STATE, 0.006291, 0.006308, 0.000017, 0.000000, PMPI_Barrier
State, "rank-105", MPI_STATE, 0.006308, 0.006308, 0.000000, 0.000000, PMPI_Finalize
Container, 0, MPI, 0, 0.006308, 0.006308, "rank-104"
State, "rank-104", MPI_STATE, 0.000000, 0.000000, 0.000000, 0.000000, PMPI_Init
State, "rank-104", MPI_STATE, 0.000000, 0.000004, 0.000004, 0.000000, PMPI_Barrier
State, "rank-104", MPI_STATE, 0.000004, 0.004499, 0.004495, 0.000000, PMPI_Recv
State, "rank-104", MPI_STATE, 0.004499, 0.005396, 0.000897, 0.000000, PMPI_Send
State, "rank-104", MPI_STATE, 0.005396, 0.006291, 0.000895, 0.000000, PMPI_Send
State, "rank-104", MPI_STATE, 0.006291, 0.006291, 0.000000, 0.000000, PMPI_Reduce
State, "rank-104", MPI_STATE, 0.006291, 0.006291, 0.000000, 0.000000, PMPI_Reduce
State, "rank-104", MPI_STATE, 0.006291, 0.006308, 0.000017, 0.000000, PMPI_Barrier
State, "rank-104", MPI_STATE, 0.006308, 0.006308, 0.000000, 0.000000, PMPI_Finalize
Container, 0, MPI, 0, 0.006308, 0.006308, "rank-103"
State, "rank-103", MPI_STATE, 0.000000, 0.000000, 0.000000, 0.000000, PMPI_Init
State, "rank-103", MPI_STATE, 0.000000, 0.000004, 0.000004, 0.000000, PMPI_Barrier
State, "rank-103", MPI_STATE, 0.000004, 0.005396, 0.005392, 0.000000, PMPI_Recv
State, "rank-103", MPI_STATE, 0.005396, 0.006291, 0.000895, 0.000000, PMPI_Send
State, "rank-103", MPI_STATE, 0.006291, 0.006291, 0.000000, 0.000000, PMPI_Reduce
State, "rank-103", MPI_STATE, 0.006291, 0.006291, 0.000000, 0.000000, PMPI_Reduce
State, "rank-103", MPI_STATE, 0.006291, 0.006308, 0.000017, 0.000000, PMPI_Barrier
State, "rank-103", MPI_STATE, 0.006308, 0.006308, 0.000000, 0.000000, PMPI_Finalize
Container, 0, MPI, 0, 0.006308, 0.006308, "rank-102"
State, "rank-102", MPI_STATE, 0.000000, 0.000000, 0.000000, 0.000000, PMPI_Init
State, "rank-102", MPI_STATE, 0.000000, 0.000004, 0.000004, 0.000000, PMPI_Barrier
State, "rank-102", MPI_STATE, 0.000004, 0.006291, 0.006287, 0.000000, PMPI_Recv
State, "rank-102", MPI_STATE, 0.006291, 0.006291, 0.000000, 0.000000, PMPI_Reduce
State, "rank-102", MPI_STATE, 0.006291, 0.006291, 0.000000, 0.000000, PMPI_Reduce
State, "rank-102", MPI_STATE, 0.006291, 0.006308, 0.000017, 0.000000, PMPI_Barrier
State, "rank-102", MPI_STATE, 0.006308, 0.006308, 0.000000, 0.000000, PMPI_Finalize
Container, 0, MPI, 0, 0.006308, 0.006308, "rank-101"
State, "rank-101", MPI_STATE, 0.000000, 0.000000, 0.000000, 0.000000, PMPI_Init
State, "rank-101", MPI_STATE, 0.000000, 0.000004, 0.000004, 0.000000, PMPI_Barrier
State, "rank-101", MPI_STATE, 0.000004, 0.006293, 0.006289, 0.000000, PMPI_Recv
State, "rank-101", MPI_STATE, 0.006293, 0.006293, 0.000000, 0.000000, PMPI_Reduce
State, "rank-101", MPI_STATE, 0.006293, 0.006293, 0.000000, 0.000000, PMPI_Reduce
State, "rank-101", MPI_STATE, 0.006293, 0.006308, 0.000015, 0.000000, PMPI_Barrier
State, "rank-101", MPI_STATE, 0.006308, 0.006308, 0.000000, 0.000000, PMPI_Finalize
Container, 0, MPI, 0, 0.006308, 0.006308, "rank-100"
State, "rank-100", MPI_STATE, 0.000000, 0.000000, 0.000000, 0.000000, PMPI_Init
State, "rank-100", MPI_STATE, 0.000000, 0.000004, 0.000004, 0.000000, PMPI_Barrier
State, "rank-100", MPI_STATE, 0.000004, 0.005399, 0.005395, 0.000000, PMPI_Recv
State, "rank-100", MPI_STATE, 0.005399, 0.006293, 0.000894, 0.000000, PMPI_Send
State, "rank-100", MPI_STATE, 0.006293, 0.006293, 0.000000, 0.000000, PMPI_Reduce
State, "rank-100", MPI_STATE, 0.006293, 0.006293, 0.000000, 0.000000, PMPI_Reduce
State, "rank-100", MPI_STATE, 0.006293, 0.006308, 0.000015, 0.000000, PMPI_Barrier
State, "rank-100", MPI_STATE, 0.006308, 0.006308, 0.000000, 0.000000, PMPI_Finalize
Container, 0, MPI, 0, 0.006308, 0.006308, "rank-99"
State, "rank-99", MPI_STATE, 0.000000, 0.000000, 0.000000, 0.000000, PMPI_Init
State, "rank-99", MPI_STATE, 0.000000, 0.000004, 0.000004, 0.000000, PMPI_Barrier
State, "rank-99", MPI_STATE, 0.000004, 0.004504, 0.004500, 0.000000, PMPI_Recv
State, "rank-99", MPI_STATE, 0.004504, 0.005399, 0.000895, 0.000000, PMPI_Send
State, "rank-99", MPI_STATE, 0.005399, 0.006293, 0.000894, 0.000000, PMPI_Send
State, "rank-99", MPI_STATE, 0.006293, 0.006293, 0.000000, 0.000000, PMPI_Reduce
State, "rank-99", MPI_STATE, 0.006293, 0.006293, 0.000000, 0.000000, PMPI_Reduce
State, "rank-99", MPI_STATE, 0.006293, 0.006308, 0.000015, 0.000000, PMPI_Barrier
State, "rank-99", MPI_STATE, 0.006308, 0.006308, 0.000000, 0.000000, PMPI_Finalize
Container, 0, MPI, 0, 0.006307, 0.006307, "rank-9"
State, "rank-9", MPI_STATE, 0.000000, 0.000000, 0.000000, 0.000000, PMPI_Init
State, "rank-9", MPI_STATE, 0.000000, 0.000003, 0.000003, 0.000000, PMPI_Barrier
State, "rank-9", MPI_STATE, 0.000003, 0.006291, 0.006288, 0.000000, PMPI_Recv
State, "rank-9", MPI_STATE, 0.006291, 0.006291, 0.000000, 0.000000, PMPI_Reduce
State, "rank-9", MPI_STATE, 0.006291, 0.006291, 0.000000, 0.000000, PMPI_Reduce
State, "rank-9", MPI_STATE, 0.006291, 0.006307, 0.000016, 0.000000, PMPI_Barrier
State, "rank-9", MPI_STATE, 0.006307, 0.006307, 0.000000, 0.000000, PMPI_Finalize
Container, 0, MPI, 0, 0.006306, 0.006306, "rank-0"
State, "rank-0", MPI_STATE, 0.000000, 0.000000, 0.000000, 0.000000, PMPI_Init
State, "rank-0", MPI_STATE, 0.000000, 0.000002, 0.000002, 0.000000, PMPI_Barrier
State, "rank-0", MPI_STATE, 0.000002, 0.000906, 0.000904, 0.000000, PMPI_Send
State, "rank-0", MPI_STATE, 0.000906, 0.001809, 0.000903, 0.000000, PMPI_Send
State, "rank-0", MPI_STATE, 0.001809, 0.002706, 0.000897, 0.000000, PMPI_Send
State, "rank-0", MPI_STATE, 0.002706, 0.003608, 0.000902, 0.000000, PMPI_Send
State, "rank-0", MPI_STATE, 0.003608, 0.004504, 0.000896, 0.000000, PMPI_Send
State, "rank-0", MPI_STATE, 0.004504, 0.005406, 0.000902, 0.000000, PMPI_Send
State, "rank-0", MPI_STATE, 0.005406, 0.006300, 0.000894, 0.000000, PMPI_Send
State, "rank-0", MPI_STATE, 0.006300, 0.006302, 0.000002, 0.000000, PMPI_Reduce
State, "rank-0", MPI_STATE, 0.006302, 0.006304, 0.000002, 0.000000, PMPI_Reduce
State, "rank-0", MPI_STATE, 0.006304, 0.006306, 0.000002, 0.000000, PMPI_Barrier
State, "rank-0", MPI_STATE, 0.006306, 0.006306, 0.000000, 0.000000, PMPI_Finalize
