#This file was generated using SimGrid-4.1.0
#[/Users/j/Desktop/A-Bcast-Model-for-Given-Topologies/bin/runner /Users/j/Desktop/A-Bcast-Model-for-Given-Topologies/topo/Dragonfly/platform_dragonfly_128.xml srda 4194304 128 0 _ _ ]
%EventDef PajeDefineContainerType 0
%       Alias string
%       Type string
%       Name string
%EndEventDef
%EventDef PajeDefineVariableType 1
%       Alias string
%       Type string
%       Name string
%       Color color
%EndEventDef
%EventDef PajeDefineStateType 2
%       Alias string
%       Type string
%       Name string
%EndEventDef
%EventDef PajeDefineEventType 3
%       Alias string
%       Type string
%       Name string
%EndEventDef
%EventDef PajeDefineLinkType 4
%       Alias string
%       Type string
%       StartContainerType string
%       EndContainerType string
%       Name string
%EndEventDef
%EventDef PajeDefineEntityValue 5
%       Alias string
%       Type string
%       Name string
%       Color color
%EndEventDef
%EventDef PajeCreateContainer 6
%       Time date
%       Alias string
%       Type string
%       Container string
%       Name string
%EndEventDef
%EventDef PajeDestroyContainer 7
%       Time date
%       Type string
%       Name string
%EndEventDef
%EventDef PajeSetVariable 8
%       Time date
%       Type string
%       Container string
%       Value double
%EndEventDef
%EventDef PajeAddVariable 9
%       Time date
%       Type string
%       Container string
%       Value double
%EndEventDef
%EventDef PajeSubVariable 10
%       Time date
%       Type string
%       Container string
%       Value double
%EndEventDef
%EventDef PajeSetState 11
%       Time date
%       Type string
%       Container string
%       Value string
%EndEventDef
%EventDef PajePushState 12
%       Time date
%       Type string
%       Container string
%       Value string
%EndEventDef
%EventDef PajePopState 13
%       Time date
%       Type string
%       Container string
%EndEventDef
%EventDef PajeResetState 14
%       Time date
%       Type string
%       Container string
%EndEventDef
%EventDef PajeStartLink 15
%       Time date
%       Type string
%       Container string
%       Value string
%       StartContainer string
%       Key string
%EndEventDef
%EventDef PajeEndLink 16
%       Time date
%       Type string
%       Container string
%       Value string
%       EndContainer string
%       Key string
%EndEventDef
%EventDef PajeNewEvent 17
%       Time date
%       Type string
%       Container string
%       Value string
%EndEventDef
0 1 0 MPI
2 2 1 MPI_STATE
4 3 0 1 1 MPI_LINK
4 4 0 1 1 MIGRATE_LINK
2 5 1 MIGRATE_STATE
6 0.000000 1 1 0 "rank-0"
6 0.000000 2 1 0 "rank-1"
6 0.000000 3 1 0 "rank-2"
6 0.000000 4 1 0 "rank-3"
6 0.000000 5 1 0 "rank-4"
6 0.000000 6 1 0 "rank-5"
6 0.000000 7 1 0 "rank-6"
6 0.000000 8 1 0 "rank-7"
6 0.000000 9 1 0 "rank-8"
6 0.000000 10 1 0 "rank-9"
6 0.000000 11 1 0 "rank-10"
6 0.000000 12 1 0 "rank-11"
6 0.000000 13 1 0 "rank-12"
6 0.000000 14 1 0 "rank-13"
6 0.000000 15 1 0 "rank-14"
6 0.000000 16 1 0 "rank-15"
6 0.000000 17 1 0 "rank-16"
6 0.000000 18 1 0 "rank-17"
6 0.000000 19 1 0 "rank-18"
6 0.000000 20 1 0 "rank-19"
6 0.000000 21 1 0 "rank-20"
6 0.000000 22 1 0 "rank-21"
6 0.000000 23 1 0 "rank-22"
6 0.000000 24 1 0 "rank-23"
6 0.000000 25 1 0 "rank-24"
6 0.000000 26 1 0 "rank-25"
6 0.000000 27 1 0 "rank-26"
6 0.000000 28 1 0 "rank-27"
6 0.000000 29 1 0 "rank-28"
6 0.000000 30 1 0 "rank-29"
6 0.000000 31 1 0 "rank-30"
6 0.000000 32 1 0 "rank-31"
6 0.000000 33 1 0 "rank-32"
6 0.000000 34 1 0 "rank-33"
6 0.000000 35 1 0 "rank-34"
6 0.000000 36 1 0 "rank-35"
6 0.000000 37 1 0 "rank-36"
6 0.000000 38 1 0 "rank-37"
6 0.000000 39 1 0 "rank-38"
6 0.000000 40 1 0 "rank-39"
6 0.000000 41 1 0 "rank-40"
6 0.000000 42 1 0 "rank-41"
6 0.000000 43 1 0 "rank-42"
6 0.000000 44 1 0 "rank-43"
6 0.000000 45 1 0 "rank-44"
6 0.000000 46 1 0 "rank-45"
6 0.000000 47 1 0 "rank-46"
6 0.000000 48 1 0 "rank-47"
6 0.000000 49 1 0 "rank-48"
6 0.000000 50 1 0 "rank-49"
6 0.000000 51 1 0 "rank-50"
6 0.000000 52 1 0 "rank-51"
6 0.000000 53 1 0 "rank-52"
6 0.000000 54 1 0 "rank-53"
6 0.000000 55 1 0 "rank-54"
6 0.000000 56 1 0 "rank-55"
6 0.000000 57 1 0 "rank-56"
6 0.000000 58 1 0 "rank-57"
6 0.000000 59 1 0 "rank-58"
6 0.000000 60 1 0 "rank-59"
6 0.000000 61 1 0 "rank-60"
6 0.000000 62 1 0 "rank-61"
6 0.000000 63 1 0 "rank-62"
6 0.000000 64 1 0 "rank-63"
6 0.000000 65 1 0 "rank-64"
6 0.000000 66 1 0 "rank-65"
6 0.000000 67 1 0 "rank-66"
6 0.000000 68 1 0 "rank-67"
6 0.000000 69 1 0 "rank-68"
6 0.000000 70 1 0 "rank-69"
6 0.000000 71 1 0 "rank-70"
6 0.000000 72 1 0 "rank-71"
6 0.000000 73 1 0 "rank-72"
6 0.000000 74 1 0 "rank-73"
6 0.000000 75 1 0 "rank-74"
6 0.000000 76 1 0 "rank-75"
6 0.000000 77 1 0 "rank-76"
6 0.000000 78 1 0 "rank-77"
6 0.000000 79 1 0 "rank-78"
6 0.000000 80 1 0 "rank-79"
6 0.000000 81 1 0 "rank-80"
6 0.000000 82 1 0 "rank-81"
6 0.000000 83 1 0 "rank-82"
6 0.000000 84 1 0 "rank-83"
6 0.000000 85 1 0 "rank-84"
6 0.000000 86 1 0 "rank-85"
6 0.000000 87 1 0 "rank-86"
6 0.000000 88 1 0 "rank-87"
6 0.000000 89 1 0 "rank-88"
6 0.000000 90 1 0 "rank-89"
6 0.000000 91 1 0 "rank-90"
6 0.000000 92 1 0 "rank-91"
6 0.000000 93 1 0 "rank-92"
6 0.000000 94 1 0 "rank-93"
6 0.000000 95 1 0 "rank-94"
6 0.000000 96 1 0 "rank-95"
6 0.000000 97 1 0 "rank-96"
6 0.000000 98 1 0 "rank-97"
6 0.000000 99 1 0 "rank-98"
6 0.000000 100 1 0 "rank-99"
6 0.000000 101 1 0 "rank-100"
6 0.000000 102 1 0 "rank-101"
6 0.000000 103 1 0 "rank-102"
6 0.000000 104 1 0 "rank-103"
6 0.000000 105 1 0 "rank-104"
6 0.000000 106 1 0 "rank-105"
6 0.000000 107 1 0 "rank-106"
6 0.000000 108 1 0 "rank-107"
6 0.000000 109 1 0 "rank-108"
6 0.000000 110 1 0 "rank-109"
6 0.000000 111 1 0 "rank-110"
6 0.000000 112 1 0 "rank-111"
6 0.000000 113 1 0 "rank-112"
6 0.000000 114 1 0 "rank-113"
6 0.000000 115 1 0 "rank-114"
6 0.000000 116 1 0 "rank-115"
6 0.000000 117 1 0 "rank-116"
6 0.000000 118 1 0 "rank-117"
6 0.000000 119 1 0 "rank-118"
6 0.000000 120 1 0 "rank-119"
6 0.000000 121 1 0 "rank-120"
6 0.000000 122 1 0 "rank-121"
6 0.000000 123 1 0 "rank-122"
6 0.000000 124 1 0 "rank-123"
6 0.000000 125 1 0 "rank-124"
6 0.000000 126 1 0 "rank-125"
6 0.000000 127 1 0 "rank-126"
6 0.000000 128 1 0 "rank-127"
5 6 2 PMPI_Init "0 1 0"
5 7 2 PMPI_Barrier "0 0.39 0.78"
12 0.000000 2 1 6
13 0.000000 2 1
12 0.000000 2 2 6
13 0.000000 2 2
12 0.000000 2 3 6
13 0.000000 2 3
12 0.000000 2 4 6
13 0.000000 2 4
12 0.000000 2 5 6
13 0.000000 2 5
12 0.000000 2 6 6
13 0.000000 2 6
12 0.000000 2 7 6
13 0.000000 2 7
12 0.000000 2 8 6
13 0.000000 2 8
12 0.000000 2 9 6
13 0.000000 2 9
12 0.000000 2 10 6
13 0.000000 2 10
12 0.000000 2 11 6
13 0.000000 2 11
12 0.000000 2 12 6
13 0.000000 2 12
12 0.000000 2 13 6
13 0.000000 2 13
12 0.000000 2 14 6
13 0.000000 2 14
12 0.000000 2 15 6
13 0.000000 2 15
12 0.000000 2 16 6
13 0.000000 2 16
12 0.000000 2 17 6
13 0.000000 2 17
12 0.000000 2 18 6
13 0.000000 2 18
12 0.000000 2 19 6
13 0.000000 2 19
12 0.000000 2 20 6
13 0.000000 2 20
12 0.000000 2 21 6
13 0.000000 2 21
12 0.000000 2 22 6
13 0.000000 2 22
12 0.000000 2 23 6
13 0.000000 2 23
12 0.000000 2 24 6
13 0.000000 2 24
12 0.000000 2 25 6
13 0.000000 2 25
12 0.000000 2 26 6
13 0.000000 2 26
12 0.000000 2 27 6
13 0.000000 2 27
12 0.000000 2 28 6
13 0.000000 2 28
12 0.000000 2 29 6
13 0.000000 2 29
12 0.000000 2 30 6
13 0.000000 2 30
12 0.000000 2 31 6
13 0.000000 2 31
12 0.000000 2 32 6
13 0.000000 2 32
12 0.000000 2 33 6
13 0.000000 2 33
12 0.000000 2 34 6
13 0.000000 2 34
12 0.000000 2 35 6
13 0.000000 2 35
12 0.000000 2 36 6
13 0.000000 2 36
12 0.000000 2 37 6
13 0.000000 2 37
12 0.000000 2 38 6
13 0.000000 2 38
12 0.000000 2 39 6
13 0.000000 2 39
12 0.000000 2 40 6
13 0.000000 2 40
12 0.000000 2 41 6
13 0.000000 2 41
12 0.000000 2 42 6
13 0.000000 2 42
12 0.000000 2 43 6
13 0.000000 2 43
12 0.000000 2 44 6
13 0.000000 2 44
12 0.000000 2 45 6
13 0.000000 2 45
12 0.000000 2 46 6
13 0.000000 2 46
12 0.000000 2 47 6
13 0.000000 2 47
12 0.000000 2 48 6
13 0.000000 2 48
12 0.000000 2 49 6
13 0.000000 2 49
12 0.000000 2 50 6
13 0.000000 2 50
12 0.000000 2 51 6
13 0.000000 2 51
12 0.000000 2 52 6
13 0.000000 2 52
12 0.000000 2 53 6
13 0.000000 2 53
12 0.000000 2 54 6
13 0.000000 2 54
12 0.000000 2 55 6
13 0.000000 2 55
12 0.000000 2 56 6
13 0.000000 2 56
12 0.000000 2 57 6
13 0.000000 2 57
12 0.000000 2 58 6
13 0.000000 2 58
12 0.000000 2 59 6
13 0.000000 2 59
12 0.000000 2 60 6
13 0.000000 2 60
12 0.000000 2 61 6
13 0.000000 2 61
12 0.000000 2 62 6
13 0.000000 2 62
12 0.000000 2 63 6
13 0.000000 2 63
12 0.000000 2 64 6
13 0.000000 2 64
12 0.000000 2 65 6
13 0.000000 2 65
12 0.000000 2 66 6
13 0.000000 2 66
12 0.000000 2 67 6
13 0.000000 2 67
12 0.000000 2 68 6
13 0.000000 2 68
12 0.000000 2 69 6
13 0.000000 2 69
12 0.000000 2 70 6
13 0.000000 2 70
12 0.000000 2 71 6
13 0.000000 2 71
12 0.000000 2 72 6
13 0.000000 2 72
12 0.000000 2 73 6
13 0.000000 2 73
12 0.000000 2 74 6
13 0.000000 2 74
12 0.000000 2 75 6
13 0.000000 2 75
12 0.000000 2 76 6
13 0.000000 2 76
12 0.000000 2 77 6
13 0.000000 2 77
12 0.000000 2 78 6
13 0.000000 2 78
12 0.000000 2 79 6
13 0.000000 2 79
12 0.000000 2 80 6
13 0.000000 2 80
12 0.000000 2 81 6
13 0.000000 2 81
12 0.000000 2 82 6
13 0.000000 2 82
12 0.000000 2 83 6
13 0.000000 2 83
12 0.000000 2 84 6
13 0.000000 2 84
12 0.000000 2 85 6
13 0.000000 2 85
12 0.000000 2 86 6
13 0.000000 2 86
12 0.000000 2 87 6
13 0.000000 2 87
12 0.000000 2 88 6
13 0.000000 2 88
12 0.000000 2 89 6
13 0.000000 2 89
12 0.000000 2 90 6
13 0.000000 2 90
12 0.000000 2 91 6
13 0.000000 2 91
12 0.000000 2 92 6
13 0.000000 2 92
12 0.000000 2 93 6
13 0.000000 2 93
12 0.000000 2 94 6
13 0.000000 2 94
12 0.000000 2 95 6
13 0.000000 2 95
12 0.000000 2 96 6
13 0.000000 2 96
12 0.000000 2 97 6
13 0.000000 2 97
12 0.000000 2 98 6
13 0.000000 2 98
12 0.000000 2 99 6
13 0.000000 2 99
12 0.000000 2 100 6
13 0.000000 2 100
12 0.000000 2 101 6
13 0.000000 2 101
12 0.000000 2 102 6
13 0.000000 2 102
12 0.000000 2 103 6
13 0.000000 2 103
12 0.000000 2 104 6
13 0.000000 2 104
12 0.000000 2 105 6
13 0.000000 2 105
12 0.000000 2 106 6
13 0.000000 2 106
12 0.000000 2 107 6
13 0.000000 2 107
12 0.000000 2 108 6
13 0.000000 2 108
12 0.000000 2 109 6
13 0.000000 2 109
12 0.000000 2 110 6
13 0.000000 2 110
12 0.000000 2 111 6
13 0.000000 2 111
12 0.000000 2 112 6
13 0.000000 2 112
12 0.000000 2 113 6
13 0.000000 2 113
12 0.000000 2 114 6
13 0.000000 2 114
12 0.000000 2 115 6
13 0.000000 2 115
12 0.000000 2 116 6
13 0.000000 2 116
12 0.000000 2 117 6
13 0.000000 2 117
12 0.000000 2 118 6
13 0.000000 2 118
12 0.000000 2 119 6
13 0.000000 2 119
12 0.000000 2 120 6
13 0.000000 2 120
12 0.000000 2 121 6
13 0.000000 2 121
12 0.000000 2 122 6
13 0.000000 2 122
12 0.000000 2 123 6
13 0.000000 2 123
12 0.000000 2 124 6
13 0.000000 2 124
12 0.000000 2 125 6
13 0.000000 2 125
12 0.000000 2 126 6
13 0.000000 2 126
12 0.000000 2 127 6
13 0.000000 2 127
12 0.000000 2 128 6
13 0.000000 2 128
12 0.000000 2 1 7
12 0.000000 2 2 7
15 0.000000 3 0 PTP 2 2_1_-778_1
12 0.000000 2 3 7
15 0.000000 3 0 PTP 3 3_1_-778_2
12 0.000000 2 4 7
15 0.000000 3 0 PTP 4 4_1_-778_3
12 0.000000 2 5 7
15 0.000000 3 0 PTP 5 5_1_-778_4
12 0.000000 2 6 7
15 0.000000 3 0 PTP 6 6_1_-778_5
12 0.000000 2 7 7
15 0.000000 3 0 PTP 7 7_1_-778_6
12 0.000000 2 8 7
15 0.000000 3 0 PTP 8 8_1_-778_7
12 0.000000 2 9 7
15 0.000000 3 0 PTP 9 9_1_-778_8
12 0.000000 2 10 7
15 0.000000 3 0 PTP 10 10_1_-778_9
12 0.000000 2 11 7
15 0.000000 3 0 PTP 11 11_1_-778_10
12 0.000000 2 12 7
15 0.000000 3 0 PTP 12 12_1_-778_11
12 0.000000 2 13 7
15 0.000000 3 0 PTP 13 13_1_-778_12
12 0.000000 2 14 7
15 0.000000 3 0 PTP 14 14_1_-778_13
12 0.000000 2 15 7
15 0.000000 3 0 PTP 15 15_1_-778_14
12 0.000000 2 16 7
15 0.000000 3 0 PTP 16 16_1_-778_15
12 0.000000 2 17 7
15 0.000000 3 0 PTP 17 17_1_-778_16
12 0.000000 2 18 7
15 0.000000 3 0 PTP 18 18_1_-778_17
12 0.000000 2 19 7
15 0.000000 3 0 PTP 19 19_1_-778_18
12 0.000000 2 20 7
15 0.000000 3 0 PTP 20 20_1_-778_19
12 0.000000 2 21 7
15 0.000000 3 0 PTP 21 21_1_-778_20
12 0.000000 2 22 7
15 0.000000 3 0 PTP 22 22_1_-778_21
12 0.000000 2 23 7
15 0.000000 3 0 PTP 23 23_1_-778_22
12 0.000000 2 24 7
15 0.000000 3 0 PTP 24 24_1_-778_23
12 0.000000 2 25 7
15 0.000000 3 0 PTP 25 25_1_-778_24
12 0.000000 2 26 7
15 0.000000 3 0 PTP 26 26_1_-778_25
12 0.000000 2 27 7
15 0.000000 3 0 PTP 27 27_1_-778_26
12 0.000000 2 28 7
15 0.000000 3 0 PTP 28 28_1_-778_27
12 0.000000 2 29 7
15 0.000000 3 0 PTP 29 29_1_-778_28
12 0.000000 2 30 7
15 0.000000 3 0 PTP 30 30_1_-778_29
12 0.000000 2 31 7
15 0.000000 3 0 PTP 31 31_1_-778_30
12 0.000000 2 32 7
15 0.000000 3 0 PTP 32 32_1_-778_31
12 0.000000 2 33 7
15 0.000000 3 0 PTP 33 33_1_-778_32
12 0.000000 2 34 7
15 0.000000 3 0 PTP 34 34_1_-778_33
12 0.000000 2 35 7
15 0.000000 3 0 PTP 35 35_1_-778_34
12 0.000000 2 36 7
15 0.000000 3 0 PTP 36 36_1_-778_35
12 0.000000 2 37 7
15 0.000000 3 0 PTP 37 37_1_-778_36
12 0.000000 2 38 7
15 0.000000 3 0 PTP 38 38_1_-778_37
12 0.000000 2 39 7
15 0.000000 3 0 PTP 39 39_1_-778_38
12 0.000000 2 40 7
15 0.000000 3 0 PTP 40 40_1_-778_39
12 0.000000 2 41 7
15 0.000000 3 0 PTP 41 41_1_-778_40
12 0.000000 2 42 7
15 0.000000 3 0 PTP 42 42_1_-778_41
12 0.000000 2 43 7
15 0.000000 3 0 PTP 43 43_1_-778_42
12 0.000000 2 44 7
15 0.000000 3 0 PTP 44 44_1_-778_43
12 0.000000 2 45 7
15 0.000000 3 0 PTP 45 45_1_-778_44
12 0.000000 2 46 7
15 0.000000 3 0 PTP 46 46_1_-778_45
12 0.000000 2 47 7
15 0.000000 3 0 PTP 47 47_1_-778_46
12 0.000000 2 48 7
15 0.000000 3 0 PTP 48 48_1_-778_47
12 0.000000 2 49 7
15 0.000000 3 0 PTP 49 49_1_-778_48
12 0.000000 2 50 7
15 0.000000 3 0 PTP 50 50_1_-778_49
12 0.000000 2 51 7
15 0.000000 3 0 PTP 51 51_1_-778_50
12 0.000000 2 52 7
15 0.000000 3 0 PTP 52 52_1_-778_51
12 0.000000 2 53 7
15 0.000000 3 0 PTP 53 53_1_-778_52
12 0.000000 2 54 7
15 0.000000 3 0 PTP 54 54_1_-778_53
12 0.000000 2 55 7
15 0.000000 3 0 PTP 55 55_1_-778_54
12 0.000000 2 56 7
15 0.000000 3 0 PTP 56 56_1_-778_55
12 0.000000 2 57 7
15 0.000000 3 0 PTP 57 57_1_-778_56
12 0.000000 2 58 7
15 0.000000 3 0 PTP 58 58_1_-778_57
12 0.000000 2 59 7
15 0.000000 3 0 PTP 59 59_1_-778_58
12 0.000000 2 60 7
15 0.000000 3 0 PTP 60 60_1_-778_59
12 0.000000 2 61 7
15 0.000000 3 0 PTP 61 61_1_-778_60
12 0.000000 2 62 7
15 0.000000 3 0 PTP 62 62_1_-778_61
12 0.000000 2 63 7
15 0.000000 3 0 PTP 63 63_1_-778_62
12 0.000000 2 64 7
15 0.000000 3 0 PTP 64 64_1_-778_63
12 0.000000 2 65 7
15 0.000000 3 0 PTP 65 65_1_-778_64
12 0.000000 2 66 7
15 0.000000 3 0 PTP 66 66_1_-778_65
12 0.000000 2 67 7
15 0.000000 3 0 PTP 67 67_1_-778_66
12 0.000000 2 68 7
15 0.000000 3 0 PTP 68 68_1_-778_67
12 0.000000 2 69 7
15 0.000000 3 0 PTP 69 69_1_-778_68
12 0.000000 2 70 7
15 0.000000 3 0 PTP 70 70_1_-778_69
12 0.000000 2 71 7
15 0.000000 3 0 PTP 71 71_1_-778_70
12 0.000000 2 72 7
15 0.000000 3 0 PTP 72 72_1_-778_71
12 0.000000 2 73 7
15 0.000000 3 0 PTP 73 73_1_-778_72
12 0.000000 2 74 7
15 0.000000 3 0 PTP 74 74_1_-778_73
12 0.000000 2 75 7
15 0.000000 3 0 PTP 75 75_1_-778_74
12 0.000000 2 76 7
15 0.000000 3 0 PTP 76 76_1_-778_75
12 0.000000 2 77 7
15 0.000000 3 0 PTP 77 77_1_-778_76
12 0.000000 2 78 7
15 0.000000 3 0 PTP 78 78_1_-778_77
12 0.000000 2 79 7
15 0.000000 3 0 PTP 79 79_1_-778_78
12 0.000000 2 80 7
15 0.000000 3 0 PTP 80 80_1_-778_79
12 0.000000 2 81 7
15 0.000000 3 0 PTP 81 81_1_-778_80
12 0.000000 2 82 7
15 0.000000 3 0 PTP 82 82_1_-778_81
12 0.000000 2 83 7
15 0.000000 3 0 PTP 83 83_1_-778_82
12 0.000000 2 84 7
15 0.000000 3 0 PTP 84 84_1_-778_83
12 0.000000 2 85 7
15 0.000000 3 0 PTP 85 85_1_-778_84
12 0.000000 2 86 7
15 0.000000 3 0 PTP 86 86_1_-778_85
12 0.000000 2 87 7
15 0.000000 3 0 PTP 87 87_1_-778_86
12 0.000000 2 88 7
15 0.000000 3 0 PTP 88 88_1_-778_87
12 0.000000 2 89 7
15 0.000000 3 0 PTP 89 89_1_-778_88
12 0.000000 2 90 7
15 0.000000 3 0 PTP 90 90_1_-778_89
12 0.000000 2 91 7
15 0.000000 3 0 PTP 91 91_1_-778_90
12 0.000000 2 92 7
15 0.000000 3 0 PTP 92 92_1_-778_91
12 0.000000 2 93 7
15 0.000000 3 0 PTP 93 93_1_-778_92
12 0.000000 2 94 7
15 0.000000 3 0 PTP 94 94_1_-778_93
12 0.000000 2 95 7
15 0.000000 3 0 PTP 95 95_1_-778_94
12 0.000000 2 96 7
15 0.000000 3 0 PTP 96 96_1_-778_95
12 0.000000 2 97 7
15 0.000000 3 0 PTP 97 97_1_-778_96
12 0.000000 2 98 7
15 0.000000 3 0 PTP 98 98_1_-778_97
12 0.000000 2 99 7
15 0.000000 3 0 PTP 99 99_1_-778_98
12 0.000000 2 100 7
15 0.000000 3 0 PTP 100 100_1_-778_99
12 0.000000 2 101 7
15 0.000000 3 0 PTP 101 101_1_-778_100
12 0.000000 2 102 7
15 0.000000 3 0 PTP 102 102_1_-778_101
12 0.000000 2 103 7
15 0.000000 3 0 PTP 103 103_1_-778_102
12 0.000000 2 104 7
15 0.000000 3 0 PTP 104 104_1_-778_103
12 0.000000 2 105 7
15 0.000000 3 0 PTP 105 105_1_-778_104
12 0.000000 2 106 7
15 0.000000 3 0 PTP 106 106_1_-778_105
12 0.000000 2 107 7
15 0.000000 3 0 PTP 107 107_1_-778_106
12 0.000000 2 108 7
15 0.000000 3 0 PTP 108 108_1_-778_107
12 0.000000 2 109 7
15 0.000000 3 0 PTP 109 109_1_-778_108
12 0.000000 2 110 7
15 0.000000 3 0 PTP 110 110_1_-778_109
12 0.000000 2 111 7
15 0.000000 3 0 PTP 111 111_1_-778_110
12 0.000000 2 112 7
15 0.000000 3 0 PTP 112 112_1_-778_111
12 0.000000 2 113 7
15 0.000000 3 0 PTP 113 113_1_-778_112
12 0.000000 2 114 7
15 0.000000 3 0 PTP 114 114_1_-778_113
12 0.000000 2 115 7
15 0.000000 3 0 PTP 115 115_1_-778_114
12 0.000000 2 116 7
15 0.000000 3 0 PTP 116 116_1_-778_115
12 0.000000 2 117 7
15 0.000000 3 0 PTP 117 117_1_-778_116
12 0.000000 2 118 7
15 0.000000 3 0 PTP 118 118_1_-778_117
12 0.000000 2 119 7
15 0.000000 3 0 PTP 119 119_1_-778_118
12 0.000000 2 120 7
15 0.000000 3 0 PTP 120 120_1_-778_119
12 0.000000 2 121 7
15 0.000000 3 0 PTP 121 121_1_-778_120
12 0.000000 2 122 7
15 0.000000 3 0 PTP 122 122_1_-778_121
12 0.000000 2 123 7
15 0.000000 3 0 PTP 123 123_1_-778_122
12 0.000000 2 124 7
15 0.000000 3 0 PTP 124 124_1_-778_123
12 0.000000 2 125 7
15 0.000000 3 0 PTP 125 125_1_-778_124
12 0.000000 2 126 7
15 0.000000 3 0 PTP 126 126_1_-778_125
12 0.000000 2 127 7
15 0.000000 3 0 PTP 127 127_1_-778_126
12 0.000000 2 128 7
15 0.000000 3 0 PTP 128 128_1_-778_127
5 8 2 PMPI_Scatter "1 0.74 0.54"
5 9 2 PMPI_Sendrecv "0 1 1"
5 10 2 PMPI_Reduce "0 1 0"
5 11 2 PMPI_Finalize "0 1 0"
16 0.000000 3 0 PTP 1 2_1_-778_1
16 0.000001 3 0 PTP 1 3_1_-778_2
16 0.000001 3 0 PTP 1 4_1_-778_3
16 0.000001 3 0 PTP 1 5_1_-778_4
16 0.000001 3 0 PTP 1 6_1_-778_5
16 0.000001 3 0 PTP 1 7_1_-778_6
16 0.000001 3 0 PTP 1 8_1_-778_7
16 0.000001 3 0 PTP 1 9_1_-778_8
16 0.000001 3 0 PTP 1 10_1_-778_9
16 0.000001 3 0 PTP 1 17_1_-778_16
16 0.000001 3 0 PTP 1 18_1_-778_17
16 0.000001 3 0 PTP 1 25_1_-778_24
16 0.000001 3 0 PTP 1 26_1_-778_25
16 0.000001 3 0 PTP 1 11_1_-778_10
16 0.000001 3 0 PTP 1 12_1_-778_11
16 0.000001 3 0 PTP 1 13_1_-778_12
16 0.000001 3 0 PTP 1 14_1_-778_13
16 0.000001 3 0 PTP 1 15_1_-778_14
16 0.000001 3 0 PTP 1 16_1_-778_15
16 0.000001 3 0 PTP 1 19_1_-778_18
16 0.000001 3 0 PTP 1 20_1_-778_19
16 0.000001 3 0 PTP 1 21_1_-778_20
16 0.000001 3 0 PTP 1 22_1_-778_21
16 0.000001 3 0 PTP 1 23_1_-778_22
16 0.000001 3 0 PTP 1 24_1_-778_23
16 0.000001 3 0 PTP 1 27_1_-778_26
16 0.000001 3 0 PTP 1 28_1_-778_27
16 0.000001 3 0 PTP 1 29_1_-778_28
16 0.000001 3 0 PTP 1 30_1_-778_29
16 0.000001 3 0 PTP 1 31_1_-778_30
16 0.000001 3 0 PTP 1 32_1_-778_31
16 0.000001 3 0 PTP 1 33_1_-778_32
16 0.000001 3 0 PTP 1 34_1_-778_33
16 0.000001 3 0 PTP 1 65_1_-778_64
16 0.000001 3 0 PTP 1 66_1_-778_65
16 0.000001 3 0 PTP 1 97_1_-778_96
16 0.000001 3 0 PTP 1 98_1_-778_97
16 0.000001 3 0 PTP 1 35_1_-778_34
16 0.000001 3 0 PTP 1 36_1_-778_35
16 0.000001 3 0 PTP 1 37_1_-778_36
16 0.000001 3 0 PTP 1 38_1_-778_37
16 0.000001 3 0 PTP 1 39_1_-778_38
16 0.000001 3 0 PTP 1 40_1_-778_39
16 0.000001 3 0 PTP 1 67_1_-778_66
16 0.000001 3 0 PTP 1 68_1_-778_67
16 0.000001 3 0 PTP 1 69_1_-778_68
16 0.000001 3 0 PTP 1 70_1_-778_69
16 0.000001 3 0 PTP 1 71_1_-778_70
16 0.000001 3 0 PTP 1 72_1_-778_71
16 0.000001 3 0 PTP 1 99_1_-778_98
16 0.000001 3 0 PTP 1 100_1_-778_99
16 0.000001 3 0 PTP 1 101_1_-778_100
16 0.000001 3 0 PTP 1 102_1_-778_101
16 0.000001 3 0 PTP 1 103_1_-778_102
16 0.000001 3 0 PTP 1 104_1_-778_103
16 0.000002 3 0 PTP 1 41_1_-778_40
16 0.000002 3 0 PTP 1 42_1_-778_41
16 0.000002 3 0 PTP 1 49_1_-778_48
16 0.000002 3 0 PTP 1 50_1_-778_49
16 0.000002 3 0 PTP 1 57_1_-778_56
16 0.000002 3 0 PTP 1 58_1_-778_57
16 0.000002 3 0 PTP 1 73_1_-778_72
16 0.000002 3 0 PTP 1 74_1_-778_73
16 0.000002 3 0 PTP 1 81_1_-778_80
16 0.000002 3 0 PTP 1 82_1_-778_81
16 0.000002 3 0 PTP 1 89_1_-778_88
16 0.000002 3 0 PTP 1 90_1_-778_89
16 0.000002 3 0 PTP 1 105_1_-778_104
16 0.000002 3 0 PTP 1 106_1_-778_105
16 0.000002 3 0 PTP 1 113_1_-778_112
16 0.000002 3 0 PTP 1 114_1_-778_113
16 0.000002 3 0 PTP 1 121_1_-778_120
16 0.000002 3 0 PTP 1 122_1_-778_121
16 0.000002 3 0 PTP 1 43_1_-778_42
16 0.000002 3 0 PTP 1 44_1_-778_43
16 0.000002 3 0 PTP 1 45_1_-778_44
16 0.000002 3 0 PTP 1 46_1_-778_45
16 0.000002 3 0 PTP 1 47_1_-778_46
16 0.000002 3 0 PTP 1 48_1_-778_47
16 0.000002 3 0 PTP 1 51_1_-778_50
16 0.000002 3 0 PTP 1 52_1_-778_51
16 0.000002 3 0 PTP 1 53_1_-778_52
16 0.000002 3 0 PTP 1 54_1_-778_53
16 0.000002 3 0 PTP 1 55_1_-778_54
16 0.000002 3 0 PTP 1 56_1_-778_55
16 0.000002 3 0 PTP 1 59_1_-778_58
16 0.000002 3 0 PTP 1 60_1_-778_59
16 0.000002 3 0 PTP 1 61_1_-778_60
16 0.000002 3 0 PTP 1 62_1_-778_61
16 0.000002 3 0 PTP 1 63_1_-778_62
16 0.000002 3 0 PTP 1 64_1_-778_63
16 0.000002 3 0 PTP 1 75_1_-778_74
16 0.000002 3 0 PTP 1 76_1_-778_75
16 0.000002 3 0 PTP 1 77_1_-778_76
16 0.000002 3 0 PTP 1 78_1_-778_77
16 0.000002 3 0 PTP 1 79_1_-778_78
16 0.000002 3 0 PTP 1 80_1_-778_79
16 0.000002 3 0 PTP 1 83_1_-778_82
16 0.000002 3 0 PTP 1 84_1_-778_83
16 0.000002 3 0 PTP 1 85_1_-778_84
16 0.000002 3 0 PTP 1 86_1_-778_85
16 0.000002 3 0 PTP 1 87_1_-778_86
16 0.000002 3 0 PTP 1 88_1_-778_87
16 0.000002 3 0 PTP 1 91_1_-778_90
16 0.000002 3 0 PTP 1 92_1_-778_91
16 0.000002 3 0 PTP 1 93_1_-778_92
16 0.000002 3 0 PTP 1 94_1_-778_93
16 0.000002 3 0 PTP 1 95_1_-778_94
16 0.000002 3 0 PTP 1 96_1_-778_95
16 0.000002 3 0 PTP 1 107_1_-778_106
16 0.000002 3 0 PTP 1 108_1_-778_107
16 0.000002 3 0 PTP 1 109_1_-778_108
16 0.000002 3 0 PTP 1 110_1_-778_109
16 0.000002 3 0 PTP 1 111_1_-778_110
16 0.000002 3 0 PTP 1 112_1_-778_111
16 0.000002 3 0 PTP 1 115_1_-778_114
16 0.000002 3 0 PTP 1 116_1_-778_115
16 0.000002 3 0 PTP 1 117_1_-778_116
16 0.000002 3 0 PTP 1 118_1_-778_117
16 0.000002 3 0 PTP 1 119_1_-778_118
16 0.000002 3 0 PTP 1 120_1_-778_119
16 0.000002 3 0 PTP 1 123_1_-778_122
16 0.000002 3 0 PTP 1 124_1_-778_123
16 0.000002 3 0 PTP 1 125_1_-778_124
16 0.000002 3 0 PTP 1 126_1_-778_125
16 0.000002 3 0 PTP 1 127_1_-778_126
16 0.000002 3 0 PTP 1 128_1_-778_127
15 0.000002 3 0 PTP 1 1_2_-778_128
15 0.000002 3 0 PTP 1 1_3_-778_129
15 0.000002 3 0 PTP 1 1_4_-778_130
15 0.000002 3 0 PTP 1 1_5_-778_131
15 0.000002 3 0 PTP 1 1_6_-778_132
15 0.000002 3 0 PTP 1 1_7_-778_133
15 0.000002 3 0 PTP 1 1_8_-778_134
15 0.000002 3 0 PTP 1 1_9_-778_135
15 0.000002 3 0 PTP 1 1_10_-778_136
15 0.000002 3 0 PTP 1 1_11_-778_137
15 0.000002 3 0 PTP 1 1_12_-778_138
15 0.000002 3 0 PTP 1 1_13_-778_139
15 0.000002 3 0 PTP 1 1_14_-778_140
15 0.000002 3 0 PTP 1 1_15_-778_141
15 0.000002 3 0 PTP 1 1_16_-778_142
15 0.000002 3 0 PTP 1 1_17_-778_143
15 0.000002 3 0 PTP 1 1_18_-778_144
15 0.000002 3 0 PTP 1 1_19_-778_145
15 0.000002 3 0 PTP 1 1_20_-778_146
15 0.000002 3 0 PTP 1 1_21_-778_147
15 0.000002 3 0 PTP 1 1_22_-778_148
15 0.000002 3 0 PTP 1 1_23_-778_149
15 0.000002 3 0 PTP 1 1_24_-778_150
15 0.000002 3 0 PTP 1 1_25_-778_151
15 0.000002 3 0 PTP 1 1_26_-778_152
15 0.000002 3 0 PTP 1 1_27_-778_153
15 0.000002 3 0 PTP 1 1_28_-778_154
15 0.000002 3 0 PTP 1 1_29_-778_155
15 0.000002 3 0 PTP 1 1_30_-778_156
15 0.000002 3 0 PTP 1 1_31_-778_157
15 0.000002 3 0 PTP 1 1_32_-778_158
15 0.000002 3 0 PTP 1 1_33_-778_159
15 0.000002 3 0 PTP 1 1_34_-778_160
15 0.000002 3 0 PTP 1 1_35_-778_161
15 0.000002 3 0 PTP 1 1_36_-778_162
15 0.000002 3 0 PTP 1 1_37_-778_163
15 0.000002 3 0 PTP 1 1_38_-778_164
15 0.000002 3 0 PTP 1 1_39_-778_165
15 0.000002 3 0 PTP 1 1_40_-778_166
15 0.000002 3 0 PTP 1 1_41_-778_167
15 0.000002 3 0 PTP 1 1_42_-778_168
15 0.000002 3 0 PTP 1 1_43_-778_169
15 0.000002 3 0 PTP 1 1_44_-778_170
15 0.000002 3 0 PTP 1 1_45_-778_171
15 0.000002 3 0 PTP 1 1_46_-778_172
15 0.000002 3 0 PTP 1 1_47_-778_173
15 0.000002 3 0 PTP 1 1_48_-778_174
15 0.000002 3 0 PTP 1 1_49_-778_175
15 0.000002 3 0 PTP 1 1_50_-778_176
15 0.000002 3 0 PTP 1 1_51_-778_177
15 0.000002 3 0 PTP 1 1_52_-778_178
15 0.000002 3 0 PTP 1 1_53_-778_179
15 0.000002 3 0 PTP 1 1_54_-778_180
15 0.000002 3 0 PTP 1 1_55_-778_181
15 0.000002 3 0 PTP 1 1_56_-778_182
15 0.000002 3 0 PTP 1 1_57_-778_183
15 0.000002 3 0 PTP 1 1_58_-778_184
15 0.000002 3 0 PTP 1 1_59_-778_185
15 0.000002 3 0 PTP 1 1_60_-778_186
15 0.000002 3 0 PTP 1 1_61_-778_187
15 0.000002 3 0 PTP 1 1_62_-778_188
15 0.000002 3 0 PTP 1 1_63_-778_189
15 0.000002 3 0 PTP 1 1_64_-778_190
15 0.000002 3 0 PTP 1 1_65_-778_191
15 0.000002 3 0 PTP 1 1_66_-778_192
15 0.000002 3 0 PTP 1 1_67_-778_193
15 0.000002 3 0 PTP 1 1_68_-778_194
15 0.000002 3 0 PTP 1 1_69_-778_195
15 0.000002 3 0 PTP 1 1_70_-778_196
15 0.000002 3 0 PTP 1 1_71_-778_197
15 0.000002 3 0 PTP 1 1_72_-778_198
15 0.000002 3 0 PTP 1 1_73_-778_199
15 0.000002 3 0 PTP 1 1_74_-778_200
15 0.000002 3 0 PTP 1 1_75_-778_201
15 0.000002 3 0 PTP 1 1_76_-778_202
15 0.000002 3 0 PTP 1 1_77_-778_203
15 0.000002 3 0 PTP 1 1_78_-778_204
15 0.000002 3 0 PTP 1 1_79_-778_205
15 0.000002 3 0 PTP 1 1_80_-778_206
15 0.000002 3 0 PTP 1 1_81_-778_207
15 0.000002 3 0 PTP 1 1_82_-778_208
15 0.000002 3 0 PTP 1 1_83_-778_209
15 0.000002 3 0 PTP 1 1_84_-778_210
15 0.000002 3 0 PTP 1 1_85_-778_211
15 0.000002 3 0 PTP 1 1_86_-778_212
15 0.000002 3 0 PTP 1 1_87_-778_213
15 0.000002 3 0 PTP 1 1_88_-778_214
15 0.000002 3 0 PTP 1 1_89_-778_215
15 0.000002 3 0 PTP 1 1_90_-778_216
15 0.000002 3 0 PTP 1 1_91_-778_217
15 0.000002 3 0 PTP 1 1_92_-778_218
15 0.000002 3 0 PTP 1 1_93_-778_219
15 0.000002 3 0 PTP 1 1_94_-778_220
15 0.000002 3 0 PTP 1 1_95_-778_221
15 0.000002 3 0 PTP 1 1_96_-778_222
15 0.000002 3 0 PTP 1 1_97_-778_223
15 0.000002 3 0 PTP 1 1_98_-778_224
15 0.000002 3 0 PTP 1 1_99_-778_225
15 0.000002 3 0 PTP 1 1_100_-778_226
15 0.000002 3 0 PTP 1 1_101_-778_227
15 0.000002 3 0 PTP 1 1_102_-778_228
15 0.000002 3 0 PTP 1 1_103_-778_229
15 0.000002 3 0 PTP 1 1_104_-778_230
15 0.000002 3 0 PTP 1 1_105_-778_231
15 0.000002 3 0 PTP 1 1_106_-778_232
15 0.000002 3 0 PTP 1 1_107_-778_233
15 0.000002 3 0 PTP 1 1_108_-778_234
15 0.000002 3 0 PTP 1 1_109_-778_235
15 0.000002 3 0 PTP 1 1_110_-778_236
15 0.000002 3 0 PTP 1 1_111_-778_237
15 0.000002 3 0 PTP 1 1_112_-778_238
15 0.000002 3 0 PTP 1 1_113_-778_239
15 0.000002 3 0 PTP 1 1_114_-778_240
15 0.000002 3 0 PTP 1 1_115_-778_241
15 0.000002 3 0 PTP 1 1_116_-778_242
15 0.000002 3 0 PTP 1 1_117_-778_243
15 0.000002 3 0 PTP 1 1_118_-778_244
15 0.000002 3 0 PTP 1 1_119_-778_245
15 0.000002 3 0 PTP 1 1_120_-778_246
15 0.000002 3 0 PTP 1 1_121_-778_247
15 0.000002 3 0 PTP 1 1_122_-778_248
15 0.000002 3 0 PTP 1 1_123_-778_249
15 0.000002 3 0 PTP 1 1_124_-778_250
15 0.000002 3 0 PTP 1 1_125_-778_251
15 0.000002 3 0 PTP 1 1_126_-778_252
15 0.000002 3 0 PTP 1 1_127_-778_253
15 0.000002 3 0 PTP 1 1_128_-778_254
13 0.000002 2 1
12 0.000002 2 1 8
15 0.000002 3 0 PTP 1 1_2_-223_255
15 0.000002 3 0 PTP 1 1_3_-223_256
15 0.000002 3 0 PTP 1 1_4_-223_257
15 0.000002 3 0 PTP 1 1_5_-223_258
15 0.000002 3 0 PTP 1 1_6_-223_259
15 0.000002 3 0 PTP 1 1_7_-223_260
15 0.000002 3 0 PTP 1 1_8_-223_261
15 0.000002 3 0 PTP 1 1_9_-223_262
15 0.000002 3 0 PTP 1 1_10_-223_263
15 0.000002 3 0 PTP 1 1_11_-223_264
15 0.000002 3 0 PTP 1 1_12_-223_265
15 0.000002 3 0 PTP 1 1_13_-223_266
15 0.000002 3 0 PTP 1 1_14_-223_267
15 0.000002 3 0 PTP 1 1_15_-223_268
15 0.000002 3 0 PTP 1 1_16_-223_269
15 0.000002 3 0 PTP 1 1_17_-223_270
15 0.000002 3 0 PTP 1 1_18_-223_271
15 0.000002 3 0 PTP 1 1_19_-223_272
15 0.000002 3 0 PTP 1 1_20_-223_273
15 0.000002 3 0 PTP 1 1_21_-223_274
15 0.000002 3 0 PTP 1 1_22_-223_275
15 0.000002 3 0 PTP 1 1_23_-223_276
15 0.000002 3 0 PTP 1 1_24_-223_277
15 0.000002 3 0 PTP 1 1_25_-223_278
15 0.000002 3 0 PTP 1 1_26_-223_279
15 0.000002 3 0 PTP 1 1_27_-223_280
15 0.000002 3 0 PTP 1 1_28_-223_281
15 0.000002 3 0 PTP 1 1_29_-223_282
15 0.000002 3 0 PTP 1 1_30_-223_283
15 0.000002 3 0 PTP 1 1_31_-223_284
15 0.000002 3 0 PTP 1 1_32_-223_285
15 0.000002 3 0 PTP 1 1_33_-223_286
15 0.000002 3 0 PTP 1 1_34_-223_287
15 0.000002 3 0 PTP 1 1_35_-223_288
15 0.000002 3 0 PTP 1 1_36_-223_289
15 0.000002 3 0 PTP 1 1_37_-223_290
15 0.000002 3 0 PTP 1 1_38_-223_291
15 0.000002 3 0 PTP 1 1_39_-223_292
15 0.000002 3 0 PTP 1 1_40_-223_293
15 0.000002 3 0 PTP 1 1_41_-223_294
15 0.000002 3 0 PTP 1 1_42_-223_295
15 0.000002 3 0 PTP 1 1_43_-223_296
15 0.000002 3 0 PTP 1 1_44_-223_297
15 0.000002 3 0 PTP 1 1_45_-223_298
15 0.000002 3 0 PTP 1 1_46_-223_299
15 0.000002 3 0 PTP 1 1_47_-223_300
15 0.000002 3 0 PTP 1 1_48_-223_301
15 0.000002 3 0 PTP 1 1_49_-223_302
15 0.000002 3 0 PTP 1 1_50_-223_303
15 0.000002 3 0 PTP 1 1_51_-223_304
15 0.000002 3 0 PTP 1 1_52_-223_305
15 0.000002 3 0 PTP 1 1_53_-223_306
15 0.000002 3 0 PTP 1 1_54_-223_307
15 0.000002 3 0 PTP 1 1_55_-223_308
15 0.000002 3 0 PTP 1 1_56_-223_309
15 0.000002 3 0 PTP 1 1_57_-223_310
15 0.000002 3 0 PTP 1 1_58_-223_311
15 0.000002 3 0 PTP 1 1_59_-223_312
15 0.000002 3 0 PTP 1 1_60_-223_313
15 0.000002 3 0 PTP 1 1_61_-223_314
15 0.000002 3 0 PTP 1 1_62_-223_315
15 0.000002 3 0 PTP 1 1_63_-223_316
15 0.000002 3 0 PTP 1 1_64_-223_317
15 0.000002 3 0 PTP 1 1_65_-223_318
15 0.000002 3 0 PTP 1 1_66_-223_319
15 0.000002 3 0 PTP 1 1_67_-223_320
15 0.000002 3 0 PTP 1 1_68_-223_321
15 0.000002 3 0 PTP 1 1_69_-223_322
15 0.000002 3 0 PTP 1 1_70_-223_323
15 0.000002 3 0 PTP 1 1_71_-223_324
15 0.000002 3 0 PTP 1 1_72_-223_325
15 0.000002 3 0 PTP 1 1_73_-223_326
15 0.000002 3 0 PTP 1 1_74_-223_327
15 0.000002 3 0 PTP 1 1_75_-223_328
15 0.000002 3 0 PTP 1 1_76_-223_329
15 0.000002 3 0 PTP 1 1_77_-223_330
15 0.000002 3 0 PTP 1 1_78_-223_331
15 0.000002 3 0 PTP 1 1_79_-223_332
15 0.000002 3 0 PTP 1 1_80_-223_333
15 0.000002 3 0 PTP 1 1_81_-223_334
15 0.000002 3 0 PTP 1 1_82_-223_335
15 0.000002 3 0 PTP 1 1_83_-223_336
15 0.000002 3 0 PTP 1 1_84_-223_337
15 0.000002 3 0 PTP 1 1_85_-223_338
15 0.000002 3 0 PTP 1 1_86_-223_339
15 0.000002 3 0 PTP 1 1_87_-223_340
15 0.000002 3 0 PTP 1 1_88_-223_341
15 0.000002 3 0 PTP 1 1_89_-223_342
15 0.000002 3 0 PTP 1 1_90_-223_343
15 0.000002 3 0 PTP 1 1_91_-223_344
15 0.000002 3 0 PTP 1 1_92_-223_345
15 0.000002 3 0 PTP 1 1_93_-223_346
15 0.000002 3 0 PTP 1 1_94_-223_347
15 0.000002 3 0 PTP 1 1_95_-223_348
15 0.000002 3 0 PTP 1 1_96_-223_349
15 0.000002 3 0 PTP 1 1_97_-223_350
15 0.000002 3 0 PTP 1 1_98_-223_351
15 0.000002 3 0 PTP 1 1_99_-223_352
15 0.000002 3 0 PTP 1 1_100_-223_353
15 0.000002 3 0 PTP 1 1_101_-223_354
15 0.000002 3 0 PTP 1 1_102_-223_355
15 0.000002 3 0 PTP 1 1_103_-223_356
15 0.000002 3 0 PTP 1 1_104_-223_357
15 0.000002 3 0 PTP 1 1_105_-223_358
15 0.000002 3 0 PTP 1 1_106_-223_359
15 0.000002 3 0 PTP 1 1_107_-223_360
15 0.000002 3 0 PTP 1 1_108_-223_361
15 0.000002 3 0 PTP 1 1_109_-223_362
15 0.000002 3 0 PTP 1 1_110_-223_363
15 0.000002 3 0 PTP 1 1_111_-223_364
15 0.000002 3 0 PTP 1 1_112_-223_365
15 0.000002 3 0 PTP 1 1_113_-223_366
15 0.000002 3 0 PTP 1 1_114_-223_367
15 0.000002 3 0 PTP 1 1_115_-223_368
15 0.000002 3 0 PTP 1 1_116_-223_369
15 0.000002 3 0 PTP 1 1_117_-223_370
15 0.000002 3 0 PTP 1 1_118_-223_371
15 0.000002 3 0 PTP 1 1_119_-223_372
15 0.000002 3 0 PTP 1 1_120_-223_373
15 0.000002 3 0 PTP 1 1_121_-223_374
15 0.000002 3 0 PTP 1 1_122_-223_375
15 0.000002 3 0 PTP 1 1_123_-223_376
15 0.000002 3 0 PTP 1 1_124_-223_377
15 0.000002 3 0 PTP 1 1_125_-223_378
15 0.000002 3 0 PTP 1 1_126_-223_379
15 0.000002 3 0 PTP 1 1_127_-223_380
15 0.000002 3 0 PTP 1 1_128_-223_381
13 0.000002 2 1
12 0.000002 2 1 9
15 0.000002 3 0 PTP 1 1_1_0_382
15 0.000002 3 0 PTP 1 1_2_0_383
16 0.000002 3 0 PTP 2 1_2_-778_128
13 0.000002 2 2
12 0.000002 2 2 8
16 0.000003 3 0 PTP 8 1_8_-778_134
13 0.000003 2 8
16 0.000003 3 0 PTP 7 1_7_-778_133
13 0.000003 2 7
16 0.000003 3 0 PTP 6 1_6_-778_132
13 0.000003 2 6
16 0.000003 3 0 PTP 5 1_5_-778_131
13 0.000003 2 5
16 0.000003 3 0 PTP 4 1_4_-778_130
13 0.000003 2 4
16 0.000003 3 0 PTP 3 1_3_-778_129
13 0.000003 2 3
12 0.000003 2 3 8
12 0.000003 2 4 8
12 0.000003 2 5 8
12 0.000003 2 6 8
12 0.000003 2 7 8
12 0.000003 2 8 8
16 0.000003 3 0 PTP 26 1_26_-778_152
13 0.000003 2 26
16 0.000003 3 0 PTP 25 1_25_-778_151
13 0.000003 2 25
16 0.000003 3 0 PTP 18 1_18_-778_144
13 0.000003 2 18
16 0.000003 3 0 PTP 17 1_17_-778_143
13 0.000003 2 17
16 0.000003 3 0 PTP 10 1_10_-778_136
13 0.000003 2 10
16 0.000003 3 0 PTP 9 1_9_-778_135
13 0.000003 2 9
12 0.000003 2 9 8
12 0.000003 2 10 8
12 0.000003 2 17 8
12 0.000003 2 18 8
12 0.000003 2 25 8
12 0.000003 2 26 8
16 0.000003 3 0 PTP 32 1_32_-778_158
13 0.000003 2 32
16 0.000003 3 0 PTP 31 1_31_-778_157
13 0.000003 2 31
16 0.000003 3 0 PTP 30 1_30_-778_156
13 0.000003 2 30
16 0.000003 3 0 PTP 29 1_29_-778_155
13 0.000003 2 29
16 0.000003 3 0 PTP 28 1_28_-778_154
13 0.000003 2 28
16 0.000003 3 0 PTP 27 1_27_-778_153
13 0.000003 2 27
16 0.000003 3 0 PTP 24 1_24_-778_150
13 0.000003 2 24
16 0.000003 3 0 PTP 23 1_23_-778_149
13 0.000003 2 23
16 0.000003 3 0 PTP 22 1_22_-778_148
13 0.000003 2 22
16 0.000003 3 0 PTP 21 1_21_-778_147
13 0.000003 2 21
16 0.000003 3 0 PTP 20 1_20_-778_146
13 0.000003 2 20
16 0.000003 3 0 PTP 19 1_19_-778_145
13 0.000003 2 19
16 0.000003 3 0 PTP 16 1_16_-778_142
13 0.000003 2 16
16 0.000003 3 0 PTP 15 1_15_-778_141
13 0.000003 2 15
16 0.000003 3 0 PTP 14 1_14_-778_140
13 0.000003 2 14
16 0.000003 3 0 PTP 13 1_13_-778_139
13 0.000003 2 13
16 0.000003 3 0 PTP 12 1_12_-778_138
13 0.000003 2 12
16 0.000003 3 0 PTP 11 1_11_-778_137
13 0.000003 2 11
12 0.000003 2 11 8
12 0.000003 2 12 8
12 0.000003 2 13 8
12 0.000003 2 14 8
12 0.000003 2 15 8
12 0.000003 2 16 8
12 0.000003 2 19 8
12 0.000003 2 20 8
12 0.000003 2 21 8
12 0.000003 2 22 8
12 0.000003 2 23 8
12 0.000003 2 24 8
12 0.000003 2 27 8
12 0.000003 2 28 8
12 0.000003 2 29 8
12 0.000003 2 30 8
12 0.000003 2 31 8
12 0.000003 2 32 8
16 0.000003 3 0 PTP 98 1_98_-778_224
13 0.000003 2 98
16 0.000003 3 0 PTP 97 1_97_-778_223
13 0.000003 2 97
16 0.000003 3 0 PTP 66 1_66_-778_192
13 0.000003 2 66
16 0.000003 3 0 PTP 65 1_65_-778_191
13 0.000003 2 65
16 0.000003 3 0 PTP 34 1_34_-778_160
13 0.000003 2 34
16 0.000003 3 0 PTP 33 1_33_-778_159
13 0.000003 2 33
12 0.000003 2 33 8
12 0.000003 2 34 8
12 0.000003 2 65 8
12 0.000003 2 66 8
12 0.000003 2 97 8
12 0.000003 2 98 8
16 0.000004 3 0 PTP 104 1_104_-778_230
13 0.000004 2 104
16 0.000004 3 0 PTP 103 1_103_-778_229
13 0.000004 2 103
16 0.000004 3 0 PTP 102 1_102_-778_228
13 0.000004 2 102
16 0.000004 3 0 PTP 101 1_101_-778_227
13 0.000004 2 101
16 0.000004 3 0 PTP 100 1_100_-778_226
13 0.000004 2 100
16 0.000004 3 0 PTP 99 1_99_-778_225
13 0.000004 2 99
16 0.000004 3 0 PTP 72 1_72_-778_198
13 0.000004 2 72
16 0.000004 3 0 PTP 71 1_71_-778_197
13 0.000004 2 71
16 0.000004 3 0 PTP 70 1_70_-778_196
13 0.000004 2 70
16 0.000004 3 0 PTP 69 1_69_-778_195
13 0.000004 2 69
16 0.000004 3 0 PTP 68 1_68_-778_194
13 0.000004 2 68
16 0.000004 3 0 PTP 67 1_67_-778_193
13 0.000004 2 67
16 0.000004 3 0 PTP 40 1_40_-778_166
13 0.000004 2 40
16 0.000004 3 0 PTP 39 1_39_-778_165
13 0.000004 2 39
16 0.000004 3 0 PTP 38 1_38_-778_164
13 0.000004 2 38
16 0.000004 3 0 PTP 37 1_37_-778_163
13 0.000004 2 37
16 0.000004 3 0 PTP 36 1_36_-778_162
13 0.000004 2 36
16 0.000004 3 0 PTP 35 1_35_-778_161
13 0.000004 2 35
12 0.000004 2 35 8
12 0.000004 2 36 8
12 0.000004 2 37 8
12 0.000004 2 38 8
12 0.000004 2 39 8
12 0.000004 2 40 8
12 0.000004 2 67 8
12 0.000004 2 68 8
12 0.000004 2 69 8
12 0.000004 2 70 8
12 0.000004 2 71 8
12 0.000004 2 72 8
12 0.000004 2 99 8
12 0.000004 2 100 8
12 0.000004 2 101 8
12 0.000004 2 102 8
12 0.000004 2 103 8
12 0.000004 2 104 8
16 0.000004 3 0 PTP 122 1_122_-778_248
13 0.000004 2 122
16 0.000004 3 0 PTP 121 1_121_-778_247
13 0.000004 2 121
16 0.000004 3 0 PTP 114 1_114_-778_240
13 0.000004 2 114
16 0.000004 3 0 PTP 113 1_113_-778_239
13 0.000004 2 113
16 0.000004 3 0 PTP 106 1_106_-778_232
13 0.000004 2 106
16 0.000004 3 0 PTP 105 1_105_-778_231
13 0.000004 2 105
16 0.000004 3 0 PTP 90 1_90_-778_216
13 0.000004 2 90
16 0.000004 3 0 PTP 89 1_89_-778_215
13 0.000004 2 89
16 0.000004 3 0 PTP 82 1_82_-778_208
13 0.000004 2 82
16 0.000004 3 0 PTP 81 1_81_-778_207
13 0.000004 2 81
16 0.000004 3 0 PTP 74 1_74_-778_200
13 0.000004 2 74
16 0.000004 3 0 PTP 73 1_73_-778_199
13 0.000004 2 73
16 0.000004 3 0 PTP 58 1_58_-778_184
13 0.000004 2 58
16 0.000004 3 0 PTP 57 1_57_-778_183
13 0.000004 2 57
16 0.000004 3 0 PTP 50 1_50_-778_176
13 0.000004 2 50
16 0.000004 3 0 PTP 49 1_49_-778_175
13 0.000004 2 49
16 0.000004 3 0 PTP 42 1_42_-778_168
13 0.000004 2 42
16 0.000004 3 0 PTP 41 1_41_-778_167
13 0.000004 2 41
12 0.000004 2 41 8
12 0.000004 2 42 8
12 0.000004 2 49 8
12 0.000004 2 50 8
12 0.000004 2 57 8
12 0.000004 2 58 8
12 0.000004 2 73 8
12 0.000004 2 74 8
12 0.000004 2 81 8
12 0.000004 2 82 8
12 0.000004 2 89 8
12 0.000004 2 90 8
12 0.000004 2 105 8
12 0.000004 2 106 8
12 0.000004 2 113 8
12 0.000004 2 114 8
12 0.000004 2 121 8
12 0.000004 2 122 8
16 0.000004 3 0 PTP 128 1_128_-778_254
13 0.000004 2 128
16 0.000004 3 0 PTP 127 1_127_-778_253
13 0.000004 2 127
16 0.000004 3 0 PTP 126 1_126_-778_252
13 0.000004 2 126
16 0.000004 3 0 PTP 125 1_125_-778_251
13 0.000004 2 125
16 0.000004 3 0 PTP 124 1_124_-778_250
13 0.000004 2 124
16 0.000004 3 0 PTP 123 1_123_-778_249
13 0.000004 2 123
16 0.000004 3 0 PTP 120 1_120_-778_246
13 0.000004 2 120
16 0.000004 3 0 PTP 119 1_119_-778_245
13 0.000004 2 119
16 0.000004 3 0 PTP 118 1_118_-778_244
13 0.000004 2 118
16 0.000004 3 0 PTP 117 1_117_-778_243
13 0.000004 2 117
16 0.000004 3 0 PTP 116 1_116_-778_242
13 0.000004 2 116
16 0.000004 3 0 PTP 115 1_115_-778_241
13 0.000004 2 115
16 0.000004 3 0 PTP 112 1_112_-778_238
13 0.000004 2 112
16 0.000004 3 0 PTP 111 1_111_-778_237
13 0.000004 2 111
16 0.000004 3 0 PTP 110 1_110_-778_236
13 0.000004 2 110
16 0.000004 3 0 PTP 109 1_109_-778_235
13 0.000004 2 109
16 0.000004 3 0 PTP 108 1_108_-778_234
13 0.000004 2 108
16 0.000004 3 0 PTP 107 1_107_-778_233
13 0.000004 2 107
16 0.000004 3 0 PTP 96 1_96_-778_222
13 0.000004 2 96
16 0.000004 3 0 PTP 95 1_95_-778_221
13 0.000004 2 95
16 0.000004 3 0 PTP 94 1_94_-778_220
13 0.000004 2 94
16 0.000004 3 0 PTP 93 1_93_-778_219
13 0.000004 2 93
16 0.000004 3 0 PTP 92 1_92_-778_218
13 0.000004 2 92
16 0.000004 3 0 PTP 91 1_91_-778_217
13 0.000004 2 91
16 0.000004 3 0 PTP 88 1_88_-778_214
13 0.000004 2 88
16 0.000004 3 0 PTP 87 1_87_-778_213
13 0.000004 2 87
16 0.000004 3 0 PTP 86 1_86_-778_212
13 0.000004 2 86
16 0.000004 3 0 PTP 85 1_85_-778_211
13 0.000004 2 85
16 0.000004 3 0 PTP 84 1_84_-778_210
13 0.000004 2 84
16 0.000004 3 0 PTP 83 1_83_-778_209
13 0.000004 2 83
16 0.000004 3 0 PTP 80 1_80_-778_206
13 0.000004 2 80
16 0.000004 3 0 PTP 79 1_79_-778_205
13 0.000004 2 79
16 0.000004 3 0 PTP 78 1_78_-778_204
13 0.000004 2 78
16 0.000004 3 0 PTP 77 1_77_-778_203
13 0.000004 2 77
16 0.000004 3 0 PTP 76 1_76_-778_202
13 0.000004 2 76
16 0.000004 3 0 PTP 75 1_75_-778_201
13 0.000004 2 75
16 0.000004 3 0 PTP 64 1_64_-778_190
13 0.000004 2 64
16 0.000004 3 0 PTP 63 1_63_-778_189
13 0.000004 2 63
16 0.000004 3 0 PTP 62 1_62_-778_188
13 0.000004 2 62
16 0.000004 3 0 PTP 61 1_61_-778_187
13 0.000004 2 61
16 0.000004 3 0 PTP 60 1_60_-778_186
13 0.000004 2 60
16 0.000004 3 0 PTP 59 1_59_-778_185
13 0.000004 2 59
16 0.000004 3 0 PTP 56 1_56_-778_182
13 0.000004 2 56
16 0.000004 3 0 PTP 55 1_55_-778_181
13 0.000004 2 55
16 0.000004 3 0 PTP 54 1_54_-778_180
13 0.000004 2 54
16 0.000004 3 0 PTP 53 1_53_-778_179
13 0.000004 2 53
16 0.000004 3 0 PTP 52 1_52_-778_178
13 0.000004 2 52
16 0.000004 3 0 PTP 51 1_51_-778_177
13 0.000004 2 51
16 0.000004 3 0 PTP 48 1_48_-778_174
13 0.000004 2 48
16 0.000004 3 0 PTP 47 1_47_-778_173
13 0.000004 2 47
16 0.000004 3 0 PTP 46 1_46_-778_172
13 0.000004 2 46
16 0.000004 3 0 PTP 45 1_45_-778_171
13 0.000004 2 45
16 0.000004 3 0 PTP 44 1_44_-778_170
13 0.000004 2 44
16 0.000004 3 0 PTP 43 1_43_-778_169
13 0.000004 2 43
12 0.000004 2 43 8
12 0.000004 2 44 8
12 0.000004 2 45 8
12 0.000004 2 46 8
12 0.000004 2 47 8
12 0.000004 2 48 8
12 0.000004 2 51 8
12 0.000004 2 52 8
12 0.000004 2 53 8
12 0.000004 2 54 8
12 0.000004 2 55 8
12 0.000004 2 56 8
12 0.000004 2 59 8
12 0.000004 2 60 8
12 0.000004 2 61 8
12 0.000004 2 62 8
12 0.000004 2 63 8
12 0.000004 2 64 8
12 0.000004 2 75 8
12 0.000004 2 76 8
12 0.000004 2 77 8
12 0.000004 2 78 8
12 0.000004 2 79 8
12 0.000004 2 80 8
12 0.000004 2 83 8
12 0.000004 2 84 8
12 0.000004 2 85 8
12 0.000004 2 86 8
12 0.000004 2 87 8
12 0.000004 2 88 8
12 0.000004 2 91 8
12 0.000004 2 92 8
12 0.000004 2 93 8
12 0.000004 2 94 8
12 0.000004 2 95 8
12 0.000004 2 96 8
12 0.000004 2 107 8
12 0.000004 2 108 8
12 0.000004 2 109 8
12 0.000004 2 110 8
12 0.000004 2 111 8
12 0.000004 2 112 8
12 0.000004 2 115 8
12 0.000004 2 116 8
12 0.000004 2 117 8
12 0.000004 2 118 8
12 0.000004 2 119 8
12 0.000004 2 120 8
12 0.000004 2 123 8
12 0.000004 2 124 8
12 0.000004 2 125 8
12 0.000004 2 126 8
12 0.000004 2 127 8
12 0.000004 2 128 8
16 0.000528 3 0 PTP 2 1_2_-223_255
13 0.000528 2 2
12 0.000528 2 2 9
15 0.000528 3 0 PTP 2 2_0_0_384
15 0.000528 3 0 PTP 2 2_1_0_385
16 0.000836 3 0 PTP 8 1_8_-223_261
13 0.000836 2 8
12 0.000836 2 8 9
15 0.000836 3 0 PTP 8 8_6_0_386
15 0.000836 3 0 PTP 8 8_7_0_387
16 0.000836 3 0 PTP 7 1_7_-223_260
13 0.000836 2 7
12 0.000836 2 7 9
15 0.000836 3 0 PTP 7 7_7_0_388
15 0.000836 3 0 PTP 7 7_8_0_389
16 0.000836 3 0 PTP 6 1_6_-223_259
13 0.000836 2 6
12 0.000836 2 6 9
15 0.000836 3 0 PTP 6 6_4_0_390
15 0.000836 3 0 PTP 6 6_5_0_391
16 0.000836 3 0 PTP 5 1_5_-223_258
13 0.000836 2 5
12 0.000836 2 5 9
15 0.000836 3 0 PTP 5 5_5_0_392
15 0.000836 3 0 PTP 5 5_6_0_393
16 0.000836 3 0 PTP 4 1_4_-223_257
13 0.000836 2 4
12 0.000836 2 4 9
15 0.000836 3 0 PTP 4 4_2_0_394
15 0.000836 3 0 PTP 4 4_3_0_395
16 0.000836 3 0 PTP 3 1_3_-223_256
13 0.000836 2 3
12 0.000836 2 3 9
15 0.000836 3 0 PTP 3 3_3_0_396
15 0.000836 3 0 PTP 3 3_4_0_397
16 0.000855 3 0 PTP 26 1_26_-223_279
13 0.000855 2 26
12 0.000855 2 26 9
15 0.000855 3 0 PTP 26 26_24_0_398
15 0.000855 3 0 PTP 26 26_25_0_399
16 0.000855 3 0 PTP 25 1_25_-223_278
13 0.000855 2 25
12 0.000855 2 25 9
15 0.000855 3 0 PTP 25 25_25_0_400
15 0.000855 3 0 PTP 25 25_26_0_401
16 0.000855 3 0 PTP 18 1_18_-223_271
13 0.000855 2 18
12 0.000855 2 18 9
15 0.000855 3 0 PTP 18 18_16_0_402
15 0.000855 3 0 PTP 18 18_17_0_403
16 0.000855 3 0 PTP 17 1_17_-223_270
13 0.000855 2 17
12 0.000855 2 17 9
15 0.000855 3 0 PTP 17 17_17_0_404
15 0.000855 3 0 PTP 17 17_18_0_405
16 0.000855 3 0 PTP 10 1_10_-223_263
13 0.000855 2 10
12 0.000855 2 10 9
15 0.000855 3 0 PTP 10 10_8_0_406
15 0.000855 3 0 PTP 10 10_9_0_407
16 0.000855 3 0 PTP 9 1_9_-223_262
13 0.000855 2 9
12 0.000855 2 9 9
15 0.000855 3 0 PTP 9 9_9_0_408
15 0.000855 3 0 PTP 9 9_10_0_409
16 0.000856 3 0 PTP 7 8_7_0_387
16 0.000856 3 0 PTP 7 7_7_0_388
13 0.000856 2 7
12 0.000856 2 7 9
15 0.000856 3 0 PTP 7 7_4_1_410
15 0.000856 3 0 PTP 7 7_5_1_411
16 0.000856 3 0 PTP 8 7_8_0_389
16 0.000856 3 0 PTP 8 6_8_0_412
13 0.000856 2 8
12 0.000856 2 8 9
15 0.000856 3 0 PTP 8 8_5_1_413
15 0.000856 3 0 PTP 8 8_6_1_414
16 0.000856 3 0 PTP 5 6_5_0_391
16 0.000856 3 0 PTP 5 5_5_0_392
13 0.000856 2 5
12 0.000856 2 5 9
15 0.000856 3 0 PTP 5 5_6_1_415
15 0.000856 3 0 PTP 5 5_7_1_416
16 0.000856 3 0 PTP 6 5_6_0_393
16 0.000856 3 0 PTP 6 4_6_0_417
13 0.000856 2 6
12 0.000856 2 6 9
15 0.000856 3 0 PTP 6 6_7_1_418
15 0.000856 3 0 PTP 6 6_8_1_419
16 0.000856 3 0 PTP 3 4_3_0_395
16 0.000856 3 0 PTP 3 3_3_0_396
13 0.000856 2 3
12 0.000856 2 3 9
15 0.000856 3 0 PTP 3 3_0_1_420
15 0.000856 3 0 PTP 3 3_1_1_421
16 0.000856 3 0 PTP 4 3_4_0_397
16 0.000856 3 0 PTP 4 2_4_0_422
13 0.000856 2 4
12 0.000856 2 4 9
15 0.000856 3 0 PTP 4 4_1_1_423
15 0.000856 3 0 PTP 4 4_2_1_424
16 0.000874 3 0 PTP 25 26_25_0_399
16 0.000874 3 0 PTP 25 25_25_0_400
13 0.000874 2 25
12 0.000874 2 25 9
15 0.000874 3 0 PTP 25 25_26_1_425
15 0.000874 3 0 PTP 25 25_27_1_426
16 0.000874 3 0 PTP 26 25_26_0_401
16 0.000874 3 0 PTP 26 24_26_0_427
13 0.000874 2 26
12 0.000874 2 26 9
15 0.000874 3 0 PTP 26 26_27_1_428
15 0.000874 3 0 PTP 26 26_28_1_429
16 0.000874 3 0 PTP 17 18_17_0_403
16 0.000874 3 0 PTP 17 17_17_0_404
13 0.000874 2 17
12 0.000874 2 17 9
15 0.000874 3 0 PTP 17 17_18_1_430
15 0.000874 3 0 PTP 17 17_19_1_431
16 0.000874 3 0 PTP 18 17_18_0_405
16 0.000874 3 0 PTP 18 16_18_0_432
13 0.000874 2 18
12 0.000874 2 18 9
15 0.000874 3 0 PTP 18 18_19_1_433
15 0.000874 3 0 PTP 18 18_20_1_434
16 0.000874 3 0 PTP 9 10_9_0_407
16 0.000874 3 0 PTP 9 9_9_0_408
13 0.000874 2 9
12 0.000874 2 9 9
15 0.000874 3 0 PTP 9 9_10_1_435
15 0.000874 3 0 PTP 9 9_11_1_436
16 0.000874 3 0 PTP 10 9_10_0_409
16 0.000874 3 0 PTP 10 8_10_0_437
13 0.000874 2 10
12 0.000874 2 10 9
15 0.000874 3 0 PTP 10 10_11_1_438
15 0.000874 3 0 PTP 10 10_12_1_439
16 0.000888 3 0 PTP 98 1_98_-223_351
13 0.000888 2 98
12 0.000888 2 98 9
15 0.000888 3 0 PTP 98 98_96_0_440
15 0.000888 3 0 PTP 98 98_97_0_441
16 0.000888 3 0 PTP 97 1_97_-223_350
13 0.000888 2 97
12 0.000888 2 97 9
15 0.000888 3 0 PTP 97 97_97_0_442
15 0.000888 3 0 PTP 97 97_98_0_443
16 0.000888 3 0 PTP 66 1_66_-223_319
13 0.000888 2 66
12 0.000888 2 66 9
15 0.000888 3 0 PTP 66 66_64_0_444
15 0.000888 3 0 PTP 66 66_65_0_445
16 0.000888 3 0 PTP 65 1_65_-223_318
13 0.000888 2 65
12 0.000888 2 65 9
15 0.000888 3 0 PTP 65 65_65_0_446
15 0.000888 3 0 PTP 65 65_66_0_447
16 0.000888 3 0 PTP 34 1_34_-223_287
13 0.000888 2 34
12 0.000888 2 34 9
15 0.000888 3 0 PTP 34 34_32_0_448
15 0.000888 3 0 PTP 34 34_33_0_449
16 0.000888 3 0 PTP 33 1_33_-223_286
13 0.000888 2 33
12 0.000888 2 33 9
15 0.000888 3 0 PTP 33 33_33_0_450
15 0.000888 3 0 PTP 33 33_34_0_451
16 0.000907 3 0 PTP 97 98_97_0_441
16 0.000907 3 0 PTP 97 97_97_0_442
13 0.000907 2 97
12 0.000907 2 97 9
15 0.000907 3 0 PTP 97 97_98_1_452
15 0.000907 3 0 PTP 97 97_99_1_453
16 0.000907 3 0 PTP 98 97_98_0_443
16 0.000907 3 0 PTP 98 96_98_0_454
13 0.000907 2 98
12 0.000907 2 98 9
15 0.000907 3 0 PTP 98 98_99_1_455
15 0.000907 3 0 PTP 98 98_100_1_456
16 0.000907 3 0 PTP 65 66_65_0_445
16 0.000907 3 0 PTP 65 65_65_0_446
13 0.000907 2 65
12 0.000907 2 65 9
15 0.000907 3 0 PTP 65 65_66_1_457
15 0.000907 3 0 PTP 65 65_67_1_458
16 0.000907 3 0 PTP 66 65_66_0_447
16 0.000907 3 0 PTP 66 64_66_0_459
13 0.000907 2 66
12 0.000907 2 66 9
15 0.000907 3 0 PTP 66 66_67_1_460
15 0.000907 3 0 PTP 66 66_68_1_461
16 0.000907 3 0 PTP 33 34_33_0_449
16 0.000907 3 0 PTP 33 33_33_0_450
13 0.000907 2 33
12 0.000907 2 33 9
15 0.000907 3 0 PTP 33 33_34_1_462
15 0.000907 3 0 PTP 33 33_35_1_463
16 0.000907 3 0 PTP 34 33_34_0_451
16 0.000907 3 0 PTP 34 32_34_0_464
13 0.000907 2 34
12 0.000907 2 34 9
15 0.000907 3 0 PTP 34 34_35_1_465
15 0.000907 3 0 PTP 34 34_36_1_466
16 0.000915 3 0 PTP 5 7_5_1_411
16 0.000915 3 0 PTP 6 8_6_1_414
16 0.000915 3 0 PTP 7 5_7_1_416
16 0.000915 3 0 PTP 7 4_7_1_467
13 0.000915 2 7
12 0.000915 2 7 9
15 0.000915 3 0 PTP 7 7_2_2_468
15 0.000915 3 0 PTP 7 7_3_2_469
16 0.000915 3 0 PTP 5 6_5_1_470
13 0.000915 2 5
12 0.000915 2 5 9
15 0.000915 3 0 PTP 5 5_0_2_471
15 0.000915 3 0 PTP 5 5_1_2_472
16 0.000915 3 0 PTP 8 6_8_1_419
16 0.000915 3 0 PTP 8 5_8_1_473
13 0.000915 2 8
12 0.000915 2 8 9
15 0.000915 3 0 PTP 8 8_3_2_474
15 0.000915 3 0 PTP 8 8_4_2_475
16 0.000915 3 0 PTP 6 7_6_1_476
13 0.000915 2 6
12 0.000915 2 6 9
15 0.000915 3 0 PTP 6 6_1_2_477
15 0.000915 3 0 PTP 6 6_2_2_478
16 0.001050 3 0 PTP 2 1_2_0_383
16 0.001050 3 0 PTP 2 0_2_0_479
13 0.001050 2 2
12 0.001050 2 2 9
15 0.001050 3 0 PTP 2 2_3_1_480
15 0.001050 3 0 PTP 2 2_4_1_481
16 0.001050 3 0 PTP 1 2_1_0_385
16 0.001050 3 0 PTP 1 1_1_0_382
13 0.001050 2 1
12 0.001050 2 1 9
15 0.001050 3 0 PTP 1 1_2_1_482
15 0.001050 3 0 PTP 1 1_3_1_483
16 0.001083 3 0 PTP 2 4_2_1_424
16 0.001083 3 0 PTP 4 2_4_1_481
16 0.001083 3 0 PTP 4 1_4_1_484
13 0.001083 2 4
12 0.001083 2 4 9
15 0.001083 3 0 PTP 4 4_7_2_485
15 0.001083 3 0 PTP 4 4_8_2_486
16 0.001083 3 0 PTP 2 3_2_1_487
13 0.001083 2 2
12 0.001083 2 2 9
15 0.001083 3 0 PTP 2 2_5_2_488
15 0.001083 3 0 PTP 2 2_6_2_489
16 0.001089 3 0 PTP 32 1_32_-223_285
13 0.001089 2 32
12 0.001089 2 32 9
15 0.001089 3 0 PTP 32 32_30_0_490
15 0.001089 3 0 PTP 32 32_31_0_491
16 0.001089 3 0 PTP 31 1_31_-223_284
13 0.001089 2 31
12 0.001089 2 31 9
15 0.001089 3 0 PTP 31 31_31_0_492
15 0.001089 3 0 PTP 31 31_32_0_493
16 0.001089 3 0 PTP 30 1_30_-223_283
13 0.001089 2 30
12 0.001089 2 30 9
15 0.001089 3 0 PTP 30 30_28_0_494
15 0.001089 3 0 PTP 30 30_29_0_495
16 0.001089 3 0 PTP 29 1_29_-223_282
13 0.001089 2 29
12 0.001089 2 29 9
15 0.001089 3 0 PTP 29 29_29_0_496
15 0.001089 3 0 PTP 29 29_30_0_497
16 0.001089 3 0 PTP 28 1_28_-223_281
13 0.001089 2 28
12 0.001089 2 28 9
15 0.001089 3 0 PTP 28 28_26_0_498
15 0.001089 3 0 PTP 28 28_27_0_499
16 0.001089 3 0 PTP 27 1_27_-223_280
13 0.001089 2 27
12 0.001089 2 27 9
15 0.001089 3 0 PTP 27 27_27_0_500
15 0.001089 3 0 PTP 27 27_28_0_501
16 0.001089 3 0 PTP 24 1_24_-223_277
13 0.001089 2 24
12 0.001089 2 24 9
15 0.001089 3 0 PTP 24 24_22_0_502
15 0.001089 3 0 PTP 24 24_23_0_503
16 0.001089 3 0 PTP 23 1_23_-223_276
13 0.001089 2 23
12 0.001089 2 23 9
15 0.001089 3 0 PTP 23 23_23_0_504
15 0.001089 3 0 PTP 23 23_24_0_505
16 0.001089 3 0 PTP 22 1_22_-223_275
13 0.001089 2 22
12 0.001089 2 22 9
15 0.001089 3 0 PTP 22 22_20_0_506
15 0.001089 3 0 PTP 22 22_21_0_507
16 0.001089 3 0 PTP 21 1_21_-223_274
13 0.001089 2 21
12 0.001089 2 21 9
15 0.001089 3 0 PTP 21 21_21_0_508
15 0.001089 3 0 PTP 21 21_22_0_509
16 0.001089 3 0 PTP 20 1_20_-223_273
13 0.001089 2 20
12 0.001089 2 20 9
15 0.001089 3 0 PTP 20 20_18_0_510
15 0.001089 3 0 PTP 20 20_19_0_511
16 0.001089 3 0 PTP 19 1_19_-223_272
13 0.001089 2 19
12 0.001089 2 19 9
15 0.001089 3 0 PTP 19 19_19_0_512
15 0.001089 3 0 PTP 19 19_20_0_513
16 0.001089 3 0 PTP 16 1_16_-223_269
13 0.001089 2 16
12 0.001089 2 16 9
15 0.001089 3 0 PTP 16 16_14_0_514
15 0.001089 3 0 PTP 16 16_15_0_515
16 0.001089 3 0 PTP 15 1_15_-223_268
13 0.001089 2 15
12 0.001089 2 15 9
15 0.001089 3 0 PTP 15 15_15_0_516
15 0.001089 3 0 PTP 15 15_16_0_517
16 0.001089 3 0 PTP 14 1_14_-223_267
13 0.001089 2 14
12 0.001089 2 14 9
15 0.001089 3 0 PTP 14 14_12_0_518
15 0.001089 3 0 PTP 14 14_13_0_519
16 0.001089 3 0 PTP 13 1_13_-223_266
13 0.001089 2 13
12 0.001089 2 13 9
15 0.001089 3 0 PTP 13 13_13_0_520
15 0.001089 3 0 PTP 13 13_14_0_521
16 0.001089 3 0 PTP 12 1_12_-223_265
13 0.001089 2 12
12 0.001089 2 12 9
15 0.001089 3 0 PTP 12 12_10_0_522
15 0.001089 3 0 PTP 12 12_11_0_523
16 0.001089 3 0 PTP 11 1_11_-223_264
13 0.001089 2 11
12 0.001089 2 11 9
15 0.001089 3 0 PTP 11 11_11_0_524
15 0.001089 3 0 PTP 11 11_12_0_525
16 0.001108 3 0 PTP 31 32_31_0_491
16 0.001108 3 0 PTP 31 31_31_0_492
13 0.001108 2 31
12 0.001108 2 31 9
15 0.001108 3 0 PTP 31 31_28_1_526
15 0.001108 3 0 PTP 31 31_29_1_527
16 0.001108 3 0 PTP 32 31_32_0_493
16 0.001108 3 0 PTP 32 30_32_0_528
13 0.001108 2 32
12 0.001108 2 32 9
15 0.001108 3 0 PTP 32 32_29_1_529
15 0.001108 3 0 PTP 32 32_30_1_530
16 0.001108 3 0 PTP 29 30_29_0_495
16 0.001108 3 0 PTP 29 29_29_0_496
13 0.001108 2 29
12 0.001108 2 29 9
15 0.001108 3 0 PTP 29 29_30_1_531
15 0.001108 3 0 PTP 29 29_31_1_532
16 0.001108 3 0 PTP 30 29_30_0_497
16 0.001108 3 0 PTP 30 28_30_0_533
13 0.001108 2 30
12 0.001108 2 30 9
15 0.001108 3 0 PTP 30 30_31_1_534
15 0.001108 3 0 PTP 30 30_32_1_535
16 0.001108 3 0 PTP 27 28_27_0_499
16 0.001108 3 0 PTP 27 27_27_0_500
13 0.001108 2 27
12 0.001108 2 27 9
15 0.001108 3 0 PTP 27 27_24_1_536
15 0.001108 3 0 PTP 27 27_25_1_537
16 0.001108 3 0 PTP 28 27_28_0_501
16 0.001108 3 0 PTP 28 26_28_0_538
13 0.001108 2 28
12 0.001108 2 28 9
15 0.001108 3 0 PTP 28 28_25_1_539
15 0.001108 3 0 PTP 28 28_26_1_540
16 0.001108 3 0 PTP 23 24_23_0_503
16 0.001108 3 0 PTP 23 23_23_0_504
13 0.001108 2 23
12 0.001108 2 23 9
15 0.001108 3 0 PTP 23 23_20_1_541
15 0.001108 3 0 PTP 23 23_21_1_542
16 0.001108 3 0 PTP 24 23_24_0_505
16 0.001108 3 0 PTP 24 22_24_0_543
13 0.001108 2 24
12 0.001108 2 24 9
15 0.001108 3 0 PTP 24 24_21_1_544
15 0.001108 3 0 PTP 24 24_22_1_545
16 0.001108 3 0 PTP 21 22_21_0_507
16 0.001108 3 0 PTP 21 21_21_0_508
13 0.001108 2 21
12 0.001108 2 21 9
15 0.001108 3 0 PTP 21 21_22_1_546
15 0.001108 3 0 PTP 21 21_23_1_547
16 0.001108 3 0 PTP 22 21_22_0_509
16 0.001108 3 0 PTP 22 20_22_0_548
13 0.001108 2 22
12 0.001108 2 22 9
15 0.001108 3 0 PTP 22 22_23_1_549
15 0.001108 3 0 PTP 22 22_24_1_550
16 0.001108 3 0 PTP 19 20_19_0_511
16 0.001108 3 0 PTP 19 19_19_0_512
13 0.001108 2 19
12 0.001108 2 19 9
15 0.001108 3 0 PTP 19 19_16_1_551
15 0.001108 3 0 PTP 19 19_17_1_552
16 0.001108 3 0 PTP 20 19_20_0_513
16 0.001108 3 0 PTP 20 18_20_0_553
13 0.001108 2 20
12 0.001108 2 20 9
15 0.001108 3 0 PTP 20 20_17_1_554
15 0.001108 3 0 PTP 20 20_18_1_555
16 0.001108 3 0 PTP 15 16_15_0_515
16 0.001108 3 0 PTP 15 15_15_0_516
13 0.001108 2 15
12 0.001108 2 15 9
15 0.001108 3 0 PTP 15 15_12_1_556
15 0.001108 3 0 PTP 15 15_13_1_557
16 0.001108 3 0 PTP 16 15_16_0_517
16 0.001108 3 0 PTP 16 14_16_0_558
13 0.001108 2 16
12 0.001108 2 16 9
15 0.001108 3 0 PTP 16 16_13_1_559
15 0.001108 3 0 PTP 16 16_14_1_560
16 0.001108 3 0 PTP 13 14_13_0_519
16 0.001108 3 0 PTP 13 13_13_0_520
13 0.001108 2 13
12 0.001108 2 13 9
15 0.001108 3 0 PTP 13 13_14_1_561
15 0.001108 3 0 PTP 13 13_15_1_562
16 0.001108 3 0 PTP 14 13_14_0_521
16 0.001108 3 0 PTP 14 12_14_0_563
13 0.001108 2 14
12 0.001108 2 14 9
15 0.001108 3 0 PTP 14 14_15_1_564
15 0.001108 3 0 PTP 14 14_16_1_565
16 0.001108 3 0 PTP 11 12_11_0_523
16 0.001108 3 0 PTP 11 11_11_0_524
13 0.001108 2 11
12 0.001108 2 11 9
15 0.001108 3 0 PTP 11 11_8_1_566
15 0.001108 3 0 PTP 11 11_9_1_567
16 0.001108 3 0 PTP 12 11_12_0_525
16 0.001108 3 0 PTP 12 10_12_0_568
13 0.001108 2 12
12 0.001108 2 12 9
15 0.001108 3 0 PTP 12 12_9_1_569
15 0.001108 3 0 PTP 12 12_10_1_570
16 0.001112 3 0 PTP 104 1_104_-223_357
13 0.001112 2 104
12 0.001112 2 104 9
15 0.001112 3 0 PTP 104 104_102_0_571
15 0.001112 3 0 PTP 104 104_103_0_572
16 0.001112 3 0 PTP 103 1_103_-223_356
13 0.001112 2 103
12 0.001112 2 103 9
15 0.001112 3 0 PTP 103 103_103_0_573
15 0.001112 3 0 PTP 103 103_104_0_574
16 0.001112 3 0 PTP 102 1_102_-223_355
13 0.001112 2 102
12 0.001112 2 102 9
15 0.001112 3 0 PTP 102 102_100_0_575
15 0.001112 3 0 PTP 102 102_101_0_576
16 0.001112 3 0 PTP 101 1_101_-223_354
13 0.001112 2 101
12 0.001112 2 101 9
15 0.001112 3 0 PTP 101 101_101_0_577
15 0.001112 3 0 PTP 101 101_102_0_578
16 0.001112 3 0 PTP 100 1_100_-223_353
13 0.001112 2 100
12 0.001112 2 100 9
15 0.001112 3 0 PTP 100 100_98_0_579
15 0.001112 3 0 PTP 100 100_99_0_580
16 0.001112 3 0 PTP 99 1_99_-223_352
13 0.001112 2 99
12 0.001112 2 99 9
15 0.001112 3 0 PTP 99 99_99_0_581
15 0.001112 3 0 PTP 99 99_100_0_582
16 0.001112 3 0 PTP 72 1_72_-223_325
13 0.001112 2 72
12 0.001112 2 72 9
15 0.001112 3 0 PTP 72 72_70_0_583
15 0.001112 3 0 PTP 72 72_71_0_584
16 0.001112 3 0 PTP 71 1_71_-223_324
13 0.001112 2 71
12 0.001112 2 71 9
15 0.001112 3 0 PTP 71 71_71_0_585
15 0.001112 3 0 PTP 71 71_72_0_586
16 0.001112 3 0 PTP 70 1_70_-223_323
13 0.001112 2 70
12 0.001112 2 70 9
15 0.001112 3 0 PTP 70 70_68_0_587
15 0.001112 3 0 PTP 70 70_69_0_588
16 0.001112 3 0 PTP 69 1_69_-223_322
13 0.001112 2 69
12 0.001112 2 69 9
15 0.001112 3 0 PTP 69 69_69_0_589
15 0.001112 3 0 PTP 69 69_70_0_590
16 0.001112 3 0 PTP 68 1_68_-223_321
13 0.001112 2 68
12 0.001112 2 68 9
15 0.001112 3 0 PTP 68 68_66_0_591
15 0.001112 3 0 PTP 68 68_67_0_592
16 0.001112 3 0 PTP 67 1_67_-223_320
13 0.001112 2 67
12 0.001112 2 67 9
15 0.001112 3 0 PTP 67 67_67_0_593
15 0.001112 3 0 PTP 67 67_68_0_594
16 0.001112 3 0 PTP 40 1_40_-223_293
13 0.001112 2 40
12 0.001112 2 40 9
15 0.001112 3 0 PTP 40 40_38_0_595
15 0.001112 3 0 PTP 40 40_39_0_596
16 0.001112 3 0 PTP 39 1_39_-223_292
13 0.001112 2 39
12 0.001112 2 39 9
15 0.001112 3 0 PTP 39 39_39_0_597
15 0.001112 3 0 PTP 39 39_40_0_598
16 0.001112 3 0 PTP 38 1_38_-223_291
13 0.001112 2 38
12 0.001112 2 38 9
15 0.001112 3 0 PTP 38 38_36_0_599
15 0.001112 3 0 PTP 38 38_37_0_600
16 0.001112 3 0 PTP 37 1_37_-223_290
13 0.001112 2 37
12 0.001112 2 37 9
15 0.001112 3 0 PTP 37 37_37_0_601
15 0.001112 3 0 PTP 37 37_38_0_602
16 0.001112 3 0 PTP 36 1_36_-223_289
13 0.001112 2 36
12 0.001112 2 36 9
15 0.001112 3 0 PTP 36 36_34_0_603
15 0.001112 3 0 PTP 36 36_35_0_604
16 0.001112 3 0 PTP 35 1_35_-223_288
13 0.001112 2 35
12 0.001112 2 35 9
15 0.001112 3 0 PTP 35 35_35_0_605
15 0.001112 3 0 PTP 35 35_36_0_606
16 0.001120 3 0 PTP 122 1_122_-223_375
13 0.001120 2 122
12 0.001120 2 122 9
15 0.001120 3 0 PTP 122 122_120_0_607
15 0.001120 3 0 PTP 122 122_121_0_608
16 0.001120 3 0 PTP 121 1_121_-223_374
13 0.001120 2 121
12 0.001120 2 121 9
15 0.001120 3 0 PTP 121 121_121_0_609
15 0.001120 3 0 PTP 121 121_122_0_610
16 0.001120 3 0 PTP 114 1_114_-223_367
13 0.001120 2 114
12 0.001120 2 114 9
15 0.001120 3 0 PTP 114 114_112_0_611
15 0.001120 3 0 PTP 114 114_113_0_612
16 0.001120 3 0 PTP 113 1_113_-223_366
13 0.001120 2 113
12 0.001120 2 113 9
15 0.001120 3 0 PTP 113 113_113_0_613
15 0.001120 3 0 PTP 113 113_114_0_614
16 0.001120 3 0 PTP 106 1_106_-223_359
13 0.001120 2 106
12 0.001120 2 106 9
15 0.001120 3 0 PTP 106 106_104_0_615
15 0.001120 3 0 PTP 106 106_105_0_616
16 0.001120 3 0 PTP 105 1_105_-223_358
13 0.001120 2 105
12 0.001120 2 105 9
15 0.001120 3 0 PTP 105 105_105_0_617
15 0.001120 3 0 PTP 105 105_106_0_618
16 0.001120 3 0 PTP 90 1_90_-223_343
13 0.001120 2 90
12 0.001120 2 90 9
15 0.001120 3 0 PTP 90 90_88_0_619
15 0.001120 3 0 PTP 90 90_89_0_620
16 0.001120 3 0 PTP 89 1_89_-223_342
13 0.001120 2 89
12 0.001120 2 89 9
15 0.001120 3 0 PTP 89 89_89_0_621
15 0.001120 3 0 PTP 89 89_90_0_622
16 0.001120 3 0 PTP 82 1_82_-223_335
13 0.001120 2 82
12 0.001120 2 82 9
15 0.001120 3 0 PTP 82 82_80_0_623
15 0.001120 3 0 PTP 82 82_81_0_624
16 0.001120 3 0 PTP 81 1_81_-223_334
13 0.001120 2 81
12 0.001120 2 81 9
15 0.001120 3 0 PTP 81 81_81_0_625
15 0.001120 3 0 PTP 81 81_82_0_626
16 0.001120 3 0 PTP 74 1_74_-223_327
13 0.001120 2 74
12 0.001120 2 74 9
15 0.001120 3 0 PTP 74 74_72_0_627
15 0.001120 3 0 PTP 74 74_73_0_628
16 0.001120 3 0 PTP 73 1_73_-223_326
13 0.001120 2 73
12 0.001120 2 73 9
15 0.001120 3 0 PTP 73 73_73_0_629
15 0.001120 3 0 PTP 73 73_74_0_630
16 0.001120 3 0 PTP 58 1_58_-223_311
13 0.001120 2 58
12 0.001120 2 58 9
15 0.001120 3 0 PTP 58 58_56_0_631
15 0.001120 3 0 PTP 58 58_57_0_632
16 0.001120 3 0 PTP 57 1_57_-223_310
13 0.001120 2 57
12 0.001120 2 57 9
15 0.001120 3 0 PTP 57 57_57_0_633
15 0.001120 3 0 PTP 57 57_58_0_634
16 0.001120 3 0 PTP 50 1_50_-223_303
13 0.001120 2 50
12 0.001120 2 50 9
15 0.001120 3 0 PTP 50 50_48_0_635
15 0.001120 3 0 PTP 50 50_49_0_636
16 0.001120 3 0 PTP 49 1_49_-223_302
13 0.001120 2 49
12 0.001120 2 49 9
15 0.001120 3 0 PTP 49 49_49_0_637
15 0.001120 3 0 PTP 49 49_50_0_638
16 0.001120 3 0 PTP 42 1_42_-223_295
13 0.001120 2 42
12 0.001120 2 42 9
15 0.001120 3 0 PTP 42 42_40_0_639
15 0.001120 3 0 PTP 42 42_41_0_640
16 0.001120 3 0 PTP 41 1_41_-223_294
13 0.001120 2 41
12 0.001120 2 41 9
15 0.001120 3 0 PTP 41 41_41_0_641
15 0.001120 3 0 PTP 41 41_42_0_642
16 0.001131 3 0 PTP 103 104_103_0_572
16 0.001131 3 0 PTP 103 103_103_0_573
13 0.001131 2 103
12 0.001131 2 103 9
15 0.001131 3 0 PTP 103 103_100_1_643
15 0.001131 3 0 PTP 103 103_101_1_644
16 0.001131 3 0 PTP 104 103_104_0_574
16 0.001131 3 0 PTP 104 102_104_0_645
13 0.001131 2 104
12 0.001131 2 104 9
15 0.001131 3 0 PTP 104 104_101_1_646
15 0.001131 3 0 PTP 104 104_102_1_647
16 0.001131 3 0 PTP 101 102_101_0_576
16 0.001131 3 0 PTP 101 101_101_0_577
13 0.001131 2 101
12 0.001131 2 101 9
15 0.001131 3 0 PTP 101 101_102_1_648
15 0.001131 3 0 PTP 101 101_103_1_649
16 0.001131 3 0 PTP 102 101_102_0_578
16 0.001131 3 0 PTP 102 100_102_0_650
13 0.001131 2 102
12 0.001131 2 102 9
15 0.001131 3 0 PTP 102 102_103_1_651
15 0.001131 3 0 PTP 102 102_104_1_652
16 0.001131 3 0 PTP 99 100_99_0_580
16 0.001131 3 0 PTP 99 99_99_0_581
13 0.001131 2 99
12 0.001131 2 99 9
15 0.001131 3 0 PTP 99 99_96_1_653
15 0.001131 3 0 PTP 99 99_97_1_654
16 0.001131 3 0 PTP 100 99_100_0_582
16 0.001131 3 0 PTP 100 98_100_0_655
13 0.001131 2 100
12 0.001131 2 100 9
15 0.001131 3 0 PTP 100 100_97_1_656
15 0.001131 3 0 PTP 100 100_98_1_657
16 0.001131 3 0 PTP 71 72_71_0_584
16 0.001131 3 0 PTP 71 71_71_0_585
13 0.001131 2 71
12 0.001131 2 71 9
15 0.001131 3 0 PTP 71 71_68_1_658
15 0.001131 3 0 PTP 71 71_69_1_659
16 0.001131 3 0 PTP 72 71_72_0_586
16 0.001131 3 0 PTP 72 70_72_0_660
13 0.001131 2 72
12 0.001131 2 72 9
15 0.001131 3 0 PTP 72 72_69_1_661
15 0.001131 3 0 PTP 72 72_70_1_662
16 0.001131 3 0 PTP 69 70_69_0_588
16 0.001131 3 0 PTP 69 69_69_0_589
13 0.001131 2 69
12 0.001131 2 69 9
15 0.001131 3 0 PTP 69 69_70_1_663
15 0.001131 3 0 PTP 69 69_71_1_664
16 0.001131 3 0 PTP 70 69_70_0_590
16 0.001131 3 0 PTP 70 68_70_0_665
13 0.001131 2 70
12 0.001131 2 70 9
15 0.001131 3 0 PTP 70 70_71_1_666
15 0.001131 3 0 PTP 70 70_72_1_667
16 0.001131 3 0 PTP 67 68_67_0_592
16 0.001131 3 0 PTP 67 67_67_0_593
13 0.001131 2 67
12 0.001131 2 67 9
15 0.001131 3 0 PTP 67 67_64_1_668
15 0.001131 3 0 PTP 67 67_65_1_669
16 0.001131 3 0 PTP 68 67_68_0_594
16 0.001131 3 0 PTP 68 66_68_0_670
13 0.001131 2 68
12 0.001131 2 68 9
15 0.001131 3 0 PTP 68 68_65_1_671
15 0.001131 3 0 PTP 68 68_66_1_672
16 0.001131 3 0 PTP 39 40_39_0_596
16 0.001131 3 0 PTP 39 39_39_0_597
13 0.001131 2 39
12 0.001131 2 39 9
15 0.001131 3 0 PTP 39 39_36_1_673
15 0.001131 3 0 PTP 39 39_37_1_674
16 0.001131 3 0 PTP 40 39_40_0_598
16 0.001131 3 0 PTP 40 38_40_0_675
13 0.001131 2 40
12 0.001131 2 40 9
15 0.001131 3 0 PTP 40 40_37_1_676
15 0.001131 3 0 PTP 40 40_38_1_677
16 0.001131 3 0 PTP 37 38_37_0_600
16 0.001131 3 0 PTP 37 37_37_0_601
13 0.001131 2 37
12 0.001131 2 37 9
15 0.001131 3 0 PTP 37 37_38_1_678
15 0.001131 3 0 PTP 37 37_39_1_679
16 0.001131 3 0 PTP 38 37_38_0_602
16 0.001131 3 0 PTP 38 36_38_0_680
13 0.001131 2 38
12 0.001131 2 38 9
15 0.001131 3 0 PTP 38 38_39_1_681
15 0.001131 3 0 PTP 38 38_40_1_682
16 0.001131 3 0 PTP 35 36_35_0_604
16 0.001131 3 0 PTP 35 35_35_0_605
13 0.001131 2 35
12 0.001131 2 35 9
15 0.001131 3 0 PTP 35 35_32_1_683
15 0.001131 3 0 PTP 35 35_33_1_684
16 0.001131 3 0 PTP 36 35_36_0_606
16 0.001131 3 0 PTP 36 34_36_0_685
13 0.001131 2 36
12 0.001131 2 36 9
15 0.001131 3 0 PTP 36 36_33_1_686
15 0.001131 3 0 PTP 36 36_34_1_687
16 0.001140 3 0 PTP 121 122_121_0_608
16 0.001140 3 0 PTP 121 121_121_0_609
13 0.001140 2 121
12 0.001140 2 121 9
15 0.001140 3 0 PTP 121 121_122_1_688
15 0.001140 3 0 PTP 121 121_123_1_689
16 0.001140 3 0 PTP 122 121_122_0_610
16 0.001140 3 0 PTP 122 120_122_0_690
13 0.001140 2 122
12 0.001140 2 122 9
15 0.001140 3 0 PTP 122 122_123_1_691
15 0.001140 3 0 PTP 122 122_124_1_692
16 0.001140 3 0 PTP 113 114_113_0_612
16 0.001140 3 0 PTP 113 113_113_0_613
13 0.001140 2 113
12 0.001140 2 113 9
15 0.001140 3 0 PTP 113 113_114_1_693
15 0.001140 3 0 PTP 113 113_115_1_694
16 0.001140 3 0 PTP 114 113_114_0_614
16 0.001140 3 0 PTP 114 112_114_0_695
13 0.001140 2 114
12 0.001140 2 114 9
15 0.001140 3 0 PTP 114 114_115_1_696
15 0.001140 3 0 PTP 114 114_116_1_697
16 0.001140 3 0 PTP 105 106_105_0_616
16 0.001140 3 0 PTP 105 105_105_0_617
13 0.001140 2 105
12 0.001140 2 105 9
15 0.001140 3 0 PTP 105 105_106_1_698
15 0.001140 3 0 PTP 105 105_107_1_699
16 0.001140 3 0 PTP 106 105_106_0_618
16 0.001140 3 0 PTP 106 104_106_0_700
13 0.001140 2 106
12 0.001140 2 106 9
15 0.001140 3 0 PTP 106 106_107_1_701
15 0.001140 3 0 PTP 106 106_108_1_702
16 0.001140 3 0 PTP 89 90_89_0_620
16 0.001140 3 0 PTP 89 89_89_0_621
13 0.001140 2 89
12 0.001140 2 89 9
15 0.001140 3 0 PTP 89 89_90_1_703
15 0.001140 3 0 PTP 89 89_91_1_704
16 0.001140 3 0 PTP 90 89_90_0_622
16 0.001140 3 0 PTP 90 88_90_0_705
13 0.001140 2 90
12 0.001140 2 90 9
15 0.001140 3 0 PTP 90 90_91_1_706
15 0.001140 3 0 PTP 90 90_92_1_707
16 0.001140 3 0 PTP 81 82_81_0_624
16 0.001140 3 0 PTP 81 81_81_0_625
13 0.001140 2 81
12 0.001140 2 81 9
15 0.001140 3 0 PTP 81 81_82_1_708
15 0.001140 3 0 PTP 81 81_83_1_709
16 0.001140 3 0 PTP 82 81_82_0_626
16 0.001140 3 0 PTP 82 80_82_0_710
13 0.001140 2 82
12 0.001140 2 82 9
15 0.001140 3 0 PTP 82 82_83_1_711
15 0.001140 3 0 PTP 82 82_84_1_712
16 0.001140 3 0 PTP 73 74_73_0_628
16 0.001140 3 0 PTP 73 73_73_0_629
13 0.001140 2 73
12 0.001140 2 73 9
15 0.001140 3 0 PTP 73 73_74_1_713
15 0.001140 3 0 PTP 73 73_75_1_714
16 0.001140 3 0 PTP 74 73_74_0_630
16 0.001140 3 0 PTP 74 72_74_0_715
13 0.001140 2 74
12 0.001140 2 74 9
15 0.001140 3 0 PTP 74 74_75_1_716
15 0.001140 3 0 PTP 74 74_76_1_717
16 0.001140 3 0 PTP 57 58_57_0_632
16 0.001140 3 0 PTP 57 57_57_0_633
13 0.001140 2 57
12 0.001140 2 57 9
15 0.001140 3 0 PTP 57 57_58_1_718
15 0.001140 3 0 PTP 57 57_59_1_719
16 0.001140 3 0 PTP 58 57_58_0_634
16 0.001140 3 0 PTP 58 56_58_0_720
13 0.001140 2 58
12 0.001140 2 58 9
15 0.001140 3 0 PTP 58 58_59_1_721
15 0.001140 3 0 PTP 58 58_60_1_722
16 0.001140 3 0 PTP 49 50_49_0_636
16 0.001140 3 0 PTP 49 49_49_0_637
13 0.001140 2 49
12 0.001140 2 49 9
15 0.001140 3 0 PTP 49 49_50_1_723
15 0.001140 3 0 PTP 49 49_51_1_724
16 0.001140 3 0 PTP 50 49_50_0_638
16 0.001140 3 0 PTP 50 48_50_0_725
13 0.001140 2 50
12 0.001140 2 50 9
15 0.001140 3 0 PTP 50 50_51_1_726
15 0.001140 3 0 PTP 50 50_52_1_727
16 0.001140 3 0 PTP 41 42_41_0_640
16 0.001140 3 0 PTP 41 41_41_0_641
13 0.001140 2 41
12 0.001140 2 41 9
15 0.001140 3 0 PTP 41 41_42_1_728
15 0.001140 3 0 PTP 41 41_43_1_729
16 0.001140 3 0 PTP 42 41_42_0_642
16 0.001140 3 0 PTP 42 40_42_0_730
13 0.001140 2 42
12 0.001140 2 42 9
15 0.001140 3 0 PTP 42 42_43_1_731
15 0.001140 3 0 PTP 42 42_44_1_732
16 0.001142 3 0 PTP 4 8_4_2_475
16 0.001142 3 0 PTP 2 6_2_2_478
16 0.001142 3 0 PTP 8 4_8_2_486
16 0.001142 3 0 PTP 8 3_8_2_733
13 0.001142 2 8
12 0.001142 2 8 9
15 0.001142 3 0 PTP 8 8_15_3_734
15 0.001142 3 0 PTP 8 8_16_3_735
16 0.001142 3 0 PTP 4 7_4_2_736
13 0.001142 2 4
12 0.001142 2 4 9
15 0.001142 3 0 PTP 4 4_11_3_737
15 0.001142 3 0 PTP 4 4_12_3_738
16 0.001142 3 0 PTP 6 2_6_2_489
16 0.001142 3 0 PTP 6 1_6_2_739
13 0.001142 2 6
12 0.001142 2 6 9
15 0.001142 3 0 PTP 6 6_13_3_740
15 0.001142 3 0 PTP 6 6_14_3_741
16 0.001142 3 0 PTP 2 5_2_2_742
13 0.001142 2 2
12 0.001142 2 2 9
15 0.001142 3 0 PTP 2 2_9_3_743
15 0.001142 3 0 PTP 2 2_10_3_744
16 0.001167 3 0 PTP 27 25_27_1_426
16 0.001167 3 0 PTP 28 26_28_1_429
16 0.001167 3 0 PTP 19 17_19_1_431
16 0.001167 3 0 PTP 20 18_20_1_434
16 0.001167 3 0 PTP 11 9_11_1_436
16 0.001167 3 0 PTP 12 10_12_1_439
16 0.001167 3 0 PTP 29 31_29_1_527
16 0.001167 3 0 PTP 30 32_30_1_530
16 0.001167 3 0 PTP 21 23_21_1_542
16 0.001167 3 0 PTP 22 24_22_1_545
16 0.001167 3 0 PTP 13 15_13_1_557
16 0.001167 3 0 PTP 14 16_14_1_560
16 0.001167 3 0 PTP 25 27_25_1_537
16 0.001167 3 0 PTP 25 26_25_1_745
13 0.001167 2 25
12 0.001167 2 25 9
15 0.001167 3 0 PTP 25 25_28_2_746
15 0.001167 3 0 PTP 25 25_29_2_747
16 0.001167 3 0 PTP 27 24_27_1_748
13 0.001167 2 27
12 0.001167 2 27 9
15 0.001167 3 0 PTP 27 27_30_2_749
15 0.001167 3 0 PTP 27 27_31_2_750
16 0.001167 3 0 PTP 26 28_26_1_540
16 0.001167 3 0 PTP 26 27_26_1_751
13 0.001167 2 26
12 0.001167 2 26 9
15 0.001167 3 0 PTP 26 26_29_2_752
15 0.001167 3 0 PTP 26 26_30_2_753
16 0.001167 3 0 PTP 28 25_28_1_754
13 0.001167 2 28
12 0.001167 2 28 9
15 0.001167 3 0 PTP 28 28_31_2_755
15 0.001167 3 0 PTP 28 28_32_2_756
16 0.001167 3 0 PTP 17 19_17_1_552
16 0.001167 3 0 PTP 17 18_17_1_757
13 0.001167 2 17
12 0.001167 2 17 9
15 0.001167 3 0 PTP 17 17_20_2_758
15 0.001167 3 0 PTP 17 17_21_2_759
16 0.001167 3 0 PTP 19 16_19_1_760
13 0.001167 2 19
12 0.001167 2 19 9
15 0.001167 3 0 PTP 19 19_22_2_761
15 0.001167 3 0 PTP 19 19_23_2_762
16 0.001167 3 0 PTP 18 20_18_1_555
16 0.001167 3 0 PTP 18 19_18_1_763
13 0.001167 2 18
12 0.001167 2 18 9
15 0.001167 3 0 PTP 18 18_21_2_764
15 0.001167 3 0 PTP 18 18_22_2_765
16 0.001167 3 0 PTP 20 17_20_1_766
13 0.001167 2 20
12 0.001167 2 20 9
15 0.001167 3 0 PTP 20 20_23_2_767
15 0.001167 3 0 PTP 20 20_24_2_768
16 0.001167 3 0 PTP 9 11_9_1_567
16 0.001167 3 0 PTP 9 10_9_1_769
13 0.001167 2 9
12 0.001167 2 9 9
15 0.001167 3 0 PTP 9 9_12_2_770
15 0.001167 3 0 PTP 9 9_13_2_771
16 0.001167 3 0 PTP 11 8_11_1_772
13 0.001167 2 11
12 0.001167 2 11 9
15 0.001167 3 0 PTP 11 11_14_2_773
15 0.001167 3 0 PTP 11 11_15_2_774
16 0.001167 3 0 PTP 10 12_10_1_570
16 0.001167 3 0 PTP 10 11_10_1_775
13 0.001167 2 10
12 0.001167 2 10 9
15 0.001167 3 0 PTP 10 10_13_2_776
15 0.001167 3 0 PTP 10 10_14_2_777
16 0.001167 3 0 PTP 12 9_12_1_778
13 0.001167 2 12
12 0.001167 2 12 9
15 0.001167 3 0 PTP 12 12_15_2_779
15 0.001167 3 0 PTP 12 12_16_2_780
16 0.001167 3 0 PTP 31 29_31_1_532
16 0.001167 3 0 PTP 31 28_31_1_781
13 0.001167 2 31
12 0.001167 2 31 9
15 0.001167 3 0 PTP 31 31_26_2_782
15 0.001167 3 0 PTP 31 31_27_2_783
16 0.001167 3 0 PTP 29 30_29_1_784
13 0.001167 2 29
12 0.001167 2 29 9
15 0.001167 3 0 PTP 29 29_24_2_785
15 0.001167 3 0 PTP 29 29_25_2_786
16 0.001167 3 0 PTP 32 30_32_1_535
16 0.001167 3 0 PTP 32 29_32_1_787
13 0.001167 2 32
12 0.001167 2 32 9
15 0.001167 3 0 PTP 32 32_27_2_788
15 0.001167 3 0 PTP 32 32_28_2_789
16 0.001167 3 0 PTP 30 31_30_1_790
13 0.001167 2 30
12 0.001167 2 30 9
15 0.001167 3 0 PTP 30 30_25_2_791
15 0.001167 3 0 PTP 30 30_26_2_792
16 0.001167 3 0 PTP 23 21_23_1_547
16 0.001167 3 0 PTP 23 20_23_1_793
13 0.001167 2 23
12 0.001167 2 23 9
15 0.001167 3 0 PTP 23 23_18_2_794
15 0.001167 3 0 PTP 23 23_19_2_795
16 0.001167 3 0 PTP 21 22_21_1_796
13 0.001167 2 21
12 0.001167 2 21 9
15 0.001167 3 0 PTP 21 21_16_2_797
15 0.001167 3 0 PTP 21 21_17_2_798
16 0.001167 3 0 PTP 24 22_24_1_550
16 0.001167 3 0 PTP 24 21_24_1_799
13 0.001167 2 24
12 0.001167 2 24 9
15 0.001167 3 0 PTP 24 24_19_2_800
15 0.001167 3 0 PTP 24 24_20_2_801
16 0.001167 3 0 PTP 22 23_22_1_802
13 0.001167 2 22
12 0.001167 2 22 9
15 0.001167 3 0 PTP 22 22_17_2_803
15 0.001167 3 0 PTP 22 22_18_2_804
16 0.001167 3 0 PTP 15 13_15_1_562
16 0.001167 3 0 PTP 15 12_15_1_805
13 0.001167 2 15
12 0.001167 2 15 9
15 0.001167 3 0 PTP 15 15_10_2_806
15 0.001167 3 0 PTP 15 15_11_2_807
16 0.001167 3 0 PTP 13 14_13_1_808
13 0.001167 2 13
12 0.001167 2 13 9
15 0.001167 3 0 PTP 13 13_8_2_809
15 0.001167 3 0 PTP 13 13_9_2_810
16 0.001167 3 0 PTP 16 14_16_1_565
16 0.001167 3 0 PTP 16 13_16_1_811
13 0.001167 2 16
12 0.001167 2 16 9
15 0.001167 3 0 PTP 16 16_11_2_812
15 0.001167 3 0 PTP 16 16_12_2_813
16 0.001167 3 0 PTP 14 15_14_1_814
13 0.001167 2 14
12 0.001167 2 14 9
15 0.001167 3 0 PTP 14 14_9_2_815
15 0.001167 3 0 PTP 14 14_10_2_816
16 0.001190 3 0 PTP 99 97_99_1_453
16 0.001190 3 0 PTP 100 98_100_1_456
16 0.001190 3 0 PTP 67 65_67_1_458
16 0.001190 3 0 PTP 68 66_68_1_461
16 0.001190 3 0 PTP 35 33_35_1_463
16 0.001190 3 0 PTP 36 34_36_1_466
16 0.001190 3 0 PTP 101 103_101_1_644
16 0.001190 3 0 PTP 102 104_102_1_647
16 0.001190 3 0 PTP 69 71_69_1_659
16 0.001190 3 0 PTP 70 72_70_1_662
16 0.001190 3 0 PTP 37 39_37_1_674
16 0.001190 3 0 PTP 38 40_38_1_677
16 0.001190 3 0 PTP 97 99_97_1_654
16 0.001190 3 0 PTP 97 98_97_1_817
13 0.001190 2 97
12 0.001190 2 97 9
15 0.001190 3 0 PTP 97 97_100_2_818
15 0.001190 3 0 PTP 97 97_101_2_819
16 0.001190 3 0 PTP 99 96_99_1_820
13 0.001190 2 99
12 0.001190 2 99 9
15 0.001190 3 0 PTP 99 99_102_2_821
15 0.001190 3 0 PTP 99 99_103_2_822
16 0.001190 3 0 PTP 98 100_98_1_657
16 0.001190 3 0 PTP 98 99_98_1_823
13 0.001190 2 98
12 0.001190 2 98 9
15 0.001190 3 0 PTP 98 98_101_2_824
15 0.001190 3 0 PTP 98 98_102_2_825
16 0.001190 3 0 PTP 100 97_100_1_826
13 0.001190 2 100
12 0.001190 2 100 9
15 0.001190 3 0 PTP 100 100_103_2_827
15 0.001190 3 0 PTP 100 100_104_2_828
16 0.001190 3 0 PTP 65 67_65_1_669
16 0.001190 3 0 PTP 65 66_65_1_829
13 0.001190 2 65
12 0.001190 2 65 9
15 0.001190 3 0 PTP 65 65_68_2_830
15 0.001190 3 0 PTP 65 65_69_2_831
16 0.001190 3 0 PTP 67 64_67_1_832
13 0.001190 2 67
12 0.001190 2 67 9
15 0.001190 3 0 PTP 67 67_70_2_833
15 0.001190 3 0 PTP 67 67_71_2_834
16 0.001190 3 0 PTP 66 68_66_1_672
16 0.001190 3 0 PTP 66 67_66_1_835
13 0.001190 2 66
12 0.001190 2 66 9
15 0.001190 3 0 PTP 66 66_69_2_836
15 0.001190 3 0 PTP 66 66_70_2_837
16 0.001190 3 0 PTP 68 65_68_1_838
13 0.001190 2 68
12 0.001190 2 68 9
15 0.001190 3 0 PTP 68 68_71_2_839
15 0.001190 3 0 PTP 68 68_72_2_840
16 0.001190 3 0 PTP 33 35_33_1_684
16 0.001190 3 0 PTP 33 34_33_1_841
13 0.001190 2 33
12 0.001190 2 33 9
15 0.001190 3 0 PTP 33 33_36_2_842
15 0.001190 3 0 PTP 33 33_37_2_843
16 0.001190 3 0 PTP 35 32_35_1_844
13 0.001190 2 35
12 0.001190 2 35 9
15 0.001190 3 0 PTP 35 35_38_2_845
15 0.001190 3 0 PTP 35 35_39_2_846
16 0.001190 3 0 PTP 34 36_34_1_687
16 0.001190 3 0 PTP 34 35_34_1_847
13 0.001190 2 34
12 0.001190 2 34 9
15 0.001190 3 0 PTP 34 34_37_2_848
15 0.001190 3 0 PTP 34 34_38_2_849
16 0.001190 3 0 PTP 36 33_36_1_850
13 0.001190 2 36
12 0.001190 2 36 9
15 0.001190 3 0 PTP 36 36_39_2_851
15 0.001190 3 0 PTP 36 36_40_2_852
16 0.001190 3 0 PTP 103 101_103_1_649
16 0.001190 3 0 PTP 103 100_103_1_853
13 0.001190 2 103
12 0.001190 2 103 9
15 0.001190 3 0 PTP 103 103_98_2_854
15 0.001190 3 0 PTP 103 103_99_2_855
16 0.001190 3 0 PTP 101 102_101_1_856
13 0.001190 2 101
12 0.001190 2 101 9
15 0.001190 3 0 PTP 101 101_96_2_857
15 0.001190 3 0 PTP 101 101_97_2_858
16 0.001190 3 0 PTP 104 102_104_1_652
16 0.001190 3 0 PTP 104 101_104_1_859
13 0.001190 2 104
12 0.001190 2 104 9
15 0.001190 3 0 PTP 104 104_99_2_860
15 0.001190 3 0 PTP 104 104_100_2_861
16 0.001190 3 0 PTP 102 103_102_1_862
13 0.001190 2 102
12 0.001190 2 102 9
15 0.001190 3 0 PTP 102 102_97_2_863
15 0.001190 3 0 PTP 102 102_98_2_864
16 0.001190 3 0 PTP 71 69_71_1_664
16 0.001190 3 0 PTP 71 68_71_1_865
13 0.001190 2 71
12 0.001190 2 71 9
15 0.001190 3 0 PTP 71 71_66_2_866
15 0.001190 3 0 PTP 71 71_67_2_867
16 0.001190 3 0 PTP 69 70_69_1_868
13 0.001190 2 69
12 0.001190 2 69 9
15 0.001190 3 0 PTP 69 69_64_2_869
15 0.001190 3 0 PTP 69 69_65_2_870
16 0.001190 3 0 PTP 72 70_72_1_667
16 0.001190 3 0 PTP 72 69_72_1_871
13 0.001190 2 72
12 0.001190 2 72 9
15 0.001190 3 0 PTP 72 72_67_2_872
15 0.001190 3 0 PTP 72 72_68_2_873
16 0.001190 3 0 PTP 70 71_70_1_874
13 0.001190 2 70
12 0.001190 2 70 9
15 0.001190 3 0 PTP 70 70_65_2_875
15 0.001190 3 0 PTP 70 70_66_2_876
16 0.001190 3 0 PTP 39 37_39_1_679
16 0.001190 3 0 PTP 39 36_39_1_877
13 0.001190 2 39
12 0.001190 2 39 9
15 0.001190 3 0 PTP 39 39_34_2_878
15 0.001190 3 0 PTP 39 39_35_2_879
16 0.001190 3 0 PTP 37 38_37_1_880
13 0.001190 2 37
12 0.001190 2 37 9
15 0.001190 3 0 PTP 37 37_32_2_881
15 0.001190 3 0 PTP 37 37_33_2_882
16 0.001190 3 0 PTP 40 38_40_1_682
16 0.001190 3 0 PTP 40 37_40_1_883
13 0.001190 2 40
12 0.001190 2 40 9
15 0.001190 3 0 PTP 40 40_35_2_884
15 0.001190 3 0 PTP 40 40_36_2_885
16 0.001190 3 0 PTP 38 39_38_1_886
13 0.001190 2 38
12 0.001190 2 38 9
15 0.001190 3 0 PTP 38 38_33_2_887
15 0.001190 3 0 PTP 38 38_34_2_888
16 0.001224 3 0 PTP 128 1_128_-223_381
13 0.001224 2 128
12 0.001224 2 128 9
15 0.001224 3 0 PTP 128 128_126_0_889
15 0.001224 3 0 PTP 128 128_127_0_890
16 0.001224 3 0 PTP 127 1_127_-223_380
13 0.001224 2 127
12 0.001224 2 127 9
15 0.001224 3 0 PTP 127 127_127_0_891
15 0.001224 3 0 PTP 127 127_128_0_892
16 0.001224 3 0 PTP 126 1_126_-223_379
13 0.001224 2 126
12 0.001224 2 126 9
15 0.001224 3 0 PTP 126 126_124_0_893
15 0.001224 3 0 PTP 126 126_125_0_894
16 0.001224 3 0 PTP 125 1_125_-223_378
13 0.001224 2 125
12 0.001224 2 125 9
15 0.001224 3 0 PTP 125 125_125_0_895
15 0.001224 3 0 PTP 125 125_126_0_896
16 0.001224 3 0 PTP 124 1_124_-223_377
13 0.001224 2 124
12 0.001224 2 124 9
15 0.001224 3 0 PTP 124 124_122_0_897
15 0.001224 3 0 PTP 124 124_123_0_898
16 0.001224 3 0 PTP 123 1_123_-223_376
13 0.001224 2 123
12 0.001224 2 123 9
15 0.001224 3 0 PTP 123 123_123_0_899
15 0.001224 3 0 PTP 123 123_124_0_900
16 0.001224 3 0 PTP 120 1_120_-223_373
13 0.001224 2 120
12 0.001224 2 120 9
15 0.001224 3 0 PTP 120 120_118_0_901
15 0.001224 3 0 PTP 120 120_119_0_902
16 0.001224 3 0 PTP 119 1_119_-223_372
13 0.001224 2 119
12 0.001224 2 119 9
15 0.001224 3 0 PTP 119 119_119_0_903
15 0.001224 3 0 PTP 119 119_120_0_904
16 0.001224 3 0 PTP 118 1_118_-223_371
13 0.001224 2 118
12 0.001224 2 118 9
15 0.001224 3 0 PTP 118 118_116_0_905
15 0.001224 3 0 PTP 118 118_117_0_906
16 0.001224 3 0 PTP 117 1_117_-223_370
13 0.001224 2 117
12 0.001224 2 117 9
15 0.001224 3 0 PTP 117 117_117_0_907
15 0.001224 3 0 PTP 117 117_118_0_908
16 0.001224 3 0 PTP 116 1_116_-223_369
13 0.001224 2 116
12 0.001224 2 116 9
15 0.001224 3 0 PTP 116 116_114_0_909
15 0.001224 3 0 PTP 116 116_115_0_910
16 0.001224 3 0 PTP 115 1_115_-223_368
13 0.001224 2 115
12 0.001224 2 115 9
15 0.001224 3 0 PTP 115 115_115_0_911
15 0.001224 3 0 PTP 115 115_116_0_912
16 0.001224 3 0 PTP 112 1_112_-223_365
13 0.001224 2 112
12 0.001224 2 112 9
15 0.001224 3 0 PTP 112 112_110_0_913
15 0.001224 3 0 PTP 112 112_111_0_914
16 0.001224 3 0 PTP 111 1_111_-223_364
13 0.001224 2 111
12 0.001224 2 111 9
15 0.001224 3 0 PTP 111 111_111_0_915
15 0.001224 3 0 PTP 111 111_112_0_916
16 0.001224 3 0 PTP 110 1_110_-223_363
13 0.001224 2 110
12 0.001224 2 110 9
15 0.001224 3 0 PTP 110 110_108_0_917
15 0.001224 3 0 PTP 110 110_109_0_918
16 0.001224 3 0 PTP 109 1_109_-223_362
13 0.001224 2 109
12 0.001224 2 109 9
15 0.001224 3 0 PTP 109 109_109_0_919
15 0.001224 3 0 PTP 109 109_110_0_920
16 0.001224 3 0 PTP 108 1_108_-223_361
13 0.001224 2 108
12 0.001224 2 108 9
15 0.001224 3 0 PTP 108 108_106_0_921
15 0.001224 3 0 PTP 108 108_107_0_922
16 0.001224 3 0 PTP 107 1_107_-223_360
13 0.001224 2 107
12 0.001224 2 107 9
15 0.001224 3 0 PTP 107 107_107_0_923
15 0.001224 3 0 PTP 107 107_108_0_924
16 0.001224 3 0 PTP 96 1_96_-223_349
13 0.001224 2 96
12 0.001224 2 96 9
15 0.001224 3 0 PTP 96 96_94_0_925
15 0.001224 3 0 PTP 96 96_95_0_926
16 0.001224 3 0 PTP 95 1_95_-223_348
13 0.001224 2 95
12 0.001224 2 95 9
15 0.001224 3 0 PTP 95 95_95_0_927
15 0.001224 3 0 PTP 95 95_96_0_928
16 0.001224 3 0 PTP 94 1_94_-223_347
13 0.001224 2 94
12 0.001224 2 94 9
15 0.001224 3 0 PTP 94 94_92_0_929
15 0.001224 3 0 PTP 94 94_93_0_930
16 0.001224 3 0 PTP 93 1_93_-223_346
13 0.001224 2 93
12 0.001224 2 93 9
15 0.001224 3 0 PTP 93 93_93_0_931
15 0.001224 3 0 PTP 93 93_94_0_932
16 0.001224 3 0 PTP 92 1_92_-223_345
13 0.001224 2 92
12 0.001224 2 92 9
15 0.001224 3 0 PTP 92 92_90_0_933
15 0.001224 3 0 PTP 92 92_91_0_934
16 0.001224 3 0 PTP 91 1_91_-223_344
13 0.001224 2 91
12 0.001224 2 91 9
15 0.001224 3 0 PTP 91 91_91_0_935
15 0.001224 3 0 PTP 91 91_92_0_936
16 0.001224 3 0 PTP 88 1_88_-223_341
13 0.001224 2 88
12 0.001224 2 88 9
15 0.001224 3 0 PTP 88 88_86_0_937
15 0.001224 3 0 PTP 88 88_87_0_938
16 0.001224 3 0 PTP 87 1_87_-223_340
13 0.001224 2 87
12 0.001224 2 87 9
15 0.001224 3 0 PTP 87 87_87_0_939
15 0.001224 3 0 PTP 87 87_88_0_940
16 0.001224 3 0 PTP 86 1_86_-223_339
13 0.001224 2 86
12 0.001224 2 86 9
15 0.001224 3 0 PTP 86 86_84_0_941
15 0.001224 3 0 PTP 86 86_85_0_942
16 0.001224 3 0 PTP 85 1_85_-223_338
13 0.001224 2 85
12 0.001224 2 85 9
15 0.001224 3 0 PTP 85 85_85_0_943
15 0.001224 3 0 PTP 85 85_86_0_944
16 0.001224 3 0 PTP 84 1_84_-223_337
13 0.001224 2 84
12 0.001224 2 84 9
15 0.001224 3 0 PTP 84 84_82_0_945
15 0.001224 3 0 PTP 84 84_83_0_946
16 0.001224 3 0 PTP 83 1_83_-223_336
13 0.001224 2 83
12 0.001224 2 83 9
15 0.001224 3 0 PTP 83 83_83_0_947
15 0.001224 3 0 PTP 83 83_84_0_948
16 0.001224 3 0 PTP 80 1_80_-223_333
13 0.001224 2 80
12 0.001224 2 80 9
15 0.001224 3 0 PTP 80 80_78_0_949
15 0.001224 3 0 PTP 80 80_79_0_950
16 0.001224 3 0 PTP 79 1_79_-223_332
13 0.001224 2 79
12 0.001224 2 79 9
15 0.001224 3 0 PTP 79 79_79_0_951
15 0.001224 3 0 PTP 79 79_80_0_952
16 0.001224 3 0 PTP 78 1_78_-223_331
13 0.001224 2 78
12 0.001224 2 78 9
15 0.001224 3 0 PTP 78 78_76_0_953
15 0.001224 3 0 PTP 78 78_77_0_954
16 0.001224 3 0 PTP 77 1_77_-223_330
13 0.001224 2 77
12 0.001224 2 77 9
15 0.001224 3 0 PTP 77 77_77_0_955
15 0.001224 3 0 PTP 77 77_78_0_956
16 0.001224 3 0 PTP 76 1_76_-223_329
13 0.001224 2 76
12 0.001224 2 76 9
15 0.001224 3 0 PTP 76 76_74_0_957
15 0.001224 3 0 PTP 76 76_75_0_958
16 0.001224 3 0 PTP 75 1_75_-223_328
13 0.001224 2 75
12 0.001224 2 75 9
15 0.001224 3 0 PTP 75 75_75_0_959
15 0.001224 3 0 PTP 75 75_76_0_960
16 0.001224 3 0 PTP 64 1_64_-223_317
13 0.001224 2 64
12 0.001224 2 64 9
15 0.001224 3 0 PTP 64 64_62_0_961
15 0.001224 3 0 PTP 64 64_63_0_962
16 0.001224 3 0 PTP 63 1_63_-223_316
13 0.001224 2 63
12 0.001224 2 63 9
15 0.001224 3 0 PTP 63 63_63_0_963
15 0.001224 3 0 PTP 63 63_64_0_964
16 0.001224 3 0 PTP 62 1_62_-223_315
13 0.001224 2 62
12 0.001224 2 62 9
15 0.001224 3 0 PTP 62 62_60_0_965
15 0.001224 3 0 PTP 62 62_61_0_966
16 0.001224 3 0 PTP 61 1_61_-223_314
13 0.001224 2 61
12 0.001224 2 61 9
15 0.001224 3 0 PTP 61 61_61_0_967
15 0.001224 3 0 PTP 61 61_62_0_968
16 0.001224 3 0 PTP 60 1_60_-223_313
13 0.001224 2 60
12 0.001224 2 60 9
15 0.001224 3 0 PTP 60 60_58_0_969
15 0.001224 3 0 PTP 60 60_59_0_970
16 0.001224 3 0 PTP 59 1_59_-223_312
13 0.001224 2 59
12 0.001224 2 59 9
15 0.001224 3 0 PTP 59 59_59_0_971
15 0.001224 3 0 PTP 59 59_60_0_972
16 0.001224 3 0 PTP 56 1_56_-223_309
13 0.001224 2 56
12 0.001224 2 56 9
15 0.001224 3 0 PTP 56 56_54_0_973
15 0.001224 3 0 PTP 56 56_55_0_974
16 0.001224 3 0 PTP 55 1_55_-223_308
13 0.001224 2 55
12 0.001224 2 55 9
15 0.001224 3 0 PTP 55 55_55_0_975
15 0.001224 3 0 PTP 55 55_56_0_976
16 0.001224 3 0 PTP 54 1_54_-223_307
13 0.001224 2 54
12 0.001224 2 54 9
15 0.001224 3 0 PTP 54 54_52_0_977
15 0.001224 3 0 PTP 54 54_53_0_978
16 0.001224 3 0 PTP 53 1_53_-223_306
13 0.001224 2 53
12 0.001224 2 53 9
15 0.001224 3 0 PTP 53 53_53_0_979
15 0.001224 3 0 PTP 53 53_54_0_980
16 0.001224 3 0 PTP 52 1_52_-223_305
13 0.001224 2 52
12 0.001224 2 52 9
15 0.001224 3 0 PTP 52 52_50_0_981
15 0.001224 3 0 PTP 52 52_51_0_982
16 0.001224 3 0 PTP 51 1_51_-223_304
13 0.001224 2 51
12 0.001224 2 51 9
15 0.001224 3 0 PTP 51 51_51_0_983
15 0.001224 3 0 PTP 51 51_52_0_984
16 0.001224 3 0 PTP 48 1_48_-223_301
13 0.001224 2 48
12 0.001224 2 48 9
15 0.001224 3 0 PTP 48 48_46_0_985
15 0.001224 3 0 PTP 48 48_47_0_986
16 0.001224 3 0 PTP 47 1_47_-223_300
13 0.001224 2 47
12 0.001224 2 47 9
15 0.001224 3 0 PTP 47 47_47_0_987
15 0.001224 3 0 PTP 47 47_48_0_988
16 0.001224 3 0 PTP 46 1_46_-223_299
13 0.001224 2 46
12 0.001224 2 46 9
15 0.001224 3 0 PTP 46 46_44_0_989
15 0.001224 3 0 PTP 46 46_45_0_990
16 0.001224 3 0 PTP 45 1_45_-223_298
13 0.001224 2 45
12 0.001224 2 45 9
15 0.001224 3 0 PTP 45 45_45_0_991
15 0.001224 3 0 PTP 45 45_46_0_992
16 0.001224 3 0 PTP 44 1_44_-223_297
13 0.001224 2 44
12 0.001224 2 44 9
15 0.001224 3 0 PTP 44 44_42_0_993
15 0.001224 3 0 PTP 44 44_43_0_994
16 0.001224 3 0 PTP 43 1_43_-223_296
13 0.001224 2 43
12 0.001224 2 43 9
15 0.001224 3 0 PTP 43 43_43_0_995
15 0.001224 3 0 PTP 43 43_44_0_996
16 0.001243 3 0 PTP 1 3_1_1_421
16 0.001243 3 0 PTP 3 1_3_1_483
16 0.001243 3 0 PTP 3 0_3_1_997
13 0.001243 2 3
12 0.001243 2 3 9
15 0.001243 3 0 PTP 3 3_6_2_998
15 0.001243 3 0 PTP 3 3_7_2_999
16 0.001243 3 0 PTP 1 2_1_1_1000
13 0.001243 2 1
12 0.001243 2 1 9
15 0.001243 3 0 PTP 1 1_4_2_1001
15 0.001243 3 0 PTP 1 1_5_2_1002
16 0.001243 3 0 PTP 127 128_127_0_890
16 0.001243 3 0 PTP 127 127_127_0_891
13 0.001243 2 127
12 0.001243 2 127 9
15 0.001243 3 0 PTP 127 127_124_1_1003
15 0.001243 3 0 PTP 127 127_125_1_1004
16 0.001243 3 0 PTP 128 127_128_0_892
16 0.001243 3 0 PTP 128 126_128_0_1005
13 0.001243 2 128
12 0.001243 2 128 9
15 0.001243 3 0 PTP 128 128_125_1_1006
15 0.001243 3 0 PTP 128 128_126_1_1007
16 0.001243 3 0 PTP 125 126_125_0_894
16 0.001243 3 0 PTP 125 125_125_0_895
13 0.001243 2 125
12 0.001243 2 125 9
15 0.001243 3 0 PTP 125 125_126_1_1008
15 0.001243 3 0 PTP 125 125_127_1_1009
16 0.001243 3 0 PTP 126 125_126_0_896
16 0.001243 3 0 PTP 126 124_126_0_1010
13 0.001243 2 126
12 0.001243 2 126 9
15 0.001243 3 0 PTP 126 126_127_1_1011
15 0.001243 3 0 PTP 126 126_128_1_1012
16 0.001243 3 0 PTP 123 124_123_0_898
16 0.001243 3 0 PTP 123 123_123_0_899
13 0.001243 2 123
12 0.001243 2 123 9
15 0.001243 3 0 PTP 123 123_120_1_1013
15 0.001243 3 0 PTP 123 123_121_1_1014
16 0.001243 3 0 PTP 124 123_124_0_900
16 0.001243 3 0 PTP 124 122_124_0_1015
13 0.001243 2 124
12 0.001243 2 124 9
15 0.001243 3 0 PTP 124 124_121_1_1016
15 0.001243 3 0 PTP 124 124_122_1_1017
16 0.001243 3 0 PTP 119 120_119_0_902
16 0.001243 3 0 PTP 119 119_119_0_903
13 0.001243 2 119
12 0.001243 2 119 9
15 0.001243 3 0 PTP 119 119_116_1_1018
15 0.001243 3 0 PTP 119 119_117_1_1019
16 0.001243 3 0 PTP 120 119_120_0_904
16 0.001243 3 0 PTP 120 118_120_0_1020
13 0.001243 2 120
12 0.001243 2 120 9
15 0.001243 3 0 PTP 120 120_117_1_1021
15 0.001243 3 0 PTP 120 120_118_1_1022
16 0.001243 3 0 PTP 117 118_117_0_906
16 0.001243 3 0 PTP 117 117_117_0_907
13 0.001243 2 117
12 0.001243 2 117 9
15 0.001243 3 0 PTP 117 117_118_1_1023
15 0.001243 3 0 PTP 117 117_119_1_1024
16 0.001243 3 0 PTP 118 117_118_0_908
16 0.001243 3 0 PTP 118 116_118_0_1025
13 0.001243 2 118
12 0.001243 2 118 9
15 0.001243 3 0 PTP 118 118_119_1_1026
15 0.001243 3 0 PTP 118 118_120_1_1027
16 0.001243 3 0 PTP 115 116_115_0_910
16 0.001243 3 0 PTP 115 115_115_0_911
13 0.001243 2 115
12 0.001243 2 115 9
15 0.001243 3 0 PTP 115 115_112_1_1028
15 0.001243 3 0 PTP 115 115_113_1_1029
16 0.001243 3 0 PTP 116 115_116_0_912
16 0.001243 3 0 PTP 116 114_116_0_1030
13 0.001243 2 116
12 0.001243 2 116 9
15 0.001243 3 0 PTP 116 116_113_1_1031
15 0.001243 3 0 PTP 116 116_114_1_1032
16 0.001243 3 0 PTP 111 112_111_0_914
16 0.001243 3 0 PTP 111 111_111_0_915
13 0.001243 2 111
12 0.001243 2 111 9
15 0.001243 3 0 PTP 111 111_108_1_1033
15 0.001243 3 0 PTP 111 111_109_1_1034
16 0.001243 3 0 PTP 112 111_112_0_916
16 0.001243 3 0 PTP 112 110_112_0_1035
13 0.001243 2 112
12 0.001243 2 112 9
15 0.001243 3 0 PTP 112 112_109_1_1036
15 0.001243 3 0 PTP 112 112_110_1_1037
16 0.001243 3 0 PTP 109 110_109_0_918
16 0.001243 3 0 PTP 109 109_109_0_919
13 0.001243 2 109
12 0.001243 2 109 9
15 0.001243 3 0 PTP 109 109_110_1_1038
15 0.001243 3 0 PTP 109 109_111_1_1039
16 0.001243 3 0 PTP 110 109_110_0_920
16 0.001243 3 0 PTP 110 108_110_0_1040
13 0.001243 2 110
12 0.001243 2 110 9
15 0.001243 3 0 PTP 110 110_111_1_1041
15 0.001243 3 0 PTP 110 110_112_1_1042
16 0.001243 3 0 PTP 107 108_107_0_922
16 0.001243 3 0 PTP 107 107_107_0_923
13 0.001243 2 107
12 0.001243 2 107 9
15 0.001243 3 0 PTP 107 107_104_1_1043
15 0.001243 3 0 PTP 107 107_105_1_1044
16 0.001243 3 0 PTP 108 107_108_0_924
16 0.001243 3 0 PTP 108 106_108_0_1045
13 0.001243 2 108
12 0.001243 2 108 9
15 0.001243 3 0 PTP 108 108_105_1_1046
15 0.001243 3 0 PTP 108 108_106_1_1047
16 0.001243 3 0 PTP 95 96_95_0_926
16 0.001243 3 0 PTP 95 95_95_0_927
13 0.001243 2 95
12 0.001243 2 95 9
15 0.001243 3 0 PTP 95 95_92_1_1048
15 0.001243 3 0 PTP 95 95_93_1_1049
16 0.001243 3 0 PTP 96 95_96_0_928
16 0.001243 3 0 PTP 96 94_96_0_1050
13 0.001243 2 96
12 0.001243 2 96 9
15 0.001243 3 0 PTP 96 96_93_1_1051
15 0.001243 3 0 PTP 96 96_94_1_1052
16 0.001243 3 0 PTP 93 94_93_0_930
16 0.001243 3 0 PTP 93 93_93_0_931
13 0.001243 2 93
12 0.001243 2 93 9
15 0.001243 3 0 PTP 93 93_94_1_1053
15 0.001243 3 0 PTP 93 93_95_1_1054
16 0.001243 3 0 PTP 94 93_94_0_932
16 0.001243 3 0 PTP 94 92_94_0_1055
13 0.001243 2 94
12 0.001243 2 94 9
15 0.001243 3 0 PTP 94 94_95_1_1056
15 0.001243 3 0 PTP 94 94_96_1_1057
16 0.001243 3 0 PTP 91 92_91_0_934
16 0.001243 3 0 PTP 91 91_91_0_935
13 0.001243 2 91
12 0.001243 2 91 9
15 0.001243 3 0 PTP 91 91_88_1_1058
15 0.001243 3 0 PTP 91 91_89_1_1059
16 0.001243 3 0 PTP 92 91_92_0_936
16 0.001243 3 0 PTP 92 90_92_0_1060
13 0.001243 2 92
12 0.001243 2 92 9
15 0.001243 3 0 PTP 92 92_89_1_1061
15 0.001243 3 0 PTP 92 92_90_1_1062
16 0.001243 3 0 PTP 87 88_87_0_938
16 0.001243 3 0 PTP 87 87_87_0_939
13 0.001243 2 87
12 0.001243 2 87 9
15 0.001243 3 0 PTP 87 87_84_1_1063
15 0.001243 3 0 PTP 87 87_85_1_1064
16 0.001243 3 0 PTP 88 87_88_0_940
16 0.001243 3 0 PTP 88 86_88_0_1065
13 0.001243 2 88
12 0.001243 2 88 9
15 0.001243 3 0 PTP 88 88_85_1_1066
15 0.001243 3 0 PTP 88 88_86_1_1067
16 0.001243 3 0 PTP 85 86_85_0_942
16 0.001243 3 0 PTP 85 85_85_0_943
13 0.001243 2 85
12 0.001243 2 85 9
15 0.001243 3 0 PTP 85 85_86_1_1068
15 0.001243 3 0 PTP 85 85_87_1_1069
16 0.001243 3 0 PTP 86 85_86_0_944
16 0.001243 3 0 PTP 86 84_86_0_1070
13 0.001243 2 86
12 0.001243 2 86 9
15 0.001243 3 0 PTP 86 86_87_1_1071
15 0.001243 3 0 PTP 86 86_88_1_1072
16 0.001243 3 0 PTP 83 84_83_0_946
16 0.001243 3 0 PTP 83 83_83_0_947
13 0.001243 2 83
12 0.001243 2 83 9
15 0.001243 3 0 PTP 83 83_80_1_1073
15 0.001243 3 0 PTP 83 83_81_1_1074
16 0.001243 3 0 PTP 84 83_84_0_948
16 0.001243 3 0 PTP 84 82_84_0_1075
13 0.001243 2 84
12 0.001243 2 84 9
15 0.001243 3 0 PTP 84 84_81_1_1076
15 0.001243 3 0 PTP 84 84_82_1_1077
16 0.001243 3 0 PTP 79 80_79_0_950
16 0.001243 3 0 PTP 79 79_79_0_951
13 0.001243 2 79
12 0.001243 2 79 9
15 0.001243 3 0 PTP 79 79_76_1_1078
15 0.001243 3 0 PTP 79 79_77_1_1079
16 0.001243 3 0 PTP 80 79_80_0_952
16 0.001243 3 0 PTP 80 78_80_0_1080
13 0.001243 2 80
12 0.001243 2 80 9
15 0.001243 3 0 PTP 80 80_77_1_1081
15 0.001243 3 0 PTP 80 80_78_1_1082
16 0.001243 3 0 PTP 77 78_77_0_954
16 0.001243 3 0 PTP 77 77_77_0_955
13 0.001243 2 77
12 0.001243 2 77 9
15 0.001243 3 0 PTP 77 77_78_1_1083
15 0.001243 3 0 PTP 77 77_79_1_1084
16 0.001243 3 0 PTP 78 77_78_0_956
16 0.001243 3 0 PTP 78 76_78_0_1085
13 0.001243 2 78
12 0.001243 2 78 9
15 0.001243 3 0 PTP 78 78_79_1_1086
15 0.001243 3 0 PTP 78 78_80_1_1087
16 0.001243 3 0 PTP 75 76_75_0_958
16 0.001243 3 0 PTP 75 75_75_0_959
13 0.001243 2 75
12 0.001243 2 75 9
15 0.001243 3 0 PTP 75 75_72_1_1088
15 0.001243 3 0 PTP 75 75_73_1_1089
16 0.001243 3 0 PTP 76 75_76_0_960
16 0.001243 3 0 PTP 76 74_76_0_1090
13 0.001243 2 76
12 0.001243 2 76 9
15 0.001243 3 0 PTP 76 76_73_1_1091
15 0.001243 3 0 PTP 76 76_74_1_1092
16 0.001243 3 0 PTP 63 64_63_0_962
16 0.001243 3 0 PTP 63 63_63_0_963
13 0.001243 2 63
12 0.001243 2 63 9
15 0.001243 3 0 PTP 63 63_60_1_1093
15 0.001243 3 0 PTP 63 63_61_1_1094
16 0.001243 3 0 PTP 64 63_64_0_964
16 0.001243 3 0 PTP 64 62_64_0_1095
13 0.001243 2 64
12 0.001243 2 64 9
15 0.001243 3 0 PTP 64 64_61_1_1096
15 0.001243 3 0 PTP 64 64_62_1_1097
16 0.001243 3 0 PTP 61 62_61_0_966
16 0.001243 3 0 PTP 61 61_61_0_967
13 0.001243 2 61
12 0.001243 2 61 9
15 0.001243 3 0 PTP 61 61_62_1_1098
15 0.001243 3 0 PTP 61 61_63_1_1099
16 0.001243 3 0 PTP 62 61_62_0_968
16 0.001243 3 0 PTP 62 60_62_0_1100
13 0.001243 2 62
12 0.001243 2 62 9
15 0.001243 3 0 PTP 62 62_63_1_1101
15 0.001243 3 0 PTP 62 62_64_1_1102
16 0.001243 3 0 PTP 59 60_59_0_970
16 0.001243 3 0 PTP 59 59_59_0_971
13 0.001243 2 59
12 0.001243 2 59 9
15 0.001243 3 0 PTP 59 59_56_1_1103
15 0.001243 3 0 PTP 59 59_57_1_1104
16 0.001243 3 0 PTP 60 59_60_0_972
16 0.001243 3 0 PTP 60 58_60_0_1105
13 0.001243 2 60
12 0.001243 2 60 9
15 0.001243 3 0 PTP 60 60_57_1_1106
15 0.001243 3 0 PTP 60 60_58_1_1107
16 0.001243 3 0 PTP 55 56_55_0_974
16 0.001243 3 0 PTP 55 55_55_0_975
13 0.001243 2 55
12 0.001243 2 55 9
15 0.001243 3 0 PTP 55 55_52_1_1108
15 0.001243 3 0 PTP 55 55_53_1_1109
16 0.001243 3 0 PTP 56 55_56_0_976
16 0.001243 3 0 PTP 56 54_56_0_1110
13 0.001243 2 56
12 0.001243 2 56 9
15 0.001243 3 0 PTP 56 56_53_1_1111
15 0.001243 3 0 PTP 56 56_54_1_1112
16 0.001243 3 0 PTP 53 54_53_0_978
16 0.001243 3 0 PTP 53 53_53_0_979
13 0.001243 2 53
12 0.001243 2 53 9
15 0.001243 3 0 PTP 53 53_54_1_1113
15 0.001243 3 0 PTP 53 53_55_1_1114
16 0.001243 3 0 PTP 54 53_54_0_980
16 0.001243 3 0 PTP 54 52_54_0_1115
13 0.001243 2 54
12 0.001243 2 54 9
15 0.001243 3 0 PTP 54 54_55_1_1116
15 0.001243 3 0 PTP 54 54_56_1_1117
16 0.001243 3 0 PTP 51 52_51_0_982
16 0.001243 3 0 PTP 51 51_51_0_983
13 0.001243 2 51
12 0.001243 2 51 9
15 0.001243 3 0 PTP 51 51_48_1_1118
15 0.001243 3 0 PTP 51 51_49_1_1119
16 0.001243 3 0 PTP 52 51_52_0_984
16 0.001243 3 0 PTP 52 50_52_0_1120
13 0.001243 2 52
12 0.001243 2 52 9
15 0.001243 3 0 PTP 52 52_49_1_1121
15 0.001243 3 0 PTP 52 52_50_1_1122
16 0.001243 3 0 PTP 47 48_47_0_986
16 0.001243 3 0 PTP 47 47_47_0_987
13 0.001243 2 47
12 0.001243 2 47 9
15 0.001243 3 0 PTP 47 47_44_1_1123
15 0.001243 3 0 PTP 47 47_45_1_1124
16 0.001243 3 0 PTP 48 47_48_0_988
16 0.001243 3 0 PTP 48 46_48_0_1125
13 0.001243 2 48
12 0.001243 2 48 9
15 0.001243 3 0 PTP 48 48_45_1_1126
15 0.001243 3 0 PTP 48 48_46_1_1127
16 0.001243 3 0 PTP 45 46_45_0_990
16 0.001243 3 0 PTP 45 45_45_0_991
13 0.001243 2 45
12 0.001243 2 45 9
15 0.001243 3 0 PTP 45 45_46_1_1128
15 0.001243 3 0 PTP 45 45_47_1_1129
16 0.001243 3 0 PTP 46 45_46_0_992
16 0.001243 3 0 PTP 46 44_46_0_1130
13 0.001243 2 46
12 0.001243 2 46 9
15 0.001243 3 0 PTP 46 46_47_1_1131
15 0.001243 3 0 PTP 46 46_48_1_1132
16 0.001243 3 0 PTP 43 44_43_0_994
16 0.001243 3 0 PTP 43 43_43_0_995
13 0.001243 2 43
12 0.001243 2 43 9
15 0.001243 3 0 PTP 43 43_40_1_1133
15 0.001243 3 0 PTP 43 43_41_1_1134
16 0.001243 3 0 PTP 44 43_44_0_996
16 0.001243 3 0 PTP 44 42_44_0_1135
13 0.001243 2 44
12 0.001243 2 44 9
15 0.001243 3 0 PTP 44 44_41_1_1136
15 0.001243 3 0 PTP 44 44_42_1_1137
16 0.001282 3 0 PTP 29 25_29_2_747
16 0.001282 3 0 PTP 30 26_30_2_753
16 0.001282 3 0 PTP 31 27_31_2_750
16 0.001282 3 0 PTP 32 28_32_2_756
16 0.001282 3 0 PTP 21 17_21_2_759
16 0.001282 3 0 PTP 22 18_22_2_765
16 0.001282 3 0 PTP 23 19_23_2_762
16 0.001282 3 0 PTP 24 20_24_2_768
16 0.001282 3 0 PTP 13 9_13_2_771
16 0.001282 3 0 PTP 14 10_14_2_777
16 0.001282 3 0 PTP 15 11_15_2_774
16 0.001282 3 0 PTP 16 12_16_2_780
16 0.001282 3 0 PTP 25 29_25_2_786
16 0.001282 3 0 PTP 25 28_25_2_1138
13 0.001282 2 25
12 0.001282 2 25 9
15 0.001282 3 0 PTP 25 25_16_3_1139
15 0.001282 3 0 PTP 25 25_17_3_1140
16 0.001282 3 0 PTP 29 24_29_2_1141
13 0.001282 2 29
12 0.001282 2 29 9
15 0.001282 3 0 PTP 29 29_20_3_1142
15 0.001282 3 0 PTP 29 29_21_3_1143
16 0.001282 3 0 PTP 26 30_26_2_792
16 0.001282 3 0 PTP 26 29_26_2_1144
13 0.001282 2 26
12 0.001282 2 26 9
15 0.001282 3 0 PTP 26 26_17_3_1145
15 0.001282 3 0 PTP 26 26_18_3_1146
16 0.001282 3 0 PTP 30 25_30_2_1147
13 0.001282 2 30
12 0.001282 2 30 9
15 0.001282 3 0 PTP 30 30_21_3_1148
15 0.001282 3 0 PTP 30 30_22_3_1149
16 0.001282 3 0 PTP 27 31_27_2_783
16 0.001282 3 0 PTP 27 30_27_2_1150
13 0.001282 2 27
12 0.001282 2 27 9
15 0.001282 3 0 PTP 27 27_18_3_1151
15 0.001282 3 0 PTP 27 27_19_3_1152
16 0.001282 3 0 PTP 31 26_31_2_1153
13 0.001282 2 31
12 0.001282 2 31 9
15 0.001282 3 0 PTP 31 31_22_3_1154
15 0.001282 3 0 PTP 31 31_23_3_1155
16 0.001282 3 0 PTP 28 32_28_2_789
16 0.001282 3 0 PTP 28 31_28_2_1156
13 0.001282 2 28
12 0.001282 2 28 9
15 0.001282 3 0 PTP 28 28_19_3_1157
15 0.001282 3 0 PTP 28 28_20_3_1158
16 0.001282 3 0 PTP 32 27_32_2_1159
13 0.001282 2 32
12 0.001282 2 32 9
15 0.001282 3 0 PTP 32 32_23_3_1160
15 0.001282 3 0 PTP 32 32_24_3_1161
16 0.001282 3 0 PTP 17 21_17_2_798
16 0.001282 3 0 PTP 17 20_17_2_1162
13 0.001282 2 17
12 0.001282 2 17 9
15 0.001282 3 0 PTP 17 17_24_3_1163
15 0.001282 3 0 PTP 17 17_25_3_1164
16 0.001282 3 0 PTP 21 16_21_2_1165
13 0.001282 2 21
12 0.001282 2 21 9
15 0.001282 3 0 PTP 21 21_28_3_1166
15 0.001282 3 0 PTP 21 21_29_3_1167
16 0.001282 3 0 PTP 18 22_18_2_804
16 0.001282 3 0 PTP 18 21_18_2_1168
13 0.001282 2 18
12 0.001282 2 18 9
15 0.001282 3 0 PTP 18 18_25_3_1169
15 0.001282 3 0 PTP 18 18_26_3_1170
16 0.001282 3 0 PTP 22 17_22_2_1171
13 0.001282 2 22
12 0.001282 2 22 9
15 0.001282 3 0 PTP 22 22_29_3_1172
15 0.001282 3 0 PTP 22 22_30_3_1173
16 0.001282 3 0 PTP 19 23_19_2_795
16 0.001282 3 0 PTP 19 22_19_2_1174
13 0.001282 2 19
12 0.001282 2 19 9
15 0.001282 3 0 PTP 19 19_26_3_1175
15 0.001282 3 0 PTP 19 19_27_3_1176
16 0.001282 3 0 PTP 23 18_23_2_1177
13 0.001282 2 23
12 0.001282 2 23 9
15 0.001282 3 0 PTP 23 23_30_3_1178
15 0.001282 3 0 PTP 23 23_31_3_1179
16 0.001282 3 0 PTP 20 24_20_2_801
16 0.001282 3 0 PTP 20 23_20_2_1180
13 0.001282 2 20
12 0.001282 2 20 9
15 0.001282 3 0 PTP 20 20_27_3_1181
15 0.001282 3 0 PTP 20 20_28_3_1182
16 0.001282 3 0 PTP 24 19_24_2_1183
13 0.001282 2 24
12 0.001282 2 24 9
15 0.001282 3 0 PTP 24 24_31_3_1184
15 0.001282 3 0 PTP 24 24_32_3_1185
16 0.001282 3 0 PTP 9 13_9_2_810
16 0.001282 3 0 PTP 9 12_9_2_1186
13 0.001282 2 9
12 0.001282 2 9 9
15 0.001282 3 0 PTP 9 9_0_3_1187
15 0.001282 3 0 PTP 9 9_1_3_1188
16 0.001282 3 0 PTP 13 8_13_2_1189
13 0.001282 2 13
12 0.001282 2 13 9
15 0.001282 3 0 PTP 13 13_4_3_1190
15 0.001282 3 0 PTP 13 13_5_3_1191
16 0.001282 3 0 PTP 10 14_10_2_816
16 0.001282 3 0 PTP 10 13_10_2_1192
13 0.001282 2 10
12 0.001282 2 10 9
15 0.001282 3 0 PTP 10 10_1_3_1193
15 0.001282 3 0 PTP 10 10_2_3_1194
16 0.001282 3 0 PTP 14 9_14_2_1195
13 0.001282 2 14
12 0.001282 2 14 9
15 0.001282 3 0 PTP 14 14_5_3_1196
15 0.001282 3 0 PTP 14 14_6_3_1197
16 0.001282 3 0 PTP 11 15_11_2_807
16 0.001282 3 0 PTP 11 14_11_2_1198
13 0.001282 2 11
12 0.001282 2 11 9
15 0.001282 3 0 PTP 11 11_2_3_1199
15 0.001282 3 0 PTP 11 11_3_3_1200
16 0.001282 3 0 PTP 15 10_15_2_1201
13 0.001282 2 15
12 0.001282 2 15 9
15 0.001282 3 0 PTP 15 15_6_3_1202
15 0.001282 3 0 PTP 15 15_7_3_1203
16 0.001282 3 0 PTP 12 16_12_2_813
16 0.001282 3 0 PTP 12 15_12_2_1204
13 0.001282 2 12
12 0.001282 2 12 9
15 0.001282 3 0 PTP 12 12_3_3_1205
15 0.001282 3 0 PTP 12 12_4_3_1206
16 0.001282 3 0 PTP 16 11_16_2_1207
13 0.001282 2 16
12 0.001282 2 16 9
15 0.001282 3 0 PTP 16 16_7_3_1208
15 0.001282 3 0 PTP 16 16_8_3_1209
16 0.001303 3 0 PTP 3 7_3_2_469
16 0.001303 3 0 PTP 7 3_7_2_999
16 0.001303 3 0 PTP 7 2_7_2_1210
13 0.001303 2 7
12 0.001303 2 7 9
15 0.001303 3 0 PTP 7 7_14_3_1211
15 0.001303 3 0 PTP 7 7_15_3_1212
16 0.001303 3 0 PTP 3 6_3_2_1213
13 0.001303 2 3
12 0.001303 2 3 9
15 0.001303 3 0 PTP 3 3_10_3_1214
15 0.001303 3 0 PTP 3 3_11_3_1215
16 0.001303 3 0 PTP 123 121_123_1_689
16 0.001303 3 0 PTP 124 122_124_1_692
16 0.001303 3 0 PTP 115 113_115_1_694
16 0.001303 3 0 PTP 116 114_116_1_697
16 0.001303 3 0 PTP 107 105_107_1_699
16 0.001303 3 0 PTP 108 106_108_1_702
16 0.001303 3 0 PTP 91 89_91_1_704
16 0.001303 3 0 PTP 92 90_92_1_707
16 0.001303 3 0 PTP 83 81_83_1_709
16 0.001303 3 0 PTP 84 82_84_1_712
16 0.001303 3 0 PTP 75 73_75_1_714
16 0.001303 3 0 PTP 76 74_76_1_717
16 0.001303 3 0 PTP 59 57_59_1_719
16 0.001303 3 0 PTP 60 58_60_1_722
16 0.001303 3 0 PTP 51 49_51_1_724
16 0.001303 3 0 PTP 52 50_52_1_727
16 0.001303 3 0 PTP 43 41_43_1_729
16 0.001303 3 0 PTP 44 42_44_1_732
16 0.001303 3 0 PTP 125 127_125_1_1004
16 0.001303 3 0 PTP 126 128_126_1_1007
16 0.001303 3 0 PTP 117 119_117_1_1019
16 0.001303 3 0 PTP 118 120_118_1_1022
16 0.001303 3 0 PTP 109 111_109_1_1034
16 0.001303 3 0 PTP 110 112_110_1_1037
16 0.001303 3 0 PTP 93 95_93_1_1049
16 0.001303 3 0 PTP 94 96_94_1_1052
16 0.001303 3 0 PTP 85 87_85_1_1064
16 0.001303 3 0 PTP 86 88_86_1_1067
16 0.001303 3 0 PTP 77 79_77_1_1079
16 0.001303 3 0 PTP 78 80_78_1_1082
16 0.001303 3 0 PTP 61 63_61_1_1094
16 0.001303 3 0 PTP 62 64_62_1_1097
16 0.001303 3 0 PTP 53 55_53_1_1109
16 0.001303 3 0 PTP 54 56_54_1_1112
16 0.001303 3 0 PTP 45 47_45_1_1124
16 0.001303 3 0 PTP 46 48_46_1_1127
16 0.001303 3 0 PTP 121 123_121_1_1014
16 0.001303 3 0 PTP 121 122_121_1_1216
13 0.001303 2 121
12 0.001303 2 121 9
15 0.001303 3 0 PTP 121 121_124_2_1217
15 0.001303 3 0 PTP 121 121_125_2_1218
16 0.001303 3 0 PTP 123 120_123_1_1219
13 0.001303 2 123
12 0.001303 2 123 9
15 0.001303 3 0 PTP 123 123_126_2_1220
15 0.001303 3 0 PTP 123 123_127_2_1221
16 0.001303 3 0 PTP 122 124_122_1_1017
16 0.001303 3 0 PTP 122 123_122_1_1222
13 0.001303 2 122
12 0.001303 2 122 9
15 0.001303 3 0 PTP 122 122_125_2_1223
15 0.001303 3 0 PTP 122 122_126_2_1224
16 0.001303 3 0 PTP 124 121_124_1_1225
13 0.001303 2 124
12 0.001303 2 124 9
15 0.001303 3 0 PTP 124 124_127_2_1226
15 0.001303 3 0 PTP 124 124_128_2_1227
16 0.001303 3 0 PTP 113 115_113_1_1029
16 0.001303 3 0 PTP 113 114_113_1_1228
13 0.001303 2 113
12 0.001303 2 113 9
15 0.001303 3 0 PTP 113 113_116_2_1229
15 0.001303 3 0 PTP 113 113_117_2_1230
16 0.001303 3 0 PTP 115 112_115_1_1231
13 0.001303 2 115
12 0.001303 2 115 9
15 0.001303 3 0 PTP 115 115_118_2_1232
15 0.001303 3 0 PTP 115 115_119_2_1233
16 0.001303 3 0 PTP 114 116_114_1_1032
16 0.001303 3 0 PTP 114 115_114_1_1234
13 0.001303 2 114
12 0.001303 2 114 9
15 0.001303 3 0 PTP 114 114_117_2_1235
15 0.001303 3 0 PTP 114 114_118_2_1236
16 0.001303 3 0 PTP 116 113_116_1_1237
13 0.001303 2 116
12 0.001303 2 116 9
15 0.001303 3 0 PTP 116 116_119_2_1238
15 0.001303 3 0 PTP 116 116_120_2_1239
16 0.001303 3 0 PTP 105 107_105_1_1044
16 0.001303 3 0 PTP 105 106_105_1_1240
13 0.001303 2 105
12 0.001303 2 105 9
15 0.001303 3 0 PTP 105 105_108_2_1241
15 0.001303 3 0 PTP 105 105_109_2_1242
16 0.001303 3 0 PTP 107 104_107_1_1243
13 0.001303 2 107
12 0.001303 2 107 9
15 0.001303 3 0 PTP 107 107_110_2_1244
15 0.001303 3 0 PTP 107 107_111_2_1245
16 0.001303 3 0 PTP 106 108_106_1_1047
16 0.001303 3 0 PTP 106 107_106_1_1246
13 0.001303 2 106
12 0.001303 2 106 9
15 0.001303 3 0 PTP 106 106_109_2_1247
15 0.001303 3 0 PTP 106 106_110_2_1248
16 0.001303 3 0 PTP 108 105_108_1_1249
13 0.001303 2 108
12 0.001303 2 108 9
15 0.001303 3 0 PTP 108 108_111_2_1250
15 0.001303 3 0 PTP 108 108_112_2_1251
16 0.001303 3 0 PTP 89 91_89_1_1059
16 0.001303 3 0 PTP 89 90_89_1_1252
13 0.001303 2 89
12 0.001303 2 89 9
15 0.001303 3 0 PTP 89 89_92_2_1253
15 0.001303 3 0 PTP 89 89_93_2_1254
16 0.001303 3 0 PTP 91 88_91_1_1255
13 0.001303 2 91
12 0.001303 2 91 9
15 0.001303 3 0 PTP 91 91_94_2_1256
15 0.001303 3 0 PTP 91 91_95_2_1257
16 0.001303 3 0 PTP 90 92_90_1_1062
16 0.001303 3 0 PTP 90 91_90_1_1258
13 0.001303 2 90
12 0.001303 2 90 9
15 0.001303 3 0 PTP 90 90_93_2_1259
15 0.001303 3 0 PTP 90 90_94_2_1260
16 0.001303 3 0 PTP 92 89_92_1_1261
13 0.001303 2 92
12 0.001303 2 92 9
15 0.001303 3 0 PTP 92 92_95_2_1262
15 0.001303 3 0 PTP 92 92_96_2_1263
16 0.001303 3 0 PTP 81 83_81_1_1074
16 0.001303 3 0 PTP 81 82_81_1_1264
13 0.001303 2 81
12 0.001303 2 81 9
15 0.001303 3 0 PTP 81 81_84_2_1265
15 0.001303 3 0 PTP 81 81_85_2_1266
16 0.001303 3 0 PTP 83 80_83_1_1267
13 0.001303 2 83
12 0.001303 2 83 9
15 0.001303 3 0 PTP 83 83_86_2_1268
15 0.001303 3 0 PTP 83 83_87_2_1269
16 0.001303 3 0 PTP 82 84_82_1_1077
16 0.001303 3 0 PTP 82 83_82_1_1270
13 0.001303 2 82
12 0.001303 2 82 9
15 0.001303 3 0 PTP 82 82_85_2_1271
15 0.001303 3 0 PTP 82 82_86_2_1272
16 0.001303 3 0 PTP 84 81_84_1_1273
13 0.001303 2 84
12 0.001303 2 84 9
15 0.001303 3 0 PTP 84 84_87_2_1274
15 0.001303 3 0 PTP 84 84_88_2_1275
16 0.001303 3 0 PTP 73 75_73_1_1089
16 0.001303 3 0 PTP 73 74_73_1_1276
13 0.001303 2 73
12 0.001303 2 73 9
15 0.001303 3 0 PTP 73 73_76_2_1277
15 0.001303 3 0 PTP 73 73_77_2_1278
16 0.001303 3 0 PTP 75 72_75_1_1279
13 0.001303 2 75
12 0.001303 2 75 9
15 0.001303 3 0 PTP 75 75_78_2_1280
15 0.001303 3 0 PTP 75 75_79_2_1281
16 0.001303 3 0 PTP 74 76_74_1_1092
16 0.001303 3 0 PTP 74 75_74_1_1282
13 0.001303 2 74
12 0.001303 2 74 9
15 0.001303 3 0 PTP 74 74_77_2_1283
15 0.001303 3 0 PTP 74 74_78_2_1284
16 0.001303 3 0 PTP 76 73_76_1_1285
13 0.001303 2 76
12 0.001303 2 76 9
15 0.001303 3 0 PTP 76 76_79_2_1286
15 0.001303 3 0 PTP 76 76_80_2_1287
16 0.001303 3 0 PTP 57 59_57_1_1104
16 0.001303 3 0 PTP 57 58_57_1_1288
13 0.001303 2 57
12 0.001303 2 57 9
15 0.001303 3 0 PTP 57 57_60_2_1289
15 0.001303 3 0 PTP 57 57_61_2_1290
16 0.001303 3 0 PTP 59 56_59_1_1291
13 0.001303 2 59
12 0.001303 2 59 9
15 0.001303 3 0 PTP 59 59_62_2_1292
15 0.001303 3 0 PTP 59 59_63_2_1293
16 0.001303 3 0 PTP 58 60_58_1_1107
16 0.001303 3 0 PTP 58 59_58_1_1294
13 0.001303 2 58
12 0.001303 2 58 9
15 0.001303 3 0 PTP 58 58_61_2_1295
15 0.001303 3 0 PTP 58 58_62_2_1296
16 0.001303 3 0 PTP 60 57_60_1_1297
13 0.001303 2 60
12 0.001303 2 60 9
15 0.001303 3 0 PTP 60 60_63_2_1298
15 0.001303 3 0 PTP 60 60_64_2_1299
16 0.001303 3 0 PTP 49 51_49_1_1119
16 0.001303 3 0 PTP 49 50_49_1_1300
13 0.001303 2 49
12 0.001303 2 49 9
15 0.001303 3 0 PTP 49 49_52_2_1301
15 0.001303 3 0 PTP 49 49_53_2_1302
16 0.001303 3 0 PTP 51 48_51_1_1303
13 0.001303 2 51
12 0.001303 2 51 9
15 0.001303 3 0 PTP 51 51_54_2_1304
15 0.001303 3 0 PTP 51 51_55_2_1305
16 0.001303 3 0 PTP 50 52_50_1_1122
16 0.001303 3 0 PTP 50 51_50_1_1306
13 0.001303 2 50
12 0.001303 2 50 9
15 0.001303 3 0 PTP 50 50_53_2_1307
15 0.001303 3 0 PTP 50 50_54_2_1308
16 0.001303 3 0 PTP 52 49_52_1_1309
13 0.001303 2 52
12 0.001303 2 52 9
15 0.001303 3 0 PTP 52 52_55_2_1310
15 0.001303 3 0 PTP 52 52_56_2_1311
16 0.001303 3 0 PTP 41 43_41_1_1134
16 0.001303 3 0 PTP 41 42_41_1_1312
13 0.001303 2 41
12 0.001303 2 41 9
15 0.001303 3 0 PTP 41 41_44_2_1313
15 0.001303 3 0 PTP 41 41_45_2_1314
16 0.001303 3 0 PTP 43 40_43_1_1315
13 0.001303 2 43
12 0.001303 2 43 9
15 0.001303 3 0 PTP 43 43_46_2_1316
15 0.001303 3 0 PTP 43 43_47_2_1317
16 0.001303 3 0 PTP 42 44_42_1_1137
16 0.001303 3 0 PTP 42 43_42_1_1318
13 0.001303 2 42
12 0.001303 2 42 9
15 0.001303 3 0 PTP 42 42_45_2_1319
15 0.001303 3 0 PTP 42 42_46_2_1320
16 0.001303 3 0 PTP 44 41_44_1_1321
13 0.001303 2 44
12 0.001303 2 44 9
15 0.001303 3 0 PTP 44 44_47_2_1322
15 0.001303 3 0 PTP 44 44_48_2_1323
16 0.001303 3 0 PTP 127 125_127_1_1009
16 0.001303 3 0 PTP 127 124_127_1_1324
13 0.001303 2 127
12 0.001303 2 127 9
15 0.001303 3 0 PTP 127 127_122_2_1325
15 0.001303 3 0 PTP 127 127_123_2_1326
16 0.001303 3 0 PTP 125 126_125_1_1327
13 0.001303 2 125
12 0.001303 2 125 9
15 0.001303 3 0 PTP 125 125_120_2_1328
15 0.001303 3 0 PTP 125 125_121_2_1329
16 0.001303 3 0 PTP 128 126_128_1_1012
16 0.001303 3 0 PTP 128 125_128_1_1330
13 0.001303 2 128
12 0.001303 2 128 9
15 0.001303 3 0 PTP 128 128_123_2_1331
15 0.001303 3 0 PTP 128 128_124_2_1332
16 0.001303 3 0 PTP 126 127_126_1_1333
13 0.001303 2 126
12 0.001303 2 126 9
15 0.001303 3 0 PTP 126 126_121_2_1334
15 0.001303 3 0 PTP 126 126_122_2_1335
16 0.001303 3 0 PTP 119 117_119_1_1024
16 0.001303 3 0 PTP 119 116_119_1_1336
13 0.001303 2 119
12 0.001303 2 119 9
15 0.001303 3 0 PTP 119 119_114_2_1337
15 0.001303 3 0 PTP 119 119_115_2_1338
16 0.001303 3 0 PTP 117 118_117_1_1339
13 0.001303 2 117
12 0.001303 2 117 9
15 0.001303 3 0 PTP 117 117_112_2_1340
15 0.001303 3 0 PTP 117 117_113_2_1341
16 0.001303 3 0 PTP 120 118_120_1_1027
16 0.001303 3 0 PTP 120 117_120_1_1342
13 0.001303 2 120
12 0.001303 2 120 9
15 0.001303 3 0 PTP 120 120_115_2_1343
15 0.001303 3 0 PTP 120 120_116_2_1344
16 0.001303 3 0 PTP 118 119_118_1_1345
13 0.001303 2 118
12 0.001303 2 118 9
15 0.001303 3 0 PTP 118 118_113_2_1346
15 0.001303 3 0 PTP 118 118_114_2_1347
16 0.001303 3 0 PTP 111 109_111_1_1039
16 0.001303 3 0 PTP 111 108_111_1_1348
13 0.001303 2 111
12 0.001303 2 111 9
15 0.001303 3 0 PTP 111 111_106_2_1349
15 0.001303 3 0 PTP 111 111_107_2_1350
16 0.001303 3 0 PTP 109 110_109_1_1351
13 0.001303 2 109
12 0.001303 2 109 9
15 0.001303 3 0 PTP 109 109_104_2_1352
15 0.001303 3 0 PTP 109 109_105_2_1353
16 0.001303 3 0 PTP 112 110_112_1_1042
16 0.001303 3 0 PTP 112 109_112_1_1354
13 0.001303 2 112
12 0.001303 2 112 9
15 0.001303 3 0 PTP 112 112_107_2_1355
15 0.001303 3 0 PTP 112 112_108_2_1356
16 0.001303 3 0 PTP 110 111_110_1_1357
13 0.001303 2 110
12 0.001303 2 110 9
15 0.001303 3 0 PTP 110 110_105_2_1358
15 0.001303 3 0 PTP 110 110_106_2_1359
16 0.001303 3 0 PTP 95 93_95_1_1054
16 0.001303 3 0 PTP 95 92_95_1_1360
13 0.001303 2 95
12 0.001303 2 95 9
15 0.001303 3 0 PTP 95 95_90_2_1361
15 0.001303 3 0 PTP 95 95_91_2_1362
16 0.001303 3 0 PTP 93 94_93_1_1363
13 0.001303 2 93
12 0.001303 2 93 9
15 0.001303 3 0 PTP 93 93_88_2_1364
15 0.001303 3 0 PTP 93 93_89_2_1365
16 0.001303 3 0 PTP 96 94_96_1_1057
16 0.001303 3 0 PTP 96 93_96_1_1366
13 0.001303 2 96
12 0.001303 2 96 9
15 0.001303 3 0 PTP 96 96_91_2_1367
15 0.001303 3 0 PTP 96 96_92_2_1368
16 0.001303 3 0 PTP 94 95_94_1_1369
13 0.001303 2 94
12 0.001303 2 94 9
15 0.001303 3 0 PTP 94 94_89_2_1370
15 0.001303 3 0 PTP 94 94_90_2_1371
16 0.001303 3 0 PTP 87 85_87_1_1069
16 0.001303 3 0 PTP 87 84_87_1_1372
13 0.001303 2 87
12 0.001303 2 87 9
15 0.001303 3 0 PTP 87 87_82_2_1373
15 0.001303 3 0 PTP 87 87_83_2_1374
16 0.001303 3 0 PTP 85 86_85_1_1375
13 0.001303 2 85
12 0.001303 2 85 9
15 0.001303 3 0 PTP 85 85_80_2_1376
15 0.001303 3 0 PTP 85 85_81_2_1377
16 0.001303 3 0 PTP 88 86_88_1_1072
16 0.001303 3 0 PTP 88 85_88_1_1378
13 0.001303 2 88
12 0.001303 2 88 9
15 0.001303 3 0 PTP 88 88_83_2_1379
15 0.001303 3 0 PTP 88 88_84_2_1380
16 0.001303 3 0 PTP 86 87_86_1_1381
13 0.001303 2 86
12 0.001303 2 86 9
15 0.001303 3 0 PTP 86 86_81_2_1382
15 0.001303 3 0 PTP 86 86_82_2_1383
16 0.001303 3 0 PTP 79 77_79_1_1084
16 0.001303 3 0 PTP 79 76_79_1_1384
13 0.001303 2 79
12 0.001303 2 79 9
15 0.001303 3 0 PTP 79 79_74_2_1385
15 0.001303 3 0 PTP 79 79_75_2_1386
16 0.001303 3 0 PTP 77 78_77_1_1387
13 0.001303 2 77
12 0.001303 2 77 9
15 0.001303 3 0 PTP 77 77_72_2_1388
15 0.001303 3 0 PTP 77 77_73_2_1389
16 0.001303 3 0 PTP 80 78_80_1_1087
16 0.001303 3 0 PTP 80 77_80_1_1390
13 0.001303 2 80
12 0.001303 2 80 9
15 0.001303 3 0 PTP 80 80_75_2_1391
15 0.001303 3 0 PTP 80 80_76_2_1392
16 0.001303 3 0 PTP 78 79_78_1_1393
13 0.001303 2 78
12 0.001303 2 78 9
15 0.001303 3 0 PTP 78 78_73_2_1394
15 0.001303 3 0 PTP 78 78_74_2_1395
16 0.001303 3 0 PTP 63 61_63_1_1099
16 0.001303 3 0 PTP 63 60_63_1_1396
13 0.001303 2 63
12 0.001303 2 63 9
15 0.001303 3 0 PTP 63 63_58_2_1397
15 0.001303 3 0 PTP 63 63_59_2_1398
16 0.001303 3 0 PTP 61 62_61_1_1399
13 0.001303 2 61
12 0.001303 2 61 9
15 0.001303 3 0 PTP 61 61_56_2_1400
15 0.001303 3 0 PTP 61 61_57_2_1401
16 0.001303 3 0 PTP 64 62_64_1_1102
16 0.001303 3 0 PTP 64 61_64_1_1402
13 0.001303 2 64
12 0.001303 2 64 9
15 0.001303 3 0 PTP 64 64_59_2_1403
15 0.001303 3 0 PTP 64 64_60_2_1404
16 0.001303 3 0 PTP 62 63_62_1_1405
13 0.001303 2 62
12 0.001303 2 62 9
15 0.001303 3 0 PTP 62 62_57_2_1406
15 0.001303 3 0 PTP 62 62_58_2_1407
16 0.001303 3 0 PTP 55 53_55_1_1114
16 0.001303 3 0 PTP 55 52_55_1_1408
13 0.001303 2 55
12 0.001303 2 55 9
15 0.001303 3 0 PTP 55 55_50_2_1409
15 0.001303 3 0 PTP 55 55_51_2_1410
16 0.001303 3 0 PTP 53 54_53_1_1411
13 0.001303 2 53
12 0.001303 2 53 9
15 0.001303 3 0 PTP 53 53_48_2_1412
15 0.001303 3 0 PTP 53 53_49_2_1413
16 0.001303 3 0 PTP 56 54_56_1_1117
16 0.001303 3 0 PTP 56 53_56_1_1414
13 0.001303 2 56
12 0.001303 2 56 9
15 0.001303 3 0 PTP 56 56_51_2_1415
15 0.001303 3 0 PTP 56 56_52_2_1416
16 0.001303 3 0 PTP 54 55_54_1_1417
13 0.001303 2 54
12 0.001303 2 54 9
15 0.001303 3 0 PTP 54 54_49_2_1418
15 0.001303 3 0 PTP 54 54_50_2_1419
16 0.001303 3 0 PTP 47 45_47_1_1129
16 0.001303 3 0 PTP 47 44_47_1_1420
13 0.001303 2 47
12 0.001303 2 47 9
15 0.001303 3 0 PTP 47 47_42_2_1421
15 0.001303 3 0 PTP 47 47_43_2_1422
16 0.001303 3 0 PTP 45 46_45_1_1423
13 0.001303 2 45
12 0.001303 2 45 9
15 0.001303 3 0 PTP 45 45_40_2_1424
15 0.001303 3 0 PTP 45 45_41_2_1425
16 0.001303 3 0 PTP 48 46_48_1_1132
16 0.001303 3 0 PTP 48 45_48_1_1426
13 0.001303 2 48
12 0.001303 2 48 9
15 0.001303 3 0 PTP 48 48_43_2_1427
15 0.001303 3 0 PTP 48 48_44_2_1428
16 0.001303 3 0 PTP 46 47_46_1_1429
13 0.001303 2 46
12 0.001303 2 46 9
15 0.001303 3 0 PTP 46 46_41_2_1430
15 0.001303 3 0 PTP 46 46_42_2_1431
16 0.001305 3 0 PTP 101 97_101_2_819
16 0.001305 3 0 PTP 102 98_102_2_825
16 0.001305 3 0 PTP 103 99_103_2_822
16 0.001305 3 0 PTP 104 100_104_2_828
16 0.001305 3 0 PTP 69 65_69_2_831
16 0.001305 3 0 PTP 70 66_70_2_837
16 0.001305 3 0 PTP 71 67_71_2_834
16 0.001305 3 0 PTP 72 68_72_2_840
16 0.001305 3 0 PTP 37 33_37_2_843
16 0.001305 3 0 PTP 38 34_38_2_849
16 0.001305 3 0 PTP 39 35_39_2_846
16 0.001305 3 0 PTP 40 36_40_2_852
16 0.001305 3 0 PTP 97 101_97_2_858
16 0.001305 3 0 PTP 97 100_97_2_1432
13 0.001305 2 97
12 0.001305 2 97 9
15 0.001305 3 0 PTP 97 97_104_3_1433
15 0.001305 3 0 PTP 97 97_105_3_1434
16 0.001305 3 0 PTP 101 96_101_2_1435
13 0.001305 2 101
12 0.001305 2 101 9
15 0.001305 3 0 PTP 101 101_108_3_1436
15 0.001305 3 0 PTP 101 101_109_3_1437
16 0.001305 3 0 PTP 98 102_98_2_864
16 0.001305 3 0 PTP 98 101_98_2_1438
13 0.001305 2 98
12 0.001305 2 98 9
15 0.001305 3 0 PTP 98 98_105_3_1439
15 0.001305 3 0 PTP 98 98_106_3_1440
16 0.001305 3 0 PTP 102 97_102_2_1441
13 0.001305 2 102
12 0.001305 2 102 9
15 0.001305 3 0 PTP 102 102_109_3_1442
15 0.001305 3 0 PTP 102 102_110_3_1443
16 0.001305 3 0 PTP 99 103_99_2_855
16 0.001305 3 0 PTP 99 102_99_2_1444
13 0.001305 2 99
12 0.001305 2 99 9
15 0.001305 3 0 PTP 99 99_106_3_1445
15 0.001305 3 0 PTP 99 99_107_3_1446
16 0.001305 3 0 PTP 103 98_103_2_1447
13 0.001305 2 103
12 0.001305 2 103 9
15 0.001305 3 0 PTP 103 103_110_3_1448
15 0.001305 3 0 PTP 103 103_111_3_1449
16 0.001305 3 0 PTP 100 104_100_2_861
16 0.001305 3 0 PTP 100 103_100_2_1450
13 0.001305 2 100
12 0.001305 2 100 9
15 0.001305 3 0 PTP 100 100_107_3_1451
15 0.001305 3 0 PTP 100 100_108_3_1452
16 0.001305 3 0 PTP 104 99_104_2_1453
13 0.001305 2 104
12 0.001305 2 104 9
15 0.001305 3 0 PTP 104 104_111_3_1454
15 0.001305 3 0 PTP 104 104_112_3_1455
16 0.001305 3 0 PTP 65 69_65_2_870
16 0.001305 3 0 PTP 65 68_65_2_1456
13 0.001305 2 65
12 0.001305 2 65 9
15 0.001305 3 0 PTP 65 65_72_3_1457
15 0.001305 3 0 PTP 65 65_73_3_1458
16 0.001305 3 0 PTP 69 64_69_2_1459
13 0.001305 2 69
12 0.001305 2 69 9
15 0.001305 3 0 PTP 69 69_76_3_1460
15 0.001305 3 0 PTP 69 69_77_3_1461
16 0.001305 3 0 PTP 66 70_66_2_876
16 0.001305 3 0 PTP 66 69_66_2_1462
13 0.001305 2 66
12 0.001305 2 66 9
15 0.001305 3 0 PTP 66 66_73_3_1463
15 0.001305 3 0 PTP 66 66_74_3_1464
16 0.001305 3 0 PTP 70 65_70_2_1465
13 0.001305 2 70
12 0.001305 2 70 9
15 0.001305 3 0 PTP 70 70_77_3_1466
15 0.001305 3 0 PTP 70 70_78_3_1467
16 0.001305 3 0 PTP 67 71_67_2_867
16 0.001305 3 0 PTP 67 70_67_2_1468
13 0.001305 2 67
12 0.001305 2 67 9
15 0.001305 3 0 PTP 67 67_74_3_1469
15 0.001305 3 0 PTP 67 67_75_3_1470
16 0.001305 3 0 PTP 71 66_71_2_1471
13 0.001305 2 71
12 0.001305 2 71 9
15 0.001305 3 0 PTP 71 71_78_3_1472
15 0.001305 3 0 PTP 71 71_79_3_1473
16 0.001305 3 0 PTP 68 72_68_2_873
16 0.001305 3 0 PTP 68 71_68_2_1474
13 0.001305 2 68
12 0.001305 2 68 9
15 0.001305 3 0 PTP 68 68_75_3_1475
15 0.001305 3 0 PTP 68 68_76_3_1476
16 0.001305 3 0 PTP 72 67_72_2_1477
13 0.001305 2 72
12 0.001305 2 72 9
15 0.001305 3 0 PTP 72 72_79_3_1478
15 0.001305 3 0 PTP 72 72_80_3_1479
16 0.001305 3 0 PTP 33 37_33_2_882
16 0.001305 3 0 PTP 33 36_33_2_1480
13 0.001305 2 33
12 0.001305 2 33 9
15 0.001305 3 0 PTP 33 33_40_3_1481
15 0.001305 3 0 PTP 33 33_41_3_1482
16 0.001305 3 0 PTP 37 32_37_2_1483
13 0.001305 2 37
12 0.001305 2 37 9
15 0.001305 3 0 PTP 37 37_44_3_1484
15 0.001305 3 0 PTP 37 37_45_3_1485
16 0.001305 3 0 PTP 34 38_34_2_888
16 0.001305 3 0 PTP 34 37_34_2_1486
13 0.001305 2 34
12 0.001305 2 34 9
15 0.001305 3 0 PTP 34 34_41_3_1487
15 0.001305 3 0 PTP 34 34_42_3_1488
16 0.001305 3 0 PTP 38 33_38_2_1489
13 0.001305 2 38
12 0.001305 2 38 9
15 0.001305 3 0 PTP 38 38_45_3_1490
15 0.001305 3 0 PTP 38 38_46_3_1491
16 0.001305 3 0 PTP 35 39_35_2_879
16 0.001305 3 0 PTP 35 38_35_2_1492
13 0.001305 2 35
12 0.001305 2 35 9
15 0.001305 3 0 PTP 35 35_42_3_1493
15 0.001305 3 0 PTP 35 35_43_3_1494
16 0.001305 3 0 PTP 39 34_39_2_1495
13 0.001305 2 39
12 0.001305 2 39 9
15 0.001305 3 0 PTP 39 39_46_3_1496
15 0.001305 3 0 PTP 39 39_47_3_1497
16 0.001305 3 0 PTP 36 40_36_2_885
16 0.001305 3 0 PTP 36 39_36_2_1498
13 0.001305 2 36
12 0.001305 2 36 9
15 0.001305 3 0 PTP 36 36_43_3_1499
15 0.001305 3 0 PTP 36 36_44_3_1500
16 0.001305 3 0 PTP 40 35_40_2_1501
13 0.001305 2 40
12 0.001305 2 40 9
15 0.001305 3 0 PTP 40 40_47_3_1502
15 0.001305 3 0 PTP 40 40_48_3_1503
16 0.001306 3 0 PTP 1 5_1_2_472
16 0.001306 3 0 PTP 5 1_5_2_1002
16 0.001306 3 0 PTP 5 0_5_2_1504
13 0.001306 2 5
12 0.001306 2 5 9
15 0.001306 3 0 PTP 5 5_12_3_1505
15 0.001306 3 0 PTP 5 5_13_3_1506
16 0.001306 3 0 PTP 1 4_1_2_1507
13 0.001306 2 1
12 0.001306 2 1 9
15 0.001306 3 0 PTP 1 1_8_3_1508
15 0.001306 3 0 PTP 1 1_9_3_1509
16 0.001418 3 0 PTP 125 121_125_2_1218
16 0.001418 3 0 PTP 126 122_126_2_1224
16 0.001418 3 0 PTP 127 123_127_2_1221
16 0.001418 3 0 PTP 128 124_128_2_1227
16 0.001418 3 0 PTP 117 113_117_2_1230
16 0.001418 3 0 PTP 118 114_118_2_1236
16 0.001418 3 0 PTP 119 115_119_2_1233
16 0.001418 3 0 PTP 120 116_120_2_1239
16 0.001418 3 0 PTP 109 105_109_2_1242
16 0.001418 3 0 PTP 110 106_110_2_1248
16 0.001418 3 0 PTP 111 107_111_2_1245
16 0.001418 3 0 PTP 112 108_112_2_1251
16 0.001418 3 0 PTP 93 89_93_2_1254
16 0.001418 3 0 PTP 94 90_94_2_1260
16 0.001418 3 0 PTP 95 91_95_2_1257
16 0.001418 3 0 PTP 96 92_96_2_1263
16 0.001418 3 0 PTP 85 81_85_2_1266
16 0.001418 3 0 PTP 86 82_86_2_1272
16 0.001418 3 0 PTP 87 83_87_2_1269
16 0.001418 3 0 PTP 88 84_88_2_1275
16 0.001418 3 0 PTP 77 73_77_2_1278
16 0.001418 3 0 PTP 78 74_78_2_1284
16 0.001418 3 0 PTP 79 75_79_2_1281
16 0.001418 3 0 PTP 80 76_80_2_1287
16 0.001418 3 0 PTP 61 57_61_2_1290
16 0.001418 3 0 PTP 62 58_62_2_1296
16 0.001418 3 0 PTP 63 59_63_2_1293
16 0.001418 3 0 PTP 64 60_64_2_1299
16 0.001418 3 0 PTP 53 49_53_2_1302
16 0.001418 3 0 PTP 54 50_54_2_1308
16 0.001418 3 0 PTP 55 51_55_2_1305
16 0.001418 3 0 PTP 56 52_56_2_1311
16 0.001418 3 0 PTP 45 41_45_2_1314
16 0.001418 3 0 PTP 46 42_46_2_1320
16 0.001418 3 0 PTP 47 43_47_2_1317
16 0.001418 3 0 PTP 48 44_48_2_1323
16 0.001418 3 0 PTP 121 125_121_2_1329
16 0.001418 3 0 PTP 121 124_121_2_1510
13 0.001418 2 121
12 0.001418 2 121 9
15 0.001418 3 0 PTP 121 121_112_3_1511
15 0.001418 3 0 PTP 121 121_113_3_1512
16 0.001418 3 0 PTP 125 120_125_2_1513
13 0.001418 2 125
12 0.001418 2 125 9
15 0.001418 3 0 PTP 125 125_116_3_1514
15 0.001418 3 0 PTP 125 125_117_3_1515
16 0.001418 3 0 PTP 122 126_122_2_1335
16 0.001418 3 0 PTP 122 125_122_2_1516
13 0.001418 2 122
12 0.001418 2 122 9
15 0.001418 3 0 PTP 122 122_113_3_1517
15 0.001418 3 0 PTP 122 122_114_3_1518
16 0.001418 3 0 PTP 126 121_126_2_1519
13 0.001418 2 126
12 0.001418 2 126 9
15 0.001418 3 0 PTP 126 126_117_3_1520
15 0.001418 3 0 PTP 126 126_118_3_1521
16 0.001418 3 0 PTP 123 127_123_2_1326
16 0.001418 3 0 PTP 123 126_123_2_1522
13 0.001418 2 123
12 0.001418 2 123 9
15 0.001418 3 0 PTP 123 123_114_3_1523
15 0.001418 3 0 PTP 123 123_115_3_1524
16 0.001418 3 0 PTP 127 122_127_2_1525
13 0.001418 2 127
12 0.001418 2 127 9
15 0.001418 3 0 PTP 127 127_118_3_1526
15 0.001418 3 0 PTP 127 127_119_3_1527
16 0.001418 3 0 PTP 124 128_124_2_1332
16 0.001418 3 0 PTP 124 127_124_2_1528
13 0.001418 2 124
12 0.001418 2 124 9
15 0.001418 3 0 PTP 124 124_115_3_1529
15 0.001418 3 0 PTP 124 124_116_3_1530
16 0.001418 3 0 PTP 128 123_128_2_1531
13 0.001418 2 128
12 0.001418 2 128 9
15 0.001418 3 0 PTP 128 128_119_3_1532
15 0.001418 3 0 PTP 128 128_120_3_1533
16 0.001418 3 0 PTP 113 117_113_2_1341
16 0.001418 3 0 PTP 113 116_113_2_1534
13 0.001418 2 113
12 0.001418 2 113 9
15 0.001418 3 0 PTP 113 113_120_3_1535
15 0.001418 3 0 PTP 113 113_121_3_1536
16 0.001418 3 0 PTP 117 112_117_2_1537
13 0.001418 2 117
12 0.001418 2 117 9
15 0.001418 3 0 PTP 117 117_124_3_1538
15 0.001418 3 0 PTP 117 117_125_3_1539
16 0.001418 3 0 PTP 114 118_114_2_1347
16 0.001418 3 0 PTP 114 117_114_2_1540
13 0.001418 2 114
12 0.001418 2 114 9
15 0.001418 3 0 PTP 114 114_121_3_1541
15 0.001418 3 0 PTP 114 114_122_3_1542
16 0.001418 3 0 PTP 118 113_118_2_1543
13 0.001418 2 118
12 0.001418 2 118 9
15 0.001418 3 0 PTP 118 118_125_3_1544
15 0.001418 3 0 PTP 118 118_126_3_1545
16 0.001418 3 0 PTP 115 119_115_2_1338
16 0.001418 3 0 PTP 115 118_115_2_1546
13 0.001418 2 115
12 0.001418 2 115 9
15 0.001418 3 0 PTP 115 115_122_3_1547
15 0.001418 3 0 PTP 115 115_123_3_1548
16 0.001418 3 0 PTP 119 114_119_2_1549
13 0.001418 2 119
12 0.001418 2 119 9
15 0.001418 3 0 PTP 119 119_126_3_1550
15 0.001418 3 0 PTP 119 119_127_3_1551
16 0.001418 3 0 PTP 116 120_116_2_1344
16 0.001418 3 0 PTP 116 119_116_2_1552
13 0.001418 2 116
12 0.001418 2 116 9
15 0.001418 3 0 PTP 116 116_123_3_1553
15 0.001418 3 0 PTP 116 116_124_3_1554
16 0.001418 3 0 PTP 120 115_120_2_1555
13 0.001418 2 120
12 0.001418 2 120 9
15 0.001418 3 0 PTP 120 120_127_3_1556
15 0.001418 3 0 PTP 120 120_128_3_1557
16 0.001418 3 0 PTP 105 109_105_2_1353
16 0.001418 3 0 PTP 105 108_105_2_1558
13 0.001418 2 105
12 0.001418 2 105 9
15 0.001418 3 0 PTP 105 105_96_3_1559
15 0.001418 3 0 PTP 105 105_97_3_1560
16 0.001418 3 0 PTP 109 104_109_2_1561
13 0.001418 2 109
12 0.001418 2 109 9
15 0.001418 3 0 PTP 109 109_100_3_1562
15 0.001418 3 0 PTP 109 109_101_3_1563
16 0.001418 3 0 PTP 106 110_106_2_1359
16 0.001418 3 0 PTP 106 109_106_2_1564
13 0.001418 2 106
12 0.001418 2 106 9
15 0.001418 3 0 PTP 106 106_97_3_1565
15 0.001418 3 0 PTP 106 106_98_3_1566
16 0.001418 3 0 PTP 110 105_110_2_1567
13 0.001418 2 110
12 0.001418 2 110 9
15 0.001418 3 0 PTP 110 110_101_3_1568
15 0.001418 3 0 PTP 110 110_102_3_1569
16 0.001418 3 0 PTP 107 111_107_2_1350
16 0.001418 3 0 PTP 107 110_107_2_1570
13 0.001418 2 107
12 0.001418 2 107 9
15 0.001418 3 0 PTP 107 107_98_3_1571
15 0.001418 3 0 PTP 107 107_99_3_1572
16 0.001418 3 0 PTP 111 106_111_2_1573
13 0.001418 2 111
12 0.001418 2 111 9
15 0.001418 3 0 PTP 111 111_102_3_1574
15 0.001418 3 0 PTP 111 111_103_3_1575
16 0.001418 3 0 PTP 108 112_108_2_1356
16 0.001418 3 0 PTP 108 111_108_2_1576
13 0.001418 2 108
12 0.001418 2 108 9
15 0.001418 3 0 PTP 108 108_99_3_1577
15 0.001418 3 0 PTP 108 108_100_3_1578
16 0.001418 3 0 PTP 112 107_112_2_1579
13 0.001418 2 112
12 0.001418 2 112 9
15 0.001418 3 0 PTP 112 112_103_3_1580
15 0.001418 3 0 PTP 112 112_104_3_1581
16 0.001418 3 0 PTP 89 93_89_2_1365
16 0.001418 3 0 PTP 89 92_89_2_1582
13 0.001418 2 89
12 0.001418 2 89 9
15 0.001418 3 0 PTP 89 89_80_3_1583
15 0.001418 3 0 PTP 89 89_81_3_1584
16 0.001418 3 0 PTP 93 88_93_2_1585
13 0.001418 2 93
12 0.001418 2 93 9
15 0.001418 3 0 PTP 93 93_84_3_1586
15 0.001418 3 0 PTP 93 93_85_3_1587
16 0.001418 3 0 PTP 90 94_90_2_1371
16 0.001418 3 0 PTP 90 93_90_2_1588
13 0.001418 2 90
12 0.001418 2 90 9
15 0.001418 3 0 PTP 90 90_81_3_1589
15 0.001418 3 0 PTP 90 90_82_3_1590
16 0.001418 3 0 PTP 94 89_94_2_1591
13 0.001418 2 94
12 0.001418 2 94 9
15 0.001418 3 0 PTP 94 94_85_3_1592
15 0.001418 3 0 PTP 94 94_86_3_1593
16 0.001418 3 0 PTP 91 95_91_2_1362
16 0.001418 3 0 PTP 91 94_91_2_1594
13 0.001418 2 91
12 0.001418 2 91 9
15 0.001418 3 0 PTP 91 91_82_3_1595
15 0.001418 3 0 PTP 91 91_83_3_1596
16 0.001418 3 0 PTP 95 90_95_2_1597
13 0.001418 2 95
12 0.001418 2 95 9
15 0.001418 3 0 PTP 95 95_86_3_1598
15 0.001418 3 0 PTP 95 95_87_3_1599
16 0.001418 3 0 PTP 92 96_92_2_1368
16 0.001418 3 0 PTP 92 95_92_2_1600
13 0.001418 2 92
12 0.001418 2 92 9
15 0.001418 3 0 PTP 92 92_83_3_1601
15 0.001418 3 0 PTP 92 92_84_3_1602
16 0.001418 3 0 PTP 96 91_96_2_1603
13 0.001418 2 96
12 0.001418 2 96 9
15 0.001418 3 0 PTP 96 96_87_3_1604
15 0.001418 3 0 PTP 96 96_88_3_1605
16 0.001418 3 0 PTP 81 85_81_2_1377
16 0.001418 3 0 PTP 81 84_81_2_1606
13 0.001418 2 81
12 0.001418 2 81 9
15 0.001418 3 0 PTP 81 81_88_3_1607
15 0.001418 3 0 PTP 81 81_89_3_1608
16 0.001418 3 0 PTP 85 80_85_2_1609
13 0.001418 2 85
12 0.001418 2 85 9
15 0.001418 3 0 PTP 85 85_92_3_1610
15 0.001418 3 0 PTP 85 85_93_3_1611
16 0.001418 3 0 PTP 82 86_82_2_1383
16 0.001418 3 0 PTP 82 85_82_2_1612
13 0.001418 2 82
12 0.001418 2 82 9
15 0.001418 3 0 PTP 82 82_89_3_1613
15 0.001418 3 0 PTP 82 82_90_3_1614
16 0.001418 3 0 PTP 86 81_86_2_1615
13 0.001418 2 86
12 0.001418 2 86 9
15 0.001418 3 0 PTP 86 86_93_3_1616
15 0.001418 3 0 PTP 86 86_94_3_1617
16 0.001418 3 0 PTP 83 87_83_2_1374
16 0.001418 3 0 PTP 83 86_83_2_1618
13 0.001418 2 83
12 0.001418 2 83 9
15 0.001418 3 0 PTP 83 83_90_3_1619
15 0.001418 3 0 PTP 83 83_91_3_1620
16 0.001418 3 0 PTP 87 82_87_2_1621
13 0.001418 2 87
12 0.001418 2 87 9
15 0.001418 3 0 PTP 87 87_94_3_1622
15 0.001418 3 0 PTP 87 87_95_3_1623
16 0.001418 3 0 PTP 84 88_84_2_1380
16 0.001418 3 0 PTP 84 87_84_2_1624
13 0.001418 2 84
12 0.001418 2 84 9
15 0.001418 3 0 PTP 84 84_91_3_1625
15 0.001418 3 0 PTP 84 84_92_3_1626
16 0.001418 3 0 PTP 88 83_88_2_1627
13 0.001418 2 88
12 0.001418 2 88 9
15 0.001418 3 0 PTP 88 88_95_3_1628
15 0.001418 3 0 PTP 88 88_96_3_1629
16 0.001418 3 0 PTP 73 77_73_2_1389
16 0.001418 3 0 PTP 73 76_73_2_1630
13 0.001418 2 73
12 0.001418 2 73 9
15 0.001418 3 0 PTP 73 73_64_3_1631
15 0.001418 3 0 PTP 73 73_65_3_1632
16 0.001418 3 0 PTP 77 72_77_2_1633
13 0.001418 2 77
12 0.001418 2 77 9
15 0.001418 3 0 PTP 77 77_68_3_1634
15 0.001418 3 0 PTP 77 77_69_3_1635
16 0.001418 3 0 PTP 74 78_74_2_1395
16 0.001418 3 0 PTP 74 77_74_2_1636
13 0.001418 2 74
12 0.001418 2 74 9
15 0.001418 3 0 PTP 74 74_65_3_1637
15 0.001418 3 0 PTP 74 74_66_3_1638
16 0.001418 3 0 PTP 78 73_78_2_1639
13 0.001418 2 78
12 0.001418 2 78 9
15 0.001418 3 0 PTP 78 78_69_3_1640
15 0.001418 3 0 PTP 78 78_70_3_1641
16 0.001418 3 0 PTP 75 79_75_2_1386
16 0.001418 3 0 PTP 75 78_75_2_1642
13 0.001418 2 75
12 0.001418 2 75 9
15 0.001418 3 0 PTP 75 75_66_3_1643
15 0.001418 3 0 PTP 75 75_67_3_1644
16 0.001418 3 0 PTP 79 74_79_2_1645
13 0.001418 2 79
12 0.001418 2 79 9
15 0.001418 3 0 PTP 79 79_70_3_1646
15 0.001418 3 0 PTP 79 79_71_3_1647
16 0.001418 3 0 PTP 76 80_76_2_1392
16 0.001418 3 0 PTP 76 79_76_2_1648
13 0.001418 2 76
12 0.001418 2 76 9
15 0.001418 3 0 PTP 76 76_67_3_1649
15 0.001418 3 0 PTP 76 76_68_3_1650
16 0.001418 3 0 PTP 80 75_80_2_1651
13 0.001418 2 80
12 0.001418 2 80 9
15 0.001418 3 0 PTP 80 80_71_3_1652
15 0.001418 3 0 PTP 80 80_72_3_1653
16 0.001418 3 0 PTP 57 61_57_2_1401
16 0.001418 3 0 PTP 57 60_57_2_1654
13 0.001418 2 57
12 0.001418 2 57 9
15 0.001418 3 0 PTP 57 57_48_3_1655
15 0.001418 3 0 PTP 57 57_49_3_1656
16 0.001418 3 0 PTP 61 56_61_2_1657
13 0.001418 2 61
12 0.001418 2 61 9
15 0.001418 3 0 PTP 61 61_52_3_1658
15 0.001418 3 0 PTP 61 61_53_3_1659
16 0.001418 3 0 PTP 58 62_58_2_1407
16 0.001418 3 0 PTP 58 61_58_2_1660
13 0.001418 2 58
12 0.001418 2 58 9
15 0.001418 3 0 PTP 58 58_49_3_1661
15 0.001418 3 0 PTP 58 58_50_3_1662
16 0.001418 3 0 PTP 62 57_62_2_1663
13 0.001418 2 62
12 0.001418 2 62 9
15 0.001418 3 0 PTP 62 62_53_3_1664
15 0.001418 3 0 PTP 62 62_54_3_1665
16 0.001418 3 0 PTP 59 63_59_2_1398
16 0.001418 3 0 PTP 59 62_59_2_1666
13 0.001418 2 59
12 0.001418 2 59 9
15 0.001418 3 0 PTP 59 59_50_3_1667
15 0.001418 3 0 PTP 59 59_51_3_1668
16 0.001418 3 0 PTP 63 58_63_2_1669
13 0.001418 2 63
12 0.001418 2 63 9
15 0.001418 3 0 PTP 63 63_54_3_1670
15 0.001418 3 0 PTP 63 63_55_3_1671
16 0.001418 3 0 PTP 60 64_60_2_1404
16 0.001418 3 0 PTP 60 63_60_2_1672
13 0.001418 2 60
12 0.001418 2 60 9
15 0.001418 3 0 PTP 60 60_51_3_1673
15 0.001418 3 0 PTP 60 60_52_3_1674
16 0.001418 3 0 PTP 64 59_64_2_1675
13 0.001418 2 64
12 0.001418 2 64 9
15 0.001418 3 0 PTP 64 64_55_3_1676
15 0.001418 3 0 PTP 64 64_56_3_1677
16 0.001418 3 0 PTP 49 53_49_2_1413
16 0.001418 3 0 PTP 49 52_49_2_1678
13 0.001418 2 49
12 0.001418 2 49 9
15 0.001418 3 0 PTP 49 49_56_3_1679
15 0.001418 3 0 PTP 49 49_57_3_1680
16 0.001418 3 0 PTP 53 48_53_2_1681
13 0.001418 2 53
12 0.001418 2 53 9
15 0.001418 3 0 PTP 53 53_60_3_1682
15 0.001418 3 0 PTP 53 53_61_3_1683
16 0.001418 3 0 PTP 50 54_50_2_1419
16 0.001418 3 0 PTP 50 53_50_2_1684
13 0.001418 2 50
12 0.001418 2 50 9
15 0.001418 3 0 PTP 50 50_57_3_1685
15 0.001418 3 0 PTP 50 50_58_3_1686
16 0.001418 3 0 PTP 54 49_54_2_1687
13 0.001418 2 54
12 0.001418 2 54 9
15 0.001418 3 0 PTP 54 54_61_3_1688
15 0.001418 3 0 PTP 54 54_62_3_1689
16 0.001418 3 0 PTP 51 55_51_2_1410
16 0.001418 3 0 PTP 51 54_51_2_1690
13 0.001418 2 51
12 0.001418 2 51 9
15 0.001418 3 0 PTP 51 51_58_3_1691
15 0.001418 3 0 PTP 51 51_59_3_1692
16 0.001418 3 0 PTP 55 50_55_2_1693
13 0.001418 2 55
12 0.001418 2 55 9
15 0.001418 3 0 PTP 55 55_62_3_1694
15 0.001418 3 0 PTP 55 55_63_3_1695
16 0.001418 3 0 PTP 52 56_52_2_1416
16 0.001418 3 0 PTP 52 55_52_2_1696
13 0.001418 2 52
12 0.001418 2 52 9
15 0.001418 3 0 PTP 52 52_59_3_1697
15 0.001418 3 0 PTP 52 52_60_3_1698
16 0.001418 3 0 PTP 56 51_56_2_1699
13 0.001418 2 56
12 0.001418 2 56 9
15 0.001418 3 0 PTP 56 56_63_3_1700
15 0.001418 3 0 PTP 56 56_64_3_1701
16 0.001418 3 0 PTP 41 45_41_2_1425
16 0.001418 3 0 PTP 41 44_41_2_1702
13 0.001418 2 41
12 0.001418 2 41 9
15 0.001418 3 0 PTP 41 41_32_3_1703
15 0.001418 3 0 PTP 41 41_33_3_1704
16 0.001418 3 0 PTP 45 40_45_2_1705
13 0.001418 2 45
12 0.001418 2 45 9
15 0.001418 3 0 PTP 45 45_36_3_1706
15 0.001418 3 0 PTP 45 45_37_3_1707
16 0.001418 3 0 PTP 42 46_42_2_1431
16 0.001418 3 0 PTP 42 45_42_2_1708
13 0.001418 2 42
12 0.001418 2 42 9
15 0.001418 3 0 PTP 42 42_33_3_1709
15 0.001418 3 0 PTP 42 42_34_3_1710
16 0.001418 3 0 PTP 46 41_46_2_1711
13 0.001418 2 46
12 0.001418 2 46 9
15 0.001418 3 0 PTP 46 46_37_3_1712
15 0.001418 3 0 PTP 46 46_38_3_1713
16 0.001418 3 0 PTP 43 47_43_2_1422
16 0.001418 3 0 PTP 43 46_43_2_1714
13 0.001418 2 43
12 0.001418 2 43 9
15 0.001418 3 0 PTP 43 43_34_3_1715
15 0.001418 3 0 PTP 43 43_35_3_1716
16 0.001418 3 0 PTP 47 42_47_2_1717
13 0.001418 2 47
12 0.001418 2 47 9
15 0.001418 3 0 PTP 47 47_38_3_1718
15 0.001418 3 0 PTP 47 47_39_3_1719
16 0.001418 3 0 PTP 44 48_44_2_1428
16 0.001418 3 0 PTP 44 47_44_2_1720
13 0.001418 2 44
12 0.001418 2 44 9
15 0.001418 3 0 PTP 44 44_35_3_1721
15 0.001418 3 0 PTP 44 44_36_3_1722
16 0.001418 3 0 PTP 48 43_48_2_1723
13 0.001418 2 48
12 0.001418 2 48 9
15 0.001418 3 0 PTP 48 48_39_3_1724
15 0.001418 3 0 PTP 48 48_40_3_1725
16 0.001882 3 0 PTP 10 2_10_3_744
16 0.001882 3 0 PTP 2 10_2_3_1194
16 0.001882 3 0 PTP 2 9_2_3_1726
13 0.001882 2 2
12 0.001882 2 2 9
15 0.001882 3 0 PTP 2 2_17_4_1727
15 0.001882 3 0 PTP 2 2_18_4_1728
16 0.001882 3 0 PTP 10 1_10_3_1729
13 0.001882 2 10
12 0.001882 2 10 9
15 0.001882 3 0 PTP 10 10_25_4_1730
15 0.001882 3 0 PTP 10 10_26_4_1731
16 0.001910 3 0 PTP 18 26_18_3_1146
16 0.001910 3 0 PTP 17 25_17_3_1140
16 0.001910 3 0 PTP 26 18_26_3_1170
16 0.001910 3 0 PTP 26 17_26_3_1732
13 0.001910 2 26
12 0.001910 2 26 9
15 0.001910 3 0 PTP 26 26_9_4_1733
15 0.001910 3 0 PTP 26 26_10_4_1734
16 0.001910 3 0 PTP 18 25_18_3_1735
13 0.001910 2 18
12 0.001910 2 18 9
15 0.001910 3 0 PTP 18 18_1_4_1736
15 0.001910 3 0 PTP 18 18_2_4_1737
16 0.001910 3 0 PTP 25 17_25_3_1164
16 0.001910 3 0 PTP 25 16_25_3_1738
13 0.001910 2 25
12 0.001910 2 25 9
15 0.001910 3 0 PTP 25 25_8_4_1739
15 0.001910 3 0 PTP 25 25_9_4_1740
16 0.001910 3 0 PTP 17 24_17_3_1741
13 0.001910 2 17
12 0.001910 2 17 9
15 0.001910 3 0 PTP 17 17_0_4_1742
15 0.001910 3 0 PTP 17 17_1_4_1743
16 0.001928 3 0 PTP 1 9_1_3_1188
16 0.001928 3 0 PTP 9 1_9_3_1509
16 0.001928 3 0 PTP 9 0_9_3_1744
13 0.001928 2 9
12 0.001928 2 9 9
15 0.001928 3 0 PTP 9 9_24_4_1745
15 0.001928 3 0 PTP 9 9_25_4_1746
16 0.001928 3 0 PTP 1 8_1_3_1747
13 0.001928 2 1
12 0.001928 2 1 9
15 0.001928 3 0 PTP 1 1_16_4_1748
15 0.001928 3 0 PTP 1 1_17_4_1749
16 0.002045 3 0 PTP 106 98_106_3_1440
16 0.002045 3 0 PTP 105 97_105_3_1434
16 0.002045 3 0 PTP 74 66_74_3_1464
16 0.002045 3 0 PTP 73 65_73_3_1458
16 0.002045 3 0 PTP 42 34_42_3_1488
16 0.002045 3 0 PTP 41 33_41_3_1482
16 0.002045 3 0 PTP 114 122_114_3_1518
16 0.002045 3 0 PTP 113 121_113_3_1512
16 0.002045 3 0 PTP 82 90_82_3_1590
16 0.002045 3 0 PTP 81 89_81_3_1584
16 0.002045 3 0 PTP 50 58_50_3_1662
16 0.002045 3 0 PTP 49 57_49_3_1656
16 0.002045 3 0 PTP 98 106_98_3_1566
16 0.002045 3 0 PTP 98 105_98_3_1750
13 0.002045 2 98
12 0.002045 2 98 9
15 0.002045 3 0 PTP 98 98_113_4_1751
15 0.002045 3 0 PTP 98 98_114_4_1752
16 0.002045 3 0 PTP 106 97_106_3_1753
13 0.002045 2 106
12 0.002045 2 106 9
15 0.002045 3 0 PTP 106 106_121_4_1754
15 0.002045 3 0 PTP 106 106_122_4_1755
16 0.002045 3 0 PTP 97 105_97_3_1560
16 0.002045 3 0 PTP 97 104_97_3_1756
13 0.002045 2 97
12 0.002045 2 97 9
15 0.002045 3 0 PTP 97 97_112_4_1757
15 0.002045 3 0 PTP 97 97_113_4_1758
16 0.002045 3 0 PTP 105 96_105_3_1759
13 0.002045 2 105
12 0.002045 2 105 9
15 0.002045 3 0 PTP 105 105_120_4_1760
15 0.002045 3 0 PTP 105 105_121_4_1761
16 0.002045 3 0 PTP 66 74_66_3_1638
16 0.002045 3 0 PTP 66 73_66_3_1762
13 0.002045 2 66
12 0.002045 2 66 9
15 0.002045 3 0 PTP 66 66_81_4_1763
15 0.002045 3 0 PTP 66 66_82_4_1764
16 0.002045 3 0 PTP 74 65_74_3_1765
13 0.002045 2 74
12 0.002045 2 74 9
15 0.002045 3 0 PTP 74 74_89_4_1766
15 0.002045 3 0 PTP 74 74_90_4_1767
16 0.002045 3 0 PTP 65 73_65_3_1632
16 0.002045 3 0 PTP 65 72_65_3_1768
13 0.002045 2 65
12 0.002045 2 65 9
15 0.002045 3 0 PTP 65 65_80_4_1769
15 0.002045 3 0 PTP 65 65_81_4_1770
16 0.002045 3 0 PTP 73 64_73_3_1771
13 0.002045 2 73
12 0.002045 2 73 9
15 0.002045 3 0 PTP 73 73_88_4_1772
15 0.002045 3 0 PTP 73 73_89_4_1773
16 0.002045 3 0 PTP 34 42_34_3_1710
16 0.002045 3 0 PTP 34 41_34_3_1774
13 0.002045 2 34
12 0.002045 2 34 9
15 0.002045 3 0 PTP 34 34_49_4_1775
15 0.002045 3 0 PTP 34 34_50_4_1776
16 0.002045 3 0 PTP 42 33_42_3_1777
13 0.002045 2 42
12 0.002045 2 42 9
15 0.002045 3 0 PTP 42 42_57_4_1778
15 0.002045 3 0 PTP 42 42_58_4_1779
16 0.002045 3 0 PTP 33 41_33_3_1704
16 0.002045 3 0 PTP 33 40_33_3_1780
13 0.002045 2 33
12 0.002045 2 33 9
15 0.002045 3 0 PTP 33 33_48_4_1781
15 0.002045 3 0 PTP 33 33_49_4_1782
16 0.002045 3 0 PTP 41 32_41_3_1783
13 0.002045 2 41
12 0.002045 2 41 9
15 0.002045 3 0 PTP 41 41_56_4_1784
15 0.002045 3 0 PTP 41 41_57_4_1785
16 0.002045 3 0 PTP 122 114_122_3_1542
16 0.002045 3 0 PTP 122 113_122_3_1786
13 0.002045 2 122
12 0.002045 2 122 9
15 0.002045 3 0 PTP 122 122_105_4_1787
15 0.002045 3 0 PTP 122 122_106_4_1788
16 0.002045 3 0 PTP 114 121_114_3_1789
13 0.002045 2 114
12 0.002045 2 114 9
15 0.002045 3 0 PTP 114 114_97_4_1790
15 0.002045 3 0 PTP 114 114_98_4_1791
16 0.002045 3 0 PTP 121 113_121_3_1536
16 0.002045 3 0 PTP 121 112_121_3_1792
13 0.002045 2 121
12 0.002045 2 121 9
15 0.002045 3 0 PTP 121 121_104_4_1793
15 0.002045 3 0 PTP 121 121_105_4_1794
16 0.002045 3 0 PTP 113 120_113_3_1795
13 0.002045 2 113
12 0.002045 2 113 9
15 0.002045 3 0 PTP 113 113_96_4_1796
15 0.002045 3 0 PTP 113 113_97_4_1797
16 0.002045 3 0 PTP 90 82_90_3_1614
16 0.002045 3 0 PTP 90 81_90_3_1798
13 0.002045 2 90
12 0.002045 2 90 9
15 0.002045 3 0 PTP 90 90_73_4_1799
15 0.002045 3 0 PTP 90 90_74_4_1800
16 0.002045 3 0 PTP 82 89_82_3_1801
13 0.002045 2 82
12 0.002045 2 82 9
15 0.002045 3 0 PTP 82 82_65_4_1802
15 0.002045 3 0 PTP 82 82_66_4_1803
16 0.002045 3 0 PTP 89 81_89_3_1608
16 0.002045 3 0 PTP 89 80_89_3_1804
13 0.002045 2 89
12 0.002045 2 89 9
15 0.002045 3 0 PTP 89 89_72_4_1805
15 0.002045 3 0 PTP 89 89_73_4_1806
16 0.002045 3 0 PTP 81 88_81_3_1807
13 0.002045 2 81
12 0.002045 2 81 9
15 0.002045 3 0 PTP 81 81_64_4_1808
15 0.002045 3 0 PTP 81 81_65_4_1809
16 0.002045 3 0 PTP 58 50_58_3_1686
16 0.002045 3 0 PTP 58 49_58_3_1810
13 0.002045 2 58
12 0.002045 2 58 9
15 0.002045 3 0 PTP 58 58_41_4_1811
15 0.002045 3 0 PTP 58 58_42_4_1812
16 0.002045 3 0 PTP 50 57_50_3_1813
13 0.002045 2 50
12 0.002045 2 50 9
15 0.002045 3 0 PTP 50 50_33_4_1814
15 0.002045 3 0 PTP 50 50_34_4_1815
16 0.002045 3 0 PTP 57 49_57_3_1680
16 0.002045 3 0 PTP 57 48_57_3_1816
13 0.002045 2 57
12 0.002045 2 57 9
15 0.002045 3 0 PTP 57 57_40_4_1817
15 0.002045 3 0 PTP 57 57_41_4_1818
16 0.002045 3 0 PTP 49 56_49_3_1819
13 0.002045 2 49
12 0.002045 2 49 9
15 0.002045 3 0 PTP 49 49_32_4_1820
15 0.002045 3 0 PTP 49 49_33_4_1821
16 0.002165 3 0 PTP 16 8_16_3_735
16 0.002165 3 0 PTP 12 4_12_3_738
16 0.002165 3 0 PTP 14 6_14_3_741
16 0.002165 3 0 PTP 8 16_8_3_1209
16 0.002165 3 0 PTP 8 15_8_3_1822
13 0.002165 2 8
12 0.002165 2 8 9
15 0.002165 3 0 PTP 8 8_23_4_1823
15 0.002165 3 0 PTP 8 8_24_4_1824
16 0.002165 3 0 PTP 16 7_16_3_1825
13 0.002165 2 16
12 0.002165 2 16 9
15 0.002165 3 0 PTP 16 16_31_4_1826
15 0.002165 3 0 PTP 16 16_32_4_1827
16 0.002165 3 0 PTP 4 12_4_3_1206
16 0.002165 3 0 PTP 4 11_4_3_1828
13 0.002165 2 4
12 0.002165 2 4 9
15 0.002165 3 0 PTP 4 4_19_4_1829
15 0.002165 3 0 PTP 4 4_20_4_1830
16 0.002165 3 0 PTP 12 3_12_3_1831
13 0.002165 2 12
12 0.002165 2 12 9
15 0.002165 3 0 PTP 12 12_27_4_1832
15 0.002165 3 0 PTP 12 12_28_4_1833
16 0.002165 3 0 PTP 6 14_6_3_1197
16 0.002165 3 0 PTP 6 13_6_3_1834
13 0.002165 2 6
12 0.002165 2 6 9
15 0.002165 3 0 PTP 6 6_21_4_1835
15 0.002165 3 0 PTP 6 6_22_4_1836
16 0.002165 3 0 PTP 14 5_14_3_1837
13 0.002165 2 14
12 0.002165 2 14 9
15 0.002165 3 0 PTP 14 14_29_4_1838
15 0.002165 3 0 PTP 14 14_30_4_1839
16 0.002178 3 0 PTP 7 15_7_3_1203
16 0.002178 3 0 PTP 3 11_3_3_1200
16 0.002178 3 0 PTP 15 7_15_3_1212
16 0.002178 3 0 PTP 15 6_15_3_1840
13 0.002178 2 15
12 0.002178 2 15 9
15 0.002178 3 0 PTP 15 15_30_4_1841
15 0.002178 3 0 PTP 15 15_31_4_1842
16 0.002178 3 0 PTP 7 14_7_3_1843
13 0.002178 2 7
12 0.002178 2 7 9
15 0.002178 3 0 PTP 7 7_22_4_1844
15 0.002178 3 0 PTP 7 7_23_4_1845
16 0.002178 3 0 PTP 11 3_11_3_1215
16 0.002178 3 0 PTP 11 2_11_3_1846
13 0.002178 2 11
12 0.002178 2 11 9
15 0.002178 3 0 PTP 11 11_26_4_1847
15 0.002178 3 0 PTP 11 11_27_4_1848
16 0.002178 3 0 PTP 3 10_3_3_1849
13 0.002178 2 3
12 0.002178 2 3 9
15 0.002178 3 0 PTP 3 3_18_4_1850
15 0.002178 3 0 PTP 3 3_19_4_1851
16 0.002179 3 0 PTP 24 32_24_3_1161
16 0.002179 3 0 PTP 20 28_20_3_1158
16 0.002179 3 0 PTP 23 31_23_3_1155
16 0.002179 3 0 PTP 19 27_19_3_1152
16 0.002179 3 0 PTP 22 30_22_3_1149
16 0.002179 3 0 PTP 21 29_21_3_1143
16 0.002179 3 0 PTP 5 13_5_3_1191
16 0.002179 3 0 PTP 32 24_32_3_1185
16 0.002179 3 0 PTP 32 23_32_3_1852
13 0.002179 2 32
12 0.002179 2 32 9
15 0.002179 3 0 PTP 32 32_15_4_1853
15 0.002179 3 0 PTP 32 32_16_4_1854
16 0.002179 3 0 PTP 24 31_24_3_1855
13 0.002179 2 24
12 0.002179 2 24 9
15 0.002179 3 0 PTP 24 24_7_4_1856
15 0.002179 3 0 PTP 24 24_8_4_1857
16 0.002179 3 0 PTP 28 20_28_3_1182
16 0.002179 3 0 PTP 28 19_28_3_1858
13 0.002179 2 28
12 0.002179 2 28 9
15 0.002179 3 0 PTP 28 28_11_4_1859
15 0.002179 3 0 PTP 28 28_12_4_1860
16 0.002179 3 0 PTP 20 27_20_3_1861
13 0.002179 2 20
12 0.002179 2 20 9
15 0.002179 3 0 PTP 20 20_3_4_1862
15 0.002179 3 0 PTP 20 20_4_4_1863
16 0.002179 3 0 PTP 31 23_31_3_1179
16 0.002179 3 0 PTP 31 22_31_3_1864
13 0.002179 2 31
12 0.002179 2 31 9
15 0.002179 3 0 PTP 31 31_14_4_1865
15 0.002179 3 0 PTP 31 31_15_4_1866
16 0.002179 3 0 PTP 23 30_23_3_1867
13 0.002179 2 23
12 0.002179 2 23 9
15 0.002179 3 0 PTP 23 23_6_4_1868
15 0.002179 3 0 PTP 23 23_7_4_1869
16 0.002179 3 0 PTP 27 19_27_3_1176
16 0.002179 3 0 PTP 27 18_27_3_1870
13 0.002179 2 27
12 0.002179 2 27 9
15 0.002179 3 0 PTP 27 27_10_4_1871
15 0.002179 3 0 PTP 27 27_11_4_1872
16 0.002179 3 0 PTP 19 26_19_3_1873
13 0.002179 2 19
12 0.002179 2 19 9
15 0.002179 3 0 PTP 19 19_2_4_1874
15 0.002179 3 0 PTP 19 19_3_4_1875
16 0.002179 3 0 PTP 30 22_30_3_1173
16 0.002179 3 0 PTP 30 21_30_3_1876
13 0.002179 2 30
12 0.002179 2 30 9
15 0.002179 3 0 PTP 30 30_13_4_1877
15 0.002179 3 0 PTP 30 30_14_4_1878
16 0.002179 3 0 PTP 22 29_22_3_1879
13 0.002179 2 22
12 0.002179 2 22 9
15 0.002179 3 0 PTP 22 22_5_4_1880
15 0.002179 3 0 PTP 22 22_6_4_1881
16 0.002179 3 0 PTP 29 21_29_3_1167
16 0.002179 3 0 PTP 29 20_29_3_1882
13 0.002179 2 29
12 0.002179 2 29 9
15 0.002179 3 0 PTP 29 29_12_4_1883
15 0.002179 3 0 PTP 29 29_13_4_1884
16 0.002179 3 0 PTP 21 28_21_3_1885
13 0.002179 2 21
12 0.002179 2 21 9
15 0.002179 3 0 PTP 21 21_4_4_1886
15 0.002179 3 0 PTP 21 21_5_4_1887
16 0.002179 3 0 PTP 13 5_13_3_1506
16 0.002179 3 0 PTP 13 4_13_3_1888
13 0.002179 2 13
12 0.002179 2 13 9
15 0.002179 3 0 PTP 13 13_28_4_1889
15 0.002179 3 0 PTP 13 13_29_4_1890
16 0.002179 3 0 PTP 5 12_5_3_1891
13 0.002179 2 5
12 0.002179 2 5 9
15 0.002179 3 0 PTP 5 5_20_4_1892
15 0.002179 3 0 PTP 5 5_21_4_1893
16 0.002314 3 0 PTP 112 104_112_3_1455
16 0.002314 3 0 PTP 108 100_108_3_1452
16 0.002314 3 0 PTP 111 103_111_3_1449
16 0.002314 3 0 PTP 107 99_107_3_1446
16 0.002314 3 0 PTP 110 102_110_3_1443
16 0.002314 3 0 PTP 109 101_109_3_1437
16 0.002314 3 0 PTP 80 72_80_3_1479
16 0.002314 3 0 PTP 76 68_76_3_1476
16 0.002314 3 0 PTP 79 71_79_3_1473
16 0.002314 3 0 PTP 75 67_75_3_1470
16 0.002314 3 0 PTP 78 70_78_3_1467
16 0.002314 3 0 PTP 77 69_77_3_1461
16 0.002314 3 0 PTP 48 40_48_3_1503
16 0.002314 3 0 PTP 44 36_44_3_1500
16 0.002314 3 0 PTP 47 39_47_3_1497
16 0.002314 3 0 PTP 43 35_43_3_1494
16 0.002314 3 0 PTP 46 38_46_3_1491
16 0.002314 3 0 PTP 45 37_45_3_1485
16 0.002314 3 0 PTP 120 128_120_3_1533
16 0.002314 3 0 PTP 116 124_116_3_1530
16 0.002314 3 0 PTP 119 127_119_3_1527
16 0.002314 3 0 PTP 115 123_115_3_1524
16 0.002314 3 0 PTP 118 126_118_3_1521
16 0.002314 3 0 PTP 117 125_117_3_1515
16 0.002314 3 0 PTP 88 96_88_3_1605
16 0.002314 3 0 PTP 84 92_84_3_1602
16 0.002314 3 0 PTP 87 95_87_3_1599
16 0.002314 3 0 PTP 83 91_83_3_1596
16 0.002314 3 0 PTP 86 94_86_3_1593
16 0.002314 3 0 PTP 85 93_85_3_1587
16 0.002314 3 0 PTP 56 64_56_3_1677
16 0.002314 3 0 PTP 52 60_52_3_1674
16 0.002314 3 0 PTP 55 63_55_3_1671
16 0.002314 3 0 PTP 51 59_51_3_1668
16 0.002314 3 0 PTP 54 62_54_3_1665
16 0.002314 3 0 PTP 53 61_53_3_1659
16 0.002314 3 0 PTP 104 112_104_3_1581
16 0.002314 3 0 PTP 104 111_104_3_1894
13 0.002314 2 104
12 0.002314 2 104 9
15 0.002314 3 0 PTP 104 104_119_4_1895
15 0.002314 3 0 PTP 104 104_120_4_1896
16 0.002314 3 0 PTP 112 103_112_3_1897
13 0.002314 2 112
12 0.002314 2 112 9
15 0.002314 3 0 PTP 112 112_127_4_1898
15 0.002314 3 0 PTP 112 112_128_4_1899
16 0.002314 3 0 PTP 100 108_100_3_1578
16 0.002314 3 0 PTP 100 107_100_3_1900
13 0.002314 2 100
12 0.002314 2 100 9
15 0.002314 3 0 PTP 100 100_115_4_1901
15 0.002314 3 0 PTP 100 100_116_4_1902
16 0.002314 3 0 PTP 108 99_108_3_1903
13 0.002314 2 108
12 0.002314 2 108 9
15 0.002314 3 0 PTP 108 108_123_4_1904
15 0.002314 3 0 PTP 108 108_124_4_1905
16 0.002314 3 0 PTP 103 111_103_3_1575
16 0.002314 3 0 PTP 103 110_103_3_1906
13 0.002314 2 103
12 0.002314 2 103 9
15 0.002314 3 0 PTP 103 103_118_4_1907
15 0.002314 3 0 PTP 103 103_119_4_1908
16 0.002314 3 0 PTP 111 102_111_3_1909
13 0.002314 2 111
12 0.002314 2 111 9
15 0.002314 3 0 PTP 111 111_126_4_1910
15 0.002314 3 0 PTP 111 111_127_4_1911
16 0.002314 3 0 PTP 99 107_99_3_1572
16 0.002314 3 0 PTP 99 106_99_3_1912
13 0.002314 2 99
12 0.002314 2 99 9
15 0.002314 3 0 PTP 99 99_114_4_1913
15 0.002314 3 0 PTP 99 99_115_4_1914
16 0.002314 3 0 PTP 107 98_107_3_1915
13 0.002314 2 107
12 0.002314 2 107 9
15 0.002314 3 0 PTP 107 107_122_4_1916
15 0.002314 3 0 PTP 107 107_123_4_1917
16 0.002314 3 0 PTP 102 110_102_3_1569
16 0.002314 3 0 PTP 102 109_102_3_1918
13 0.002314 2 102
12 0.002314 2 102 9
15 0.002314 3 0 PTP 102 102_117_4_1919
15 0.002314 3 0 PTP 102 102_118_4_1920
16 0.002314 3 0 PTP 110 101_110_3_1921
13 0.002314 2 110
12 0.002314 2 110 9
15 0.002314 3 0 PTP 110 110_125_4_1922
15 0.002314 3 0 PTP 110 110_126_4_1923
16 0.002314 3 0 PTP 101 109_101_3_1563
16 0.002314 3 0 PTP 101 108_101_3_1924
13 0.002314 2 101
12 0.002314 2 101 9
15 0.002314 3 0 PTP 101 101_116_4_1925
15 0.002314 3 0 PTP 101 101_117_4_1926
16 0.002314 3 0 PTP 109 100_109_3_1927
13 0.002314 2 109
12 0.002314 2 109 9
15 0.002314 3 0 PTP 109 109_124_4_1928
15 0.002314 3 0 PTP 109 109_125_4_1929
16 0.002314 3 0 PTP 72 80_72_3_1653
16 0.002314 3 0 PTP 72 79_72_3_1930
13 0.002314 2 72
12 0.002314 2 72 9
15 0.002314 3 0 PTP 72 72_87_4_1931
15 0.002314 3 0 PTP 72 72_88_4_1932
16 0.002314 3 0 PTP 80 71_80_3_1933
13 0.002314 2 80
12 0.002314 2 80 9
15 0.002314 3 0 PTP 80 80_95_4_1934
15 0.002314 3 0 PTP 80 80_96_4_1935
16 0.002314 3 0 PTP 68 76_68_3_1650
16 0.002314 3 0 PTP 68 75_68_3_1936
13 0.002314 2 68
12 0.002314 2 68 9
15 0.002314 3 0 PTP 68 68_83_4_1937
15 0.002314 3 0 PTP 68 68_84_4_1938
16 0.002314 3 0 PTP 76 67_76_3_1939
13 0.002314 2 76
12 0.002314 2 76 9
15 0.002314 3 0 PTP 76 76_91_4_1940
15 0.002314 3 0 PTP 76 76_92_4_1941
16 0.002314 3 0 PTP 71 79_71_3_1647
16 0.002314 3 0 PTP 71 78_71_3_1942
13 0.002314 2 71
12 0.002314 2 71 9
15 0.002314 3 0 PTP 71 71_86_4_1943
15 0.002314 3 0 PTP 71 71_87_4_1944
16 0.002314 3 0 PTP 79 70_79_3_1945
13 0.002314 2 79
12 0.002314 2 79 9
15 0.002314 3 0 PTP 79 79_94_4_1946
15 0.002314 3 0 PTP 79 79_95_4_1947
16 0.002314 3 0 PTP 67 75_67_3_1644
16 0.002314 3 0 PTP 67 74_67_3_1948
13 0.002314 2 67
12 0.002314 2 67 9
15 0.002314 3 0 PTP 67 67_82_4_1949
15 0.002314 3 0 PTP 67 67_83_4_1950
16 0.002314 3 0 PTP 75 66_75_3_1951
13 0.002314 2 75
12 0.002314 2 75 9
15 0.002314 3 0 PTP 75 75_90_4_1952
15 0.002314 3 0 PTP 75 75_91_4_1953
16 0.002314 3 0 PTP 70 78_70_3_1641
16 0.002314 3 0 PTP 70 77_70_3_1954
13 0.002314 2 70
12 0.002314 2 70 9
15 0.002314 3 0 PTP 70 70_85_4_1955
15 0.002314 3 0 PTP 70 70_86_4_1956
16 0.002314 3 0 PTP 78 69_78_3_1957
13 0.002314 2 78
12 0.002314 2 78 9
15 0.002314 3 0 PTP 78 78_93_4_1958
15 0.002314 3 0 PTP 78 78_94_4_1959
16 0.002314 3 0 PTP 69 77_69_3_1635
16 0.002314 3 0 PTP 69 76_69_3_1960
13 0.002314 2 69
12 0.002314 2 69 9
15 0.002314 3 0 PTP 69 69_84_4_1961
15 0.002314 3 0 PTP 69 69_85_4_1962
16 0.002314 3 0 PTP 77 68_77_3_1963
13 0.002314 2 77
12 0.002314 2 77 9
15 0.002314 3 0 PTP 77 77_92_4_1964
15 0.002314 3 0 PTP 77 77_93_4_1965
16 0.002314 3 0 PTP 40 48_40_3_1725
16 0.002314 3 0 PTP 40 47_40_3_1966
13 0.002314 2 40
12 0.002314 2 40 9
15 0.002314 3 0 PTP 40 40_55_4_1967
15 0.002314 3 0 PTP 40 40_56_4_1968
16 0.002314 3 0 PTP 48 39_48_3_1969
13 0.002314 2 48
12 0.002314 2 48 9
15 0.002314 3 0 PTP 48 48_63_4_1970
15 0.002314 3 0 PTP 48 48_64_4_1971
16 0.002314 3 0 PTP 36 44_36_3_1722
16 0.002314 3 0 PTP 36 43_36_3_1972
13 0.002314 2 36
12 0.002314 2 36 9
15 0.002314 3 0 PTP 36 36_51_4_1973
15 0.002314 3 0 PTP 36 36_52_4_1974
16 0.002314 3 0 PTP 44 35_44_3_1975
13 0.002314 2 44
12 0.002314 2 44 9
15 0.002314 3 0 PTP 44 44_59_4_1976
15 0.002314 3 0 PTP 44 44_60_4_1977
16 0.002314 3 0 PTP 39 47_39_3_1719
16 0.002314 3 0 PTP 39 46_39_3_1978
13 0.002314 2 39
12 0.002314 2 39 9
15 0.002314 3 0 PTP 39 39_54_4_1979
15 0.002314 3 0 PTP 39 39_55_4_1980
16 0.002314 3 0 PTP 47 38_47_3_1981
13 0.002314 2 47
12 0.002314 2 47 9
15 0.002314 3 0 PTP 47 47_62_4_1982
15 0.002314 3 0 PTP 47 47_63_4_1983
16 0.002314 3 0 PTP 35 43_35_3_1716
16 0.002314 3 0 PTP 35 42_35_3_1984
13 0.002314 2 35
12 0.002314 2 35 9
15 0.002314 3 0 PTP 35 35_50_4_1985
15 0.002314 3 0 PTP 35 35_51_4_1986
16 0.002314 3 0 PTP 43 34_43_3_1987
13 0.002314 2 43
12 0.002314 2 43 9
15 0.002314 3 0 PTP 43 43_58_4_1988
15 0.002314 3 0 PTP 43 43_59_4_1989
16 0.002314 3 0 PTP 38 46_38_3_1713
16 0.002314 3 0 PTP 38 45_38_3_1990
13 0.002314 2 38
12 0.002314 2 38 9
15 0.002314 3 0 PTP 38 38_53_4_1991
15 0.002314 3 0 PTP 38 38_54_4_1992
16 0.002314 3 0 PTP 46 37_46_3_1993
13 0.002314 2 46
12 0.002314 2 46 9
15 0.002314 3 0 PTP 46 46_61_4_1994
15 0.002314 3 0 PTP 46 46_62_4_1995
16 0.002314 3 0 PTP 37 45_37_3_1707
16 0.002314 3 0 PTP 37 44_37_3_1996
13 0.002314 2 37
12 0.002314 2 37 9
15 0.002314 3 0 PTP 37 37_52_4_1997
15 0.002314 3 0 PTP 37 37_53_4_1998
16 0.002314 3 0 PTP 45 36_45_3_1999
13 0.002314 2 45
12 0.002314 2 45 9
15 0.002314 3 0 PTP 45 45_60_4_2000
15 0.002314 3 0 PTP 45 45_61_4_2001
16 0.002314 3 0 PTP 128 120_128_3_1557
16 0.002314 3 0 PTP 128 119_128_3_2002
13 0.002314 2 128
12 0.002314 2 128 9
15 0.002314 3 0 PTP 128 128_111_4_2003
15 0.002314 3 0 PTP 128 128_112_4_2004
16 0.002314 3 0 PTP 120 127_120_3_2005
13 0.002314 2 120
12 0.002314 2 120 9
15 0.002314 3 0 PTP 120 120_103_4_2006
15 0.002314 3 0 PTP 120 120_104_4_2007
16 0.002314 3 0 PTP 124 116_124_3_1554
16 0.002314 3 0 PTP 124 115_124_3_2008
13 0.002314 2 124
12 0.002314 2 124 9
15 0.002314 3 0 PTP 124 124_107_4_2009
15 0.002314 3 0 PTP 124 124_108_4_2010
16 0.002314 3 0 PTP 116 123_116_3_2011
13 0.002314 2 116
12 0.002314 2 116 9
15 0.002314 3 0 PTP 116 116_99_4_2012
15 0.002314 3 0 PTP 116 116_100_4_2013
16 0.002314 3 0 PTP 127 119_127_3_1551
16 0.002314 3 0 PTP 127 118_127_3_2014
13 0.002314 2 127
12 0.002314 2 127 9
15 0.002314 3 0 PTP 127 127_110_4_2015
15 0.002314 3 0 PTP 127 127_111_4_2016
16 0.002314 3 0 PTP 119 126_119_3_2017
13 0.002314 2 119
12 0.002314 2 119 9
15 0.002314 3 0 PTP 119 119_102_4_2018
15 0.002314 3 0 PTP 119 119_103_4_2019
16 0.002314 3 0 PTP 123 115_123_3_1548
16 0.002314 3 0 PTP 123 114_123_3_2020
13 0.002314 2 123
12 0.002314 2 123 9
15 0.002314 3 0 PTP 123 123_106_4_2021
15 0.002314 3 0 PTP 123 123_107_4_2022
16 0.002314 3 0 PTP 115 122_115_3_2023
13 0.002314 2 115
12 0.002314 2 115 9
15 0.002314 3 0 PTP 115 115_98_4_2024
15 0.002314 3 0 PTP 115 115_99_4_2025
16 0.002314 3 0 PTP 126 118_126_3_1545
16 0.002314 3 0 PTP 126 117_126_3_2026
13 0.002314 2 126
12 0.002314 2 126 9
15 0.002314 3 0 PTP 126 126_109_4_2027
15 0.002314 3 0 PTP 126 126_110_4_2028
16 0.002314 3 0 PTP 118 125_118_3_2029
13 0.002314 2 118
12 0.002314 2 118 9
15 0.002314 3 0 PTP 118 118_101_4_2030
15 0.002314 3 0 PTP 118 118_102_4_2031
16 0.002314 3 0 PTP 125 117_125_3_1539
16 0.002314 3 0 PTP 125 116_125_3_2032
13 0.002314 2 125
12 0.002314 2 125 9
15 0.002314 3 0 PTP 125 125_108_4_2033
15 0.002314 3 0 PTP 125 125_109_4_2034
16 0.002314 3 0 PTP 117 124_117_3_2035
13 0.002314 2 117
12 0.002314 2 117 9
15 0.002314 3 0 PTP 117 117_100_4_2036
15 0.002314 3 0 PTP 117 117_101_4_2037
16 0.002314 3 0 PTP 96 88_96_3_1629
16 0.002314 3 0 PTP 96 87_96_3_2038
13 0.002314 2 96
12 0.002314 2 96 9
15 0.002314 3 0 PTP 96 96_79_4_2039
15 0.002314 3 0 PTP 96 96_80_4_2040
16 0.002314 3 0 PTP 88 95_88_3_2041
13 0.002314 2 88
12 0.002314 2 88 9
15 0.002314 3 0 PTP 88 88_71_4_2042
15 0.002314 3 0 PTP 88 88_72_4_2043
16 0.002314 3 0 PTP 92 84_92_3_1626
16 0.002314 3 0 PTP 92 83_92_3_2044
13 0.002314 2 92
12 0.002314 2 92 9
15 0.002314 3 0 PTP 92 92_75_4_2045
15 0.002314 3 0 PTP 92 92_76_4_2046
16 0.002314 3 0 PTP 84 91_84_3_2047
13 0.002314 2 84
12 0.002314 2 84 9
15 0.002314 3 0 PTP 84 84_67_4_2048
15 0.002314 3 0 PTP 84 84_68_4_2049
16 0.002314 3 0 PTP 95 87_95_3_1623
16 0.002314 3 0 PTP 95 86_95_3_2050
13 0.002314 2 95
12 0.002314 2 95 9
15 0.002314 3 0 PTP 95 95_78_4_2051
15 0.002314 3 0 PTP 95 95_79_4_2052
16 0.002314 3 0 PTP 87 94_87_3_2053
13 0.002314 2 87
12 0.002314 2 87 9
15 0.002314 3 0 PTP 87 87_70_4_2054
15 0.002314 3 0 PTP 87 87_71_4_2055
16 0.002314 3 0 PTP 91 83_91_3_1620
16 0.002314 3 0 PTP 91 82_91_3_2056
13 0.002314 2 91
12 0.002314 2 91 9
15 0.002314 3 0 PTP 91 91_74_4_2057
15 0.002314 3 0 PTP 91 91_75_4_2058
16 0.002314 3 0 PTP 83 90_83_3_2059
13 0.002314 2 83
12 0.002314 2 83 9
15 0.002314 3 0 PTP 83 83_66_4_2060
15 0.002314 3 0 PTP 83 83_67_4_2061
16 0.002314 3 0 PTP 94 86_94_3_1617
16 0.002314 3 0 PTP 94 85_94_3_2062
13 0.002314 2 94
12 0.002314 2 94 9
15 0.002314 3 0 PTP 94 94_77_4_2063
15 0.002314 3 0 PTP 94 94_78_4_2064
16 0.002314 3 0 PTP 86 93_86_3_2065
13 0.002314 2 86
12 0.002314 2 86 9
15 0.002314 3 0 PTP 86 86_69_4_2066
15 0.002314 3 0 PTP 86 86_70_4_2067
16 0.002314 3 0 PTP 93 85_93_3_1611
16 0.002314 3 0 PTP 93 84_93_3_2068
13 0.002314 2 93
12 0.002314 2 93 9
15 0.002314 3 0 PTP 93 93_76_4_2069
15 0.002314 3 0 PTP 93 93_77_4_2070
16 0.002314 3 0 PTP 85 92_85_3_2071
13 0.002314 2 85
12 0.002314 2 85 9
15 0.002314 3 0 PTP 85 85_68_4_2072
15 0.002314 3 0 PTP 85 85_69_4_2073
16 0.002314 3 0 PTP 64 56_64_3_1701
16 0.002314 3 0 PTP 64 55_64_3_2074
13 0.002314 2 64
12 0.002314 2 64 9
15 0.002314 3 0 PTP 64 64_47_4_2075
15 0.002314 3 0 PTP 64 64_48_4_2076
16 0.002314 3 0 PTP 56 63_56_3_2077
13 0.002314 2 56
12 0.002314 2 56 9
15 0.002314 3 0 PTP 56 56_39_4_2078
15 0.002314 3 0 PTP 56 56_40_4_2079
16 0.002314 3 0 PTP 60 52_60_3_1698
16 0.002314 3 0 PTP 60 51_60_3_2080
13 0.002314 2 60
12 0.002314 2 60 9
15 0.002314 3 0 PTP 60 60_43_4_2081
15 0.002314 3 0 PTP 60 60_44_4_2082
16 0.002314 3 0 PTP 52 59_52_3_2083
13 0.002314 2 52
12 0.002314 2 52 9
15 0.002314 3 0 PTP 52 52_35_4_2084
15 0.002314 3 0 PTP 52 52_36_4_2085
16 0.002314 3 0 PTP 63 55_63_3_1695
16 0.002314 3 0 PTP 63 54_63_3_2086
13 0.002314 2 63
12 0.002314 2 63 9
15 0.002314 3 0 PTP 63 63_46_4_2087
15 0.002314 3 0 PTP 63 63_47_4_2088
16 0.002314 3 0 PTP 55 62_55_3_2089
13 0.002314 2 55
12 0.002314 2 55 9
15 0.002314 3 0 PTP 55 55_38_4_2090
15 0.002314 3 0 PTP 55 55_39_4_2091
16 0.002314 3 0 PTP 59 51_59_3_1692
16 0.002314 3 0 PTP 59 50_59_3_2092
13 0.002314 2 59
12 0.002314 2 59 9
15 0.002314 3 0 PTP 59 59_42_4_2093
15 0.002314 3 0 PTP 59 59_43_4_2094
16 0.002314 3 0 PTP 51 58_51_3_2095
13 0.002314 2 51
12 0.002314 2 51 9
15 0.002314 3 0 PTP 51 51_34_4_2096
15 0.002314 3 0 PTP 51 51_35_4_2097
16 0.002314 3 0 PTP 62 54_62_3_1689
16 0.002314 3 0 PTP 62 53_62_3_2098
13 0.002314 2 62
12 0.002314 2 62 9
15 0.002314 3 0 PTP 62 62_45_4_2099
15 0.002314 3 0 PTP 62 62_46_4_2100
16 0.002314 3 0 PTP 54 61_54_3_2101
13 0.002314 2 54
12 0.002314 2 54 9
15 0.002314 3 0 PTP 54 54_37_4_2102
15 0.002314 3 0 PTP 54 54_38_4_2103
16 0.002314 3 0 PTP 61 53_61_3_1683
16 0.002314 3 0 PTP 61 52_61_3_2104
13 0.002314 2 61
12 0.002314 2 61 9
15 0.002314 3 0 PTP 61 61_44_4_2105
15 0.002314 3 0 PTP 61 61_45_4_2106
16 0.002314 3 0 PTP 53 60_53_3_2107
13 0.002314 2 53
12 0.002314 2 53 9
15 0.002314 3 0 PTP 53 53_36_4_2108
15 0.002314 3 0 PTP 53 53_37_4_2109
16 0.002627 3 0 PTP 26 10_26_4_1731
16 0.002627 3 0 PTP 18 2_18_4_1728
16 0.002627 3 0 PTP 10 26_10_4_1734
16 0.002627 3 0 PTP 10 25_10_4_2110
13 0.002627 2 10
12 0.002627 2 10 9
15 0.002627 3 0 PTP 10 10_41_5_2111
15 0.002627 3 0 PTP 10 10_42_5_2112
16 0.002627 3 0 PTP 26 9_26_4_2113
13 0.002627 2 26
12 0.002627 2 26 9
15 0.002627 3 0 PTP 26 26_57_5_2114
15 0.002627 3 0 PTP 26 26_58_5_2115
16 0.002627 3 0 PTP 2 18_2_4_1737
16 0.002627 3 0 PTP 2 17_2_4_2116
13 0.002627 2 2
12 0.002627 2 2 9
15 0.002627 3 0 PTP 2 2_33_5_2117
15 0.002627 3 0 PTP 2 2_34_5_2118
16 0.002627 3 0 PTP 18 1_18_4_2119
13 0.002627 2 18
12 0.002627 2 18 9
15 0.002627 3 0 PTP 18 18_49_5_2120
15 0.002627 3 0 PTP 18 18_50_5_2121
16 0.002710 3 0 PTP 9 25_9_4_1740
16 0.002710 3 0 PTP 1 17_1_4_1743
16 0.002710 3 0 PTP 25 9_25_4_1746
16 0.002710 3 0 PTP 25 8_25_4_2122
13 0.002710 2 25
12 0.002710 2 25 9
15 0.002710 3 0 PTP 25 25_56_5_2123
15 0.002710 3 0 PTP 25 25_57_5_2124
16 0.002710 3 0 PTP 9 24_9_4_2125
13 0.002710 2 9
12 0.002710 2 9 9
15 0.002710 3 0 PTP 9 9_40_5_2126
15 0.002710 3 0 PTP 9 9_41_5_2127
16 0.002710 3 0 PTP 17 1_17_4_1749
16 0.002710 3 0 PTP 17 0_17_4_2128
13 0.002710 2 17
12 0.002710 2 17 9
15 0.002710 3 0 PTP 17 17_48_5_2129
15 0.002710 3 0 PTP 17 17_49_5_2130
16 0.002710 3 0 PTP 1 16_1_4_2131
13 0.002710 2 1
12 0.002710 2 1 9
15 0.002710 3 0 PTP 1 1_32_5_2132
15 0.002710 3 0 PTP 1 1_33_5_2133
16 0.002813 3 0 PTP 113 97_113_4_1758
16 0.002813 3 0 PTP 114 98_114_4_1752
16 0.002813 3 0 PTP 121 105_121_4_1761
16 0.002813 3 0 PTP 122 106_122_4_1755
16 0.002813 3 0 PTP 81 65_81_4_1770
16 0.002813 3 0 PTP 82 66_82_4_1764
16 0.002813 3 0 PTP 89 73_89_4_1773
16 0.002813 3 0 PTP 90 74_90_4_1767
16 0.002813 3 0 PTP 49 33_49_4_1782
16 0.002813 3 0 PTP 50 34_50_4_1776
16 0.002813 3 0 PTP 57 41_57_4_1785
16 0.002813 3 0 PTP 58 42_58_4_1779
16 0.002813 3 0 PTP 97 113_97_4_1797
16 0.002813 3 0 PTP 97 112_97_4_2134
13 0.002813 2 97
12 0.002813 2 97 9
15 0.002813 3 0 PTP 97 97_64_5_2135
15 0.002813 3 0 PTP 97 97_65_5_2136
16 0.002813 3 0 PTP 113 96_113_4_2137
13 0.002813 2 113
12 0.002813 2 113 9
15 0.002813 3 0 PTP 113 113_80_5_2138
15 0.002813 3 0 PTP 113 113_81_5_2139
16 0.002813 3 0 PTP 98 114_98_4_1791
16 0.002813 3 0 PTP 98 113_98_4_2140
13 0.002813 2 98
12 0.002813 2 98 9
15 0.002813 3 0 PTP 98 98_65_5_2141
15 0.002813 3 0 PTP 98 98_66_5_2142
16 0.002813 3 0 PTP 114 97_114_4_2143
13 0.002813 2 114
12 0.002813 2 114 9
15 0.002813 3 0 PTP 114 114_81_5_2144
15 0.002813 3 0 PTP 114 114_82_5_2145
16 0.002813 3 0 PTP 105 121_105_4_1794
16 0.002813 3 0 PTP 105 120_105_4_2146
13 0.002813 2 105
12 0.002813 2 105 9
15 0.002813 3 0 PTP 105 105_72_5_2147
15 0.002813 3 0 PTP 105 105_73_5_2148
16 0.002813 3 0 PTP 121 104_121_4_2149
13 0.002813 2 121
12 0.002813 2 121 9
15 0.002813 3 0 PTP 121 121_88_5_2150
15 0.002813 3 0 PTP 121 121_89_5_2151
16 0.002813 3 0 PTP 106 122_106_4_1788
16 0.002813 3 0 PTP 106 121_106_4_2152
13 0.002813 2 106
12 0.002813 2 106 9
15 0.002813 3 0 PTP 106 106_73_5_2153
15 0.002813 3 0 PTP 106 106_74_5_2154
16 0.002813 3 0 PTP 122 105_122_4_2155
13 0.002813 2 122
12 0.002813 2 122 9
15 0.002813 3 0 PTP 122 122_89_5_2156
15 0.002813 3 0 PTP 122 122_90_5_2157
16 0.002813 3 0 PTP 65 81_65_4_1809
16 0.002813 3 0 PTP 65 80_65_4_2158
13 0.002813 2 65
12 0.002813 2 65 9
15 0.002813 3 0 PTP 65 65_96_5_2159
15 0.002813 3 0 PTP 65 65_97_5_2160
16 0.002813 3 0 PTP 81 64_81_4_2161
13 0.002813 2 81
12 0.002813 2 81 9
15 0.002813 3 0 PTP 81 81_112_5_2162
15 0.002813 3 0 PTP 81 81_113_5_2163
16 0.002813 3 0 PTP 66 82_66_4_1803
16 0.002813 3 0 PTP 66 81_66_4_2164
13 0.002813 2 66
12 0.002813 2 66 9
15 0.002813 3 0 PTP 66 66_97_5_2165
15 0.002813 3 0 PTP 66 66_98_5_2166
16 0.002813 3 0 PTP 82 65_82_4_2167
13 0.002813 2 82
12 0.002813 2 82 9
15 0.002813 3 0 PTP 82 82_113_5_2168
15 0.002813 3 0 PTP 82 82_114_5_2169
16 0.002813 3 0 PTP 73 89_73_4_1806
16 0.002813 3 0 PTP 73 88_73_4_2170
13 0.002813 2 73
12 0.002813 2 73 9
15 0.002813 3 0 PTP 73 73_104_5_2171
15 0.002813 3 0 PTP 73 73_105_5_2172
16 0.002813 3 0 PTP 89 72_89_4_2173
13 0.002813 2 89
12 0.002813 2 89 9
15 0.002813 3 0 PTP 89 89_120_5_2174
15 0.002813 3 0 PTP 89 89_121_5_2175
16 0.002813 3 0 PTP 74 90_74_4_1800
16 0.002813 3 0 PTP 74 89_74_4_2176
13 0.002813 2 74
12 0.002813 2 74 9
15 0.002813 3 0 PTP 74 74_105_5_2177
15 0.002813 3 0 PTP 74 74_106_5_2178
16 0.002813 3 0 PTP 90 73_90_4_2179
13 0.002813 2 90
12 0.002813 2 90 9
15 0.002813 3 0 PTP 90 90_121_5_2180
15 0.002813 3 0 PTP 90 90_122_5_2181
16 0.002813 3 0 PTP 33 49_33_4_1821
16 0.002813 3 0 PTP 33 48_33_4_2182
13 0.002813 2 33
12 0.002813 2 33 9
15 0.002813 3 0 PTP 33 33_0_5_2183
15 0.002813 3 0 PTP 33 33_1_5_2184
16 0.002813 3 0 PTP 49 32_49_4_2185
13 0.002813 2 49
12 0.002813 2 49 9
15 0.002813 3 0 PTP 49 49_16_5_2186
15 0.002813 3 0 PTP 49 49_17_5_2187
16 0.002813 3 0 PTP 34 50_34_4_1815
16 0.002813 3 0 PTP 34 49_34_4_2188
13 0.002813 2 34
12 0.002813 2 34 9
15 0.002813 3 0 PTP 34 34_1_5_2189
15 0.002813 3 0 PTP 34 34_2_5_2190
16 0.002813 3 0 PTP 50 33_50_4_2191
13 0.002813 2 50
12 0.002813 2 50 9
15 0.002813 3 0 PTP 50 50_17_5_2192
15 0.002813 3 0 PTP 50 50_18_5_2193
16 0.002813 3 0 PTP 41 57_41_4_1818
16 0.002813 3 0 PTP 41 56_41_4_2194
13 0.002813 2 41
12 0.002813 2 41 9
15 0.002813 3 0 PTP 41 41_8_5_2195
15 0.002813 3 0 PTP 41 41_9_5_2196
16 0.002813 3 0 PTP 57 40_57_4_2197
13 0.002813 2 57
12 0.002813 2 57 9
15 0.002813 3 0 PTP 57 57_24_5_2198
15 0.002813 3 0 PTP 57 57_25_5_2199
16 0.002813 3 0 PTP 42 58_42_4_1812
16 0.002813 3 0 PTP 42 57_42_4_2200
13 0.002813 2 42
12 0.002813 2 42 9
15 0.002813 3 0 PTP 42 42_9_5_2201
15 0.002813 3 0 PTP 42 42_10_5_2202
16 0.002813 3 0 PTP 58 41_58_4_2203
13 0.002813 2 58
12 0.002813 2 58 9
15 0.002813 3 0 PTP 58 58_25_5_2204
15 0.002813 3 0 PTP 58 58_26_5_2205
16 0.003698 3 0 PTP 13 29_13_4_1884
16 0.003698 3 0 PTP 30 14_30_4_1839
16 0.003698 3 0 PTP 27 11_27_4_1848
16 0.003698 3 0 PTP 31 15_31_4_1842
16 0.003698 3 0 PTP 28 12_28_4_1833
16 0.003698 3 0 PTP 32 16_32_4_1827
16 0.003698 3 0 PTP 29 13_29_4_1890
16 0.003698 3 0 PTP 29 12_29_4_2206
13 0.003698 2 29
12 0.003698 2 29 9
15 0.003698 3 0 PTP 29 29_60_5_2207
15 0.003698 3 0 PTP 29 29_61_5_2208
16 0.003698 3 0 PTP 13 28_13_4_2209
13 0.003698 2 13
12 0.003698 2 13 9
15 0.003698 3 0 PTP 13 13_44_5_2210
15 0.003698 3 0 PTP 13 13_45_5_2211
16 0.003698 3 0 PTP 14 30_14_4_1878
16 0.003698 3 0 PTP 14 29_14_4_2212
13 0.003698 2 14
12 0.003698 2 14 9
15 0.003698 3 0 PTP 14 14_45_5_2213
15 0.003698 3 0 PTP 14 14_46_5_2214
16 0.003698 3 0 PTP 30 13_30_4_2215
13 0.003698 2 30
12 0.003698 2 30 9
15 0.003698 3 0 PTP 30 30_61_5_2216
15 0.003698 3 0 PTP 30 30_62_5_2217
16 0.003698 3 0 PTP 11 27_11_4_1872
16 0.003698 3 0 PTP 11 26_11_4_2218
13 0.003698 2 11
12 0.003698 2 11 9
15 0.003698 3 0 PTP 11 11_42_5_2219
15 0.003698 3 0 PTP 11 11_43_5_2220
16 0.003698 3 0 PTP 27 10_27_4_2221
13 0.003698 2 27
12 0.003698 2 27 9
15 0.003698 3 0 PTP 27 27_58_5_2222
15 0.003698 3 0 PTP 27 27_59_5_2223
16 0.003698 3 0 PTP 15 31_15_4_1866
16 0.003698 3 0 PTP 15 30_15_4_2224
13 0.003698 2 15
12 0.003698 2 15 9
15 0.003698 3 0 PTP 15 15_46_5_2225
15 0.003698 3 0 PTP 15 15_47_5_2226
16 0.003698 3 0 PTP 31 14_31_4_2227
13 0.003698 2 31
12 0.003698 2 31 9
15 0.003698 3 0 PTP 31 31_62_5_2228
15 0.003698 3 0 PTP 31 31_63_5_2229
16 0.003698 3 0 PTP 12 28_12_4_1860
16 0.003698 3 0 PTP 12 27_12_4_2230
13 0.003698 2 12
12 0.003698 2 12 9
15 0.003698 3 0 PTP 12 12_43_5_2231
15 0.003698 3 0 PTP 12 12_44_5_2232
16 0.003698 3 0 PTP 28 11_28_4_2233
13 0.003698 2 28
12 0.003698 2 28 9
15 0.003698 3 0 PTP 28 28_59_5_2234
15 0.003698 3 0 PTP 28 28_60_5_2235
16 0.003698 3 0 PTP 16 32_16_4_1854
16 0.003698 3 0 PTP 16 31_16_4_2236
13 0.003698 2 16
12 0.003698 2 16 9
15 0.003698 3 0 PTP 16 16_47_5_2237
15 0.003698 3 0 PTP 16 16_48_5_2238
16 0.003698 3 0 PTP 32 15_32_4_2239
13 0.003698 2 32
12 0.003698 2 32 9
15 0.003698 3 0 PTP 32 32_63_5_2240
15 0.003698 3 0 PTP 32 32_64_5_2241
16 0.003834 3 0 PTP 125 109_125_4_1929
16 0.003834 3 0 PTP 126 110_126_4_1923
16 0.003834 3 0 PTP 123 107_123_4_1917
16 0.003834 3 0 PTP 127 111_127_4_1911
16 0.003834 3 0 PTP 124 108_124_4_1905
16 0.003834 3 0 PTP 128 112_128_4_1899
16 0.003834 3 0 PTP 93 77_93_4_1965
16 0.003834 3 0 PTP 94 78_94_4_1959
16 0.003834 3 0 PTP 91 75_91_4_1953
16 0.003834 3 0 PTP 95 79_95_4_1947
16 0.003834 3 0 PTP 92 76_92_4_1941
16 0.003834 3 0 PTP 96 80_96_4_1935
16 0.003834 3 0 PTP 61 45_61_4_2001
16 0.003834 3 0 PTP 62 46_62_4_1995
16 0.003834 3 0 PTP 59 43_59_4_1989
16 0.003834 3 0 PTP 63 47_63_4_1983
16 0.003834 3 0 PTP 60 44_60_4_1977
16 0.003834 3 0 PTP 64 48_64_4_1971
16 0.003834 3 0 PTP 109 125_109_4_2034
16 0.003834 3 0 PTP 109 124_109_4_2242
13 0.003834 2 109
12 0.003834 2 109 9
15 0.003834 3 0 PTP 109 109_76_5_2243
15 0.003834 3 0 PTP 109 109_77_5_2244
16 0.003834 3 0 PTP 125 108_125_4_2245
13 0.003834 2 125
12 0.003834 2 125 9
15 0.003834 3 0 PTP 125 125_92_5_2246
15 0.003834 3 0 PTP 125 125_93_5_2247
16 0.003834 3 0 PTP 110 126_110_4_2028
16 0.003834 3 0 PTP 110 125_110_4_2248
13 0.003834 2 110
12 0.003834 2 110 9
15 0.003834 3 0 PTP 110 110_77_5_2249
15 0.003834 3 0 PTP 110 110_78_5_2250
16 0.003834 3 0 PTP 126 109_126_4_2251
13 0.003834 2 126
12 0.003834 2 126 9
15 0.003834 3 0 PTP 126 126_93_5_2252
15 0.003834 3 0 PTP 126 126_94_5_2253
16 0.003834 3 0 PTP 107 123_107_4_2022
16 0.003834 3 0 PTP 107 122_107_4_2254
13 0.003834 2 107
12 0.003834 2 107 9
15 0.003834 3 0 PTP 107 107_74_5_2255
15 0.003834 3 0 PTP 107 107_75_5_2256
16 0.003834 3 0 PTP 123 106_123_4_2257
13 0.003834 2 123
12 0.003834 2 123 9
15 0.003834 3 0 PTP 123 123_90_5_2258
15 0.003834 3 0 PTP 123 123_91_5_2259
16 0.003834 3 0 PTP 111 127_111_4_2016
16 0.003834 3 0 PTP 111 126_111_4_2260
13 0.003834 2 111
12 0.003834 2 111 9
15 0.003834 3 0 PTP 111 111_78_5_2261
15 0.003834 3 0 PTP 111 111_79_5_2262
16 0.003834 3 0 PTP 127 110_127_4_2263
13 0.003834 2 127
12 0.003834 2 127 9
15 0.003834 3 0 PTP 127 127_94_5_2264
15 0.003834 3 0 PTP 127 127_95_5_2265
16 0.003834 3 0 PTP 108 124_108_4_2010
16 0.003834 3 0 PTP 108 123_108_4_2266
13 0.003834 2 108
12 0.003834 2 108 9
15 0.003834 3 0 PTP 108 108_75_5_2267
15 0.003834 3 0 PTP 108 108_76_5_2268
16 0.003834 3 0 PTP 124 107_124_4_2269
13 0.003834 2 124
12 0.003834 2 124 9
15 0.003834 3 0 PTP 124 124_91_5_2270
15 0.003834 3 0 PTP 124 124_92_5_2271
16 0.003834 3 0 PTP 112 128_112_4_2004
16 0.003834 3 0 PTP 112 127_112_4_2272
13 0.003834 2 112
12 0.003834 2 112 9
15 0.003834 3 0 PTP 112 112_79_5_2273
15 0.003834 3 0 PTP 112 112_80_5_2274
16 0.003834 3 0 PTP 128 111_128_4_2275
13 0.003834 2 128
12 0.003834 2 128 9
15 0.003834 3 0 PTP 128 128_95_5_2276
15 0.003834 3 0 PTP 128 128_96_5_2277
16 0.003834 3 0 PTP 77 93_77_4_2070
16 0.003834 3 0 PTP 77 92_77_4_2278
13 0.003834 2 77
12 0.003834 2 77 9
15 0.003834 3 0 PTP 77 77_108_5_2279
15 0.003834 3 0 PTP 77 77_109_5_2280
16 0.003834 3 0 PTP 93 76_93_4_2281
13 0.003834 2 93
12 0.003834 2 93 9
15 0.003834 3 0 PTP 93 93_124_5_2282
15 0.003834 3 0 PTP 93 93_125_5_2283
16 0.003834 3 0 PTP 78 94_78_4_2064
16 0.003834 3 0 PTP 78 93_78_4_2284
13 0.003834 2 78
12 0.003834 2 78 9
15 0.003834 3 0 PTP 78 78_109_5_2285
15 0.003834 3 0 PTP 78 78_110_5_2286
16 0.003834 3 0 PTP 94 77_94_4_2287
13 0.003834 2 94
12 0.003834 2 94 9
15 0.003834 3 0 PTP 94 94_125_5_2288
15 0.003834 3 0 PTP 94 94_126_5_2289
16 0.003834 3 0 PTP 75 91_75_4_2058
16 0.003834 3 0 PTP 75 90_75_4_2290
13 0.003834 2 75
12 0.003834 2 75 9
15 0.003834 3 0 PTP 75 75_106_5_2291
15 0.003834 3 0 PTP 75 75_107_5_2292
16 0.003834 3 0 PTP 91 74_91_4_2293
13 0.003834 2 91
12 0.003834 2 91 9
15 0.003834 3 0 PTP 91 91_122_5_2294
15 0.003834 3 0 PTP 91 91_123_5_2295
16 0.003834 3 0 PTP 79 95_79_4_2052
16 0.003834 3 0 PTP 79 94_79_4_2296
13 0.003834 2 79
12 0.003834 2 79 9
15 0.003834 3 0 PTP 79 79_110_5_2297
15 0.003834 3 0 PTP 79 79_111_5_2298
16 0.003834 3 0 PTP 95 78_95_4_2299
13 0.003834 2 95
12 0.003834 2 95 9
15 0.003834 3 0 PTP 95 95_126_5_2300
15 0.003834 3 0 PTP 95 95_127_5_2301
16 0.003834 3 0 PTP 76 92_76_4_2046
16 0.003834 3 0 PTP 76 91_76_4_2302
13 0.003834 2 76
12 0.003834 2 76 9
15 0.003834 3 0 PTP 76 76_107_5_2303
15 0.003834 3 0 PTP 76 76_108_5_2304
16 0.003834 3 0 PTP 92 75_92_4_2305
13 0.003834 2 92
12 0.003834 2 92 9
15 0.003834 3 0 PTP 92 92_123_5_2306
15 0.003834 3 0 PTP 92 92_124_5_2307
16 0.003834 3 0 PTP 80 96_80_4_2040
16 0.003834 3 0 PTP 80 95_80_4_2308
13 0.003834 2 80
12 0.003834 2 80 9
15 0.003834 3 0 PTP 80 80_111_5_2309
15 0.003834 3 0 PTP 80 80_112_5_2310
16 0.003834 3 0 PTP 96 79_96_4_2311
13 0.003834 2 96
12 0.003834 2 96 9
15 0.003834 3 0 PTP 96 96_127_5_2312
15 0.003834 3 0 PTP 96 96_128_5_2313
16 0.003834 3 0 PTP 45 61_45_4_2106
16 0.003834 3 0 PTP 45 60_45_4_2314
13 0.003834 2 45
12 0.003834 2 45 9
15 0.003834 3 0 PTP 45 45_12_5_2315
15 0.003834 3 0 PTP 45 45_13_5_2316
16 0.003834 3 0 PTP 61 44_61_4_2317
13 0.003834 2 61
12 0.003834 2 61 9
15 0.003834 3 0 PTP 61 61_28_5_2318
15 0.003834 3 0 PTP 61 61_29_5_2319
16 0.003834 3 0 PTP 46 62_46_4_2100
16 0.003834 3 0 PTP 46 61_46_4_2320
13 0.003834 2 46
12 0.003834 2 46 9
15 0.003834 3 0 PTP 46 46_13_5_2321
15 0.003834 3 0 PTP 46 46_14_5_2322
16 0.003834 3 0 PTP 62 45_62_4_2323
13 0.003834 2 62
12 0.003834 2 62 9
15 0.003834 3 0 PTP 62 62_29_5_2324
15 0.003834 3 0 PTP 62 62_30_5_2325
16 0.003834 3 0 PTP 43 59_43_4_2094
16 0.003834 3 0 PTP 43 58_43_4_2326
13 0.003834 2 43
12 0.003834 2 43 9
15 0.003834 3 0 PTP 43 43_10_5_2327
15 0.003834 3 0 PTP 43 43_11_5_2328
16 0.003834 3 0 PTP 59 42_59_4_2329
13 0.003834 2 59
12 0.003834 2 59 9
15 0.003834 3 0 PTP 59 59_26_5_2330
15 0.003834 3 0 PTP 59 59_27_5_2331
16 0.003834 3 0 PTP 47 63_47_4_2088
16 0.003834 3 0 PTP 47 62_47_4_2332
13 0.003834 2 47
12 0.003834 2 47 9
15 0.003834 3 0 PTP 47 47_14_5_2333
15 0.003834 3 0 PTP 47 47_15_5_2334
16 0.003834 3 0 PTP 63 46_63_4_2335
13 0.003834 2 63
12 0.003834 2 63 9
15 0.003834 3 0 PTP 63 63_30_5_2336
15 0.003834 3 0 PTP 63 63_31_5_2337
16 0.003834 3 0 PTP 44 60_44_4_2082
16 0.003834 3 0 PTP 44 59_44_4_2338
13 0.003834 2 44
12 0.003834 2 44 9
15 0.003834 3 0 PTP 44 44_11_5_2339
15 0.003834 3 0 PTP 44 44_12_5_2340
16 0.003834 3 0 PTP 60 43_60_4_2341
13 0.003834 2 60
12 0.003834 2 60 9
15 0.003834 3 0 PTP 60 60_27_5_2342
15 0.003834 3 0 PTP 60 60_28_5_2343
16 0.003834 3 0 PTP 48 64_48_4_2076
16 0.003834 3 0 PTP 48 63_48_4_2344
13 0.003834 2 48
12 0.003834 2 48 9
15 0.003834 3 0 PTP 48 48_15_5_2345
15 0.003834 3 0 PTP 48 48_16_5_2346
16 0.003834 3 0 PTP 64 47_64_4_2347
13 0.003834 2 64
12 0.003834 2 64 9
15 0.003834 3 0 PTP 64 64_31_5_2348
15 0.003834 3 0 PTP 64 64_32_5_2349
16 0.003926 3 0 PTP 5 21_5_4_1887
16 0.003926 3 0 PTP 22 6_22_4_1836
16 0.003926 3 0 PTP 19 3_19_4_1851
16 0.003926 3 0 PTP 23 7_23_4_1845
16 0.003926 3 0 PTP 20 4_20_4_1830
16 0.003926 3 0 PTP 24 8_24_4_1824
16 0.003926 3 0 PTP 21 5_21_4_1893
16 0.003926 3 0 PTP 21 4_21_4_2350
13 0.003926 2 21
12 0.003926 2 21 9
15 0.003926 3 0 PTP 21 21_52_5_2351
15 0.003926 3 0 PTP 21 21_53_5_2352
16 0.003926 3 0 PTP 5 20_5_4_2353
13 0.003926 2 5
12 0.003926 2 5 9
15 0.003926 3 0 PTP 5 5_36_5_2354
15 0.003926 3 0 PTP 5 5_37_5_2355
16 0.003926 3 0 PTP 6 22_6_4_1881
16 0.003926 3 0 PTP 6 21_6_4_2356
13 0.003926 2 6
12 0.003926 2 6 9
15 0.003926 3 0 PTP 6 6_37_5_2357
15 0.003926 3 0 PTP 6 6_38_5_2358
16 0.003926 3 0 PTP 22 5_22_4_2359
13 0.003926 2 22
12 0.003926 2 22 9
15 0.003926 3 0 PTP 22 22_53_5_2360
15 0.003926 3 0 PTP 22 22_54_5_2361
16 0.003926 3 0 PTP 3 19_3_4_1875
16 0.003926 3 0 PTP 3 18_3_4_2362
13 0.003926 2 3
12 0.003926 2 3 9
15 0.003926 3 0 PTP 3 3_34_5_2363
15 0.003926 3 0 PTP 3 3_35_5_2364
16 0.003926 3 0 PTP 19 2_19_4_2365
13 0.003926 2 19
12 0.003926 2 19 9
15 0.003926 3 0 PTP 19 19_50_5_2366
15 0.003926 3 0 PTP 19 19_51_5_2367
16 0.003926 3 0 PTP 7 23_7_4_1869
16 0.003926 3 0 PTP 7 22_7_4_2368
13 0.003926 2 7
12 0.003926 2 7 9
15 0.003926 3 0 PTP 7 7_38_5_2369
15 0.003926 3 0 PTP 7 7_39_5_2370
16 0.003926 3 0 PTP 23 6_23_4_2371
13 0.003926 2 23
12 0.003926 2 23 9
15 0.003926 3 0 PTP 23 23_54_5_2372
15 0.003926 3 0 PTP 23 23_55_5_2373
16 0.003926 3 0 PTP 4 20_4_4_1863
16 0.003926 3 0 PTP 4 19_4_4_2374
13 0.003926 2 4
12 0.003926 2 4 9
15 0.003926 3 0 PTP 4 4_35_5_2375
15 0.003926 3 0 PTP 4 4_36_5_2376
16 0.003926 3 0 PTP 20 3_20_4_2377
13 0.003926 2 20
12 0.003926 2 20 9
15 0.003926 3 0 PTP 20 20_51_5_2378
15 0.003926 3 0 PTP 20 20_52_5_2379
16 0.003926 3 0 PTP 8 24_8_4_1857
16 0.003926 3 0 PTP 8 23_8_4_2380
13 0.003926 2 8
12 0.003926 2 8 9
15 0.003926 3 0 PTP 8 8_39_5_2381
15 0.003926 3 0 PTP 8 8_40_5_2382
16 0.003926 3 0 PTP 24 7_24_4_2383
13 0.003926 2 24
12 0.003926 2 24 9
15 0.003926 3 0 PTP 24 24_55_5_2384
15 0.003926 3 0 PTP 24 24_56_5_2385
16 0.004078 3 0 PTP 117 101_117_4_1926
16 0.004078 3 0 PTP 118 102_118_4_1920
16 0.004078 3 0 PTP 115 99_115_4_1914
16 0.004078 3 0 PTP 119 103_119_4_1908
16 0.004078 3 0 PTP 116 100_116_4_1902
16 0.004078 3 0 PTP 120 104_120_4_1896
16 0.004078 3 0 PTP 85 69_85_4_1962
16 0.004078 3 0 PTP 86 70_86_4_1956
16 0.004078 3 0 PTP 83 67_83_4_1950
16 0.004078 3 0 PTP 87 71_87_4_1944
16 0.004078 3 0 PTP 84 68_84_4_1938
16 0.004078 3 0 PTP 88 72_88_4_1932
16 0.004078 3 0 PTP 53 37_53_4_1998
16 0.004078 3 0 PTP 54 38_54_4_1992
16 0.004078 3 0 PTP 51 35_51_4_1986
16 0.004078 3 0 PTP 55 39_55_4_1980
16 0.004078 3 0 PTP 52 36_52_4_1974
16 0.004078 3 0 PTP 56 40_56_4_1968
16 0.004078 3 0 PTP 101 117_101_4_2037
16 0.004078 3 0 PTP 101 116_101_4_2386
13 0.004078 2 101
12 0.004078 2 101 9
15 0.004078 3 0 PTP 101 101_68_5_2387
15 0.004078 3 0 PTP 101 101_69_5_2388
16 0.004078 3 0 PTP 117 100_117_4_2389
13 0.004078 2 117
12 0.004078 2 117 9
15 0.004078 3 0 PTP 117 117_84_5_2390
15 0.004078 3 0 PTP 117 117_85_5_2391
16 0.004078 3 0 PTP 102 118_102_4_2031
16 0.004078 3 0 PTP 102 117_102_4_2392
13 0.004078 2 102
12 0.004078 2 102 9
15 0.004078 3 0 PTP 102 102_69_5_2393
15 0.004078 3 0 PTP 102 102_70_5_2394
16 0.004078 3 0 PTP 118 101_118_4_2395
13 0.004078 2 118
12 0.004078 2 118 9
15 0.004078 3 0 PTP 118 118_85_5_2396
15 0.004078 3 0 PTP 118 118_86_5_2397
16 0.004078 3 0 PTP 99 115_99_4_2025
16 0.004078 3 0 PTP 99 114_99_4_2398
13 0.004078 2 99
12 0.004078 2 99 9
15 0.004078 3 0 PTP 99 99_66_5_2399
15 0.004078 3 0 PTP 99 99_67_5_2400
16 0.004078 3 0 PTP 115 98_115_4_2401
13 0.004078 2 115
12 0.004078 2 115 9
15 0.004078 3 0 PTP 115 115_82_5_2402
15 0.004078 3 0 PTP 115 115_83_5_2403
16 0.004078 3 0 PTP 103 119_103_4_2019
16 0.004078 3 0 PTP 103 118_103_4_2404
13 0.004078 2 103
12 0.004078 2 103 9
15 0.004078 3 0 PTP 103 103_70_5_2405
15 0.004078 3 0 PTP 103 103_71_5_2406
16 0.004078 3 0 PTP 119 102_119_4_2407
13 0.004078 2 119
12 0.004078 2 119 9
15 0.004078 3 0 PTP 119 119_86_5_2408
15 0.004078 3 0 PTP 119 119_87_5_2409
16 0.004078 3 0 PTP 100 116_100_4_2013
16 0.004078 3 0 PTP 100 115_100_4_2410
13 0.004078 2 100
12 0.004078 2 100 9
15 0.004078 3 0 PTP 100 100_67_5_2411
15 0.004078 3 0 PTP 100 100_68_5_2412
16 0.004078 3 0 PTP 116 99_116_4_2413
13 0.004078 2 116
12 0.004078 2 116 9
15 0.004078 3 0 PTP 116 116_83_5_2414
15 0.004078 3 0 PTP 116 116_84_5_2415
16 0.004078 3 0 PTP 104 120_104_4_2007
16 0.004078 3 0 PTP 104 119_104_4_2416
13 0.004078 2 104
12 0.004078 2 104 9
15 0.004078 3 0 PTP 104 104_71_5_2417
15 0.004078 3 0 PTP 104 104_72_5_2418
16 0.004078 3 0 PTP 120 103_120_4_2419
13 0.004078 2 120
12 0.004078 2 120 9
15 0.004078 3 0 PTP 120 120_87_5_2420
15 0.004078 3 0 PTP 120 120_88_5_2421
16 0.004078 3 0 PTP 69 85_69_4_2073
16 0.004078 3 0 PTP 69 84_69_4_2422
13 0.004078 2 69
12 0.004078 2 69 9
15 0.004078 3 0 PTP 69 69_100_5_2423
15 0.004078 3 0 PTP 69 69_101_5_2424
16 0.004078 3 0 PTP 85 68_85_4_2425
13 0.004078 2 85
12 0.004078 2 85 9
15 0.004078 3 0 PTP 85 85_116_5_2426
15 0.004078 3 0 PTP 85 85_117_5_2427
16 0.004078 3 0 PTP 70 86_70_4_2067
16 0.004078 3 0 PTP 70 85_70_4_2428
13 0.004078 2 70
12 0.004078 2 70 9
15 0.004078 3 0 PTP 70 70_101_5_2429
15 0.004078 3 0 PTP 70 70_102_5_2430
16 0.004078 3 0 PTP 86 69_86_4_2431
13 0.004078 2 86
12 0.004078 2 86 9
15 0.004078 3 0 PTP 86 86_117_5_2432
15 0.004078 3 0 PTP 86 86_118_5_2433
16 0.004078 3 0 PTP 67 83_67_4_2061
16 0.004078 3 0 PTP 67 82_67_4_2434
13 0.004078 2 67
12 0.004078 2 67 9
15 0.004078 3 0 PTP 67 67_98_5_2435
15 0.004078 3 0 PTP 67 67_99_5_2436
16 0.004078 3 0 PTP 83 66_83_4_2437
13 0.004078 2 83
12 0.004078 2 83 9
15 0.004078 3 0 PTP 83 83_114_5_2438
15 0.004078 3 0 PTP 83 83_115_5_2439
16 0.004078 3 0 PTP 71 87_71_4_2055
16 0.004078 3 0 PTP 71 86_71_4_2440
13 0.004078 2 71
12 0.004078 2 71 9
15 0.004078 3 0 PTP 71 71_102_5_2441
15 0.004078 3 0 PTP 71 71_103_5_2442
16 0.004078 3 0 PTP 87 70_87_4_2443
13 0.004078 2 87
12 0.004078 2 87 9
15 0.004078 3 0 PTP 87 87_118_5_2444
15 0.004078 3 0 PTP 87 87_119_5_2445
16 0.004078 3 0 PTP 68 84_68_4_2049
16 0.004078 3 0 PTP 68 83_68_4_2446
13 0.004078 2 68
12 0.004078 2 68 9
15 0.004078 3 0 PTP 68 68_99_5_2447
15 0.004078 3 0 PTP 68 68_100_5_2448
16 0.004078 3 0 PTP 84 67_84_4_2449
13 0.004078 2 84
12 0.004078 2 84 9
15 0.004078 3 0 PTP 84 84_115_5_2450
15 0.004078 3 0 PTP 84 84_116_5_2451
16 0.004078 3 0 PTP 72 88_72_4_2043
16 0.004078 3 0 PTP 72 87_72_4_2452
13 0.004078 2 72
12 0.004078 2 72 9
15 0.004078 3 0 PTP 72 72_103_5_2453
15 0.004078 3 0 PTP 72 72_104_5_2454
16 0.004078 3 0 PTP 88 71_88_4_2455
13 0.004078 2 88
12 0.004078 2 88 9
15 0.004078 3 0 PTP 88 88_119_5_2456
15 0.004078 3 0 PTP 88 88_120_5_2457
16 0.004078 3 0 PTP 37 53_37_4_2109
16 0.004078 3 0 PTP 37 52_37_4_2458
13 0.004078 2 37
12 0.004078 2 37 9
15 0.004078 3 0 PTP 37 37_4_5_2459
15 0.004078 3 0 PTP 37 37_5_5_2460
16 0.004078 3 0 PTP 53 36_53_4_2461
13 0.004078 2 53
12 0.004078 2 53 9
15 0.004078 3 0 PTP 53 53_20_5_2462
15 0.004078 3 0 PTP 53 53_21_5_2463
16 0.004078 3 0 PTP 38 54_38_4_2103
16 0.004078 3 0 PTP 38 53_38_4_2464
13 0.004078 2 38
12 0.004078 2 38 9
15 0.004078 3 0 PTP 38 38_5_5_2465
15 0.004078 3 0 PTP 38 38_6_5_2466
16 0.004078 3 0 PTP 54 37_54_4_2467
13 0.004078 2 54
12 0.004078 2 54 9
15 0.004078 3 0 PTP 54 54_21_5_2468
15 0.004078 3 0 PTP 54 54_22_5_2469
16 0.004078 3 0 PTP 35 51_35_4_2097
16 0.004078 3 0 PTP 35 50_35_4_2470
13 0.004078 2 35
12 0.004078 2 35 9
15 0.004078 3 0 PTP 35 35_2_5_2471
15 0.004078 3 0 PTP 35 35_3_5_2472
16 0.004078 3 0 PTP 51 34_51_4_2473
13 0.004078 2 51
12 0.004078 2 51 9
15 0.004078 3 0 PTP 51 51_18_5_2474
15 0.004078 3 0 PTP 51 51_19_5_2475
16 0.004078 3 0 PTP 39 55_39_4_2091
16 0.004078 3 0 PTP 39 54_39_4_2476
13 0.004078 2 39
12 0.004078 2 39 9
15 0.004078 3 0 PTP 39 39_6_5_2477
15 0.004078 3 0 PTP 39 39_7_5_2478
16 0.004078 3 0 PTP 55 38_55_4_2479
13 0.004078 2 55
12 0.004078 2 55 9
15 0.004078 3 0 PTP 55 55_22_5_2480
15 0.004078 3 0 PTP 55 55_23_5_2481
16 0.004078 3 0 PTP 36 52_36_4_2085
16 0.004078 3 0 PTP 36 51_36_4_2482
13 0.004078 2 36
12 0.004078 2 36 9
15 0.004078 3 0 PTP 36 36_3_5_2483
15 0.004078 3 0 PTP 36 36_4_5_2484
16 0.004078 3 0 PTP 52 35_52_4_2485
13 0.004078 2 52
12 0.004078 2 52 9
15 0.004078 3 0 PTP 52 52_19_5_2486
15 0.004078 3 0 PTP 52 52_20_5_2487
16 0.004078 3 0 PTP 40 56_40_4_2079
16 0.004078 3 0 PTP 40 55_40_4_2488
13 0.004078 2 40
12 0.004078 2 40 9
15 0.004078 3 0 PTP 40 40_7_5_2489
15 0.004078 3 0 PTP 40 40_8_5_2490
16 0.004078 3 0 PTP 56 39_56_4_2491
13 0.004078 2 56
12 0.004078 2 56 9
15 0.004078 3 0 PTP 56 56_23_5_2492
15 0.004078 3 0 PTP 56 56_24_5_2493
16 0.008171 3 0 PTP 34 2_34_5_2118
16 0.008171 3 0 PTP 33 1_33_5_2133
16 0.008171 3 0 PTP 66 98_66_5_2142
16 0.008171 3 0 PTP 65 97_65_5_2136
16 0.008171 3 0 PTP 2 34_2_5_2190
16 0.008171 3 0 PTP 2 33_2_5_2494
13 0.008171 2 2
12 0.008171 2 2 9
15 0.008171 3 0 PTP 2 2_65_6_2495
15 0.008171 3 0 PTP 2 2_66_6_2496
16 0.008171 3 0 PTP 34 1_34_5_2497
13 0.008171 2 34
12 0.008171 2 34 9
15 0.008171 3 0 PTP 34 34_97_6_2498
15 0.008171 3 0 PTP 34 34_98_6_2499
16 0.008171 3 0 PTP 1 33_1_5_2184
16 0.008171 3 0 PTP 1 32_1_5_2500
13 0.008171 2 1
12 0.008171 2 1 9
15 0.008171 3 0 PTP 1 1_64_6_2501
15 0.008171 3 0 PTP 1 1_65_6_2502
16 0.008171 3 0 PTP 33 0_33_5_2503
13 0.008171 2 33
12 0.008171 2 33 9
15 0.008171 3 0 PTP 33 33_96_6_2504
15 0.008171 3 0 PTP 33 33_97_6_2505
16 0.008171 3 0 PTP 98 66_98_5_2166
16 0.008171 3 0 PTP 98 65_98_5_2506
13 0.008171 2 98
12 0.008171 2 98 9
15 0.008171 3 0 PTP 98 98_33_6_2507
15 0.008171 3 0 PTP 98 98_34_6_2508
16 0.008171 3 0 PTP 66 97_66_5_2509
13 0.008171 2 66
12 0.008171 2 66 9
15 0.008171 3 0 PTP 66 66_1_6_2510
15 0.008171 3 0 PTP 66 66_2_6_2511
16 0.008171 3 0 PTP 97 65_97_5_2160
16 0.008171 3 0 PTP 97 64_97_5_2512
13 0.008171 2 97
12 0.008171 2 97 9
15 0.008171 3 0 PTP 97 97_32_6_2513
15 0.008171 3 0 PTP 97 97_33_6_2514
16 0.008171 3 0 PTP 65 96_65_5_2515
13 0.008171 2 65
12 0.008171 2 65 9
15 0.008171 3 0 PTP 65 65_0_6_2516
15 0.008171 3 0 PTP 65 65_1_6_2517
16 0.009962 3 0 PTP 66 2_66_6_2496
16 0.009962 3 0 PTP 65 1_65_6_2502
16 0.009962 3 0 PTP 98 34_98_6_2499
16 0.009962 3 0 PTP 97 33_97_6_2505
16 0.009962 3 0 PTP 2 66_2_6_2511
16 0.009962 3 0 PTP 2 65_2_6_2518
13 0.009962 2 2
16 0.009962 3 0 PTP 66 1_66_6_2519
13 0.009962 2 66
16 0.009962 3 0 PTP 1 65_1_6_2517
16 0.009962 3 0 PTP 1 64_1_6_2520
13 0.009962 2 1
16 0.009962 3 0 PTP 65 0_65_6_2521
13 0.009962 2 65
16 0.009962 3 0 PTP 34 98_34_6_2508
16 0.009962 3 0 PTP 34 97_34_6_2522
13 0.009962 2 34
16 0.009962 3 0 PTP 98 33_98_6_2523
13 0.009962 2 98
16 0.009962 3 0 PTP 33 97_33_6_2514
16 0.009962 3 0 PTP 33 96_33_6_2524
13 0.009962 2 33
16 0.009962 3 0 PTP 97 32_97_6_2525
13 0.009962 2 97
12 0.009962 2 97 10
15 0.009962 3 0 PTP 97 97_1_-112_2526
12 0.009962 2 33 10
15 0.009962 3 0 PTP 33 33_1_-112_2527
12 0.009962 2 98 10
15 0.009962 3 0 PTP 98 98_1_-112_2528
12 0.009962 2 34 10
15 0.009962 3 0 PTP 34 34_1_-112_2529
12 0.009962 2 65 10
15 0.009962 3 0 PTP 65 65_1_-112_2530
12 0.009962 2 1 10
12 0.009962 2 66 10
15 0.009962 3 0 PTP 66 66_1_-112_2531
12 0.009962 2 2 10
15 0.009962 3 0 PTP 2 2_1_-112_2532
13 0.009962 2 97
12 0.009962 2 97 10
15 0.009962 3 0 PTP 97 97_1_-112_2533
13 0.009962 2 33
12 0.009962 2 33 10
15 0.009962 3 0 PTP 33 33_1_-112_2534
13 0.009962 2 98
12 0.009962 2 98 10
15 0.009962 3 0 PTP 98 98_1_-112_2535
13 0.009962 2 34
12 0.009962 2 34 10
15 0.009962 3 0 PTP 34 34_1_-112_2536
13 0.009962 2 65
12 0.009962 2 65 10
15 0.009962 3 0 PTP 65 65_1_-112_2537
13 0.009962 2 66
12 0.009962 2 66 10
15 0.009962 3 0 PTP 66 66_1_-112_2538
13 0.009962 2 2
12 0.009962 2 2 10
15 0.009962 3 0 PTP 2 2_1_-112_2539
13 0.009962 2 97
12 0.009962 2 97 7
15 0.009962 3 0 PTP 97 97_1_-778_2540
13 0.009962 2 33
12 0.009962 2 33 7
15 0.009962 3 0 PTP 33 33_1_-778_2541
13 0.009962 2 98
12 0.009962 2 98 7
15 0.009962 3 0 PTP 98 98_1_-778_2542
13 0.009962 2 34
12 0.009962 2 34 7
15 0.009962 3 0 PTP 34 34_1_-778_2543
13 0.009962 2 65
12 0.009962 2 65 7
15 0.009962 3 0 PTP 65 65_1_-778_2544
13 0.009962 2 66
12 0.009962 2 66 7
15 0.009962 3 0 PTP 66 66_1_-778_2545
13 0.009962 2 2
12 0.009962 2 2 7
15 0.009962 3 0 PTP 2 2_1_-778_2546
16 0.009962 3 0 PTP 1 2_1_-112_2532
16 0.009963 3 0 PTP 1 98_1_-112_2528
16 0.009963 3 0 PTP 1 65_1_-112_2530
16 0.009963 3 0 PTP 1 66_1_-112_2531
16 0.009963 3 0 PTP 1 97_1_-112_2526
16 0.009963 3 0 PTP 1 34_1_-112_2529
16 0.009963 3 0 PTP 1 33_1_-112_2527
16 0.012699 3 0 PTP 90 122_90_5_2157
16 0.012699 3 0 PTP 74 106_74_5_2154
16 0.012699 3 0 PTP 89 121_89_5_2151
16 0.012699 3 0 PTP 73 105_73_5_2148
16 0.012699 3 0 PTP 82 114_82_5_2145
16 0.012699 3 0 PTP 81 113_81_5_2139
16 0.012699 3 0 PTP 122 90_122_5_2181
16 0.012699 3 0 PTP 122 89_122_5_2547
13 0.012699 2 122
12 0.012699 2 122 9
15 0.012699 3 0 PTP 122 122_57_6_2548
15 0.012699 3 0 PTP 122 122_58_6_2549
16 0.012699 3 0 PTP 90 121_90_5_2550
13 0.012699 2 90
12 0.012699 2 90 9
15 0.012699 3 0 PTP 90 90_25_6_2551
15 0.012699 3 0 PTP 90 90_26_6_2552
16 0.012699 3 0 PTP 106 74_106_5_2178
16 0.012699 3 0 PTP 106 73_106_5_2553
13 0.012699 2 106
12 0.012699 2 106 9
15 0.012699 3 0 PTP 106 106_41_6_2554
15 0.012699 3 0 PTP 106 106_42_6_2555
16 0.012699 3 0 PTP 74 105_74_5_2556
13 0.012699 2 74
12 0.012699 2 74 9
15 0.012699 3 0 PTP 74 74_9_6_2557
15 0.012699 3 0 PTP 74 74_10_6_2558
16 0.012699 3 0 PTP 121 89_121_5_2175
16 0.012699 3 0 PTP 121 88_121_5_2559
13 0.012699 2 121
12 0.012699 2 121 9
15 0.012699 3 0 PTP 121 121_56_6_2560
15 0.012699 3 0 PTP 121 121_57_6_2561
16 0.012699 3 0 PTP 89 120_89_5_2562
13 0.012699 2 89
12 0.012699 2 89 9
15 0.012699 3 0 PTP 89 89_24_6_2563
15 0.012699 3 0 PTP 89 89_25_6_2564
16 0.012699 3 0 PTP 105 73_105_5_2172
16 0.012699 3 0 PTP 105 72_105_5_2565
13 0.012699 2 105
12 0.012699 2 105 9
15 0.012699 3 0 PTP 105 105_40_6_2566
15 0.012699 3 0 PTP 105 105_41_6_2567
16 0.012699 3 0 PTP 73 104_73_5_2568
13 0.012699 2 73
12 0.012699 2 73 9
15 0.012699 3 0 PTP 73 73_8_6_2569
15 0.012699 3 0 PTP 73 73_9_6_2570
16 0.012699 3 0 PTP 114 82_114_5_2169
16 0.012699 3 0 PTP 114 81_114_5_2571
13 0.012699 2 114
12 0.012699 2 114 9
15 0.012699 3 0 PTP 114 114_49_6_2572
15 0.012699 3 0 PTP 114 114_50_6_2573
16 0.012699 3 0 PTP 82 113_82_5_2574
13 0.012699 2 82
12 0.012699 2 82 9
15 0.012699 3 0 PTP 82 82_17_6_2575
15 0.012699 3 0 PTP 82 82_18_6_2576
16 0.012699 3 0 PTP 113 81_113_5_2163
16 0.012699 3 0 PTP 113 80_113_5_2577
13 0.012699 2 113
12 0.012699 2 113 9
15 0.012699 3 0 PTP 113 113_48_6_2578
15 0.012699 3 0 PTP 113 113_49_6_2579
16 0.012699 3 0 PTP 81 112_81_5_2580
13 0.012699 2 81
12 0.012699 2 81 9
15 0.012699 3 0 PTP 81 81_16_6_2581
15 0.012699 3 0 PTP 81 81_17_6_2582
16 0.012699 3 0 PTP 58 26_58_5_2115
16 0.012699 3 0 PTP 42 10_42_5_2112
16 0.012699 3 0 PTP 57 25_57_5_2124
16 0.012699 3 0 PTP 41 9_41_5_2127
16 0.012699 3 0 PTP 50 18_50_5_2121
16 0.012699 3 0 PTP 49 17_49_5_2130
16 0.012699 3 0 PTP 26 58_26_5_2205
16 0.012699 3 0 PTP 26 57_26_5_2583
13 0.012699 2 26
12 0.012699 2 26 9
15 0.012699 3 0 PTP 26 26_89_6_2584
15 0.012699 3 0 PTP 26 26_90_6_2585
16 0.012699 3 0 PTP 58 25_58_5_2586
13 0.012699 2 58
12 0.012699 2 58 9
15 0.012699 3 0 PTP 58 58_121_6_2587
15 0.012699 3 0 PTP 58 58_122_6_2588
16 0.012699 3 0 PTP 10 42_10_5_2202
16 0.012699 3 0 PTP 10 41_10_5_2589
13 0.012699 2 10
12 0.012699 2 10 9
15 0.012699 3 0 PTP 10 10_73_6_2590
15 0.012699 3 0 PTP 10 10_74_6_2591
16 0.012699 3 0 PTP 42 9_42_5_2592
13 0.012699 2 42
12 0.012699 2 42 9
15 0.012699 3 0 PTP 42 42_105_6_2593
15 0.012699 3 0 PTP 42 42_106_6_2594
16 0.012699 3 0 PTP 25 57_25_5_2199
16 0.012699 3 0 PTP 25 56_25_5_2595
13 0.012699 2 25
12 0.012699 2 25 9
15 0.012699 3 0 PTP 25 25_88_6_2596
15 0.012699 3 0 PTP 25 25_89_6_2597
16 0.012699 3 0 PTP 57 24_57_5_2598
13 0.012699 2 57
12 0.012699 2 57 9
15 0.012699 3 0 PTP 57 57_120_6_2599
15 0.012699 3 0 PTP 57 57_121_6_2600
16 0.012699 3 0 PTP 9 41_9_5_2196
16 0.012699 3 0 PTP 9 40_9_5_2601
13 0.012699 2 9
12 0.012699 2 9 9
15 0.012699 3 0 PTP 9 9_72_6_2602
15 0.012699 3 0 PTP 9 9_73_6_2603
16 0.012699 3 0 PTP 41 8_41_5_2604
13 0.012699 2 41
12 0.012699 2 41 9
15 0.012699 3 0 PTP 41 41_104_6_2605
15 0.012699 3 0 PTP 41 41_105_6_2606
16 0.012699 3 0 PTP 18 50_18_5_2193
16 0.012699 3 0 PTP 18 49_18_5_2607
13 0.012699 2 18
12 0.012699 2 18 9
15 0.012699 3 0 PTP 18 18_81_6_2608
15 0.012699 3 0 PTP 18 18_82_6_2609
16 0.012699 3 0 PTP 50 17_50_5_2610
13 0.012699 2 50
12 0.012699 2 50 9
15 0.012699 3 0 PTP 50 50_113_6_2611
15 0.012699 3 0 PTP 50 50_114_6_2612
16 0.012699 3 0 PTP 17 49_17_5_2187
16 0.012699 3 0 PTP 17 48_17_5_2613
13 0.012699 2 17
12 0.012699 2 17 9
15 0.012699 3 0 PTP 17 17_80_6_2614
15 0.012699 3 0 PTP 17 17_81_6_2615
16 0.012699 3 0 PTP 49 16_49_5_2616
13 0.012699 2 49
12 0.012699 2 49 9
15 0.012699 3 0 PTP 49 49_112_6_2617
15 0.012699 3 0 PTP 49 49_113_6_2618
16 0.014874 3 0 PTP 72 104_72_5_2418
16 0.014874 3 0 PTP 68 100_68_5_2412
16 0.014874 3 0 PTP 71 103_71_5_2406
16 0.014874 3 0 PTP 67 99_67_5_2400
16 0.014874 3 0 PTP 70 102_70_5_2394
16 0.014874 3 0 PTP 69 101_69_5_2388
16 0.014874 3 0 PTP 104 72_104_5_2454
16 0.014874 3 0 PTP 104 71_104_5_2619
13 0.014874 2 104
12 0.014874 2 104 9
15 0.014874 3 0 PTP 104 104_39_6_2620
15 0.014874 3 0 PTP 104 104_40_6_2621
16 0.014874 3 0 PTP 72 103_72_5_2622
13 0.014874 2 72
12 0.014874 2 72 9
15 0.014874 3 0 PTP 72 72_7_6_2623
15 0.014874 3 0 PTP 72 72_8_6_2624
16 0.014874 3 0 PTP 100 68_100_5_2448
16 0.014874 3 0 PTP 100 67_100_5_2625
13 0.014874 2 100
12 0.014874 2 100 9
15 0.014874 3 0 PTP 100 100_35_6_2626
15 0.014874 3 0 PTP 100 100_36_6_2627
16 0.014874 3 0 PTP 68 99_68_5_2628
13 0.014874 2 68
12 0.014874 2 68 9
15 0.014874 3 0 PTP 68 68_3_6_2629
15 0.014874 3 0 PTP 68 68_4_6_2630
16 0.014874 3 0 PTP 103 71_103_5_2442
16 0.014874 3 0 PTP 103 70_103_5_2631
13 0.014874 2 103
12 0.014874 2 103 9
15 0.014874 3 0 PTP 103 103_38_6_2632
15 0.014874 3 0 PTP 103 103_39_6_2633
16 0.014874 3 0 PTP 71 102_71_5_2634
13 0.014874 2 71
12 0.014874 2 71 9
15 0.014874 3 0 PTP 71 71_6_6_2635
15 0.014874 3 0 PTP 71 71_7_6_2636
16 0.014874 3 0 PTP 99 67_99_5_2436
16 0.014874 3 0 PTP 99 66_99_5_2637
13 0.014874 2 99
12 0.014874 2 99 9
15 0.014874 3 0 PTP 99 99_34_6_2638
15 0.014874 3 0 PTP 99 99_35_6_2639
16 0.014874 3 0 PTP 67 98_67_5_2640
13 0.014874 2 67
12 0.014874 2 67 9
15 0.014874 3 0 PTP 67 67_2_6_2641
15 0.014874 3 0 PTP 67 67_3_6_2642
16 0.014874 3 0 PTP 102 70_102_5_2430
16 0.014874 3 0 PTP 102 69_102_5_2643
13 0.014874 2 102
12 0.014874 2 102 9
15 0.014874 3 0 PTP 102 102_37_6_2644
15 0.014874 3 0 PTP 102 102_38_6_2645
16 0.014874 3 0 PTP 70 101_70_5_2646
13 0.014874 2 70
12 0.014874 2 70 9
15 0.014874 3 0 PTP 70 70_5_6_2647
15 0.014874 3 0 PTP 70 70_6_6_2648
16 0.014874 3 0 PTP 101 69_101_5_2424
16 0.014874 3 0 PTP 101 68_101_5_2649
13 0.014874 2 101
12 0.014874 2 101 9
15 0.014874 3 0 PTP 101 101_36_6_2650
15 0.014874 3 0 PTP 101 101_37_6_2651
16 0.014874 3 0 PTP 69 100_69_5_2652
13 0.014874 2 69
12 0.014874 2 69 9
15 0.014874 3 0 PTP 69 69_4_6_2653
15 0.014874 3 0 PTP 69 69_5_6_2654
16 0.014874 3 0 PTP 40 8_40_5_2382
16 0.014874 3 0 PTP 36 4_36_5_2376
16 0.014874 3 0 PTP 39 7_39_5_2370
16 0.014874 3 0 PTP 35 3_35_5_2364
16 0.014874 3 0 PTP 38 6_38_5_2358
16 0.014874 3 0 PTP 37 5_37_5_2355
16 0.014874 3 0 PTP 8 40_8_5_2490
16 0.014874 3 0 PTP 8 39_8_5_2655
13 0.014874 2 8
12 0.014874 2 8 9
15 0.014874 3 0 PTP 8 8_71_6_2656
15 0.014874 3 0 PTP 8 8_72_6_2657
16 0.014874 3 0 PTP 40 7_40_5_2658
13 0.014874 2 40
12 0.014874 2 40 9
15 0.014874 3 0 PTP 40 40_103_6_2659
15 0.014874 3 0 PTP 40 40_104_6_2660
16 0.014874 3 0 PTP 4 36_4_5_2484
16 0.014874 3 0 PTP 4 35_4_5_2661
13 0.014874 2 4
12 0.014874 2 4 9
15 0.014874 3 0 PTP 4 4_67_6_2662
15 0.014874 3 0 PTP 4 4_68_6_2663
16 0.014874 3 0 PTP 36 3_36_5_2664
13 0.014874 2 36
12 0.014874 2 36 9
15 0.014874 3 0 PTP 36 36_99_6_2665
15 0.014874 3 0 PTP 36 36_100_6_2666
16 0.014874 3 0 PTP 7 39_7_5_2478
16 0.014874 3 0 PTP 7 38_7_5_2667
13 0.014874 2 7
12 0.014874 2 7 9
15 0.014874 3 0 PTP 7 7_70_6_2668
15 0.014874 3 0 PTP 7 7_71_6_2669
16 0.014874 3 0 PTP 39 6_39_5_2670
13 0.014874 2 39
12 0.014874 2 39 9
15 0.014874 3 0 PTP 39 39_102_6_2671
15 0.014874 3 0 PTP 39 39_103_6_2672
16 0.014874 3 0 PTP 3 35_3_5_2472
16 0.014874 3 0 PTP 3 34_3_5_2673
13 0.014874 2 3
12 0.014874 2 3 9
15 0.014874 3 0 PTP 3 3_66_6_2674
15 0.014874 3 0 PTP 3 3_67_6_2675
16 0.014874 3 0 PTP 35 2_35_5_2676
13 0.014874 2 35
12 0.014874 2 35 9
15 0.014874 3 0 PTP 35 35_98_6_2677
15 0.014874 3 0 PTP 35 35_99_6_2678
16 0.014874 3 0 PTP 6 38_6_5_2466
16 0.014874 3 0 PTP 6 37_6_5_2679
13 0.014874 2 6
12 0.014874 2 6 9
15 0.014874 3 0 PTP 6 6_69_6_2680
15 0.014874 3 0 PTP 6 6_70_6_2681
16 0.014874 3 0 PTP 38 5_38_5_2682
13 0.014874 2 38
12 0.014874 2 38 9
15 0.014874 3 0 PTP 38 38_101_6_2683
15 0.014874 3 0 PTP 38 38_102_6_2684
16 0.014874 3 0 PTP 5 37_5_5_2460
16 0.014874 3 0 PTP 5 36_5_5_2685
13 0.014874 2 5
12 0.014874 2 5 9
15 0.014874 3 0 PTP 5 5_68_6_2686
15 0.014874 3 0 PTP 5 5_69_6_2687
16 0.014874 3 0 PTP 37 4_37_5_2688
13 0.014874 2 37
12 0.014874 2 37 9
15 0.014874 3 0 PTP 37 37_100_6_2689
15 0.014874 3 0 PTP 37 37_101_6_2690
16 0.017029 3 0 PTP 80 112_80_5_2274
16 0.017029 3 0 PTP 76 108_76_5_2268
16 0.017029 3 0 PTP 79 111_79_5_2262
16 0.017029 3 0 PTP 75 107_75_5_2256
16 0.017029 3 0 PTP 78 110_78_5_2250
16 0.017029 3 0 PTP 77 109_77_5_2244
16 0.017029 3 0 PTP 96 128_96_5_2277
16 0.017029 3 0 PTP 92 124_92_5_2271
16 0.017029 3 0 PTP 95 127_95_5_2265
16 0.017029 3 0 PTP 91 123_91_5_2259
16 0.017029 3 0 PTP 94 126_94_5_2253
16 0.017029 3 0 PTP 93 125_93_5_2247
16 0.017029 3 0 PTP 112 80_112_5_2310
16 0.017029 3 0 PTP 112 79_112_5_2691
13 0.017029 2 112
12 0.017029 2 112 9
15 0.017029 3 0 PTP 112 112_47_6_2692
15 0.017029 3 0 PTP 112 112_48_6_2693
16 0.017029 3 0 PTP 80 111_80_5_2694
13 0.017029 2 80
12 0.017029 2 80 9
15 0.017029 3 0 PTP 80 80_15_6_2695
15 0.017029 3 0 PTP 80 80_16_6_2696
16 0.017029 3 0 PTP 108 76_108_5_2304
16 0.017029 3 0 PTP 108 75_108_5_2697
13 0.017029 2 108
12 0.017029 2 108 9
15 0.017029 3 0 PTP 108 108_43_6_2698
15 0.017029 3 0 PTP 108 108_44_6_2699
16 0.017029 3 0 PTP 76 107_76_5_2700
13 0.017029 2 76
12 0.017029 2 76 9
15 0.017029 3 0 PTP 76 76_11_6_2701
15 0.017029 3 0 PTP 76 76_12_6_2702
16 0.017029 3 0 PTP 111 79_111_5_2298
16 0.017029 3 0 PTP 111 78_111_5_2703
13 0.017029 2 111
12 0.017029 2 111 9
15 0.017029 3 0 PTP 111 111_46_6_2704
15 0.017029 3 0 PTP 111 111_47_6_2705
16 0.017029 3 0 PTP 79 110_79_5_2706
13 0.017029 2 79
12 0.017029 2 79 9
15 0.017029 3 0 PTP 79 79_14_6_2707
15 0.017029 3 0 PTP 79 79_15_6_2708
16 0.017029 3 0 PTP 107 75_107_5_2292
16 0.017029 3 0 PTP 107 74_107_5_2709
13 0.017029 2 107
12 0.017029 2 107 9
15 0.017029 3 0 PTP 107 107_42_6_2710
15 0.017029 3 0 PTP 107 107_43_6_2711
16 0.017029 3 0 PTP 75 106_75_5_2712
13 0.017029 2 75
12 0.017029 2 75 9
15 0.017029 3 0 PTP 75 75_10_6_2713
15 0.017029 3 0 PTP 75 75_11_6_2714
16 0.017029 3 0 PTP 110 78_110_5_2286
16 0.017029 3 0 PTP 110 77_110_5_2715
13 0.017029 2 110
12 0.017029 2 110 9
15 0.017029 3 0 PTP 110 110_45_6_2716
15 0.017029 3 0 PTP 110 110_46_6_2717
16 0.017029 3 0 PTP 78 109_78_5_2718
13 0.017029 2 78
12 0.017029 2 78 9
15 0.017029 3 0 PTP 78 78_13_6_2719
15 0.017029 3 0 PTP 78 78_14_6_2720
16 0.017029 3 0 PTP 109 77_109_5_2280
16 0.017029 3 0 PTP 109 76_109_5_2721
13 0.017029 2 109
12 0.017029 2 109 9
15 0.017029 3 0 PTP 109 109_44_6_2722
15 0.017029 3 0 PTP 109 109_45_6_2723
16 0.017029 3 0 PTP 77 108_77_5_2724
13 0.017029 2 77
12 0.017029 2 77 9
15 0.017029 3 0 PTP 77 77_12_6_2725
15 0.017029 3 0 PTP 77 77_13_6_2726
16 0.017029 3 0 PTP 128 96_128_5_2313
16 0.017029 3 0 PTP 128 95_128_5_2727
13 0.017029 2 128
12 0.017029 2 128 9
15 0.017029 3 0 PTP 128 128_63_6_2728
15 0.017029 3 0 PTP 128 128_64_6_2729
16 0.017029 3 0 PTP 96 127_96_5_2730
13 0.017029 2 96
12 0.017029 2 96 9
15 0.017029 3 0 PTP 96 96_31_6_2731
15 0.017029 3 0 PTP 96 96_32_6_2732
16 0.017029 3 0 PTP 124 92_124_5_2307
16 0.017029 3 0 PTP 124 91_124_5_2733
13 0.017029 2 124
12 0.017029 2 124 9
15 0.017029 3 0 PTP 124 124_59_6_2734
15 0.017029 3 0 PTP 124 124_60_6_2735
16 0.017029 3 0 PTP 92 123_92_5_2736
13 0.017029 2 92
12 0.017029 2 92 9
15 0.017029 3 0 PTP 92 92_27_6_2737
15 0.017029 3 0 PTP 92 92_28_6_2738
16 0.017029 3 0 PTP 127 95_127_5_2301
16 0.017029 3 0 PTP 127 94_127_5_2739
13 0.017029 2 127
12 0.017029 2 127 9
15 0.017029 3 0 PTP 127 127_62_6_2740
15 0.017029 3 0 PTP 127 127_63_6_2741
16 0.017029 3 0 PTP 95 126_95_5_2742
13 0.017029 2 95
12 0.017029 2 95 9
15 0.017029 3 0 PTP 95 95_30_6_2743
15 0.017029 3 0 PTP 95 95_31_6_2744
16 0.017029 3 0 PTP 123 91_123_5_2295
16 0.017029 3 0 PTP 123 90_123_5_2745
13 0.017029 2 123
12 0.017029 2 123 9
15 0.017029 3 0 PTP 123 123_58_6_2746
15 0.017029 3 0 PTP 123 123_59_6_2747
16 0.017029 3 0 PTP 91 122_91_5_2748
13 0.017029 2 91
12 0.017029 2 91 9
15 0.017029 3 0 PTP 91 91_26_6_2749
15 0.017029 3 0 PTP 91 91_27_6_2750
16 0.017029 3 0 PTP 126 94_126_5_2289
16 0.017029 3 0 PTP 126 93_126_5_2751
13 0.017029 2 126
12 0.017029 2 126 9
15 0.017029 3 0 PTP 126 126_61_6_2752
15 0.017029 3 0 PTP 126 126_62_6_2753
16 0.017029 3 0 PTP 94 125_94_5_2754
13 0.017029 2 94
12 0.017029 2 94 9
15 0.017029 3 0 PTP 94 94_29_6_2755
15 0.017029 3 0 PTP 94 94_30_6_2756
16 0.017029 3 0 PTP 125 93_125_5_2283
16 0.017029 3 0 PTP 125 92_125_5_2757
13 0.017029 2 125
12 0.017029 2 125 9
15 0.017029 3 0 PTP 125 125_60_6_2758
15 0.017029 3 0 PTP 125 125_61_6_2759
16 0.017029 3 0 PTP 93 124_93_5_2760
13 0.017029 2 93
12 0.017029 2 93 9
15 0.017029 3 0 PTP 93 93_28_6_2761
15 0.017029 3 0 PTP 93 93_29_6_2762
16 0.017029 3 0 PTP 48 16_48_5_2238
16 0.017029 3 0 PTP 44 12_44_5_2232
16 0.017029 3 0 PTP 47 15_47_5_2226
16 0.017029 3 0 PTP 43 11_43_5_2220
16 0.017029 3 0 PTP 46 14_46_5_2214
16 0.017029 3 0 PTP 45 13_45_5_2211
16 0.017029 3 0 PTP 64 32_64_5_2241
16 0.017029 3 0 PTP 60 28_60_5_2235
16 0.017029 3 0 PTP 63 31_63_5_2229
16 0.017029 3 0 PTP 59 27_59_5_2223
16 0.017029 3 0 PTP 62 30_62_5_2217
16 0.017029 3 0 PTP 61 29_61_5_2208
16 0.017029 3 0 PTP 16 48_16_5_2346
16 0.017029 3 0 PTP 16 47_16_5_2763
13 0.017029 2 16
12 0.017029 2 16 9
15 0.017029 3 0 PTP 16 16_79_6_2764
15 0.017029 3 0 PTP 16 16_80_6_2765
16 0.017029 3 0 PTP 48 15_48_5_2766
13 0.017029 2 48
12 0.017029 2 48 9
15 0.017029 3 0 PTP 48 48_111_6_2767
15 0.017029 3 0 PTP 48 48_112_6_2768
16 0.017029 3 0 PTP 12 44_12_5_2340
16 0.017029 3 0 PTP 12 43_12_5_2769
13 0.017029 2 12
12 0.017029 2 12 9
15 0.017029 3 0 PTP 12 12_75_6_2770
15 0.017029 3 0 PTP 12 12_76_6_2771
16 0.017029 3 0 PTP 44 11_44_5_2772
13 0.017029 2 44
12 0.017029 2 44 9
15 0.017029 3 0 PTP 44 44_107_6_2773
15 0.017029 3 0 PTP 44 44_108_6_2774
16 0.017029 3 0 PTP 15 47_15_5_2334
16 0.017029 3 0 PTP 15 46_15_5_2775
13 0.017029 2 15
12 0.017029 2 15 9
15 0.017029 3 0 PTP 15 15_78_6_2776
15 0.017029 3 0 PTP 15 15_79_6_2777
16 0.017029 3 0 PTP 47 14_47_5_2778
13 0.017029 2 47
12 0.017029 2 47 9
15 0.017029 3 0 PTP 47 47_110_6_2779
15 0.017029 3 0 PTP 47 47_111_6_2780
16 0.017029 3 0 PTP 11 43_11_5_2328
16 0.017029 3 0 PTP 11 42_11_5_2781
13 0.017029 2 11
12 0.017029 2 11 9
15 0.017029 3 0 PTP 11 11_74_6_2782
15 0.017029 3 0 PTP 11 11_75_6_2783
16 0.017029 3 0 PTP 43 10_43_5_2784
13 0.017029 2 43
12 0.017029 2 43 9
15 0.017029 3 0 PTP 43 43_106_6_2785
15 0.017029 3 0 PTP 43 43_107_6_2786
16 0.017029 3 0 PTP 14 46_14_5_2322
16 0.017029 3 0 PTP 14 45_14_5_2787
13 0.017029 2 14
12 0.017029 2 14 9
15 0.017029 3 0 PTP 14 14_77_6_2788
15 0.017029 3 0 PTP 14 14_78_6_2789
16 0.017029 3 0 PTP 46 13_46_5_2790
13 0.017029 2 46
12 0.017029 2 46 9
15 0.017029 3 0 PTP 46 46_109_6_2791
15 0.017029 3 0 PTP 46 46_110_6_2792
16 0.017029 3 0 PTP 13 45_13_5_2316
16 0.017029 3 0 PTP 13 44_13_5_2793
13 0.017029 2 13
12 0.017029 2 13 9
15 0.017029 3 0 PTP 13 13_76_6_2794
15 0.017029 3 0 PTP 13 13_77_6_2795
16 0.017029 3 0 PTP 45 12_45_5_2796
13 0.017029 2 45
12 0.017029 2 45 9
15 0.017029 3 0 PTP 45 45_108_6_2797
15 0.017029 3 0 PTP 45 45_109_6_2798
16 0.017029 3 0 PTP 32 64_32_5_2349
16 0.017029 3 0 PTP 32 63_32_5_2799
13 0.017029 2 32
12 0.017029 2 32 9
15 0.017029 3 0 PTP 32 32_95_6_2800
15 0.017029 3 0 PTP 32 32_96_6_2801
16 0.017029 3 0 PTP 64 31_64_5_2802
13 0.017029 2 64
12 0.017029 2 64 9
15 0.017029 3 0 PTP 64 64_127_6_2803
15 0.017029 3 0 PTP 64 64_128_6_2804
16 0.017029 3 0 PTP 28 60_28_5_2343
16 0.017029 3 0 PTP 28 59_28_5_2805
13 0.017029 2 28
12 0.017029 2 28 9
15 0.017029 3 0 PTP 28 28_91_6_2806
15 0.017029 3 0 PTP 28 28_92_6_2807
16 0.017029 3 0 PTP 60 27_60_5_2808
13 0.017029 2 60
12 0.017029 2 60 9
15 0.017029 3 0 PTP 60 60_123_6_2809
15 0.017029 3 0 PTP 60 60_124_6_2810
16 0.017029 3 0 PTP 31 63_31_5_2337
16 0.017029 3 0 PTP 31 62_31_5_2811
13 0.017029 2 31
12 0.017029 2 31 9
15 0.017029 3 0 PTP 31 31_94_6_2812
15 0.017029 3 0 PTP 31 31_95_6_2813
16 0.017029 3 0 PTP 63 30_63_5_2814
13 0.017029 2 63
12 0.017029 2 63 9
15 0.017029 3 0 PTP 63 63_126_6_2815
15 0.017029 3 0 PTP 63 63_127_6_2816
16 0.017029 3 0 PTP 27 59_27_5_2331
16 0.017029 3 0 PTP 27 58_27_5_2817
13 0.017029 2 27
12 0.017029 2 27 9
15 0.017029 3 0 PTP 27 27_90_6_2818
15 0.017029 3 0 PTP 27 27_91_6_2819
16 0.017029 3 0 PTP 59 26_59_5_2820
13 0.017029 2 59
12 0.017029 2 59 9
15 0.017029 3 0 PTP 59 59_122_6_2821
15 0.017029 3 0 PTP 59 59_123_6_2822
16 0.017029 3 0 PTP 30 62_30_5_2325
16 0.017029 3 0 PTP 30 61_30_5_2823
13 0.017029 2 30
12 0.017029 2 30 9
15 0.017029 3 0 PTP 30 30_93_6_2824
15 0.017029 3 0 PTP 30 30_94_6_2825
16 0.017029 3 0 PTP 62 29_62_5_2826
13 0.017029 2 62
12 0.017029 2 62 9
15 0.017029 3 0 PTP 62 62_125_6_2827
15 0.017029 3 0 PTP 62 62_126_6_2828
16 0.017029 3 0 PTP 29 61_29_5_2319
16 0.017029 3 0 PTP 29 60_29_5_2829
13 0.017029 2 29
12 0.017029 2 29 9
15 0.017029 3 0 PTP 29 29_92_6_2830
15 0.017029 3 0 PTP 29 29_93_6_2831
16 0.017029 3 0 PTP 61 28_61_5_2832
13 0.017029 2 61
12 0.017029 2 61 9
15 0.017029 3 0 PTP 61 61_124_6_2833
15 0.017029 3 0 PTP 61 61_125_6_2834
16 0.017095 3 0 PTP 88 120_88_5_2421
16 0.017095 3 0 PTP 84 116_84_5_2415
16 0.017095 3 0 PTP 87 119_87_5_2409
16 0.017095 3 0 PTP 83 115_83_5_2403
16 0.017095 3 0 PTP 86 118_86_5_2397
16 0.017095 3 0 PTP 85 117_85_5_2391
16 0.017095 3 0 PTP 120 88_120_5_2457
16 0.017095 3 0 PTP 120 87_120_5_2835
13 0.017095 2 120
12 0.017095 2 120 9
15 0.017095 3 0 PTP 120 120_55_6_2836
15 0.017095 3 0 PTP 120 120_56_6_2837
16 0.017095 3 0 PTP 88 119_88_5_2838
13 0.017095 2 88
12 0.017095 2 88 9
15 0.017095 3 0 PTP 88 88_23_6_2839
15 0.017095 3 0 PTP 88 88_24_6_2840
16 0.017095 3 0 PTP 116 84_116_5_2451
16 0.017095 3 0 PTP 116 83_116_5_2841
13 0.017095 2 116
12 0.017095 2 116 9
15 0.017095 3 0 PTP 116 116_51_6_2842
15 0.017095 3 0 PTP 116 116_52_6_2843
16 0.017095 3 0 PTP 84 115_84_5_2844
13 0.017095 2 84
12 0.017095 2 84 9
15 0.017095 3 0 PTP 84 84_19_6_2845
15 0.017095 3 0 PTP 84 84_20_6_2846
16 0.017095 3 0 PTP 119 87_119_5_2445
16 0.017095 3 0 PTP 119 86_119_5_2847
13 0.017095 2 119
12 0.017095 2 119 9
15 0.017095 3 0 PTP 119 119_54_6_2848
15 0.017095 3 0 PTP 119 119_55_6_2849
16 0.017095 3 0 PTP 87 118_87_5_2850
13 0.017095 2 87
12 0.017095 2 87 9
15 0.017095 3 0 PTP 87 87_22_6_2851
15 0.017095 3 0 PTP 87 87_23_6_2852
16 0.017095 3 0 PTP 115 83_115_5_2439
16 0.017095 3 0 PTP 115 82_115_5_2853
13 0.017095 2 115
12 0.017095 2 115 9
15 0.017095 3 0 PTP 115 115_50_6_2854
15 0.017095 3 0 PTP 115 115_51_6_2855
16 0.017095 3 0 PTP 83 114_83_5_2856
13 0.017095 2 83
12 0.017095 2 83 9
15 0.017095 3 0 PTP 83 83_18_6_2857
15 0.017095 3 0 PTP 83 83_19_6_2858
16 0.017095 3 0 PTP 118 86_118_5_2433
16 0.017095 3 0 PTP 118 85_118_5_2859
13 0.017095 2 118
12 0.017095 2 118 9
15 0.017095 3 0 PTP 118 118_53_6_2860
15 0.017095 3 0 PTP 118 118_54_6_2861
16 0.017095 3 0 PTP 86 117_86_5_2862
13 0.017095 2 86
12 0.017095 2 86 9
15 0.017095 3 0 PTP 86 86_21_6_2863
15 0.017095 3 0 PTP 86 86_22_6_2864
16 0.017095 3 0 PTP 117 85_117_5_2427
16 0.017095 3 0 PTP 117 84_117_5_2865
13 0.017095 2 117
12 0.017095 2 117 9
15 0.017095 3 0 PTP 117 117_52_6_2866
15 0.017095 3 0 PTP 117 117_53_6_2867
16 0.017095 3 0 PTP 85 116_85_5_2868
13 0.017095 2 85
12 0.017095 2 85 9
15 0.017095 3 0 PTP 85 85_20_6_2869
15 0.017095 3 0 PTP 85 85_21_6_2870
16 0.017095 3 0 PTP 56 24_56_5_2385
16 0.017095 3 0 PTP 52 20_52_5_2379
16 0.017095 3 0 PTP 55 23_55_5_2373
16 0.017095 3 0 PTP 51 19_51_5_2367
16 0.017095 3 0 PTP 54 22_54_5_2361
16 0.017095 3 0 PTP 53 21_53_5_2352
16 0.017095 3 0 PTP 24 56_24_5_2493
16 0.017095 3 0 PTP 24 55_24_5_2871
13 0.017095 2 24
12 0.017095 2 24 9
15 0.017095 3 0 PTP 24 24_87_6_2872
15 0.017095 3 0 PTP 24 24_88_6_2873
16 0.017095 3 0 PTP 56 23_56_5_2874
13 0.017095 2 56
12 0.017095 2 56 9
15 0.017095 3 0 PTP 56 56_119_6_2875
15 0.017095 3 0 PTP 56 56_120_6_2876
16 0.017095 3 0 PTP 20 52_20_5_2487
16 0.017095 3 0 PTP 20 51_20_5_2877
13 0.017095 2 20
12 0.017095 2 20 9
15 0.017095 3 0 PTP 20 20_83_6_2878
15 0.017095 3 0 PTP 20 20_84_6_2879
16 0.017095 3 0 PTP 52 19_52_5_2880
13 0.017095 2 52
12 0.017095 2 52 9
15 0.017095 3 0 PTP 52 52_115_6_2881
15 0.017095 3 0 PTP 52 52_116_6_2882
16 0.017095 3 0 PTP 23 55_23_5_2481
16 0.017095 3 0 PTP 23 54_23_5_2883
13 0.017095 2 23
12 0.017095 2 23 9
15 0.017095 3 0 PTP 23 23_86_6_2884
15 0.017095 3 0 PTP 23 23_87_6_2885
16 0.017095 3 0 PTP 55 22_55_5_2886
13 0.017095 2 55
12 0.017095 2 55 9
15 0.017095 3 0 PTP 55 55_118_6_2887
15 0.017095 3 0 PTP 55 55_119_6_2888
16 0.017095 3 0 PTP 19 51_19_5_2475
16 0.017095 3 0 PTP 19 50_19_5_2889
13 0.017095 2 19
12 0.017095 2 19 9
15 0.017095 3 0 PTP 19 19_82_6_2890
15 0.017095 3 0 PTP 19 19_83_6_2891
16 0.017095 3 0 PTP 51 18_51_5_2892
13 0.017095 2 51
12 0.017095 2 51 9
15 0.017095 3 0 PTP 51 51_114_6_2893
15 0.017095 3 0 PTP 51 51_115_6_2894
16 0.017095 3 0 PTP 22 54_22_5_2469
16 0.017095 3 0 PTP 22 53_22_5_2895
13 0.017095 2 22
12 0.017095 2 22 9
15 0.017095 3 0 PTP 22 22_85_6_2896
15 0.017095 3 0 PTP 22 22_86_6_2897
16 0.017095 3 0 PTP 54 21_54_5_2898
13 0.017095 2 54
12 0.017095 2 54 9
15 0.017095 3 0 PTP 54 54_117_6_2899
15 0.017095 3 0 PTP 54 54_118_6_2900
16 0.017095 3 0 PTP 21 53_21_5_2463
16 0.017095 3 0 PTP 21 52_21_5_2901
13 0.017095 2 21
12 0.017095 2 21 9
15 0.017095 3 0 PTP 21 21_84_6_2902
15 0.017095 3 0 PTP 21 21_85_6_2903
16 0.017095 3 0 PTP 53 20_53_5_2904
13 0.017095 2 53
12 0.017095 2 53 9
15 0.017095 3 0 PTP 53 53_116_6_2905
15 0.017095 3 0 PTP 53 53_117_6_2906
16 0.025883 3 0 PTP 17 81_17_6_2582
16 0.025883 3 0 PTP 18 82_18_6_2576
16 0.025883 3 0 PTP 9 73_9_6_2570
16 0.025883 3 0 PTP 25 89_25_6_2564
16 0.025883 3 0 PTP 10 74_10_6_2558
16 0.025883 3 0 PTP 26 90_26_6_2552
16 0.025883 3 0 PTP 49 113_49_6_2579
16 0.025883 3 0 PTP 50 114_50_6_2573
16 0.025883 3 0 PTP 41 105_41_6_2567
16 0.025883 3 0 PTP 57 121_57_6_2561
16 0.025883 3 0 PTP 42 106_42_6_2555
16 0.025883 3 0 PTP 58 122_58_6_2549
16 0.025883 3 0 PTP 81 17_81_6_2615
16 0.025883 3 0 PTP 81 16_81_6_2907
13 0.025883 2 81
16 0.025883 3 0 PTP 17 80_17_6_2908
13 0.025883 2 17
16 0.025883 3 0 PTP 82 18_82_6_2609
16 0.025883 3 0 PTP 82 17_82_6_2909
13 0.025883 2 82
16 0.025883 3 0 PTP 18 81_18_6_2910
13 0.025883 2 18
16 0.025883 3 0 PTP 73 9_73_6_2603
16 0.025883 3 0 PTP 73 8_73_6_2911
13 0.025883 2 73
16 0.025883 3 0 PTP 9 72_9_6_2912
13 0.025883 2 9
16 0.025883 3 0 PTP 89 25_89_6_2597
16 0.025883 3 0 PTP 89 24_89_6_2913
13 0.025883 2 89
16 0.025883 3 0 PTP 25 88_25_6_2914
13 0.025883 2 25
16 0.025883 3 0 PTP 74 10_74_6_2591
16 0.025883 3 0 PTP 74 9_74_6_2915
13 0.025883 2 74
16 0.025883 3 0 PTP 10 73_10_6_2916
13 0.025883 2 10
16 0.025883 3 0 PTP 90 26_90_6_2585
16 0.025883 3 0 PTP 90 25_90_6_2917
13 0.025883 2 90
16 0.025883 3 0 PTP 26 89_26_6_2918
13 0.025883 2 26
16 0.025883 3 0 PTP 113 49_113_6_2618
16 0.025883 3 0 PTP 113 48_113_6_2919
13 0.025883 2 113
16 0.025883 3 0 PTP 49 112_49_6_2920
13 0.025883 2 49
16 0.025883 3 0 PTP 114 50_114_6_2612
16 0.025883 3 0 PTP 114 49_114_6_2921
13 0.025883 2 114
16 0.025883 3 0 PTP 50 113_50_6_2922
13 0.025883 2 50
16 0.025883 3 0 PTP 105 41_105_6_2606
16 0.025883 3 0 PTP 105 40_105_6_2923
13 0.025883 2 105
16 0.025883 3 0 PTP 41 104_41_6_2924
13 0.025883 2 41
16 0.025883 3 0 PTP 121 57_121_6_2600
16 0.025883 3 0 PTP 121 56_121_6_2925
13 0.025883 2 121
16 0.025883 3 0 PTP 57 120_57_6_2926
13 0.025883 2 57
16 0.025883 3 0 PTP 106 42_106_6_2594
16 0.025883 3 0 PTP 106 41_106_6_2927
13 0.025883 2 106
16 0.025883 3 0 PTP 42 105_42_6_2928
13 0.025883 2 42
16 0.025883 3 0 PTP 122 58_122_6_2588
16 0.025883 3 0 PTP 122 57_122_6_2929
13 0.025883 2 122
16 0.025883 3 0 PTP 58 121_58_6_2930
13 0.025883 2 58
12 0.025883 2 58 10
15 0.025883 3 0 PTP 58 58_1_-112_2931
12 0.025883 2 122 10
15 0.025883 3 0 PTP 122 122_1_-112_2932
12 0.025883 2 42 10
15 0.025883 3 0 PTP 42 42_1_-112_2933
12 0.025883 2 106 10
15 0.025883 3 0 PTP 106 106_1_-112_2934
12 0.025883 2 57 10
15 0.025883 3 0 PTP 57 57_1_-112_2935
12 0.025883 2 121 10
15 0.025883 3 0 PTP 121 121_1_-112_2936
12 0.025883 2 41 10
15 0.025883 3 0 PTP 41 41_1_-112_2937
12 0.025883 2 105 10
15 0.025883 3 0 PTP 105 105_1_-112_2938
12 0.025883 2 50 10
15 0.025883 3 0 PTP 50 50_1_-112_2939
12 0.025883 2 114 10
15 0.025883 3 0 PTP 114 114_1_-112_2940
12 0.025883 2 49 10
15 0.025883 3 0 PTP 49 49_1_-112_2941
12 0.025883 2 113 10
15 0.025883 3 0 PTP 113 113_1_-112_2942
12 0.025883 2 26 10
15 0.025883 3 0 PTP 26 26_1_-112_2943
12 0.025883 2 90 10
15 0.025883 3 0 PTP 90 90_1_-112_2944
12 0.025883 2 10 10
15 0.025883 3 0 PTP 10 10_1_-112_2945
12 0.025883 2 74 10
15 0.025883 3 0 PTP 74 74_1_-112_2946
12 0.025883 2 25 10
15 0.025883 3 0 PTP 25 25_1_-112_2947
12 0.025883 2 89 10
15 0.025883 3 0 PTP 89 89_1_-112_2948
12 0.025883 2 9 10
15 0.025883 3 0 PTP 9 9_1_-112_2949
12 0.025883 2 73 10
15 0.025883 3 0 PTP 73 73_1_-112_2950
12 0.025883 2 18 10
15 0.025883 3 0 PTP 18 18_1_-112_2951
12 0.025883 2 82 10
15 0.025883 3 0 PTP 82 82_1_-112_2952
12 0.025883 2 17 10
15 0.025883 3 0 PTP 17 17_1_-112_2953
12 0.025883 2 81 10
15 0.025883 3 0 PTP 81 81_1_-112_2954
13 0.025883 2 58
12 0.025883 2 58 10
15 0.025883 3 0 PTP 58 58_1_-112_2955
13 0.025883 2 122
12 0.025883 2 122 10
15 0.025883 3 0 PTP 122 122_1_-112_2956
13 0.025883 2 42
12 0.025883 2 42 10
15 0.025883 3 0 PTP 42 42_1_-112_2957
13 0.025883 2 106
12 0.025883 2 106 10
15 0.025883 3 0 PTP 106 106_1_-112_2958
13 0.025883 2 57
12 0.025883 2 57 10
15 0.025883 3 0 PTP 57 57_1_-112_2959
13 0.025883 2 121
12 0.025883 2 121 10
15 0.025883 3 0 PTP 121 121_1_-112_2960
13 0.025883 2 41
12 0.025883 2 41 10
15 0.025883 3 0 PTP 41 41_1_-112_2961
13 0.025883 2 105
12 0.025883 2 105 10
15 0.025883 3 0 PTP 105 105_1_-112_2962
13 0.025883 2 50
12 0.025883 2 50 10
15 0.025883 3 0 PTP 50 50_1_-112_2963
13 0.025883 2 114
12 0.025883 2 114 10
15 0.025883 3 0 PTP 114 114_1_-112_2964
13 0.025883 2 49
12 0.025883 2 49 10
15 0.025883 3 0 PTP 49 49_1_-112_2965
13 0.025883 2 113
12 0.025883 2 113 10
15 0.025883 3 0 PTP 113 113_1_-112_2966
13 0.025883 2 26
12 0.025883 2 26 10
15 0.025883 3 0 PTP 26 26_1_-112_2967
13 0.025883 2 90
12 0.025883 2 90 10
15 0.025883 3 0 PTP 90 90_1_-112_2968
13 0.025883 2 10
12 0.025883 2 10 10
15 0.025883 3 0 PTP 10 10_1_-112_2969
13 0.025883 2 74
12 0.025883 2 74 10
15 0.025883 3 0 PTP 74 74_1_-112_2970
13 0.025883 2 25
12 0.025883 2 25 10
15 0.025883 3 0 PTP 25 25_1_-112_2971
13 0.025883 2 89
12 0.025883 2 89 10
15 0.025883 3 0 PTP 89 89_1_-112_2972
13 0.025883 2 9
12 0.025883 2 9 10
15 0.025883 3 0 PTP 9 9_1_-112_2973
13 0.025883 2 73
12 0.025883 2 73 10
15 0.025883 3 0 PTP 73 73_1_-112_2974
13 0.025883 2 18
12 0.025883 2 18 10
15 0.025883 3 0 PTP 18 18_1_-112_2975
13 0.025883 2 82
12 0.025883 2 82 10
15 0.025883 3 0 PTP 82 82_1_-112_2976
13 0.025883 2 17
12 0.025883 2 17 10
15 0.025883 3 0 PTP 17 17_1_-112_2977
13 0.025883 2 81
12 0.025883 2 81 10
15 0.025883 3 0 PTP 81 81_1_-112_2978
13 0.025883 2 58
12 0.025883 2 58 7
15 0.025883 3 0 PTP 58 58_1_-778_2979
13 0.025883 2 122
12 0.025883 2 122 7
15 0.025883 3 0 PTP 122 122_1_-778_2980
13 0.025883 2 42
12 0.025883 2 42 7
15 0.025883 3 0 PTP 42 42_1_-778_2981
13 0.025883 2 106
12 0.025883 2 106 7
15 0.025883 3 0 PTP 106 106_1_-778_2982
13 0.025883 2 57
12 0.025883 2 57 7
15 0.025883 3 0 PTP 57 57_1_-778_2983
13 0.025883 2 121
12 0.025883 2 121 7
15 0.025883 3 0 PTP 121 121_1_-778_2984
13 0.025883 2 41
12 0.025883 2 41 7
15 0.025883 3 0 PTP 41 41_1_-778_2985
13 0.025883 2 105
12 0.025883 2 105 7
15 0.025883 3 0 PTP 105 105_1_-778_2986
13 0.025883 2 50
12 0.025883 2 50 7
15 0.025883 3 0 PTP 50 50_1_-778_2987
13 0.025883 2 114
12 0.025883 2 114 7
15 0.025883 3 0 PTP 114 114_1_-778_2988
13 0.025883 2 49
12 0.025883 2 49 7
15 0.025883 3 0 PTP 49 49_1_-778_2989
13 0.025883 2 113
12 0.025883 2 113 7
15 0.025883 3 0 PTP 113 113_1_-778_2990
13 0.025883 2 26
12 0.025883 2 26 7
15 0.025883 3 0 PTP 26 26_1_-778_2991
13 0.025883 2 90
12 0.025883 2 90 7
15 0.025883 3 0 PTP 90 90_1_-778_2992
13 0.025883 2 10
12 0.025883 2 10 7
15 0.025883 3 0 PTP 10 10_1_-778_2993
13 0.025883 2 74
12 0.025883 2 74 7
15 0.025883 3 0 PTP 74 74_1_-778_2994
13 0.025883 2 25
12 0.025883 2 25 7
15 0.025883 3 0 PTP 25 25_1_-778_2995
13 0.025883 2 89
12 0.025883 2 89 7
15 0.025883 3 0 PTP 89 89_1_-778_2996
13 0.025883 2 9
12 0.025883 2 9 7
15 0.025883 3 0 PTP 9 9_1_-778_2997
13 0.025883 2 73
12 0.025883 2 73 7
15 0.025883 3 0 PTP 73 73_1_-778_2998
13 0.025883 2 18
12 0.025883 2 18 7
15 0.025883 3 0 PTP 18 18_1_-778_2999
13 0.025883 2 82
12 0.025883 2 82 7
15 0.025883 3 0 PTP 82 82_1_-778_3000
13 0.025883 2 17
12 0.025883 2 17 7
15 0.025883 3 0 PTP 17 17_1_-778_3001
13 0.025883 2 81
12 0.025883 2 81 7
15 0.025883 3 0 PTP 81 81_1_-778_3002
16 0.025884 3 0 PTP 1 26_1_-112_2943
16 0.025884 3 0 PTP 1 9_1_-112_2949
16 0.025884 3 0 PTP 1 10_1_-112_2945
16 0.025884 3 0 PTP 1 17_1_-112_2953
16 0.025884 3 0 PTP 1 18_1_-112_2951
16 0.025884 3 0 PTP 1 25_1_-112_2947
16 0.025884 3 0 PTP 1 58_1_-112_2931
16 0.025884 3 0 PTP 1 41_1_-112_2937
16 0.025884 3 0 PTP 1 42_1_-112_2933
16 0.025884 3 0 PTP 1 49_1_-112_2941
16 0.025884 3 0 PTP 1 50_1_-112_2939
16 0.025884 3 0 PTP 1 57_1_-112_2935
16 0.025884 3 0 PTP 1 105_1_-112_2938
16 0.025884 3 0 PTP 1 106_1_-112_2934
16 0.025884 3 0 PTP 1 113_1_-112_2942
16 0.025884 3 0 PTP 1 114_1_-112_2940
16 0.025884 3 0 PTP 1 121_1_-112_2936
16 0.025884 3 0 PTP 1 122_1_-112_2932
16 0.025885 3 0 PTP 1 81_1_-112_2954
16 0.025885 3 0 PTP 1 73_1_-112_2950
16 0.025885 3 0 PTP 1 74_1_-112_2946
16 0.025885 3 0 PTP 1 82_1_-112_2952
16 0.025885 3 0 PTP 1 89_1_-112_2948
16 0.025885 3 0 PTP 1 90_1_-112_2944
16 0.032468 3 0 PTP 37 101_37_6_2651
16 0.032468 3 0 PTP 38 102_38_6_2645
16 0.032468 3 0 PTP 35 99_35_6_2639
16 0.032468 3 0 PTP 39 103_39_6_2633
16 0.032468 3 0 PTP 36 100_36_6_2627
16 0.032468 3 0 PTP 40 104_40_6_2621
16 0.032468 3 0 PTP 101 37_101_6_2690
16 0.032468 3 0 PTP 101 36_101_6_3003
13 0.032468 2 101
16 0.032468 3 0 PTP 37 100_37_6_3004
13 0.032468 2 37
16 0.032468 3 0 PTP 102 38_102_6_2684
16 0.032468 3 0 PTP 102 37_102_6_3005
13 0.032468 2 102
16 0.032468 3 0 PTP 38 101_38_6_3006
13 0.032468 2 38
16 0.032468 3 0 PTP 99 35_99_6_2678
16 0.032468 3 0 PTP 99 34_99_6_3007
13 0.032468 2 99
16 0.032468 3 0 PTP 35 98_35_6_3008
13 0.032468 2 35
16 0.032468 3 0 PTP 103 39_103_6_2672
16 0.032468 3 0 PTP 103 38_103_6_3009
13 0.032468 2 103
16 0.032468 3 0 PTP 39 102_39_6_3010
13 0.032468 2 39
16 0.032468 3 0 PTP 100 36_100_6_2666
16 0.032468 3 0 PTP 100 35_100_6_3011
13 0.032468 2 100
16 0.032468 3 0 PTP 36 99_36_6_3012
13 0.032468 2 36
16 0.032468 3 0 PTP 104 40_104_6_2660
16 0.032468 3 0 PTP 104 39_104_6_3013
13 0.032468 2 104
16 0.032468 3 0 PTP 40 103_40_6_3014
13 0.032468 2 40
12 0.032468 2 40 10
15 0.032468 3 0 PTP 40 40_1_-112_3015
12 0.032468 2 104 10
15 0.032468 3 0 PTP 104 104_1_-112_3016
12 0.032468 2 36 10
15 0.032468 3 0 PTP 36 36_1_-112_3017
12 0.032468 2 100 10
15 0.032468 3 0 PTP 100 100_1_-112_3018
12 0.032468 2 39 10
15 0.032468 3 0 PTP 39 39_1_-112_3019
12 0.032468 2 103 10
15 0.032468 3 0 PTP 103 103_1_-112_3020
12 0.032468 2 35 10
15 0.032468 3 0 PTP 35 35_1_-112_3021
12 0.032468 2 99 10
15 0.032468 3 0 PTP 99 99_1_-112_3022
12 0.032468 2 38 10
15 0.032468 3 0 PTP 38 38_1_-112_3023
12 0.032468 2 102 10
15 0.032468 3 0 PTP 102 102_1_-112_3024
12 0.032468 2 37 10
15 0.032468 3 0 PTP 37 37_1_-112_3025
12 0.032468 2 101 10
15 0.032468 3 0 PTP 101 101_1_-112_3026
13 0.032468 2 40
12 0.032468 2 40 10
15 0.032468 3 0 PTP 40 40_1_-112_3027
13 0.032468 2 104
12 0.032468 2 104 10
15 0.032468 3 0 PTP 104 104_1_-112_3028
13 0.032468 2 36
12 0.032468 2 36 10
15 0.032468 3 0 PTP 36 36_1_-112_3029
13 0.032468 2 100
12 0.032468 2 100 10
15 0.032468 3 0 PTP 100 100_1_-112_3030
13 0.032468 2 39
12 0.032468 2 39 10
15 0.032468 3 0 PTP 39 39_1_-112_3031
13 0.032468 2 103
12 0.032468 2 103 10
15 0.032468 3 0 PTP 103 103_1_-112_3032
13 0.032468 2 35
12 0.032468 2 35 10
15 0.032468 3 0 PTP 35 35_1_-112_3033
13 0.032468 2 99
12 0.032468 2 99 10
15 0.032468 3 0 PTP 99 99_1_-112_3034
13 0.032468 2 38
12 0.032468 2 38 10
15 0.032468 3 0 PTP 38 38_1_-112_3035
13 0.032468 2 102
12 0.032468 2 102 10
15 0.032468 3 0 PTP 102 102_1_-112_3036
13 0.032468 2 37
12 0.032468 2 37 10
15 0.032468 3 0 PTP 37 37_1_-112_3037
13 0.032468 2 101
12 0.032468 2 101 10
15 0.032468 3 0 PTP 101 101_1_-112_3038
13 0.032468 2 40
12 0.032468 2 40 7
15 0.032468 3 0 PTP 40 40_1_-778_3039
13 0.032468 2 104
12 0.032468 2 104 7
15 0.032468 3 0 PTP 104 104_1_-778_3040
13 0.032468 2 36
12 0.032468 2 36 7
15 0.032468 3 0 PTP 36 36_1_-778_3041
13 0.032468 2 100
12 0.032468 2 100 7
15 0.032468 3 0 PTP 100 100_1_-778_3042
13 0.032468 2 39
12 0.032468 2 39 7
15 0.032468 3 0 PTP 39 39_1_-778_3043
13 0.032468 2 103
12 0.032468 2 103 7
15 0.032468 3 0 PTP 103 103_1_-778_3044
13 0.032468 2 35
12 0.032468 2 35 7
15 0.032468 3 0 PTP 35 35_1_-778_3045
13 0.032468 2 99
12 0.032468 2 99 7
15 0.032468 3 0 PTP 99 99_1_-778_3046
13 0.032468 2 38
12 0.032468 2 38 7
15 0.032468 3 0 PTP 38 38_1_-778_3047
13 0.032468 2 102
12 0.032468 2 102 7
15 0.032468 3 0 PTP 102 102_1_-778_3048
13 0.032468 2 37
12 0.032468 2 37 7
15 0.032468 3 0 PTP 37 37_1_-778_3049
13 0.032468 2 101
12 0.032468 2 101 7
15 0.032468 3 0 PTP 101 101_1_-778_3050
16 0.032468 3 0 PTP 5 69_5_6_2654
16 0.032468 3 0 PTP 6 70_6_6_2648
16 0.032468 3 0 PTP 3 67_3_6_2642
16 0.032468 3 0 PTP 7 71_7_6_2636
16 0.032468 3 0 PTP 4 68_4_6_2630
16 0.032468 3 0 PTP 8 72_8_6_2624
16 0.032468 3 0 PTP 69 5_69_6_2687
16 0.032468 3 0 PTP 69 4_69_6_3051
13 0.032468 2 69
16 0.032468 3 0 PTP 5 68_5_6_3052
13 0.032468 2 5
16 0.032468 3 0 PTP 70 6_70_6_2681
16 0.032468 3 0 PTP 70 5_70_6_3053
13 0.032468 2 70
16 0.032468 3 0 PTP 6 69_6_6_3054
13 0.032468 2 6
16 0.032468 3 0 PTP 67 3_67_6_2675
16 0.032468 3 0 PTP 67 2_67_6_3055
13 0.032468 2 67
16 0.032468 3 0 PTP 3 66_3_6_3056
13 0.032468 2 3
16 0.032468 3 0 PTP 71 7_71_6_2669
16 0.032468 3 0 PTP 71 6_71_6_3057
13 0.032468 2 71
16 0.032468 3 0 PTP 7 70_7_6_3058
13 0.032468 2 7
16 0.032468 3 0 PTP 68 4_68_6_2663
16 0.032468 3 0 PTP 68 3_68_6_3059
13 0.032468 2 68
16 0.032468 3 0 PTP 4 67_4_6_3060
13 0.032468 2 4
16 0.032468 3 0 PTP 72 8_72_6_2657
16 0.032468 3 0 PTP 72 7_72_6_3061
13 0.032468 2 72
16 0.032468 3 0 PTP 8 71_8_6_3062
13 0.032468 2 8
12 0.032468 2 8 10
15 0.032468 3 0 PTP 8 8_1_-112_3063
12 0.032468 2 72 10
15 0.032468 3 0 PTP 72 72_1_-112_3064
12 0.032468 2 4 10
15 0.032468 3 0 PTP 4 4_1_-112_3065
12 0.032468 2 68 10
15 0.032468 3 0 PTP 68 68_1_-112_3066
12 0.032468 2 7 10
15 0.032468 3 0 PTP 7 7_1_-112_3067
12 0.032468 2 71 10
15 0.032468 3 0 PTP 71 71_1_-112_3068
12 0.032468 2 3 10
15 0.032468 3 0 PTP 3 3_1_-112_3069
12 0.032468 2 67 10
15 0.032468 3 0 PTP 67 67_1_-112_3070
12 0.032468 2 6 10
15 0.032468 3 0 PTP 6 6_1_-112_3071
12 0.032468 2 70 10
15 0.032468 3 0 PTP 70 70_1_-112_3072
12 0.032468 2 5 10
15 0.032468 3 0 PTP 5 5_1_-112_3073
12 0.032468 2 69 10
15 0.032468 3 0 PTP 69 69_1_-112_3074
13 0.032468 2 8
12 0.032468 2 8 10
15 0.032468 3 0 PTP 8 8_1_-112_3075
13 0.032468 2 72
12 0.032468 2 72 10
15 0.032468 3 0 PTP 72 72_1_-112_3076
13 0.032468 2 4
12 0.032468 2 4 10
15 0.032468 3 0 PTP 4 4_1_-112_3077
13 0.032468 2 68
12 0.032468 2 68 10
15 0.032468 3 0 PTP 68 68_1_-112_3078
13 0.032468 2 7
12 0.032468 2 7 10
15 0.032468 3 0 PTP 7 7_1_-112_3079
13 0.032468 2 71
12 0.032468 2 71 10
15 0.032468 3 0 PTP 71 71_1_-112_3080
13 0.032468 2 3
12 0.032468 2 3 10
15 0.032468 3 0 PTP 3 3_1_-112_3081
13 0.032468 2 67
12 0.032468 2 67 10
15 0.032468 3 0 PTP 67 67_1_-112_3082
13 0.032468 2 6
12 0.032468 2 6 10
15 0.032468 3 0 PTP 6 6_1_-112_3083
13 0.032468 2 70
12 0.032468 2 70 10
15 0.032468 3 0 PTP 70 70_1_-112_3084
13 0.032468 2 5
12 0.032468 2 5 10
15 0.032468 3 0 PTP 5 5_1_-112_3085
13 0.032468 2 69
12 0.032468 2 69 10
15 0.032468 3 0 PTP 69 69_1_-112_3086
13 0.032468 2 8
12 0.032468 2 8 7
15 0.032468 3 0 PTP 8 8_1_-778_3087
13 0.032468 2 72
12 0.032468 2 72 7
15 0.032468 3 0 PTP 72 72_1_-778_3088
13 0.032468 2 4
12 0.032468 2 4 7
15 0.032468 3 0 PTP 4 4_1_-778_3089
13 0.032468 2 68
12 0.032468 2 68 7
15 0.032468 3 0 PTP 68 68_1_-778_3090
13 0.032468 2 7
12 0.032468 2 7 7
15 0.032468 3 0 PTP 7 7_1_-778_3091
13 0.032468 2 71
12 0.032468 2 71 7
15 0.032468 3 0 PTP 71 71_1_-778_3092
13 0.032468 2 3
12 0.032468 2 3 7
15 0.032468 3 0 PTP 3 3_1_-778_3093
13 0.032468 2 67
12 0.032468 2 67 7
15 0.032468 3 0 PTP 67 67_1_-778_3094
13 0.032468 2 6
12 0.032468 2 6 7
15 0.032468 3 0 PTP 6 6_1_-778_3095
13 0.032468 2 70
12 0.032468 2 70 7
15 0.032468 3 0 PTP 70 70_1_-778_3096
13 0.032468 2 5
12 0.032468 2 5 7
15 0.032468 3 0 PTP 5 5_1_-778_3097
13 0.032468 2 69
12 0.032468 2 69 7
15 0.032468 3 0 PTP 69 69_1_-778_3098
16 0.032468 3 0 PTP 1 8_1_-112_3063
16 0.032468 3 0 PTP 1 3_1_-112_3069
16 0.032468 3 0 PTP 1 4_1_-112_3065
16 0.032468 3 0 PTP 1 5_1_-112_3073
16 0.032468 3 0 PTP 1 6_1_-112_3071
16 0.032468 3 0 PTP 1 7_1_-112_3067
16 0.032469 3 0 PTP 1 101_1_-112_3026
16 0.032469 3 0 PTP 1 35_1_-112_3021
16 0.032469 3 0 PTP 1 36_1_-112_3017
16 0.032469 3 0 PTP 1 37_1_-112_3025
16 0.032469 3 0 PTP 1 38_1_-112_3023
16 0.032469 3 0 PTP 1 39_1_-112_3019
16 0.032469 3 0 PTP 1 40_1_-112_3015
16 0.032469 3 0 PTP 1 99_1_-112_3022
16 0.032469 3 0 PTP 1 100_1_-112_3018
16 0.032469 3 0 PTP 1 102_1_-112_3024
16 0.032469 3 0 PTP 1 103_1_-112_3020
16 0.032469 3 0 PTP 1 104_1_-112_3016
16 0.032469 3 0 PTP 1 69_1_-112_3074
16 0.032469 3 0 PTP 1 67_1_-112_3070
16 0.032469 3 0 PTP 1 68_1_-112_3066
16 0.032469 3 0 PTP 1 70_1_-112_3072
16 0.032469 3 0 PTP 1 71_1_-112_3068
16 0.032469 3 0 PTP 1 72_1_-112_3064
16 0.039449 3 0 PTP 61 125_61_6_2759
16 0.039449 3 0 PTP 62 126_62_6_2753
16 0.039449 3 0 PTP 59 123_59_6_2747
16 0.039449 3 0 PTP 63 127_63_6_2741
16 0.039449 3 0 PTP 60 124_60_6_2735
16 0.039449 3 0 PTP 64 128_64_6_2729
16 0.039449 3 0 PTP 45 109_45_6_2723
16 0.039449 3 0 PTP 46 110_46_6_2717
16 0.039449 3 0 PTP 43 107_43_6_2711
16 0.039449 3 0 PTP 47 111_47_6_2705
16 0.039449 3 0 PTP 44 108_44_6_2699
16 0.039449 3 0 PTP 48 112_48_6_2693
16 0.039449 3 0 PTP 125 61_125_6_2834
16 0.039449 3 0 PTP 125 60_125_6_3099
13 0.039449 2 125
16 0.039449 3 0 PTP 61 124_61_6_3100
13 0.039449 2 61
16 0.039449 3 0 PTP 126 62_126_6_2828
16 0.039449 3 0 PTP 126 61_126_6_3101
13 0.039449 2 126
16 0.039449 3 0 PTP 62 125_62_6_3102
13 0.039449 2 62
16 0.039449 3 0 PTP 123 59_123_6_2822
16 0.039449 3 0 PTP 123 58_123_6_3103
13 0.039449 2 123
16 0.039449 3 0 PTP 59 122_59_6_3104
13 0.039449 2 59
16 0.039449 3 0 PTP 127 63_127_6_2816
16 0.039449 3 0 PTP 127 62_127_6_3105
13 0.039449 2 127
16 0.039449 3 0 PTP 63 126_63_6_3106
13 0.039449 2 63
16 0.039449 3 0 PTP 124 60_124_6_2810
16 0.039449 3 0 PTP 124 59_124_6_3107
13 0.039449 2 124
16 0.039449 3 0 PTP 60 123_60_6_3108
13 0.039449 2 60
16 0.039449 3 0 PTP 128 64_128_6_2804
16 0.039449 3 0 PTP 128 63_128_6_3109
13 0.039449 2 128
16 0.039449 3 0 PTP 64 127_64_6_3110
13 0.039449 2 64
16 0.039449 3 0 PTP 109 45_109_6_2798
16 0.039449 3 0 PTP 109 44_109_6_3111
13 0.039449 2 109
16 0.039449 3 0 PTP 45 108_45_6_3112
13 0.039449 2 45
16 0.039449 3 0 PTP 110 46_110_6_2792
16 0.039449 3 0 PTP 110 45_110_6_3113
13 0.039449 2 110
16 0.039449 3 0 PTP 46 109_46_6_3114
13 0.039449 2 46
16 0.039449 3 0 PTP 107 43_107_6_2786
16 0.039449 3 0 PTP 107 42_107_6_3115
13 0.039449 2 107
16 0.039449 3 0 PTP 43 106_43_6_3116
13 0.039449 2 43
16 0.039449 3 0 PTP 111 47_111_6_2780
16 0.039449 3 0 PTP 111 46_111_6_3117
13 0.039449 2 111
16 0.039449 3 0 PTP 47 110_47_6_3118
13 0.039449 2 47
16 0.039449 3 0 PTP 108 44_108_6_2774
16 0.039449 3 0 PTP 108 43_108_6_3119
13 0.039449 2 108
16 0.039449 3 0 PTP 44 107_44_6_3120
13 0.039449 2 44
16 0.039449 3 0 PTP 112 48_112_6_2768
16 0.039449 3 0 PTP 112 47_112_6_3121
13 0.039449 2 112
16 0.039449 3 0 PTP 48 111_48_6_3122
13 0.039449 2 48
12 0.039449 2 48 10
15 0.039449 3 0 PTP 48 48_1_-112_3123
12 0.039449 2 112 10
15 0.039449 3 0 PTP 112 112_1_-112_3124
12 0.039449 2 44 10
15 0.039449 3 0 PTP 44 44_1_-112_3125
12 0.039449 2 108 10
15 0.039449 3 0 PTP 108 108_1_-112_3126
12 0.039449 2 47 10
15 0.039449 3 0 PTP 47 47_1_-112_3127
12 0.039449 2 111 10
15 0.039449 3 0 PTP 111 111_1_-112_3128
12 0.039449 2 43 10
15 0.039449 3 0 PTP 43 43_1_-112_3129
12 0.039449 2 107 10
15 0.039449 3 0 PTP 107 107_1_-112_3130
12 0.039449 2 46 10
15 0.039449 3 0 PTP 46 46_1_-112_3131
12 0.039449 2 110 10
15 0.039449 3 0 PTP 110 110_1_-112_3132
12 0.039449 2 45 10
15 0.039449 3 0 PTP 45 45_1_-112_3133
12 0.039449 2 109 10
15 0.039449 3 0 PTP 109 109_1_-112_3134
12 0.039449 2 64 10
15 0.039449 3 0 PTP 64 64_1_-112_3135
12 0.039449 2 128 10
15 0.039449 3 0 PTP 128 128_1_-112_3136
12 0.039449 2 60 10
15 0.039449 3 0 PTP 60 60_1_-112_3137
12 0.039449 2 124 10
15 0.039449 3 0 PTP 124 124_1_-112_3138
12 0.039449 2 63 10
15 0.039449 3 0 PTP 63 63_1_-112_3139
12 0.039449 2 127 10
15 0.039449 3 0 PTP 127 127_1_-112_3140
12 0.039449 2 59 10
15 0.039449 3 0 PTP 59 59_1_-112_3141
12 0.039449 2 123 10
15 0.039449 3 0 PTP 123 123_1_-112_3142
12 0.039449 2 62 10
15 0.039449 3 0 PTP 62 62_1_-112_3143
12 0.039449 2 126 10
15 0.039449 3 0 PTP 126 126_1_-112_3144
12 0.039449 2 61 10
15 0.039449 3 0 PTP 61 61_1_-112_3145
12 0.039449 2 125 10
15 0.039449 3 0 PTP 125 125_1_-112_3146
13 0.039449 2 48
12 0.039449 2 48 10
15 0.039449 3 0 PTP 48 48_1_-112_3147
13 0.039449 2 112
12 0.039449 2 112 10
15 0.039449 3 0 PTP 112 112_1_-112_3148
13 0.039449 2 44
12 0.039449 2 44 10
15 0.039449 3 0 PTP 44 44_1_-112_3149
13 0.039449 2 108
12 0.039449 2 108 10
15 0.039449 3 0 PTP 108 108_1_-112_3150
13 0.039449 2 47
12 0.039449 2 47 10
15 0.039449 3 0 PTP 47 47_1_-112_3151
13 0.039449 2 111
12 0.039449 2 111 10
15 0.039449 3 0 PTP 111 111_1_-112_3152
13 0.039449 2 43
12 0.039449 2 43 10
15 0.039449 3 0 PTP 43 43_1_-112_3153
13 0.039449 2 107
12 0.039449 2 107 10
15 0.039449 3 0 PTP 107 107_1_-112_3154
13 0.039449 2 46
12 0.039449 2 46 10
15 0.039449 3 0 PTP 46 46_1_-112_3155
13 0.039449 2 110
12 0.039449 2 110 10
15 0.039449 3 0 PTP 110 110_1_-112_3156
13 0.039449 2 45
12 0.039449 2 45 10
15 0.039449 3 0 PTP 45 45_1_-112_3157
13 0.039449 2 109
12 0.039449 2 109 10
15 0.039449 3 0 PTP 109 109_1_-112_3158
13 0.039449 2 64
12 0.039449 2 64 10
15 0.039449 3 0 PTP 64 64_1_-112_3159
13 0.039449 2 128
12 0.039449 2 128 10
15 0.039449 3 0 PTP 128 128_1_-112_3160
13 0.039449 2 60
12 0.039449 2 60 10
15 0.039449 3 0 PTP 60 60_1_-112_3161
13 0.039449 2 124
12 0.039449 2 124 10
15 0.039449 3 0 PTP 124 124_1_-112_3162
13 0.039449 2 63
12 0.039449 2 63 10
15 0.039449 3 0 PTP 63 63_1_-112_3163
13 0.039449 2 127
12 0.039449 2 127 10
15 0.039449 3 0 PTP 127 127_1_-112_3164
13 0.039449 2 59
12 0.039449 2 59 10
15 0.039449 3 0 PTP 59 59_1_-112_3165
13 0.039449 2 123
12 0.039449 2 123 10
15 0.039449 3 0 PTP 123 123_1_-112_3166
13 0.039449 2 62
12 0.039449 2 62 10
15 0.039449 3 0 PTP 62 62_1_-112_3167
13 0.039449 2 126
12 0.039449 2 126 10
15 0.039449 3 0 PTP 126 126_1_-112_3168
13 0.039449 2 61
12 0.039449 2 61 10
15 0.039449 3 0 PTP 61 61_1_-112_3169
13 0.039449 2 125
12 0.039449 2 125 10
15 0.039449 3 0 PTP 125 125_1_-112_3170
13 0.039449 2 48
12 0.039449 2 48 7
15 0.039449 3 0 PTP 48 48_1_-778_3171
13 0.039449 2 112
12 0.039449 2 112 7
15 0.039449 3 0 PTP 112 112_1_-778_3172
13 0.039449 2 44
12 0.039449 2 44 7
15 0.039449 3 0 PTP 44 44_1_-778_3173
13 0.039449 2 108
12 0.039449 2 108 7
15 0.039449 3 0 PTP 108 108_1_-778_3174
13 0.039449 2 47
12 0.039449 2 47 7
15 0.039449 3 0 PTP 47 47_1_-778_3175
13 0.039449 2 111
12 0.039449 2 111 7
15 0.039449 3 0 PTP 111 111_1_-778_3176
13 0.039449 2 43
12 0.039449 2 43 7
15 0.039449 3 0 PTP 43 43_1_-778_3177
13 0.039449 2 107
12 0.039449 2 107 7
15 0.039449 3 0 PTP 107 107_1_-778_3178
13 0.039449 2 46
12 0.039449 2 46 7
15 0.039449 3 0 PTP 46 46_1_-778_3179
13 0.039449 2 110
12 0.039449 2 110 7
15 0.039449 3 0 PTP 110 110_1_-778_3180
13 0.039449 2 45
12 0.039449 2 45 7
15 0.039449 3 0 PTP 45 45_1_-778_3181
13 0.039449 2 109
12 0.039449 2 109 7
15 0.039449 3 0 PTP 109 109_1_-778_3182
13 0.039449 2 64
12 0.039449 2 64 7
15 0.039449 3 0 PTP 64 64_1_-778_3183
13 0.039449 2 128
12 0.039449 2 128 7
15 0.039449 3 0 PTP 128 128_1_-778_3184
13 0.039449 2 60
12 0.039449 2 60 7
15 0.039449 3 0 PTP 60 60_1_-778_3185
13 0.039449 2 124
12 0.039449 2 124 7
15 0.039449 3 0 PTP 124 124_1_-778_3186
13 0.039449 2 63
12 0.039449 2 63 7
15 0.039449 3 0 PTP 63 63_1_-778_3187
13 0.039449 2 127
12 0.039449 2 127 7
15 0.039449 3 0 PTP 127 127_1_-778_3188
13 0.039449 2 59
12 0.039449 2 59 7
15 0.039449 3 0 PTP 59 59_1_-778_3189
13 0.039449 2 123
12 0.039449 2 123 7
15 0.039449 3 0 PTP 123 123_1_-778_3190
13 0.039449 2 62
12 0.039449 2 62 7
15 0.039449 3 0 PTP 62 62_1_-778_3191
13 0.039449 2 126
12 0.039449 2 126 7
15 0.039449 3 0 PTP 126 126_1_-778_3192
13 0.039449 2 61
12 0.039449 2 61 7
15 0.039449 3 0 PTP 61 61_1_-778_3193
13 0.039449 2 125
12 0.039449 2 125 7
15 0.039449 3 0 PTP 125 125_1_-778_3194
16 0.039449 3 0 PTP 29 93_29_6_2762
16 0.039449 3 0 PTP 30 94_30_6_2756
16 0.039449 3 0 PTP 27 91_27_6_2750
16 0.039449 3 0 PTP 31 95_31_6_2744
16 0.039449 3 0 PTP 28 92_28_6_2738
16 0.039449 3 0 PTP 32 96_32_6_2732
16 0.039449 3 0 PTP 13 77_13_6_2726
16 0.039449 3 0 PTP 14 78_14_6_2720
16 0.039449 3 0 PTP 11 75_11_6_2714
16 0.039449 3 0 PTP 15 79_15_6_2708
16 0.039449 3 0 PTP 12 76_12_6_2702
16 0.039449 3 0 PTP 16 80_16_6_2696
16 0.039449 3 0 PTP 93 29_93_6_2831
16 0.039449 3 0 PTP 93 28_93_6_3195
13 0.039449 2 93
16 0.039449 3 0 PTP 29 92_29_6_3196
13 0.039449 2 29
16 0.039449 3 0 PTP 94 30_94_6_2825
16 0.039449 3 0 PTP 94 29_94_6_3197
13 0.039449 2 94
16 0.039449 3 0 PTP 30 93_30_6_3198
13 0.039449 2 30
16 0.039449 3 0 PTP 91 27_91_6_2819
16 0.039449 3 0 PTP 91 26_91_6_3199
13 0.039449 2 91
16 0.039449 3 0 PTP 27 90_27_6_3200
13 0.039449 2 27
16 0.039449 3 0 PTP 95 31_95_6_2813
16 0.039449 3 0 PTP 95 30_95_6_3201
13 0.039449 2 95
16 0.039449 3 0 PTP 31 94_31_6_3202
13 0.039449 2 31
16 0.039449 3 0 PTP 92 28_92_6_2807
16 0.039449 3 0 PTP 92 27_92_6_3203
13 0.039449 2 92
16 0.039449 3 0 PTP 28 91_28_6_3204
13 0.039449 2 28
16 0.039449 3 0 PTP 96 32_96_6_2801
16 0.039449 3 0 PTP 96 31_96_6_3205
13 0.039449 2 96
16 0.039449 3 0 PTP 32 95_32_6_3206
13 0.039449 2 32
16 0.039449 3 0 PTP 77 13_77_6_2795
16 0.039449 3 0 PTP 77 12_77_6_3207
13 0.039449 2 77
16 0.039449 3 0 PTP 13 76_13_6_3208
13 0.039449 2 13
16 0.039449 3 0 PTP 78 14_78_6_2789
16 0.039449 3 0 PTP 78 13_78_6_3209
13 0.039449 2 78
16 0.039449 3 0 PTP 14 77_14_6_3210
13 0.039449 2 14
16 0.039449 3 0 PTP 75 11_75_6_2783
16 0.039449 3 0 PTP 75 10_75_6_3211
13 0.039449 2 75
16 0.039449 3 0 PTP 11 74_11_6_3212
13 0.039449 2 11
16 0.039449 3 0 PTP 79 15_79_6_2777
16 0.039449 3 0 PTP 79 14_79_6_3213
13 0.039449 2 79
16 0.039449 3 0 PTP 15 78_15_6_3214
13 0.039449 2 15
16 0.039449 3 0 PTP 76 12_76_6_2771
16 0.039449 3 0 PTP 76 11_76_6_3215
13 0.039449 2 76
16 0.039449 3 0 PTP 12 75_12_6_3216
13 0.039449 2 12
16 0.039449 3 0 PTP 80 16_80_6_2765
16 0.039449 3 0 PTP 80 15_80_6_3217
13 0.039449 2 80
16 0.039449 3 0 PTP 16 79_16_6_3218
13 0.039449 2 16
12 0.039449 2 16 10
15 0.039449 3 0 PTP 16 16_1_-112_3219
12 0.039449 2 80 10
15 0.039449 3 0 PTP 80 80_1_-112_3220
12 0.039449 2 12 10
15 0.039449 3 0 PTP 12 12_1_-112_3221
12 0.039449 2 76 10
15 0.039449 3 0 PTP 76 76_1_-112_3222
12 0.039449 2 15 10
15 0.039449 3 0 PTP 15 15_1_-112_3223
12 0.039449 2 79 10
15 0.039449 3 0 PTP 79 79_1_-112_3224
12 0.039449 2 11 10
15 0.039449 3 0 PTP 11 11_1_-112_3225
12 0.039449 2 75 10
15 0.039449 3 0 PTP 75 75_1_-112_3226
12 0.039449 2 14 10
15 0.039449 3 0 PTP 14 14_1_-112_3227
12 0.039449 2 78 10
15 0.039449 3 0 PTP 78 78_1_-112_3228
12 0.039449 2 13 10
15 0.039449 3 0 PTP 13 13_1_-112_3229
12 0.039449 2 77 10
15 0.039449 3 0 PTP 77 77_1_-112_3230
12 0.039449 2 32 10
15 0.039449 3 0 PTP 32 32_1_-112_3231
12 0.039449 2 96 10
15 0.039449 3 0 PTP 96 96_1_-112_3232
12 0.039449 2 28 10
15 0.039449 3 0 PTP 28 28_1_-112_3233
12 0.039449 2 92 10
15 0.039449 3 0 PTP 92 92_1_-112_3234
12 0.039449 2 31 10
15 0.039449 3 0 PTP 31 31_1_-112_3235
12 0.039449 2 95 10
15 0.039449 3 0 PTP 95 95_1_-112_3236
12 0.039449 2 27 10
15 0.039449 3 0 PTP 27 27_1_-112_3237
12 0.039449 2 91 10
15 0.039449 3 0 PTP 91 91_1_-112_3238
12 0.039449 2 30 10
15 0.039449 3 0 PTP 30 30_1_-112_3239
12 0.039449 2 94 10
15 0.039449 3 0 PTP 94 94_1_-112_3240
12 0.039449 2 29 10
15 0.039449 3 0 PTP 29 29_1_-112_3241
12 0.039449 2 93 10
15 0.039449 3 0 PTP 93 93_1_-112_3242
13 0.039449 2 16
12 0.039449 2 16 10
15 0.039449 3 0 PTP 16 16_1_-112_3243
13 0.039449 2 80
12 0.039449 2 80 10
15 0.039449 3 0 PTP 80 80_1_-112_3244
13 0.039449 2 12
12 0.039449 2 12 10
15 0.039449 3 0 PTP 12 12_1_-112_3245
13 0.039449 2 76
12 0.039449 2 76 10
15 0.039449 3 0 PTP 76 76_1_-112_3246
13 0.039449 2 15
12 0.039449 2 15 10
15 0.039449 3 0 PTP 15 15_1_-112_3247
13 0.039449 2 79
12 0.039449 2 79 10
15 0.039449 3 0 PTP 79 79_1_-112_3248
13 0.039449 2 11
12 0.039449 2 11 10
15 0.039449 3 0 PTP 11 11_1_-112_3249
13 0.039449 2 75
12 0.039449 2 75 10
15 0.039449 3 0 PTP 75 75_1_-112_3250
13 0.039449 2 14
12 0.039449 2 14 10
15 0.039449 3 0 PTP 14 14_1_-112_3251
13 0.039449 2 78
12 0.039449 2 78 10
15 0.039449 3 0 PTP 78 78_1_-112_3252
13 0.039449 2 13
12 0.039449 2 13 10
15 0.039449 3 0 PTP 13 13_1_-112_3253
13 0.039449 2 77
12 0.039449 2 77 10
15 0.039449 3 0 PTP 77 77_1_-112_3254
13 0.039449 2 32
12 0.039449 2 32 10
15 0.039449 3 0 PTP 32 32_1_-112_3255
13 0.039449 2 96
12 0.039449 2 96 10
15 0.039449 3 0 PTP 96 96_1_-112_3256
13 0.039449 2 28
12 0.039449 2 28 10
15 0.039449 3 0 PTP 28 28_1_-112_3257
13 0.039449 2 92
12 0.039449 2 92 10
15 0.039449 3 0 PTP 92 92_1_-112_3258
13 0.039449 2 31
12 0.039449 2 31 10
15 0.039449 3 0 PTP 31 31_1_-112_3259
13 0.039449 2 95
12 0.039449 2 95 10
15 0.039449 3 0 PTP 95 95_1_-112_3260
13 0.039449 2 27
12 0.039449 2 27 10
15 0.039449 3 0 PTP 27 27_1_-112_3261
13 0.039449 2 91
12 0.039449 2 91 10
15 0.039449 3 0 PTP 91 91_1_-112_3262
13 0.039449 2 30
12 0.039449 2 30 10
15 0.039449 3 0 PTP 30 30_1_-112_3263
13 0.039449 2 94
12 0.039449 2 94 10
15 0.039449 3 0 PTP 94 94_1_-112_3264
13 0.039449 2 29
12 0.039449 2 29 10
15 0.039449 3 0 PTP 29 29_1_-112_3265
13 0.039449 2 93
12 0.039449 2 93 10
15 0.039449 3 0 PTP 93 93_1_-112_3266
13 0.039449 2 16
12 0.039449 2 16 7
15 0.039449 3 0 PTP 16 16_1_-778_3267
13 0.039449 2 80
12 0.039449 2 80 7
15 0.039449 3 0 PTP 80 80_1_-778_3268
13 0.039449 2 12
12 0.039449 2 12 7
15 0.039449 3 0 PTP 12 12_1_-778_3269
13 0.039449 2 76
12 0.039449 2 76 7
15 0.039449 3 0 PTP 76 76_1_-778_3270
13 0.039449 2 15
12 0.039449 2 15 7
15 0.039449 3 0 PTP 15 15_1_-778_3271
13 0.039449 2 79
12 0.039449 2 79 7
15 0.039449 3 0 PTP 79 79_1_-778_3272
13 0.039449 2 11
12 0.039449 2 11 7
15 0.039449 3 0 PTP 11 11_1_-778_3273
13 0.039449 2 75
12 0.039449 2 75 7
15 0.039449 3 0 PTP 75 75_1_-778_3274
13 0.039449 2 14
12 0.039449 2 14 7
15 0.039449 3 0 PTP 14 14_1_-778_3275
13 0.039449 2 78
12 0.039449 2 78 7
15 0.039449 3 0 PTP 78 78_1_-778_3276
13 0.039449 2 13
12 0.039449 2 13 7
15 0.039449 3 0 PTP 13 13_1_-778_3277
13 0.039449 2 77
12 0.039449 2 77 7
15 0.039449 3 0 PTP 77 77_1_-778_3278
13 0.039449 2 32
12 0.039449 2 32 7
15 0.039449 3 0 PTP 32 32_1_-778_3279
13 0.039449 2 96
12 0.039449 2 96 7
15 0.039449 3 0 PTP 96 96_1_-778_3280
13 0.039449 2 28
12 0.039449 2 28 7
15 0.039449 3 0 PTP 28 28_1_-778_3281
13 0.039449 2 92
12 0.039449 2 92 7
15 0.039449 3 0 PTP 92 92_1_-778_3282
13 0.039449 2 31
12 0.039449 2 31 7
15 0.039449 3 0 PTP 31 31_1_-778_3283
13 0.039449 2 95
12 0.039449 2 95 7
15 0.039449 3 0 PTP 95 95_1_-778_3284
13 0.039449 2 27
12 0.039449 2 27 7
15 0.039449 3 0 PTP 27 27_1_-778_3285
13 0.039449 2 91
12 0.039449 2 91 7
15 0.039449 3 0 PTP 91 91_1_-778_3286
13 0.039449 2 30
12 0.039449 2 30 7
15 0.039449 3 0 PTP 30 30_1_-778_3287
13 0.039449 2 94
12 0.039449 2 94 7
15 0.039449 3 0 PTP 94 94_1_-778_3288
13 0.039449 2 29
12 0.039449 2 29 7
15 0.039449 3 0 PTP 29 29_1_-778_3289
13 0.039449 2 93
12 0.039449 2 93 7
15 0.039449 3 0 PTP 93 93_1_-778_3290
16 0.039450 3 0 PTP 1 16_1_-112_3219
16 0.039450 3 0 PTP 1 11_1_-112_3225
16 0.039450 3 0 PTP 1 12_1_-112_3221
16 0.039450 3 0 PTP 1 13_1_-112_3229
16 0.039450 3 0 PTP 1 14_1_-112_3227
16 0.039450 3 0 PTP 1 15_1_-112_3223
16 0.039450 3 0 PTP 1 27_1_-112_3237
16 0.039450 3 0 PTP 1 28_1_-112_3233
16 0.039450 3 0 PTP 1 29_1_-112_3241
16 0.039450 3 0 PTP 1 30_1_-112_3239
16 0.039450 3 0 PTP 1 31_1_-112_3235
16 0.039450 3 0 PTP 1 32_1_-112_3231
16 0.039451 3 0 PTP 1 125_1_-112_3146
16 0.039451 3 0 PTP 1 43_1_-112_3129
16 0.039451 3 0 PTP 1 44_1_-112_3125
16 0.039451 3 0 PTP 1 45_1_-112_3133
16 0.039451 3 0 PTP 1 46_1_-112_3131
16 0.039451 3 0 PTP 1 47_1_-112_3127
16 0.039451 3 0 PTP 1 48_1_-112_3123
16 0.039451 3 0 PTP 1 59_1_-112_3141
16 0.039451 3 0 PTP 1 60_1_-112_3137
16 0.039451 3 0 PTP 1 61_1_-112_3145
16 0.039451 3 0 PTP 1 62_1_-112_3143
16 0.039451 3 0 PTP 1 63_1_-112_3139
16 0.039451 3 0 PTP 1 64_1_-112_3135
16 0.039451 3 0 PTP 1 107_1_-112_3130
16 0.039451 3 0 PTP 1 108_1_-112_3126
16 0.039451 3 0 PTP 1 109_1_-112_3134
16 0.039451 3 0 PTP 1 110_1_-112_3132
16 0.039451 3 0 PTP 1 111_1_-112_3128
16 0.039451 3 0 PTP 1 112_1_-112_3124
16 0.039451 3 0 PTP 1 123_1_-112_3142
16 0.039451 3 0 PTP 1 124_1_-112_3138
16 0.039451 3 0 PTP 1 126_1_-112_3144
16 0.039451 3 0 PTP 1 127_1_-112_3140
16 0.039451 3 0 PTP 1 128_1_-112_3136
16 0.039451 3 0 PTP 1 93_1_-112_3242
16 0.039451 3 0 PTP 1 75_1_-112_3226
16 0.039451 3 0 PTP 1 76_1_-112_3222
16 0.039451 3 0 PTP 1 77_1_-112_3230
16 0.039451 3 0 PTP 1 78_1_-112_3228
16 0.039451 3 0 PTP 1 79_1_-112_3224
16 0.039451 3 0 PTP 1 80_1_-112_3220
16 0.039451 3 0 PTP 1 91_1_-112_3238
16 0.039451 3 0 PTP 1 92_1_-112_3234
16 0.039451 3 0 PTP 1 94_1_-112_3240
16 0.039451 3 0 PTP 1 95_1_-112_3236
16 0.039451 3 0 PTP 1 96_1_-112_3232
16 0.039463 3 0 PTP 53 117_53_6_2867
16 0.039463 3 0 PTP 54 118_54_6_2861
16 0.039463 3 0 PTP 51 115_51_6_2855
16 0.039463 3 0 PTP 55 119_55_6_2849
16 0.039463 3 0 PTP 52 116_52_6_2843
16 0.039463 3 0 PTP 56 120_56_6_2837
16 0.039463 3 0 PTP 117 53_117_6_2906
16 0.039463 3 0 PTP 117 52_117_6_3291
13 0.039463 2 117
16 0.039463 3 0 PTP 53 116_53_6_3292
13 0.039463 2 53
16 0.039463 3 0 PTP 118 54_118_6_2900
16 0.039463 3 0 PTP 118 53_118_6_3293
13 0.039463 2 118
16 0.039463 3 0 PTP 54 117_54_6_3294
13 0.039463 2 54
16 0.039463 3 0 PTP 115 51_115_6_2894
16 0.039463 3 0 PTP 115 50_115_6_3295
13 0.039463 2 115
16 0.039463 3 0 PTP 51 114_51_6_3296
13 0.039463 2 51
16 0.039463 3 0 PTP 119 55_119_6_2888
16 0.039463 3 0 PTP 119 54_119_6_3297
13 0.039463 2 119
16 0.039463 3 0 PTP 55 118_55_6_3298
13 0.039463 2 55
16 0.039463 3 0 PTP 116 52_116_6_2882
16 0.039463 3 0 PTP 116 51_116_6_3299
13 0.039463 2 116
16 0.039463 3 0 PTP 52 115_52_6_3300
13 0.039463 2 52
16 0.039463 3 0 PTP 120 56_120_6_2876
16 0.039463 3 0 PTP 120 55_120_6_3301
13 0.039463 2 120
16 0.039463 3 0 PTP 56 119_56_6_3302
13 0.039463 2 56
12 0.039463 2 56 10
15 0.039463 3 0 PTP 56 56_1_-112_3303
12 0.039463 2 120 10
15 0.039463 3 0 PTP 120 120_1_-112_3304
12 0.039463 2 52 10
15 0.039463 3 0 PTP 52 52_1_-112_3305
12 0.039463 2 116 10
15 0.039463 3 0 PTP 116 116_1_-112_3306
12 0.039463 2 55 10
15 0.039463 3 0 PTP 55 55_1_-112_3307
12 0.039463 2 119 10
15 0.039463 3 0 PTP 119 119_1_-112_3308
12 0.039463 2 51 10
15 0.039463 3 0 PTP 51 51_1_-112_3309
12 0.039463 2 115 10
15 0.039463 3 0 PTP 115 115_1_-112_3310
12 0.039463 2 54 10
15 0.039463 3 0 PTP 54 54_1_-112_3311
12 0.039463 2 118 10
15 0.039463 3 0 PTP 118 118_1_-112_3312
12 0.039463 2 53 10
15 0.039463 3 0 PTP 53 53_1_-112_3313
12 0.039463 2 117 10
15 0.039463 3 0 PTP 117 117_1_-112_3314
13 0.039463 2 56
12 0.039463 2 56 10
15 0.039463 3 0 PTP 56 56_1_-112_3315
13 0.039463 2 120
12 0.039463 2 120 10
15 0.039463 3 0 PTP 120 120_1_-112_3316
13 0.039463 2 52
12 0.039463 2 52 10
15 0.039463 3 0 PTP 52 52_1_-112_3317
13 0.039463 2 116
12 0.039463 2 116 10
15 0.039463 3 0 PTP 116 116_1_-112_3318
13 0.039463 2 55
12 0.039463 2 55 10
15 0.039463 3 0 PTP 55 55_1_-112_3319
13 0.039463 2 119
12 0.039463 2 119 10
15 0.039463 3 0 PTP 119 119_1_-112_3320
13 0.039463 2 51
12 0.039463 2 51 10
15 0.039463 3 0 PTP 51 51_1_-112_3321
13 0.039463 2 115
12 0.039463 2 115 10
15 0.039463 3 0 PTP 115 115_1_-112_3322
13 0.039463 2 54
12 0.039463 2 54 10
15 0.039463 3 0 PTP 54 54_1_-112_3323
13 0.039463 2 118
12 0.039463 2 118 10
15 0.039463 3 0 PTP 118 118_1_-112_3324
13 0.039463 2 53
12 0.039463 2 53 10
15 0.039463 3 0 PTP 53 53_1_-112_3325
13 0.039463 2 117
12 0.039463 2 117 10
15 0.039463 3 0 PTP 117 117_1_-112_3326
13 0.039463 2 56
12 0.039463 2 56 7
15 0.039463 3 0 PTP 56 56_1_-778_3327
13 0.039463 2 120
12 0.039463 2 120 7
15 0.039463 3 0 PTP 120 120_1_-778_3328
13 0.039463 2 52
12 0.039463 2 52 7
15 0.039463 3 0 PTP 52 52_1_-778_3329
13 0.039463 2 116
12 0.039463 2 116 7
15 0.039463 3 0 PTP 116 116_1_-778_3330
13 0.039463 2 55
12 0.039463 2 55 7
15 0.039463 3 0 PTP 55 55_1_-778_3331
13 0.039463 2 119
12 0.039463 2 119 7
15 0.039463 3 0 PTP 119 119_1_-778_3332
13 0.039463 2 51
12 0.039463 2 51 7
15 0.039463 3 0 PTP 51 51_1_-778_3333
13 0.039463 2 115
12 0.039463 2 115 7
15 0.039463 3 0 PTP 115 115_1_-778_3334
13 0.039463 2 54
12 0.039463 2 54 7
15 0.039463 3 0 PTP 54 54_1_-778_3335
13 0.039463 2 118
12 0.039463 2 118 7
15 0.039463 3 0 PTP 118 118_1_-778_3336
13 0.039463 2 53
12 0.039463 2 53 7
15 0.039463 3 0 PTP 53 53_1_-778_3337
13 0.039463 2 117
12 0.039463 2 117 7
15 0.039463 3 0 PTP 117 117_1_-778_3338
16 0.039463 3 0 PTP 21 85_21_6_2870
16 0.039463 3 0 PTP 22 86_22_6_2864
16 0.039463 3 0 PTP 19 83_19_6_2858
16 0.039463 3 0 PTP 23 87_23_6_2852
16 0.039463 3 0 PTP 20 84_20_6_2846
16 0.039463 3 0 PTP 24 88_24_6_2840
16 0.039463 3 0 PTP 85 21_85_6_2903
16 0.039463 3 0 PTP 85 20_85_6_3339
13 0.039463 2 85
16 0.039463 3 0 PTP 21 84_21_6_3340
13 0.039463 2 21
16 0.039463 3 0 PTP 86 22_86_6_2897
16 0.039463 3 0 PTP 86 21_86_6_3341
13 0.039463 2 86
16 0.039463 3 0 PTP 22 85_22_6_3342
13 0.039463 2 22
16 0.039463 3 0 PTP 83 19_83_6_2891
16 0.039463 3 0 PTP 83 18_83_6_3343
13 0.039463 2 83
16 0.039463 3 0 PTP 19 82_19_6_3344
13 0.039463 2 19
16 0.039463 3 0 PTP 87 23_87_6_2885
16 0.039463 3 0 PTP 87 22_87_6_3345
13 0.039463 2 87
16 0.039463 3 0 PTP 23 86_23_6_3346
13 0.039463 2 23
16 0.039463 3 0 PTP 84 20_84_6_2879
16 0.039463 3 0 PTP 84 19_84_6_3347
13 0.039463 2 84
16 0.039463 3 0 PTP 20 83_20_6_3348
13 0.039463 2 20
16 0.039463 3 0 PTP 88 24_88_6_2873
16 0.039463 3 0 PTP 88 23_88_6_3349
13 0.039463 2 88
16 0.039463 3 0 PTP 24 87_24_6_3350
13 0.039463 2 24
12 0.039463 2 24 10
15 0.039463 3 0 PTP 24 24_1_-112_3351
12 0.039463 2 88 10
15 0.039463 3 0 PTP 88 88_1_-112_3352
12 0.039463 2 20 10
15 0.039463 3 0 PTP 20 20_1_-112_3353
12 0.039463 2 84 10
15 0.039463 3 0 PTP 84 84_1_-112_3354
12 0.039463 2 23 10
15 0.039463 3 0 PTP 23 23_1_-112_3355
12 0.039463 2 87 10
15 0.039463 3 0 PTP 87 87_1_-112_3356
12 0.039463 2 19 10
15 0.039463 3 0 PTP 19 19_1_-112_3357
12 0.039463 2 83 10
15 0.039463 3 0 PTP 83 83_1_-112_3358
12 0.039463 2 22 10
15 0.039463 3 0 PTP 22 22_1_-112_3359
12 0.039463 2 86 10
15 0.039463 3 0 PTP 86 86_1_-112_3360
12 0.039463 2 21 10
15 0.039463 3 0 PTP 21 21_1_-112_3361
12 0.039463 2 85 10
15 0.039463 3 0 PTP 85 85_1_-112_3362
13 0.039463 2 24
12 0.039463 2 24 10
15 0.039463 3 0 PTP 24 24_1_-112_3363
13 0.039463 2 88
12 0.039463 2 88 10
15 0.039463 3 0 PTP 88 88_1_-112_3364
13 0.039463 2 20
12 0.039463 2 20 10
15 0.039463 3 0 PTP 20 20_1_-112_3365
13 0.039463 2 84
12 0.039463 2 84 10
15 0.039463 3 0 PTP 84 84_1_-112_3366
13 0.039463 2 23
12 0.039463 2 23 10
15 0.039463 3 0 PTP 23 23_1_-112_3367
13 0.039463 2 87
12 0.039463 2 87 10
15 0.039463 3 0 PTP 87 87_1_-112_3368
13 0.039463 2 19
12 0.039463 2 19 10
15 0.039463 3 0 PTP 19 19_1_-112_3369
13 0.039463 2 83
12 0.039463 2 83 10
15 0.039463 3 0 PTP 83 83_1_-112_3370
13 0.039463 2 22
12 0.039463 2 22 10
15 0.039463 3 0 PTP 22 22_1_-112_3371
13 0.039463 2 86
12 0.039463 2 86 10
15 0.039463 3 0 PTP 86 86_1_-112_3372
13 0.039463 2 21
12 0.039463 2 21 10
15 0.039463 3 0 PTP 21 21_1_-112_3373
13 0.039463 2 85
12 0.039463 2 85 10
15 0.039463 3 0 PTP 85 85_1_-112_3374
13 0.039463 2 24
12 0.039463 2 24 7
15 0.039463 3 0 PTP 24 24_1_-778_3375
13 0.039463 2 88
12 0.039463 2 88 7
15 0.039463 3 0 PTP 88 88_1_-778_3376
13 0.039463 2 20
12 0.039463 2 20 7
15 0.039463 3 0 PTP 20 20_1_-778_3377
13 0.039463 2 84
12 0.039463 2 84 7
15 0.039463 3 0 PTP 84 84_1_-778_3378
13 0.039463 2 23
12 0.039463 2 23 7
15 0.039463 3 0 PTP 23 23_1_-778_3379
13 0.039463 2 87
12 0.039463 2 87 7
15 0.039463 3 0 PTP 87 87_1_-778_3380
13 0.039463 2 19
12 0.039463 2 19 7
15 0.039463 3 0 PTP 19 19_1_-778_3381
13 0.039463 2 83
12 0.039463 2 83 7
15 0.039463 3 0 PTP 83 83_1_-778_3382
13 0.039463 2 22
12 0.039463 2 22 7
15 0.039463 3 0 PTP 22 22_1_-778_3383
13 0.039463 2 86
12 0.039463 2 86 7
15 0.039463 3 0 PTP 86 86_1_-778_3384
13 0.039463 2 21
12 0.039463 2 21 7
15 0.039463 3 0 PTP 21 21_1_-778_3385
13 0.039463 2 85
12 0.039463 2 85 7
15 0.039463 3 0 PTP 85 85_1_-778_3386
16 0.039464 3 0 PTP 1 24_1_-112_3351
16 0.039464 3 0 PTP 1 19_1_-112_3357
16 0.039464 3 0 PTP 1 20_1_-112_3353
16 0.039464 3 0 PTP 1 21_1_-112_3361
16 0.039464 3 0 PTP 1 22_1_-112_3359
16 0.039464 3 0 PTP 1 23_1_-112_3355
16 0.039465 3 0 PTP 1 56_1_-112_3303
16 0.039465 3 0 PTP 1 51_1_-112_3309
16 0.039465 3 0 PTP 1 52_1_-112_3305
16 0.039465 3 0 PTP 1 53_1_-112_3313
16 0.039465 3 0 PTP 1 54_1_-112_3311
16 0.039465 3 0 PTP 1 55_1_-112_3307
16 0.039465 3 0 PTP 1 115_1_-112_3310
16 0.039465 3 0 PTP 1 116_1_-112_3306
16 0.039465 3 0 PTP 1 117_1_-112_3314
16 0.039465 3 0 PTP 1 118_1_-112_3312
16 0.039465 3 0 PTP 1 119_1_-112_3308
16 0.039465 3 0 PTP 1 120_1_-112_3304
16 0.039465 3 0 PTP 1 88_1_-112_3352
16 0.039465 3 0 PTP 1 83_1_-112_3358
16 0.039465 3 0 PTP 1 84_1_-112_3354
16 0.039465 3 0 PTP 1 85_1_-112_3362
16 0.039465 3 0 PTP 1 86_1_-112_3360
16 0.039465 3 0 PTP 1 87_1_-112_3356
13 0.039465 2 1
12 0.039465 2 1 10
16 0.039465 3 0 PTP 1 2_1_-112_2539
16 0.039466 3 0 PTP 1 3_1_-112_3081
16 0.039466 3 0 PTP 1 4_1_-112_3077
16 0.039466 3 0 PTP 1 5_1_-112_3085
16 0.039466 3 0 PTP 1 6_1_-112_3083
16 0.039466 3 0 PTP 1 7_1_-112_3079
16 0.039466 3 0 PTP 1 8_1_-112_3075
16 0.039466 3 0 PTP 1 9_1_-112_2973
16 0.039466 3 0 PTP 1 10_1_-112_2969
16 0.039466 3 0 PTP 1 17_1_-112_2977
16 0.039466 3 0 PTP 1 18_1_-112_2975
16 0.039466 3 0 PTP 1 25_1_-112_2971
16 0.039466 3 0 PTP 1 26_1_-112_2967
16 0.039466 3 0 PTP 1 11_1_-112_3249
16 0.039466 3 0 PTP 1 12_1_-112_3245
16 0.039466 3 0 PTP 1 13_1_-112_3253
16 0.039466 3 0 PTP 1 14_1_-112_3251
16 0.039466 3 0 PTP 1 15_1_-112_3247
16 0.039466 3 0 PTP 1 16_1_-112_3243
16 0.039466 3 0 PTP 1 19_1_-112_3369
16 0.039466 3 0 PTP 1 20_1_-112_3365
16 0.039466 3 0 PTP 1 21_1_-112_3373
16 0.039466 3 0 PTP 1 22_1_-112_3371
16 0.039466 3 0 PTP 1 23_1_-112_3367
16 0.039466 3 0 PTP 1 24_1_-112_3363
16 0.039466 3 0 PTP 1 27_1_-112_3261
16 0.039466 3 0 PTP 1 28_1_-112_3257
16 0.039466 3 0 PTP 1 29_1_-112_3265
16 0.039466 3 0 PTP 1 30_1_-112_3263
16 0.039466 3 0 PTP 1 31_1_-112_3259
16 0.039466 3 0 PTP 1 32_1_-112_3255
16 0.039466 3 0 PTP 1 33_1_-112_2534
16 0.039466 3 0 PTP 1 34_1_-112_2536
16 0.039466 3 0 PTP 1 65_1_-112_2537
16 0.039466 3 0 PTP 1 66_1_-112_2538
16 0.039466 3 0 PTP 1 97_1_-112_2533
16 0.039466 3 0 PTP 1 98_1_-112_2535
16 0.039466 3 0 PTP 1 35_1_-112_3033
16 0.039466 3 0 PTP 1 36_1_-112_3029
16 0.039466 3 0 PTP 1 37_1_-112_3037
16 0.039466 3 0 PTP 1 38_1_-112_3035
16 0.039466 3 0 PTP 1 39_1_-112_3031
16 0.039466 3 0 PTP 1 40_1_-112_3027
16 0.039466 3 0 PTP 1 67_1_-112_3082
16 0.039466 3 0 PTP 1 68_1_-112_3078
16 0.039466 3 0 PTP 1 69_1_-112_3086
16 0.039466 3 0 PTP 1 70_1_-112_3084
16 0.039466 3 0 PTP 1 71_1_-112_3080
16 0.039466 3 0 PTP 1 72_1_-112_3076
16 0.039466 3 0 PTP 1 99_1_-112_3034
16 0.039466 3 0 PTP 1 100_1_-112_3030
16 0.039466 3 0 PTP 1 101_1_-112_3038
16 0.039466 3 0 PTP 1 102_1_-112_3036
16 0.039466 3 0 PTP 1 103_1_-112_3032
16 0.039466 3 0 PTP 1 104_1_-112_3028
16 0.039467 3 0 PTP 1 41_1_-112_2961
16 0.039467 3 0 PTP 1 42_1_-112_2957
16 0.039467 3 0 PTP 1 49_1_-112_2965
16 0.039467 3 0 PTP 1 50_1_-112_2963
16 0.039467 3 0 PTP 1 57_1_-112_2959
16 0.039467 3 0 PTP 1 58_1_-112_2955
16 0.039467 3 0 PTP 1 73_1_-112_2974
16 0.039467 3 0 PTP 1 74_1_-112_2970
16 0.039467 3 0 PTP 1 81_1_-112_2978
16 0.039467 3 0 PTP 1 82_1_-112_2976
16 0.039467 3 0 PTP 1 89_1_-112_2972
16 0.039467 3 0 PTP 1 90_1_-112_2968
16 0.039467 3 0 PTP 1 105_1_-112_2962
16 0.039467 3 0 PTP 1 106_1_-112_2958
16 0.039467 3 0 PTP 1 113_1_-112_2966
16 0.039467 3 0 PTP 1 114_1_-112_2964
16 0.039467 3 0 PTP 1 121_1_-112_2960
16 0.039467 3 0 PTP 1 122_1_-112_2956
16 0.039467 3 0 PTP 1 43_1_-112_3153
16 0.039467 3 0 PTP 1 44_1_-112_3149
16 0.039467 3 0 PTP 1 45_1_-112_3157
16 0.039467 3 0 PTP 1 46_1_-112_3155
16 0.039467 3 0 PTP 1 47_1_-112_3151
16 0.039467 3 0 PTP 1 48_1_-112_3147
16 0.039467 3 0 PTP 1 51_1_-112_3321
16 0.039467 3 0 PTP 1 52_1_-112_3317
16 0.039467 3 0 PTP 1 53_1_-112_3325
16 0.039467 3 0 PTP 1 54_1_-112_3323
16 0.039467 3 0 PTP 1 55_1_-112_3319
16 0.039467 3 0 PTP 1 56_1_-112_3315
16 0.039467 3 0 PTP 1 59_1_-112_3165
16 0.039467 3 0 PTP 1 60_1_-112_3161
16 0.039467 3 0 PTP 1 61_1_-112_3169
16 0.039467 3 0 PTP 1 62_1_-112_3167
16 0.039467 3 0 PTP 1 63_1_-112_3163
16 0.039467 3 0 PTP 1 64_1_-112_3159
16 0.039467 3 0 PTP 1 75_1_-112_3250
16 0.039467 3 0 PTP 1 76_1_-112_3246
16 0.039467 3 0 PTP 1 77_1_-112_3254
16 0.039467 3 0 PTP 1 78_1_-112_3252
16 0.039467 3 0 PTP 1 79_1_-112_3248
16 0.039467 3 0 PTP 1 80_1_-112_3244
16 0.039467 3 0 PTP 1 83_1_-112_3370
16 0.039467 3 0 PTP 1 84_1_-112_3366
16 0.039467 3 0 PTP 1 85_1_-112_3374
16 0.039467 3 0 PTP 1 86_1_-112_3372
16 0.039467 3 0 PTP 1 87_1_-112_3368
16 0.039467 3 0 PTP 1 88_1_-112_3364
16 0.039467 3 0 PTP 1 91_1_-112_3262
16 0.039467 3 0 PTP 1 92_1_-112_3258
16 0.039467 3 0 PTP 1 93_1_-112_3266
16 0.039467 3 0 PTP 1 94_1_-112_3264
16 0.039467 3 0 PTP 1 95_1_-112_3260
16 0.039467 3 0 PTP 1 96_1_-112_3256
16 0.039467 3 0 PTP 1 107_1_-112_3154
16 0.039467 3 0 PTP 1 108_1_-112_3150
16 0.039467 3 0 PTP 1 109_1_-112_3158
16 0.039467 3 0 PTP 1 110_1_-112_3156
16 0.039467 3 0 PTP 1 111_1_-112_3152
16 0.039467 3 0 PTP 1 112_1_-112_3148
16 0.039467 3 0 PTP 1 115_1_-112_3322
16 0.039467 3 0 PTP 1 116_1_-112_3318
16 0.039467 3 0 PTP 1 117_1_-112_3326
16 0.039467 3 0 PTP 1 118_1_-112_3324
16 0.039467 3 0 PTP 1 119_1_-112_3320
16 0.039467 3 0 PTP 1 120_1_-112_3316
16 0.039467 3 0 PTP 1 123_1_-112_3166
16 0.039467 3 0 PTP 1 124_1_-112_3162
16 0.039467 3 0 PTP 1 125_1_-112_3170
16 0.039467 3 0 PTP 1 126_1_-112_3168
16 0.039467 3 0 PTP 1 127_1_-112_3164
16 0.039467 3 0 PTP 1 128_1_-112_3160
13 0.039467 2 1
12 0.039467 2 1 7
16 0.039467 3 0 PTP 1 2_1_-778_2546
16 0.039468 3 0 PTP 1 3_1_-778_3093
16 0.039468 3 0 PTP 1 4_1_-778_3089
16 0.039468 3 0 PTP 1 5_1_-778_3097
16 0.039468 3 0 PTP 1 6_1_-778_3095
16 0.039468 3 0 PTP 1 7_1_-778_3091
16 0.039468 3 0 PTP 1 8_1_-778_3087
16 0.039468 3 0 PTP 1 9_1_-778_2997
16 0.039468 3 0 PTP 1 10_1_-778_2993
16 0.039468 3 0 PTP 1 17_1_-778_3001
16 0.039468 3 0 PTP 1 18_1_-778_2999
16 0.039468 3 0 PTP 1 25_1_-778_2995
16 0.039468 3 0 PTP 1 26_1_-778_2991
16 0.039468 3 0 PTP 1 11_1_-778_3273
16 0.039468 3 0 PTP 1 12_1_-778_3269
16 0.039468 3 0 PTP 1 13_1_-778_3277
16 0.039468 3 0 PTP 1 14_1_-778_3275
16 0.039468 3 0 PTP 1 15_1_-778_3271
16 0.039468 3 0 PTP 1 16_1_-778_3267
16 0.039468 3 0 PTP 1 19_1_-778_3381
16 0.039468 3 0 PTP 1 20_1_-778_3377
16 0.039468 3 0 PTP 1 21_1_-778_3385
16 0.039468 3 0 PTP 1 22_1_-778_3383
16 0.039468 3 0 PTP 1 23_1_-778_3379
16 0.039468 3 0 PTP 1 24_1_-778_3375
16 0.039468 3 0 PTP 1 27_1_-778_3285
16 0.039468 3 0 PTP 1 28_1_-778_3281
16 0.039468 3 0 PTP 1 29_1_-778_3289
16 0.039468 3 0 PTP 1 30_1_-778_3287
16 0.039468 3 0 PTP 1 31_1_-778_3283
16 0.039468 3 0 PTP 1 32_1_-778_3279
16 0.039468 3 0 PTP 1 33_1_-778_2541
16 0.039468 3 0 PTP 1 34_1_-778_2543
16 0.039468 3 0 PTP 1 65_1_-778_2544
16 0.039468 3 0 PTP 1 66_1_-778_2545
16 0.039468 3 0 PTP 1 97_1_-778_2540
16 0.039468 3 0 PTP 1 98_1_-778_2542
16 0.039468 3 0 PTP 1 35_1_-778_3045
16 0.039468 3 0 PTP 1 36_1_-778_3041
16 0.039468 3 0 PTP 1 37_1_-778_3049
16 0.039468 3 0 PTP 1 38_1_-778_3047
16 0.039468 3 0 PTP 1 39_1_-778_3043
16 0.039468 3 0 PTP 1 40_1_-778_3039
16 0.039468 3 0 PTP 1 67_1_-778_3094
16 0.039468 3 0 PTP 1 68_1_-778_3090
16 0.039468 3 0 PTP 1 69_1_-778_3098
16 0.039468 3 0 PTP 1 70_1_-778_3096
16 0.039468 3 0 PTP 1 71_1_-778_3092
16 0.039468 3 0 PTP 1 72_1_-778_3088
16 0.039468 3 0 PTP 1 99_1_-778_3046
16 0.039468 3 0 PTP 1 100_1_-778_3042
16 0.039468 3 0 PTP 1 101_1_-778_3050
16 0.039468 3 0 PTP 1 102_1_-778_3048
16 0.039468 3 0 PTP 1 103_1_-778_3044
16 0.039468 3 0 PTP 1 104_1_-778_3040
16 0.039469 3 0 PTP 1 41_1_-778_2985
16 0.039469 3 0 PTP 1 42_1_-778_2981
16 0.039469 3 0 PTP 1 49_1_-778_2989
16 0.039469 3 0 PTP 1 50_1_-778_2987
16 0.039469 3 0 PTP 1 57_1_-778_2983
16 0.039469 3 0 PTP 1 58_1_-778_2979
16 0.039469 3 0 PTP 1 73_1_-778_2998
16 0.039469 3 0 PTP 1 74_1_-778_2994
16 0.039469 3 0 PTP 1 81_1_-778_3002
16 0.039469 3 0 PTP 1 82_1_-778_3000
16 0.039469 3 0 PTP 1 89_1_-778_2996
16 0.039469 3 0 PTP 1 90_1_-778_2992
16 0.039469 3 0 PTP 1 105_1_-778_2986
16 0.039469 3 0 PTP 1 106_1_-778_2982
16 0.039469 3 0 PTP 1 113_1_-778_2990
16 0.039469 3 0 PTP 1 114_1_-778_2988
16 0.039469 3 0 PTP 1 121_1_-778_2984
16 0.039469 3 0 PTP 1 122_1_-778_2980
16 0.039469 3 0 PTP 1 43_1_-778_3177
16 0.039469 3 0 PTP 1 44_1_-778_3173
16 0.039469 3 0 PTP 1 45_1_-778_3181
16 0.039469 3 0 PTP 1 46_1_-778_3179
16 0.039469 3 0 PTP 1 47_1_-778_3175
16 0.039469 3 0 PTP 1 48_1_-778_3171
16 0.039469 3 0 PTP 1 51_1_-778_3333
16 0.039469 3 0 PTP 1 52_1_-778_3329
16 0.039469 3 0 PTP 1 53_1_-778_3337
16 0.039469 3 0 PTP 1 54_1_-778_3335
16 0.039469 3 0 PTP 1 55_1_-778_3331
16 0.039469 3 0 PTP 1 56_1_-778_3327
16 0.039469 3 0 PTP 1 59_1_-778_3189
16 0.039469 3 0 PTP 1 60_1_-778_3185
16 0.039469 3 0 PTP 1 61_1_-778_3193
16 0.039469 3 0 PTP 1 62_1_-778_3191
16 0.039469 3 0 PTP 1 63_1_-778_3187
16 0.039469 3 0 PTP 1 64_1_-778_3183
16 0.039469 3 0 PTP 1 75_1_-778_3274
16 0.039469 3 0 PTP 1 76_1_-778_3270
16 0.039469 3 0 PTP 1 77_1_-778_3278
16 0.039469 3 0 PTP 1 78_1_-778_3276
16 0.039469 3 0 PTP 1 79_1_-778_3272
16 0.039469 3 0 PTP 1 80_1_-778_3268
16 0.039469 3 0 PTP 1 83_1_-778_3382
16 0.039469 3 0 PTP 1 84_1_-778_3378
16 0.039469 3 0 PTP 1 85_1_-778_3386
16 0.039469 3 0 PTP 1 86_1_-778_3384
16 0.039469 3 0 PTP 1 87_1_-778_3380
16 0.039469 3 0 PTP 1 88_1_-778_3376
16 0.039469 3 0 PTP 1 91_1_-778_3286
16 0.039469 3 0 PTP 1 92_1_-778_3282
16 0.039469 3 0 PTP 1 93_1_-778_3290
16 0.039469 3 0 PTP 1 94_1_-778_3288
16 0.039469 3 0 PTP 1 95_1_-778_3284
16 0.039469 3 0 PTP 1 96_1_-778_3280
16 0.039469 3 0 PTP 1 107_1_-778_3178
16 0.039469 3 0 PTP 1 108_1_-778_3174
16 0.039469 3 0 PTP 1 109_1_-778_3182
16 0.039469 3 0 PTP 1 110_1_-778_3180
16 0.039469 3 0 PTP 1 111_1_-778_3176
16 0.039469 3 0 PTP 1 112_1_-778_3172
16 0.039469 3 0 PTP 1 115_1_-778_3334
16 0.039469 3 0 PTP 1 116_1_-778_3330
16 0.039469 3 0 PTP 1 117_1_-778_3338
16 0.039469 3 0 PTP 1 118_1_-778_3336
16 0.039469 3 0 PTP 1 119_1_-778_3332
16 0.039469 3 0 PTP 1 120_1_-778_3328
16 0.039469 3 0 PTP 1 123_1_-778_3190
16 0.039469 3 0 PTP 1 124_1_-778_3186
16 0.039469 3 0 PTP 1 125_1_-778_3194
16 0.039469 3 0 PTP 1 126_1_-778_3192
16 0.039469 3 0 PTP 1 127_1_-778_3188
16 0.039469 3 0 PTP 1 128_1_-778_3184
15 0.039469 3 0 PTP 1 1_2_-778_3387
15 0.039469 3 0 PTP 1 1_3_-778_3388
15 0.039469 3 0 PTP 1 1_4_-778_3389
15 0.039469 3 0 PTP 1 1_5_-778_3390
15 0.039469 3 0 PTP 1 1_6_-778_3391
15 0.039469 3 0 PTP 1 1_7_-778_3392
15 0.039469 3 0 PTP 1 1_8_-778_3393
15 0.039469 3 0 PTP 1 1_9_-778_3394
15 0.039469 3 0 PTP 1 1_10_-778_3395
15 0.039469 3 0 PTP 1 1_11_-778_3396
15 0.039469 3 0 PTP 1 1_12_-778_3397
15 0.039469 3 0 PTP 1 1_13_-778_3398
15 0.039469 3 0 PTP 1 1_14_-778_3399
15 0.039469 3 0 PTP 1 1_15_-778_3400
15 0.039469 3 0 PTP 1 1_16_-778_3401
15 0.039469 3 0 PTP 1 1_17_-778_3402
15 0.039469 3 0 PTP 1 1_18_-778_3403
15 0.039469 3 0 PTP 1 1_19_-778_3404
15 0.039469 3 0 PTP 1 1_20_-778_3405
15 0.039469 3 0 PTP 1 1_21_-778_3406
15 0.039469 3 0 PTP 1 1_22_-778_3407
15 0.039469 3 0 PTP 1 1_23_-778_3408
15 0.039469 3 0 PTP 1 1_24_-778_3409
15 0.039469 3 0 PTP 1 1_25_-778_3410
15 0.039469 3 0 PTP 1 1_26_-778_3411
15 0.039469 3 0 PTP 1 1_27_-778_3412
15 0.039469 3 0 PTP 1 1_28_-778_3413
15 0.039469 3 0 PTP 1 1_29_-778_3414
15 0.039469 3 0 PTP 1 1_30_-778_3415
15 0.039469 3 0 PTP 1 1_31_-778_3416
15 0.039469 3 0 PTP 1 1_32_-778_3417
15 0.039469 3 0 PTP 1 1_33_-778_3418
15 0.039469 3 0 PTP 1 1_34_-778_3419
15 0.039469 3 0 PTP 1 1_35_-778_3420
15 0.039469 3 0 PTP 1 1_36_-778_3421
15 0.039469 3 0 PTP 1 1_37_-778_3422
15 0.039469 3 0 PTP 1 1_38_-778_3423
15 0.039469 3 0 PTP 1 1_39_-778_3424
15 0.039469 3 0 PTP 1 1_40_-778_3425
15 0.039469 3 0 PTP 1 1_41_-778_3426
15 0.039469 3 0 PTP 1 1_42_-778_3427
15 0.039469 3 0 PTP 1 1_43_-778_3428
15 0.039469 3 0 PTP 1 1_44_-778_3429
15 0.039469 3 0 PTP 1 1_45_-778_3430
15 0.039469 3 0 PTP 1 1_46_-778_3431
15 0.039469 3 0 PTP 1 1_47_-778_3432
15 0.039469 3 0 PTP 1 1_48_-778_3433
15 0.039469 3 0 PTP 1 1_49_-778_3434
15 0.039469 3 0 PTP 1 1_50_-778_3435
15 0.039469 3 0 PTP 1 1_51_-778_3436
15 0.039469 3 0 PTP 1 1_52_-778_3437
15 0.039469 3 0 PTP 1 1_53_-778_3438
15 0.039469 3 0 PTP 1 1_54_-778_3439
15 0.039469 3 0 PTP 1 1_55_-778_3440
15 0.039469 3 0 PTP 1 1_56_-778_3441
15 0.039469 3 0 PTP 1 1_57_-778_3442
15 0.039469 3 0 PTP 1 1_58_-778_3443
15 0.039469 3 0 PTP 1 1_59_-778_3444
15 0.039469 3 0 PTP 1 1_60_-778_3445
15 0.039469 3 0 PTP 1 1_61_-778_3446
15 0.039469 3 0 PTP 1 1_62_-778_3447
15 0.039469 3 0 PTP 1 1_63_-778_3448
15 0.039469 3 0 PTP 1 1_64_-778_3449
15 0.039469 3 0 PTP 1 1_65_-778_3450
15 0.039469 3 0 PTP 1 1_66_-778_3451
15 0.039469 3 0 PTP 1 1_67_-778_3452
15 0.039469 3 0 PTP 1 1_68_-778_3453
15 0.039469 3 0 PTP 1 1_69_-778_3454
15 0.039469 3 0 PTP 1 1_70_-778_3455
15 0.039469 3 0 PTP 1 1_71_-778_3456
15 0.039469 3 0 PTP 1 1_72_-778_3457
15 0.039469 3 0 PTP 1 1_73_-778_3458
15 0.039469 3 0 PTP 1 1_74_-778_3459
15 0.039469 3 0 PTP 1 1_75_-778_3460
15 0.039469 3 0 PTP 1 1_76_-778_3461
15 0.039469 3 0 PTP 1 1_77_-778_3462
15 0.039469 3 0 PTP 1 1_78_-778_3463
15 0.039469 3 0 PTP 1 1_79_-778_3464
15 0.039469 3 0 PTP 1 1_80_-778_3465
15 0.039469 3 0 PTP 1 1_81_-778_3466
15 0.039469 3 0 PTP 1 1_82_-778_3467
15 0.039469 3 0 PTP 1 1_83_-778_3468
15 0.039469 3 0 PTP 1 1_84_-778_3469
15 0.039469 3 0 PTP 1 1_85_-778_3470
15 0.039469 3 0 PTP 1 1_86_-778_3471
15 0.039469 3 0 PTP 1 1_87_-778_3472
15 0.039469 3 0 PTP 1 1_88_-778_3473
15 0.039469 3 0 PTP 1 1_89_-778_3474
15 0.039469 3 0 PTP 1 1_90_-778_3475
15 0.039469 3 0 PTP 1 1_91_-778_3476
15 0.039469 3 0 PTP 1 1_92_-778_3477
15 0.039469 3 0 PTP 1 1_93_-778_3478
15 0.039469 3 0 PTP 1 1_94_-778_3479
15 0.039469 3 0 PTP 1 1_95_-778_3480
15 0.039469 3 0 PTP 1 1_96_-778_3481
15 0.039469 3 0 PTP 1 1_97_-778_3482
15 0.039469 3 0 PTP 1 1_98_-778_3483
15 0.039469 3 0 PTP 1 1_99_-778_3484
15 0.039469 3 0 PTP 1 1_100_-778_3485
15 0.039469 3 0 PTP 1 1_101_-778_3486
15 0.039469 3 0 PTP 1 1_102_-778_3487
15 0.039469 3 0 PTP 1 1_103_-778_3488
15 0.039469 3 0 PTP 1 1_104_-778_3489
15 0.039469 3 0 PTP 1 1_105_-778_3490
15 0.039469 3 0 PTP 1 1_106_-778_3491
15 0.039469 3 0 PTP 1 1_107_-778_3492
15 0.039469 3 0 PTP 1 1_108_-778_3493
15 0.039469 3 0 PTP 1 1_109_-778_3494
15 0.039469 3 0 PTP 1 1_110_-778_3495
15 0.039469 3 0 PTP 1 1_111_-778_3496
15 0.039469 3 0 PTP 1 1_112_-778_3497
15 0.039469 3 0 PTP 1 1_113_-778_3498
15 0.039469 3 0 PTP 1 1_114_-778_3499
15 0.039469 3 0 PTP 1 1_115_-778_3500
15 0.039469 3 0 PTP 1 1_116_-778_3501
15 0.039469 3 0 PTP 1 1_117_-778_3502
15 0.039469 3 0 PTP 1 1_118_-778_3503
15 0.039469 3 0 PTP 1 1_119_-778_3504
15 0.039469 3 0 PTP 1 1_120_-778_3505
15 0.039469 3 0 PTP 1 1_121_-778_3506
15 0.039469 3 0 PTP 1 1_122_-778_3507
15 0.039469 3 0 PTP 1 1_123_-778_3508
15 0.039469 3 0 PTP 1 1_124_-778_3509
15 0.039469 3 0 PTP 1 1_125_-778_3510
15 0.039469 3 0 PTP 1 1_126_-778_3511
15 0.039469 3 0 PTP 1 1_127_-778_3512
15 0.039469 3 0 PTP 1 1_128_-778_3513
13 0.039469 2 1
12 0.039469 2 1 11
13 0.039469 2 1
7 0.039469 1 1
16 0.039469 3 0 PTP 2 1_2_-778_3387
13 0.039469 2 2
12 0.039469 2 2 11
13 0.039469 2 2
7 0.039469 1 2
16 0.039470 3 0 PTP 8 1_8_-778_3393
13 0.039470 2 8
12 0.039470 2 8 11
13 0.039470 2 8
7 0.039470 1 8
16 0.039470 3 0 PTP 7 1_7_-778_3392
13 0.039470 2 7
12 0.039470 2 7 11
13 0.039470 2 7
7 0.039470 1 7
16 0.039470 3 0 PTP 6 1_6_-778_3391
13 0.039470 2 6
12 0.039470 2 6 11
13 0.039470 2 6
7 0.039470 1 6
16 0.039470 3 0 PTP 5 1_5_-778_3390
13 0.039470 2 5
12 0.039470 2 5 11
13 0.039470 2 5
7 0.039470 1 5
16 0.039470 3 0 PTP 4 1_4_-778_3389
13 0.039470 2 4
12 0.039470 2 4 11
13 0.039470 2 4
7 0.039470 1 4
16 0.039470 3 0 PTP 3 1_3_-778_3388
13 0.039470 2 3
12 0.039470 2 3 11
13 0.039470 2 3
7 0.039470 1 3
16 0.039470 3 0 PTP 26 1_26_-778_3411
13 0.039470 2 26
12 0.039470 2 26 11
13 0.039470 2 26
7 0.039470 1 26
16 0.039470 3 0 PTP 25 1_25_-778_3410
13 0.039470 2 25
12 0.039470 2 25 11
13 0.039470 2 25
7 0.039470 1 25
16 0.039470 3 0 PTP 18 1_18_-778_3403
13 0.039470 2 18
12 0.039470 2 18 11
13 0.039470 2 18
7 0.039470 1 18
16 0.039470 3 0 PTP 17 1_17_-778_3402
13 0.039470 2 17
12 0.039470 2 17 11
13 0.039470 2 17
7 0.039470 1 17
16 0.039470 3 0 PTP 10 1_10_-778_3395
13 0.039470 2 10
12 0.039470 2 10 11
13 0.039470 2 10
7 0.039470 1 10
16 0.039470 3 0 PTP 9 1_9_-778_3394
13 0.039470 2 9
12 0.039470 2 9 11
13 0.039470 2 9
7 0.039470 1 9
16 0.039470 3 0 PTP 32 1_32_-778_3417
13 0.039470 2 32
12 0.039470 2 32 11
13 0.039470 2 32
7 0.039470 1 32
16 0.039470 3 0 PTP 31 1_31_-778_3416
13 0.039470 2 31
12 0.039470 2 31 11
13 0.039470 2 31
7 0.039470 1 31
16 0.039470 3 0 PTP 30 1_30_-778_3415
13 0.039470 2 30
12 0.039470 2 30 11
13 0.039470 2 30
7 0.039470 1 30
16 0.039470 3 0 PTP 29 1_29_-778_3414
13 0.039470 2 29
12 0.039470 2 29 11
13 0.039470 2 29
7 0.039470 1 29
16 0.039470 3 0 PTP 28 1_28_-778_3413
13 0.039470 2 28
12 0.039470 2 28 11
13 0.039470 2 28
7 0.039470 1 28
16 0.039470 3 0 PTP 27 1_27_-778_3412
13 0.039470 2 27
12 0.039470 2 27 11
13 0.039470 2 27
7 0.039470 1 27
16 0.039470 3 0 PTP 24 1_24_-778_3409
13 0.039470 2 24
12 0.039470 2 24 11
13 0.039470 2 24
7 0.039470 1 24
16 0.039470 3 0 PTP 23 1_23_-778_3408
13 0.039470 2 23
12 0.039470 2 23 11
13 0.039470 2 23
7 0.039470 1 23
16 0.039470 3 0 PTP 22 1_22_-778_3407
13 0.039470 2 22
12 0.039470 2 22 11
13 0.039470 2 22
7 0.039470 1 22
16 0.039470 3 0 PTP 21 1_21_-778_3406
13 0.039470 2 21
12 0.039470 2 21 11
13 0.039470 2 21
7 0.039470 1 21
16 0.039470 3 0 PTP 20 1_20_-778_3405
13 0.039470 2 20
12 0.039470 2 20 11
13 0.039470 2 20
7 0.039470 1 20
16 0.039470 3 0 PTP 19 1_19_-778_3404
13 0.039470 2 19
12 0.039470 2 19 11
13 0.039470 2 19
7 0.039470 1 19
16 0.039470 3 0 PTP 16 1_16_-778_3401
13 0.039470 2 16
12 0.039470 2 16 11
13 0.039470 2 16
7 0.039470 1 16
16 0.039470 3 0 PTP 15 1_15_-778_3400
13 0.039470 2 15
12 0.039470 2 15 11
13 0.039470 2 15
7 0.039470 1 15
16 0.039470 3 0 PTP 14 1_14_-778_3399
13 0.039470 2 14
12 0.039470 2 14 11
13 0.039470 2 14
7 0.039470 1 14
16 0.039470 3 0 PTP 13 1_13_-778_3398
13 0.039470 2 13
12 0.039470 2 13 11
13 0.039470 2 13
7 0.039470 1 13
16 0.039470 3 0 PTP 12 1_12_-778_3397
13 0.039470 2 12
12 0.039470 2 12 11
13 0.039470 2 12
7 0.039470 1 12
16 0.039470 3 0 PTP 11 1_11_-778_3396
13 0.039470 2 11
12 0.039470 2 11 11
13 0.039470 2 11
7 0.039470 1 11
16 0.039470 3 0 PTP 98 1_98_-778_3483
13 0.039470 2 98
12 0.039470 2 98 11
13 0.039470 2 98
7 0.039470 1 98
16 0.039470 3 0 PTP 97 1_97_-778_3482
13 0.039470 2 97
12 0.039470 2 97 11
13 0.039470 2 97
7 0.039470 1 97
16 0.039470 3 0 PTP 66 1_66_-778_3451
13 0.039470 2 66
12 0.039470 2 66 11
13 0.039470 2 66
7 0.039470 1 66
16 0.039470 3 0 PTP 65 1_65_-778_3450
13 0.039470 2 65
12 0.039470 2 65 11
13 0.039470 2 65
7 0.039470 1 65
16 0.039470 3 0 PTP 34 1_34_-778_3419
13 0.039470 2 34
12 0.039470 2 34 11
13 0.039470 2 34
7 0.039470 1 34
16 0.039470 3 0 PTP 33 1_33_-778_3418
13 0.039470 2 33
12 0.039470 2 33 11
13 0.039470 2 33
7 0.039470 1 33
16 0.039470 3 0 PTP 104 1_104_-778_3489
13 0.039470 2 104
12 0.039470 2 104 11
13 0.039470 2 104
7 0.039470 1 104
16 0.039470 3 0 PTP 103 1_103_-778_3488
13 0.039470 2 103
12 0.039470 2 103 11
13 0.039470 2 103
7 0.039470 1 103
16 0.039470 3 0 PTP 102 1_102_-778_3487
13 0.039470 2 102
12 0.039470 2 102 11
13 0.039470 2 102
7 0.039470 1 102
16 0.039470 3 0 PTP 101 1_101_-778_3486
13 0.039470 2 101
12 0.039470 2 101 11
13 0.039470 2 101
7 0.039470 1 101
16 0.039470 3 0 PTP 100 1_100_-778_3485
13 0.039470 2 100
12 0.039470 2 100 11
13 0.039470 2 100
7 0.039470 1 100
16 0.039470 3 0 PTP 99 1_99_-778_3484
13 0.039470 2 99
12 0.039470 2 99 11
13 0.039470 2 99
7 0.039470 1 99
16 0.039470 3 0 PTP 72 1_72_-778_3457
13 0.039470 2 72
12 0.039470 2 72 11
13 0.039470 2 72
7 0.039470 1 72
16 0.039470 3 0 PTP 71 1_71_-778_3456
13 0.039470 2 71
12 0.039470 2 71 11
13 0.039470 2 71
7 0.039470 1 71
16 0.039470 3 0 PTP 70 1_70_-778_3455
13 0.039470 2 70
12 0.039470 2 70 11
13 0.039470 2 70
7 0.039470 1 70
16 0.039470 3 0 PTP 69 1_69_-778_3454
13 0.039470 2 69
12 0.039470 2 69 11
13 0.039470 2 69
7 0.039470 1 69
16 0.039470 3 0 PTP 68 1_68_-778_3453
13 0.039470 2 68
12 0.039470 2 68 11
13 0.039470 2 68
7 0.039470 1 68
16 0.039470 3 0 PTP 67 1_67_-778_3452
13 0.039470 2 67
12 0.039470 2 67 11
13 0.039470 2 67
7 0.039470 1 67
16 0.039470 3 0 PTP 40 1_40_-778_3425
13 0.039470 2 40
12 0.039470 2 40 11
13 0.039470 2 40
7 0.039470 1 40
16 0.039470 3 0 PTP 39 1_39_-778_3424
13 0.039470 2 39
12 0.039470 2 39 11
13 0.039470 2 39
7 0.039470 1 39
16 0.039470 3 0 PTP 38 1_38_-778_3423
13 0.039470 2 38
12 0.039470 2 38 11
13 0.039470 2 38
7 0.039470 1 38
16 0.039470 3 0 PTP 37 1_37_-778_3422
13 0.039470 2 37
12 0.039470 2 37 11
13 0.039470 2 37
7 0.039470 1 37
16 0.039470 3 0 PTP 36 1_36_-778_3421
13 0.039470 2 36
12 0.039470 2 36 11
13 0.039470 2 36
7 0.039470 1 36
16 0.039470 3 0 PTP 35 1_35_-778_3420
13 0.039470 2 35
12 0.039470 2 35 11
13 0.039470 2 35
7 0.039470 1 35
16 0.039471 3 0 PTP 122 1_122_-778_3507
13 0.039471 2 122
12 0.039471 2 122 11
13 0.039471 2 122
7 0.039471 1 122
16 0.039471 3 0 PTP 121 1_121_-778_3506
13 0.039471 2 121
12 0.039471 2 121 11
13 0.039471 2 121
7 0.039471 1 121
16 0.039471 3 0 PTP 114 1_114_-778_3499
13 0.039471 2 114
12 0.039471 2 114 11
13 0.039471 2 114
7 0.039471 1 114
16 0.039471 3 0 PTP 113 1_113_-778_3498
13 0.039471 2 113
12 0.039471 2 113 11
13 0.039471 2 113
7 0.039471 1 113
16 0.039471 3 0 PTP 106 1_106_-778_3491
13 0.039471 2 106
12 0.039471 2 106 11
13 0.039471 2 106
7 0.039471 1 106
16 0.039471 3 0 PTP 105 1_105_-778_3490
13 0.039471 2 105
12 0.039471 2 105 11
13 0.039471 2 105
7 0.039471 1 105
16 0.039471 3 0 PTP 90 1_90_-778_3475
13 0.039471 2 90
12 0.039471 2 90 11
13 0.039471 2 90
7 0.039471 1 90
16 0.039471 3 0 PTP 89 1_89_-778_3474
13 0.039471 2 89
12 0.039471 2 89 11
13 0.039471 2 89
7 0.039471 1 89
16 0.039471 3 0 PTP 82 1_82_-778_3467
13 0.039471 2 82
12 0.039471 2 82 11
13 0.039471 2 82
7 0.039471 1 82
16 0.039471 3 0 PTP 81 1_81_-778_3466
13 0.039471 2 81
12 0.039471 2 81 11
13 0.039471 2 81
7 0.039471 1 81
16 0.039471 3 0 PTP 74 1_74_-778_3459
13 0.039471 2 74
12 0.039471 2 74 11
13 0.039471 2 74
7 0.039471 1 74
16 0.039471 3 0 PTP 73 1_73_-778_3458
13 0.039471 2 73
12 0.039471 2 73 11
13 0.039471 2 73
7 0.039471 1 73
16 0.039471 3 0 PTP 58 1_58_-778_3443
13 0.039471 2 58
12 0.039471 2 58 11
13 0.039471 2 58
7 0.039471 1 58
16 0.039471 3 0 PTP 57 1_57_-778_3442
13 0.039471 2 57
12 0.039471 2 57 11
13 0.039471 2 57
7 0.039471 1 57
16 0.039471 3 0 PTP 50 1_50_-778_3435
13 0.039471 2 50
12 0.039471 2 50 11
13 0.039471 2 50
7 0.039471 1 50
16 0.039471 3 0 PTP 49 1_49_-778_3434
13 0.039471 2 49
12 0.039471 2 49 11
13 0.039471 2 49
7 0.039471 1 49
16 0.039471 3 0 PTP 42 1_42_-778_3427
13 0.039471 2 42
12 0.039471 2 42 11
13 0.039471 2 42
7 0.039471 1 42
16 0.039471 3 0 PTP 41 1_41_-778_3426
13 0.039471 2 41
12 0.039471 2 41 11
13 0.039471 2 41
7 0.039471 1 41
16 0.039471 3 0 PTP 128 1_128_-778_3513
13 0.039471 2 128
12 0.039471 2 128 11
13 0.039471 2 128
7 0.039471 1 128
16 0.039471 3 0 PTP 127 1_127_-778_3512
13 0.039471 2 127
12 0.039471 2 127 11
13 0.039471 2 127
7 0.039471 1 127
16 0.039471 3 0 PTP 126 1_126_-778_3511
13 0.039471 2 126
12 0.039471 2 126 11
13 0.039471 2 126
7 0.039471 1 126
16 0.039471 3 0 PTP 125 1_125_-778_3510
13 0.039471 2 125
12 0.039471 2 125 11
13 0.039471 2 125
7 0.039471 1 125
16 0.039471 3 0 PTP 124 1_124_-778_3509
13 0.039471 2 124
12 0.039471 2 124 11
13 0.039471 2 124
7 0.039471 1 124
16 0.039471 3 0 PTP 123 1_123_-778_3508
13 0.039471 2 123
12 0.039471 2 123 11
13 0.039471 2 123
7 0.039471 1 123
16 0.039471 3 0 PTP 120 1_120_-778_3505
13 0.039471 2 120
12 0.039471 2 120 11
13 0.039471 2 120
7 0.039471 1 120
16 0.039471 3 0 PTP 119 1_119_-778_3504
13 0.039471 2 119
12 0.039471 2 119 11
13 0.039471 2 119
7 0.039471 1 119
16 0.039471 3 0 PTP 118 1_118_-778_3503
13 0.039471 2 118
12 0.039471 2 118 11
13 0.039471 2 118
7 0.039471 1 118
16 0.039471 3 0 PTP 117 1_117_-778_3502
13 0.039471 2 117
12 0.039471 2 117 11
13 0.039471 2 117
7 0.039471 1 117
16 0.039471 3 0 PTP 116 1_116_-778_3501
13 0.039471 2 116
12 0.039471 2 116 11
13 0.039471 2 116
7 0.039471 1 116
16 0.039471 3 0 PTP 115 1_115_-778_3500
13 0.039471 2 115
12 0.039471 2 115 11
13 0.039471 2 115
7 0.039471 1 115
16 0.039471 3 0 PTP 112 1_112_-778_3497
13 0.039471 2 112
12 0.039471 2 112 11
13 0.039471 2 112
7 0.039471 1 112
16 0.039471 3 0 PTP 111 1_111_-778_3496
13 0.039471 2 111
12 0.039471 2 111 11
13 0.039471 2 111
7 0.039471 1 111
16 0.039471 3 0 PTP 110 1_110_-778_3495
13 0.039471 2 110
12 0.039471 2 110 11
13 0.039471 2 110
7 0.039471 1 110
16 0.039471 3 0 PTP 109 1_109_-778_3494
13 0.039471 2 109
12 0.039471 2 109 11
13 0.039471 2 109
7 0.039471 1 109
16 0.039471 3 0 PTP 108 1_108_-778_3493
13 0.039471 2 108
12 0.039471 2 108 11
13 0.039471 2 108
7 0.039471 1 108
16 0.039471 3 0 PTP 107 1_107_-778_3492
13 0.039471 2 107
12 0.039471 2 107 11
13 0.039471 2 107
7 0.039471 1 107
16 0.039471 3 0 PTP 96 1_96_-778_3481
13 0.039471 2 96
12 0.039471 2 96 11
13 0.039471 2 96
7 0.039471 1 96
16 0.039471 3 0 PTP 95 1_95_-778_3480
13 0.039471 2 95
12 0.039471 2 95 11
13 0.039471 2 95
7 0.039471 1 95
16 0.039471 3 0 PTP 94 1_94_-778_3479
13 0.039471 2 94
12 0.039471 2 94 11
13 0.039471 2 94
7 0.039471 1 94
16 0.039471 3 0 PTP 93 1_93_-778_3478
13 0.039471 2 93
12 0.039471 2 93 11
13 0.039471 2 93
7 0.039471 1 93
16 0.039471 3 0 PTP 92 1_92_-778_3477
13 0.039471 2 92
12 0.039471 2 92 11
13 0.039471 2 92
7 0.039471 1 92
16 0.039471 3 0 PTP 91 1_91_-778_3476
13 0.039471 2 91
12 0.039471 2 91 11
13 0.039471 2 91
7 0.039471 1 91
16 0.039471 3 0 PTP 88 1_88_-778_3473
13 0.039471 2 88
12 0.039471 2 88 11
13 0.039471 2 88
7 0.039471 1 88
16 0.039471 3 0 PTP 87 1_87_-778_3472
13 0.039471 2 87
12 0.039471 2 87 11
13 0.039471 2 87
7 0.039471 1 87
16 0.039471 3 0 PTP 86 1_86_-778_3471
13 0.039471 2 86
12 0.039471 2 86 11
13 0.039471 2 86
7 0.039471 1 86
16 0.039471 3 0 PTP 85 1_85_-778_3470
13 0.039471 2 85
12 0.039471 2 85 11
13 0.039471 2 85
7 0.039471 1 85
16 0.039471 3 0 PTP 84 1_84_-778_3469
13 0.039471 2 84
12 0.039471 2 84 11
13 0.039471 2 84
7 0.039471 1 84
16 0.039471 3 0 PTP 83 1_83_-778_3468
13 0.039471 2 83
12 0.039471 2 83 11
13 0.039471 2 83
7 0.039471 1 83
16 0.039471 3 0 PTP 80 1_80_-778_3465
13 0.039471 2 80
12 0.039471 2 80 11
13 0.039471 2 80
7 0.039471 1 80
16 0.039471 3 0 PTP 79 1_79_-778_3464
13 0.039471 2 79
12 0.039471 2 79 11
13 0.039471 2 79
7 0.039471 1 79
16 0.039471 3 0 PTP 78 1_78_-778_3463
13 0.039471 2 78
12 0.039471 2 78 11
13 0.039471 2 78
7 0.039471 1 78
16 0.039471 3 0 PTP 77 1_77_-778_3462
13 0.039471 2 77
12 0.039471 2 77 11
13 0.039471 2 77
7 0.039471 1 77
16 0.039471 3 0 PTP 76 1_76_-778_3461
13 0.039471 2 76
12 0.039471 2 76 11
13 0.039471 2 76
7 0.039471 1 76
16 0.039471 3 0 PTP 75 1_75_-778_3460
13 0.039471 2 75
12 0.039471 2 75 11
13 0.039471 2 75
7 0.039471 1 75
16 0.039471 3 0 PTP 64 1_64_-778_3449
13 0.039471 2 64
12 0.039471 2 64 11
13 0.039471 2 64
7 0.039471 1 64
16 0.039471 3 0 PTP 63 1_63_-778_3448
13 0.039471 2 63
12 0.039471 2 63 11
13 0.039471 2 63
7 0.039471 1 63
16 0.039471 3 0 PTP 62 1_62_-778_3447
13 0.039471 2 62
12 0.039471 2 62 11
13 0.039471 2 62
7 0.039471 1 62
16 0.039471 3 0 PTP 61 1_61_-778_3446
13 0.039471 2 61
12 0.039471 2 61 11
13 0.039471 2 61
7 0.039471 1 61
16 0.039471 3 0 PTP 60 1_60_-778_3445
13 0.039471 2 60
12 0.039471 2 60 11
13 0.039471 2 60
7 0.039471 1 60
16 0.039471 3 0 PTP 59 1_59_-778_3444
13 0.039471 2 59
12 0.039471 2 59 11
13 0.039471 2 59
7 0.039471 1 59
16 0.039471 3 0 PTP 56 1_56_-778_3441
13 0.039471 2 56
12 0.039471 2 56 11
13 0.039471 2 56
7 0.039471 1 56
16 0.039471 3 0 PTP 55 1_55_-778_3440
13 0.039471 2 55
12 0.039471 2 55 11
13 0.039471 2 55
7 0.039471 1 55
16 0.039471 3 0 PTP 54 1_54_-778_3439
13 0.039471 2 54
12 0.039471 2 54 11
13 0.039471 2 54
7 0.039471 1 54
16 0.039471 3 0 PTP 53 1_53_-778_3438
13 0.039471 2 53
12 0.039471 2 53 11
13 0.039471 2 53
7 0.039471 1 53
16 0.039471 3 0 PTP 52 1_52_-778_3437
13 0.039471 2 52
12 0.039471 2 52 11
13 0.039471 2 52
7 0.039471 1 52
16 0.039471 3 0 PTP 51 1_51_-778_3436
13 0.039471 2 51
12 0.039471 2 51 11
13 0.039471 2 51
7 0.039471 1 51
16 0.039471 3 0 PTP 48 1_48_-778_3433
13 0.039471 2 48
12 0.039471 2 48 11
13 0.039471 2 48
7 0.039471 1 48
16 0.039471 3 0 PTP 47 1_47_-778_3432
13 0.039471 2 47
12 0.039471 2 47 11
13 0.039471 2 47
7 0.039471 1 47
16 0.039471 3 0 PTP 46 1_46_-778_3431
13 0.039471 2 46
12 0.039471 2 46 11
13 0.039471 2 46
7 0.039471 1 46
16 0.039471 3 0 PTP 45 1_45_-778_3430
13 0.039471 2 45
12 0.039471 2 45 11
13 0.039471 2 45
7 0.039471 1 45
16 0.039471 3 0 PTP 44 1_44_-778_3429
13 0.039471 2 44
12 0.039471 2 44 11
13 0.039471 2 44
7 0.039471 1 44
16 0.039471 3 0 PTP 43 1_43_-778_3428
13 0.039471 2 43
12 0.039471 2 43 11
13 0.039471 2 43
7 0.039471 1 43
