Container, 0, 0, 0, 0.014983, 0.014983, 0
Link, 0, MPI_LINK, 0.000057, 0.000406, 0.000349, PTP, "rank-1", "rank-0", 2_1_-778_124
Link, 0, MPI_LINK, 0.000046, 0.000406, 0.000360, PTP, "rank-2", "rank-0", 3_1_-778_113
Link, 0, MPI_LINK, 0.000043, 0.000406, 0.000363, PTP, "rank-3", "rank-0", 4_1_-778_94
Link, 0, MPI_LINK, 0.000043, 0.000406, 0.000363, PTP, "rank-4", "rank-0", 5_1_-778_95
Link, 0, MPI_LINK, 0.000044, 0.000406, 0.000362, PTP, "rank-5", "rank-0", 6_1_-778_104
Link, 0, MPI_LINK, 0.000047, 0.000406, 0.000359, PTP, "rank-6", "rank-0", 7_1_-778_117
Link, 0, MPI_LINK, 0.000042, 0.000406, 0.000364, PTP, "rank-7", "rank-0", 8_1_-778_87
Link, 0, MPI_LINK, 0.000043, 0.000406, 0.000363, PTP, "rank-8", "rank-0", 9_1_-778_96
Link, 0, MPI_LINK, 0.000047, 0.000406, 0.000359, PTP, "rank-9", "rank-0", 10_1_-778_118
Link, 0, MPI_LINK, 0.000053, 0.000406, 0.000353, PTP, "rank-10", "rank-0", 11_1_-778_123
Link, 0, MPI_LINK, 0.000044, 0.000406, 0.000362, PTP, "rank-11", "rank-0", 12_1_-778_105
Link, 0, MPI_LINK, 0.000043, 0.000406, 0.000363, PTP, "rank-12", "rank-0", 13_1_-778_97
Link, 0, MPI_LINK, 0.000043, 0.000406, 0.000363, PTP, "rank-13", "rank-0", 14_1_-778_98
Link, 0, MPI_LINK, 0.000047, 0.000406, 0.000359, PTP, "rank-14", "rank-0", 15_1_-778_119
Link, 0, MPI_LINK, 0.000044, 0.000406, 0.000362, PTP, "rank-15", "rank-0", 16_1_-778_106
Link, 0, MPI_LINK, 0.000062, 0.000407, 0.000345, PTP, "rank-16", "rank-0", 17_1_-778_126
Link, 0, MPI_LINK, 0.000042, 0.000407, 0.000365, PTP, "rank-17", "rank-0", 18_1_-778_88
Link, 0, MPI_LINK, 0.000043, 0.000407, 0.000364, PTP, "rank-18", "rank-0", 19_1_-778_99
Link, 0, MPI_LINK, 0.000041, 0.000407, 0.000366, PTP, "rank-19", "rank-0", 20_1_-778_82
Link, 0, MPI_LINK, 0.000045, 0.000407, 0.000362, PTP, "rank-20", "rank-0", 21_1_-778_112
Link, 0, MPI_LINK, 0.000043, 0.000407, 0.000364, PTP, "rank-21", "rank-0", 22_1_-778_100
Link, 0, MPI_LINK, 0.000047, 0.000407, 0.000360, PTP, "rank-22", "rank-0", 23_1_-778_120
Link, 0, MPI_LINK, 0.000046, 0.000407, 0.000361, PTP, "rank-23", "rank-0", 24_1_-778_114
Link, 0, MPI_LINK, 0.000048, 0.000407, 0.000359, PTP, "rank-24", "rank-0", 25_1_-778_121
Link, 0, MPI_LINK, 0.000042, 0.000407, 0.000365, PTP, "rank-25", "rank-0", 26_1_-778_89
Link, 0, MPI_LINK, 0.000043, 0.000407, 0.000364, PTP, "rank-26", "rank-0", 27_1_-778_101
Link, 0, MPI_LINK, 0.000044, 0.000407, 0.000363, PTP, "rank-27", "rank-0", 28_1_-778_107
Link, 0, MPI_LINK, 0.000043, 0.000407, 0.000364, PTP, "rank-28", "rank-0", 29_1_-778_102
Link, 0, MPI_LINK, 0.000067, 0.000407, 0.000340, PTP, "rank-29", "rank-0", 30_1_-778_127
Link, 0, MPI_LINK, 0.000044, 0.000407, 0.000363, PTP, "rank-30", "rank-0", 31_1_-778_108
Link, 0, MPI_LINK, 0.000042, 0.000407, 0.000365, PTP, "rank-31", "rank-0", 32_1_-778_90
Link, 0, MPI_LINK, 0.000044, 0.000407, 0.000363, PTP, "rank-32", "rank-0", 33_1_-778_109
Link, 0, MPI_LINK, 0.000041, 0.000407, 0.000366, PTP, "rank-33", "rank-0", 34_1_-778_83
Link, 0, MPI_LINK, 0.000042, 0.000407, 0.000365, PTP, "rank-34", "rank-0", 35_1_-778_91
Link, 0, MPI_LINK, 0.000044, 0.000407, 0.000363, PTP, "rank-35", "rank-0", 36_1_-778_110
Link, 0, MPI_LINK, 0.000039, 0.000407, 0.000368, PTP, "rank-36", "rank-0", 37_1_-778_72
Link, 0, MPI_LINK, 0.000044, 0.000407, 0.000363, PTP, "rank-37", "rank-0", 38_1_-778_111
Link, 0, MPI_LINK, 0.000040, 0.000407, 0.000367, PTP, "rank-38", "rank-0", 39_1_-778_78
Link, 0, MPI_LINK, 0.000043, 0.000407, 0.000364, PTP, "rank-39", "rank-0", 40_1_-778_103
Link, 0, MPI_LINK, 0.000040, 0.000407, 0.000367, PTP, "rank-40", "rank-0", 41_1_-778_79
Link, 0, MPI_LINK, 0.000038, 0.000407, 0.000369, PTP, "rank-41", "rank-0", 42_1_-778_53
Link, 0, MPI_LINK, 0.000037, 0.000407, 0.000370, PTP, "rank-42", "rank-0", 43_1_-778_40
Link, 0, MPI_LINK, 0.000037, 0.000407, 0.000370, PTP, "rank-43", "rank-0", 44_1_-778_41
Link, 0, MPI_LINK, 0.000038, 0.000407, 0.000369, PTP, "rank-44", "rank-0", 45_1_-778_54
Link, 0, MPI_LINK, 0.000038, 0.000407, 0.000369, PTP, "rank-45", "rank-0", 46_1_-778_55
Link, 0, MPI_LINK, 0.000038, 0.000407, 0.000369, PTP, "rank-46", "rank-0", 47_1_-778_56
Link, 0, MPI_LINK, 0.000038, 0.000407, 0.000369, PTP, "rank-47", "rank-0", 48_1_-778_57
Link, 0, MPI_LINK, 0.000038, 0.000407, 0.000369, PTP, "rank-48", "rank-0", 49_1_-778_58
Link, 0, MPI_LINK, 0.000041, 0.000407, 0.000366, PTP, "rank-49", "rank-0", 50_1_-778_84
Link, 0, MPI_LINK, 0.000036, 0.000407, 0.000371, PTP, "rank-50", "rank-0", 51_1_-778_34
Link, 0, MPI_LINK, 0.000037, 0.000407, 0.000370, PTP, "rank-51", "rank-0", 52_1_-778_42
Link, 0, MPI_LINK, 0.000037, 0.000407, 0.000370, PTP, "rank-52", "rank-0", 53_1_-778_43
Link, 0, MPI_LINK, 0.000037, 0.000407, 0.000370, PTP, "rank-53", "rank-0", 54_1_-778_44
Link, 0, MPI_LINK, 0.000037, 0.000407, 0.000370, PTP, "rank-54", "rank-0", 55_1_-778_45
Link, 0, MPI_LINK, 0.000037, 0.000407, 0.000370, PTP, "rank-55", "rank-0", 56_1_-778_46
Link, 0, MPI_LINK, 0.000040, 0.000407, 0.000367, PTP, "rank-56", "rank-0", 57_1_-778_80
Link, 0, MPI_LINK, 0.000037, 0.000407, 0.000370, PTP, "rank-57", "rank-0", 58_1_-778_47
Link, 0, MPI_LINK, 0.000046, 0.000407, 0.000361, PTP, "rank-58", "rank-0", 59_1_-778_115
Link, 0, MPI_LINK, 0.000042, 0.000407, 0.000365, PTP, "rank-59", "rank-0", 60_1_-778_92
Link, 0, MPI_LINK, 0.000037, 0.000407, 0.000370, PTP, "rank-60", "rank-0", 61_1_-778_48
Link, 0, MPI_LINK, 0.000038, 0.000407, 0.000369, PTP, "rank-61", "rank-0", 62_1_-778_59
Link, 0, MPI_LINK, 0.000038, 0.000407, 0.000369, PTP, "rank-62", "rank-0", 63_1_-778_60
Link, 0, MPI_LINK, 0.000036, 0.000407, 0.000371, PTP, "rank-63", "rank-0", 64_1_-778_35
Link, 0, MPI_LINK, 0.000039, 0.000407, 0.000368, PTP, "rank-64", "rank-0", 65_1_-778_73
Link, 0, MPI_LINK, 0.000036, 0.000407, 0.000371, PTP, "rank-65", "rank-0", 66_1_-778_36
Link, 0, MPI_LINK, 0.000038, 0.000407, 0.000369, PTP, "rank-66", "rank-0", 67_1_-778_61
Link, 0, MPI_LINK, 0.000037, 0.000407, 0.000370, PTP, "rank-67", "rank-0", 68_1_-778_49
Link, 0, MPI_LINK, 0.000037, 0.000407, 0.000370, PTP, "rank-68", "rank-0", 69_1_-778_50
Link, 0, MPI_LINK, 0.000038, 0.000407, 0.000369, PTP, "rank-69", "rank-0", 70_1_-778_62
Link, 0, MPI_LINK, 0.000038, 0.000407, 0.000369, PTP, "rank-70", "rank-0", 71_1_-778_63
Link, 0, MPI_LINK, 0.000037, 0.000407, 0.000370, PTP, "rank-71", "rank-0", 72_1_-778_51
Link, 0, MPI_LINK, 0.000038, 0.000407, 0.000369, PTP, "rank-72", "rank-0", 73_1_-778_64
Link, 0, MPI_LINK, 0.000038, 0.000407, 0.000369, PTP, "rank-73", "rank-0", 74_1_-778_65
Link, 0, MPI_LINK, 0.000039, 0.000407, 0.000368, PTP, "rank-74", "rank-0", 75_1_-778_74
Link, 0, MPI_LINK, 0.000039, 0.000407, 0.000368, PTP, "rank-75", "rank-0", 76_1_-778_75
Link, 0, MPI_LINK, 0.000039, 0.000407, 0.000368, PTP, "rank-76", "rank-0", 77_1_-778_76
Link, 0, MPI_LINK, 0.000038, 0.000407, 0.000369, PTP, "rank-77", "rank-0", 78_1_-778_66
Link, 0, MPI_LINK, 0.000038, 0.000407, 0.000369, PTP, "rank-78", "rank-0", 79_1_-778_67
Link, 0, MPI_LINK, 0.000046, 0.000407, 0.000361, PTP, "rank-79", "rank-0", 80_1_-778_116
Link, 0, MPI_LINK, 0.000039, 0.000407, 0.000368, PTP, "rank-80", "rank-0", 81_1_-778_77
Link, 0, MPI_LINK, 0.000038, 0.000407, 0.000369, PTP, "rank-81", "rank-0", 82_1_-778_68
Link, 0, MPI_LINK, 0.000042, 0.000407, 0.000365, PTP, "rank-82", "rank-0", 83_1_-778_93
Link, 0, MPI_LINK, 0.000059, 0.000407, 0.000348, PTP, "rank-83", "rank-0", 84_1_-778_125
Link, 0, MPI_LINK, 0.000034, 0.000407, 0.000373, PTP, "rank-84", "rank-0", 85_1_-778_22
Link, 0, MPI_LINK, 0.000041, 0.000407, 0.000366, PTP, "rank-85", "rank-0", 86_1_-778_85
Link, 0, MPI_LINK, 0.000034, 0.000407, 0.000373, PTP, "rank-86", "rank-0", 87_1_-778_23
Link, 0, MPI_LINK, 0.000049, 0.000407, 0.000358, PTP, "rank-87", "rank-0", 88_1_-778_122
Link, 0, MPI_LINK, 0.000036, 0.000407, 0.000371, PTP, "rank-88", "rank-0", 89_1_-778_37
Link, 0, MPI_LINK, 0.000036, 0.000407, 0.000371, PTP, "rank-89", "rank-0", 90_1_-778_38
Link, 0, MPI_LINK, 0.000035, 0.000407, 0.000372, PTP, "rank-90", "rank-0", 91_1_-778_30
Link, 0, MPI_LINK, 0.000034, 0.000407, 0.000373, PTP, "rank-91", "rank-0", 92_1_-778_24
Link, 0, MPI_LINK, 0.000034, 0.000407, 0.000373, PTP, "rank-92", "rank-0", 93_1_-778_25
Link, 0, MPI_LINK, 0.000034, 0.000407, 0.000373, PTP, "rank-93", "rank-0", 94_1_-778_26
Link, 0, MPI_LINK, 0.000038, 0.000407, 0.000369, PTP, "rank-94", "rank-0", 95_1_-778_69
Link, 0, MPI_LINK, 0.000037, 0.000407, 0.000370, PTP, "rank-95", "rank-0", 96_1_-778_52
Link, 0, MPI_LINK, 0.000035, 0.000407, 0.000372, PTP, "rank-96", "rank-0", 97_1_-778_31
Link, 0, MPI_LINK, 0.000036, 0.000407, 0.000371, PTP, "rank-97", "rank-0", 98_1_-778_39
Link, 0, MPI_LINK, 0.000035, 0.000407, 0.000372, PTP, "rank-98", "rank-0", 99_1_-778_32
Link, 0, MPI_LINK, 0.000033, 0.000407, 0.000374, PTP, "rank-99", "rank-0", 100_1_-778_13
Link, 0, MPI_LINK, 0.000041, 0.000407, 0.000366, PTP, "rank-100", "rank-0", 101_1_-778_86
Link, 0, MPI_LINK, 0.000034, 0.000407, 0.000373, PTP, "rank-101", "rank-0", 102_1_-778_27
Link, 0, MPI_LINK, 0.000033, 0.000407, 0.000374, PTP, "rank-102", "rank-0", 103_1_-778_14
Link, 0, MPI_LINK, 0.000038, 0.000407, 0.000369, PTP, "rank-103", "rank-0", 104_1_-778_70
Link, 0, MPI_LINK, 0.000034, 0.000407, 0.000373, PTP, "rank-104", "rank-0", 105_1_-778_28
Link, 0, MPI_LINK, 0.000033, 0.000407, 0.000374, PTP, "rank-105", "rank-0", 106_1_-778_15
Link, 0, MPI_LINK, 0.000034, 0.000407, 0.000373, PTP, "rank-106", "rank-0", 107_1_-778_29
Link, 0, MPI_LINK, 0.000032, 0.000407, 0.000375, PTP, "rank-107", "rank-0", 108_1_-778_6
Link, 0, MPI_LINK, 0.000030, 0.000407, 0.000377, PTP, "rank-108", "rank-0", 109_1_-778_1
Link, 0, MPI_LINK, 0.000033, 0.000407, 0.000374, PTP, "rank-109", "rank-0", 110_1_-778_16
Link, 0, MPI_LINK, 0.000038, 0.000407, 0.000369, PTP, "rank-110", "rank-0", 111_1_-778_71
Link, 0, MPI_LINK, 0.000032, 0.000407, 0.000375, PTP, "rank-111", "rank-0", 112_1_-778_7
Link, 0, MPI_LINK, 0.000030, 0.000407, 0.000377, PTP, "rank-112", "rank-0", 113_1_-778_2
Link, 0, MPI_LINK, 0.000032, 0.000407, 0.000375, PTP, "rank-113", "rank-0", 114_1_-778_8
Link, 0, MPI_LINK, 0.000033, 0.000407, 0.000374, PTP, "rank-114", "rank-0", 115_1_-778_17
Link, 0, MPI_LINK, 0.000035, 0.000407, 0.000372, PTP, "rank-115", "rank-0", 116_1_-778_33
Link, 0, MPI_LINK, 0.000033, 0.000407, 0.000374, PTP, "rank-116", "rank-0", 117_1_-778_18
Link, 0, MPI_LINK, 0.000031, 0.000407, 0.000376, PTP, "rank-117", "rank-0", 118_1_-778_3
Link, 0, MPI_LINK, 0.000031, 0.000407, 0.000376, PTP, "rank-118", "rank-0", 119_1_-778_4
Link, 0, MPI_LINK, 0.000033, 0.000407, 0.000374, PTP, "rank-119", "rank-0", 120_1_-778_19
Link, 0, MPI_LINK, 0.000032, 0.000407, 0.000375, PTP, "rank-120", "rank-0", 121_1_-778_9
Link, 0, MPI_LINK, 0.000033, 0.000407, 0.000374, PTP, "rank-121", "rank-0", 122_1_-778_20
Link, 0, MPI_LINK, 0.000040, 0.000407, 0.000367, PTP, "rank-122", "rank-0", 123_1_-778_81
Link, 0, MPI_LINK, 0.000033, 0.000407, 0.000374, PTP, "rank-123", "rank-0", 124_1_-778_21
Link, 0, MPI_LINK, 0.000032, 0.000407, 0.000375, PTP, "rank-124", "rank-0", 125_1_-778_10
Link, 0, MPI_LINK, 0.000032, 0.000407, 0.000375, PTP, "rank-125", "rank-0", 126_1_-778_11
Link, 0, MPI_LINK, 0.000031, 0.000407, 0.000376, PTP, "rank-126", "rank-0", 127_1_-778_5
Link, 0, MPI_LINK, 0.000032, 0.000407, 0.000375, PTP, "rank-127", "rank-0", 128_1_-778_12
Link, 0, MPI_LINK, 0.000407, 0.000407, 0.000000, PTP, "rank-0", "rank-15", 1_16_-778_142
Link, 0, MPI_LINK, 0.000407, 0.000407, 0.000000, PTP, "rank-0", "rank-14", 1_15_-778_141
Link, 0, MPI_LINK, 0.000407, 0.000407, 0.000000, PTP, "rank-0", "rank-13", 1_14_-778_140
Link, 0, MPI_LINK, 0.000407, 0.000407, 0.000000, PTP, "rank-0", "rank-12", 1_13_-778_139
Link, 0, MPI_LINK, 0.000407, 0.000407, 0.000000, PTP, "rank-0", "rank-11", 1_12_-778_138
Link, 0, MPI_LINK, 0.000407, 0.000407, 0.000000, PTP, "rank-0", "rank-10", 1_11_-778_137
Link, 0, MPI_LINK, 0.000407, 0.000407, 0.000000, PTP, "rank-0", "rank-9", 1_10_-778_136
Link, 0, MPI_LINK, 0.000407, 0.000407, 0.000000, PTP, "rank-0", "rank-8", 1_9_-778_135
Link, 0, MPI_LINK, 0.000407, 0.000407, 0.000000, PTP, "rank-0", "rank-7", 1_8_-778_134
Link, 0, MPI_LINK, 0.000407, 0.000407, 0.000000, PTP, "rank-0", "rank-6", 1_7_-778_133
Link, 0, MPI_LINK, 0.000407, 0.000407, 0.000000, PTP, "rank-0", "rank-5", 1_6_-778_132
Link, 0, MPI_LINK, 0.000407, 0.000407, 0.000000, PTP, "rank-0", "rank-4", 1_5_-778_131
Link, 0, MPI_LINK, 0.000407, 0.000407, 0.000000, PTP, "rank-0", "rank-3", 1_4_-778_130
Link, 0, MPI_LINK, 0.000407, 0.000407, 0.000000, PTP, "rank-0", "rank-2", 1_3_-778_129
Link, 0, MPI_LINK, 0.000407, 0.000407, 0.000000, PTP, "rank-0", "rank-1", 1_2_-778_128
Link, 0, MPI_LINK, 0.000407, 0.000408, 0.000001, PTP, "rank-0", "rank-127", 1_128_-778_254
Link, 0, MPI_LINK, 0.000407, 0.000408, 0.000001, PTP, "rank-0", "rank-126", 1_127_-778_253
Link, 0, MPI_LINK, 0.000407, 0.000408, 0.000001, PTP, "rank-0", "rank-125", 1_126_-778_252
Link, 0, MPI_LINK, 0.000407, 0.000408, 0.000001, PTP, "rank-0", "rank-124", 1_125_-778_251
Link, 0, MPI_LINK, 0.000407, 0.000408, 0.000001, PTP, "rank-0", "rank-123", 1_124_-778_250
Link, 0, MPI_LINK, 0.000407, 0.000408, 0.000001, PTP, "rank-0", "rank-122", 1_123_-778_249
Link, 0, MPI_LINK, 0.000407, 0.000408, 0.000001, PTP, "rank-0", "rank-121", 1_122_-778_248
Link, 0, MPI_LINK, 0.000407, 0.000408, 0.000001, PTP, "rank-0", "rank-120", 1_121_-778_247
Link, 0, MPI_LINK, 0.000407, 0.000408, 0.000001, PTP, "rank-0", "rank-119", 1_120_-778_246
Link, 0, MPI_LINK, 0.000407, 0.000408, 0.000001, PTP, "rank-0", "rank-118", 1_119_-778_245
Link, 0, MPI_LINK, 0.000407, 0.000408, 0.000001, PTP, "rank-0", "rank-117", 1_118_-778_244
Link, 0, MPI_LINK, 0.000407, 0.000408, 0.000001, PTP, "rank-0", "rank-116", 1_117_-778_243
Link, 0, MPI_LINK, 0.000407, 0.000408, 0.000001, PTP, "rank-0", "rank-115", 1_116_-778_242
Link, 0, MPI_LINK, 0.000407, 0.000408, 0.000001, PTP, "rank-0", "rank-114", 1_115_-778_241
Link, 0, MPI_LINK, 0.000407, 0.000408, 0.000001, PTP, "rank-0", "rank-113", 1_114_-778_240
Link, 0, MPI_LINK, 0.000407, 0.000408, 0.000001, PTP, "rank-0", "rank-112", 1_113_-778_239
Link, 0, MPI_LINK, 0.000407, 0.000408, 0.000001, PTP, "rank-0", "rank-111", 1_112_-778_238
Link, 0, MPI_LINK, 0.000407, 0.000408, 0.000001, PTP, "rank-0", "rank-110", 1_111_-778_237
Link, 0, MPI_LINK, 0.000407, 0.000408, 0.000001, PTP, "rank-0", "rank-109", 1_110_-778_236
Link, 0, MPI_LINK, 0.000407, 0.000408, 0.000001, PTP, "rank-0", "rank-108", 1_109_-778_235
Link, 0, MPI_LINK, 0.000407, 0.000408, 0.000001, PTP, "rank-0", "rank-107", 1_108_-778_234
Link, 0, MPI_LINK, 0.000407, 0.000408, 0.000001, PTP, "rank-0", "rank-106", 1_107_-778_233
Link, 0, MPI_LINK, 0.000407, 0.000408, 0.000001, PTP, "rank-0", "rank-105", 1_106_-778_232
Link, 0, MPI_LINK, 0.000407, 0.000408, 0.000001, PTP, "rank-0", "rank-104", 1_105_-778_231
Link, 0, MPI_LINK, 0.000407, 0.000408, 0.000001, PTP, "rank-0", "rank-103", 1_104_-778_230
Link, 0, MPI_LINK, 0.000407, 0.000408, 0.000001, PTP, "rank-0", "rank-102", 1_103_-778_229
Link, 0, MPI_LINK, 0.000407, 0.000408, 0.000001, PTP, "rank-0", "rank-101", 1_102_-778_228
Link, 0, MPI_LINK, 0.000407, 0.000408, 0.000001, PTP, "rank-0", "rank-100", 1_101_-778_227
Link, 0, MPI_LINK, 0.000407, 0.000408, 0.000001, PTP, "rank-0", "rank-99", 1_100_-778_226
Link, 0, MPI_LINK, 0.000407, 0.000408, 0.000001, PTP, "rank-0", "rank-98", 1_99_-778_225
Link, 0, MPI_LINK, 0.000407, 0.000408, 0.000001, PTP, "rank-0", "rank-97", 1_98_-778_224
Link, 0, MPI_LINK, 0.000407, 0.000408, 0.000001, PTP, "rank-0", "rank-96", 1_97_-778_223
Link, 0, MPI_LINK, 0.000407, 0.000408, 0.000001, PTP, "rank-0", "rank-95", 1_96_-778_222
Link, 0, MPI_LINK, 0.000407, 0.000408, 0.000001, PTP, "rank-0", "rank-94", 1_95_-778_221
Link, 0, MPI_LINK, 0.000407, 0.000408, 0.000001, PTP, "rank-0", "rank-93", 1_94_-778_220
Link, 0, MPI_LINK, 0.000407, 0.000408, 0.000001, PTP, "rank-0", "rank-92", 1_93_-778_219
Link, 0, MPI_LINK, 0.000407, 0.000408, 0.000001, PTP, "rank-0", "rank-91", 1_92_-778_218
Link, 0, MPI_LINK, 0.000407, 0.000408, 0.000001, PTP, "rank-0", "rank-90", 1_91_-778_217
Link, 0, MPI_LINK, 0.000407, 0.000408, 0.000001, PTP, "rank-0", "rank-89", 1_90_-778_216
Link, 0, MPI_LINK, 0.000407, 0.000408, 0.000001, PTP, "rank-0", "rank-88", 1_89_-778_215
Link, 0, MPI_LINK, 0.000407, 0.000408, 0.000001, PTP, "rank-0", "rank-87", 1_88_-778_214
Link, 0, MPI_LINK, 0.000407, 0.000408, 0.000001, PTP, "rank-0", "rank-86", 1_87_-778_213
Link, 0, MPI_LINK, 0.000407, 0.000408, 0.000001, PTP, "rank-0", "rank-85", 1_86_-778_212
Link, 0, MPI_LINK, 0.000407, 0.000408, 0.000001, PTP, "rank-0", "rank-84", 1_85_-778_211
Link, 0, MPI_LINK, 0.000407, 0.000408, 0.000001, PTP, "rank-0", "rank-83", 1_84_-778_210
Link, 0, MPI_LINK, 0.000407, 0.000408, 0.000001, PTP, "rank-0", "rank-82", 1_83_-778_209
Link, 0, MPI_LINK, 0.000407, 0.000408, 0.000001, PTP, "rank-0", "rank-81", 1_82_-778_208
Link, 0, MPI_LINK, 0.000407, 0.000408, 0.000001, PTP, "rank-0", "rank-80", 1_81_-778_207
Link, 0, MPI_LINK, 0.000407, 0.000408, 0.000001, PTP, "rank-0", "rank-79", 1_80_-778_206
Link, 0, MPI_LINK, 0.000407, 0.000408, 0.000001, PTP, "rank-0", "rank-78", 1_79_-778_205
Link, 0, MPI_LINK, 0.000407, 0.000408, 0.000001, PTP, "rank-0", "rank-77", 1_78_-778_204
Link, 0, MPI_LINK, 0.000407, 0.000408, 0.000001, PTP, "rank-0", "rank-76", 1_77_-778_203
Link, 0, MPI_LINK, 0.000407, 0.000408, 0.000001, PTP, "rank-0", "rank-75", 1_76_-778_202
Link, 0, MPI_LINK, 0.000407, 0.000408, 0.000001, PTP, "rank-0", "rank-74", 1_75_-778_201
Link, 0, MPI_LINK, 0.000407, 0.000408, 0.000001, PTP, "rank-0", "rank-73", 1_74_-778_200
Link, 0, MPI_LINK, 0.000407, 0.000408, 0.000001, PTP, "rank-0", "rank-72", 1_73_-778_199
Link, 0, MPI_LINK, 0.000407, 0.000408, 0.000001, PTP, "rank-0", "rank-71", 1_72_-778_198
Link, 0, MPI_LINK, 0.000407, 0.000408, 0.000001, PTP, "rank-0", "rank-70", 1_71_-778_197
Link, 0, MPI_LINK, 0.000407, 0.000408, 0.000001, PTP, "rank-0", "rank-69", 1_70_-778_196
Link, 0, MPI_LINK, 0.000407, 0.000408, 0.000001, PTP, "rank-0", "rank-68", 1_69_-778_195
Link, 0, MPI_LINK, 0.000407, 0.000408, 0.000001, PTP, "rank-0", "rank-67", 1_68_-778_194
Link, 0, MPI_LINK, 0.000407, 0.000408, 0.000001, PTP, "rank-0", "rank-66", 1_67_-778_193
Link, 0, MPI_LINK, 0.000407, 0.000408, 0.000001, PTP, "rank-0", "rank-65", 1_66_-778_192
Link, 0, MPI_LINK, 0.000407, 0.000408, 0.000001, PTP, "rank-0", "rank-64", 1_65_-778_191
Link, 0, MPI_LINK, 0.000407, 0.000408, 0.000001, PTP, "rank-0", "rank-63", 1_64_-778_190
Link, 0, MPI_LINK, 0.000407, 0.000408, 0.000001, PTP, "rank-0", "rank-62", 1_63_-778_189
Link, 0, MPI_LINK, 0.000407, 0.000408, 0.000001, PTP, "rank-0", "rank-61", 1_62_-778_188
Link, 0, MPI_LINK, 0.000407, 0.000408, 0.000001, PTP, "rank-0", "rank-60", 1_61_-778_187
Link, 0, MPI_LINK, 0.000407, 0.000408, 0.000001, PTP, "rank-0", "rank-59", 1_60_-778_186
Link, 0, MPI_LINK, 0.000407, 0.000408, 0.000001, PTP, "rank-0", "rank-58", 1_59_-778_185
Link, 0, MPI_LINK, 0.000407, 0.000408, 0.000001, PTP, "rank-0", "rank-57", 1_58_-778_184
Link, 0, MPI_LINK, 0.000407, 0.000408, 0.000001, PTP, "rank-0", "rank-56", 1_57_-778_183
Link, 0, MPI_LINK, 0.000407, 0.000408, 0.000001, PTP, "rank-0", "rank-55", 1_56_-778_182
Link, 0, MPI_LINK, 0.000407, 0.000408, 0.000001, PTP, "rank-0", "rank-54", 1_55_-778_181
Link, 0, MPI_LINK, 0.000407, 0.000408, 0.000001, PTP, "rank-0", "rank-53", 1_54_-778_180
Link, 0, MPI_LINK, 0.000407, 0.000408, 0.000001, PTP, "rank-0", "rank-52", 1_53_-778_179
Link, 0, MPI_LINK, 0.000407, 0.000408, 0.000001, PTP, "rank-0", "rank-51", 1_52_-778_178
Link, 0, MPI_LINK, 0.000407, 0.000408, 0.000001, PTP, "rank-0", "rank-50", 1_51_-778_177
Link, 0, MPI_LINK, 0.000407, 0.000408, 0.000001, PTP, "rank-0", "rank-49", 1_50_-778_176
Link, 0, MPI_LINK, 0.000407, 0.000408, 0.000001, PTP, "rank-0", "rank-48", 1_49_-778_175
Link, 0, MPI_LINK, 0.000407, 0.000408, 0.000001, PTP, "rank-0", "rank-47", 1_48_-778_174
Link, 0, MPI_LINK, 0.000407, 0.000408, 0.000001, PTP, "rank-0", "rank-46", 1_47_-778_173
Link, 0, MPI_LINK, 0.000407, 0.000408, 0.000001, PTP, "rank-0", "rank-45", 1_46_-778_172
Link, 0, MPI_LINK, 0.000407, 0.000408, 0.000001, PTP, "rank-0", "rank-44", 1_45_-778_171
Link, 0, MPI_LINK, 0.000407, 0.000408, 0.000001, PTP, "rank-0", "rank-43", 1_44_-778_170
Link, 0, MPI_LINK, 0.000407, 0.000408, 0.000001, PTP, "rank-0", "rank-42", 1_43_-778_169
Link, 0, MPI_LINK, 0.000407, 0.000408, 0.000001, PTP, "rank-0", "rank-41", 1_42_-778_168
Link, 0, MPI_LINK, 0.000407, 0.000408, 0.000001, PTP, "rank-0", "rank-40", 1_41_-778_167
Link, 0, MPI_LINK, 0.000407, 0.000408, 0.000001, PTP, "rank-0", "rank-39", 1_40_-778_166
Link, 0, MPI_LINK, 0.000407, 0.000408, 0.000001, PTP, "rank-0", "rank-38", 1_39_-778_165
Link, 0, MPI_LINK, 0.000407, 0.000408, 0.000001, PTP, "rank-0", "rank-37", 1_38_-778_164
Link, 0, MPI_LINK, 0.000407, 0.000408, 0.000001, PTP, "rank-0", "rank-36", 1_37_-778_163
Link, 0, MPI_LINK, 0.000407, 0.000408, 0.000001, PTP, "rank-0", "rank-35", 1_36_-778_162
Link, 0, MPI_LINK, 0.000407, 0.000408, 0.000001, PTP, "rank-0", "rank-34", 1_35_-778_161
Link, 0, MPI_LINK, 0.000407, 0.000408, 0.000001, PTP, "rank-0", "rank-33", 1_34_-778_160
Link, 0, MPI_LINK, 0.000407, 0.000408, 0.000001, PTP, "rank-0", "rank-32", 1_33_-778_159
Link, 0, MPI_LINK, 0.000407, 0.000408, 0.000001, PTP, "rank-0", "rank-31", 1_32_-778_158
Link, 0, MPI_LINK, 0.000407, 0.000408, 0.000001, PTP, "rank-0", "rank-30", 1_31_-778_157
Link, 0, MPI_LINK, 0.000407, 0.000408, 0.000001, PTP, "rank-0", "rank-29", 1_30_-778_156
Link, 0, MPI_LINK, 0.000407, 0.000408, 0.000001, PTP, "rank-0", "rank-28", 1_29_-778_155
Link, 0, MPI_LINK, 0.000407, 0.000408, 0.000001, PTP, "rank-0", "rank-27", 1_28_-778_154
Link, 0, MPI_LINK, 0.000407, 0.000408, 0.000001, PTP, "rank-0", "rank-26", 1_27_-778_153
Link, 0, MPI_LINK, 0.000407, 0.000408, 0.000001, PTP, "rank-0", "rank-25", 1_26_-778_152
Link, 0, MPI_LINK, 0.000407, 0.000408, 0.000001, PTP, "rank-0", "rank-24", 1_25_-778_151
Link, 0, MPI_LINK, 0.000407, 0.000408, 0.000001, PTP, "rank-0", "rank-23", 1_24_-778_150
Link, 0, MPI_LINK, 0.000407, 0.000408, 0.000001, PTP, "rank-0", "rank-22", 1_23_-778_149
Link, 0, MPI_LINK, 0.000407, 0.000408, 0.000001, PTP, "rank-0", "rank-21", 1_22_-778_148
Link, 0, MPI_LINK, 0.000407, 0.000408, 0.000001, PTP, "rank-0", "rank-20", 1_21_-778_147
Link, 0, MPI_LINK, 0.000407, 0.000408, 0.000001, PTP, "rank-0", "rank-19", 1_20_-778_146
Link, 0, MPI_LINK, 0.000407, 0.000408, 0.000001, PTP, "rank-0", "rank-18", 1_19_-778_145
Link, 0, MPI_LINK, 0.000407, 0.000408, 0.000001, PTP, "rank-0", "rank-17", 1_18_-778_144
Link, 0, MPI_LINK, 0.000407, 0.000408, 0.000001, PTP, "rank-0", "rank-16", 1_17_-778_143
Link, 0, MPI_LINK, 0.000415, 0.000692, 0.000277, PTP, "rank-0", "rank-15", 1_16_-223_269
Link, 0, MPI_LINK, 0.000415, 0.000692, 0.000277, PTP, "rank-0", "rank-14", 1_15_-223_268
Link, 0, MPI_LINK, 0.000415, 0.000692, 0.000277, PTP, "rank-0", "rank-13", 1_14_-223_267
Link, 0, MPI_LINK, 0.000415, 0.000692, 0.000277, PTP, "rank-0", "rank-12", 1_13_-223_266
Link, 0, MPI_LINK, 0.000415, 0.000692, 0.000277, PTP, "rank-0", "rank-11", 1_12_-223_265
Link, 0, MPI_LINK, 0.000415, 0.000692, 0.000277, PTP, "rank-0", "rank-10", 1_11_-223_264
Link, 0, MPI_LINK, 0.000415, 0.000692, 0.000277, PTP, "rank-0", "rank-9", 1_10_-223_263
Link, 0, MPI_LINK, 0.000415, 0.000692, 0.000277, PTP, "rank-0", "rank-8", 1_9_-223_262
Link, 0, MPI_LINK, 0.000415, 0.000692, 0.000277, PTP, "rank-0", "rank-7", 1_8_-223_261
Link, 0, MPI_LINK, 0.000415, 0.000692, 0.000277, PTP, "rank-0", "rank-6", 1_7_-223_260
Link, 0, MPI_LINK, 0.000415, 0.000692, 0.000277, PTP, "rank-0", "rank-5", 1_6_-223_259
Link, 0, MPI_LINK, 0.000415, 0.000692, 0.000277, PTP, "rank-0", "rank-4", 1_5_-223_258
Link, 0, MPI_LINK, 0.000415, 0.000692, 0.000277, PTP, "rank-0", "rank-3", 1_4_-223_257
Link, 0, MPI_LINK, 0.000415, 0.000692, 0.000277, PTP, "rank-0", "rank-2", 1_3_-223_256
Link, 0, MPI_LINK, 0.000698, 0.000707, 0.000009, PTP, "rank-11", "rank-10", 12_11_0_387
Link, 0, MPI_LINK, 0.000698, 0.000707, 0.000009, PTP, "rank-10", "rank-10", 11_11_0_388
Link, 0, MPI_LINK, 0.000698, 0.000707, 0.000009, PTP, "rank-10", "rank-11", 11_12_0_389
Link, 0, MPI_LINK, 0.000698, 0.000708, 0.000010, PTP, "rank-4", "rank-5", 5_6_0_391
Link, 0, MPI_LINK, 0.000699, 0.000708, 0.000009, PTP, "rank-5", "rank-4", 6_5_0_401
Link, 0, MPI_LINK, 0.000698, 0.000708, 0.000010, PTP, "rank-4", "rank-4", 5_5_0_390
Link, 0, MPI_LINK, 0.000698, 0.000708, 0.000010, PTP, "rank-2", "rank-3", 3_4_0_393
Link, 0, MPI_LINK, 0.000699, 0.000708, 0.000009, PTP, "rank-3", "rank-2", 4_3_0_403
Link, 0, MPI_LINK, 0.000698, 0.000708, 0.000010, PTP, "rank-2", "rank-2", 3_3_0_392
Link, 0, MPI_LINK, 0.000699, 0.000708, 0.000009, PTP, "rank-9", "rank-8", 10_9_0_397
Link, 0, MPI_LINK, 0.000699, 0.000708, 0.000009, PTP, "rank-8", "rank-8", 9_9_0_398
Link, 0, MPI_LINK, 0.000699, 0.000708, 0.000009, PTP, "rank-8", "rank-9", 9_10_0_399
Link, 0, MPI_LINK, 0.000699, 0.000710, 0.000011, PTP, "rank-12", "rank-13", 13_14_0_395
Link, 0, MPI_LINK, 0.000701, 0.000710, 0.000009, PTP, "rank-13", "rank-12", 14_13_0_405
Link, 0, MPI_LINK, 0.000699, 0.000710, 0.000011, PTP, "rank-12", "rank-12", 13_13_0_394
Link, 0, MPI_LINK, 0.000697, 0.000710, 0.000013, PTP, "rank-6", "rank-7", 7_8_0_385
Link, 0, MPI_LINK, 0.000701, 0.000710, 0.000009, PTP, "rank-7", "rank-6", 8_7_0_407
Link, 0, MPI_LINK, 0.000697, 0.000710, 0.000013, PTP, "rank-6", "rank-6", 7_7_0_384
Link, 0, MPI_LINK, 0.000702, 0.000713, 0.000011, PTP, "rank-14", "rank-15", 15_16_0_409
Link, 0, MPI_LINK, 0.000704, 0.000713, 0.000009, PTP, "rank-15", "rank-14", 16_15_0_411
Link, 0, MPI_LINK, 0.000702, 0.000713, 0.000011, PTP, "rank-14", "rank-14", 15_15_0_408
Link, 0, MPI_LINK, 0.000708, 0.000723, 0.000015, PTP, "rank-11", "rank-9", 12_10_1_414
Link, 0, MPI_LINK, 0.000709, 0.000723, 0.000014, PTP, "rank-8", "rank-10", 9_11_1_425
Link, 0, MPI_LINK, 0.000709, 0.000723, 0.000014, PTP, "rank-9", "rank-11", 10_12_1_427
Link, 0, MPI_LINK, 0.000709, 0.000723, 0.000014, PTP, "rank-10", "rank-8", 11_9_1_429
Link, 0, MPI_LINK, 0.000709, 0.000725, 0.000016, PTP, "rank-5", "rank-7", 6_8_1_419
Link, 0, MPI_LINK, 0.000711, 0.000725, 0.000014, PTP, "rank-7", "rank-5", 8_6_1_437
Link, 0, MPI_LINK, 0.000709, 0.000726, 0.000017, PTP, "rank-4", "rank-6", 5_7_1_421
Link, 0, MPI_LINK, 0.000712, 0.000726, 0.000014, PTP, "rank-6", "rank-4", 7_5_1_441
Link, 0, MPI_LINK, 0.000711, 0.000728, 0.000017, PTP, "rank-12", "rank-14", 13_15_1_435
Link, 0, MPI_LINK, 0.000714, 0.000728, 0.000014, PTP, "rank-14", "rank-12", 15_13_1_444
Link, 0, MPI_LINK, 0.000712, 0.000729, 0.000017, PTP, "rank-13", "rank-15", 14_16_1_439
Link, 0, MPI_LINK, 0.000715, 0.000729, 0.000014, PTP, "rank-15", "rank-13", 16_14_1_446
Link, 0, MPI_LINK, 0.000415, 0.000744, 0.000329, PTP, "rank-0", "rank-1", 1_2_-223_255
Link, 0, MPI_LINK, 0.000725, 0.000756, 0.000031, PTP, "rank-8", "rank-12", 9_13_2_458
Link, 0, MPI_LINK, 0.000724, 0.000756, 0.000032, PTP, "rank-10", "rank-14", 11_15_2_452
Link, 0, MPI_LINK, 0.000725, 0.000756, 0.000031, PTP, "rank-9", "rank-13", 10_14_2_456
Link, 0, MPI_LINK, 0.000725, 0.000756, 0.000031, PTP, "rank-11", "rank-15", 12_16_2_454
Link, 0, MPI_LINK, 0.000730, 0.000756, 0.000026, PTP, "rank-12", "rank-8", 13_9_2_476
Link, 0, MPI_LINK, 0.000730, 0.000756, 0.000026, PTP, "rank-14", "rank-10", 15_11_2_478
Link, 0, MPI_LINK, 0.000730, 0.000756, 0.000026, PTP, "rank-13", "rank-9", 14_10_2_480
Link, 0, MPI_LINK, 0.000730, 0.000756, 0.000026, PTP, "rank-15", "rank-11", 16_12_2_482
Link, 0, MPI_LINK, 0.000415, 0.000923, 0.000508, PTP, "rank-0", "rank-127", 1_128_-223_381
Link, 0, MPI_LINK, 0.000415, 0.000923, 0.000508, PTP, "rank-0", "rank-126", 1_127_-223_380
Link, 0, MPI_LINK, 0.000415, 0.000923, 0.000508, PTP, "rank-0", "rank-125", 1_126_-223_379
Link, 0, MPI_LINK, 0.000415, 0.000923, 0.000508, PTP, "rank-0", "rank-124", 1_125_-223_378
Link, 0, MPI_LINK, 0.000415, 0.000923, 0.000508, PTP, "rank-0", "rank-123", 1_124_-223_377
Link, 0, MPI_LINK, 0.000415, 0.000923, 0.000508, PTP, "rank-0", "rank-122", 1_123_-223_376
Link, 0, MPI_LINK, 0.000415, 0.000923, 0.000508, PTP, "rank-0", "rank-121", 1_122_-223_375
Link, 0, MPI_LINK, 0.000415, 0.000923, 0.000508, PTP, "rank-0", "rank-120", 1_121_-223_374
Link, 0, MPI_LINK, 0.000415, 0.000923, 0.000508, PTP, "rank-0", "rank-119", 1_120_-223_373
Link, 0, MPI_LINK, 0.000415, 0.000923, 0.000508, PTP, "rank-0", "rank-118", 1_119_-223_372
Link, 0, MPI_LINK, 0.000415, 0.000923, 0.000508, PTP, "rank-0", "rank-117", 1_118_-223_371
Link, 0, MPI_LINK, 0.000415, 0.000923, 0.000508, PTP, "rank-0", "rank-116", 1_117_-223_370
Link, 0, MPI_LINK, 0.000415, 0.000923, 0.000508, PTP, "rank-0", "rank-115", 1_116_-223_369
Link, 0, MPI_LINK, 0.000415, 0.000923, 0.000508, PTP, "rank-0", "rank-114", 1_115_-223_368
Link, 0, MPI_LINK, 0.000415, 0.000923, 0.000508, PTP, "rank-0", "rank-113", 1_114_-223_367
Link, 0, MPI_LINK, 0.000415, 0.000923, 0.000508, PTP, "rank-0", "rank-112", 1_113_-223_366
Link, 0, MPI_LINK, 0.000415, 0.000923, 0.000508, PTP, "rank-0", "rank-111", 1_112_-223_365
Link, 0, MPI_LINK, 0.000415, 0.000923, 0.000508, PTP, "rank-0", "rank-110", 1_111_-223_364
Link, 0, MPI_LINK, 0.000415, 0.000923, 0.000508, PTP, "rank-0", "rank-109", 1_110_-223_363
Link, 0, MPI_LINK, 0.000415, 0.000923, 0.000508, PTP, "rank-0", "rank-108", 1_109_-223_362
Link, 0, MPI_LINK, 0.000415, 0.000923, 0.000508, PTP, "rank-0", "rank-107", 1_108_-223_361
Link, 0, MPI_LINK, 0.000415, 0.000923, 0.000508, PTP, "rank-0", "rank-106", 1_107_-223_360
Link, 0, MPI_LINK, 0.000415, 0.000923, 0.000508, PTP, "rank-0", "rank-105", 1_106_-223_359
Link, 0, MPI_LINK, 0.000415, 0.000923, 0.000508, PTP, "rank-0", "rank-104", 1_105_-223_358
Link, 0, MPI_LINK, 0.000415, 0.000923, 0.000508, PTP, "rank-0", "rank-103", 1_104_-223_357
Link, 0, MPI_LINK, 0.000415, 0.000923, 0.000508, PTP, "rank-0", "rank-102", 1_103_-223_356
Link, 0, MPI_LINK, 0.000415, 0.000923, 0.000508, PTP, "rank-0", "rank-101", 1_102_-223_355
Link, 0, MPI_LINK, 0.000415, 0.000923, 0.000508, PTP, "rank-0", "rank-100", 1_101_-223_354
Link, 0, MPI_LINK, 0.000415, 0.000923, 0.000508, PTP, "rank-0", "rank-99", 1_100_-223_353
Link, 0, MPI_LINK, 0.000415, 0.000923, 0.000508, PTP, "rank-0", "rank-98", 1_99_-223_352
Link, 0, MPI_LINK, 0.000415, 0.000923, 0.000508, PTP, "rank-0", "rank-97", 1_98_-223_351
Link, 0, MPI_LINK, 0.000415, 0.000923, 0.000508, PTP, "rank-0", "rank-96", 1_97_-223_350
Link, 0, MPI_LINK, 0.000415, 0.000923, 0.000508, PTP, "rank-0", "rank-95", 1_96_-223_349
Link, 0, MPI_LINK, 0.000415, 0.000923, 0.000508, PTP, "rank-0", "rank-94", 1_95_-223_348
Link, 0, MPI_LINK, 0.000415, 0.000923, 0.000508, PTP, "rank-0", "rank-93", 1_94_-223_347
Link, 0, MPI_LINK, 0.000415, 0.000923, 0.000508, PTP, "rank-0", "rank-92", 1_93_-223_346
Link, 0, MPI_LINK, 0.000415, 0.000923, 0.000508, PTP, "rank-0", "rank-91", 1_92_-223_345
Link, 0, MPI_LINK, 0.000415, 0.000923, 0.000508, PTP, "rank-0", "rank-90", 1_91_-223_344
Link, 0, MPI_LINK, 0.000415, 0.000923, 0.000508, PTP, "rank-0", "rank-89", 1_90_-223_343
Link, 0, MPI_LINK, 0.000415, 0.000923, 0.000508, PTP, "rank-0", "rank-88", 1_89_-223_342
Link, 0, MPI_LINK, 0.000415, 0.000923, 0.000508, PTP, "rank-0", "rank-87", 1_88_-223_341
Link, 0, MPI_LINK, 0.000415, 0.000923, 0.000508, PTP, "rank-0", "rank-86", 1_87_-223_340
Link, 0, MPI_LINK, 0.000415, 0.000923, 0.000508, PTP, "rank-0", "rank-85", 1_86_-223_339
Link, 0, MPI_LINK, 0.000415, 0.000923, 0.000508, PTP, "rank-0", "rank-84", 1_85_-223_338
Link, 0, MPI_LINK, 0.000415, 0.000923, 0.000508, PTP, "rank-0", "rank-83", 1_84_-223_337
Link, 0, MPI_LINK, 0.000415, 0.000923, 0.000508, PTP, "rank-0", "rank-82", 1_83_-223_336
Link, 0, MPI_LINK, 0.000415, 0.000923, 0.000508, PTP, "rank-0", "rank-81", 1_82_-223_335
Link, 0, MPI_LINK, 0.000415, 0.000923, 0.000508, PTP, "rank-0", "rank-80", 1_81_-223_334
Link, 0, MPI_LINK, 0.000415, 0.000923, 0.000508, PTP, "rank-0", "rank-79", 1_80_-223_333
Link, 0, MPI_LINK, 0.000415, 0.000923, 0.000508, PTP, "rank-0", "rank-78", 1_79_-223_332
Link, 0, MPI_LINK, 0.000415, 0.000923, 0.000508, PTP, "rank-0", "rank-77", 1_78_-223_331
Link, 0, MPI_LINK, 0.000415, 0.000923, 0.000508, PTP, "rank-0", "rank-76", 1_77_-223_330
Link, 0, MPI_LINK, 0.000415, 0.000923, 0.000508, PTP, "rank-0", "rank-75", 1_76_-223_329
Link, 0, MPI_LINK, 0.000415, 0.000923, 0.000508, PTP, "rank-0", "rank-74", 1_75_-223_328
Link, 0, MPI_LINK, 0.000415, 0.000923, 0.000508, PTP, "rank-0", "rank-73", 1_74_-223_327
Link, 0, MPI_LINK, 0.000415, 0.000923, 0.000508, PTP, "rank-0", "rank-72", 1_73_-223_326
Link, 0, MPI_LINK, 0.000415, 0.000923, 0.000508, PTP, "rank-0", "rank-71", 1_72_-223_325
Link, 0, MPI_LINK, 0.000415, 0.000923, 0.000508, PTP, "rank-0", "rank-70", 1_71_-223_324
Link, 0, MPI_LINK, 0.000415, 0.000923, 0.000508, PTP, "rank-0", "rank-69", 1_70_-223_323
Link, 0, MPI_LINK, 0.000415, 0.000923, 0.000508, PTP, "rank-0", "rank-68", 1_69_-223_322
Link, 0, MPI_LINK, 0.000415, 0.000923, 0.000508, PTP, "rank-0", "rank-67", 1_68_-223_321
Link, 0, MPI_LINK, 0.000415, 0.000923, 0.000508, PTP, "rank-0", "rank-66", 1_67_-223_320
Link, 0, MPI_LINK, 0.000415, 0.000923, 0.000508, PTP, "rank-0", "rank-65", 1_66_-223_319
Link, 0, MPI_LINK, 0.000415, 0.000923, 0.000508, PTP, "rank-0", "rank-64", 1_65_-223_318
Link, 0, MPI_LINK, 0.000415, 0.000923, 0.000508, PTP, "rank-0", "rank-63", 1_64_-223_317
Link, 0, MPI_LINK, 0.000415, 0.000923, 0.000508, PTP, "rank-0", "rank-62", 1_63_-223_316
Link, 0, MPI_LINK, 0.000415, 0.000923, 0.000508, PTP, "rank-0", "rank-61", 1_62_-223_315
Link, 0, MPI_LINK, 0.000415, 0.000923, 0.000508, PTP, "rank-0", "rank-60", 1_61_-223_314
Link, 0, MPI_LINK, 0.000415, 0.000923, 0.000508, PTP, "rank-0", "rank-59", 1_60_-223_313
Link, 0, MPI_LINK, 0.000415, 0.000923, 0.000508, PTP, "rank-0", "rank-58", 1_59_-223_312
Link, 0, MPI_LINK, 0.000415, 0.000923, 0.000508, PTP, "rank-0", "rank-57", 1_58_-223_311
Link, 0, MPI_LINK, 0.000415, 0.000923, 0.000508, PTP, "rank-0", "rank-56", 1_57_-223_310
Link, 0, MPI_LINK, 0.000415, 0.000923, 0.000508, PTP, "rank-0", "rank-55", 1_56_-223_309
Link, 0, MPI_LINK, 0.000415, 0.000923, 0.000508, PTP, "rank-0", "rank-54", 1_55_-223_308
Link, 0, MPI_LINK, 0.000415, 0.000923, 0.000508, PTP, "rank-0", "rank-53", 1_54_-223_307
Link, 0, MPI_LINK, 0.000415, 0.000923, 0.000508, PTP, "rank-0", "rank-52", 1_53_-223_306
Link, 0, MPI_LINK, 0.000415, 0.000923, 0.000508, PTP, "rank-0", "rank-51", 1_52_-223_305
Link, 0, MPI_LINK, 0.000415, 0.000923, 0.000508, PTP, "rank-0", "rank-50", 1_51_-223_304
Link, 0, MPI_LINK, 0.000415, 0.000923, 0.000508, PTP, "rank-0", "rank-49", 1_50_-223_303
Link, 0, MPI_LINK, 0.000415, 0.000923, 0.000508, PTP, "rank-0", "rank-48", 1_49_-223_302
Link, 0, MPI_LINK, 0.000415, 0.000923, 0.000508, PTP, "rank-0", "rank-47", 1_48_-223_301
Link, 0, MPI_LINK, 0.000415, 0.000923, 0.000508, PTP, "rank-0", "rank-46", 1_47_-223_300
Link, 0, MPI_LINK, 0.000415, 0.000923, 0.000508, PTP, "rank-0", "rank-45", 1_46_-223_299
Link, 0, MPI_LINK, 0.000415, 0.000923, 0.000508, PTP, "rank-0", "rank-44", 1_45_-223_298
Link, 0, MPI_LINK, 0.000415, 0.000923, 0.000508, PTP, "rank-0", "rank-43", 1_44_-223_297
Link, 0, MPI_LINK, 0.000415, 0.000923, 0.000508, PTP, "rank-0", "rank-42", 1_43_-223_296
Link, 0, MPI_LINK, 0.000415, 0.000923, 0.000508, PTP, "rank-0", "rank-41", 1_42_-223_295
Link, 0, MPI_LINK, 0.000415, 0.000923, 0.000508, PTP, "rank-0", "rank-40", 1_41_-223_294
Link, 0, MPI_LINK, 0.000415, 0.000923, 0.000508, PTP, "rank-0", "rank-39", 1_40_-223_293
Link, 0, MPI_LINK, 0.000415, 0.000923, 0.000508, PTP, "rank-0", "rank-38", 1_39_-223_292
Link, 0, MPI_LINK, 0.000415, 0.000923, 0.000508, PTP, "rank-0", "rank-37", 1_38_-223_291
Link, 0, MPI_LINK, 0.000415, 0.000923, 0.000508, PTP, "rank-0", "rank-36", 1_37_-223_290
Link, 0, MPI_LINK, 0.000415, 0.000923, 0.000508, PTP, "rank-0", "rank-35", 1_36_-223_289
Link, 0, MPI_LINK, 0.000415, 0.000923, 0.000508, PTP, "rank-0", "rank-34", 1_35_-223_288
Link, 0, MPI_LINK, 0.000415, 0.000923, 0.000508, PTP, "rank-0", "rank-33", 1_34_-223_287
Link, 0, MPI_LINK, 0.000415, 0.000923, 0.000508, PTP, "rank-0", "rank-32", 1_33_-223_286
Link, 0, MPI_LINK, 0.000415, 0.000923, 0.000508, PTP, "rank-0", "rank-31", 1_32_-223_285
Link, 0, MPI_LINK, 0.000415, 0.000923, 0.000508, PTP, "rank-0", "rank-30", 1_31_-223_284
Link, 0, MPI_LINK, 0.000415, 0.000923, 0.000508, PTP, "rank-0", "rank-29", 1_30_-223_283
Link, 0, MPI_LINK, 0.000415, 0.000923, 0.000508, PTP, "rank-0", "rank-28", 1_29_-223_282
Link, 0, MPI_LINK, 0.000415, 0.000923, 0.000508, PTP, "rank-0", "rank-27", 1_28_-223_281
Link, 0, MPI_LINK, 0.000415, 0.000923, 0.000508, PTP, "rank-0", "rank-26", 1_27_-223_280
Link, 0, MPI_LINK, 0.000415, 0.000923, 0.000508, PTP, "rank-0", "rank-25", 1_26_-223_279
Link, 0, MPI_LINK, 0.000415, 0.000923, 0.000508, PTP, "rank-0", "rank-24", 1_25_-223_278
Link, 0, MPI_LINK, 0.000415, 0.000923, 0.000508, PTP, "rank-0", "rank-23", 1_24_-223_277
Link, 0, MPI_LINK, 0.000415, 0.000923, 0.000508, PTP, "rank-0", "rank-22", 1_23_-223_276
Link, 0, MPI_LINK, 0.000415, 0.000923, 0.000508, PTP, "rank-0", "rank-21", 1_22_-223_275
Link, 0, MPI_LINK, 0.000415, 0.000923, 0.000508, PTP, "rank-0", "rank-20", 1_21_-223_274
Link, 0, MPI_LINK, 0.000415, 0.000923, 0.000508, PTP, "rank-0", "rank-19", 1_20_-223_273
Link, 0, MPI_LINK, 0.000415, 0.000923, 0.000508, PTP, "rank-0", "rank-18", 1_19_-223_272
Link, 0, MPI_LINK, 0.000415, 0.000923, 0.000508, PTP, "rank-0", "rank-17", 1_18_-223_271
Link, 0, MPI_LINK, 0.000415, 0.000923, 0.000508, PTP, "rank-0", "rank-16", 1_17_-223_270
Link, 0, MPI_LINK, 0.000467, 0.000925, 0.000458, PTP, "rank-0", "rank-1", 1_2_0_383
Link, 0, MPI_LINK, 0.000752, 0.000925, 0.000173, PTP, "rank-1", "rank-0", 2_1_0_484
Link, 0, MPI_LINK, 0.000467, 0.000925, 0.000458, PTP, "rank-0", "rank-0", 1_1_0_382
Link, 0, MPI_LINK, 0.000928, 0.000937, 0.000009, PTP, "rank-97", "rank-96", 98_97_0_515
Link, 0, MPI_LINK, 0.000929, 0.000937, 0.000008, PTP, "rank-96", "rank-96", 97_97_0_538
Link, 0, MPI_LINK, 0.000929, 0.000937, 0.000008, PTP, "rank-96", "rank-97", 97_98_0_539
Link, 0, MPI_LINK, 0.000928, 0.000937, 0.000009, PTP, "rank-73", "rank-72", 74_73_0_519
Link, 0, MPI_LINK, 0.000929, 0.000937, 0.000008, PTP, "rank-72", "rank-72", 73_73_0_556
Link, 0, MPI_LINK, 0.000929, 0.000937, 0.000008, PTP, "rank-72", "rank-73", 73_74_0_557
Link, 0, MPI_LINK, 0.000928, 0.000937, 0.000009, PTP, "rank-62", "rank-63", 63_64_0_521
Link, 0, MPI_LINK, 0.000929, 0.000937, 0.000008, PTP, "rank-63", "rank-62", 64_63_0_561
Link, 0, MPI_LINK, 0.000928, 0.000937, 0.000009, PTP, "rank-62", "rank-62", 63_63_0_520
Link, 0, MPI_LINK, 0.000928, 0.000937, 0.000009, PTP, "rank-39", "rank-38", 40_39_0_525
Link, 0, MPI_LINK, 0.000929, 0.000937, 0.000008, PTP, "rank-38", "rank-38", 39_39_0_572
Link, 0, MPI_LINK, 0.000929, 0.000937, 0.000008, PTP, "rank-38", "rank-39", 39_40_0_573
Link, 0, MPI_LINK, 0.000929, 0.000937, 0.000008, PTP, "rank-81", "rank-80", 82_81_0_551
Link, 0, MPI_LINK, 0.000929, 0.000937, 0.000008, PTP, "rank-80", "rank-80", 81_81_0_552
Link, 0, MPI_LINK, 0.000929, 0.000937, 0.000008, PTP, "rank-80", "rank-81", 81_82_0_553
Link, 0, MPI_LINK, 0.000929, 0.000937, 0.000008, PTP, "rank-33", "rank-32", 34_33_0_575
Link, 0, MPI_LINK, 0.000929, 0.000937, 0.000008, PTP, "rank-32", "rank-32", 33_33_0_576
Link, 0, MPI_LINK, 0.000929, 0.000937, 0.000008, PTP, "rank-32", "rank-33", 33_34_0_577
Link, 0, MPI_LINK, 0.000929, 0.000937, 0.000008, PTP, "rank-23", "rank-22", 24_23_0_581
Link, 0, MPI_LINK, 0.000929, 0.000937, 0.000008, PTP, "rank-22", "rank-22", 23_23_0_582
Link, 0, MPI_LINK, 0.000929, 0.000937, 0.000008, PTP, "rank-22", "rank-23", 23_24_0_583
Link, 0, MPI_LINK, 0.000929, 0.000938, 0.000009, PTP, "rank-106", "rank-107", 107_108_0_533
Link, 0, MPI_LINK, 0.000930, 0.000938, 0.000008, PTP, "rank-107", "rank-106", 108_107_0_593
Link, 0, MPI_LINK, 0.000929, 0.000938, 0.000009, PTP, "rank-106", "rank-106", 107_107_0_532
Link, 0, MPI_LINK, 0.000929, 0.000938, 0.000009, PTP, "rank-98", "rank-99", 99_100_0_537
Link, 0, MPI_LINK, 0.000930, 0.000938, 0.000008, PTP, "rank-99", "rank-98", 100_99_0_599
Link, 0, MPI_LINK, 0.000929, 0.000938, 0.000009, PTP, "rank-98", "rank-98", 99_99_0_536
Link, 0, MPI_LINK, 0.000929, 0.000938, 0.000009, PTP, "rank-95", "rank-94", 96_95_0_541
Link, 0, MPI_LINK, 0.000930, 0.000938, 0.000008, PTP, "rank-94", "rank-94", 95_95_0_600
Link, 0, MPI_LINK, 0.000930, 0.000938, 0.000008, PTP, "rank-94", "rank-95", 95_96_0_601
Link, 0, MPI_LINK, 0.000929, 0.000938, 0.000009, PTP, "rank-88", "rank-89", 89_90_0_545
Link, 0, MPI_LINK, 0.000930, 0.000938, 0.000008, PTP, "rank-89", "rank-88", 90_89_0_605
Link, 0, MPI_LINK, 0.000929, 0.000938, 0.000009, PTP, "rank-88", "rank-88", 89_89_0_544
Link, 0, MPI_LINK, 0.000929, 0.000938, 0.000009, PTP, "rank-82", "rank-83", 83_84_0_549
Link, 0, MPI_LINK, 0.000930, 0.000938, 0.000008, PTP, "rank-83", "rank-82", 84_83_0_607
Link, 0, MPI_LINK, 0.000929, 0.000938, 0.000009, PTP, "rank-82", "rank-82", 83_83_0_548
Link, 0, MPI_LINK, 0.000929, 0.000938, 0.000009, PTP, "rank-79", "rank-78", 80_79_0_555
Link, 0, MPI_LINK, 0.000930, 0.000938, 0.000008, PTP, "rank-78", "rank-78", 79_79_0_608
Link, 0, MPI_LINK, 0.000930, 0.000938, 0.000008, PTP, "rank-78", "rank-79", 79_80_0_609
Link, 0, MPI_LINK, 0.000929, 0.000938, 0.000009, PTP, "rank-58", "rank-59", 59_60_0_565
Link, 0, MPI_LINK, 0.000930, 0.000938, 0.000008, PTP, "rank-59", "rank-58", 60_59_0_619
Link, 0, MPI_LINK, 0.000929, 0.000938, 0.000009, PTP, "rank-58", "rank-58", 59_59_0_564
Link, 0, MPI_LINK, 0.000928, 0.000938, 0.000010, PTP, "rank-46", "rank-47", 47_48_0_523
Link, 0, MPI_LINK, 0.000930, 0.000938, 0.000008, PTP, "rank-47", "rank-46", 48_47_0_629
Link, 0, MPI_LINK, 0.000928, 0.000938, 0.000010, PTP, "rank-46", "rank-46", 47_47_0_522
Link, 0, MPI_LINK, 0.000929, 0.000938, 0.000009, PTP, "rank-43", "rank-42", 44_43_0_571
Link, 0, MPI_LINK, 0.000930, 0.000938, 0.000008, PTP, "rank-42", "rank-42", 43_43_0_630
Link, 0, MPI_LINK, 0.000930, 0.000938, 0.000008, PTP, "rank-42", "rank-43", 43_44_0_631
Link, 0, MPI_LINK, 0.000929, 0.000938, 0.000009, PTP, "rank-30", "rank-31", 31_32_0_579
Link, 0, MPI_LINK, 0.000930, 0.000938, 0.000008, PTP, "rank-31", "rank-30", 32_31_0_639
Link, 0, MPI_LINK, 0.000929, 0.000938, 0.000009, PTP, "rank-30", "rank-30", 31_31_0_578
Link, 0, MPI_LINK, 0.000929, 0.000938, 0.000009, PTP, "rank-20", "rank-21", 21_22_0_585
Link, 0, MPI_LINK, 0.000930, 0.000938, 0.000008, PTP, "rank-21", "rank-20", 22_21_0_651
Link, 0, MPI_LINK, 0.000929, 0.000938, 0.000009, PTP, "rank-20", "rank-20", 21_21_0_584
Link, 0, MPI_LINK, 0.000929, 0.000938, 0.000009, PTP, "rank-17", "rank-16", 18_17_0_587
Link, 0, MPI_LINK, 0.000930, 0.000938, 0.000008, PTP, "rank-16", "rank-16", 17_17_0_654
Link, 0, MPI_LINK, 0.000930, 0.000938, 0.000008, PTP, "rank-16", "rank-17", 17_18_0_655
Link, 0, MPI_LINK, 0.000930, 0.000938, 0.000008, PTP, "rank-103", "rank-102", 104_103_0_595
Link, 0, MPI_LINK, 0.000930, 0.000938, 0.000008, PTP, "rank-102", "rank-102", 103_103_0_596
Link, 0, MPI_LINK, 0.000930, 0.000938, 0.000008, PTP, "rank-102", "rank-103", 103_104_0_597
Link, 0, MPI_LINK, 0.000930, 0.000938, 0.000008, PTP, "rank-65", "rank-64", 66_65_0_615
Link, 0, MPI_LINK, 0.000930, 0.000938, 0.000008, PTP, "rank-64", "rank-64", 65_65_0_616
Link, 0, MPI_LINK, 0.000930, 0.000938, 0.000008, PTP, "rank-64", "rank-65", 65_66_0_617
Link, 0, MPI_LINK, 0.000930, 0.000938, 0.000008, PTP, "rank-49", "rank-48", 50_49_0_625
Link, 0, MPI_LINK, 0.000930, 0.000938, 0.000008, PTP, "rank-48", "rank-48", 49_49_0_626
Link, 0, MPI_LINK, 0.000930, 0.000938, 0.000008, PTP, "rank-48", "rank-49", 49_50_0_627
Link, 0, MPI_LINK, 0.000930, 0.000938, 0.000008, PTP, "rank-41", "rank-40", 42_41_0_633
Link, 0, MPI_LINK, 0.000930, 0.000938, 0.000008, PTP, "rank-40", "rank-40", 41_41_0_634
Link, 0, MPI_LINK, 0.000930, 0.000938, 0.000008, PTP, "rank-40", "rank-41", 41_42_0_635
Link, 0, MPI_LINK, 0.000930, 0.000938, 0.000008, PTP, "rank-27", "rank-26", 28_27_0_643
Link, 0, MPI_LINK, 0.000930, 0.000938, 0.000008, PTP, "rank-26", "rank-26", 27_27_0_644
Link, 0, MPI_LINK, 0.000930, 0.000938, 0.000008, PTP, "rank-26", "rank-27", 27_28_0_645
Link, 0, MPI_LINK, 0.000930, 0.000938, 0.000008, PTP, "rank-25", "rank-24", 26_25_0_647
Link, 0, MPI_LINK, 0.000930, 0.000938, 0.000008, PTP, "rank-24", "rank-24", 25_25_0_648
Link, 0, MPI_LINK, 0.000930, 0.000938, 0.000008, PTP, "rank-24", "rank-25", 25_26_0_649
Link, 0, MPI_LINK, 0.000930, 0.000939, 0.000009, PTP, "rank-75", "rank-74", 76_75_0_611
Link, 0, MPI_LINK, 0.000931, 0.000939, 0.000008, PTP, "rank-74", "rank-74", 75_75_0_658
Link, 0, MPI_LINK, 0.000931, 0.000939, 0.000008, PTP, "rank-74", "rank-75", 75_76_0_659
Link, 0, MPI_LINK, 0.000929, 0.000939, 0.000010, PTP, "rank-66", "rank-67", 67_68_0_559
Link, 0, MPI_LINK, 0.000931, 0.000939, 0.000008, PTP, "rank-67", "rank-66", 68_67_0_661
Link, 0, MPI_LINK, 0.000929, 0.000939, 0.000010, PTP, "rank-66", "rank-66", 67_67_0_558
Link, 0, MPI_LINK, 0.000929, 0.000939, 0.000010, PTP, "rank-50", "rank-51", 51_52_0_569
Link, 0, MPI_LINK, 0.000931, 0.000939, 0.000008, PTP, "rank-51", "rank-50", 52_51_0_663
Link, 0, MPI_LINK, 0.000929, 0.000939, 0.000010, PTP, "rank-50", "rank-50", 51_51_0_568
Link, 0, MPI_LINK, 0.000930, 0.000939, 0.000009, PTP, "rank-19", "rank-18", 20_19_0_653
Link, 0, MPI_LINK, 0.000931, 0.000939, 0.000008, PTP, "rank-18", "rank-18", 19_19_0_670
Link, 0, MPI_LINK, 0.000931, 0.000939, 0.000008, PTP, "rank-18", "rank-19", 19_20_0_671
Link, 0, MPI_LINK, 0.000931, 0.000939, 0.000008, PTP, "rank-35", "rank-34", 36_35_0_667
Link, 0, MPI_LINK, 0.000931, 0.000939, 0.000008, PTP, "rank-34", "rank-34", 35_35_0_668
Link, 0, MPI_LINK, 0.000931, 0.000939, 0.000008, PTP, "rank-34", "rank-35", 35_36_0_669
Link, 0, MPI_LINK, 0.000709, 0.000940, 0.000231, PTP, "rank-3", "rank-1", 4_2_1_423
Link, 0, MPI_LINK, 0.000710, 0.000940, 0.000230, PTP, "rank-2", "rank-0", 3_1_1_431
Link, 0, MPI_LINK, 0.000926, 0.000940, 0.000014, PTP, "rank-1", "rank-3", 2_4_1_511
Link, 0, MPI_LINK, 0.000926, 0.000940, 0.000014, PTP, "rank-0", "rank-2", 1_3_1_513
Link, 0, MPI_LINK, 0.000929, 0.000940, 0.000011, PTP, "rank-105", "rank-104", 106_105_0_535
Link, 0, MPI_LINK, 0.000932, 0.000940, 0.000008, PTP, "rank-104", "rank-104", 105_105_0_678
Link, 0, MPI_LINK, 0.000932, 0.000940, 0.000008, PTP, "rank-104", "rank-105", 105_106_0_679
Link, 0, MPI_LINK, 0.000929, 0.000940, 0.000011, PTP, "rank-92", "rank-93", 93_94_0_543
Link, 0, MPI_LINK, 0.000932, 0.000940, 0.000008, PTP, "rank-93", "rank-92", 94_93_0_685
Link, 0, MPI_LINK, 0.000929, 0.000940, 0.000011, PTP, "rank-92", "rank-92", 93_93_0_542
Link, 0, MPI_LINK, 0.000930, 0.000940, 0.000010, PTP, "rank-90", "rank-91", 91_92_0_603
Link, 0, MPI_LINK, 0.000932, 0.000940, 0.000008, PTP, "rank-91", "rank-90", 92_91_0_687
Link, 0, MPI_LINK, 0.000930, 0.000940, 0.000010, PTP, "rank-90", "rank-90", 91_91_0_602
Link, 0, MPI_LINK, 0.000930, 0.000940, 0.000010, PTP, "rank-68", "rank-69", 69_70_0_613
Link, 0, MPI_LINK, 0.000932, 0.000940, 0.000008, PTP, "rank-69", "rank-68", 70_69_0_693
Link, 0, MPI_LINK, 0.000930, 0.000940, 0.000010, PTP, "rank-68", "rank-68", 69_69_0_612
Link, 0, MPI_LINK, 0.000930, 0.000940, 0.000010, PTP, "rank-56", "rank-57", 57_58_0_621
Link, 0, MPI_LINK, 0.000932, 0.000940, 0.000008, PTP, "rank-57", "rank-56", 58_57_0_695
Link, 0, MPI_LINK, 0.000930, 0.000940, 0.000010, PTP, "rank-56", "rank-56", 57_57_0_620
Link, 0, MPI_LINK, 0.000930, 0.000940, 0.000010, PTP, "rank-36", "rank-37", 37_38_0_637
Link, 0, MPI_LINK, 0.000932, 0.000940, 0.000008, PTP, "rank-37", "rank-36", 38_37_0_697
Link, 0, MPI_LINK, 0.000930, 0.000940, 0.000010, PTP, "rank-36", "rank-36", 37_37_0_636
Link, 0, MPI_LINK, 0.000930, 0.000940, 0.000010, PTP, "rank-28", "rank-29", 29_30_0_641
Link, 0, MPI_LINK, 0.000932, 0.000940, 0.000008, PTP, "rank-29", "rank-28", 30_29_0_699
Link, 0, MPI_LINK, 0.000930, 0.000940, 0.000010, PTP, "rank-28", "rank-28", 29_29_0_640
Link, 0, MPI_LINK, 0.000932, 0.000940, 0.000008, PTP, "rank-101", "rank-100", 102_101_0_681
Link, 0, MPI_LINK, 0.000932, 0.000940, 0.000008, PTP, "rank-100", "rank-100", 101_101_0_682
Link, 0, MPI_LINK, 0.000932, 0.000940, 0.000008, PTP, "rank-100", "rank-101", 101_102_0_683
Link, 0, MPI_LINK, 0.000932, 0.000940, 0.000008, PTP, "rank-71", "rank-70", 72_71_0_689
Link, 0, MPI_LINK, 0.000932, 0.000940, 0.000008, PTP, "rank-70", "rank-70", 71_71_0_690
Link, 0, MPI_LINK, 0.000932, 0.000940, 0.000008, PTP, "rank-70", "rank-71", 71_72_0_691
Link, 0, MPI_LINK, 0.000932, 0.000941, 0.000009, PTP, "rank-123", "rank-122", 124_123_0_673
Link, 0, MPI_LINK, 0.000933, 0.000941, 0.000008, PTP, "rank-122", "rank-122", 123_123_0_700
Link, 0, MPI_LINK, 0.000933, 0.000941, 0.000008, PTP, "rank-122", "rank-123", 123_124_0_701
Link, 0, MPI_LINK, 0.000929, 0.000941, 0.000012, PTP, "rank-86", "rank-87", 87_88_0_547
Link, 0, MPI_LINK, 0.000933, 0.000941, 0.000008, PTP, "rank-87", "rank-86", 88_87_0_707
Link, 0, MPI_LINK, 0.000929, 0.000941, 0.000012, PTP, "rank-86", "rank-86", 87_87_0_546
Link, 0, MPI_LINK, 0.000931, 0.000941, 0.000010, PTP, "rank-44", "rank-45", 45_46_0_665
Link, 0, MPI_LINK, 0.000933, 0.000941, 0.000008, PTP, "rank-45", "rank-44", 46_45_0_709
Link, 0, MPI_LINK, 0.000931, 0.000941, 0.000010, PTP, "rank-44", "rank-44", 45_45_0_664
Link, 0, MPI_LINK, 0.000933, 0.000941, 0.000008, PTP, "rank-113", "rank-112", 114_113_0_703
Link, 0, MPI_LINK, 0.000933, 0.000941, 0.000008, PTP, "rank-112", "rank-112", 113_113_0_704
Link, 0, MPI_LINK, 0.000933, 0.000941, 0.000008, PTP, "rank-112", "rank-113", 113_114_0_705
Link, 0, MPI_LINK, 0.000929, 0.000942, 0.000013, PTP, "rank-126", "rank-127", 127_128_0_527
Link, 0, MPI_LINK, 0.000934, 0.000942, 0.000008, PTP, "rank-127", "rank-126", 128_127_0_711
Link, 0, MPI_LINK, 0.000929, 0.000942, 0.000013, PTP, "rank-126", "rank-126", 127_127_0_526
Link, 0, MPI_LINK, 0.000930, 0.000942, 0.000012, PTP, "rank-118", "rank-119", 119_120_0_589
Link, 0, MPI_LINK, 0.000934, 0.000942, 0.000008, PTP, "rank-119", "rank-118", 120_119_0_715
Link, 0, MPI_LINK, 0.000930, 0.000942, 0.000012, PTP, "rank-118", "rank-118", 119_119_0_588
Link, 0, MPI_LINK, 0.000929, 0.000942, 0.000013, PTP, "rank-110", "rank-111", 111_112_0_531
Link, 0, MPI_LINK, 0.000934, 0.000942, 0.000008, PTP, "rank-111", "rank-110", 112_111_0_717
Link, 0, MPI_LINK, 0.000929, 0.000942, 0.000013, PTP, "rank-110", "rank-110", 111_111_0_530
Link, 0, MPI_LINK, 0.000931, 0.000942, 0.000011, PTP, "rank-85", "rank-84", 86_85_0_657
Link, 0, MPI_LINK, 0.000934, 0.000942, 0.000008, PTP, "rank-84", "rank-84", 85_85_0_718
Link, 0, MPI_LINK, 0.000934, 0.000942, 0.000008, PTP, "rank-84", "rank-85", 85_86_0_719
Link, 0, MPI_LINK, 0.000928, 0.000942, 0.000014, PTP, "rank-76", "rank-77", 77_78_0_517
Link, 0, MPI_LINK, 0.000934, 0.000942, 0.000008, PTP, "rank-77", "rank-76", 78_77_0_721
Link, 0, MPI_LINK, 0.000928, 0.000942, 0.000014, PTP, "rank-76", "rank-76", 77_77_0_516
Link, 0, MPI_LINK, 0.000934, 0.000943, 0.000009, PTP, "rank-125", "rank-124", 126_125_0_713
Link, 0, MPI_LINK, 0.000935, 0.000943, 0.000008, PTP, "rank-124", "rank-124", 125_125_0_722
Link, 0, MPI_LINK, 0.000935, 0.000943, 0.000008, PTP, "rank-124", "rank-125", 125_126_0_723
Link, 0, MPI_LINK, 0.000929, 0.000943, 0.000014, PTP, "rank-121", "rank-120", 122_121_0_529
Link, 0, MPI_LINK, 0.000935, 0.000943, 0.000008, PTP, "rank-120", "rank-120", 121_121_0_724
Link, 0, MPI_LINK, 0.000935, 0.000943, 0.000008, PTP, "rank-120", "rank-121", 121_122_0_725
Link, 0, MPI_LINK, 0.000929, 0.000943, 0.000014, PTP, "rank-60", "rank-61", 61_62_0_563
Link, 0, MPI_LINK, 0.000935, 0.000943, 0.000008, PTP, "rank-61", "rank-60", 62_61_0_727
Link, 0, MPI_LINK, 0.000929, 0.000943, 0.000014, PTP, "rank-60", "rank-60", 61_61_0_562
Link, 0, MPI_LINK, 0.000930, 0.000943, 0.000013, PTP, "rank-54", "rank-55", 55_56_0_623
Link, 0, MPI_LINK, 0.000935, 0.000943, 0.000008, PTP, "rank-55", "rank-54", 56_55_0_729
Link, 0, MPI_LINK, 0.000930, 0.000943, 0.000013, PTP, "rank-54", "rank-54", 55_55_0_622
Link, 0, MPI_LINK, 0.000929, 0.000943, 0.000014, PTP, "rank-52", "rank-53", 53_54_0_567
Link, 0, MPI_LINK, 0.000935, 0.000943, 0.000008, PTP, "rank-53", "rank-52", 54_53_0_731
Link, 0, MPI_LINK, 0.000929, 0.000943, 0.000014, PTP, "rank-52", "rank-52", 53_53_0_566
Link, 0, MPI_LINK, 0.000932, 0.000944, 0.000012, PTP, "rank-117", "rank-116", 118_117_0_675
Link, 0, MPI_LINK, 0.000936, 0.000944, 0.000008, PTP, "rank-116", "rank-116", 117_117_0_732
Link, 0, MPI_LINK, 0.000936, 0.000944, 0.000008, PTP, "rank-116", "rank-117", 117_118_0_733
Link, 0, MPI_LINK, 0.000932, 0.000944, 0.000012, PTP, "rank-115", "rank-114", 116_115_0_677
Link, 0, MPI_LINK, 0.000936, 0.000944, 0.000008, PTP, "rank-114", "rank-114", 115_115_0_734
Link, 0, MPI_LINK, 0.000936, 0.000944, 0.000008, PTP, "rank-114", "rank-115", 115_116_0_735
Link, 0, MPI_LINK, 0.000930, 0.000944, 0.000014, PTP, "rank-108", "rank-109", 109_110_0_591
Link, 0, MPI_LINK, 0.000936, 0.000944, 0.000008, PTP, "rank-109", "rank-108", 110_109_0_737
Link, 0, MPI_LINK, 0.000930, 0.000944, 0.000014, PTP, "rank-108", "rank-108", 109_109_0_590
Link, 0, MPI_LINK, 0.000938, 0.000953, 0.000015, PTP, "rank-80", "rank-82", 81_83_1_750
Link, 0, MPI_LINK, 0.000938, 0.000953, 0.000015, PTP, "rank-22", "rank-20", 23_21_1_758
Link, 0, MPI_LINK, 0.000939, 0.000953, 0.000014, PTP, "rank-27", "rank-25", 28_26_1_808
Link, 0, MPI_LINK, 0.000939, 0.000953, 0.000014, PTP, "rank-82", "rank-80", 83_81_1_782
Link, 0, MPI_LINK, 0.000939, 0.000953, 0.000014, PTP, "rank-20", "rank-22", 21_23_1_792
Link, 0, MPI_LINK, 0.000939, 0.000953, 0.000014, PTP, "rank-25", "rank-27", 26_28_1_810
Link, 0, MPI_LINK, 0.000939, 0.000954, 0.000015, PTP, "rank-97", "rank-99", 98_100_1_812
Link, 0, MPI_LINK, 0.000938, 0.000954, 0.000016, PTP, "rank-81", "rank-83", 82_84_1_752
Link, 0, MPI_LINK, 0.000939, 0.000954, 0.000015, PTP, "rank-23", "rank-21", 24_22_1_822
Link, 0, MPI_LINK, 0.000939, 0.000954, 0.000015, PTP, "rank-26", "rank-24", 27_25_1_806
Link, 0, MPI_LINK, 0.000939, 0.000954, 0.000015, PTP, "rank-65", "rank-67", 66_68_1_800
Link, 0, MPI_LINK, 0.000939, 0.000954, 0.000015, PTP, "rank-48", "rank-50", 49_51_1_802
Link, 0, MPI_LINK, 0.000939, 0.000954, 0.000015, PTP, "rank-16", "rank-18", 17_19_1_794
Link, 0, MPI_LINK, 0.000939, 0.000954, 0.000015, PTP, "rank-17", "rank-19", 18_20_1_796
Link, 0, MPI_LINK, 0.000940, 0.000954, 0.000014, PTP, "rank-42", "rank-40", 43_41_1_851
Link, 0, MPI_LINK, 0.000940, 0.000954, 0.000014, PTP, "rank-43", "rank-41", 44_42_1_853
Link, 0, MPI_LINK, 0.000940, 0.000954, 0.000014, PTP, "rank-99", "rank-97", 100_98_1_835
Link, 0, MPI_LINK, 0.000940, 0.000954, 0.000014, PTP, "rank-83", "rank-81", 84_82_1_843
Link, 0, MPI_LINK, 0.000940, 0.000954, 0.000014, PTP, "rank-21", "rank-23", 22_24_1_857
Link, 0, MPI_LINK, 0.000940, 0.000954, 0.000014, PTP, "rank-24", "rank-26", 25_27_1_867
Link, 0, MPI_LINK, 0.000940, 0.000954, 0.000014, PTP, "rank-67", "rank-65", 68_66_1_869
Link, 0, MPI_LINK, 0.000940, 0.000954, 0.000014, PTP, "rank-50", "rank-48", 51_49_1_871
Link, 0, MPI_LINK, 0.000940, 0.000954, 0.000014, PTP, "rank-18", "rank-16", 19_17_1_873
Link, 0, MPI_LINK, 0.000940, 0.000954, 0.000014, PTP, "rank-19", "rank-17", 20_18_1_875
Link, 0, MPI_LINK, 0.000940, 0.000954, 0.000014, PTP, "rank-40", "rank-42", 41_43_1_863
Link, 0, MPI_LINK, 0.000940, 0.000954, 0.000014, PTP, "rank-41", "rank-43", 42_44_1_865
Link, 0, MPI_LINK, 0.000938, 0.000955, 0.000017, PTP, "rank-72", "rank-74", 73_75_1_746
Link, 0, MPI_LINK, 0.000938, 0.000955, 0.000017, PTP, "rank-73", "rank-75", 74_76_1_748
Link, 0, MPI_LINK, 0.000940, 0.000955, 0.000015, PTP, "rank-64", "rank-66", 65_67_1_861
Link, 0, MPI_LINK, 0.000939, 0.000955, 0.000016, PTP, "rank-49", "rank-51", 50_52_1_804
Link, 0, MPI_LINK, 0.000938, 0.000955, 0.000017, PTP, "rank-32", "rank-34", 33_35_1_754
Link, 0, MPI_LINK, 0.000938, 0.000955, 0.000017, PTP, "rank-33", "rank-35", 34_36_1_756
Link, 0, MPI_LINK, 0.000940, 0.000955, 0.000015, PTP, "rank-89", "rank-91", 90_92_1_841
Link, 0, MPI_LINK, 0.000939, 0.000955, 0.000016, PTP, "rank-59", "rank-57", 60_58_1_786
Link, 0, MPI_LINK, 0.000939, 0.000955, 0.000016, PTP, "rank-39", "rank-37", 40_38_1_820
Link, 0, MPI_LINK, 0.000939, 0.000955, 0.000016, PTP, "rank-30", "rank-28", 31_29_1_790
Link, 0, MPI_LINK, 0.000941, 0.000955, 0.000014, PTP, "rank-74", "rank-72", 75_73_1_890
Link, 0, MPI_LINK, 0.000941, 0.000955, 0.000014, PTP, "rank-75", "rank-73", 76_74_1_892
Link, 0, MPI_LINK, 0.000941, 0.000955, 0.000014, PTP, "rank-66", "rank-64", 67_65_1_894
Link, 0, MPI_LINK, 0.000941, 0.000955, 0.000014, PTP, "rank-51", "rank-49", 52_50_1_896
Link, 0, MPI_LINK, 0.000941, 0.000955, 0.000014, PTP, "rank-34", "rank-32", 35_33_1_898
Link, 0, MPI_LINK, 0.000941, 0.000955, 0.000014, PTP, "rank-35", "rank-33", 36_34_1_900
Link, 0, MPI_LINK, 0.000941, 0.000955, 0.000014, PTP, "rank-91", "rank-89", 92_90_1_902
Link, 0, MPI_LINK, 0.000941, 0.000955, 0.000014, PTP, "rank-57", "rank-59", 58_60_1_908
Link, 0, MPI_LINK, 0.000941, 0.000955, 0.000014, PTP, "rank-37", "rank-39", 38_40_1_910
Link, 0, MPI_LINK, 0.000941, 0.000955, 0.000014, PTP, "rank-28", "rank-30", 29_31_1_912
Link, 0, MPI_LINK, 0.000939, 0.000956, 0.000017, PTP, "rank-47", "rank-45", 48_46_1_788
Link, 0, MPI_LINK, 0.000940, 0.000956, 0.000016, PTP, "rank-106", "rank-104", 107_105_1_833
Link, 0, MPI_LINK, 0.000941, 0.000956, 0.000015, PTP, "rank-107", "rank-105", 108_106_1_888
Link, 0, MPI_LINK, 0.000940, 0.000956, 0.000016, PTP, "rank-95", "rank-93", 96_94_1_839
Link, 0, MPI_LINK, 0.000939, 0.000956, 0.000017, PTP, "rank-94", "rank-92", 95_93_1_778
Link, 0, MPI_LINK, 0.000939, 0.000956, 0.000017, PTP, "rank-88", "rank-90", 89_91_1_780
Link, 0, MPI_LINK, 0.000939, 0.000956, 0.000017, PTP, "rank-38", "rank-36", 39_37_1_818
Link, 0, MPI_LINK, 0.000940, 0.000956, 0.000016, PTP, "rank-31", "rank-29", 32_30_1_855
Link, 0, MPI_LINK, 0.000940, 0.000956, 0.000016, PTP, "rank-102", "rank-100", 103_101_1_859
Link, 0, MPI_LINK, 0.000939, 0.000956, 0.000017, PTP, "rank-103", "rank-101", 104_102_1_798
Link, 0, MPI_LINK, 0.000941, 0.000956, 0.000015, PTP, "rank-68", "rank-70", 69_71_1_906
Link, 0, MPI_LINK, 0.000941, 0.000956, 0.000015, PTP, "rank-69", "rank-71", 70_72_1_904
Link, 0, MPI_LINK, 0.000942, 0.000956, 0.000014, PTP, "rank-45", "rank-47", 46_48_1_922
Link, 0, MPI_LINK, 0.000942, 0.000956, 0.000014, PTP, "rank-104", "rank-106", 105_107_1_926
Link, 0, MPI_LINK, 0.000942, 0.000956, 0.000014, PTP, "rank-105", "rank-107", 106_108_1_928
Link, 0, MPI_LINK, 0.000942, 0.000956, 0.000014, PTP, "rank-93", "rank-95", 94_96_1_930
Link, 0, MPI_LINK, 0.000942, 0.000956, 0.000014, PTP, "rank-92", "rank-94", 93_95_1_932
Link, 0, MPI_LINK, 0.000942, 0.000956, 0.000014, PTP, "rank-90", "rank-88", 91_89_1_934
Link, 0, MPI_LINK, 0.000942, 0.000956, 0.000014, PTP, "rank-36", "rank-38", 37_39_1_936
Link, 0, MPI_LINK, 0.000942, 0.000956, 0.000014, PTP, "rank-29", "rank-31", 30_32_1_938
Link, 0, MPI_LINK, 0.000942, 0.000956, 0.000014, PTP, "rank-100", "rank-102", 101_103_1_940
Link, 0, MPI_LINK, 0.000942, 0.000956, 0.000014, PTP, "rank-101", "rank-103", 102_104_1_942
Link, 0, MPI_LINK, 0.000942, 0.000956, 0.000014, PTP, "rank-70", "rank-68", 71_69_1_944
Link, 0, MPI_LINK, 0.000942, 0.000956, 0.000014, PTP, "rank-71", "rank-69", 72_70_1_946
Link, 0, MPI_LINK, 0.000940, 0.000957, 0.000017, PTP, "rank-58", "rank-56", 59_57_1_847
Link, 0, MPI_LINK, 0.000940, 0.000957, 0.000017, PTP, "rank-46", "rank-44", 47_45_1_849
Link, 0, MPI_LINK, 0.000940, 0.000957, 0.000017, PTP, "rank-98", "rank-96", 99_97_1_837
Link, 0, MPI_LINK, 0.000943, 0.000957, 0.000014, PTP, "rank-87", "rank-85", 88_86_1_961
Link, 0, MPI_LINK, 0.000943, 0.000957, 0.000014, PTP, "rank-56", "rank-58", 57_59_1_955
Link, 0, MPI_LINK, 0.000943, 0.000957, 0.000014, PTP, "rank-44", "rank-46", 45_47_1_965
Link, 0, MPI_LINK, 0.000943, 0.000957, 0.000014, PTP, "rank-96", "rank-98", 97_99_1_975
Link, 0, MPI_LINK, 0.000943, 0.000957, 0.000014, PTP, "rank-85", "rank-87", 86_88_1_973
Link, 0, MPI_LINK, 0.000943, 0.000958, 0.000015, PTP, "rank-86", "rank-84", 87_85_1_963
Link, 0, MPI_LINK, 0.000939, 0.000958, 0.000019, PTP, "rank-79", "rank-77", 80_78_1_784
Link, 0, MPI_LINK, 0.000940, 0.000958, 0.000018, PTP, "rank-78", "rank-76", 79_77_1_845
Link, 0, MPI_LINK, 0.000939, 0.000958, 0.000019, PTP, "rank-63", "rank-61", 64_62_1_814
Link, 0, MPI_LINK, 0.000944, 0.000958, 0.000014, PTP, "rank-84", "rank-86", 85_87_1_988
Link, 0, MPI_LINK, 0.000944, 0.000958, 0.000014, PTP, "rank-77", "rank-79", 78_80_1_990
Link, 0, MPI_LINK, 0.000944, 0.000958, 0.000014, PTP, "rank-76", "rank-78", 77_79_1_992
Link, 0, MPI_LINK, 0.000944, 0.000958, 0.000014, PTP, "rank-61", "rank-63", 62_64_1_994
Link, 0, MPI_LINK, 0.000944, 0.000959, 0.000015, PTP, "rank-126", "rank-124", 127_125_1_982
Link, 0, MPI_LINK, 0.000943, 0.000959, 0.000016, PTP, "rank-122", "rank-120", 123_121_1_957
Link, 0, MPI_LINK, 0.000943, 0.000959, 0.000016, PTP, "rank-123", "rank-121", 124_122_1_959
Link, 0, MPI_LINK, 0.000939, 0.000959, 0.000020, PTP, "rank-62", "rank-60", 63_61_1_816
Link, 0, MPI_LINK, 0.000944, 0.000959, 0.000015, PTP, "rank-52", "rank-54", 53_55_1_998
Link, 0, MPI_LINK, 0.000944, 0.000959, 0.000015, PTP, "rank-55", "rank-53", 56_54_1_996
Link, 0, MPI_LINK, 0.000942, 0.000959, 0.000017, PTP, "rank-112", "rank-114", 113_115_1_924
Link, 0, MPI_LINK, 0.000943, 0.000959, 0.000016, PTP, "rank-113", "rank-115", 114_116_1_967
Link, 0, MPI_LINK, 0.000943, 0.000959, 0.000016, PTP, "rank-111", "rank-109", 112_110_1_971
Link, 0, MPI_LINK, 0.000945, 0.000959, 0.000014, PTP, "rank-127", "rank-125", 128_126_1_1003
Link, 0, MPI_LINK, 0.000945, 0.000959, 0.000014, PTP, "rank-124", "rank-126", 125_127_1_1005
Link, 0, MPI_LINK, 0.000945, 0.000959, 0.000014, PTP, "rank-120", "rank-122", 121_123_1_1009
Link, 0, MPI_LINK, 0.000945, 0.000959, 0.000014, PTP, "rank-121", "rank-123", 122_124_1_1011
Link, 0, MPI_LINK, 0.000945, 0.000959, 0.000014, PTP, "rank-60", "rank-62", 61_63_1_1013
Link, 0, MPI_LINK, 0.000945, 0.000959, 0.000014, PTP, "rank-54", "rank-52", 55_53_1_1015
Link, 0, MPI_LINK, 0.000945, 0.000959, 0.000014, PTP, "rank-53", "rank-55", 54_56_1_1017
Link, 0, MPI_LINK, 0.000945, 0.000959, 0.000014, PTP, "rank-114", "rank-112", 115_113_1_1019
Link, 0, MPI_LINK, 0.000945, 0.000959, 0.000014, PTP, "rank-115", "rank-113", 116_114_1_1021
Link, 0, MPI_LINK, 0.000945, 0.000959, 0.000014, PTP, "rank-109", "rank-111", 110_112_1_1023
Link, 0, MPI_LINK, 0.000945, 0.000959, 0.000014, PTP, "rank-125", "rank-127", 126_128_1_1007
Link, 0, MPI_LINK, 0.000944, 0.000960, 0.000016, PTP, "rank-119", "rank-117", 120_118_1_984
Link, 0, MPI_LINK, 0.000944, 0.000960, 0.000016, PTP, "rank-110", "rank-108", 111_109_1_986
Link, 0, MPI_LINK, 0.000946, 0.000960, 0.000014, PTP, "rank-117", "rank-119", 118_120_1_1025
Link, 0, MPI_LINK, 0.000946, 0.000960, 0.000014, PTP, "rank-108", "rank-110", 109_111_1_1027
Link, 0, MPI_LINK, 0.000943, 0.000961, 0.000018, PTP, "rank-118", "rank-116", 119_117_1_969
Link, 0, MPI_LINK, 0.000947, 0.000961, 0.000014, PTP, "rank-116", "rank-118", 117_119_1_1029
Link, 0, MPI_LINK, 0.000727, 0.000967, 0.000240, PTP, "rank-6", "rank-2", 7_3_2_468
Link, 0, MPI_LINK, 0.000941, 0.000967, 0.000026, PTP, "rank-2", "rank-6", 3_7_2_886
Link, 0, MPI_LINK, 0.000726, 0.000968, 0.000242, PTP, "rank-5", "rank-1", 6_2_2_462
Link, 0, MPI_LINK, 0.000729, 0.000968, 0.000239, PTP, "rank-4", "rank-0", 5_1_2_472
Link, 0, MPI_LINK, 0.000942, 0.000968, 0.000026, PTP, "rank-1", "rank-5", 2_6_2_918
Link, 0, MPI_LINK, 0.000942, 0.000968, 0.000026, PTP, "rank-0", "rank-4", 1_5_2_920
Link, 0, MPI_LINK, 0.000727, 0.000969, 0.000242, PTP, "rank-7", "rank-3", 8_4_2_466
Link, 0, MPI_LINK, 0.000943, 0.000969, 0.000026, PTP, "rank-3", "rank-7", 4_8_2_953
Link, 0, MPI_LINK, 0.000954, 0.000981, 0.000027, PTP, "rank-20", "rank-16", 21_17_2_1037
Link, 0, MPI_LINK, 0.000955, 0.000981, 0.000026, PTP, "rank-22", "rank-18", 23_19_2_1063
Link, 0, MPI_LINK, 0.000955, 0.000981, 0.000026, PTP, "rank-21", "rank-17", 22_18_2_1067
Link, 0, MPI_LINK, 0.000955, 0.000981, 0.000026, PTP, "rank-16", "rank-20", 17_21_2_1071
Link, 0, MPI_LINK, 0.000955, 0.000981, 0.000026, PTP, "rank-18", "rank-22", 19_23_2_1073
Link, 0, MPI_LINK, 0.000955, 0.000981, 0.000026, PTP, "rank-17", "rank-21", 18_22_2_1075
Link, 0, MPI_LINK, 0.000955, 0.000982, 0.000027, PTP, "rank-26", "rank-30", 27_31_2_1069
Link, 0, MPI_LINK, 0.000956, 0.000982, 0.000026, PTP, "rank-23", "rank-19", 24_20_2_1125
Link, 0, MPI_LINK, 0.000956, 0.000982, 0.000026, PTP, "rank-30", "rank-26", 31_27_2_1117
Link, 0, MPI_LINK, 0.000956, 0.000982, 0.000026, PTP, "rank-19", "rank-23", 20_24_2_1137
Link, 0, MPI_LINK, 0.000956, 0.000983, 0.000027, PTP, "rank-33", "rank-37", 34_38_2_1111
Link, 0, MPI_LINK, 0.000955, 0.000983, 0.000028, PTP, "rank-41", "rank-45", 42_46_2_1077
Link, 0, MPI_LINK, 0.000954, 0.000983, 0.000029, PTP, "rank-27", "rank-31", 28_32_2_1039
Link, 0, MPI_LINK, 0.000957, 0.000983, 0.000026, PTP, "rank-97", "rank-101", 98_102_2_1169
Link, 0, MPI_LINK, 0.000957, 0.000983, 0.000026, PTP, "rank-35", "rank-39", 36_40_2_1181
Link, 0, MPI_LINK, 0.000957, 0.000983, 0.000026, PTP, "rank-37", "rank-33", 38_34_2_1189
Link, 0, MPI_LINK, 0.000957, 0.000983, 0.000026, PTP, "rank-45", "rank-41", 46_42_2_1191
Link, 0, MPI_LINK, 0.000957, 0.000983, 0.000026, PTP, "rank-31", "rank-27", 32_28_2_1199
Link, 0, MPI_LINK, 0.000957, 0.000983, 0.000026, PTP, "rank-101", "rank-97", 102_98_2_1201
Link, 0, MPI_LINK, 0.000957, 0.000983, 0.000026, PTP, "rank-39", "rank-35", 40_36_2_1187
Link, 0, MPI_LINK, 0.000956, 0.000984, 0.000028, PTP, "rank-24", "rank-28", 25_29_2_1127
Link, 0, MPI_LINK, 0.000957, 0.000984, 0.000027, PTP, "rank-89", "rank-93", 90_94_2_1183
Link, 0, MPI_LINK, 0.000957, 0.000984, 0.000027, PTP, "rank-34", "rank-38", 35_39_2_1179
Link, 0, MPI_LINK, 0.000957, 0.000984, 0.000027, PTP, "rank-32", "rank-36", 33_37_2_1177
Link, 0, MPI_LINK, 0.000955, 0.000984, 0.000029, PTP, "rank-25", "rank-29", 26_30_2_1065
Link, 0, MPI_LINK, 0.000957, 0.000984, 0.000027, PTP, "rank-96", "rank-100", 97_101_2_1209
Link, 0, MPI_LINK, 0.000956, 0.000984, 0.000028, PTP, "rank-99", "rank-103", 100_104_2_1119
Link, 0, MPI_LINK, 0.000957, 0.000984, 0.000027, PTP, "rank-64", "rank-68", 65_69_2_1173
Link, 0, MPI_LINK, 0.000956, 0.000984, 0.000028, PTP, "rank-66", "rank-70", 67_71_2_1107
Link, 0, MPI_LINK, 0.000956, 0.000984, 0.000028, PTP, "rank-65", "rank-69", 66_70_2_1129
Link, 0, MPI_LINK, 0.000956, 0.000984, 0.000028, PTP, "rank-67", "rank-71", 68_72_2_1131
Link, 0, MPI_LINK, 0.000956, 0.000984, 0.000028, PTP, "rank-40", "rank-44", 41_45_2_1141
Link, 0, MPI_LINK, 0.000956, 0.000984, 0.000028, PTP, "rank-81", "rank-85", 82_86_2_1121
Link, 0, MPI_LINK, 0.000958, 0.000984, 0.000026, PTP, "rank-94", "rank-90", 95_91_2_1221
Link, 0, MPI_LINK, 0.000958, 0.000984, 0.000026, PTP, "rank-102", "rank-98", 103_99_2_1231
Link, 0, MPI_LINK, 0.000958, 0.000984, 0.000026, PTP, "rank-28", "rank-24", 29_25_2_1213
Link, 0, MPI_LINK, 0.000958, 0.000984, 0.000026, PTP, "rank-93", "rank-89", 94_90_2_1219
Link, 0, MPI_LINK, 0.000958, 0.000984, 0.000026, PTP, "rank-38", "rank-34", 39_35_2_1225
Link, 0, MPI_LINK, 0.000958, 0.000984, 0.000026, PTP, "rank-36", "rank-32", 37_33_2_1227
Link, 0, MPI_LINK, 0.000958, 0.000984, 0.000026, PTP, "rank-29", "rank-25", 30_26_2_1229
Link, 0, MPI_LINK, 0.000958, 0.000984, 0.000026, PTP, "rank-100", "rank-96", 101_97_2_1233
Link, 0, MPI_LINK, 0.000958, 0.000984, 0.000026, PTP, "rank-103", "rank-99", 104_100_2_1235
Link, 0, MPI_LINK, 0.000958, 0.000984, 0.000026, PTP, "rank-68", "rank-64", 69_65_2_1237
Link, 0, MPI_LINK, 0.000958, 0.000984, 0.000026, PTP, "rank-70", "rank-66", 71_67_2_1239
Link, 0, MPI_LINK, 0.000958, 0.000984, 0.000026, PTP, "rank-69", "rank-65", 70_66_2_1241
Link, 0, MPI_LINK, 0.000958, 0.000984, 0.000026, PTP, "rank-71", "rank-67", 72_68_2_1243
Link, 0, MPI_LINK, 0.000958, 0.000984, 0.000026, PTP, "rank-44", "rank-40", 45_41_2_1245
Link, 0, MPI_LINK, 0.000958, 0.000984, 0.000026, PTP, "rank-85", "rank-81", 86_82_2_1249
Link, 0, MPI_LINK, 0.000958, 0.000984, 0.000026, PTP, "rank-90", "rank-94", 91_95_2_1223
Link, 0, MPI_LINK, 0.000958, 0.000984, 0.000026, PTP, "rank-98", "rank-102", 99_103_2_1247
Link, 0, MPI_LINK, 0.000956, 0.000985, 0.000029, PTP, "rank-43", "rank-47", 44_48_2_1143
Link, 0, MPI_LINK, 0.000956, 0.000985, 0.000029, PTP, "rank-91", "rank-95", 92_96_2_1113
Link, 0, MPI_LINK, 0.000957, 0.000985, 0.000028, PTP, "rank-88", "rank-92", 89_93_2_1197
Link, 0, MPI_LINK, 0.000956, 0.000985, 0.000029, PTP, "rank-72", "rank-76", 73_77_2_1101
Link, 0, MPI_LINK, 0.000956, 0.000985, 0.000029, PTP, "rank-57", "rank-61", 58_62_2_1115
Link, 0, MPI_LINK, 0.000956, 0.000985, 0.000029, PTP, "rank-42", "rank-46", 43_47_2_1139
Link, 0, MPI_LINK, 0.000956, 0.000985, 0.000029, PTP, "rank-83", "rank-87", 84_88_2_1123
Link, 0, MPI_LINK, 0.000959, 0.000985, 0.000026, PTP, "rank-47", "rank-43", 48_44_2_1259
Link, 0, MPI_LINK, 0.000959, 0.000985, 0.000026, PTP, "rank-95", "rank-91", 96_92_2_1261
Link, 0, MPI_LINK, 0.000959, 0.000985, 0.000026, PTP, "rank-92", "rank-88", 93_89_2_1263
Link, 0, MPI_LINK, 0.000959, 0.000985, 0.000026, PTP, "rank-76", "rank-72", 77_73_2_1265
Link, 0, MPI_LINK, 0.000959, 0.000985, 0.000026, PTP, "rank-61", "rank-57", 62_58_2_1267
Link, 0, MPI_LINK, 0.000959, 0.000985, 0.000026, PTP, "rank-46", "rank-42", 47_43_2_1273
Link, 0, MPI_LINK, 0.000959, 0.000985, 0.000026, PTP, "rank-87", "rank-83", 88_84_2_1275
Link, 0, MPI_LINK, 0.000955, 0.000986, 0.000031, PTP, "rank-82", "rank-86", 83_87_2_1061
Link, 0, MPI_LINK, 0.000956, 0.000986, 0.000030, PTP, "rank-80", "rank-84", 81_85_2_1099
Link, 0, MPI_LINK, 0.000957, 0.000986, 0.000029, PTP, "rank-75", "rank-79", 76_80_2_1171
Link, 0, MPI_LINK, 0.000956, 0.000986, 0.000030, PTP, "rank-73", "rank-77", 74_78_2_1105
Link, 0, MPI_LINK, 0.000956, 0.000986, 0.000030, PTP, "rank-74", "rank-78", 75_79_2_1103
Link, 0, MPI_LINK, 0.000957, 0.000986, 0.000029, PTP, "rank-59", "rank-63", 60_64_2_1185
Link, 0, MPI_LINK, 0.000959, 0.000986, 0.000027, PTP, "rank-56", "rank-60", 57_61_2_1271
Link, 0, MPI_LINK, 0.000957, 0.000986, 0.000029, PTP, "rank-49", "rank-53", 50_54_2_1175
Link, 0, MPI_LINK, 0.000957, 0.000986, 0.000029, PTP, "rank-107", "rank-111", 108_112_2_1195
Link, 0, MPI_LINK, 0.000960, 0.000986, 0.000026, PTP, "rank-86", "rank-82", 87_83_2_1297
Link, 0, MPI_LINK, 0.000960, 0.000986, 0.000026, PTP, "rank-84", "rank-80", 85_81_2_1299
Link, 0, MPI_LINK, 0.000960, 0.000986, 0.000026, PTP, "rank-79", "rank-75", 80_76_2_1301
Link, 0, MPI_LINK, 0.000960, 0.000986, 0.000026, PTP, "rank-77", "rank-73", 78_74_2_1303
Link, 0, MPI_LINK, 0.000960, 0.000986, 0.000026, PTP, "rank-78", "rank-74", 79_75_2_1305
Link, 0, MPI_LINK, 0.000960, 0.000986, 0.000026, PTP, "rank-63", "rank-59", 64_60_2_1307
Link, 0, MPI_LINK, 0.000960, 0.000986, 0.000026, PTP, "rank-60", "rank-56", 61_57_2_1315
Link, 0, MPI_LINK, 0.000960, 0.000986, 0.000026, PTP, "rank-53", "rank-49", 54_50_2_1317
Link, 0, MPI_LINK, 0.000960, 0.000986, 0.000026, PTP, "rank-111", "rank-107", 112_108_2_1325
Link, 0, MPI_LINK, 0.000960, 0.000987, 0.000027, PTP, "rank-124", "rank-120", 125_121_2_1309
Link, 0, MPI_LINK, 0.000960, 0.000987, 0.000027, PTP, "rank-127", "rank-123", 128_124_2_1327
Link, 0, MPI_LINK, 0.000959, 0.000987, 0.000028, PTP, "rank-58", "rank-62", 59_63_2_1269
Link, 0, MPI_LINK, 0.000956, 0.000987, 0.000031, PTP, "rank-48", "rank-52", 49_53_2_1133
Link, 0, MPI_LINK, 0.000956, 0.000987, 0.000031, PTP, "rank-50", "rank-54", 51_55_2_1135
Link, 0, MPI_LINK, 0.000956, 0.000987, 0.000031, PTP, "rank-51", "rank-55", 52_56_2_1109
Link, 0, MPI_LINK, 0.000958, 0.000987, 0.000029, PTP, "rank-105", "rank-109", 106_110_2_1217
Link, 0, MPI_LINK, 0.000960, 0.000987, 0.000027, PTP, "rank-121", "rank-125", 122_126_2_1313
Link, 0, MPI_LINK, 0.000960, 0.000987, 0.000027, PTP, "rank-115", "rank-119", 116_120_2_1323
Link, 0, MPI_LINK, 0.000957, 0.000987, 0.000030, PTP, "rank-104", "rank-108", 105_109_2_1193
Link, 0, MPI_LINK, 0.000961, 0.000987, 0.000026, PTP, "rank-120", "rank-124", 121_125_2_1333
Link, 0, MPI_LINK, 0.000961, 0.000987, 0.000026, PTP, "rank-123", "rank-127", 124_128_2_1335
Link, 0, MPI_LINK, 0.000961, 0.000987, 0.000026, PTP, "rank-62", "rank-58", 63_59_2_1337
Link, 0, MPI_LINK, 0.000961, 0.000987, 0.000026, PTP, "rank-52", "rank-48", 53_49_2_1339
Link, 0, MPI_LINK, 0.000961, 0.000987, 0.000026, PTP, "rank-54", "rank-50", 55_51_2_1341
Link, 0, MPI_LINK, 0.000961, 0.000987, 0.000026, PTP, "rank-55", "rank-51", 56_52_2_1343
Link, 0, MPI_LINK, 0.000961, 0.000987, 0.000026, PTP, "rank-109", "rank-105", 110_106_2_1347
Link, 0, MPI_LINK, 0.000961, 0.000987, 0.000026, PTP, "rank-125", "rank-121", 126_122_2_1349
Link, 0, MPI_LINK, 0.000961, 0.000987, 0.000026, PTP, "rank-119", "rank-115", 120_116_2_1351
Link, 0, MPI_LINK, 0.000961, 0.000987, 0.000026, PTP, "rank-108", "rank-104", 109_105_2_1353
Link, 0, MPI_LINK, 0.000960, 0.000988, 0.000028, PTP, "rank-122", "rank-126", 123_127_2_1311
Link, 0, MPI_LINK, 0.000960, 0.000988, 0.000028, PTP, "rank-113", "rank-117", 114_118_2_1321
Link, 0, MPI_LINK, 0.000958, 0.000988, 0.000030, PTP, "rank-106", "rank-110", 107_111_2_1215
Link, 0, MPI_LINK, 0.000962, 0.000988, 0.000026, PTP, "rank-126", "rank-122", 127_123_2_1357
Link, 0, MPI_LINK, 0.000962, 0.000988, 0.000026, PTP, "rank-117", "rank-113", 118_114_2_1359
Link, 0, MPI_LINK, 0.000962, 0.000988, 0.000026, PTP, "rank-110", "rank-106", 111_107_2_1361
Link, 0, MPI_LINK, 0.000961, 0.000989, 0.000028, PTP, "rank-112", "rank-116", 113_117_2_1345
Link, 0, MPI_LINK, 0.000963, 0.000989, 0.000026, PTP, "rank-116", "rank-112", 117_113_2_1363
Link, 0, MPI_LINK, 0.000960, 0.000990, 0.000030, PTP, "rank-114", "rank-118", 115_119_2_1319
Link, 0, MPI_LINK, 0.000964, 0.000990, 0.000026, PTP, "rank-118", "rank-114", 119_115_2_1365
Link, 0, MPI_LINK, 0.000757, 0.001017, 0.000260, PTP, "rank-10", "rank-2", 11_3_3_494
Link, 0, MPI_LINK, 0.000968, 0.001017, 0.000049, PTP, "rank-2", "rank-10", 3_11_3_1369
Link, 0, MPI_LINK, 0.000757, 0.001018, 0.000261, PTP, "rank-14", "rank-6", 15_7_3_496
Link, 0, MPI_LINK, 0.000758, 0.001018, 0.000260, PTP, "rank-9", "rank-1", 10_2_3_506
Link, 0, MPI_LINK, 0.000758, 0.001018, 0.000260, PTP, "rank-8", "rank-0", 9_1_3_502
Link, 0, MPI_LINK, 0.000969, 0.001018, 0.000049, PTP, "rank-6", "rank-14", 7_15_3_1375
Link, 0, MPI_LINK, 0.000969, 0.001018, 0.000049, PTP, "rank-1", "rank-9", 2_10_3_1377
Link, 0, MPI_LINK, 0.000969, 0.001018, 0.000049, PTP, "rank-0", "rank-8", 1_9_3_1379
Link, 0, MPI_LINK, 0.000757, 0.001019, 0.000262, PTP, "rank-11", "rank-3", 12_4_3_500
Link, 0, MPI_LINK, 0.000757, 0.001019, 0.000262, PTP, "rank-13", "rank-5", 14_6_3_498
Link, 0, MPI_LINK, 0.000758, 0.001019, 0.000261, PTP, "rank-12", "rank-4", 13_5_3_504
Link, 0, MPI_LINK, 0.000970, 0.001019, 0.000049, PTP, "rank-3", "rank-11", 4_12_3_1383
Link, 0, MPI_LINK, 0.000970, 0.001019, 0.000049, PTP, "rank-5", "rank-13", 6_14_3_1385
Link, 0, MPI_LINK, 0.000970, 0.001019, 0.000049, PTP, "rank-4", "rank-12", 5_13_3_1387
Link, 0, MPI_LINK, 0.000758, 0.001021, 0.000263, PTP, "rank-15", "rank-7", 16_8_3_508
Link, 0, MPI_LINK, 0.000972, 0.001021, 0.000049, PTP, "rank-7", "rank-15", 8_16_3_1389
Link, 0, MPI_LINK, 0.000983, 0.001033, 0.000050, PTP, "rank-19", "rank-27", 20_28_3_1403
Link, 0, MPI_LINK, 0.000983, 0.001033, 0.000050, PTP, "rank-18", "rank-26", 19_27_3_1411
Link, 0, MPI_LINK, 0.000984, 0.001033, 0.000049, PTP, "rank-27", "rank-19", 28_20_3_1429
Link, 0, MPI_LINK, 0.000984, 0.001033, 0.000049, PTP, "rank-26", "rank-18", 27_19_3_1431
Link, 0, MPI_LINK, 0.000983, 0.001034, 0.000051, PTP, "rank-21", "rank-29", 22_30_3_1413
Link, 0, MPI_LINK, 0.000983, 0.001034, 0.000051, PTP, "rank-22", "rank-30", 23_31_3_1409
Link, 0, MPI_LINK, 0.000984, 0.001034, 0.000050, PTP, "rank-41", "rank-33", 42_34_3_1427
Link, 0, MPI_LINK, 0.000984, 0.001034, 0.000050, PTP, "rank-37", "rank-45", 38_46_3_1425
Link, 0, MPI_LINK, 0.000984, 0.001034, 0.000050, PTP, "rank-23", "rank-31", 24_32_3_1433
Link, 0, MPI_LINK, 0.000985, 0.001034, 0.000049, PTP, "rank-29", "rank-21", 30_22_3_1469
Link, 0, MPI_LINK, 0.000985, 0.001034, 0.000049, PTP, "rank-30", "rank-22", 31_23_3_1483
Link, 0, MPI_LINK, 0.000985, 0.001034, 0.000049, PTP, "rank-33", "rank-41", 34_42_3_1485
Link, 0, MPI_LINK, 0.000985, 0.001034, 0.000049, PTP, "rank-45", "rank-37", 46_38_3_1487
Link, 0, MPI_LINK, 0.000985, 0.001034, 0.000049, PTP, "rank-31", "rank-23", 32_24_3_1489
Link, 0, MPI_LINK, 0.000983, 0.001035, 0.000052, PTP, "rank-20", "rank-28", 21_29_3_1405
Link, 0, MPI_LINK, 0.000982, 0.001035, 0.000053, PTP, "rank-17", "rank-25", 18_26_3_1397
Link, 0, MPI_LINK, 0.000985, 0.001035, 0.000050, PTP, "rank-93", "rank-85", 94_86_3_1465
Link, 0, MPI_LINK, 0.000986, 0.001035, 0.000049, PTP, "rank-72", "rank-64", 73_65_3_1513
Link, 0, MPI_LINK, 0.000986, 0.001035, 0.000049, PTP, "rank-46", "rank-38", 47_39_3_1517
Link, 0, MPI_LINK, 0.000986, 0.001035, 0.000049, PTP, "rank-89", "rank-81", 90_82_3_1527
Link, 0, MPI_LINK, 0.000986, 0.001035, 0.000049, PTP, "rank-32", "rank-40", 33_41_3_1531
Link, 0, MPI_LINK, 0.000986, 0.001035, 0.000049, PTP, "rank-36", "rank-44", 37_45_3_1533
Link, 0, MPI_LINK, 0.000986, 0.001035, 0.000049, PTP, "rank-28", "rank-20", 29_21_3_1525
Link, 0, MPI_LINK, 0.000986, 0.001035, 0.000049, PTP, "rank-25", "rank-17", 26_18_3_1535
Link, 0, MPI_LINK, 0.000986, 0.001035, 0.000049, PTP, "rank-85", "rank-93", 86_94_3_1557
Link, 0, MPI_LINK, 0.000986, 0.001035, 0.000049, PTP, "rank-64", "rank-72", 65_73_3_1543
Link, 0, MPI_LINK, 0.000986, 0.001035, 0.000049, PTP, "rank-38", "rank-46", 39_47_3_1529
Link, 0, MPI_LINK, 0.000986, 0.001035, 0.000049, PTP, "rank-81", "rank-89", 82_90_3_1555
Link, 0, MPI_LINK, 0.000986, 0.001035, 0.000049, PTP, "rank-40", "rank-32", 41_33_3_1551
Link, 0, MPI_LINK, 0.000986, 0.001035, 0.000049, PTP, "rank-44", "rank-36", 45_37_3_1553
Link, 0, MPI_LINK, 0.000986, 0.001036, 0.000050, PTP, "rank-92", "rank-84", 93_85_3_1511
Link, 0, MPI_LINK, 0.000986, 0.001036, 0.000050, PTP, "rank-67", "rank-75", 68_76_3_1549
Link, 0, MPI_LINK, 0.000985, 0.001036, 0.000051, PTP, "rank-71", "rank-79", 72_80_3_1479
Link, 0, MPI_LINK, 0.000985, 0.001036, 0.000051, PTP, "rank-69", "rank-77", 70_78_3_1477
Link, 0, MPI_LINK, 0.000985, 0.001036, 0.000051, PTP, "rank-66", "rank-74", 67_75_3_1473
Link, 0, MPI_LINK, 0.000986, 0.001036, 0.000050, PTP, "rank-57", "rank-49", 58_50_3_1515
Link, 0, MPI_LINK, 0.000983, 0.001036, 0.000053, PTP, "rank-16", "rank-24", 17_25_3_1407
Link, 0, MPI_LINK, 0.000985, 0.001036, 0.000051, PTP, "rank-35", "rank-43", 36_44_3_1495
Link, 0, MPI_LINK, 0.000986, 0.001036, 0.000050, PTP, "rank-39", "rank-47", 40_48_3_1523
Link, 0, MPI_LINK, 0.000986, 0.001036, 0.000050, PTP, "rank-83", "rank-91", 84_92_3_1519
Link, 0, MPI_LINK, 0.000986, 0.001036, 0.000050, PTP, "rank-87", "rank-95", 88_96_3_1521
Link, 0, MPI_LINK, 0.000986, 0.001036, 0.000050, PTP, "rank-68", "rank-76", 69_77_3_1545
Link, 0, MPI_LINK, 0.000985, 0.001036, 0.000051, PTP, "rank-34", "rank-42", 35_43_3_1467
Link, 0, MPI_LINK, 0.000987, 0.001036, 0.000049, PTP, "rank-84", "rank-92", 85_93_3_1583
Link, 0, MPI_LINK, 0.000987, 0.001036, 0.000049, PTP, "rank-75", "rank-67", 76_68_3_1585
Link, 0, MPI_LINK, 0.000987, 0.001036, 0.000049, PTP, "rank-79", "rank-71", 80_72_3_1587
Link, 0, MPI_LINK, 0.000987, 0.001036, 0.000049, PTP, "rank-77", "rank-69", 78_70_3_1589
Link, 0, MPI_LINK, 0.000987, 0.001036, 0.000049, PTP, "rank-74", "rank-66", 75_67_3_1591
Link, 0, MPI_LINK, 0.000987, 0.001036, 0.000049, PTP, "rank-49", "rank-57", 50_58_3_1597
Link, 0, MPI_LINK, 0.000987, 0.001036, 0.000049, PTP, "rank-24", "rank-16", 25_17_3_1599
Link, 0, MPI_LINK, 0.000987, 0.001036, 0.000049, PTP, "rank-43", "rank-35", 44_36_3_1601
Link, 0, MPI_LINK, 0.000987, 0.001036, 0.000049, PTP, "rank-47", "rank-39", 48_40_3_1603
Link, 0, MPI_LINK, 0.000987, 0.001036, 0.000049, PTP, "rank-91", "rank-83", 92_84_3_1605
Link, 0, MPI_LINK, 0.000987, 0.001036, 0.000049, PTP, "rank-95", "rank-87", 96_88_3_1607
Link, 0, MPI_LINK, 0.000987, 0.001036, 0.000049, PTP, "rank-76", "rank-68", 77_69_3_1611
Link, 0, MPI_LINK, 0.000987, 0.001036, 0.000049, PTP, "rank-42", "rank-34", 43_35_3_1615
Link, 0, MPI_LINK, 0.000985, 0.001037, 0.000052, PTP, "rank-97", "rank-105", 98_106_3_1491
Link, 0, MPI_LINK, 0.000985, 0.001037, 0.000052, PTP, "rank-96", "rank-104", 97_105_3_1471
Link, 0, MPI_LINK, 0.000985, 0.001037, 0.000052, PTP, "rank-94", "rank-86", 95_87_3_1481
Link, 0, MPI_LINK, 0.000987, 0.001037, 0.000050, PTP, "rank-88", "rank-80", 89_81_3_1609
Link, 0, MPI_LINK, 0.000985, 0.001037, 0.000052, PTP, "rank-65", "rank-73", 66_74_3_1475
Link, 0, MPI_LINK, 0.000986, 0.001037, 0.000051, PTP, "rank-70", "rank-78", 71_79_3_1547
Link, 0, MPI_LINK, 0.000987, 0.001037, 0.000050, PTP, "rank-61", "rank-53", 62_54_3_1613
Link, 0, MPI_LINK, 0.000986, 0.001037, 0.000051, PTP, "rank-99", "rank-107", 100_108_3_1539
Link, 0, MPI_LINK, 0.000986, 0.001037, 0.000051, PTP, "rank-103", "rank-111", 104_112_3_1541
Link, 0, MPI_LINK, 0.000988, 0.001037, 0.000049, PTP, "rank-52", "rank-60", 53_61_3_1641
Link, 0, MPI_LINK, 0.000988, 0.001037, 0.000049, PTP, "rank-105", "rank-97", 106_98_3_1645
Link, 0, MPI_LINK, 0.000988, 0.001037, 0.000049, PTP, "rank-104", "rank-96", 105_97_3_1647
Link, 0, MPI_LINK, 0.000988, 0.001037, 0.000049, PTP, "rank-86", "rank-94", 87_95_3_1649
Link, 0, MPI_LINK, 0.000988, 0.001037, 0.000049, PTP, "rank-80", "rank-88", 81_89_3_1651
Link, 0, MPI_LINK, 0.000988, 0.001037, 0.000049, PTP, "rank-73", "rank-65", 74_66_3_1653
Link, 0, MPI_LINK, 0.000988, 0.001037, 0.000049, PTP, "rank-78", "rank-70", 79_71_3_1655
Link, 0, MPI_LINK, 0.000988, 0.001037, 0.000049, PTP, "rank-53", "rank-61", 54_62_3_1661
Link, 0, MPI_LINK, 0.000988, 0.001037, 0.000049, PTP, "rank-107", "rank-99", 108_100_3_1663
Link, 0, MPI_LINK, 0.000988, 0.001037, 0.000049, PTP, "rank-111", "rank-103", 112_104_3_1665
Link, 0, MPI_LINK, 0.000988, 0.001037, 0.000049, PTP, "rank-60", "rank-52", 61_53_3_1659
Link, 0, MPI_LINK, 0.000986, 0.001038, 0.000052, PTP, "rank-98", "rank-106", 99_107_3_1563
Link, 0, MPI_LINK, 0.000986, 0.001038, 0.000052, PTP, "rank-90", "rank-82", 91_83_3_1559
Link, 0, MPI_LINK, 0.000988, 0.001038, 0.000050, PTP, "rank-50", "rank-58", 51_59_3_1643
Link, 0, MPI_LINK, 0.000987, 0.001038, 0.000051, PTP, "rank-56", "rank-48", 57_49_3_1595
Link, 0, MPI_LINK, 0.000987, 0.001038, 0.000051, PTP, "rank-62", "rank-54", 63_55_3_1623
Link, 0, MPI_LINK, 0.000987, 0.001038, 0.000051, PTP, "rank-59", "rank-51", 60_52_3_1593
Link, 0, MPI_LINK, 0.000988, 0.001038, 0.000050, PTP, "rank-63", "rank-55", 64_56_3_1657
Link, 0, MPI_LINK, 0.000985, 0.001038, 0.000053, PTP, "rank-101", "rank-109", 102_110_3_1493
Link, 0, MPI_LINK, 0.000986, 0.001038, 0.000052, PTP, "rank-100", "rank-108", 101_109_3_1537
Link, 0, MPI_LINK, 0.000989, 0.001038, 0.000049, PTP, "rank-113", "rank-121", 114_122_3_1675
Link, 0, MPI_LINK, 0.000989, 0.001038, 0.000049, PTP, "rank-127", "rank-119", 128_120_3_1681
Link, 0, MPI_LINK, 0.000989, 0.001038, 0.000049, PTP, "rank-123", "rank-115", 124_116_3_1683
Link, 0, MPI_LINK, 0.000989, 0.001038, 0.000049, PTP, "rank-106", "rank-98", 107_99_3_1677
Link, 0, MPI_LINK, 0.000989, 0.001038, 0.000049, PTP, "rank-82", "rank-90", 83_91_3_1679
Link, 0, MPI_LINK, 0.000989, 0.001038, 0.000049, PTP, "rank-58", "rank-50", 59_51_3_1685
Link, 0, MPI_LINK, 0.000989, 0.001038, 0.000049, PTP, "rank-48", "rank-56", 49_57_3_1687
Link, 0, MPI_LINK, 0.000989, 0.001038, 0.000049, PTP, "rank-54", "rank-62", 55_63_3_1689
Link, 0, MPI_LINK, 0.000989, 0.001038, 0.000049, PTP, "rank-51", "rank-59", 52_60_3_1691
Link, 0, MPI_LINK, 0.000989, 0.001038, 0.000049, PTP, "rank-55", "rank-63", 56_64_3_1693
Link, 0, MPI_LINK, 0.000989, 0.001038, 0.000049, PTP, "rank-109", "rank-101", 110_102_3_1695
Link, 0, MPI_LINK, 0.000989, 0.001038, 0.000049, PTP, "rank-108", "rank-100", 109_101_3_1705
Link, 0, MPI_LINK, 0.000989, 0.001038, 0.000049, PTP, "rank-121", "rank-113", 122_114_3_1697
Link, 0, MPI_LINK, 0.000989, 0.001038, 0.000049, PTP, "rank-119", "rank-127", 120_128_3_1703
Link, 0, MPI_LINK, 0.000989, 0.001038, 0.000049, PTP, "rank-115", "rank-123", 116_124_3_1701
Link, 0, MPI_LINK, 0.000989, 0.001039, 0.000050, PTP, "rank-125", "rank-117", 126_118_3_1699
Link, 0, MPI_LINK, 0.000986, 0.001039, 0.000053, PTP, "rank-102", "rank-110", 103_111_3_1561
Link, 0, MPI_LINK, 0.000990, 0.001039, 0.000049, PTP, "rank-117", "rank-125", 118_126_3_1713
Link, 0, MPI_LINK, 0.000990, 0.001039, 0.000049, PTP, "rank-110", "rank-102", 111_103_3_1715
Link, 0, MPI_LINK, 0.000990, 0.001040, 0.000050, PTP, "rank-124", "rank-116", 125_117_3_1709
Link, 0, MPI_LINK, 0.000990, 0.001040, 0.000050, PTP, "rank-122", "rank-114", 123_115_3_1711
Link, 0, MPI_LINK, 0.000991, 0.001040, 0.000049, PTP, "rank-116", "rank-124", 117_125_3_1719
Link, 0, MPI_LINK, 0.000991, 0.001040, 0.000049, PTP, "rank-114", "rank-122", 115_123_3_1721
Link, 0, MPI_LINK, 0.000988, 0.001041, 0.000053, PTP, "rank-120", "rank-112", 121_113_3_1639
Link, 0, MPI_LINK, 0.000989, 0.001041, 0.000052, PTP, "rank-126", "rank-118", 127_119_3_1673
Link, 0, MPI_LINK, 0.000992, 0.001041, 0.000049, PTP, "rank-112", "rank-120", 113_121_3_1723
Link, 0, MPI_LINK, 0.000992, 0.001041, 0.000049, PTP, "rank-118", "rank-126", 119_127_3_1725
Link, 0, MPI_LINK, 0.001036, 0.002518, 0.001482, PTP, "rank-41", "rank-57", 42_58_4_1839
Link, 0, MPI_LINK, 0.001037, 0.002518, 0.001481, PTP, "rank-57", "rank-41", 58_42_4_1877
Link, 0, MPI_LINK, 0.001037, 0.002524, 0.001487, PTP, "rank-67", "rank-83", 68_84_4_1871
Link, 0, MPI_LINK, 0.001037, 0.002524, 0.001487, PTP, "rank-83", "rank-67", 84_68_4_1887
Link, 0, MPI_LINK, 0.001038, 0.002532, 0.001494, PTP, "rank-111", "rank-127", 112_128_4_1943
Link, 0, MPI_LINK, 0.001038, 0.002532, 0.001494, PTP, "rank-97", "rank-113", 98_114_4_1929
Link, 0, MPI_LINK, 0.001039, 0.002532, 0.001493, PTP, "rank-127", "rank-111", 128_112_4_2027
Link, 0, MPI_LINK, 0.001039, 0.002532, 0.001493, PTP, "rank-113", "rank-97", 114_98_4_2025
Link, 0, MPI_LINK, 0.001035, 0.002533, 0.001498, PTP, "rank-33", "rank-49", 34_50_4_1791
Link, 0, MPI_LINK, 0.001038, 0.002533, 0.001495, PTP, "rank-49", "rank-33", 50_34_4_1961
Link, 0, MPI_LINK, 0.001019, 0.002536, 0.001517, PTP, "rank-10", "rank-26", 11_27_4_1737
Link, 0, MPI_LINK, 0.001019, 0.002536, 0.001517, PTP, "rank-2", "rank-18", 3_19_4_1739
Link, 0, MPI_LINK, 0.001021, 0.002536, 0.001515, PTP, "rank-11", "rank-27", 12_28_4_1759
Link, 0, MPI_LINK, 0.001021, 0.002536, 0.001515, PTP, "rank-3", "rank-19", 4_20_4_1761
Link, 0, MPI_LINK, 0.001023, 0.002536, 0.001513, PTP, "rank-7", "rank-23", 8_24_4_1771
Link, 0, MPI_LINK, 0.001020, 0.002536, 0.001516, PTP, "rank-13", "rank-29", 14_30_4_1747
Link, 0, MPI_LINK, 0.001035, 0.002536, 0.001501, PTP, "rank-26", "rank-10", 27_11_4_1803
Link, 0, MPI_LINK, 0.001035, 0.002536, 0.001501, PTP, "rank-18", "rank-2", 19_3_4_1801
Link, 0, MPI_LINK, 0.001035, 0.002536, 0.001501, PTP, "rank-27", "rank-11", 28_12_4_1799
Link, 0, MPI_LINK, 0.001035, 0.002536, 0.001501, PTP, "rank-19", "rank-3", 20_4_4_1797
Link, 0, MPI_LINK, 0.001035, 0.002536, 0.001501, PTP, "rank-23", "rank-7", 24_8_4_1795
Link, 0, MPI_LINK, 0.001035, 0.002536, 0.001501, PTP, "rank-29", "rank-13", 30_14_4_1789
Link, 0, MPI_LINK, 0.001024, 0.002537, 0.001513, PTP, "rank-15", "rank-31", 16_32_4_1773
Link, 0, MPI_LINK, 0.001020, 0.002537, 0.001517, PTP, "rank-14", "rank-30", 15_31_4_1749
Link, 0, MPI_LINK, 0.001020, 0.002537, 0.001517, PTP, "rank-6", "rank-22", 7_23_4_1751
Link, 0, MPI_LINK, 0.001021, 0.002537, 0.001516, PTP, "rank-5", "rank-21", 6_22_4_1763
Link, 0, MPI_LINK, 0.001036, 0.002537, 0.001501, PTP, "rank-31", "rank-15", 32_16_4_1843
Link, 0, MPI_LINK, 0.001036, 0.002537, 0.001501, PTP, "rank-30", "rank-14", 31_15_4_1837
Link, 0, MPI_LINK, 0.001036, 0.002537, 0.001501, PTP, "rank-22", "rank-6", 23_7_4_1835
Link, 0, MPI_LINK, 0.001036, 0.002537, 0.001501, PTP, "rank-21", "rank-5", 22_6_4_1833
Link, 0, MPI_LINK, 0.001020, 0.002538, 0.001518, PTP, "rank-9", "rank-25", 10_26_4_1753
Link, 0, MPI_LINK, 0.001021, 0.002538, 0.001517, PTP, "rank-4", "rank-20", 5_21_4_1767
Link, 0, MPI_LINK, 0.001020, 0.002538, 0.001518, PTP, "rank-8", "rank-24", 9_25_4_1755
Link, 0, MPI_LINK, 0.001020, 0.002538, 0.001518, PTP, "rank-0", "rank-16", 1_17_4_1757
Link, 0, MPI_LINK, 0.001037, 0.002538, 0.001501, PTP, "rank-25", "rank-9", 26_10_4_1895
Link, 0, MPI_LINK, 0.001037, 0.002538, 0.001501, PTP, "rank-20", "rank-4", 21_5_4_1893
Link, 0, MPI_LINK, 0.001037, 0.002538, 0.001501, PTP, "rank-24", "rank-8", 25_9_4_1881
Link, 0, MPI_LINK, 0.001037, 0.002538, 0.001501, PTP, "rank-16", "rank-0", 17_1_4_1879
Link, 0, MPI_LINK, 0.001019, 0.002538, 0.001519, PTP, "rank-1", "rank-17", 2_18_4_1735
Link, 0, MPI_LINK, 0.001021, 0.002538, 0.001517, PTP, "rank-12", "rank-28", 13_29_4_1765
Link, 0, MPI_LINK, 0.001038, 0.002538, 0.001500, PTP, "rank-17", "rank-1", 18_2_4_1947
Link, 0, MPI_LINK, 0.001038, 0.002538, 0.001500, PTP, "rank-28", "rank-12", 29_13_4_1945
Link, 0, MPI_LINK, 0.001039, 0.002539, 0.001500, PTP, "rank-99", "rank-115", 100_116_4_2047
Link, 0, MPI_LINK, 0.001038, 0.002539, 0.001501, PTP, "rank-107", "rank-123", 108_124_4_1941
Link, 0, MPI_LINK, 0.001039, 0.002539, 0.001500, PTP, "rank-103", "rank-119", 104_120_4_2049
Link, 0, MPI_LINK, 0.001039, 0.002539, 0.001500, PTP, "rank-105", "rank-121", 106_122_4_2031
Link, 0, MPI_LINK, 0.001040, 0.002539, 0.001499, PTP, "rank-115", "rank-99", 116_100_4_2081
Link, 0, MPI_LINK, 0.001040, 0.002539, 0.001499, PTP, "rank-123", "rank-107", 124_108_4_2079
Link, 0, MPI_LINK, 0.001040, 0.002539, 0.001499, PTP, "rank-119", "rank-103", 120_104_4_2077
Link, 0, MPI_LINK, 0.001040, 0.002539, 0.001499, PTP, "rank-121", "rank-105", 122_106_4_2075
Link, 0, MPI_LINK, 0.001037, 0.002539, 0.001502, PTP, "rank-71", "rank-87", 72_88_4_1873
Link, 0, MPI_LINK, 0.001038, 0.002539, 0.001501, PTP, "rank-75", "rank-91", 76_92_4_1951
Link, 0, MPI_LINK, 0.001037, 0.002539, 0.001502, PTP, "rank-93", "rank-77", 94_78_4_1897
Link, 0, MPI_LINK, 0.001037, 0.002539, 0.001502, PTP, "rank-85", "rank-69", 86_70_4_1899
Link, 0, MPI_LINK, 0.001037, 0.002539, 0.001502, PTP, "rank-95", "rank-79", 96_80_4_1889
Link, 0, MPI_LINK, 0.001037, 0.002539, 0.001502, PTP, "rank-68", "rank-84", 69_85_4_1891
Link, 0, MPI_LINK, 0.001037, 0.002539, 0.001502, PTP, "rank-81", "rank-65", 82_66_4_1905
Link, 0, MPI_LINK, 0.001037, 0.002539, 0.001502, PTP, "rank-64", "rank-80", 65_81_4_1901
Link, 0, MPI_LINK, 0.001038, 0.002539, 0.001501, PTP, "rank-87", "rank-71", 88_72_4_1969
Link, 0, MPI_LINK, 0.001038, 0.002539, 0.001501, PTP, "rank-91", "rank-75", 92_76_4_1967
Link, 0, MPI_LINK, 0.001038, 0.002539, 0.001501, PTP, "rank-77", "rank-93", 78_94_4_1957
Link, 0, MPI_LINK, 0.001038, 0.002539, 0.001501, PTP, "rank-69", "rank-85", 70_86_4_1955
Link, 0, MPI_LINK, 0.001038, 0.002539, 0.001501, PTP, "rank-79", "rank-95", 80_96_4_1953
Link, 0, MPI_LINK, 0.001038, 0.002539, 0.001501, PTP, "rank-84", "rank-68", 85_69_4_1949
Link, 0, MPI_LINK, 0.001038, 0.002539, 0.001501, PTP, "rank-65", "rank-81", 66_82_4_1937
Link, 0, MPI_LINK, 0.001038, 0.002539, 0.001501, PTP, "rank-80", "rank-64", 81_65_4_1935
Link, 0, MPI_LINK, 0.001036, 0.002540, 0.001504, PTP, "rank-44", "rank-60", 45_61_4_1831
Link, 0, MPI_LINK, 0.001037, 0.002540, 0.001503, PTP, "rank-36", "rank-52", 37_53_4_1907
Link, 0, MPI_LINK, 0.001035, 0.002540, 0.001505, PTP, "rank-37", "rank-53", 38_54_4_1793
Link, 0, MPI_LINK, 0.001036, 0.002540, 0.001504, PTP, "rank-45", "rank-61", 46_62_4_1841
Link, 0, MPI_LINK, 0.001038, 0.002540, 0.001502, PTP, "rank-35", "rank-51", 36_52_4_1963
Link, 0, MPI_LINK, 0.001037, 0.002540, 0.001503, PTP, "rank-43", "rank-59", 44_60_4_1883
Link, 0, MPI_LINK, 0.001036, 0.002540, 0.001504, PTP, "rank-38", "rank-54", 39_55_4_1823
Link, 0, MPI_LINK, 0.001037, 0.002540, 0.001503, PTP, "rank-46", "rank-62", 47_63_4_1903
Link, 0, MPI_LINK, 0.001036, 0.002540, 0.001504, PTP, "rank-32", "rank-48", 33_49_4_1827
Link, 0, MPI_LINK, 0.001036, 0.002540, 0.001504, PTP, "rank-40", "rank-56", 41_57_4_1829
Link, 0, MPI_LINK, 0.001038, 0.002540, 0.001502, PTP, "rank-42", "rank-58", 43_59_4_1975
Link, 0, MPI_LINK, 0.001038, 0.002540, 0.001502, PTP, "rank-34", "rank-50", 35_51_4_1973
Link, 0, MPI_LINK, 0.001038, 0.002540, 0.001502, PTP, "rank-86", "rank-70", 87_71_4_1933
Link, 0, MPI_LINK, 0.001036, 0.002540, 0.001504, PTP, "rank-89", "rank-73", 90_74_4_1825
Link, 0, MPI_LINK, 0.001036, 0.002540, 0.001504, PTP, "rank-72", "rank-88", 73_89_4_1821
Link, 0, MPI_LINK, 0.001038, 0.002540, 0.001502, PTP, "rank-78", "rank-94", 79_95_4_1939
Link, 0, MPI_LINK, 0.001038, 0.002540, 0.001502, PTP, "rank-76", "rank-92", 77_93_4_1971
Link, 0, MPI_LINK, 0.001039, 0.002540, 0.001501, PTP, "rank-60", "rank-44", 61_45_4_2053
Link, 0, MPI_LINK, 0.001039, 0.002540, 0.001501, PTP, "rank-52", "rank-36", 53_37_4_2051
Link, 0, MPI_LINK, 0.001039, 0.002540, 0.001501, PTP, "rank-53", "rank-37", 54_38_4_2045
Link, 0, MPI_LINK, 0.001039, 0.002540, 0.001501, PTP, "rank-61", "rank-45", 62_46_4_2043
Link, 0, MPI_LINK, 0.001039, 0.002540, 0.001501, PTP, "rank-51", "rank-35", 52_36_4_2015
Link, 0, MPI_LINK, 0.001039, 0.002540, 0.001501, PTP, "rank-59", "rank-43", 60_44_4_2013
Link, 0, MPI_LINK, 0.001039, 0.002540, 0.001501, PTP, "rank-54", "rank-38", 55_39_4_2011
Link, 0, MPI_LINK, 0.001039, 0.002540, 0.001501, PTP, "rank-62", "rank-46", 63_47_4_2009
Link, 0, MPI_LINK, 0.001039, 0.002540, 0.001501, PTP, "rank-48", "rank-32", 49_33_4_2007
Link, 0, MPI_LINK, 0.001039, 0.002540, 0.001501, PTP, "rank-56", "rank-40", 57_41_4_2005
Link, 0, MPI_LINK, 0.001039, 0.002540, 0.001501, PTP, "rank-58", "rank-42", 59_43_4_2003
Link, 0, MPI_LINK, 0.001039, 0.002540, 0.001501, PTP, "rank-50", "rank-34", 51_35_4_2001
Link, 0, MPI_LINK, 0.001039, 0.002540, 0.001501, PTP, "rank-70", "rank-86", 71_87_4_2041
Link, 0, MPI_LINK, 0.001039, 0.002540, 0.001501, PTP, "rank-73", "rank-89", 74_90_4_2039
Link, 0, MPI_LINK, 0.001039, 0.002540, 0.001501, PTP, "rank-88", "rank-72", 89_73_4_2037
Link, 0, MPI_LINK, 0.001039, 0.002540, 0.001501, PTP, "rank-94", "rank-78", 95_79_4_2035
Link, 0, MPI_LINK, 0.001039, 0.002540, 0.001501, PTP, "rank-92", "rank-76", 93_77_4_2029
Link, 0, MPI_LINK, 0.001037, 0.002540, 0.001503, PTP, "rank-39", "rank-55", 40_56_4_1885
Link, 0, MPI_LINK, 0.001038, 0.002540, 0.001502, PTP, "rank-47", "rank-63", 48_64_4_1965
Link, 0, MPI_LINK, 0.001038, 0.002540, 0.001502, PTP, "rank-66", "rank-82", 67_83_4_1959
Link, 0, MPI_LINK, 0.001037, 0.002540, 0.001503, PTP, "rank-74", "rank-90", 75_91_4_1875
Link, 0, MPI_LINK, 0.001040, 0.002540, 0.001500, PTP, "rank-55", "rank-39", 56_40_4_2073
Link, 0, MPI_LINK, 0.001040, 0.002540, 0.001500, PTP, "rank-63", "rank-47", 64_48_4_2071
Link, 0, MPI_LINK, 0.001040, 0.002540, 0.001500, PTP, "rank-82", "rank-66", 83_67_4_2069
Link, 0, MPI_LINK, 0.001040, 0.002540, 0.001500, PTP, "rank-90", "rank-74", 91_75_4_2067
Link, 0, MPI_LINK, 0.001039, 0.002541, 0.001502, PTP, "rank-101", "rank-117", 102_118_4_2017
Link, 0, MPI_LINK, 0.001040, 0.002541, 0.001501, PTP, "rank-106", "rank-122", 107_123_4_2065
Link, 0, MPI_LINK, 0.001041, 0.002541, 0.001500, PTP, "rank-117", "rank-101", 118_102_4_2089
Link, 0, MPI_LINK, 0.001041, 0.002541, 0.001500, PTP, "rank-122", "rank-106", 123_107_4_2087
Link, 0, MPI_LINK, 0.001040, 0.002542, 0.001502, PTP, "rank-98", "rank-114", 99_115_4_2063
Link, 0, MPI_LINK, 0.001039, 0.002542, 0.001503, PTP, "rank-100", "rank-116", 101_117_4_2021
Link, 0, MPI_LINK, 0.001039, 0.002542, 0.001503, PTP, "rank-109", "rank-125", 110_126_4_2019
Link, 0, MPI_LINK, 0.001042, 0.002542, 0.001500, PTP, "rank-114", "rank-98", 115_99_4_2099
Link, 0, MPI_LINK, 0.001042, 0.002542, 0.001500, PTP, "rank-116", "rank-100", 117_101_4_2097
Link, 0, MPI_LINK, 0.001042, 0.002542, 0.001500, PTP, "rank-125", "rank-109", 126_110_4_2095
Link, 0, MPI_LINK, 0.001040, 0.002542, 0.001502, PTP, "rank-102", "rank-118", 103_119_4_2059
Link, 0, MPI_LINK, 0.001040, 0.002542, 0.001502, PTP, "rank-110", "rank-126", 111_127_4_2061
Link, 0, MPI_LINK, 0.001038, 0.002542, 0.001504, PTP, "rank-96", "rank-112", 97_113_4_1931
Link, 0, MPI_LINK, 0.001039, 0.002542, 0.001503, PTP, "rank-104", "rank-120", 105_121_4_2033
Link, 0, MPI_LINK, 0.001039, 0.002542, 0.001503, PTP, "rank-108", "rank-124", 109_125_4_2023
Link, 0, MPI_LINK, 0.001043, 0.002542, 0.001499, PTP, "rank-118", "rank-102", 119_103_4_2109
Link, 0, MPI_LINK, 0.001043, 0.002542, 0.001499, PTP, "rank-126", "rank-110", 127_111_4_2107
Link, 0, MPI_LINK, 0.001043, 0.002542, 0.001499, PTP, "rank-112", "rank-96", 113_97_4_2105
Link, 0, MPI_LINK, 0.001043, 0.002542, 0.001499, PTP, "rank-120", "rank-104", 121_105_4_2103
Link, 0, MPI_LINK, 0.001043, 0.002542, 0.001499, PTP, "rank-124", "rank-108", 125_109_4_2101
Link, 0, MPI_LINK, 0.002535, 0.005519, 0.002984, PTP, "rank-49", "rank-17", 50_18_5_2137
Link, 0, MPI_LINK, 0.002539, 0.005519, 0.002980, PTP, "rank-17", "rank-49", 18_50_5_2217
Link, 0, MPI_LINK, 0.002535, 0.005521, 0.002986, PTP, "rank-111", "rank-79", 112_80_5_2139
Link, 0, MPI_LINK, 0.002540, 0.005521, 0.002981, PTP, "rank-79", "rank-111", 80_112_5_2309
Link, 0, MPI_LINK, 0.002519, 0.005522, 0.003003, PTP, "rank-41", "rank-9", 42_10_5_2113
Link, 0, MPI_LINK, 0.002540, 0.005522, 0.002982, PTP, "rank-9", "rank-41", 10_42_5_2247
Link, 0, MPI_LINK, 0.002533, 0.005526, 0.002993, PTP, "rank-113", "rank-81", 114_82_5_2129
Link, 0, MPI_LINK, 0.002540, 0.005526, 0.002986, PTP, "rank-81", "rank-113", 82_114_5_2311
Link, 0, MPI_LINK, 0.002519, 0.005532, 0.003013, PTP, "rank-57", "rank-25", 58_26_5_2115
Link, 0, MPI_LINK, 0.002540, 0.005532, 0.002992, PTP, "rank-25", "rank-57", 26_58_5_2249
Link, 0, MPI_LINK, 0.002534, 0.005536, 0.003002, PTP, "rank-97", "rank-65", 98_66_5_2133
Link, 0, MPI_LINK, 0.002541, 0.005536, 0.002995, PTP, "rank-107", "rank-75", 108_76_5_2345
Link, 0, MPI_LINK, 0.002540, 0.005536, 0.002996, PTP, "rank-103", "rank-71", 104_72_5_2291
Link, 0, MPI_LINK, 0.002541, 0.005536, 0.002995, PTP, "rank-65", "rank-97", 66_98_5_2375
Link, 0, MPI_LINK, 0.002541, 0.005536, 0.002995, PTP, "rank-75", "rank-107", 76_108_5_2361
Link, 0, MPI_LINK, 0.002541, 0.005536, 0.002995, PTP, "rank-71", "rank-103", 72_104_5_2357
Link, 0, MPI_LINK, 0.002539, 0.005537, 0.002998, PTP, "rank-14", "rank-46", 15_47_5_2237
Link, 0, MPI_LINK, 0.002538, 0.005537, 0.002999, PTP, "rank-3", "rank-35", 4_36_5_2177
Link, 0, MPI_LINK, 0.002541, 0.005537, 0.002996, PTP, "rank-46", "rank-14", 47_15_5_2331
Link, 0, MPI_LINK, 0.002541, 0.005537, 0.002996, PTP, "rank-35", "rank-3", 36_4_5_2325
Link, 0, MPI_LINK, 0.002540, 0.005538, 0.002998, PTP, "rank-121", "rank-89", 122_90_5_2293
Link, 0, MPI_LINK, 0.002541, 0.005538, 0.002997, PTP, "rank-89", "rank-121", 90_122_5_2337
Link, 0, MPI_LINK, 0.002526, 0.005538, 0.003012, PTP, "rank-83", "rank-115", 84_116_5_2121
Link, 0, MPI_LINK, 0.002541, 0.005538, 0.002997, PTP, "rank-115", "rank-83", 116_84_5_2343
Link, 0, MPI_LINK, 0.002535, 0.005538, 0.003003, PTP, "rank-33", "rank-1", 34_2_5_2135
Link, 0, MPI_LINK, 0.002541, 0.005538, 0.002997, PTP, "rank-1", "rank-33", 2_34_5_2355
Link, 0, MPI_LINK, 0.002525, 0.005539, 0.003014, PTP, "rank-67", "rank-99", 68_100_5_2119
Link, 0, MPI_LINK, 0.002542, 0.005539, 0.002997, PTP, "rank-99", "rank-67", 100_68_5_2425
Link, 0, MPI_LINK, 0.002534, 0.005539, 0.003005, PTP, "rank-127", "rank-95", 128_96_5_2131
Link, 0, MPI_LINK, 0.002540, 0.005539, 0.002999, PTP, "rank-123", "rank-91", 124_92_5_2289
Link, 0, MPI_LINK, 0.002541, 0.005539, 0.002998, PTP, "rank-119", "rank-87", 120_88_5_2347
Link, 0, MPI_LINK, 0.002541, 0.005539, 0.002998, PTP, "rank-95", "rank-127", 96_128_5_2369
Link, 0, MPI_LINK, 0.002541, 0.005539, 0.002998, PTP, "rank-91", "rank-123", 92_124_5_2363
Link, 0, MPI_LINK, 0.002541, 0.005539, 0.002998, PTP, "rank-87", "rank-119", 88_120_5_2359
Link, 0, MPI_LINK, 0.002537, 0.005540, 0.003003, PTP, "rank-26", "rank-58", 27_59_5_2153
Link, 0, MPI_LINK, 0.002540, 0.005540, 0.003000, PTP, "rank-16", "rank-48", 17_49_5_2253
Link, 0, MPI_LINK, 0.002539, 0.005540, 0.003001, PTP, "rank-22", "rank-54", 23_55_5_2243
Link, 0, MPI_LINK, 0.002538, 0.005540, 0.003002, PTP, "rank-19", "rank-51", 20_52_5_2179
Link, 0, MPI_LINK, 0.002538, 0.005540, 0.003002, PTP, "rank-29", "rank-61", 30_62_5_2183
Link, 0, MPI_LINK, 0.002539, 0.005540, 0.003001, PTP, "rank-20", "rank-52", 21_53_5_2203
Link, 0, MPI_LINK, 0.002541, 0.005540, 0.002999, PTP, "rank-58", "rank-26", 59_27_5_2335
Link, 0, MPI_LINK, 0.002541, 0.005540, 0.002999, PTP, "rank-48", "rank-16", 49_17_5_2333
Link, 0, MPI_LINK, 0.002541, 0.005540, 0.002999, PTP, "rank-54", "rank-22", 55_23_5_2329
Link, 0, MPI_LINK, 0.002541, 0.005540, 0.002999, PTP, "rank-51", "rank-19", 52_20_5_2327
Link, 0, MPI_LINK, 0.002541, 0.005540, 0.002999, PTP, "rank-61", "rank-29", 62_30_5_2323
Link, 0, MPI_LINK, 0.002541, 0.005540, 0.002999, PTP, "rank-52", "rank-20", 53_21_5_2321
Link, 0, MPI_LINK, 0.002541, 0.005540, 0.002999, PTP, "rank-85", "rank-117", 86_118_5_2367
Link, 0, MPI_LINK, 0.002542, 0.005540, 0.002998, PTP, "rank-117", "rank-85", 118_86_5_2379
Link, 0, MPI_LINK, 0.002540, 0.005540, 0.003000, PTP, "rank-77", "rank-109", 78_110_5_2305
Link, 0, MPI_LINK, 0.002542, 0.005540, 0.002998, PTP, "rank-74", "rank-106", 75_107_5_2437
Link, 0, MPI_LINK, 0.002540, 0.005540, 0.003000, PTP, "rank-69", "rank-101", 70_102_5_2307
Link, 0, MPI_LINK, 0.002543, 0.005540, 0.002997, PTP, "rank-109", "rank-77", 110_78_5_2457
Link, 0, MPI_LINK, 0.002543, 0.005540, 0.002997, PTP, "rank-106", "rank-74", 107_75_5_2451
Link, 0, MPI_LINK, 0.002543, 0.005540, 0.002997, PTP, "rank-101", "rank-69", 102_70_5_2449
Link, 0, MPI_LINK, 0.002541, 0.005541, 0.003000, PTP, "rank-105", "rank-73", 106_74_5_2349
Link, 0, MPI_LINK, 0.002543, 0.005541, 0.002998, PTP, "rank-73", "rank-105", 74_106_5_2467
Link, 0, MPI_LINK, 0.002542, 0.005541, 0.002999, PTP, "rank-76", "rank-108", 77_109_5_2421
Link, 0, MPI_LINK, 0.002541, 0.005541, 0.003000, PTP, "rank-78", "rank-110", 79_111_5_2341
Link, 0, MPI_LINK, 0.002543, 0.005541, 0.002998, PTP, "rank-108", "rank-76", 109_77_5_2475
Link, 0, MPI_LINK, 0.002543, 0.005541, 0.002998, PTP, "rank-110", "rank-78", 111_79_5_2469
Link, 0, MPI_LINK, 0.002538, 0.005541, 0.003003, PTP, "rank-2", "rank-34", 3_35_5_2173
Link, 0, MPI_LINK, 0.002538, 0.005541, 0.003003, PTP, "rank-10", "rank-42", 11_43_5_2171
Link, 0, MPI_LINK, 0.002541, 0.005541, 0.003000, PTP, "rank-8", "rank-40", 9_41_5_2319
Link, 0, MPI_LINK, 0.002539, 0.005541, 0.003002, PTP, "rank-0", "rank-32", 1_33_5_2207
Link, 0, MPI_LINK, 0.002539, 0.005541, 0.003002, PTP, "rank-6", "rank-38", 7_39_5_2241
Link, 0, MPI_LINK, 0.002537, 0.005541, 0.003004, PTP, "rank-11", "rank-43", 12_44_5_2157
Link, 0, MPI_LINK, 0.002539, 0.005541, 0.003002, PTP, "rank-5", "rank-37", 6_38_5_2245
Link, 0, MPI_LINK, 0.002542, 0.005541, 0.002999, PTP, "rank-34", "rank-2", 35_3_5_2409
Link, 0, MPI_LINK, 0.002542, 0.005541, 0.002999, PTP, "rank-42", "rank-10", 43_11_5_2407
Link, 0, MPI_LINK, 0.002542, 0.005541, 0.002999, PTP, "rank-40", "rank-8", 41_9_5_2403
Link, 0, MPI_LINK, 0.002542, 0.005541, 0.002999, PTP, "rank-32", "rank-0", 33_1_5_2401
Link, 0, MPI_LINK, 0.002542, 0.005541, 0.002999, PTP, "rank-38", "rank-6", 39_7_5_2397
Link, 0, MPI_LINK, 0.002542, 0.005541, 0.002999, PTP, "rank-43", "rank-11", 44_12_5_2393
Link, 0, MPI_LINK, 0.002542, 0.005541, 0.002999, PTP, "rank-37", "rank-5", 38_6_5_2389
Link, 0, MPI_LINK, 0.002537, 0.005541, 0.003004, PTP, "rank-18", "rank-50", 19_51_5_2155
Link, 0, MPI_LINK, 0.002539, 0.005541, 0.003002, PTP, "rank-24", "rank-56", 25_57_5_2205
Link, 0, MPI_LINK, 0.002539, 0.005541, 0.003002, PTP, "rank-30", "rank-62", 31_63_5_2239
Link, 0, MPI_LINK, 0.002538, 0.005541, 0.003003, PTP, "rank-27", "rank-59", 28_60_5_2175
Link, 0, MPI_LINK, 0.002538, 0.005541, 0.003003, PTP, "rank-21", "rank-53", 22_54_5_2201
Link, 0, MPI_LINK, 0.002540, 0.005541, 0.003001, PTP, "rank-28", "rank-60", 29_61_5_2295
Link, 0, MPI_LINK, 0.002542, 0.005541, 0.002999, PTP, "rank-50", "rank-18", 51_19_5_2411
Link, 0, MPI_LINK, 0.002542, 0.005541, 0.002999, PTP, "rank-56", "rank-24", 57_25_5_2405
Link, 0, MPI_LINK, 0.002542, 0.005541, 0.002999, PTP, "rank-62", "rank-30", 63_31_5_2399
Link, 0, MPI_LINK, 0.002542, 0.005541, 0.002999, PTP, "rank-59", "rank-27", 60_28_5_2395
Link, 0, MPI_LINK, 0.002542, 0.005541, 0.002999, PTP, "rank-53", "rank-21", 54_22_5_2391
Link, 0, MPI_LINK, 0.002542, 0.005541, 0.002999, PTP, "rank-60", "rank-28", 61_29_5_2387
Link, 0, MPI_LINK, 0.002538, 0.005541, 0.003003, PTP, "rank-31", "rank-63", 32_64_5_2199
Link, 0, MPI_LINK, 0.002537, 0.005541, 0.003004, PTP, "rank-23", "rank-55", 24_56_5_2159
Link, 0, MPI_LINK, 0.002542, 0.005541, 0.002999, PTP, "rank-63", "rank-31", 64_32_5_2433
Link, 0, MPI_LINK, 0.002542, 0.005541, 0.002999, PTP, "rank-55", "rank-23", 56_24_5_2429
Link, 0, MPI_LINK, 0.002538, 0.005541, 0.003003, PTP, "rank-15", "rank-47", 16_48_5_2197
Link, 0, MPI_LINK, 0.002538, 0.005541, 0.003003, PTP, "rank-7", "rank-39", 8_40_5_2181
Link, 0, MPI_LINK, 0.002542, 0.005541, 0.002999, PTP, "rank-47", "rank-15", 48_16_5_2431
Link, 0, MPI_LINK, 0.002542, 0.005541, 0.002999, PTP, "rank-39", "rank-7", 40_8_5_2427
Link, 0, MPI_LINK, 0.002541, 0.005541, 0.003000, PTP, "rank-68", "rank-100", 69_101_5_2371
Link, 0, MPI_LINK, 0.002544, 0.005541, 0.002997, PTP, "rank-100", "rank-68", 101_69_5_2479
Link, 0, MPI_LINK, 0.002537, 0.005541, 0.003004, PTP, "rank-13", "rank-45", 14_46_5_2161
Link, 0, MPI_LINK, 0.002540, 0.005541, 0.003001, PTP, "rank-4", "rank-36", 5_37_5_2251
Link, 0, MPI_LINK, 0.002539, 0.005541, 0.003002, PTP, "rank-12", "rank-44", 13_45_5_2219
Link, 0, MPI_LINK, 0.002543, 0.005541, 0.002998, PTP, "rank-45", "rank-13", 46_14_5_2465
Link, 0, MPI_LINK, 0.002543, 0.005541, 0.002998, PTP, "rank-36", "rank-4", 37_5_5_2463
Link, 0, MPI_LINK, 0.002543, 0.005541, 0.002998, PTP, "rank-44", "rank-12", 45_13_5_2461
Link, 0, MPI_LINK, 0.002541, 0.005541, 0.003000, PTP, "rank-72", "rank-104", 73_105_5_2339
Link, 0, MPI_LINK, 0.002541, 0.005541, 0.003000, PTP, "rank-64", "rank-96", 65_97_5_2377
Link, 0, MPI_LINK, 0.002544, 0.005541, 0.002997, PTP, "rank-104", "rank-72", 105_73_5_2485
Link, 0, MPI_LINK, 0.002544, 0.005541, 0.002997, PTP, "rank-96", "rank-64", 97_65_5_2483
Link, 0, MPI_LINK, 0.002542, 0.005541, 0.002999, PTP, "rank-66", "rank-98", 67_99_5_2435
Link, 0, MPI_LINK, 0.002545, 0.005541, 0.002996, PTP, "rank-98", "rank-66", 99_67_5_2491
Link, 0, MPI_LINK, 0.002542, 0.005541, 0.002999, PTP, "rank-70", "rank-102", 71_103_5_2415
Link, 0, MPI_LINK, 0.002545, 0.005541, 0.002996, PTP, "rank-102", "rank-70", 103_71_5_2493
Link, 0, MPI_LINK, 0.002541, 0.005541, 0.003000, PTP, "rank-93", "rank-125", 94_126_5_2365
Link, 0, MPI_LINK, 0.002541, 0.005541, 0.003000, PTP, "rank-84", "rank-116", 85_117_5_2373
Link, 0, MPI_LINK, 0.002541, 0.005541, 0.003000, PTP, "rank-90", "rank-122", 91_123_5_2353
Link, 0, MPI_LINK, 0.002543, 0.005541, 0.002998, PTP, "rank-125", "rank-93", 126_94_5_2459
Link, 0, MPI_LINK, 0.002543, 0.005541, 0.002998, PTP, "rank-116", "rank-84", 117_85_5_2455
Link, 0, MPI_LINK, 0.002543, 0.005541, 0.002998, PTP, "rank-122", "rank-90", 123_91_5_2453
Link, 0, MPI_LINK, 0.002540, 0.005542, 0.003002, PTP, "rank-80", "rank-112", 81_113_5_2313
Link, 0, MPI_LINK, 0.002542, 0.005542, 0.003000, PTP, "rank-94", "rank-126", 95_127_5_2419
Link, 0, MPI_LINK, 0.002543, 0.005542, 0.002999, PTP, "rank-112", "rank-80", 113_81_5_2473
Link, 0, MPI_LINK, 0.002543, 0.005542, 0.002999, PTP, "rank-126", "rank-94", 127_95_5_2471
Link, 0, MPI_LINK, 0.002541, 0.005542, 0.003001, PTP, "rank-82", "rank-114", 83_115_5_2351
Link, 0, MPI_LINK, 0.002544, 0.005542, 0.002998, PTP, "rank-114", "rank-82", 115_83_5_2477
Link, 0, MPI_LINK, 0.002542, 0.005542, 0.003000, PTP, "rank-92", "rank-124", 93_125_5_2423
Link, 0, MPI_LINK, 0.002542, 0.005542, 0.003000, PTP, "rank-88", "rank-120", 89_121_5_2417
Link, 0, MPI_LINK, 0.002542, 0.005542, 0.003000, PTP, "rank-86", "rank-118", 87_119_5_2413
Link, 0, MPI_LINK, 0.002544, 0.005542, 0.002998, PTP, "rank-124", "rank-92", 125_93_5_2489
Link, 0, MPI_LINK, 0.002544, 0.005542, 0.002998, PTP, "rank-120", "rank-88", 121_89_5_2487
Link, 0, MPI_LINK, 0.002544, 0.005542, 0.002998, PTP, "rank-118", "rank-86", 119_87_5_2481
Link, 0, MPI_LINK, 0.005522, 0.011463, 0.005941, PTP, "rank-49", "rank-113", 50_114_6_2501
Link, 0, MPI_LINK, 0.005528, 0.011463, 0.005935, PTP, "rank-113", "rank-49", 114_50_6_2517
Link, 0, MPI_LINK, 0.005521, 0.011473, 0.005952, PTP, "rank-17", "rank-81", 18_82_6_2497
Link, 0, MPI_LINK, 0.005527, 0.011473, 0.005946, PTP, "rank-81", "rank-17", 82_18_6_2515
Link, 0, MPI_LINK, 0.005538, 0.011486, 0.005948, PTP, "rank-1", "rank-65", 2_66_6_2545
Link, 0, MPI_LINK, 0.005538, 0.011486, 0.005948, PTP, "rank-65", "rank-1", 66_2_6_2549
Link, 0, MPI_LINK, 0.005538, 0.011509, 0.005971, PTP, "rank-97", "rank-33", 98_34_6_2547
Link, 0, MPI_LINK, 0.005539, 0.011509, 0.005970, PTP, "rank-33", "rank-97", 34_98_6_2569
Link, 0, MPI_LINK, 0.005533, 0.011509, 0.005976, PTP, "rank-25", "rank-89", 26_90_6_2521
Link, 0, MPI_LINK, 0.005539, 0.011509, 0.005970, PTP, "rank-89", "rank-25", 90_26_6_2559
Link, 0, MPI_LINK, 0.005539, 0.011519, 0.005980, PTP, "rank-35", "rank-99", 36_100_6_2575
Link, 0, MPI_LINK, 0.005540, 0.011519, 0.005979, PTP, "rank-99", "rank-35", 100_36_6_2589
Link, 0, MPI_LINK, 0.005539, 0.011522, 0.005983, PTP, "rank-3", "rank-67", 4_68_6_2573
Link, 0, MPI_LINK, 0.005541, 0.011522, 0.005981, PTP, "rank-67", "rank-3", 68_4_6_2653
Link, 0, MPI_LINK, 0.005540, 0.011523, 0.005983, PTP, "rank-115", "rank-51", 116_52_6_2597
Link, 0, MPI_LINK, 0.005541, 0.011523, 0.005982, PTP, "rank-51", "rank-115", 52_116_6_2611
Link, 0, MPI_LINK, 0.005534, 0.011526, 0.005992, PTP, "rank-57", "rank-121", 58_122_6_2523
Link, 0, MPI_LINK, 0.005541, 0.011526, 0.005985, PTP, "rank-121", "rank-57", 122_58_6_2659
Link, 0, MPI_LINK, 0.005540, 0.011528, 0.005988, PTP, "rank-83", "rank-19", 84_20_6_2595
Link, 0, MPI_LINK, 0.005542, 0.011528, 0.005986, PTP, "rank-19", "rank-83", 20_84_6_2703
Link, 0, MPI_LINK, 0.005524, 0.011531, 0.006007, PTP, "rank-41", "rank-105", 42_106_6_2509
Link, 0, MPI_LINK, 0.005542, 0.011531, 0.005989, PTP, "rank-105", "rank-41", 106_42_6_2695
Link, 0, MPI_LINK, 0.005541, 0.011532, 0.005991, PTP, "rank-58", "rank-122", 59_123_6_2607
Link, 0, MPI_LINK, 0.005542, 0.011532, 0.005990, PTP, "rank-122", "rank-58", 123_59_6_2729
Link, 0, MPI_LINK, 0.005542, 0.011532, 0.005990, PTP, "rank-85", "rank-21", 86_22_6_2717
Link, 0, MPI_LINK, 0.005541, 0.011532, 0.005991, PTP, "rank-91", "rank-27", 92_28_6_2671
Link, 0, MPI_LINK, 0.005543, 0.011532, 0.005989, PTP, "rank-21", "rank-85", 22_86_6_2781
Link, 0, MPI_LINK, 0.005543, 0.011532, 0.005989, PTP, "rank-27", "rank-91", 28_92_6_2777
Link, 0, MPI_LINK, 0.005539, 0.011533, 0.005994, PTP, "rank-87", "rank-23", 88_24_6_2567
Link, 0, MPI_LINK, 0.005541, 0.011533, 0.005992, PTP, "rank-95", "rank-31", 96_32_6_2669
Link, 0, MPI_LINK, 0.005543, 0.011533, 0.005990, PTP, "rank-23", "rank-87", 24_88_6_2793
Link, 0, MPI_LINK, 0.005543, 0.011533, 0.005990, PTP, "rank-31", "rank-95", 32_96_6_2789
Link, 0, MPI_LINK, 0.005541, 0.011533, 0.005992, PTP, "rank-117", "rank-53", 118_54_6_2655
Link, 0, MPI_LINK, 0.005540, 0.011533, 0.005993, PTP, "rank-123", "rank-59", 124_60_6_2593
Link, 0, MPI_LINK, 0.005543, 0.011533, 0.005990, PTP, "rank-53", "rank-117", 54_118_6_2783
Link, 0, MPI_LINK, 0.005543, 0.011533, 0.005990, PTP, "rank-59", "rank-123", 60_124_6_2779
Link, 0, MPI_LINK, 0.005541, 0.011533, 0.005992, PTP, "rank-119", "rank-55", 120_56_6_2673
Link, 0, MPI_LINK, 0.005541, 0.011533, 0.005992, PTP, "rank-127", "rank-63", 128_64_6_2667
Link, 0, MPI_LINK, 0.005543, 0.011533, 0.005990, PTP, "rank-55", "rank-119", 56_120_6_2795
Link, 0, MPI_LINK, 0.005543, 0.011533, 0.005990, PTP, "rank-63", "rank-127", 64_128_6_2791
Link, 0, MPI_LINK, 0.005543, 0.011533, 0.005990, PTP, "rank-26", "rank-90", 27_91_6_2733
Link, 0, MPI_LINK, 0.005541, 0.011533, 0.005992, PTP, "rank-20", "rank-84", 21_85_6_2613
Link, 0, MPI_LINK, 0.005542, 0.011533, 0.005991, PTP, "rank-29", "rank-93", 30_94_6_2705
Link, 0, MPI_LINK, 0.005543, 0.011533, 0.005990, PTP, "rank-90", "rank-26", 91_27_6_2843
Link, 0, MPI_LINK, 0.005543, 0.011533, 0.005990, PTP, "rank-84", "rank-20", 85_21_6_2839
Link, 0, MPI_LINK, 0.005543, 0.011533, 0.005990, PTP, "rank-93", "rank-29", 94_30_6_2835
Link, 0, MPI_LINK, 0.005543, 0.011533, 0.005990, PTP, "rank-60", "rank-124", 61_125_6_2787
Link, 0, MPI_LINK, 0.005543, 0.011533, 0.005990, PTP, "rank-124", "rank-60", 125_61_6_2817
Link, 0, MPI_LINK, 0.005543, 0.011533, 0.005990, PTP, "rank-30", "rank-94", 31_95_6_2773
Link, 0, MPI_LINK, 0.005542, 0.011533, 0.005991, PTP, "rank-16", "rank-80", 17_81_6_2697
Link, 0, MPI_LINK, 0.005544, 0.011533, 0.005989, PTP, "rank-94", "rank-30", 95_31_6_2849
Link, 0, MPI_LINK, 0.005544, 0.011533, 0.005989, PTP, "rank-80", "rank-16", 81_17_6_2845
Link, 0, MPI_LINK, 0.005542, 0.011534, 0.005992, PTP, "rank-52", "rank-116", 53_117_6_2709
Link, 0, MPI_LINK, 0.005542, 0.011534, 0.005992, PTP, "rank-61", "rank-125", 62_126_6_2707
Link, 0, MPI_LINK, 0.005543, 0.011534, 0.005991, PTP, "rank-116", "rank-52", 117_53_6_2841
Link, 0, MPI_LINK, 0.005543, 0.011534, 0.005991, PTP, "rank-125", "rank-61", 126_62_6_2837
Link, 0, MPI_LINK, 0.005542, 0.011534, 0.005992, PTP, "rank-22", "rank-86", 23_87_6_2701
Link, 0, MPI_LINK, 0.005543, 0.011534, 0.005991, PTP, "rank-24", "rank-88", 25_89_6_2769
Link, 0, MPI_LINK, 0.005543, 0.011534, 0.005991, PTP, "rank-28", "rank-92", 29_93_6_2785
Link, 0, MPI_LINK, 0.005544, 0.011534, 0.005990, PTP, "rank-86", "rank-22", 87_23_6_2871
Link, 0, MPI_LINK, 0.005544, 0.011534, 0.005990, PTP, "rank-88", "rank-24", 89_25_6_2867
Link, 0, MPI_LINK, 0.005544, 0.011534, 0.005990, PTP, "rank-92", "rank-28", 93_29_6_2865
Link, 0, MPI_LINK, 0.005543, 0.011534, 0.005991, PTP, "rank-62", "rank-126", 63_127_6_2775
Link, 0, MPI_LINK, 0.005542, 0.011534, 0.005992, PTP, "rank-48", "rank-112", 49_113_6_2699
Link, 0, MPI_LINK, 0.005544, 0.011534, 0.005990, PTP, "rank-126", "rank-62", 127_63_6_2851
Link, 0, MPI_LINK, 0.005544, 0.011534, 0.005990, PTP, "rank-112", "rank-48", 113_49_6_2847
Link, 0, MPI_LINK, 0.005544, 0.011534, 0.005990, PTP, "rank-18", "rank-82", 19_83_6_2857
Link, 0, MPI_LINK, 0.005546, 0.011534, 0.005988, PTP, "rank-82", "rank-18", 83_19_6_2877
Link, 0, MPI_LINK, 0.005543, 0.011534, 0.005991, PTP, "rank-50", "rank-114", 51_115_6_2767
Link, 0, MPI_LINK, 0.005544, 0.011534, 0.005990, PTP, "rank-114", "rank-50", 115_51_6_2859
Link, 0, MPI_LINK, 0.005541, 0.011534, 0.005993, PTP, "rank-54", "rank-118", 55_119_6_2609
Link, 0, MPI_LINK, 0.005543, 0.011534, 0.005991, PTP, "rank-56", "rank-120", 57_121_6_2771
Link, 0, MPI_LINK, 0.005544, 0.011534, 0.005990, PTP, "rank-118", "rank-54", 119_55_6_2873
Link, 0, MPI_LINK, 0.005544, 0.011534, 0.005990, PTP, "rank-120", "rank-56", 121_57_6_2869
Link, 0, MPI_LINK, 0.005524, 0.011534, 0.006010, PTP, "rank-9", "rank-73", 10_74_6_2511
Link, 0, MPI_LINK, 0.005543, 0.011534, 0.005991, PTP, "rank-73", "rank-9", 74_10_6_2731
Link, 0, MPI_LINK, 0.005539, 0.011535, 0.005996, PTP, "rank-14", "rank-78", 15_79_6_2571
Link, 0, MPI_LINK, 0.005543, 0.011535, 0.005992, PTP, "rank-78", "rank-14", 79_15_6_2737
Link, 0, MPI_LINK, 0.005542, 0.011535, 0.005993, PTP, "rank-69", "rank-5", 70_6_6_2727
Link, 0, MPI_LINK, 0.005537, 0.011535, 0.005998, PTP, "rank-75", "rank-11", 76_12_6_2533
Link, 0, MPI_LINK, 0.005541, 0.011535, 0.005994, PTP, "rank-74", "rank-10", 75_11_6_2683
Link, 0, MPI_LINK, 0.005543, 0.011535, 0.005992, PTP, "rank-5", "rank-69", 6_70_6_2763
Link, 0, MPI_LINK, 0.005543, 0.011535, 0.005992, PTP, "rank-11", "rank-75", 12_76_6_2759
Link, 0, MPI_LINK, 0.005543, 0.011535, 0.005992, PTP, "rank-10", "rank-74", 11_75_6_2745
Link, 0, MPI_LINK, 0.005538, 0.011535, 0.005997, PTP, "rank-71", "rank-7", 72_8_6_2553
Link, 0, MPI_LINK, 0.005523, 0.011535, 0.006012, PTP, "rank-79", "rank-15", 80_16_6_2505
Link, 0, MPI_LINK, 0.005543, 0.011535, 0.005992, PTP, "rank-7", "rank-71", 8_72_6_2801
Link, 0, MPI_LINK, 0.005543, 0.011535, 0.005992, PTP, "rank-15", "rank-79", 16_80_6_2797
Link, 0, MPI_LINK, 0.005543, 0.011535, 0.005992, PTP, "rank-2", "rank-66", 3_67_6_2741
Link, 0, MPI_LINK, 0.005543, 0.011535, 0.005992, PTP, "rank-66", "rank-2", 67_3_6_2825
Link, 0, MPI_LINK, 0.005543, 0.011535, 0.005992, PTP, "rank-6", "rank-70", 7_71_6_2755
Link, 0, MPI_LINK, 0.005543, 0.011535, 0.005992, PTP, "rank-70", "rank-6", 71_7_6_2829
Link, 0, MPI_LINK, 0.005543, 0.011536, 0.005993, PTP, "rank-12", "rank-76", 13_77_6_2813
Link, 0, MPI_LINK, 0.005544, 0.011536, 0.005992, PTP, "rank-76", "rank-12", 77_13_6_2853
Link, 0, MPI_LINK, 0.005543, 0.011536, 0.005993, PTP, "rank-64", "rank-0", 65_1_6_2821
Link, 0, MPI_LINK, 0.005544, 0.011536, 0.005992, PTP, "rank-0", "rank-64", 1_65_6_2855
Link, 0, MPI_LINK, 0.005543, 0.011536, 0.005993, PTP, "rank-4", "rank-68", 5_69_6_2809
Link, 0, MPI_LINK, 0.005544, 0.011536, 0.005992, PTP, "rank-68", "rank-4", 69_5_6_2861
Link, 0, MPI_LINK, 0.005543, 0.011536, 0.005993, PTP, "rank-77", "rank-13", 78_14_6_2833
Link, 0, MPI_LINK, 0.005544, 0.011536, 0.005992, PTP, "rank-13", "rank-77", 14_78_6_2863
Link, 0, MPI_LINK, 0.005543, 0.011536, 0.005993, PTP, "rank-8", "rank-72", 9_73_6_2749
Link, 0, MPI_LINK, 0.005544, 0.011536, 0.005992, PTP, "rank-72", "rank-8", 73_9_6_2875
Link, 0, MPI_LINK, 0.005538, 0.011536, 0.005998, PTP, "rank-46", "rank-110", 47_111_6_2555
Link, 0, MPI_LINK, 0.005543, 0.011536, 0.005993, PTP, "rank-110", "rank-46", 111_47_6_2739
Link, 0, MPI_LINK, 0.005541, 0.011536, 0.005995, PTP, "rank-101", "rank-37", 102_38_6_2687
Link, 0, MPI_LINK, 0.005537, 0.011536, 0.005999, PTP, "rank-107", "rank-43", 108_44_6_2531
Link, 0, MPI_LINK, 0.005541, 0.011536, 0.005995, PTP, "rank-106", "rank-42", 107_43_6_2685
Link, 0, MPI_LINK, 0.005543, 0.011536, 0.005993, PTP, "rank-37", "rank-101", 38_102_6_2765
Link, 0, MPI_LINK, 0.005543, 0.011536, 0.005993, PTP, "rank-43", "rank-107", 44_108_6_2761
Link, 0, MPI_LINK, 0.005543, 0.011536, 0.005993, PTP, "rank-42", "rank-106", 43_107_6_2747
Link, 0, MPI_LINK, 0.005538, 0.011536, 0.005998, PTP, "rank-103", "rank-39", 104_40_6_2551
Link, 0, MPI_LINK, 0.005524, 0.011536, 0.006012, PTP, "rank-111", "rank-47", 112_48_6_2507
Link, 0, MPI_LINK, 0.005543, 0.011536, 0.005993, PTP, "rank-39", "rank-103", 40_104_6_2803
Link, 0, MPI_LINK, 0.005543, 0.011536, 0.005993, PTP, "rank-47", "rank-111", 48_112_6_2799
Link, 0, MPI_LINK, 0.005543, 0.011536, 0.005993, PTP, "rank-108", "rank-44", 109_45_6_2735
Link, 0, MPI_LINK, 0.005543, 0.011536, 0.005993, PTP, "rank-100", "rank-36", 101_37_6_2805
Link, 0, MPI_LINK, 0.005542, 0.011536, 0.005994, PTP, "rank-109", "rank-45", 110_46_6_2725
Link, 0, MPI_LINK, 0.005543, 0.011536, 0.005993, PTP, "rank-44", "rank-108", 45_109_6_2815
Link, 0, MPI_LINK, 0.005543, 0.011536, 0.005993, PTP, "rank-36", "rank-100", 37_101_6_2811
Link, 0, MPI_LINK, 0.005543, 0.011536, 0.005993, PTP, "rank-45", "rank-109", 46_110_6_2807
Link, 0, MPI_LINK, 0.005543, 0.011536, 0.005993, PTP, "rank-32", "rank-96", 33_97_6_2753
Link, 0, MPI_LINK, 0.005543, 0.011536, 0.005993, PTP, "rank-40", "rank-104", 41_105_6_2751
Link, 0, MPI_LINK, 0.005543, 0.011536, 0.005993, PTP, "rank-96", "rank-32", 97_33_6_2823
Link, 0, MPI_LINK, 0.005543, 0.011536, 0.005993, PTP, "rank-104", "rank-40", 105_41_6_2819
Link, 0, MPI_LINK, 0.005543, 0.011536, 0.005993, PTP, "rank-34", "rank-98", 35_99_6_2743
Link, 0, MPI_LINK, 0.005543, 0.011536, 0.005993, PTP, "rank-98", "rank-34", 99_35_6_2827
Link, 0, MPI_LINK, 0.005543, 0.011536, 0.005993, PTP, "rank-38", "rank-102", 39_103_6_2757
Link, 0, MPI_LINK, 0.005543, 0.011536, 0.005993, PTP, "rank-102", "rank-38", 103_39_6_2831
Link, 0, MPI_LINK, 0.014490, 0.014559, 0.000069, PTP, "rank-1", "rank-0", 2_1_-112_3021
Link, 0, MPI_LINK, 0.014466, 0.014559, 0.000093, PTP, "rank-17", "rank-0", 18_1_-112_3009
Link, 0, MPI_LINK, 0.014514, 0.014559, 0.000045, PTP, "rank-19", "rank-0", 20_1_-112_3030
Link, 0, MPI_LINK, 0.014518, 0.014559, 0.000041, PTP, "rank-25", "rank-0", 26_1_-112_3036
Link, 0, MPI_LINK, 0.014506, 0.014559, 0.000053, PTP, "rank-35", "rank-0", 36_1_-112_3024
Link, 0, MPI_LINK, 0.014457, 0.014559, 0.000102, PTP, "rank-49", "rank-0", 50_1_-112_3006
Link, 0, MPI_LINK, 0.014547, 0.014559, 0.000012, PTP, "rank-57", "rank-0", 58_1_-112_3042
Link, 0, MPI_LINK, 0.014483, 0.014559, 0.000076, PTP, "rank-65", "rank-0", 66_1_-112_3018
Link, 0, MPI_LINK, 0.014477, 0.014559, 0.000082, PTP, "rank-81", "rank-0", 82_1_-112_3012
Link, 0, MPI_LINK, 0.014553, 0.014559, 0.000006, PTP, "rank-89", "rank-0", 90_1_-112_3045
Link, 0, MPI_LINK, 0.014512, 0.014559, 0.000047, PTP, "rank-99", "rank-0", 100_1_-112_3028
Link, 0, MPI_LINK, 0.014479, 0.014559, 0.000080, PTP, "rank-113", "rank-0", 114_1_-112_3013
Link, 0, MPI_LINK, 0.014533, 0.014559, 0.000026, PTP, "rank-115", "rank-0", 116_1_-112_3039
Link, 0, MPI_LINK, 0.014511, 0.014559, 0.000048, PTP, "rank-121", "rank-0", 122_1_-112_3027
Link, 0, MPI_LINK, 0.014614, 0.014615, 0.000001, PTP, "rank-83", "rank-0", 84_1_-112_3048
Link, 0, MPI_LINK, 0.014618, 0.014619, 0.000001, PTP, "rank-67", "rank-0", 68_1_-112_3050
Link, 0, MPI_LINK, 0.014649, 0.014650, 0.000001, PTP, "rank-51", "rank-0", 52_1_-112_3054
Link, 0, MPI_LINK, 0.014665, 0.014666, 0.000001, PTP, "rank-90", "rank-0", 91_1_-112_3057
Link, 0, MPI_LINK, 0.014667, 0.014668, 0.000001, PTP, "rank-97", "rank-0", 98_1_-112_3058
Link, 0, MPI_LINK, 0.014670, 0.014671, 0.000001, PTP, "rank-84", "rank-0", 85_1_-112_3060
Link, 0, MPI_LINK, 0.014673, 0.014674, 0.000001, PTP, "rank-20", "rank-0", 21_1_-112_3064
Link, 0, MPI_LINK, 0.014674, 0.014675, 0.000001, PTP, "rank-63", "rank-0", 64_1_-112_3066
Link, 0, MPI_LINK, 0.014677, 0.014677, 0.000000, PTP, "rank-95", "rank-0", 96_1_-112_3069
Link, 0, MPI_LINK, 0.014677, 0.014677, 0.000000, PTP, "rank-23", "rank-0", 24_1_-112_3070
Link, 0, MPI_LINK, 0.014677, 0.014678, 0.000001, PTP, "rank-38", "rank-0", 39_1_-112_3071
Link, 0, MPI_LINK, 0.014677, 0.014678, 0.000001, PTP, "rank-21", "rank-0", 22_1_-112_3072
Link, 0, MPI_LINK, 0.014679, 0.014680, 0.000001, PTP, "rank-93", "rank-0", 94_1_-112_3075
Link, 0, MPI_LINK, 0.014681, 0.014682, 0.000001, PTP, "rank-55", "rank-0", 56_1_-112_3080
Link, 0, MPI_LINK, 0.014681, 0.014682, 0.000001, PTP, "rank-91", "rank-0", 92_1_-112_3083
Link, 0, MPI_LINK, 0.014684, 0.014684, 0.000000, PTP, "rank-31", "rank-0", 32_1_-112_3088
Link, 0, MPI_LINK, 0.014689, 0.014689, 0.000000, PTP, "rank-87", "rank-0", 88_1_-112_3096
Link, 0, MPI_LINK, 0.014690, 0.014691, 0.000001, PTP, "rank-36", "rank-0", 37_1_-112_3097
Link, 0, MPI_LINK, 0.014690, 0.014691, 0.000001, PTP, "rank-27", "rank-0", 28_1_-112_3098
Link, 0, MPI_LINK, 0.014692, 0.014693, 0.000001, PTP, "rank-96", "rank-0", 97_1_-112_3101
Link, 0, MPI_LINK, 0.014693, 0.014693, 0.000000, PTP, "rank-3", "rank-0", 4_1_-112_3104
Link, 0, MPI_LINK, 0.014697, 0.014698, 0.000001, PTP, "rank-104", "rank-0", 105_1_-112_3110
Link, 0, MPI_LINK, 0.014697, 0.014698, 0.000001, PTP, "rank-34", "rank-0", 35_1_-112_3112
Link, 0, MPI_LINK, 0.014699, 0.014700, 0.000001, PTP, "rank-105", "rank-0", 106_1_-112_3113
Link, 0, MPI_LINK, 0.014700, 0.014701, 0.000001, PTP, "rank-117", "rank-0", 118_1_-112_3115
Link, 0, MPI_LINK, 0.014702, 0.014703, 0.000001, PTP, "rank-127", "rank-0", 128_1_-112_3121
Link, 0, MPI_LINK, 0.014704, 0.014705, 0.000001, PTP, "rank-53", "rank-0", 54_1_-112_3122
Link, 0, MPI_LINK, 0.014706, 0.014707, 0.000001, PTP, "rank-6", "rank-0", 7_1_-112_3129
Link, 0, MPI_LINK, 0.014706, 0.014707, 0.000001, PTP, "rank-45", "rank-0", 46_1_-112_3128
Link, 0, MPI_LINK, 0.014707, 0.014708, 0.000001, PTP, "rank-122", "rank-0", 123_1_-112_3130
Link, 0, MPI_LINK, 0.014709, 0.014710, 0.000001, PTP, "rank-47", "rank-0", 48_1_-112_3134
Link, 0, MPI_LINK, 0.014709, 0.014710, 0.000001, PTP, "rank-40", "rank-0", 41_1_-112_3135
Link, 0, MPI_LINK, 0.014711, 0.014712, 0.000001, PTP, "rank-42", "rank-0", 43_1_-112_3139
Link, 0, MPI_LINK, 0.014711, 0.014712, 0.000001, PTP, "rank-37", "rank-0", 38_1_-112_3140
Link, 0, MPI_LINK, 0.014717, 0.014718, 0.000001, PTP, "rank-30", "rank-0", 31_1_-112_3150
Link, 0, MPI_LINK, 0.014719, 0.014720, 0.000001, PTP, "rank-9", "rank-0", 10_1_-112_3151
Link, 0, MPI_LINK, 0.014722, 0.014722, 0.000000, PTP, "rank-12", "rank-0", 13_1_-112_3154
Link, 0, MPI_LINK, 0.014722, 0.014723, 0.000001, PTP, "rank-58", "rank-0", 59_1_-112_3155
Link, 0, MPI_LINK, 0.014723, 0.014724, 0.000001, PTP, "rank-48", "rank-0", 49_1_-112_3157
Link, 0, MPI_LINK, 0.014724, 0.014725, 0.000001, PTP, "rank-69", "rank-0", 70_1_-112_3160
Link, 0, MPI_LINK, 0.014724, 0.014725, 0.000001, PTP, "rank-94", "rank-0", 95_1_-112_3161
Link, 0, MPI_LINK, 0.014725, 0.014725, 0.000000, PTP, "rank-77", "rank-0", 78_1_-112_3163
Link, 0, MPI_LINK, 0.014729, 0.014730, 0.000001, PTP, "rank-106", "rank-0", 107_1_-112_3173
Link, 0, MPI_LINK, 0.014730, 0.014731, 0.000001, PTP, "rank-71", "rank-0", 72_1_-112_3175
Link, 0, MPI_LINK, 0.014732, 0.014733, 0.000001, PTP, "rank-111", "rank-0", 112_1_-112_3177
Link, 0, MPI_LINK, 0.014732, 0.014733, 0.000001, PTP, "rank-102", "rank-0", 103_1_-112_3178
Link, 0, MPI_LINK, 0.014733, 0.014734, 0.000001, PTP, "rank-33", "rank-0", 34_1_-112_3179
Link, 0, MPI_LINK, 0.014736, 0.014737, 0.000001, PTP, "rank-123", "rank-0", 124_1_-112_3187
Link, 0, MPI_LINK, 0.014737, 0.014738, 0.000001, PTP, "rank-79", "rank-0", 80_1_-112_3190
Link, 0, MPI_LINK, 0.014738, 0.014739, 0.000001, PTP, "rank-50", "rank-0", 51_1_-112_3191
Link, 0, MPI_LINK, 0.014738, 0.014739, 0.000001, PTP, "rank-109", "rank-0", 110_1_-112_3193
Link, 0, MPI_LINK, 0.014739, 0.014740, 0.000001, PTP, "rank-119", "rank-0", 120_1_-112_3194
Link, 0, MPI_LINK, 0.014742, 0.014743, 0.000001, PTP, "rank-98", "rank-0", 99_1_-112_3203
Link, 0, MPI_LINK, 0.014743, 0.014744, 0.000001, PTP, "rank-78", "rank-0", 79_1_-112_3204
Link, 0, MPI_LINK, 0.014744, 0.014744, 0.000000, PTP, "rank-92", "rank-0", 93_1_-112_3206
Link, 0, MPI_LINK, 0.014745, 0.014745, 0.000000, PTP, "rank-8", "rank-0", 9_1_-112_3208
Link, 0, MPI_LINK, 0.014745, 0.014745, 0.000000, PTP, "rank-24", "rank-0", 25_1_-112_3209
Link, 0, MPI_LINK, 0.014745, 0.014746, 0.000001, PTP, "rank-118", "rank-0", 119_1_-112_3210
Link, 0, MPI_LINK, 0.014748, 0.014748, 0.000000, PTP, "rank-4", "rank-0", 5_1_-112_3219
Link, 0, MPI_LINK, 0.014747, 0.014748, 0.000001, PTP, "rank-85", "rank-0", 86_1_-112_3218
Link, 0, MPI_LINK, 0.014749, 0.014750, 0.000001, PTP, "rank-43", "rank-0", 44_1_-112_3223
Link, 0, MPI_LINK, 0.014753, 0.014754, 0.000001, PTP, "rank-60", "rank-0", 61_1_-112_3229
Link, 0, MPI_LINK, 0.014754, 0.014755, 0.000001, PTP, "rank-107", "rank-0", 108_1_-112_3230
Link, 0, MPI_LINK, 0.014755, 0.014756, 0.000001, PTP, "rank-74", "rank-0", 75_1_-112_3231
Link, 0, MPI_LINK, 0.014756, 0.014756, 0.000000, PTP, "rank-72", "rank-0", 73_1_-112_3234
Link, 0, MPI_LINK, 0.014757, 0.014758, 0.000001, PTP, "rank-112", "rank-0", 113_1_-112_3235
Link, 0, MPI_LINK, 0.014757, 0.014758, 0.000001, PTP, "rank-126", "rank-0", 127_1_-112_3236
Link, 0, MPI_LINK, 0.014757, 0.014758, 0.000001, PTP, "rank-16", "rank-0", 17_1_-112_3240
Link, 0, MPI_LINK, 0.014758, 0.014758, 0.000000, PTP, "rank-7", "rank-0", 8_1_-112_3243
Link, 0, MPI_LINK, 0.014760, 0.014760, 0.000000, PTP, "rank-28", "rank-0", 29_1_-112_3249
Link, 0, MPI_LINK, 0.014760, 0.014761, 0.000001, PTP, "rank-44", "rank-0", 45_1_-112_3252
Link, 0, MPI_LINK, 0.014762, 0.014763, 0.000001, PTP, "rank-108", "rank-0", 109_1_-112_3256
Link, 0, MPI_LINK, 0.014763, 0.014764, 0.000001, PTP, "rank-54", "rank-0", 55_1_-112_3259
Link, 0, MPI_LINK, 0.014766, 0.014767, 0.000001, PTP, "rank-32", "rank-0", 33_1_-112_3266
Link, 0, MPI_LINK, 0.014769, 0.014770, 0.000001, PTP, "rank-70", "rank-0", 71_1_-112_3269
Link, 0, MPI_LINK, 0.014771, 0.014772, 0.000001, PTP, "rank-56", "rank-0", 57_1_-112_3270
Link, 0, MPI_LINK, 0.014772, 0.014773, 0.000001, PTP, "rank-2", "rank-0", 3_1_-112_3275
Link, 0, MPI_LINK, 0.014772, 0.014773, 0.000001, PTP, "rank-110", "rank-0", 111_1_-112_3273
Link, 0, MPI_LINK, 0.014772, 0.014773, 0.000001, PTP, "rank-101", "rank-0", 102_1_-112_3274
Link, 0, MPI_LINK, 0.014774, 0.014775, 0.000001, PTP, "rank-114", "rank-0", 115_1_-112_3278
Link, 0, MPI_LINK, 0.014777, 0.014777, 0.000000, PTP, "rank-86", "rank-0", 87_1_-112_3286
Link, 0, MPI_LINK, 0.014777, 0.014778, 0.000001, PTP, "rank-100", "rank-0", 101_1_-112_3289
Link, 0, MPI_LINK, 0.014778, 0.014779, 0.000001, PTP, "rank-62", "rank-0", 63_1_-112_3290
Link, 0, MPI_LINK, 0.014778, 0.014779, 0.000001, PTP, "rank-75", "rank-0", 76_1_-112_3291
Link, 0, MPI_LINK, 0.014779, 0.014780, 0.000001, PTP, "rank-39", "rank-0", 40_1_-112_3292
Link, 0, MPI_LINK, 0.014781, 0.014781, 0.000000, PTP, "rank-15", "rank-0", 16_1_-112_3300
Link, 0, MPI_LINK, 0.014781, 0.014781, 0.000000, PTP, "rank-22", "rank-0", 23_1_-112_3297
Link, 0, MPI_LINK, 0.014781, 0.014782, 0.000001, PTP, "rank-82", "rank-0", 83_1_-112_3299
Link, 0, MPI_LINK, 0.014782, 0.014782, 0.000000, PTP, "rank-64", "rank-0", 65_1_-112_3303
Link, 0, MPI_LINK, 0.014790, 0.014790, 0.000000, PTP, "rank-88", "rank-0", 89_1_-112_3315
Link, 0, MPI_LINK, 0.014792, 0.014792, 0.000000, PTP, "rank-5", "rank-0", 6_1_-112_3316
Link, 0, MPI_LINK, 0.014794, 0.014794, 0.000000, PTP, "rank-116", "rank-0", 117_1_-112_3318
Link, 0, MPI_LINK, 0.014798, 0.014798, 0.000000, PTP, "rank-10", "rank-0", 11_1_-112_3324
Link, 0, MPI_LINK, 0.014804, 0.014804, 0.000000, PTP, "rank-68", "rank-0", 69_1_-112_3327
Link, 0, MPI_LINK, 0.014806, 0.014807, 0.000001, PTP, "rank-124", "rank-0", 125_1_-112_3328
Link, 0, MPI_LINK, 0.014807, 0.014807, 0.000000, PTP, "rank-76", "rank-0", 77_1_-112_3329
Link, 0, MPI_LINK, 0.014809, 0.014810, 0.000001, PTP, "rank-73", "rank-0", 74_1_-112_3334
Link, 0, MPI_LINK, 0.014809, 0.014810, 0.000001, PTP, "rank-80", "rank-0", 81_1_-112_3335
Link, 0, MPI_LINK, 0.014810, 0.014810, 0.000000, PTP, "rank-52", "rank-0", 53_1_-112_3336
Link, 0, MPI_LINK, 0.014813, 0.014814, 0.000001, PTP, "rank-59", "rank-0", 60_1_-112_3342
Link, 0, MPI_LINK, 0.014817, 0.014818, 0.000001, PTP, "rank-103", "rank-0", 104_1_-112_3348
Link, 0, MPI_LINK, 0.014826, 0.014826, 0.000000, PTP, "rank-11", "rank-0", 12_1_-112_3351
Link, 0, MPI_LINK, 0.014831, 0.014832, 0.000001, PTP, "rank-46", "rank-0", 47_1_-112_3354
Link, 0, MPI_LINK, 0.014834, 0.014835, 0.000001, PTP, "rank-18", "rank-0", 19_1_-112_3356
Link, 0, MPI_LINK, 0.014843, 0.014843, 0.000000, PTP, "rank-125", "rank-0", 126_1_-112_3360
Link, 0, MPI_LINK, 0.014853, 0.014853, 0.000000, PTP, "rank-13", "rank-0", 14_1_-112_3363
Link, 0, MPI_LINK, 0.014857, 0.014858, 0.000001, PTP, "rank-29", "rank-0", 30_1_-112_3366
Link, 0, MPI_LINK, 0.014861, 0.014862, 0.000001, PTP, "rank-120", "rank-0", 121_1_-112_3368
Link, 0, MPI_LINK, 0.014867, 0.014868, 0.000001, PTP, "rank-41", "rank-0", 42_1_-112_3372
Link, 0, MPI_LINK, 0.014873, 0.014873, 0.000000, PTP, "rank-61", "rank-0", 62_1_-112_3375
Link, 0, MPI_LINK, 0.014875, 0.014876, 0.000001, PTP, "rank-66", "rank-0", 67_1_-112_3377
Link, 0, MPI_LINK, 0.014881, 0.014882, 0.000001, PTP, "rank-26", "rank-0", 27_1_-112_3381
Link, 0, MPI_LINK, 0.014942, 0.014942, 0.000000, PTP, "rank-14", "rank-0", 15_1_-112_3384
Link, 0, MPI_LINK, 0.014492, 0.014946, 0.000454, PTP, "rank-1", "rank-0", 2_1_-112_3022
Link, 0, MPI_LINK, 0.014775, 0.014946, 0.000171, PTP, "rank-2", "rank-0", 3_1_-112_3282
Link, 0, MPI_LINK, 0.014695, 0.014946, 0.000251, PTP, "rank-3", "rank-0", 4_1_-112_3107
Link, 0, MPI_LINK, 0.014750, 0.014946, 0.000196, PTP, "rank-4", "rank-0", 5_1_-112_3225
Link, 0, MPI_LINK, 0.014794, 0.014946, 0.000152, PTP, "rank-5", "rank-0", 6_1_-112_3319
Link, 0, MPI_LINK, 0.014708, 0.014946, 0.000238, PTP, "rank-6", "rank-0", 7_1_-112_3133
Link, 0, MPI_LINK, 0.014760, 0.014946, 0.000186, PTP, "rank-7", "rank-0", 8_1_-112_3251
Link, 0, MPI_LINK, 0.014747, 0.014946, 0.000199, PTP, "rank-8", "rank-0", 9_1_-112_3214
Link, 0, MPI_LINK, 0.014721, 0.014946, 0.000225, PTP, "rank-9", "rank-0", 10_1_-112_3153
Link, 0, MPI_LINK, 0.014801, 0.014946, 0.000145, PTP, "rank-10", "rank-0", 11_1_-112_3325
Link, 0, MPI_LINK, 0.014828, 0.014946, 0.000118, PTP, "rank-11", "rank-0", 12_1_-112_3352
Link, 0, MPI_LINK, 0.014725, 0.014946, 0.000221, PTP, "rank-12", "rank-0", 13_1_-112_3162
Link, 0, MPI_LINK, 0.014856, 0.014946, 0.000090, PTP, "rank-13", "rank-0", 14_1_-112_3364
Link, 0, MPI_LINK, 0.014944, 0.014946, 0.000002, PTP, "rank-14", "rank-0", 15_1_-112_3385
Link, 0, MPI_LINK, 0.014783, 0.014946, 0.000163, PTP, "rank-15", "rank-0", 16_1_-112_3308
Link, 0, MPI_LINK, 0.014759, 0.014946, 0.000187, PTP, "rank-16", "rank-0", 17_1_-112_3248
Link, 0, MPI_LINK, 0.014468, 0.014946, 0.000478, PTP, "rank-17", "rank-0", 18_1_-112_3010
Link, 0, MPI_LINK, 0.014836, 0.014946, 0.000110, PTP, "rank-18", "rank-0", 19_1_-112_3358
Link, 0, MPI_LINK, 0.014516, 0.014946, 0.000430, PTP, "rank-19", "rank-0", 20_1_-112_3033
Link, 0, MPI_LINK, 0.014676, 0.014946, 0.000270, PTP, "rank-20", "rank-0", 21_1_-112_3068
Link, 0, MPI_LINK, 0.014679, 0.014946, 0.000267, PTP, "rank-21", "rank-0", 22_1_-112_3077
Link, 0, MPI_LINK, 0.014783, 0.014946, 0.000163, PTP, "rank-22", "rank-0", 23_1_-112_3307
Link, 0, MPI_LINK, 0.014681, 0.014946, 0.000265, PTP, "rank-23", "rank-0", 24_1_-112_3079
Link, 0, MPI_LINK, 0.014748, 0.014946, 0.000198, PTP, "rank-24", "rank-0", 25_1_-112_3220
Link, 0, MPI_LINK, 0.014520, 0.014946, 0.000426, PTP, "rank-25", "rank-0", 26_1_-112_3037
Link, 0, MPI_LINK, 0.014884, 0.014946, 0.000062, PTP, "rank-26", "rank-0", 27_1_-112_3382
Link, 0, MPI_LINK, 0.014692, 0.014946, 0.000254, PTP, "rank-27", "rank-0", 28_1_-112_3102
Link, 0, MPI_LINK, 0.014762, 0.014946, 0.000184, PTP, "rank-28", "rank-0", 29_1_-112_3255
Link, 0, MPI_LINK, 0.014859, 0.014946, 0.000087, PTP, "rank-29", "rank-0", 30_1_-112_3367
Link, 0, MPI_LINK, 0.014720, 0.014946, 0.000226, PTP, "rank-30", "rank-0", 31_1_-112_3152
Link, 0, MPI_LINK, 0.014686, 0.014946, 0.000260, PTP, "rank-31", "rank-0", 32_1_-112_3092
Link, 0, MPI_LINK, 0.014768, 0.014946, 0.000178, PTP, "rank-32", "rank-0", 33_1_-112_3268
Link, 0, MPI_LINK, 0.014736, 0.014946, 0.000210, PTP, "rank-33", "rank-0", 34_1_-112_3186
Link, 0, MPI_LINK, 0.014700, 0.014946, 0.000246, PTP, "rank-34", "rank-0", 35_1_-112_3116
Link, 0, MPI_LINK, 0.014508, 0.014946, 0.000438, PTP, "rank-35", "rank-0", 36_1_-112_3025
Link, 0, MPI_LINK, 0.014692, 0.014946, 0.000254, PTP, "rank-36", "rank-0", 37_1_-112_3100
Link, 0, MPI_LINK, 0.014713, 0.014946, 0.000233, PTP, "rank-37", "rank-0", 38_1_-112_3145
Link, 0, MPI_LINK, 0.014679, 0.014946, 0.000267, PTP, "rank-38", "rank-0", 39_1_-112_3076
Link, 0, MPI_LINK, 0.014781, 0.014946, 0.000165, PTP, "rank-39", "rank-0", 40_1_-112_3301
Link, 0, MPI_LINK, 0.014711, 0.014946, 0.000235, PTP, "rank-40", "rank-0", 41_1_-112_3142
Link, 0, MPI_LINK, 0.014869, 0.014946, 0.000077, PTP, "rank-41", "rank-0", 42_1_-112_3373
Link, 0, MPI_LINK, 0.014713, 0.014946, 0.000233, PTP, "rank-42", "rank-0", 43_1_-112_3144
Link, 0, MPI_LINK, 0.014755, 0.014946, 0.000191, PTP, "rank-43", "rank-0", 44_1_-112_3232
Link, 0, MPI_LINK, 0.014762, 0.014946, 0.000184, PTP, "rank-44", "rank-0", 45_1_-112_3257
Link, 0, MPI_LINK, 0.014708, 0.014946, 0.000238, PTP, "rank-45", "rank-0", 46_1_-112_3132
Link, 0, MPI_LINK, 0.014833, 0.014946, 0.000113, PTP, "rank-46", "rank-0", 47_1_-112_3355
Link, 0, MPI_LINK, 0.014711, 0.014946, 0.000235, PTP, "rank-47", "rank-0", 48_1_-112_3141
Link, 0, MPI_LINK, 0.014725, 0.014946, 0.000221, PTP, "rank-48", "rank-0", 49_1_-112_3164
Link, 0, MPI_LINK, 0.014462, 0.014946, 0.000484, PTP, "rank-49", "rank-0", 50_1_-112_3007
Link, 0, MPI_LINK, 0.014740, 0.014946, 0.000206, PTP, "rank-50", "rank-0", 51_1_-112_3195
Link, 0, MPI_LINK, 0.014651, 0.014946, 0.000295, PTP, "rank-51", "rank-0", 52_1_-112_3055
Link, 0, MPI_LINK, 0.014812, 0.014946, 0.000134, PTP, "rank-52", "rank-0", 53_1_-112_3340
Link, 0, MPI_LINK, 0.014706, 0.014946, 0.000240, PTP, "rank-53", "rank-0", 54_1_-112_3126
Link, 0, MPI_LINK, 0.014765, 0.014946, 0.000181, PTP, "rank-54", "rank-0", 55_1_-112_3264
Link, 0, MPI_LINK, 0.014685, 0.014946, 0.000261, PTP, "rank-55", "rank-0", 56_1_-112_3091
Link, 0, MPI_LINK, 0.014773, 0.014946, 0.000173, PTP, "rank-56", "rank-0", 57_1_-112_3276
Link, 0, MPI_LINK, 0.014549, 0.014946, 0.000397, PTP, "rank-57", "rank-0", 58_1_-112_3043
Link, 0, MPI_LINK, 0.014724, 0.014946, 0.000222, PTP, "rank-58", "rank-0", 59_1_-112_3159
Link, 0, MPI_LINK, 0.014815, 0.014946, 0.000131, PTP, "rank-59", "rank-0", 60_1_-112_3346
Link, 0, MPI_LINK, 0.014755, 0.014946, 0.000191, PTP, "rank-60", "rank-0", 61_1_-112_3233
Link, 0, MPI_LINK, 0.014875, 0.014946, 0.000071, PTP, "rank-61", "rank-0", 62_1_-112_3376
Link, 0, MPI_LINK, 0.014780, 0.014946, 0.000166, PTP, "rank-62", "rank-0", 63_1_-112_3295
Link, 0, MPI_LINK, 0.014679, 0.014946, 0.000267, PTP, "rank-63", "rank-0", 64_1_-112_3073
Link, 0, MPI_LINK, 0.014785, 0.014946, 0.000161, PTP, "rank-64", "rank-0", 65_1_-112_3312
Link, 0, MPI_LINK, 0.014486, 0.014946, 0.000460, PTP, "rank-65", "rank-0", 66_1_-112_3019
Link, 0, MPI_LINK, 0.014876, 0.014946, 0.000070, PTP, "rank-66", "rank-0", 67_1_-112_3378
Link, 0, MPI_LINK, 0.014620, 0.014946, 0.000326, PTP, "rank-67", "rank-0", 68_1_-112_3052
Link, 0, MPI_LINK, 0.014807, 0.014946, 0.000139, PTP, "rank-68", "rank-0", 69_1_-112_3330
Link, 0, MPI_LINK, 0.014726, 0.014946, 0.000220, PTP, "rank-69", "rank-0", 70_1_-112_3166
Link, 0, MPI_LINK, 0.014771, 0.014946, 0.000175, PTP, "rank-70", "rank-0", 71_1_-112_3271
Link, 0, MPI_LINK, 0.014733, 0.014946, 0.000213, PTP, "rank-71", "rank-0", 72_1_-112_3180
Link, 0, MPI_LINK, 0.014758, 0.014946, 0.000188, PTP, "rank-72", "rank-0", 73_1_-112_3241
Link, 0, MPI_LINK, 0.014811, 0.014946, 0.000135, PTP, "rank-73", "rank-0", 74_1_-112_3339
Link, 0, MPI_LINK, 0.014757, 0.014946, 0.000189, PTP, "rank-74", "rank-0", 75_1_-112_3237
Link, 0, MPI_LINK, 0.014780, 0.014946, 0.000166, PTP, "rank-75", "rank-0", 76_1_-112_3296
Link, 0, MPI_LINK, 0.014809, 0.014946, 0.000137, PTP, "rank-76", "rank-0", 77_1_-112_3332
Link, 0, MPI_LINK, 0.014727, 0.014946, 0.000219, PTP, "rank-77", "rank-0", 78_1_-112_3168
Link, 0, MPI_LINK, 0.014745, 0.014946, 0.000201, PTP, "rank-78", "rank-0", 79_1_-112_3211
Link, 0, MPI_LINK, 0.014740, 0.014946, 0.000206, PTP, "rank-79", "rank-0", 80_1_-112_3196
Link, 0, MPI_LINK, 0.014812, 0.014946, 0.000134, PTP, "rank-80", "rank-0", 81_1_-112_3341
Link, 0, MPI_LINK, 0.014480, 0.014946, 0.000466, PTP, "rank-81", "rank-0", 82_1_-112_3014
Link, 0, MPI_LINK, 0.014782, 0.014946, 0.000164, PTP, "rank-82", "rank-0", 83_1_-112_3305
Link, 0, MPI_LINK, 0.014616, 0.014946, 0.000330, PTP, "rank-83", "rank-0", 84_1_-112_3049
Link, 0, MPI_LINK, 0.014673, 0.014946, 0.000273, PTP, "rank-84", "rank-0", 85_1_-112_3065
Link, 0, MPI_LINK, 0.014749, 0.014946, 0.000197, PTP, "rank-85", "rank-0", 86_1_-112_3224
Link, 0, MPI_LINK, 0.014780, 0.014946, 0.000166, PTP, "rank-86", "rank-0", 87_1_-112_3294
Link, 0, MPI_LINK, 0.014692, 0.014946, 0.000254, PTP, "rank-87", "rank-0", 88_1_-112_3099
Link, 0, MPI_LINK, 0.014793, 0.014946, 0.000153, PTP, "rank-88", "rank-0", 89_1_-112_3317
Link, 0, MPI_LINK, 0.014555, 0.014946, 0.000391, PTP, "rank-89", "rank-0", 90_1_-112_3046
Link, 0, MPI_LINK, 0.014667, 0.014946, 0.000279, PTP, "rank-90", "rank-0", 91_1_-112_3059
Link, 0, MPI_LINK, 0.014684, 0.014946, 0.000262, PTP, "rank-91", "rank-0", 92_1_-112_3090
Link, 0, MPI_LINK, 0.014746, 0.014946, 0.000200, PTP, "rank-92", "rank-0", 93_1_-112_3212
Link, 0, MPI_LINK, 0.014681, 0.014946, 0.000265, PTP, "rank-93", "rank-0", 94_1_-112_3081
Link, 0, MPI_LINK, 0.014727, 0.014946, 0.000219, PTP, "rank-94", "rank-0", 95_1_-112_3170
Link, 0, MPI_LINK, 0.014680, 0.014946, 0.000266, PTP, "rank-95", "rank-0", 96_1_-112_3078
Link, 0, MPI_LINK, 0.014694, 0.014946, 0.000252, PTP, "rank-96", "rank-0", 97_1_-112_3106
Link, 0, MPI_LINK, 0.014671, 0.014946, 0.000275, PTP, "rank-97", "rank-0", 98_1_-112_3062
Link, 0, MPI_LINK, 0.014744, 0.014946, 0.000202, PTP, "rank-98", "rank-0", 99_1_-112_3207
Link, 0, MPI_LINK, 0.014513, 0.014946, 0.000433, PTP, "rank-99", "rank-0", 100_1_-112_3029
Link, 0, MPI_LINK, 0.014779, 0.014946, 0.000167, PTP, "rank-100", "rank-0", 101_1_-112_3293
Link, 0, MPI_LINK, 0.014774, 0.014946, 0.000172, PTP, "rank-101", "rank-0", 102_1_-112_3280
Link, 0, MPI_LINK, 0.014734, 0.014946, 0.000212, PTP, "rank-102", "rank-0", 103_1_-112_3183
Link, 0, MPI_LINK, 0.014819, 0.014946, 0.000127, PTP, "rank-103", "rank-0", 104_1_-112_3349
Link, 0, MPI_LINK, 0.014699, 0.014946, 0.000247, PTP, "rank-104", "rank-0", 105_1_-112_3114
Link, 0, MPI_LINK, 0.014701, 0.014946, 0.000245, PTP, "rank-105", "rank-0", 106_1_-112_3117
Link, 0, MPI_LINK, 0.014731, 0.014946, 0.000215, PTP, "rank-106", "rank-0", 107_1_-112_3176
Link, 0, MPI_LINK, 0.014757, 0.014946, 0.000189, PTP, "rank-107", "rank-0", 108_1_-112_3238
Link, 0, MPI_LINK, 0.014763, 0.014946, 0.000183, PTP, "rank-108", "rank-0", 109_1_-112_3261
Link, 0, MPI_LINK, 0.014740, 0.014946, 0.000206, PTP, "rank-109", "rank-0", 110_1_-112_3197
Link, 0, MPI_LINK, 0.014774, 0.014946, 0.000172, PTP, "rank-110", "rank-0", 111_1_-112_3279
Link, 0, MPI_LINK, 0.014734, 0.014946, 0.000212, PTP, "rank-111", "rank-0", 112_1_-112_3182
Link, 0, MPI_LINK, 0.014759, 0.014946, 0.000187, PTP, "rank-112", "rank-0", 113_1_-112_3247
Link, 0, MPI_LINK, 0.014481, 0.014946, 0.000465, PTP, "rank-113", "rank-0", 114_1_-112_3016
Link, 0, MPI_LINK, 0.014776, 0.014946, 0.000170, PTP, "rank-114", "rank-0", 115_1_-112_3283
Link, 0, MPI_LINK, 0.014535, 0.014946, 0.000411, PTP, "rank-115", "rank-0", 116_1_-112_3040
Link, 0, MPI_LINK, 0.014796, 0.014946, 0.000150, PTP, "rank-116", "rank-0", 117_1_-112_3321
Link, 0, MPI_LINK, 0.014702, 0.014946, 0.000244, PTP, "rank-117", "rank-0", 118_1_-112_3120
Link, 0, MPI_LINK, 0.014747, 0.014946, 0.000199, PTP, "rank-118", "rank-0", 119_1_-112_3216
Link, 0, MPI_LINK, 0.014741, 0.014946, 0.000205, PTP, "rank-119", "rank-0", 120_1_-112_3199
Link, 0, MPI_LINK, 0.014863, 0.014946, 0.000083, PTP, "rank-120", "rank-0", 121_1_-112_3370
Link, 0, MPI_LINK, 0.014514, 0.014946, 0.000432, PTP, "rank-121", "rank-0", 122_1_-112_3031
Link, 0, MPI_LINK, 0.014710, 0.014946, 0.000236, PTP, "rank-122", "rank-0", 123_1_-112_3136
Link, 0, MPI_LINK, 0.014738, 0.014946, 0.000208, PTP, "rank-123", "rank-0", 124_1_-112_3192
Link, 0, MPI_LINK, 0.014809, 0.014946, 0.000137, PTP, "rank-124", "rank-0", 125_1_-112_3333
Link, 0, MPI_LINK, 0.014845, 0.014946, 0.000101, PTP, "rank-125", "rank-0", 126_1_-112_3361
Link, 0, MPI_LINK, 0.014760, 0.014946, 0.000186, PTP, "rank-126", "rank-0", 127_1_-112_3250
Link, 0, MPI_LINK, 0.014704, 0.014946, 0.000242, PTP, "rank-127", "rank-0", 128_1_-112_3123
Link, 0, MPI_LINK, 0.014494, 0.014949, 0.000455, PTP, "rank-1", "rank-0", 2_1_-778_3023
Link, 0, MPI_LINK, 0.014777, 0.014949, 0.000172, PTP, "rank-2", "rank-0", 3_1_-778_3288
Link, 0, MPI_LINK, 0.014696, 0.014949, 0.000253, PTP, "rank-3", "rank-0", 4_1_-778_3109
Link, 0, MPI_LINK, 0.014753, 0.014949, 0.000196, PTP, "rank-4", "rank-0", 5_1_-778_3228
Link, 0, MPI_LINK, 0.014795, 0.014949, 0.000154, PTP, "rank-5", "rank-0", 6_1_-778_3320
Link, 0, MPI_LINK, 0.014710, 0.014949, 0.000239, PTP, "rank-6", "rank-0", 7_1_-778_3138
Link, 0, MPI_LINK, 0.014763, 0.014949, 0.000186, PTP, "rank-7", "rank-0", 8_1_-778_3260
Link, 0, MPI_LINK, 0.014749, 0.014949, 0.000200, PTP, "rank-8", "rank-0", 9_1_-778_3222
Link, 0, MPI_LINK, 0.014723, 0.014949, 0.000226, PTP, "rank-9", "rank-0", 10_1_-778_3158
Link, 0, MPI_LINK, 0.014803, 0.014949, 0.000146, PTP, "rank-10", "rank-0", 11_1_-778_3326
Link, 0, MPI_LINK, 0.014829, 0.014949, 0.000120, PTP, "rank-11", "rank-0", 12_1_-778_3353
Link, 0, MPI_LINK, 0.014727, 0.014949, 0.000222, PTP, "rank-12", "rank-0", 13_1_-778_3167
Link, 0, MPI_LINK, 0.014857, 0.014949, 0.000092, PTP, "rank-13", "rank-0", 14_1_-778_3365
Link, 0, MPI_LINK, 0.014946, 0.014949, 0.000003, PTP, "rank-14", "rank-0", 15_1_-778_3386
Link, 0, MPI_LINK, 0.014784, 0.014949, 0.000165, PTP, "rank-15", "rank-0", 16_1_-778_3311
Link, 0, MPI_LINK, 0.014761, 0.014949, 0.000188, PTP, "rank-16", "rank-0", 17_1_-778_3254
Link, 0, MPI_LINK, 0.014469, 0.014949, 0.000480, PTP, "rank-17", "rank-0", 18_1_-778_3011
Link, 0, MPI_LINK, 0.014838, 0.014949, 0.000111, PTP, "rank-18", "rank-0", 19_1_-778_3359
Link, 0, MPI_LINK, 0.014517, 0.014949, 0.000432, PTP, "rank-19", "rank-0", 20_1_-778_3035
Link, 0, MPI_LINK, 0.014679, 0.014949, 0.000270, PTP, "rank-20", "rank-0", 21_1_-778_3074
Link, 0, MPI_LINK, 0.014681, 0.014949, 0.000268, PTP, "rank-21", "rank-0", 22_1_-778_3084
Link, 0, MPI_LINK, 0.014785, 0.014949, 0.000164, PTP, "rank-22", "rank-0", 23_1_-778_3313
Link, 0, MPI_LINK, 0.014684, 0.014949, 0.000265, PTP, "rank-23", "rank-0", 24_1_-778_3089
Link, 0, MPI_LINK, 0.014751, 0.014949, 0.000198, PTP, "rank-24", "rank-0", 25_1_-778_3227
Link, 0, MPI_LINK, 0.014522, 0.014949, 0.000427, PTP, "rank-25", "rank-0", 26_1_-778_3038
Link, 0, MPI_LINK, 0.014886, 0.014949, 0.000063, PTP, "rank-26", "rank-0", 27_1_-778_3383
Link, 0, MPI_LINK, 0.014695, 0.014949, 0.000254, PTP, "rank-27", "rank-0", 28_1_-778_3108
Link, 0, MPI_LINK, 0.014764, 0.014949, 0.000185, PTP, "rank-28", "rank-0", 29_1_-778_3263
Link, 0, MPI_LINK, 0.014862, 0.014949, 0.000087, PTP, "rank-29", "rank-0", 30_1_-778_3369
Link, 0, MPI_LINK, 0.014722, 0.014949, 0.000227, PTP, "rank-30", "rank-0", 31_1_-778_3156
Link, 0, MPI_LINK, 0.014687, 0.014949, 0.000262, PTP, "rank-31", "rank-0", 32_1_-778_3094
Link, 0, MPI_LINK, 0.014771, 0.014949, 0.000178, PTP, "rank-32", "rank-0", 33_1_-778_3272
Link, 0, MPI_LINK, 0.014737, 0.014949, 0.000212, PTP, "rank-33", "rank-0", 34_1_-778_3189
Link, 0, MPI_LINK, 0.014701, 0.014949, 0.000248, PTP, "rank-34", "rank-0", 35_1_-778_3119
Link, 0, MPI_LINK, 0.014509, 0.014949, 0.000440, PTP, "rank-35", "rank-0", 36_1_-778_3026
Link, 0, MPI_LINK, 0.014694, 0.014949, 0.000255, PTP, "rank-36", "rank-0", 37_1_-778_3105
Link, 0, MPI_LINK, 0.014714, 0.014949, 0.000235, PTP, "rank-37", "rank-0", 38_1_-778_3149
Link, 0, MPI_LINK, 0.014681, 0.014949, 0.000268, PTP, "rank-38", "rank-0", 39_1_-778_3082
Link, 0, MPI_LINK, 0.014783, 0.014949, 0.000166, PTP, "rank-39", "rank-0", 40_1_-778_3309
Link, 0, MPI_LINK, 0.014713, 0.014949, 0.000236, PTP, "rank-40", "rank-0", 41_1_-778_3147
Link, 0, MPI_LINK, 0.014871, 0.014949, 0.000078, PTP, "rank-41", "rank-0", 42_1_-778_3374
Link, 0, MPI_LINK, 0.014714, 0.014949, 0.000235, PTP, "rank-42", "rank-0", 43_1_-778_3148
Link, 0, MPI_LINK, 0.014758, 0.014949, 0.000191, PTP, "rank-43", "rank-0", 44_1_-778_3245
Link, 0, MPI_LINK, 0.014763, 0.014949, 0.000186, PTP, "rank-44", "rank-0", 45_1_-778_3262
Link, 0, MPI_LINK, 0.014710, 0.014949, 0.000239, PTP, "rank-45", "rank-0", 46_1_-778_3137
Link, 0, MPI_LINK, 0.014834, 0.014949, 0.000115, PTP, "rank-46", "rank-0", 47_1_-778_3357
Link, 0, MPI_LINK, 0.014713, 0.014949, 0.000236, PTP, "rank-47", "rank-0", 48_1_-778_3146
Link, 0, MPI_LINK, 0.014727, 0.014949, 0.000222, PTP, "rank-48", "rank-0", 49_1_-778_3169
Link, 0, MPI_LINK, 0.014464, 0.014949, 0.000485, PTP, "rank-49", "rank-0", 50_1_-778_3008
Link, 0, MPI_LINK, 0.014742, 0.014949, 0.000207, PTP, "rank-50", "rank-0", 51_1_-778_3200
Link, 0, MPI_LINK, 0.014654, 0.014949, 0.000295, PTP, "rank-51", "rank-0", 52_1_-778_3056
Link, 0, MPI_LINK, 0.014814, 0.014949, 0.000135, PTP, "rank-52", "rank-0", 53_1_-778_3344
Link, 0, MPI_LINK, 0.014708, 0.014949, 0.000241, PTP, "rank-53", "rank-0", 54_1_-778_3131
Link, 0, MPI_LINK, 0.014767, 0.014949, 0.000182, PTP, "rank-54", "rank-0", 55_1_-778_3267
Link, 0, MPI_LINK, 0.014688, 0.014949, 0.000261, PTP, "rank-55", "rank-0", 56_1_-778_3095
Link, 0, MPI_LINK, 0.014775, 0.014949, 0.000174, PTP, "rank-56", "rank-0", 57_1_-778_3281
Link, 0, MPI_LINK, 0.014551, 0.014949, 0.000398, PTP, "rank-57", "rank-0", 58_1_-778_3044
Link, 0, MPI_LINK, 0.014725, 0.014949, 0.000224, PTP, "rank-58", "rank-0", 59_1_-778_3165
Link, 0, MPI_LINK, 0.014817, 0.014949, 0.000132, PTP, "rank-59", "rank-0", 60_1_-778_3347
Link, 0, MPI_LINK, 0.014757, 0.014949, 0.000192, PTP, "rank-60", "rank-0", 61_1_-778_3239
Link, 0, MPI_LINK, 0.014877, 0.014949, 0.000072, PTP, "rank-61", "rank-0", 62_1_-778_3379
Link, 0, MPI_LINK, 0.014781, 0.014949, 0.000168, PTP, "rank-62", "rank-0", 63_1_-778_3298
Link, 0, MPI_LINK, 0.014682, 0.014949, 0.000267, PTP, "rank-63", "rank-0", 64_1_-778_3086
Link, 0, MPI_LINK, 0.014788, 0.014949, 0.000161, PTP, "rank-64", "rank-0", 65_1_-778_3314
Link, 0, MPI_LINK, 0.014488, 0.014949, 0.000461, PTP, "rank-65", "rank-0", 66_1_-778_3020
Link, 0, MPI_LINK, 0.014879, 0.014949, 0.000070, PTP, "rank-66", "rank-0", 67_1_-778_3380
Link, 0, MPI_LINK, 0.014622, 0.014949, 0.000327, PTP, "rank-67", "rank-0", 68_1_-778_3053
Link, 0, MPI_LINK, 0.014808, 0.014949, 0.000141, PTP, "rank-68", "rank-0", 69_1_-778_3331
Link, 0, MPI_LINK, 0.014729, 0.014949, 0.000220, PTP, "rank-69", "rank-0", 70_1_-778_3172
Link, 0, MPI_LINK, 0.014773, 0.014949, 0.000176, PTP, "rank-70", "rank-0", 71_1_-778_3277
Link, 0, MPI_LINK, 0.014735, 0.014949, 0.000214, PTP, "rank-71", "rank-0", 72_1_-778_3184
Link, 0, MPI_LINK, 0.014759, 0.014949, 0.000190, PTP, "rank-72", "rank-0", 73_1_-778_3246
Link, 0, MPI_LINK, 0.014813, 0.014949, 0.000136, PTP, "rank-73", "rank-0", 74_1_-778_3343
Link, 0, MPI_LINK, 0.014758, 0.014949, 0.000191, PTP, "rank-74", "rank-0", 75_1_-778_3242
Link, 0, MPI_LINK, 0.014782, 0.014949, 0.000167, PTP, "rank-75", "rank-0", 76_1_-778_3306
Link, 0, MPI_LINK, 0.014811, 0.014949, 0.000138, PTP, "rank-76", "rank-0", 77_1_-778_3338
Link, 0, MPI_LINK, 0.014729, 0.014949, 0.000220, PTP, "rank-77", "rank-0", 78_1_-778_3171
Link, 0, MPI_LINK, 0.014747, 0.014949, 0.000202, PTP, "rank-78", "rank-0", 79_1_-778_3217
Link, 0, MPI_LINK, 0.014742, 0.014949, 0.000207, PTP, "rank-79", "rank-0", 80_1_-778_3201
Link, 0, MPI_LINK, 0.014814, 0.014949, 0.000135, PTP, "rank-80", "rank-0", 81_1_-778_3345
Link, 0, MPI_LINK, 0.014481, 0.014949, 0.000468, PTP, "rank-81", "rank-0", 82_1_-778_3015
Link, 0, MPI_LINK, 0.014784, 0.014949, 0.000165, PTP, "rank-82", "rank-0", 83_1_-778_3310
Link, 0, MPI_LINK, 0.014619, 0.014949, 0.000330, PTP, "rank-83", "rank-0", 84_1_-778_3051
Link, 0, MPI_LINK, 0.014675, 0.014949, 0.000274, PTP, "rank-84", "rank-0", 85_1_-778_3067
Link, 0, MPI_LINK, 0.014750, 0.014949, 0.000199, PTP, "rank-85", "rank-0", 86_1_-778_3226
Link, 0, MPI_LINK, 0.014782, 0.014949, 0.000167, PTP, "rank-86", "rank-0", 87_1_-778_3304
Link, 0, MPI_LINK, 0.014693, 0.014949, 0.000256, PTP, "rank-87", "rank-0", 88_1_-778_3103
Link, 0, MPI_LINK, 0.014796, 0.014949, 0.000153, PTP, "rank-88", "rank-0", 89_1_-778_3322
Link, 0, MPI_LINK, 0.014556, 0.014949, 0.000393, PTP, "rank-89", "rank-0", 90_1_-778_3047
Link, 0, MPI_LINK, 0.014670, 0.014949, 0.000279, PTP, "rank-90", "rank-0", 91_1_-778_3061
Link, 0, MPI_LINK, 0.014686, 0.014949, 0.000263, PTP, "rank-91", "rank-0", 92_1_-778_3093
Link, 0, MPI_LINK, 0.014747, 0.014949, 0.000202, PTP, "rank-92", "rank-0", 93_1_-778_3215
Link, 0, MPI_LINK, 0.014683, 0.014949, 0.000266, PTP, "rank-93", "rank-0", 94_1_-778_3087
Link, 0, MPI_LINK, 0.014729, 0.014949, 0.000220, PTP, "rank-94", "rank-0", 95_1_-778_3174
Link, 0, MPI_LINK, 0.014682, 0.014949, 0.000267, PTP, "rank-95", "rank-0", 96_1_-778_3085
Link, 0, MPI_LINK, 0.014697, 0.014949, 0.000252, PTP, "rank-96", "rank-0", 97_1_-778_3111
Link, 0, MPI_LINK, 0.014672, 0.014949, 0.000277, PTP, "rank-97", "rank-0", 98_1_-778_3063
Link, 0, MPI_LINK, 0.014746, 0.014949, 0.000203, PTP, "rank-98", "rank-0", 99_1_-778_3213
Link, 0, MPI_LINK, 0.014515, 0.014949, 0.000434, PTP, "rank-99", "rank-0", 100_1_-778_3032
Link, 0, MPI_LINK, 0.014781, 0.014949, 0.000168, PTP, "rank-100", "rank-0", 101_1_-778_3302
Link, 0, MPI_LINK, 0.014776, 0.014949, 0.000173, PTP, "rank-101", "rank-0", 102_1_-778_3285
Link, 0, MPI_LINK, 0.014736, 0.014949, 0.000213, PTP, "rank-102", "rank-0", 103_1_-778_3188
Link, 0, MPI_LINK, 0.014821, 0.014949, 0.000128, PTP, "rank-103", "rank-0", 104_1_-778_3350
Link, 0, MPI_LINK, 0.014701, 0.014949, 0.000248, PTP, "rank-104", "rank-0", 105_1_-778_3118
Link, 0, MPI_LINK, 0.014704, 0.014949, 0.000245, PTP, "rank-105", "rank-0", 106_1_-778_3124
Link, 0, MPI_LINK, 0.014733, 0.014949, 0.000216, PTP, "rank-106", "rank-0", 107_1_-778_3181
Link, 0, MPI_LINK, 0.014758, 0.014949, 0.000191, PTP, "rank-107", "rank-0", 108_1_-778_3244
Link, 0, MPI_LINK, 0.014766, 0.014949, 0.000183, PTP, "rank-108", "rank-0", 109_1_-778_3265
Link, 0, MPI_LINK, 0.014742, 0.014949, 0.000207, PTP, "rank-109", "rank-0", 110_1_-778_3202
Link, 0, MPI_LINK, 0.014776, 0.014949, 0.000173, PTP, "rank-110", "rank-0", 111_1_-778_3284
Link, 0, MPI_LINK, 0.014735, 0.014949, 0.000214, PTP, "rank-111", "rank-0", 112_1_-778_3185
Link, 0, MPI_LINK, 0.014761, 0.014949, 0.000188, PTP, "rank-112", "rank-0", 113_1_-778_3253
Link, 0, MPI_LINK, 0.014482, 0.014949, 0.000467, PTP, "rank-113", "rank-0", 114_1_-778_3017
Link, 0, MPI_LINK, 0.014777, 0.014949, 0.000172, PTP, "rank-114", "rank-0", 115_1_-778_3287
Link, 0, MPI_LINK, 0.014538, 0.014949, 0.000411, PTP, "rank-115", "rank-0", 116_1_-778_3041
Link, 0, MPI_LINK, 0.014798, 0.014949, 0.000151, PTP, "rank-116", "rank-0", 117_1_-778_3323
Link, 0, MPI_LINK, 0.014705, 0.014949, 0.000244, PTP, "rank-117", "rank-0", 118_1_-778_3125
Link, 0, MPI_LINK, 0.014748, 0.014949, 0.000201, PTP, "rank-118", "rank-0", 119_1_-778_3221
Link, 0, MPI_LINK, 0.014743, 0.014949, 0.000206, PTP, "rank-119", "rank-0", 120_1_-778_3205
Link, 0, MPI_LINK, 0.014865, 0.014949, 0.000084, PTP, "rank-120", "rank-0", 121_1_-778_3371
Link, 0, MPI_LINK, 0.014516, 0.014949, 0.000433, PTP, "rank-121", "rank-0", 122_1_-778_3034
Link, 0, MPI_LINK, 0.014712, 0.014949, 0.000237, PTP, "rank-122", "rank-0", 123_1_-778_3143
Link, 0, MPI_LINK, 0.014741, 0.014949, 0.000208, PTP, "rank-123", "rank-0", 124_1_-778_3198
Link, 0, MPI_LINK, 0.014810, 0.014949, 0.000139, PTP, "rank-124", "rank-0", 125_1_-778_3337
Link, 0, MPI_LINK, 0.014847, 0.014949, 0.000102, PTP, "rank-125", "rank-0", 126_1_-778_3362
Link, 0, MPI_LINK, 0.014763, 0.014949, 0.000186, PTP, "rank-126", "rank-0", 127_1_-778_3258
Link, 0, MPI_LINK, 0.014706, 0.014949, 0.000243, PTP, "rank-127", "rank-0", 128_1_-778_3127
Link, 0, MPI_LINK, 0.014949, 0.014950, 0.000001, PTP, "rank-0", "rank-15", 1_16_-778_3401
Link, 0, MPI_LINK, 0.014949, 0.014950, 0.000001, PTP, "rank-0", "rank-14", 1_15_-778_3400
Link, 0, MPI_LINK, 0.014949, 0.014950, 0.000001, PTP, "rank-0", "rank-13", 1_14_-778_3399
Link, 0, MPI_LINK, 0.014949, 0.014950, 0.000001, PTP, "rank-0", "rank-12", 1_13_-778_3398
Link, 0, MPI_LINK, 0.014949, 0.014950, 0.000001, PTP, "rank-0", "rank-11", 1_12_-778_3397
Link, 0, MPI_LINK, 0.014949, 0.014950, 0.000001, PTP, "rank-0", "rank-10", 1_11_-778_3396
Link, 0, MPI_LINK, 0.014949, 0.014950, 0.000001, PTP, "rank-0", "rank-9", 1_10_-778_3395
Link, 0, MPI_LINK, 0.014949, 0.014950, 0.000001, PTP, "rank-0", "rank-8", 1_9_-778_3394
Link, 0, MPI_LINK, 0.014949, 0.014950, 0.000001, PTP, "rank-0", "rank-7", 1_8_-778_3393
Link, 0, MPI_LINK, 0.014949, 0.014950, 0.000001, PTP, "rank-0", "rank-6", 1_7_-778_3392
Link, 0, MPI_LINK, 0.014949, 0.014950, 0.000001, PTP, "rank-0", "rank-5", 1_6_-778_3391
Link, 0, MPI_LINK, 0.014949, 0.014950, 0.000001, PTP, "rank-0", "rank-4", 1_5_-778_3390
Link, 0, MPI_LINK, 0.014949, 0.014950, 0.000001, PTP, "rank-0", "rank-3", 1_4_-778_3389
Link, 0, MPI_LINK, 0.014949, 0.014950, 0.000001, PTP, "rank-0", "rank-2", 1_3_-778_3388
Link, 0, MPI_LINK, 0.014949, 0.014950, 0.000001, PTP, "rank-0", "rank-1", 1_2_-778_3387
Link, 0, MPI_LINK, 0.014949, 0.014950, 0.000001, PTP, "rank-0", "rank-127", 1_128_-778_3513
Link, 0, MPI_LINK, 0.014949, 0.014950, 0.000001, PTP, "rank-0", "rank-126", 1_127_-778_3512
Link, 0, MPI_LINK, 0.014949, 0.014950, 0.000001, PTP, "rank-0", "rank-125", 1_126_-778_3511
Link, 0, MPI_LINK, 0.014949, 0.014950, 0.000001, PTP, "rank-0", "rank-124", 1_125_-778_3510
Link, 0, MPI_LINK, 0.014949, 0.014950, 0.000001, PTP, "rank-0", "rank-123", 1_124_-778_3509
Link, 0, MPI_LINK, 0.014949, 0.014950, 0.000001, PTP, "rank-0", "rank-122", 1_123_-778_3508
Link, 0, MPI_LINK, 0.014949, 0.014950, 0.000001, PTP, "rank-0", "rank-121", 1_122_-778_3507
Link, 0, MPI_LINK, 0.014949, 0.014950, 0.000001, PTP, "rank-0", "rank-120", 1_121_-778_3506
Link, 0, MPI_LINK, 0.014949, 0.014950, 0.000001, PTP, "rank-0", "rank-119", 1_120_-778_3505
Link, 0, MPI_LINK, 0.014949, 0.014950, 0.000001, PTP, "rank-0", "rank-118", 1_119_-778_3504
Link, 0, MPI_LINK, 0.014949, 0.014950, 0.000001, PTP, "rank-0", "rank-117", 1_118_-778_3503
Link, 0, MPI_LINK, 0.014949, 0.014950, 0.000001, PTP, "rank-0", "rank-116", 1_117_-778_3502
Link, 0, MPI_LINK, 0.014949, 0.014950, 0.000001, PTP, "rank-0", "rank-115", 1_116_-778_3501
Link, 0, MPI_LINK, 0.014949, 0.014950, 0.000001, PTP, "rank-0", "rank-114", 1_115_-778_3500
Link, 0, MPI_LINK, 0.014949, 0.014950, 0.000001, PTP, "rank-0", "rank-113", 1_114_-778_3499
Link, 0, MPI_LINK, 0.014949, 0.014950, 0.000001, PTP, "rank-0", "rank-112", 1_113_-778_3498
Link, 0, MPI_LINK, 0.014949, 0.014950, 0.000001, PTP, "rank-0", "rank-111", 1_112_-778_3497
Link, 0, MPI_LINK, 0.014949, 0.014950, 0.000001, PTP, "rank-0", "rank-110", 1_111_-778_3496
Link, 0, MPI_LINK, 0.014949, 0.014950, 0.000001, PTP, "rank-0", "rank-109", 1_110_-778_3495
Link, 0, MPI_LINK, 0.014949, 0.014950, 0.000001, PTP, "rank-0", "rank-108", 1_109_-778_3494
Link, 0, MPI_LINK, 0.014949, 0.014950, 0.000001, PTP, "rank-0", "rank-107", 1_108_-778_3493
Link, 0, MPI_LINK, 0.014949, 0.014950, 0.000001, PTP, "rank-0", "rank-106", 1_107_-778_3492
Link, 0, MPI_LINK, 0.014949, 0.014950, 0.000001, PTP, "rank-0", "rank-105", 1_106_-778_3491
Link, 0, MPI_LINK, 0.014949, 0.014950, 0.000001, PTP, "rank-0", "rank-104", 1_105_-778_3490
Link, 0, MPI_LINK, 0.014949, 0.014950, 0.000001, PTP, "rank-0", "rank-103", 1_104_-778_3489
Link, 0, MPI_LINK, 0.014949, 0.014950, 0.000001, PTP, "rank-0", "rank-102", 1_103_-778_3488
Link, 0, MPI_LINK, 0.014949, 0.014950, 0.000001, PTP, "rank-0", "rank-101", 1_102_-778_3487
Link, 0, MPI_LINK, 0.014949, 0.014950, 0.000001, PTP, "rank-0", "rank-100", 1_101_-778_3486
Link, 0, MPI_LINK, 0.014949, 0.014950, 0.000001, PTP, "rank-0", "rank-99", 1_100_-778_3485
Link, 0, MPI_LINK, 0.014949, 0.014950, 0.000001, PTP, "rank-0", "rank-98", 1_99_-778_3484
Link, 0, MPI_LINK, 0.014949, 0.014950, 0.000001, PTP, "rank-0", "rank-97", 1_98_-778_3483
Link, 0, MPI_LINK, 0.014949, 0.014950, 0.000001, PTP, "rank-0", "rank-96", 1_97_-778_3482
Link, 0, MPI_LINK, 0.014949, 0.014950, 0.000001, PTP, "rank-0", "rank-95", 1_96_-778_3481
Link, 0, MPI_LINK, 0.014949, 0.014950, 0.000001, PTP, "rank-0", "rank-94", 1_95_-778_3480
Link, 0, MPI_LINK, 0.014949, 0.014950, 0.000001, PTP, "rank-0", "rank-93", 1_94_-778_3479
Link, 0, MPI_LINK, 0.014949, 0.014950, 0.000001, PTP, "rank-0", "rank-92", 1_93_-778_3478
Link, 0, MPI_LINK, 0.014949, 0.014950, 0.000001, PTP, "rank-0", "rank-91", 1_92_-778_3477
Link, 0, MPI_LINK, 0.014949, 0.014950, 0.000001, PTP, "rank-0", "rank-90", 1_91_-778_3476
Link, 0, MPI_LINK, 0.014949, 0.014950, 0.000001, PTP, "rank-0", "rank-89", 1_90_-778_3475
Link, 0, MPI_LINK, 0.014949, 0.014950, 0.000001, PTP, "rank-0", "rank-88", 1_89_-778_3474
Link, 0, MPI_LINK, 0.014949, 0.014950, 0.000001, PTP, "rank-0", "rank-87", 1_88_-778_3473
Link, 0, MPI_LINK, 0.014949, 0.014950, 0.000001, PTP, "rank-0", "rank-86", 1_87_-778_3472
Link, 0, MPI_LINK, 0.014949, 0.014950, 0.000001, PTP, "rank-0", "rank-85", 1_86_-778_3471
Link, 0, MPI_LINK, 0.014949, 0.014950, 0.000001, PTP, "rank-0", "rank-84", 1_85_-778_3470
Link, 0, MPI_LINK, 0.014949, 0.014950, 0.000001, PTP, "rank-0", "rank-83", 1_84_-778_3469
Link, 0, MPI_LINK, 0.014949, 0.014950, 0.000001, PTP, "rank-0", "rank-82", 1_83_-778_3468
Link, 0, MPI_LINK, 0.014949, 0.014950, 0.000001, PTP, "rank-0", "rank-81", 1_82_-778_3467
Link, 0, MPI_LINK, 0.014949, 0.014950, 0.000001, PTP, "rank-0", "rank-80", 1_81_-778_3466
Link, 0, MPI_LINK, 0.014949, 0.014950, 0.000001, PTP, "rank-0", "rank-79", 1_80_-778_3465
Link, 0, MPI_LINK, 0.014949, 0.014950, 0.000001, PTP, "rank-0", "rank-78", 1_79_-778_3464
Link, 0, MPI_LINK, 0.014949, 0.014950, 0.000001, PTP, "rank-0", "rank-77", 1_78_-778_3463
Link, 0, MPI_LINK, 0.014949, 0.014950, 0.000001, PTP, "rank-0", "rank-76", 1_77_-778_3462
Link, 0, MPI_LINK, 0.014949, 0.014950, 0.000001, PTP, "rank-0", "rank-75", 1_76_-778_3461
Link, 0, MPI_LINK, 0.014949, 0.014950, 0.000001, PTP, "rank-0", "rank-74", 1_75_-778_3460
Link, 0, MPI_LINK, 0.014949, 0.014950, 0.000001, PTP, "rank-0", "rank-73", 1_74_-778_3459
Link, 0, MPI_LINK, 0.014949, 0.014950, 0.000001, PTP, "rank-0", "rank-72", 1_73_-778_3458
Link, 0, MPI_LINK, 0.014949, 0.014950, 0.000001, PTP, "rank-0", "rank-71", 1_72_-778_3457
Link, 0, MPI_LINK, 0.014949, 0.014950, 0.000001, PTP, "rank-0", "rank-70", 1_71_-778_3456
Link, 0, MPI_LINK, 0.014949, 0.014950, 0.000001, PTP, "rank-0", "rank-69", 1_70_-778_3455
Link, 0, MPI_LINK, 0.014949, 0.014950, 0.000001, PTP, "rank-0", "rank-68", 1_69_-778_3454
Link, 0, MPI_LINK, 0.014949, 0.014950, 0.000001, PTP, "rank-0", "rank-67", 1_68_-778_3453
Link, 0, MPI_LINK, 0.014949, 0.014950, 0.000001, PTP, "rank-0", "rank-66", 1_67_-778_3452
Link, 0, MPI_LINK, 0.014949, 0.014950, 0.000001, PTP, "rank-0", "rank-65", 1_66_-778_3451
Link, 0, MPI_LINK, 0.014949, 0.014950, 0.000001, PTP, "rank-0", "rank-64", 1_65_-778_3450
Link, 0, MPI_LINK, 0.014949, 0.014950, 0.000001, PTP, "rank-0", "rank-63", 1_64_-778_3449
Link, 0, MPI_LINK, 0.014949, 0.014950, 0.000001, PTP, "rank-0", "rank-62", 1_63_-778_3448
Link, 0, MPI_LINK, 0.014949, 0.014950, 0.000001, PTP, "rank-0", "rank-61", 1_62_-778_3447
Link, 0, MPI_LINK, 0.014949, 0.014950, 0.000001, PTP, "rank-0", "rank-60", 1_61_-778_3446
Link, 0, MPI_LINK, 0.014949, 0.014950, 0.000001, PTP, "rank-0", "rank-59", 1_60_-778_3445
Link, 0, MPI_LINK, 0.014949, 0.014950, 0.000001, PTP, "rank-0", "rank-58", 1_59_-778_3444
Link, 0, MPI_LINK, 0.014949, 0.014950, 0.000001, PTP, "rank-0", "rank-57", 1_58_-778_3443
Link, 0, MPI_LINK, 0.014949, 0.014950, 0.000001, PTP, "rank-0", "rank-56", 1_57_-778_3442
Link, 0, MPI_LINK, 0.014949, 0.014950, 0.000001, PTP, "rank-0", "rank-55", 1_56_-778_3441
Link, 0, MPI_LINK, 0.014949, 0.014950, 0.000001, PTP, "rank-0", "rank-54", 1_55_-778_3440
Link, 0, MPI_LINK, 0.014949, 0.014950, 0.000001, PTP, "rank-0", "rank-53", 1_54_-778_3439
Link, 0, MPI_LINK, 0.014949, 0.014950, 0.000001, PTP, "rank-0", "rank-52", 1_53_-778_3438
Link, 0, MPI_LINK, 0.014949, 0.014950, 0.000001, PTP, "rank-0", "rank-51", 1_52_-778_3437
Link, 0, MPI_LINK, 0.014949, 0.014950, 0.000001, PTP, "rank-0", "rank-50", 1_51_-778_3436
Link, 0, MPI_LINK, 0.014949, 0.014950, 0.000001, PTP, "rank-0", "rank-49", 1_50_-778_3435
Link, 0, MPI_LINK, 0.014949, 0.014950, 0.000001, PTP, "rank-0", "rank-48", 1_49_-778_3434
Link, 0, MPI_LINK, 0.014949, 0.014950, 0.000001, PTP, "rank-0", "rank-47", 1_48_-778_3433
Link, 0, MPI_LINK, 0.014949, 0.014950, 0.000001, PTP, "rank-0", "rank-46", 1_47_-778_3432
Link, 0, MPI_LINK, 0.014949, 0.014950, 0.000001, PTP, "rank-0", "rank-45", 1_46_-778_3431
Link, 0, MPI_LINK, 0.014949, 0.014950, 0.000001, PTP, "rank-0", "rank-44", 1_45_-778_3430
Link, 0, MPI_LINK, 0.014949, 0.014950, 0.000001, PTP, "rank-0", "rank-43", 1_44_-778_3429
Link, 0, MPI_LINK, 0.014949, 0.014950, 0.000001, PTP, "rank-0", "rank-42", 1_43_-778_3428
Link, 0, MPI_LINK, 0.014949, 0.014950, 0.000001, PTP, "rank-0", "rank-41", 1_42_-778_3427
Link, 0, MPI_LINK, 0.014949, 0.014950, 0.000001, PTP, "rank-0", "rank-40", 1_41_-778_3426
Link, 0, MPI_LINK, 0.014949, 0.014950, 0.000001, PTP, "rank-0", "rank-39", 1_40_-778_3425
Link, 0, MPI_LINK, 0.014949, 0.014950, 0.000001, PTP, "rank-0", "rank-38", 1_39_-778_3424
Link, 0, MPI_LINK, 0.014949, 0.014950, 0.000001, PTP, "rank-0", "rank-37", 1_38_-778_3423
Link, 0, MPI_LINK, 0.014949, 0.014950, 0.000001, PTP, "rank-0", "rank-36", 1_37_-778_3422
Link, 0, MPI_LINK, 0.014949, 0.014950, 0.000001, PTP, "rank-0", "rank-35", 1_36_-778_3421
Link, 0, MPI_LINK, 0.014949, 0.014950, 0.000001, PTP, "rank-0", "rank-34", 1_35_-778_3420
Link, 0, MPI_LINK, 0.014949, 0.014950, 0.000001, PTP, "rank-0", "rank-33", 1_34_-778_3419
Link, 0, MPI_LINK, 0.014949, 0.014950, 0.000001, PTP, "rank-0", "rank-32", 1_33_-778_3418
Link, 0, MPI_LINK, 0.014949, 0.014950, 0.000001, PTP, "rank-0", "rank-31", 1_32_-778_3417
Link, 0, MPI_LINK, 0.014949, 0.014950, 0.000001, PTP, "rank-0", "rank-30", 1_31_-778_3416
Link, 0, MPI_LINK, 0.014949, 0.014950, 0.000001, PTP, "rank-0", "rank-29", 1_30_-778_3415
Link, 0, MPI_LINK, 0.014949, 0.014950, 0.000001, PTP, "rank-0", "rank-28", 1_29_-778_3414
Link, 0, MPI_LINK, 0.014949, 0.014950, 0.000001, PTP, "rank-0", "rank-27", 1_28_-778_3413
Link, 0, MPI_LINK, 0.014949, 0.014950, 0.000001, PTP, "rank-0", "rank-26", 1_27_-778_3412
Link, 0, MPI_LINK, 0.014949, 0.014950, 0.000001, PTP, "rank-0", "rank-25", 1_26_-778_3411
Link, 0, MPI_LINK, 0.014949, 0.014950, 0.000001, PTP, "rank-0", "rank-24", 1_25_-778_3410
Link, 0, MPI_LINK, 0.014949, 0.014950, 0.000001, PTP, "rank-0", "rank-23", 1_24_-778_3409
Link, 0, MPI_LINK, 0.014949, 0.014950, 0.000001, PTP, "rank-0", "rank-22", 1_23_-778_3408
Link, 0, MPI_LINK, 0.014949, 0.014950, 0.000001, PTP, "rank-0", "rank-21", 1_22_-778_3407
Link, 0, MPI_LINK, 0.014949, 0.014950, 0.000001, PTP, "rank-0", "rank-20", 1_21_-778_3406
Link, 0, MPI_LINK, 0.014949, 0.014950, 0.000001, PTP, "rank-0", "rank-19", 1_20_-778_3405
Link, 0, MPI_LINK, 0.014949, 0.014950, 0.000001, PTP, "rank-0", "rank-18", 1_19_-778_3404
Link, 0, MPI_LINK, 0.014949, 0.014950, 0.000001, PTP, "rank-0", "rank-17", 1_18_-778_3403
Link, 0, MPI_LINK, 0.014949, 0.014950, 0.000001, PTP, "rank-0", "rank-16", 1_17_-778_3402
Container, 0, MPI, 0, 0.014951, 0.014951, "rank-98"
State, "rank-98", MPI_STATE, 0.000000, 0.000000, 0.000000, 0.000000, PMPI_Init
State, "rank-98", MPI_STATE, 0.000035, 0.000408, 0.000373, 0.000000, PMPI_Barrier
State, "rank-98", MPI_STATE, 0.000411, 0.000923, 0.000512, 0.000000, PMPI_Scatter
State, "rank-98", MPI_STATE, 0.000929, 0.000938, 0.000009, 0.000000, PMPI_Sendrecv
State, "rank-98", MPI_STATE, 0.000940, 0.000957, 0.000017, 0.000000, PMPI_Sendrecv
State, "rank-98", MPI_STATE, 0.000958, 0.000984, 0.000026, 0.000000, PMPI_Sendrecv
State, "rank-98", MPI_STATE, 0.000986, 0.001038, 0.000052, 0.000000, PMPI_Sendrecv
State, "rank-98", MPI_STATE, 0.001040, 0.002542, 0.001502, 0.000000, PMPI_Sendrecv
State, "rank-98", MPI_STATE, 0.002545, 0.005541, 0.002996, 0.000000, PMPI_Sendrecv
State, "rank-98", MPI_STATE, 0.005543, 0.011536, 0.005993, 0.000000, PMPI_Sendrecv
State, "rank-98", MPI_STATE, 0.014742, 0.014742, 0.000000, 0.000000, PMPI_Reduce
State, "rank-98", MPI_STATE, 0.014744, 0.014744, 0.000000, 0.000000, PMPI_Reduce
State, "rank-98", MPI_STATE, 0.014746, 0.014950, 0.000204, 0.000000, PMPI_Barrier
State, "rank-98", MPI_STATE, 0.014951, 0.014951, 0.000000, 0.000000, PMPI_Finalize
Container, 0, MPI, 0, 0.014952, 0.014952, "rank-97"
State, "rank-97", MPI_STATE, 0.000000, 0.000000, 0.000000, 0.000000, PMPI_Init
State, "rank-97", MPI_STATE, 0.000036, 0.000408, 0.000372, 0.000000, PMPI_Barrier
State, "rank-97", MPI_STATE, 0.000412, 0.000923, 0.000511, 0.000000, PMPI_Scatter
State, "rank-97", MPI_STATE, 0.000928, 0.000937, 0.000009, 0.000000, PMPI_Sendrecv
State, "rank-97", MPI_STATE, 0.000939, 0.000954, 0.000015, 0.000000, PMPI_Sendrecv
State, "rank-97", MPI_STATE, 0.000957, 0.000983, 0.000026, 0.000000, PMPI_Sendrecv
State, "rank-97", MPI_STATE, 0.000985, 0.001037, 0.000052, 0.000000, PMPI_Sendrecv
State, "rank-97", MPI_STATE, 0.001038, 0.002532, 0.001494, 0.000000, PMPI_Sendrecv
State, "rank-97", MPI_STATE, 0.002534, 0.005536, 0.003002, 0.000000, PMPI_Sendrecv
State, "rank-97", MPI_STATE, 0.005538, 0.011509, 0.005971, 0.000000, PMPI_Sendrecv
State, "rank-97", MPI_STATE, 0.014667, 0.014667, 0.000000, 0.000000, PMPI_Reduce
State, "rank-97", MPI_STATE, 0.014671, 0.014671, 0.000000, 0.000000, PMPI_Reduce
State, "rank-97", MPI_STATE, 0.014672, 0.014950, 0.000278, 0.000000, PMPI_Barrier
State, "rank-97", MPI_STATE, 0.014952, 0.014952, 0.000000, 0.000000, PMPI_Finalize
Container, 0, MPI, 0, 0.014952, 0.014952, "rank-96"
State, "rank-96", MPI_STATE, 0.000000, 0.000000, 0.000000, 0.000000, PMPI_Init
State, "rank-96", MPI_STATE, 0.000035, 0.000408, 0.000373, 0.000000, PMPI_Barrier
State, "rank-96", MPI_STATE, 0.000413, 0.000923, 0.000510, 0.000000, PMPI_Scatter
State, "rank-96", MPI_STATE, 0.000929, 0.000937, 0.000008, 0.000000, PMPI_Sendrecv
State, "rank-96", MPI_STATE, 0.000943, 0.000957, 0.000014, 0.000000, PMPI_Sendrecv
State, "rank-96", MPI_STATE, 0.000957, 0.000984, 0.000027, 0.000000, PMPI_Sendrecv
State, "rank-96", MPI_STATE, 0.000985, 0.001037, 0.000052, 0.000000, PMPI_Sendrecv
State, "rank-96", MPI_STATE, 0.001038, 0.002542, 0.001504, 0.000000, PMPI_Sendrecv
State, "rank-96", MPI_STATE, 0.002544, 0.005541, 0.002997, 0.000000, PMPI_Sendrecv
State, "rank-96", MPI_STATE, 0.005543, 0.011536, 0.005993, 0.000000, PMPI_Sendrecv
State, "rank-96", MPI_STATE, 0.014692, 0.014692, 0.000000, 0.000000, PMPI_Reduce
State, "rank-96", MPI_STATE, 0.014694, 0.014694, 0.000000, 0.000000, PMPI_Reduce
State, "rank-96", MPI_STATE, 0.014697, 0.014950, 0.000253, 0.000000, PMPI_Barrier
State, "rank-96", MPI_STATE, 0.014952, 0.014952, 0.000000, 0.000000, PMPI_Finalize
Container, 0, MPI, 0, 0.014952, 0.014952, "rank-95"
State, "rank-95", MPI_STATE, 0.000000, 0.000000, 0.000000, 0.000000, PMPI_Init
State, "rank-95", MPI_STATE, 0.000037, 0.000408, 0.000371, 0.000000, PMPI_Barrier
State, "rank-95", MPI_STATE, 0.000412, 0.000923, 0.000511, 0.000000, PMPI_Scatter
State, "rank-95", MPI_STATE, 0.000929, 0.000938, 0.000009, 0.000000, PMPI_Sendrecv
State, "rank-95", MPI_STATE, 0.000940, 0.000956, 0.000016, 0.000000, PMPI_Sendrecv
State, "rank-95", MPI_STATE, 0.000959, 0.000985, 0.000026, 0.000000, PMPI_Sendrecv
State, "rank-95", MPI_STATE, 0.000987, 0.001036, 0.000049, 0.000000, PMPI_Sendrecv
State, "rank-95", MPI_STATE, 0.001037, 0.002539, 0.001502, 0.000000, PMPI_Sendrecv
State, "rank-95", MPI_STATE, 0.002541, 0.005539, 0.002998, 0.000000, PMPI_Sendrecv
State, "rank-95", MPI_STATE, 0.005541, 0.011533, 0.005992, 0.000000, PMPI_Sendrecv
State, "rank-95", MPI_STATE, 0.014677, 0.014677, 0.000000, 0.000000, PMPI_Reduce
State, "rank-95", MPI_STATE, 0.014680, 0.014680, 0.000000, 0.000000, PMPI_Reduce
State, "rank-95", MPI_STATE, 0.014682, 0.014950, 0.000268, 0.000000, PMPI_Barrier
State, "rank-95", MPI_STATE, 0.014952, 0.014952, 0.000000, 0.000000, PMPI_Finalize
Container, 0, MPI, 0, 0.014951, 0.014951, "rank-94"
State, "rank-94", MPI_STATE, 0.000000, 0.000000, 0.000000, 0.000000, PMPI_Init
State, "rank-94", MPI_STATE, 0.000038, 0.000408, 0.000370, 0.000000, PMPI_Barrier
State, "rank-94", MPI_STATE, 0.000412, 0.000923, 0.000511, 0.000000, PMPI_Scatter
State, "rank-94", MPI_STATE, 0.000930, 0.000938, 0.000008, 0.000000, PMPI_Sendrecv
State, "rank-94", MPI_STATE, 0.000939, 0.000956, 0.000017, 0.000000, PMPI_Sendrecv
State, "rank-94", MPI_STATE, 0.000958, 0.000984, 0.000026, 0.000000, PMPI_Sendrecv
State, "rank-94", MPI_STATE, 0.000985, 0.001037, 0.000052, 0.000000, PMPI_Sendrecv
State, "rank-94", MPI_STATE, 0.001039, 0.002540, 0.001501, 0.000000, PMPI_Sendrecv
State, "rank-94", MPI_STATE, 0.002542, 0.005542, 0.003000, 0.000000, PMPI_Sendrecv
State, "rank-94", MPI_STATE, 0.005544, 0.011533, 0.005989, 0.000000, PMPI_Sendrecv
State, "rank-94", MPI_STATE, 0.014724, 0.014724, 0.000000, 0.000000, PMPI_Reduce
State, "rank-94", MPI_STATE, 0.014727, 0.014727, 0.000000, 0.000000, PMPI_Reduce
State, "rank-94", MPI_STATE, 0.014729, 0.014950, 0.000221, 0.000000, PMPI_Barrier
State, "rank-94", MPI_STATE, 0.014951, 0.014951, 0.000000, 0.000000, PMPI_Finalize
Container, 0, MPI, 0, 0.014953, 0.014953, "rank-93"
State, "rank-93", MPI_STATE, 0.000000, 0.000000, 0.000000, 0.000000, PMPI_Init
State, "rank-93", MPI_STATE, 0.000034, 0.000408, 0.000374, 0.000000, PMPI_Barrier
State, "rank-93", MPI_STATE, 0.000409, 0.000923, 0.000514, 0.000000, PMPI_Scatter
State, "rank-93", MPI_STATE, 0.000932, 0.000940, 0.000008, 0.000000, PMPI_Sendrecv
State, "rank-93", MPI_STATE, 0.000942, 0.000956, 0.000014, 0.000000, PMPI_Sendrecv
State, "rank-93", MPI_STATE, 0.000958, 0.000984, 0.000026, 0.000000, PMPI_Sendrecv
State, "rank-93", MPI_STATE, 0.000985, 0.001035, 0.000050, 0.000000, PMPI_Sendrecv
State, "rank-93", MPI_STATE, 0.001037, 0.002539, 0.001502, 0.000000, PMPI_Sendrecv
State, "rank-93", MPI_STATE, 0.002541, 0.005541, 0.003000, 0.000000, PMPI_Sendrecv
State, "rank-93", MPI_STATE, 0.005543, 0.011533, 0.005990, 0.000000, PMPI_Sendrecv
State, "rank-93", MPI_STATE, 0.014679, 0.014679, 0.000000, 0.000000, PMPI_Reduce
State, "rank-93", MPI_STATE, 0.014681, 0.014681, 0.000000, 0.000000, PMPI_Reduce
State, "rank-93", MPI_STATE, 0.014683, 0.014950, 0.000267, 0.000000, PMPI_Barrier
State, "rank-93", MPI_STATE, 0.014953, 0.014953, 0.000000, 0.000000, PMPI_Finalize
Container, 0, MPI, 0, 0.014952, 0.014952, "rank-92"
State, "rank-92", MPI_STATE, 0.000000, 0.000000, 0.000000, 0.000000, PMPI_Init
State, "rank-92", MPI_STATE, 0.000034, 0.000408, 0.000374, 0.000000, PMPI_Barrier
State, "rank-92", MPI_STATE, 0.000412, 0.000923, 0.000511, 0.000000, PMPI_Scatter
State, "rank-92", MPI_STATE, 0.000929, 0.000940, 0.000011, 0.000000, PMPI_Sendrecv
State, "rank-92", MPI_STATE, 0.000942, 0.000956, 0.000014, 0.000000, PMPI_Sendrecv
State, "rank-92", MPI_STATE, 0.000959, 0.000985, 0.000026, 0.000000, PMPI_Sendrecv
State, "rank-92", MPI_STATE, 0.000986, 0.001036, 0.000050, 0.000000, PMPI_Sendrecv
State, "rank-92", MPI_STATE, 0.001039, 0.002540, 0.001501, 0.000000, PMPI_Sendrecv
State, "rank-92", MPI_STATE, 0.002542, 0.005542, 0.003000, 0.000000, PMPI_Sendrecv
State, "rank-92", MPI_STATE, 0.005544, 0.011534, 0.005990, 0.000000, PMPI_Sendrecv
State, "rank-92", MPI_STATE, 0.014744, 0.014744, 0.000000, 0.000000, PMPI_Reduce
State, "rank-92", MPI_STATE, 0.014746, 0.014746, 0.000000, 0.000000, PMPI_Reduce
State, "rank-92", MPI_STATE, 0.014747, 0.014950, 0.000203, 0.000000, PMPI_Barrier
State, "rank-92", MPI_STATE, 0.014952, 0.014952, 0.000000, 0.000000, PMPI_Finalize
Container, 0, MPI, 0, 0.014952, 0.014952, "rank-91"
State, "rank-91", MPI_STATE, 0.000000, 0.000000, 0.000000, 0.000000, PMPI_Init
State, "rank-91", MPI_STATE, 0.000034, 0.000408, 0.000374, 0.000000, PMPI_Barrier
State, "rank-91", MPI_STATE, 0.000412, 0.000923, 0.000511, 0.000000, PMPI_Scatter
State, "rank-91", MPI_STATE, 0.000932, 0.000940, 0.000008, 0.000000, PMPI_Sendrecv
State, "rank-91", MPI_STATE, 0.000941, 0.000955, 0.000014, 0.000000, PMPI_Sendrecv
State, "rank-91", MPI_STATE, 0.000956, 0.000985, 0.000029, 0.000000, PMPI_Sendrecv
State, "rank-91", MPI_STATE, 0.000987, 0.001036, 0.000049, 0.000000, PMPI_Sendrecv
State, "rank-91", MPI_STATE, 0.001038, 0.002539, 0.001501, 0.000000, PMPI_Sendrecv
State, "rank-91", MPI_STATE, 0.002541, 0.005539, 0.002998, 0.000000, PMPI_Sendrecv
State, "rank-91", MPI_STATE, 0.005541, 0.011532, 0.005991, 0.000000, PMPI_Sendrecv
State, "rank-91", MPI_STATE, 0.014681, 0.014681, 0.000000, 0.000000, PMPI_Reduce
State, "rank-91", MPI_STATE, 0.014684, 0.014684, 0.000000, 0.000000, PMPI_Reduce
State, "rank-91", MPI_STATE, 0.014686, 0.014950, 0.000264, 0.000000, PMPI_Barrier
State, "rank-91", MPI_STATE, 0.014952, 0.014952, 0.000000, 0.000000, PMPI_Finalize
Container, 0, MPI, 0, 0.014952, 0.014952, "rank-90"
State, "rank-90", MPI_STATE, 0.000000, 0.000000, 0.000000, 0.000000, PMPI_Init
State, "rank-90", MPI_STATE, 0.000035, 0.000408, 0.000373, 0.000000, PMPI_Barrier
State, "rank-90", MPI_STATE, 0.000412, 0.000923, 0.000511, 0.000000, PMPI_Scatter
State, "rank-90", MPI_STATE, 0.000930, 0.000940, 0.000010, 0.000000, PMPI_Sendrecv
State, "rank-90", MPI_STATE, 0.000942, 0.000956, 0.000014, 0.000000, PMPI_Sendrecv
State, "rank-90", MPI_STATE, 0.000958, 0.000984, 0.000026, 0.000000, PMPI_Sendrecv
State, "rank-90", MPI_STATE, 0.000986, 0.001038, 0.000052, 0.000000, PMPI_Sendrecv
State, "rank-90", MPI_STATE, 0.001040, 0.002540, 0.001500, 0.000000, PMPI_Sendrecv
State, "rank-90", MPI_STATE, 0.002541, 0.005541, 0.003000, 0.000000, PMPI_Sendrecv
State, "rank-90", MPI_STATE, 0.005543, 0.011533, 0.005990, 0.000000, PMPI_Sendrecv
State, "rank-90", MPI_STATE, 0.014665, 0.014665, 0.000000, 0.000000, PMPI_Reduce
State, "rank-90", MPI_STATE, 0.014667, 0.014667, 0.000000, 0.000000, PMPI_Reduce
State, "rank-90", MPI_STATE, 0.014670, 0.014950, 0.000280, 0.000000, PMPI_Barrier
State, "rank-90", MPI_STATE, 0.014952, 0.014952, 0.000000, 0.000000, PMPI_Finalize
Container, 0, MPI, 0, 0.014952, 0.014952, "rank-89"
State, "rank-89", MPI_STATE, 0.000000, 0.000000, 0.000000, 0.000000, PMPI_Init
State, "rank-89", MPI_STATE, 0.000036, 0.000408, 0.000372, 0.000000, PMPI_Barrier
State, "rank-89", MPI_STATE, 0.000412, 0.000923, 0.000511, 0.000000, PMPI_Scatter
State, "rank-89", MPI_STATE, 0.000930, 0.000938, 0.000008, 0.000000, PMPI_Sendrecv
State, "rank-89", MPI_STATE, 0.000940, 0.000955, 0.000015, 0.000000, PMPI_Sendrecv
State, "rank-89", MPI_STATE, 0.000957, 0.000984, 0.000027, 0.000000, PMPI_Sendrecv
State, "rank-89", MPI_STATE, 0.000986, 0.001035, 0.000049, 0.000000, PMPI_Sendrecv
State, "rank-89", MPI_STATE, 0.001036, 0.002540, 0.001504, 0.000000, PMPI_Sendrecv
State, "rank-89", MPI_STATE, 0.002541, 0.005538, 0.002997, 0.000000, PMPI_Sendrecv
State, "rank-89", MPI_STATE, 0.005539, 0.011509, 0.005970, 0.000000, PMPI_Sendrecv
State, "rank-89", MPI_STATE, 0.014553, 0.014553, 0.000000, 0.000000, PMPI_Reduce
State, "rank-89", MPI_STATE, 0.014555, 0.014555, 0.000000, 0.000000, PMPI_Reduce
State, "rank-89", MPI_STATE, 0.014556, 0.014950, 0.000394, 0.000000, PMPI_Barrier
State, "rank-89", MPI_STATE, 0.014952, 0.014952, 0.000000, 0.000000, PMPI_Finalize
Container, 0, MPI, 0, 0.014952, 0.014952, "rank-8"
State, "rank-8", MPI_STATE, 0.000000, 0.000000, 0.000000, 0.000000, PMPI_Init
State, "rank-8", MPI_STATE, 0.000043, 0.000407, 0.000364, 0.000000, PMPI_Barrier
State, "rank-8", MPI_STATE, 0.000411, 0.000692, 0.000281, 0.000000, PMPI_Scatter
State, "rank-8", MPI_STATE, 0.000699, 0.000708, 0.000009, 0.000000, PMPI_Sendrecv
State, "rank-8", MPI_STATE, 0.000709, 0.000723, 0.000014, 0.000000, PMPI_Sendrecv
State, "rank-8", MPI_STATE, 0.000725, 0.000756, 0.000031, 0.000000, PMPI_Sendrecv
State, "rank-8", MPI_STATE, 0.000758, 0.001018, 0.000260, 0.000000, PMPI_Sendrecv
State, "rank-8", MPI_STATE, 0.001020, 0.002538, 0.001518, 0.000000, PMPI_Sendrecv
State, "rank-8", MPI_STATE, 0.002541, 0.005541, 0.003000, 0.000000, PMPI_Sendrecv
State, "rank-8", MPI_STATE, 0.005543, 0.011536, 0.005993, 0.000000, PMPI_Sendrecv
State, "rank-8", MPI_STATE, 0.014745, 0.014745, 0.000000, 0.000000, PMPI_Reduce
State, "rank-8", MPI_STATE, 0.014747, 0.014747, 0.000000, 0.000000, PMPI_Reduce
State, "rank-8", MPI_STATE, 0.014749, 0.014950, 0.000201, 0.000000, PMPI_Barrier
State, "rank-8", MPI_STATE, 0.014952, 0.014952, 0.000000, 0.000000, PMPI_Finalize
Container, 0, MPI, 0, 0.014952, 0.014952, "rank-88"
State, "rank-88", MPI_STATE, 0.000000, 0.000000, 0.000000, 0.000000, PMPI_Init
State, "rank-88", MPI_STATE, 0.000036, 0.000408, 0.000372, 0.000000, PMPI_Barrier
State, "rank-88", MPI_STATE, 0.000412, 0.000923, 0.000511, 0.000000, PMPI_Scatter
State, "rank-88", MPI_STATE, 0.000929, 0.000938, 0.000009, 0.000000, PMPI_Sendrecv
State, "rank-88", MPI_STATE, 0.000939, 0.000956, 0.000017, 0.000000, PMPI_Sendrecv
State, "rank-88", MPI_STATE, 0.000957, 0.000985, 0.000028, 0.000000, PMPI_Sendrecv
State, "rank-88", MPI_STATE, 0.000987, 0.001037, 0.000050, 0.000000, PMPI_Sendrecv
State, "rank-88", MPI_STATE, 0.001039, 0.002540, 0.001501, 0.000000, PMPI_Sendrecv
State, "rank-88", MPI_STATE, 0.002542, 0.005542, 0.003000, 0.000000, PMPI_Sendrecv
State, "rank-88", MPI_STATE, 0.005544, 0.011534, 0.005990, 0.000000, PMPI_Sendrecv
State, "rank-88", MPI_STATE, 0.014790, 0.014790, 0.000000, 0.000000, PMPI_Reduce
State, "rank-88", MPI_STATE, 0.014793, 0.014793, 0.000000, 0.000000, PMPI_Reduce
State, "rank-88", MPI_STATE, 0.014796, 0.014950, 0.000154, 0.000000, PMPI_Barrier
State, "rank-88", MPI_STATE, 0.014952, 0.014952, 0.000000, 0.000000, PMPI_Finalize
Container, 0, MPI, 0, 0.014952, 0.014952, "rank-87"
State, "rank-87", MPI_STATE, 0.000000, 0.000000, 0.000000, 0.000000, PMPI_Init
State, "rank-87", MPI_STATE, 0.000049, 0.000408, 0.000359, 0.000000, PMPI_Barrier
State, "rank-87", MPI_STATE, 0.000412, 0.000923, 0.000511, 0.000000, PMPI_Scatter
State, "rank-87", MPI_STATE, 0.000933, 0.000941, 0.000008, 0.000000, PMPI_Sendrecv
State, "rank-87", MPI_STATE, 0.000943, 0.000957, 0.000014, 0.000000, PMPI_Sendrecv
State, "rank-87", MPI_STATE, 0.000959, 0.000985, 0.000026, 0.000000, PMPI_Sendrecv
State, "rank-87", MPI_STATE, 0.000986, 0.001036, 0.000050, 0.000000, PMPI_Sendrecv
State, "rank-87", MPI_STATE, 0.001038, 0.002539, 0.001501, 0.000000, PMPI_Sendrecv
State, "rank-87", MPI_STATE, 0.002541, 0.005539, 0.002998, 0.000000, PMPI_Sendrecv
State, "rank-87", MPI_STATE, 0.005539, 0.011533, 0.005994, 0.000000, PMPI_Sendrecv
State, "rank-87", MPI_STATE, 0.014689, 0.014689, 0.000000, 0.000000, PMPI_Reduce
State, "rank-87", MPI_STATE, 0.014692, 0.014692, 0.000000, 0.000000, PMPI_Reduce
State, "rank-87", MPI_STATE, 0.014693, 0.014950, 0.000257, 0.000000, PMPI_Barrier
State, "rank-87", MPI_STATE, 0.014952, 0.014952, 0.000000, 0.000000, PMPI_Finalize
Container, 0, MPI, 0, 0.014952, 0.014952, "rank-86"
State, "rank-86", MPI_STATE, 0.000000, 0.000000, 0.000000, 0.000000, PMPI_Init
State, "rank-86", MPI_STATE, 0.000034, 0.000408, 0.000374, 0.000000, PMPI_Barrier
State, "rank-86", MPI_STATE, 0.000413, 0.000923, 0.000510, 0.000000, PMPI_Scatter
State, "rank-86", MPI_STATE, 0.000929, 0.000941, 0.000012, 0.000000, PMPI_Sendrecv
State, "rank-86", MPI_STATE, 0.000943, 0.000958, 0.000015, 0.000000, PMPI_Sendrecv
State, "rank-86", MPI_STATE, 0.000960, 0.000986, 0.000026, 0.000000, PMPI_Sendrecv
State, "rank-86", MPI_STATE, 0.000988, 0.001037, 0.000049, 0.000000, PMPI_Sendrecv
State, "rank-86", MPI_STATE, 0.001038, 0.002540, 0.001502, 0.000000, PMPI_Sendrecv
State, "rank-86", MPI_STATE, 0.002542, 0.005542, 0.003000, 0.000000, PMPI_Sendrecv
State, "rank-86", MPI_STATE, 0.005544, 0.011534, 0.005990, 0.000000, PMPI_Sendrecv
State, "rank-86", MPI_STATE, 0.014777, 0.014777, 0.000000, 0.000000, PMPI_Reduce
State, "rank-86", MPI_STATE, 0.014780, 0.014780, 0.000000, 0.000000, PMPI_Reduce
State, "rank-86", MPI_STATE, 0.014782, 0.014950, 0.000168, 0.000000, PMPI_Barrier
State, "rank-86", MPI_STATE, 0.014952, 0.014952, 0.000000, 0.000000, PMPI_Finalize
Container, 0, MPI, 0, 0.014952, 0.014952, "rank-85"
State, "rank-85", MPI_STATE, 0.000000, 0.000000, 0.000000, 0.000000, PMPI_Init
State, "rank-85", MPI_STATE, 0.000041, 0.000408, 0.000367, 0.000000, PMPI_Barrier
State, "rank-85", MPI_STATE, 0.000412, 0.000923, 0.000511, 0.000000, PMPI_Scatter
State, "rank-85", MPI_STATE, 0.000931, 0.000942, 0.000011, 0.000000, PMPI_Sendrecv
State, "rank-85", MPI_STATE, 0.000943, 0.000957, 0.000014, 0.000000, PMPI_Sendrecv
State, "rank-85", MPI_STATE, 0.000958, 0.000984, 0.000026, 0.000000, PMPI_Sendrecv
State, "rank-85", MPI_STATE, 0.000986, 0.001035, 0.000049, 0.000000, PMPI_Sendrecv
State, "rank-85", MPI_STATE, 0.001037, 0.002539, 0.001502, 0.000000, PMPI_Sendrecv
State, "rank-85", MPI_STATE, 0.002541, 0.005540, 0.002999, 0.000000, PMPI_Sendrecv
State, "rank-85", MPI_STATE, 0.005542, 0.011532, 0.005990, 0.000000, PMPI_Sendrecv
State, "rank-85", MPI_STATE, 0.014747, 0.014747, 0.000000, 0.000000, PMPI_Reduce
State, "rank-85", MPI_STATE, 0.014749, 0.014749, 0.000000, 0.000000, PMPI_Reduce
State, "rank-85", MPI_STATE, 0.014750, 0.014950, 0.000200, 0.000000, PMPI_Barrier
State, "rank-85", MPI_STATE, 0.014952, 0.014952, 0.000000, 0.000000, PMPI_Finalize
Container, 0, MPI, 0, 0.014952, 0.014952, "rank-84"
State, "rank-84", MPI_STATE, 0.000000, 0.000000, 0.000000, 0.000000, PMPI_Init
State, "rank-84", MPI_STATE, 0.000034, 0.000408, 0.000374, 0.000000, PMPI_Barrier
State, "rank-84", MPI_STATE, 0.000412, 0.000923, 0.000511, 0.000000, PMPI_Scatter
State, "rank-84", MPI_STATE, 0.000934, 0.000942, 0.000008, 0.000000, PMPI_Sendrecv
State, "rank-84", MPI_STATE, 0.000944, 0.000958, 0.000014, 0.000000, PMPI_Sendrecv
State, "rank-84", MPI_STATE, 0.000960, 0.000986, 0.000026, 0.000000, PMPI_Sendrecv
State, "rank-84", MPI_STATE, 0.000987, 0.001036, 0.000049, 0.000000, PMPI_Sendrecv
State, "rank-84", MPI_STATE, 0.001038, 0.002539, 0.001501, 0.000000, PMPI_Sendrecv
State, "rank-84", MPI_STATE, 0.002541, 0.005541, 0.003000, 0.000000, PMPI_Sendrecv
State, "rank-84", MPI_STATE, 0.005543, 0.011533, 0.005990, 0.000000, PMPI_Sendrecv
State, "rank-84", MPI_STATE, 0.014670, 0.014670, 0.000000, 0.000000, PMPI_Reduce
State, "rank-84", MPI_STATE, 0.014673, 0.014673, 0.000000, 0.000000, PMPI_Reduce
State, "rank-84", MPI_STATE, 0.014675, 0.014950, 0.000275, 0.000000, PMPI_Barrier
State, "rank-84", MPI_STATE, 0.014952, 0.014952, 0.000000, 0.000000, PMPI_Finalize
Container, 0, MPI, 0, 0.014952, 0.014952, "rank-83"
State, "rank-83", MPI_STATE, 0.000000, 0.000000, 0.000000, 0.000000, PMPI_Init
State, "rank-83", MPI_STATE, 0.000059, 0.000408, 0.000349, 0.000000, PMPI_Barrier
State, "rank-83", MPI_STATE, 0.000412, 0.000923, 0.000511, 0.000000, PMPI_Scatter
State, "rank-83", MPI_STATE, 0.000930, 0.000938, 0.000008, 0.000000, PMPI_Sendrecv
State, "rank-83", MPI_STATE, 0.000940, 0.000954, 0.000014, 0.000000, PMPI_Sendrecv
State, "rank-83", MPI_STATE, 0.000956, 0.000985, 0.000029, 0.000000, PMPI_Sendrecv
State, "rank-83", MPI_STATE, 0.000986, 0.001036, 0.000050, 0.000000, PMPI_Sendrecv
State, "rank-83", MPI_STATE, 0.001037, 0.002524, 0.001487, 0.000000, PMPI_Sendrecv
State, "rank-83", MPI_STATE, 0.002526, 0.005538, 0.003012, 0.000000, PMPI_Sendrecv
State, "rank-83", MPI_STATE, 0.005540, 0.011528, 0.005988, 0.000000, PMPI_Sendrecv
State, "rank-83", MPI_STATE, 0.014614, 0.014614, 0.000000, 0.000000, PMPI_Reduce
State, "rank-83", MPI_STATE, 0.014616, 0.014616, 0.000000, 0.000000, PMPI_Reduce
State, "rank-83", MPI_STATE, 0.014619, 0.014950, 0.000331, 0.000000, PMPI_Barrier
State, "rank-83", MPI_STATE, 0.014952, 0.014952, 0.000000, 0.000000, PMPI_Finalize
Container, 0, MPI, 0, 0.014952, 0.014952, "rank-82"
State, "rank-82", MPI_STATE, 0.000000, 0.000000, 0.000000, 0.000000, PMPI_Init
State, "rank-82", MPI_STATE, 0.000042, 0.000408, 0.000366, 0.000000, PMPI_Barrier
State, "rank-82", MPI_STATE, 0.000412, 0.000923, 0.000511, 0.000000, PMPI_Scatter
State, "rank-82", MPI_STATE, 0.000929, 0.000938, 0.000009, 0.000000, PMPI_Sendrecv
State, "rank-82", MPI_STATE, 0.000939, 0.000953, 0.000014, 0.000000, PMPI_Sendrecv
State, "rank-82", MPI_STATE, 0.000955, 0.000986, 0.000031, 0.000000, PMPI_Sendrecv
State, "rank-82", MPI_STATE, 0.000989, 0.001038, 0.000049, 0.000000, PMPI_Sendrecv
State, "rank-82", MPI_STATE, 0.001040, 0.002540, 0.001500, 0.000000, PMPI_Sendrecv
State, "rank-82", MPI_STATE, 0.002541, 0.005542, 0.003001, 0.000000, PMPI_Sendrecv
State, "rank-82", MPI_STATE, 0.005546, 0.011534, 0.005988, 0.000000, PMPI_Sendrecv
State, "rank-82", MPI_STATE, 0.014781, 0.014781, 0.000000, 0.000000, PMPI_Reduce
State, "rank-82", MPI_STATE, 0.014782, 0.014782, 0.000000, 0.000000, PMPI_Reduce
State, "rank-82", MPI_STATE, 0.014784, 0.014950, 0.000166, 0.000000, PMPI_Barrier
State, "rank-82", MPI_STATE, 0.014952, 0.014952, 0.000000, 0.000000, PMPI_Finalize
Container, 0, MPI, 0, 0.014952, 0.014952, "rank-81"
State, "rank-81", MPI_STATE, 0.000000, 0.000000, 0.000000, 0.000000, PMPI_Init
State, "rank-81", MPI_STATE, 0.000038, 0.000408, 0.000370, 0.000000, PMPI_Barrier
State, "rank-81", MPI_STATE, 0.000412, 0.000923, 0.000511, 0.000000, PMPI_Scatter
State, "rank-81", MPI_STATE, 0.000929, 0.000937, 0.000008, 0.000000, PMPI_Sendrecv
State, "rank-81", MPI_STATE, 0.000938, 0.000954, 0.000016, 0.000000, PMPI_Sendrecv
State, "rank-81", MPI_STATE, 0.000956, 0.000984, 0.000028, 0.000000, PMPI_Sendrecv
State, "rank-81", MPI_STATE, 0.000986, 0.001035, 0.000049, 0.000000, PMPI_Sendrecv
State, "rank-81", MPI_STATE, 0.001037, 0.002539, 0.001502, 0.000000, PMPI_Sendrecv
State, "rank-81", MPI_STATE, 0.002540, 0.005526, 0.002986, 0.000000, PMPI_Sendrecv
State, "rank-81", MPI_STATE, 0.005527, 0.011473, 0.005946, 0.000000, PMPI_Sendrecv
State, "rank-81", MPI_STATE, 0.014477, 0.014477, 0.000000, 0.000000, PMPI_Reduce
State, "rank-81", MPI_STATE, 0.014480, 0.014480, 0.000000, 0.000000, PMPI_Reduce
State, "rank-81", MPI_STATE, 0.014481, 0.014950, 0.000469, 0.000000, PMPI_Barrier
State, "rank-81", MPI_STATE, 0.014952, 0.014952, 0.000000, 0.000000, PMPI_Finalize
Container, 0, MPI, 0, 0.014952, 0.014952, "rank-80"
State, "rank-80", MPI_STATE, 0.000000, 0.000000, 0.000000, 0.000000, PMPI_Init
State, "rank-80", MPI_STATE, 0.000039, 0.000408, 0.000369, 0.000000, PMPI_Barrier
State, "rank-80", MPI_STATE, 0.000412, 0.000923, 0.000511, 0.000000, PMPI_Scatter
State, "rank-80", MPI_STATE, 0.000929, 0.000937, 0.000008, 0.000000, PMPI_Sendrecv
State, "rank-80", MPI_STATE, 0.000938, 0.000953, 0.000015, 0.000000, PMPI_Sendrecv
State, "rank-80", MPI_STATE, 0.000956, 0.000986, 0.000030, 0.000000, PMPI_Sendrecv
State, "rank-80", MPI_STATE, 0.000988, 0.001037, 0.000049, 0.000000, PMPI_Sendrecv
State, "rank-80", MPI_STATE, 0.001038, 0.002539, 0.001501, 0.000000, PMPI_Sendrecv
State, "rank-80", MPI_STATE, 0.002540, 0.005542, 0.003002, 0.000000, PMPI_Sendrecv
State, "rank-80", MPI_STATE, 0.005544, 0.011533, 0.005989, 0.000000, PMPI_Sendrecv
State, "rank-80", MPI_STATE, 0.014809, 0.014809, 0.000000, 0.000000, PMPI_Reduce
State, "rank-80", MPI_STATE, 0.014812, 0.014812, 0.000000, 0.000000, PMPI_Reduce
State, "rank-80", MPI_STATE, 0.014814, 0.014950, 0.000136, 0.000000, PMPI_Barrier
State, "rank-80", MPI_STATE, 0.014952, 0.014952, 0.000000, 0.000000, PMPI_Finalize
Container, 0, MPI, 0, 0.014952, 0.014952, "rank-79"
State, "rank-79", MPI_STATE, 0.000000, 0.000000, 0.000000, 0.000000, PMPI_Init
State, "rank-79", MPI_STATE, 0.000046, 0.000408, 0.000362, 0.000000, PMPI_Barrier
State, "rank-79", MPI_STATE, 0.000411, 0.000923, 0.000512, 0.000000, PMPI_Scatter
State, "rank-79", MPI_STATE, 0.000929, 0.000938, 0.000009, 0.000000, PMPI_Sendrecv
State, "rank-79", MPI_STATE, 0.000939, 0.000958, 0.000019, 0.000000, PMPI_Sendrecv
State, "rank-79", MPI_STATE, 0.000960, 0.000986, 0.000026, 0.000000, PMPI_Sendrecv
State, "rank-79", MPI_STATE, 0.000987, 0.001036, 0.000049, 0.000000, PMPI_Sendrecv
State, "rank-79", MPI_STATE, 0.001038, 0.002539, 0.001501, 0.000000, PMPI_Sendrecv
State, "rank-79", MPI_STATE, 0.002540, 0.005521, 0.002981, 0.000000, PMPI_Sendrecv
State, "rank-79", MPI_STATE, 0.005523, 0.011535, 0.006012, 0.000000, PMPI_Sendrecv
State, "rank-79", MPI_STATE, 0.014737, 0.014737, 0.000000, 0.000000, PMPI_Reduce
State, "rank-79", MPI_STATE, 0.014740, 0.014740, 0.000000, 0.000000, PMPI_Reduce
State, "rank-79", MPI_STATE, 0.014742, 0.014950, 0.000208, 0.000000, PMPI_Barrier
State, "rank-79", MPI_STATE, 0.014952, 0.014952, 0.000000, 0.000000, PMPI_Finalize
Container, 0, MPI, 0, 0.014953, 0.014953, "rank-7"
State, "rank-7", MPI_STATE, 0.000000, 0.000000, 0.000000, 0.000000, PMPI_Init
State, "rank-7", MPI_STATE, 0.000042, 0.000407, 0.000365, 0.000000, PMPI_Barrier
State, "rank-7", MPI_STATE, 0.000411, 0.000692, 0.000281, 0.000000, PMPI_Scatter
State, "rank-7", MPI_STATE, 0.000701, 0.000710, 0.000009, 0.000000, PMPI_Sendrecv
State, "rank-7", MPI_STATE, 0.000711, 0.000725, 0.000014, 0.000000, PMPI_Sendrecv
State, "rank-7", MPI_STATE, 0.000727, 0.000969, 0.000242, 0.000000, PMPI_Sendrecv
State, "rank-7", MPI_STATE, 0.000972, 0.001021, 0.000049, 0.000000, PMPI_Sendrecv
State, "rank-7", MPI_STATE, 0.001023, 0.002536, 0.001513, 0.000000, PMPI_Sendrecv
State, "rank-7", MPI_STATE, 0.002538, 0.005541, 0.003003, 0.000000, PMPI_Sendrecv
State, "rank-7", MPI_STATE, 0.005543, 0.011535, 0.005992, 0.000000, PMPI_Sendrecv
State, "rank-7", MPI_STATE, 0.014758, 0.014758, 0.000000, 0.000000, PMPI_Reduce
State, "rank-7", MPI_STATE, 0.014760, 0.014760, 0.000000, 0.000000, PMPI_Reduce
State, "rank-7", MPI_STATE, 0.014763, 0.014950, 0.000187, 0.000000, PMPI_Barrier
State, "rank-7", MPI_STATE, 0.014953, 0.014953, 0.000000, 0.000000, PMPI_Finalize
Container, 0, MPI, 0, 0.014952, 0.014952, "rank-78"
State, "rank-78", MPI_STATE, 0.000000, 0.000000, 0.000000, 0.000000, PMPI_Init
State, "rank-78", MPI_STATE, 0.000038, 0.000408, 0.000370, 0.000000, PMPI_Barrier
State, "rank-78", MPI_STATE, 0.000412, 0.000923, 0.000511, 0.000000, PMPI_Scatter
State, "rank-78", MPI_STATE, 0.000930, 0.000938, 0.000008, 0.000000, PMPI_Sendrecv
State, "rank-78", MPI_STATE, 0.000940, 0.000958, 0.000018, 0.000000, PMPI_Sendrecv
State, "rank-78", MPI_STATE, 0.000960, 0.000986, 0.000026, 0.000000, PMPI_Sendrecv
State, "rank-78", MPI_STATE, 0.000988, 0.001037, 0.000049, 0.000000, PMPI_Sendrecv
State, "rank-78", MPI_STATE, 0.001038, 0.002540, 0.001502, 0.000000, PMPI_Sendrecv
State, "rank-78", MPI_STATE, 0.002541, 0.005541, 0.003000, 0.000000, PMPI_Sendrecv
State, "rank-78", MPI_STATE, 0.005543, 0.011535, 0.005992, 0.000000, PMPI_Sendrecv
State, "rank-78", MPI_STATE, 0.014743, 0.014743, 0.000000, 0.000000, PMPI_Reduce
State, "rank-78", MPI_STATE, 0.014745, 0.014745, 0.000000, 0.000000, PMPI_Reduce
State, "rank-78", MPI_STATE, 0.014747, 0.014950, 0.000203, 0.000000, PMPI_Barrier
State, "rank-78", MPI_STATE, 0.014952, 0.014952, 0.000000, 0.000000, PMPI_Finalize
Container, 0, MPI, 0, 0.014952, 0.014952, "rank-77"
State, "rank-77", MPI_STATE, 0.000000, 0.000000, 0.000000, 0.000000, PMPI_Init
State, "rank-77", MPI_STATE, 0.000038, 0.000408, 0.000370, 0.000000, PMPI_Barrier
State, "rank-77", MPI_STATE, 0.000413, 0.000923, 0.000510, 0.000000, PMPI_Scatter
State, "rank-77", MPI_STATE, 0.000934, 0.000942, 0.000008, 0.000000, PMPI_Sendrecv
State, "rank-77", MPI_STATE, 0.000944, 0.000958, 0.000014, 0.000000, PMPI_Sendrecv
State, "rank-77", MPI_STATE, 0.000960, 0.000986, 0.000026, 0.000000, PMPI_Sendrecv
State, "rank-77", MPI_STATE, 0.000987, 0.001036, 0.000049, 0.000000, PMPI_Sendrecv
State, "rank-77", MPI_STATE, 0.001038, 0.002539, 0.001501, 0.000000, PMPI_Sendrecv
State, "rank-77", MPI_STATE, 0.002540, 0.005540, 0.003000, 0.000000, PMPI_Sendrecv
State, "rank-77", MPI_STATE, 0.005543, 0.011536, 0.005993, 0.000000, PMPI_Sendrecv
State, "rank-77", MPI_STATE, 0.014725, 0.014725, 0.000000, 0.000000, PMPI_Reduce
State, "rank-77", MPI_STATE, 0.014727, 0.014727, 0.000000, 0.000000, PMPI_Reduce
State, "rank-77", MPI_STATE, 0.014729, 0.014950, 0.000221, 0.000000, PMPI_Barrier
State, "rank-77", MPI_STATE, 0.014952, 0.014952, 0.000000, 0.000000, PMPI_Finalize
Container, 0, MPI, 0, 0.014952, 0.014952, "rank-76"
State, "rank-76", MPI_STATE, 0.000000, 0.000000, 0.000000, 0.000000, PMPI_Init
State, "rank-76", MPI_STATE, 0.000039, 0.000408, 0.000369, 0.000000, PMPI_Barrier
State, "rank-76", MPI_STATE, 0.000412, 0.000923, 0.000511, 0.000000, PMPI_Scatter
State, "rank-76", MPI_STATE, 0.000928, 0.000942, 0.000014, 0.000000, PMPI_Sendrecv
State, "rank-76", MPI_STATE, 0.000944, 0.000958, 0.000014, 0.000000, PMPI_Sendrecv
State, "rank-76", MPI_STATE, 0.000959, 0.000985, 0.000026, 0.000000, PMPI_Sendrecv
State, "rank-76", MPI_STATE, 0.000987, 0.001036, 0.000049, 0.000000, PMPI_Sendrecv
State, "rank-76", MPI_STATE, 0.001038, 0.002540, 0.001502, 0.000000, PMPI_Sendrecv
State, "rank-76", MPI_STATE, 0.002542, 0.005541, 0.002999, 0.000000, PMPI_Sendrecv
State, "rank-76", MPI_STATE, 0.005544, 0.011536, 0.005992, 0.000000, PMPI_Sendrecv
State, "rank-76", MPI_STATE, 0.014807, 0.014807, 0.000000, 0.000000, PMPI_Reduce
State, "rank-76", MPI_STATE, 0.014809, 0.014809, 0.000000, 0.000000, PMPI_Reduce
State, "rank-76", MPI_STATE, 0.014811, 0.014950, 0.000139, 0.000000, PMPI_Barrier
State, "rank-76", MPI_STATE, 0.014952, 0.014952, 0.000000, 0.000000, PMPI_Finalize
Container, 0, MPI, 0, 0.014952, 0.014952, "rank-75"
State, "rank-75", MPI_STATE, 0.000000, 0.000000, 0.000000, 0.000000, PMPI_Init
State, "rank-75", MPI_STATE, 0.000039, 0.000408, 0.000369, 0.000000, PMPI_Barrier
State, "rank-75", MPI_STATE, 0.000412, 0.000923, 0.000511, 0.000000, PMPI_Scatter
State, "rank-75", MPI_STATE, 0.000930, 0.000939, 0.000009, 0.000000, PMPI_Sendrecv
State, "rank-75", MPI_STATE, 0.000941, 0.000955, 0.000014, 0.000000, PMPI_Sendrecv
State, "rank-75", MPI_STATE, 0.000957, 0.000986, 0.000029, 0.000000, PMPI_Sendrecv
State, "rank-75", MPI_STATE, 0.000987, 0.001036, 0.000049, 0.000000, PMPI_Sendrecv
State, "rank-75", MPI_STATE, 0.001038, 0.002539, 0.001501, 0.000000, PMPI_Sendrecv
State, "rank-75", MPI_STATE, 0.002541, 0.005536, 0.002995, 0.000000, PMPI_Sendrecv
State, "rank-75", MPI_STATE, 0.005537, 0.011535, 0.005998, 0.000000, PMPI_Sendrecv
State, "rank-75", MPI_STATE, 0.014778, 0.014778, 0.000000, 0.000000, PMPI_Reduce
State, "rank-75", MPI_STATE, 0.014780, 0.014780, 0.000000, 0.000000, PMPI_Reduce
State, "rank-75", MPI_STATE, 0.014782, 0.014950, 0.000168, 0.000000, PMPI_Barrier
State, "rank-75", MPI_STATE, 0.014952, 0.014952, 0.000000, 0.000000, PMPI_Finalize
Container, 0, MPI, 0, 0.014952, 0.014952, "rank-74"
State, "rank-74", MPI_STATE, 0.000000, 0.000000, 0.000000, 0.000000, PMPI_Init
State, "rank-74", MPI_STATE, 0.000039, 0.000408, 0.000369, 0.000000, PMPI_Barrier
State, "rank-74", MPI_STATE, 0.000411, 0.000923, 0.000512, 0.000000, PMPI_Scatter
State, "rank-74", MPI_STATE, 0.000931, 0.000939, 0.000008, 0.000000, PMPI_Sendrecv
State, "rank-74", MPI_STATE, 0.000941, 0.000955, 0.000014, 0.000000, PMPI_Sendrecv
State, "rank-74", MPI_STATE, 0.000956, 0.000986, 0.000030, 0.000000, PMPI_Sendrecv
State, "rank-74", MPI_STATE, 0.000987, 0.001036, 0.000049, 0.000000, PMPI_Sendrecv
State, "rank-74", MPI_STATE, 0.001037, 0.002540, 0.001503, 0.000000, PMPI_Sendrecv
State, "rank-74", MPI_STATE, 0.002542, 0.005540, 0.002998, 0.000000, PMPI_Sendrecv
State, "rank-74", MPI_STATE, 0.005541, 0.011535, 0.005994, 0.000000, PMPI_Sendrecv
State, "rank-74", MPI_STATE, 0.014755, 0.014755, 0.000000, 0.000000, PMPI_Reduce
State, "rank-74", MPI_STATE, 0.014757, 0.014757, 0.000000, 0.000000, PMPI_Reduce
State, "rank-74", MPI_STATE, 0.014758, 0.014950, 0.000192, 0.000000, PMPI_Barrier
State, "rank-74", MPI_STATE, 0.014952, 0.014952, 0.000000, 0.000000, PMPI_Finalize
Container, 0, MPI, 0, 0.014952, 0.014952, "rank-73"
State, "rank-73", MPI_STATE, 0.000000, 0.000000, 0.000000, 0.000000, PMPI_Init
State, "rank-73", MPI_STATE, 0.000038, 0.000408, 0.000370, 0.000000, PMPI_Barrier
State, "rank-73", MPI_STATE, 0.000412, 0.000923, 0.000511, 0.000000, PMPI_Scatter
State, "rank-73", MPI_STATE, 0.000928, 0.000937, 0.000009, 0.000000, PMPI_Sendrecv
State, "rank-73", MPI_STATE, 0.000938, 0.000955, 0.000017, 0.000000, PMPI_Sendrecv
State, "rank-73", MPI_STATE, 0.000956, 0.000986, 0.000030, 0.000000, PMPI_Sendrecv
State, "rank-73", MPI_STATE, 0.000988, 0.001037, 0.000049, 0.000000, PMPI_Sendrecv
State, "rank-73", MPI_STATE, 0.001039, 0.002540, 0.001501, 0.000000, PMPI_Sendrecv
State, "rank-73", MPI_STATE, 0.002543, 0.005541, 0.002998, 0.000000, PMPI_Sendrecv
State, "rank-73", MPI_STATE, 0.005543, 0.011534, 0.005991, 0.000000, PMPI_Sendrecv
State, "rank-73", MPI_STATE, 0.014809, 0.014809, 0.000000, 0.000000, PMPI_Reduce
State, "rank-73", MPI_STATE, 0.014811, 0.014811, 0.000000, 0.000000, PMPI_Reduce
State, "rank-73", MPI_STATE, 0.014813, 0.014950, 0.000137, 0.000000, PMPI_Barrier
State, "rank-73", MPI_STATE, 0.014952, 0.014952, 0.000000, 0.000000, PMPI_Finalize
Container, 0, MPI, 0, 0.014952, 0.014952, "rank-72"
State, "rank-72", MPI_STATE, 0.000000, 0.000000, 0.000000, 0.000000, PMPI_Init
State, "rank-72", MPI_STATE, 0.000038, 0.000408, 0.000370, 0.000000, PMPI_Barrier
State, "rank-72", MPI_STATE, 0.000412, 0.000923, 0.000511, 0.000000, PMPI_Scatter
State, "rank-72", MPI_STATE, 0.000929, 0.000937, 0.000008, 0.000000, PMPI_Sendrecv
State, "rank-72", MPI_STATE, 0.000938, 0.000955, 0.000017, 0.000000, PMPI_Sendrecv
State, "rank-72", MPI_STATE, 0.000956, 0.000985, 0.000029, 0.000000, PMPI_Sendrecv
State, "rank-72", MPI_STATE, 0.000986, 0.001035, 0.000049, 0.000000, PMPI_Sendrecv
State, "rank-72", MPI_STATE, 0.001036, 0.002540, 0.001504, 0.000000, PMPI_Sendrecv
State, "rank-72", MPI_STATE, 0.002541, 0.005541, 0.003000, 0.000000, PMPI_Sendrecv
State, "rank-72", MPI_STATE, 0.005544, 0.011536, 0.005992, 0.000000, PMPI_Sendrecv
State, "rank-72", MPI_STATE, 0.014756, 0.014756, 0.000000, 0.000000, PMPI_Reduce
State, "rank-72", MPI_STATE, 0.014758, 0.014758, 0.000000, 0.000000, PMPI_Reduce
State, "rank-72", MPI_STATE, 0.014759, 0.014950, 0.000191, 0.000000, PMPI_Barrier
State, "rank-72", MPI_STATE, 0.014952, 0.014952, 0.000000, 0.000000, PMPI_Finalize
Container, 0, MPI, 0, 0.014952, 0.014952, "rank-71"
State, "rank-71", MPI_STATE, 0.000000, 0.000000, 0.000000, 0.000000, PMPI_Init
State, "rank-71", MPI_STATE, 0.000037, 0.000408, 0.000371, 0.000000, PMPI_Barrier
State, "rank-71", MPI_STATE, 0.000412, 0.000923, 0.000511, 0.000000, PMPI_Scatter
State, "rank-71", MPI_STATE, 0.000932, 0.000940, 0.000008, 0.000000, PMPI_Sendrecv
State, "rank-71", MPI_STATE, 0.000942, 0.000956, 0.000014, 0.000000, PMPI_Sendrecv
State, "rank-71", MPI_STATE, 0.000958, 0.000984, 0.000026, 0.000000, PMPI_Sendrecv
State, "rank-71", MPI_STATE, 0.000985, 0.001036, 0.000051, 0.000000, PMPI_Sendrecv
State, "rank-71", MPI_STATE, 0.001037, 0.002539, 0.001502, 0.000000, PMPI_Sendrecv
State, "rank-71", MPI_STATE, 0.002541, 0.005536, 0.002995, 0.000000, PMPI_Sendrecv
State, "rank-71", MPI_STATE, 0.005538, 0.011535, 0.005997, 0.000000, PMPI_Sendrecv
State, "rank-71", MPI_STATE, 0.014730, 0.014730, 0.000000, 0.000000, PMPI_Reduce
State, "rank-71", MPI_STATE, 0.014733, 0.014733, 0.000000, 0.000000, PMPI_Reduce
State, "rank-71", MPI_STATE, 0.014735, 0.014950, 0.000215, 0.000000, PMPI_Barrier
State, "rank-71", MPI_STATE, 0.014952, 0.014952, 0.000000, 0.000000, PMPI_Finalize
Container, 0, MPI, 0, 0.014952, 0.014952, "rank-70"
State, "rank-70", MPI_STATE, 0.000000, 0.000000, 0.000000, 0.000000, PMPI_Init
State, "rank-70", MPI_STATE, 0.000038, 0.000408, 0.000370, 0.000000, PMPI_Barrier
State, "rank-70", MPI_STATE, 0.000411, 0.000923, 0.000512, 0.000000, PMPI_Scatter
State, "rank-70", MPI_STATE, 0.000932, 0.000940, 0.000008, 0.000000, PMPI_Sendrecv
State, "rank-70", MPI_STATE, 0.000942, 0.000956, 0.000014, 0.000000, PMPI_Sendrecv
State, "rank-70", MPI_STATE, 0.000958, 0.000984, 0.000026, 0.000000, PMPI_Sendrecv
State, "rank-70", MPI_STATE, 0.000986, 0.001037, 0.000051, 0.000000, PMPI_Sendrecv
State, "rank-70", MPI_STATE, 0.001039, 0.002540, 0.001501, 0.000000, PMPI_Sendrecv
State, "rank-70", MPI_STATE, 0.002542, 0.005541, 0.002999, 0.000000, PMPI_Sendrecv
State, "rank-70", MPI_STATE, 0.005543, 0.011535, 0.005992, 0.000000, PMPI_Sendrecv
State, "rank-70", MPI_STATE, 0.014769, 0.014769, 0.000000, 0.000000, PMPI_Reduce
State, "rank-70", MPI_STATE, 0.014771, 0.014771, 0.000000, 0.000000, PMPI_Reduce
State, "rank-70", MPI_STATE, 0.014773, 0.014950, 0.000177, 0.000000, PMPI_Barrier
State, "rank-70", MPI_STATE, 0.014952, 0.014952, 0.000000, 0.000000, PMPI_Finalize
Container, 0, MPI, 0, 0.014952, 0.014952, "rank-69"
State, "rank-69", MPI_STATE, 0.000000, 0.000000, 0.000000, 0.000000, PMPI_Init
State, "rank-69", MPI_STATE, 0.000038, 0.000408, 0.000370, 0.000000, PMPI_Barrier
State, "rank-69", MPI_STATE, 0.000412, 0.000923, 0.000511, 0.000000, PMPI_Scatter
State, "rank-69", MPI_STATE, 0.000932, 0.000940, 0.000008, 0.000000, PMPI_Sendrecv
State, "rank-69", MPI_STATE, 0.000941, 0.000956, 0.000015, 0.000000, PMPI_Sendrecv
State, "rank-69", MPI_STATE, 0.000958, 0.000984, 0.000026, 0.000000, PMPI_Sendrecv
State, "rank-69", MPI_STATE, 0.000985, 0.001036, 0.000051, 0.000000, PMPI_Sendrecv
State, "rank-69", MPI_STATE, 0.001038, 0.002539, 0.001501, 0.000000, PMPI_Sendrecv
State, "rank-69", MPI_STATE, 0.002540, 0.005540, 0.003000, 0.000000, PMPI_Sendrecv
State, "rank-69", MPI_STATE, 0.005542, 0.011535, 0.005993, 0.000000, PMPI_Sendrecv
State, "rank-69", MPI_STATE, 0.014724, 0.014724, 0.000000, 0.000000, PMPI_Reduce
State, "rank-69", MPI_STATE, 0.014726, 0.014726, 0.000000, 0.000000, PMPI_Reduce
State, "rank-69", MPI_STATE, 0.014729, 0.014950, 0.000221, 0.000000, PMPI_Barrier
State, "rank-69", MPI_STATE, 0.014952, 0.014952, 0.000000, 0.000000, PMPI_Finalize
Container, 0, MPI, 0, 0.014952, 0.014952, "rank-6"
State, "rank-6", MPI_STATE, 0.000000, 0.000000, 0.000000, 0.000000, PMPI_Init
State, "rank-6", MPI_STATE, 0.000047, 0.000407, 0.000360, 0.000000, PMPI_Barrier
State, "rank-6", MPI_STATE, 0.000411, 0.000692, 0.000281, 0.000000, PMPI_Scatter
State, "rank-6", MPI_STATE, 0.000697, 0.000710, 0.000013, 0.000000, PMPI_Sendrecv
State, "rank-6", MPI_STATE, 0.000712, 0.000726, 0.000014, 0.000000, PMPI_Sendrecv
State, "rank-6", MPI_STATE, 0.000727, 0.000967, 0.000240, 0.000000, PMPI_Sendrecv
State, "rank-6", MPI_STATE, 0.000969, 0.001018, 0.000049, 0.000000, PMPI_Sendrecv
State, "rank-6", MPI_STATE, 0.001020, 0.002537, 0.001517, 0.000000, PMPI_Sendrecv
State, "rank-6", MPI_STATE, 0.002539, 0.005541, 0.003002, 0.000000, PMPI_Sendrecv
State, "rank-6", MPI_STATE, 0.005543, 0.011535, 0.005992, 0.000000, PMPI_Sendrecv
State, "rank-6", MPI_STATE, 0.014706, 0.014706, 0.000000, 0.000000, PMPI_Reduce
State, "rank-6", MPI_STATE, 0.014708, 0.014708, 0.000000, 0.000000, PMPI_Reduce
State, "rank-6", MPI_STATE, 0.014710, 0.014950, 0.000240, 0.000000, PMPI_Barrier
State, "rank-6", MPI_STATE, 0.014952, 0.014952, 0.000000, 0.000000, PMPI_Finalize
Container, 0, MPI, 0, 0.014952, 0.014952, "rank-68"
State, "rank-68", MPI_STATE, 0.000000, 0.000000, 0.000000, 0.000000, PMPI_Init
State, "rank-68", MPI_STATE, 0.000037, 0.000408, 0.000371, 0.000000, PMPI_Barrier
State, "rank-68", MPI_STATE, 0.000412, 0.000923, 0.000511, 0.000000, PMPI_Scatter
State, "rank-68", MPI_STATE, 0.000930, 0.000940, 0.000010, 0.000000, PMPI_Sendrecv
State, "rank-68", MPI_STATE, 0.000941, 0.000956, 0.000015, 0.000000, PMPI_Sendrecv
State, "rank-68", MPI_STATE, 0.000958, 0.000984, 0.000026, 0.000000, PMPI_Sendrecv
State, "rank-68", MPI_STATE, 0.000986, 0.001036, 0.000050, 0.000000, PMPI_Sendrecv
State, "rank-68", MPI_STATE, 0.001037, 0.002539, 0.001502, 0.000000, PMPI_Sendrecv
State, "rank-68", MPI_STATE, 0.002541, 0.005541, 0.003000, 0.000000, PMPI_Sendrecv
State, "rank-68", MPI_STATE, 0.005544, 0.011536, 0.005992, 0.000000, PMPI_Sendrecv
State, "rank-68", MPI_STATE, 0.014804, 0.014804, 0.000000, 0.000000, PMPI_Reduce
State, "rank-68", MPI_STATE, 0.014807, 0.014807, 0.000000, 0.000000, PMPI_Reduce
State, "rank-68", MPI_STATE, 0.014808, 0.014950, 0.000142, 0.000000, PMPI_Barrier
State, "rank-68", MPI_STATE, 0.014952, 0.014952, 0.000000, 0.000000, PMPI_Finalize
Container, 0, MPI, 0, 0.014952, 0.014952, "rank-67"
State, "rank-67", MPI_STATE, 0.000000, 0.000000, 0.000000, 0.000000, PMPI_Init
State, "rank-67", MPI_STATE, 0.000037, 0.000408, 0.000371, 0.000000, PMPI_Barrier
State, "rank-67", MPI_STATE, 0.000413, 0.000923, 0.000510, 0.000000, PMPI_Scatter
State, "rank-67", MPI_STATE, 0.000931, 0.000939, 0.000008, 0.000000, PMPI_Sendrecv
State, "rank-67", MPI_STATE, 0.000940, 0.000954, 0.000014, 0.000000, PMPI_Sendrecv
State, "rank-67", MPI_STATE, 0.000956, 0.000984, 0.000028, 0.000000, PMPI_Sendrecv
State, "rank-67", MPI_STATE, 0.000986, 0.001036, 0.000050, 0.000000, PMPI_Sendrecv
State, "rank-67", MPI_STATE, 0.001037, 0.002524, 0.001487, 0.000000, PMPI_Sendrecv
State, "rank-67", MPI_STATE, 0.002525, 0.005539, 0.003014, 0.000000, PMPI_Sendrecv
State, "rank-67", MPI_STATE, 0.005541, 0.011522, 0.005981, 0.000000, PMPI_Sendrecv
State, "rank-67", MPI_STATE, 0.014618, 0.014618, 0.000000, 0.000000, PMPI_Reduce
State, "rank-67", MPI_STATE, 0.014620, 0.014620, 0.000000, 0.000000, PMPI_Reduce
State, "rank-67", MPI_STATE, 0.014622, 0.014950, 0.000328, 0.000000, PMPI_Barrier
State, "rank-67", MPI_STATE, 0.014952, 0.014952, 0.000000, 0.000000, PMPI_Finalize
Container, 0, MPI, 0, 0.014952, 0.014952, "rank-66"
State, "rank-66", MPI_STATE, 0.000000, 0.000000, 0.000000, 0.000000, PMPI_Init
State, "rank-66", MPI_STATE, 0.000038, 0.000408, 0.000370, 0.000000, PMPI_Barrier
State, "rank-66", MPI_STATE, 0.000412, 0.000923, 0.000511, 0.000000, PMPI_Scatter
State, "rank-66", MPI_STATE, 0.000929, 0.000939, 0.000010, 0.000000, PMPI_Sendrecv
State, "rank-66", MPI_STATE, 0.000941, 0.000955, 0.000014, 0.000000, PMPI_Sendrecv
State, "rank-66", MPI_STATE, 0.000956, 0.000984, 0.000028, 0.000000, PMPI_Sendrecv
State, "rank-66", MPI_STATE, 0.000985, 0.001036, 0.000051, 0.000000, PMPI_Sendrecv
State, "rank-66", MPI_STATE, 0.001038, 0.002540, 0.001502, 0.000000, PMPI_Sendrecv
State, "rank-66", MPI_STATE, 0.002542, 0.005541, 0.002999, 0.000000, PMPI_Sendrecv
State, "rank-66", MPI_STATE, 0.005543, 0.011535, 0.005992, 0.000000, PMPI_Sendrecv
State, "rank-66", MPI_STATE, 0.014875, 0.014875, 0.000000, 0.000000, PMPI_Reduce
State, "rank-66", MPI_STATE, 0.014876, 0.014876, 0.000000, 0.000000, PMPI_Reduce
State, "rank-66", MPI_STATE, 0.014879, 0.014950, 0.000071, 0.000000, PMPI_Barrier
State, "rank-66", MPI_STATE, 0.014952, 0.014952, 0.000000, 0.000000, PMPI_Finalize
Container, 0, MPI, 0, 0.014952, 0.014952, "rank-65"
State, "rank-65", MPI_STATE, 0.000000, 0.000000, 0.000000, 0.000000, PMPI_Init
State, "rank-65", MPI_STATE, 0.000036, 0.000408, 0.000372, 0.000000, PMPI_Barrier
State, "rank-65", MPI_STATE, 0.000412, 0.000923, 0.000511, 0.000000, PMPI_Scatter
State, "rank-65", MPI_STATE, 0.000930, 0.000938, 0.000008, 0.000000, PMPI_Sendrecv
State, "rank-65", MPI_STATE, 0.000939, 0.000954, 0.000015, 0.000000, PMPI_Sendrecv
State, "rank-65", MPI_STATE, 0.000956, 0.000984, 0.000028, 0.000000, PMPI_Sendrecv
State, "rank-65", MPI_STATE, 0.000985, 0.001037, 0.000052, 0.000000, PMPI_Sendrecv
State, "rank-65", MPI_STATE, 0.001038, 0.002539, 0.001501, 0.000000, PMPI_Sendrecv
State, "rank-65", MPI_STATE, 0.002541, 0.005536, 0.002995, 0.000000, PMPI_Sendrecv
State, "rank-65", MPI_STATE, 0.005538, 0.011486, 0.005948, 0.000000, PMPI_Sendrecv
State, "rank-65", MPI_STATE, 0.014483, 0.014483, 0.000000, 0.000000, PMPI_Reduce
State, "rank-65", MPI_STATE, 0.014486, 0.014486, 0.000000, 0.000000, PMPI_Reduce
State, "rank-65", MPI_STATE, 0.014488, 0.014950, 0.000462, 0.000000, PMPI_Barrier
State, "rank-65", MPI_STATE, 0.014952, 0.014952, 0.000000, 0.000000, PMPI_Finalize
Container, 0, MPI, 0, 0.014951, 0.014951, "rank-64"
State, "rank-64", MPI_STATE, 0.000000, 0.000000, 0.000000, 0.000000, PMPI_Init
State, "rank-64", MPI_STATE, 0.000039, 0.000408, 0.000369, 0.000000, PMPI_Barrier
State, "rank-64", MPI_STATE, 0.000411, 0.000923, 0.000512, 0.000000, PMPI_Scatter
State, "rank-64", MPI_STATE, 0.000930, 0.000938, 0.000008, 0.000000, PMPI_Sendrecv
State, "rank-64", MPI_STATE, 0.000940, 0.000955, 0.000015, 0.000000, PMPI_Sendrecv
State, "rank-64", MPI_STATE, 0.000957, 0.000984, 0.000027, 0.000000, PMPI_Sendrecv
State, "rank-64", MPI_STATE, 0.000986, 0.001035, 0.000049, 0.000000, PMPI_Sendrecv
State, "rank-64", MPI_STATE, 0.001037, 0.002539, 0.001502, 0.000000, PMPI_Sendrecv
State, "rank-64", MPI_STATE, 0.002541, 0.005541, 0.003000, 0.000000, PMPI_Sendrecv
State, "rank-64", MPI_STATE, 0.005543, 0.011536, 0.005993, 0.000000, PMPI_Sendrecv
State, "rank-64", MPI_STATE, 0.014782, 0.014782, 0.000000, 0.000000, PMPI_Reduce
State, "rank-64", MPI_STATE, 0.014785, 0.014785, 0.000000, 0.000000, PMPI_Reduce
State, "rank-64", MPI_STATE, 0.014788, 0.014950, 0.000162, 0.000000, PMPI_Barrier
State, "rank-64", MPI_STATE, 0.014951, 0.014951, 0.000000, 0.000000, PMPI_Finalize
Container, 0, MPI, 0, 0.014952, 0.014952, "rank-63"
State, "rank-63", MPI_STATE, 0.000000, 0.000000, 0.000000, 0.000000, PMPI_Init
State, "rank-63", MPI_STATE, 0.000036, 0.000408, 0.000372, 0.000000, PMPI_Barrier
State, "rank-63", MPI_STATE, 0.000412, 0.000923, 0.000511, 0.000000, PMPI_Scatter
State, "rank-63", MPI_STATE, 0.000929, 0.000937, 0.000008, 0.000000, PMPI_Sendrecv
State, "rank-63", MPI_STATE, 0.000939, 0.000958, 0.000019, 0.000000, PMPI_Sendrecv
State, "rank-63", MPI_STATE, 0.000960, 0.000986, 0.000026, 0.000000, PMPI_Sendrecv
State, "rank-63", MPI_STATE, 0.000988, 0.001038, 0.000050, 0.000000, PMPI_Sendrecv
State, "rank-63", MPI_STATE, 0.001040, 0.002540, 0.001500, 0.000000, PMPI_Sendrecv
State, "rank-63", MPI_STATE, 0.002542, 0.005541, 0.002999, 0.000000, PMPI_Sendrecv
State, "rank-63", MPI_STATE, 0.005543, 0.011533, 0.005990, 0.000000, PMPI_Sendrecv
State, "rank-63", MPI_STATE, 0.014674, 0.014674, 0.000000, 0.000000, PMPI_Reduce
State, "rank-63", MPI_STATE, 0.014679, 0.014679, 0.000000, 0.000000, PMPI_Reduce
State, "rank-63", MPI_STATE, 0.014682, 0.014950, 0.000268, 0.000000, PMPI_Barrier
State, "rank-63", MPI_STATE, 0.014952, 0.014952, 0.000000, 0.000000, PMPI_Finalize
Container, 0, MPI, 0, 0.014952, 0.014952, "rank-62"
State, "rank-62", MPI_STATE, 0.000000, 0.000000, 0.000000, 0.000000, PMPI_Init
State, "rank-62", MPI_STATE, 0.000038, 0.000408, 0.000370, 0.000000, PMPI_Barrier
State, "rank-62", MPI_STATE, 0.000411, 0.000923, 0.000512, 0.000000, PMPI_Scatter
State, "rank-62", MPI_STATE, 0.000928, 0.000937, 0.000009, 0.000000, PMPI_Sendrecv
State, "rank-62", MPI_STATE, 0.000939, 0.000959, 0.000020, 0.000000, PMPI_Sendrecv
State, "rank-62", MPI_STATE, 0.000961, 0.000987, 0.000026, 0.000000, PMPI_Sendrecv
State, "rank-62", MPI_STATE, 0.000987, 0.001038, 0.000051, 0.000000, PMPI_Sendrecv
State, "rank-62", MPI_STATE, 0.001039, 0.002540, 0.001501, 0.000000, PMPI_Sendrecv
State, "rank-62", MPI_STATE, 0.002542, 0.005541, 0.002999, 0.000000, PMPI_Sendrecv
State, "rank-62", MPI_STATE, 0.005543, 0.011534, 0.005991, 0.000000, PMPI_Sendrecv
State, "rank-62", MPI_STATE, 0.014778, 0.014778, 0.000000, 0.000000, PMPI_Reduce
State, "rank-62", MPI_STATE, 0.014780, 0.014780, 0.000000, 0.000000, PMPI_Reduce
State, "rank-62", MPI_STATE, 0.014781, 0.014950, 0.000169, 0.000000, PMPI_Barrier
State, "rank-62", MPI_STATE, 0.014952, 0.014952, 0.000000, 0.000000, PMPI_Finalize
Container, 0, MPI, 0, 0.014951, 0.014951, "rank-61"
State, "rank-61", MPI_STATE, 0.000000, 0.000000, 0.000000, 0.000000, PMPI_Init
State, "rank-61", MPI_STATE, 0.000038, 0.000408, 0.000370, 0.000000, PMPI_Barrier
State, "rank-61", MPI_STATE, 0.000411, 0.000923, 0.000512, 0.000000, PMPI_Scatter
State, "rank-61", MPI_STATE, 0.000935, 0.000943, 0.000008, 0.000000, PMPI_Sendrecv
State, "rank-61", MPI_STATE, 0.000944, 0.000958, 0.000014, 0.000000, PMPI_Sendrecv
State, "rank-61", MPI_STATE, 0.000959, 0.000985, 0.000026, 0.000000, PMPI_Sendrecv
State, "rank-61", MPI_STATE, 0.000987, 0.001037, 0.000050, 0.000000, PMPI_Sendrecv
State, "rank-61", MPI_STATE, 0.001039, 0.002540, 0.001501, 0.000000, PMPI_Sendrecv
State, "rank-61", MPI_STATE, 0.002541, 0.005540, 0.002999, 0.000000, PMPI_Sendrecv
State, "rank-61", MPI_STATE, 0.005542, 0.011534, 0.005992, 0.000000, PMPI_Sendrecv
State, "rank-61", MPI_STATE, 0.014873, 0.014873, 0.000000, 0.000000, PMPI_Reduce
State, "rank-61", MPI_STATE, 0.014875, 0.014875, 0.000000, 0.000000, PMPI_Reduce
State, "rank-61", MPI_STATE, 0.014877, 0.014950, 0.000073, 0.000000, PMPI_Barrier
State, "rank-61", MPI_STATE, 0.014951, 0.014951, 0.000000, 0.000000, PMPI_Finalize
Container, 0, MPI, 0, 0.014951, 0.014951, "rank-60"
State, "rank-60", MPI_STATE, 0.000000, 0.000000, 0.000000, 0.000000, PMPI_Init
State, "rank-60", MPI_STATE, 0.000037, 0.000408, 0.000371, 0.000000, PMPI_Barrier
State, "rank-60", MPI_STATE, 0.000412, 0.000923, 0.000511, 0.000000, PMPI_Scatter
State, "rank-60", MPI_STATE, 0.000929, 0.000943, 0.000014, 0.000000, PMPI_Sendrecv
State, "rank-60", MPI_STATE, 0.000945, 0.000959, 0.000014, 0.000000, PMPI_Sendrecv
State, "rank-60", MPI_STATE, 0.000960, 0.000986, 0.000026, 0.000000, PMPI_Sendrecv
State, "rank-60", MPI_STATE, 0.000988, 0.001037, 0.000049, 0.000000, PMPI_Sendrecv
State, "rank-60", MPI_STATE, 0.001039, 0.002540, 0.001501, 0.000000, PMPI_Sendrecv
State, "rank-60", MPI_STATE, 0.002542, 0.005541, 0.002999, 0.000000, PMPI_Sendrecv
State, "rank-60", MPI_STATE, 0.005543, 0.011533, 0.005990, 0.000000, PMPI_Sendrecv
State, "rank-60", MPI_STATE, 0.014753, 0.014753, 0.000000, 0.000000, PMPI_Reduce
State, "rank-60", MPI_STATE, 0.014755, 0.014755, 0.000000, 0.000000, PMPI_Reduce
State, "rank-60", MPI_STATE, 0.014757, 0.014950, 0.000193, 0.000000, PMPI_Barrier
State, "rank-60", MPI_STATE, 0.014951, 0.014951, 0.000000, 0.000000, PMPI_Finalize
Container, 0, MPI, 0, 0.014952, 0.014952, "rank-59"
State, "rank-59", MPI_STATE, 0.000000, 0.000000, 0.000000, 0.000000, PMPI_Init
State, "rank-59", MPI_STATE, 0.000042, 0.000408, 0.000366, 0.000000, PMPI_Barrier
State, "rank-59", MPI_STATE, 0.000412, 0.000923, 0.000511, 0.000000, PMPI_Scatter
State, "rank-59", MPI_STATE, 0.000930, 0.000938, 0.000008, 0.000000, PMPI_Sendrecv
State, "rank-59", MPI_STATE, 0.000939, 0.000955, 0.000016, 0.000000, PMPI_Sendrecv
State, "rank-59", MPI_STATE, 0.000957, 0.000986, 0.000029, 0.000000, PMPI_Sendrecv
State, "rank-59", MPI_STATE, 0.000987, 0.001038, 0.000051, 0.000000, PMPI_Sendrecv
State, "rank-59", MPI_STATE, 0.001039, 0.002540, 0.001501, 0.000000, PMPI_Sendrecv
State, "rank-59", MPI_STATE, 0.002542, 0.005541, 0.002999, 0.000000, PMPI_Sendrecv
State, "rank-59", MPI_STATE, 0.005543, 0.011533, 0.005990, 0.000000, PMPI_Sendrecv
State, "rank-59", MPI_STATE, 0.014813, 0.014813, 0.000000, 0.000000, PMPI_Reduce
State, "rank-59", MPI_STATE, 0.014815, 0.014815, 0.000000, 0.000000, PMPI_Reduce
State, "rank-59", MPI_STATE, 0.014817, 0.014950, 0.000133, 0.000000, PMPI_Barrier
State, "rank-59", MPI_STATE, 0.014952, 0.014952, 0.000000, 0.000000, PMPI_Finalize
Container, 0, MPI, 0, 0.014952, 0.014952, "rank-5"
State, "rank-5", MPI_STATE, 0.000000, 0.000000, 0.000000, 0.000000, PMPI_Init
State, "rank-5", MPI_STATE, 0.000044, 0.000407, 0.000363, 0.000000, PMPI_Barrier
State, "rank-5", MPI_STATE, 0.000411, 0.000692, 0.000281, 0.000000, PMPI_Scatter
State, "rank-5", MPI_STATE, 0.000699, 0.000708, 0.000009, 0.000000, PMPI_Sendrecv
State, "rank-5", MPI_STATE, 0.000709, 0.000725, 0.000016, 0.000000, PMPI_Sendrecv
State, "rank-5", MPI_STATE, 0.000726, 0.000968, 0.000242, 0.000000, PMPI_Sendrecv
State, "rank-5", MPI_STATE, 0.000970, 0.001019, 0.000049, 0.000000, PMPI_Sendrecv
State, "rank-5", MPI_STATE, 0.001021, 0.002537, 0.001516, 0.000000, PMPI_Sendrecv
State, "rank-5", MPI_STATE, 0.002539, 0.005541, 0.003002, 0.000000, PMPI_Sendrecv
State, "rank-5", MPI_STATE, 0.005543, 0.011535, 0.005992, 0.000000, PMPI_Sendrecv
State, "rank-5", MPI_STATE, 0.014792, 0.014792, 0.000000, 0.000000, PMPI_Reduce
State, "rank-5", MPI_STATE, 0.014794, 0.014794, 0.000000, 0.000000, PMPI_Reduce
State, "rank-5", MPI_STATE, 0.014795, 0.014950, 0.000155, 0.000000, PMPI_Barrier
State, "rank-5", MPI_STATE, 0.014952, 0.014952, 0.000000, 0.000000, PMPI_Finalize
Container, 0, MPI, 0, 0.014953, 0.014953, "rank-58"
State, "rank-58", MPI_STATE, 0.000000, 0.000000, 0.000000, 0.000000, PMPI_Init
State, "rank-58", MPI_STATE, 0.000046, 0.000408, 0.000362, 0.000000, PMPI_Barrier
State, "rank-58", MPI_STATE, 0.000412, 0.000923, 0.000511, 0.000000, PMPI_Scatter
State, "rank-58", MPI_STATE, 0.000929, 0.000938, 0.000009, 0.000000, PMPI_Sendrecv
State, "rank-58", MPI_STATE, 0.000940, 0.000957, 0.000017, 0.000000, PMPI_Sendrecv
State, "rank-58", MPI_STATE, 0.000959, 0.000987, 0.000028, 0.000000, PMPI_Sendrecv
State, "rank-58", MPI_STATE, 0.000989, 0.001038, 0.000049, 0.000000, PMPI_Sendrecv
State, "rank-58", MPI_STATE, 0.001039, 0.002540, 0.001501, 0.000000, PMPI_Sendrecv
State, "rank-58", MPI_STATE, 0.002541, 0.005540, 0.002999, 0.000000, PMPI_Sendrecv
State, "rank-58", MPI_STATE, 0.005541, 0.011532, 0.005991, 0.000000, PMPI_Sendrecv
State, "rank-58", MPI_STATE, 0.014722, 0.014722, 0.000000, 0.000000, PMPI_Reduce
State, "rank-58", MPI_STATE, 0.014724, 0.014724, 0.000000, 0.000000, PMPI_Reduce
State, "rank-58", MPI_STATE, 0.014725, 0.014950, 0.000225, 0.000000, PMPI_Barrier
State, "rank-58", MPI_STATE, 0.014953, 0.014953, 0.000000, 0.000000, PMPI_Finalize
Container, 0, MPI, 0, 0.014952, 0.014952, "rank-57"
State, "rank-57", MPI_STATE, 0.000000, 0.000000, 0.000000, 0.000000, PMPI_Init
State, "rank-57", MPI_STATE, 0.000037, 0.000408, 0.000371, 0.000000, PMPI_Barrier
State, "rank-57", MPI_STATE, 0.000412, 0.000923, 0.000511, 0.000000, PMPI_Scatter
State, "rank-57", MPI_STATE, 0.000932, 0.000940, 0.000008, 0.000000, PMPI_Sendrecv
State, "rank-57", MPI_STATE, 0.000941, 0.000955, 0.000014, 0.000000, PMPI_Sendrecv
State, "rank-57", MPI_STATE, 0.000956, 0.000985, 0.000029, 0.000000, PMPI_Sendrecv
State, "rank-57", MPI_STATE, 0.000986, 0.001036, 0.000050, 0.000000, PMPI_Sendrecv
State, "rank-57", MPI_STATE, 0.001037, 0.002518, 0.001481, 0.000000, PMPI_Sendrecv
State, "rank-57", MPI_STATE, 0.002519, 0.005532, 0.003013, 0.000000, PMPI_Sendrecv
State, "rank-57", MPI_STATE, 0.005534, 0.011526, 0.005992, 0.000000, PMPI_Sendrecv
State, "rank-57", MPI_STATE, 0.014547, 0.014547, 0.000000, 0.000000, PMPI_Reduce
State, "rank-57", MPI_STATE, 0.014549, 0.014549, 0.000000, 0.000000, PMPI_Reduce
State, "rank-57", MPI_STATE, 0.014551, 0.014950, 0.000399, 0.000000, PMPI_Barrier
State, "rank-57", MPI_STATE, 0.014952, 0.014952, 0.000000, 0.000000, PMPI_Finalize
Container, 0, MPI, 0, 0.014952, 0.014952, "rank-56"
State, "rank-56", MPI_STATE, 0.000000, 0.000000, 0.000000, 0.000000, PMPI_Init
State, "rank-56", MPI_STATE, 0.000040, 0.000408, 0.000368, 0.000000, PMPI_Barrier
State, "rank-56", MPI_STATE, 0.000411, 0.000923, 0.000512, 0.000000, PMPI_Scatter
State, "rank-56", MPI_STATE, 0.000930, 0.000940, 0.000010, 0.000000, PMPI_Sendrecv
State, "rank-56", MPI_STATE, 0.000943, 0.000957, 0.000014, 0.000000, PMPI_Sendrecv
State, "rank-56", MPI_STATE, 0.000959, 0.000986, 0.000027, 0.000000, PMPI_Sendrecv
State, "rank-56", MPI_STATE, 0.000987, 0.001038, 0.000051, 0.000000, PMPI_Sendrecv
State, "rank-56", MPI_STATE, 0.001039, 0.002540, 0.001501, 0.000000, PMPI_Sendrecv
State, "rank-56", MPI_STATE, 0.002542, 0.005541, 0.002999, 0.000000, PMPI_Sendrecv
State, "rank-56", MPI_STATE, 0.005543, 0.011534, 0.005991, 0.000000, PMPI_Sendrecv
State, "rank-56", MPI_STATE, 0.014771, 0.014771, 0.000000, 0.000000, PMPI_Reduce
State, "rank-56", MPI_STATE, 0.014773, 0.014773, 0.000000, 0.000000, PMPI_Reduce
State, "rank-56", MPI_STATE, 0.014775, 0.014950, 0.000175, 0.000000, PMPI_Barrier
State, "rank-56", MPI_STATE, 0.014952, 0.014952, 0.000000, 0.000000, PMPI_Finalize
Container, 0, MPI, 0, 0.014952, 0.014952, "rank-55"
State, "rank-55", MPI_STATE, 0.000000, 0.000000, 0.000000, 0.000000, PMPI_Init
State, "rank-55", MPI_STATE, 0.000037, 0.000408, 0.000371, 0.000000, PMPI_Barrier
State, "rank-55", MPI_STATE, 0.000412, 0.000923, 0.000511, 0.000000, PMPI_Scatter
State, "rank-55", MPI_STATE, 0.000935, 0.000943, 0.000008, 0.000000, PMPI_Sendrecv
State, "rank-55", MPI_STATE, 0.000944, 0.000959, 0.000015, 0.000000, PMPI_Sendrecv
State, "rank-55", MPI_STATE, 0.000961, 0.000987, 0.000026, 0.000000, PMPI_Sendrecv
State, "rank-55", MPI_STATE, 0.000989, 0.001038, 0.000049, 0.000000, PMPI_Sendrecv
State, "rank-55", MPI_STATE, 0.001040, 0.002540, 0.001500, 0.000000, PMPI_Sendrecv
State, "rank-55", MPI_STATE, 0.002542, 0.005541, 0.002999, 0.000000, PMPI_Sendrecv
State, "rank-55", MPI_STATE, 0.005543, 0.011533, 0.005990, 0.000000, PMPI_Sendrecv
State, "rank-55", MPI_STATE, 0.014681, 0.014681, 0.000000, 0.000000, PMPI_Reduce
State, "rank-55", MPI_STATE, 0.014685, 0.014685, 0.000000, 0.000000, PMPI_Reduce
State, "rank-55", MPI_STATE, 0.014688, 0.014950, 0.000262, 0.000000, PMPI_Barrier
State, "rank-55", MPI_STATE, 0.014952, 0.014952, 0.000000, 0.000000, PMPI_Finalize
Container, 0, MPI, 0, 0.014952, 0.014952, "rank-54"
State, "rank-54", MPI_STATE, 0.000000, 0.000000, 0.000000, 0.000000, PMPI_Init
State, "rank-54", MPI_STATE, 0.000037, 0.000408, 0.000371, 0.000000, PMPI_Barrier
State, "rank-54", MPI_STATE, 0.000411, 0.000923, 0.000512, 0.000000, PMPI_Scatter
State, "rank-54", MPI_STATE, 0.000930, 0.000943, 0.000013, 0.000000, PMPI_Sendrecv
State, "rank-54", MPI_STATE, 0.000945, 0.000959, 0.000014, 0.000000, PMPI_Sendrecv
State, "rank-54", MPI_STATE, 0.000961, 0.000987, 0.000026, 0.000000, PMPI_Sendrecv
State, "rank-54", MPI_STATE, 0.000989, 0.001038, 0.000049, 0.000000, PMPI_Sendrecv
State, "rank-54", MPI_STATE, 0.001039, 0.002540, 0.001501, 0.000000, PMPI_Sendrecv
State, "rank-54", MPI_STATE, 0.002541, 0.005540, 0.002999, 0.000000, PMPI_Sendrecv
State, "rank-54", MPI_STATE, 0.005541, 0.011534, 0.005993, 0.000000, PMPI_Sendrecv
State, "rank-54", MPI_STATE, 0.014763, 0.014763, 0.000000, 0.000000, PMPI_Reduce
State, "rank-54", MPI_STATE, 0.014765, 0.014765, 0.000000, 0.000000, PMPI_Reduce
State, "rank-54", MPI_STATE, 0.014767, 0.014950, 0.000183, 0.000000, PMPI_Barrier
State, "rank-54", MPI_STATE, 0.014952, 0.014952, 0.000000, 0.000000, PMPI_Finalize
Container, 0, MPI, 0, 0.014952, 0.014952, "rank-53"
State, "rank-53", MPI_STATE, 0.000000, 0.000000, 0.000000, 0.000000, PMPI_Init
State, "rank-53", MPI_STATE, 0.000037, 0.000408, 0.000371, 0.000000, PMPI_Barrier
State, "rank-53", MPI_STATE, 0.000413, 0.000923, 0.000510, 0.000000, PMPI_Scatter
State, "rank-53", MPI_STATE, 0.000935, 0.000943, 0.000008, 0.000000, PMPI_Sendrecv
State, "rank-53", MPI_STATE, 0.000945, 0.000959, 0.000014, 0.000000, PMPI_Sendrecv
State, "rank-53", MPI_STATE, 0.000960, 0.000986, 0.000026, 0.000000, PMPI_Sendrecv
State, "rank-53", MPI_STATE, 0.000988, 0.001037, 0.000049, 0.000000, PMPI_Sendrecv
State, "rank-53", MPI_STATE, 0.001039, 0.002540, 0.001501, 0.000000, PMPI_Sendrecv
State, "rank-53", MPI_STATE, 0.002542, 0.005541, 0.002999, 0.000000, PMPI_Sendrecv
State, "rank-53", MPI_STATE, 0.005543, 0.011533, 0.005990, 0.000000, PMPI_Sendrecv
State, "rank-53", MPI_STATE, 0.014704, 0.014704, 0.000000, 0.000000, PMPI_Reduce
State, "rank-53", MPI_STATE, 0.014706, 0.014706, 0.000000, 0.000000, PMPI_Reduce
State, "rank-53", MPI_STATE, 0.014708, 0.014950, 0.000242, 0.000000, PMPI_Barrier
State, "rank-53", MPI_STATE, 0.014952, 0.014952, 0.000000, 0.000000, PMPI_Finalize
Container, 0, MPI, 0, 0.014952, 0.014952, "rank-52"
State, "rank-52", MPI_STATE, 0.000000, 0.000000, 0.000000, 0.000000, PMPI_Init
State, "rank-52", MPI_STATE, 0.000037, 0.000408, 0.000371, 0.000000, PMPI_Barrier
State, "rank-52", MPI_STATE, 0.000412, 0.000923, 0.000511, 0.000000, PMPI_Scatter
State, "rank-52", MPI_STATE, 0.000929, 0.000943, 0.000014, 0.000000, PMPI_Sendrecv
State, "rank-52", MPI_STATE, 0.000944, 0.000959, 0.000015, 0.000000, PMPI_Sendrecv
State, "rank-52", MPI_STATE, 0.000961, 0.000987, 0.000026, 0.000000, PMPI_Sendrecv
State, "rank-52", MPI_STATE, 0.000988, 0.001037, 0.000049, 0.000000, PMPI_Sendrecv
State, "rank-52", MPI_STATE, 0.001039, 0.002540, 0.001501, 0.000000, PMPI_Sendrecv
State, "rank-52", MPI_STATE, 0.002541, 0.005540, 0.002999, 0.000000, PMPI_Sendrecv
State, "rank-52", MPI_STATE, 0.005542, 0.011534, 0.005992, 0.000000, PMPI_Sendrecv
State, "rank-52", MPI_STATE, 0.014810, 0.014810, 0.000000, 0.000000, PMPI_Reduce
State, "rank-52", MPI_STATE, 0.014812, 0.014812, 0.000000, 0.000000, PMPI_Reduce
State, "rank-52", MPI_STATE, 0.014814, 0.014950, 0.000136, 0.000000, PMPI_Barrier
State, "rank-52", MPI_STATE, 0.014952, 0.014952, 0.000000, 0.000000, PMPI_Finalize
Container, 0, MPI, 0, 0.014952, 0.014952, "rank-51"
State, "rank-51", MPI_STATE, 0.000000, 0.000000, 0.000000, 0.000000, PMPI_Init
State, "rank-51", MPI_STATE, 0.000037, 0.000408, 0.000371, 0.000000, PMPI_Barrier
State, "rank-51", MPI_STATE, 0.000413, 0.000923, 0.000510, 0.000000, PMPI_Scatter
State, "rank-51", MPI_STATE, 0.000931, 0.000939, 0.000008, 0.000000, PMPI_Sendrecv
State, "rank-51", MPI_STATE, 0.000941, 0.000955, 0.000014, 0.000000, PMPI_Sendrecv
State, "rank-51", MPI_STATE, 0.000956, 0.000987, 0.000031, 0.000000, PMPI_Sendrecv
State, "rank-51", MPI_STATE, 0.000989, 0.001038, 0.000049, 0.000000, PMPI_Sendrecv
State, "rank-51", MPI_STATE, 0.001039, 0.002540, 0.001501, 0.000000, PMPI_Sendrecv
State, "rank-51", MPI_STATE, 0.002541, 0.005540, 0.002999, 0.000000, PMPI_Sendrecv
State, "rank-51", MPI_STATE, 0.005541, 0.011523, 0.005982, 0.000000, PMPI_Sendrecv
State, "rank-51", MPI_STATE, 0.014649, 0.014649, 0.000000, 0.000000, PMPI_Reduce
State, "rank-51", MPI_STATE, 0.014651, 0.014651, 0.000000, 0.000000, PMPI_Reduce
State, "rank-51", MPI_STATE, 0.014654, 0.014950, 0.000296, 0.000000, PMPI_Barrier
State, "rank-51", MPI_STATE, 0.014952, 0.014952, 0.000000, 0.000000, PMPI_Finalize
Container, 0, MPI, 0, 0.014952, 0.014952, "rank-50"
State, "rank-50", MPI_STATE, 0.000000, 0.000000, 0.000000, 0.000000, PMPI_Init
State, "rank-50", MPI_STATE, 0.000036, 0.000408, 0.000372, 0.000000, PMPI_Barrier
State, "rank-50", MPI_STATE, 0.000412, 0.000923, 0.000511, 0.000000, PMPI_Scatter
State, "rank-50", MPI_STATE, 0.000929, 0.000939, 0.000010, 0.000000, PMPI_Sendrecv
State, "rank-50", MPI_STATE, 0.000940, 0.000954, 0.000014, 0.000000, PMPI_Sendrecv
State, "rank-50", MPI_STATE, 0.000956, 0.000987, 0.000031, 0.000000, PMPI_Sendrecv
State, "rank-50", MPI_STATE, 0.000988, 0.001038, 0.000050, 0.000000, PMPI_Sendrecv
State, "rank-50", MPI_STATE, 0.001039, 0.002540, 0.001501, 0.000000, PMPI_Sendrecv
State, "rank-50", MPI_STATE, 0.002542, 0.005541, 0.002999, 0.000000, PMPI_Sendrecv
State, "rank-50", MPI_STATE, 0.005543, 0.011534, 0.005991, 0.000000, PMPI_Sendrecv
State, "rank-50", MPI_STATE, 0.014738, 0.014738, 0.000000, 0.000000, PMPI_Reduce
State, "rank-50", MPI_STATE, 0.014740, 0.014740, 0.000000, 0.000000, PMPI_Reduce
State, "rank-50", MPI_STATE, 0.014742, 0.014950, 0.000208, 0.000000, PMPI_Barrier
State, "rank-50", MPI_STATE, 0.014952, 0.014952, 0.000000, 0.000000, PMPI_Finalize
Container, 0, MPI, 0, 0.014952, 0.014952, "rank-49"
State, "rank-49", MPI_STATE, 0.000000, 0.000000, 0.000000, 0.000000, PMPI_Init
State, "rank-49", MPI_STATE, 0.000041, 0.000408, 0.000367, 0.000000, PMPI_Barrier
State, "rank-49", MPI_STATE, 0.000411, 0.000923, 0.000512, 0.000000, PMPI_Scatter
State, "rank-49", MPI_STATE, 0.000930, 0.000938, 0.000008, 0.000000, PMPI_Sendrecv
State, "rank-49", MPI_STATE, 0.000939, 0.000955, 0.000016, 0.000000, PMPI_Sendrecv
State, "rank-49", MPI_STATE, 0.000957, 0.000986, 0.000029, 0.000000, PMPI_Sendrecv
State, "rank-49", MPI_STATE, 0.000987, 0.001036, 0.000049, 0.000000, PMPI_Sendrecv
State, "rank-49", MPI_STATE, 0.001038, 0.002533, 0.001495, 0.000000, PMPI_Sendrecv
State, "rank-49", MPI_STATE, 0.002535, 0.005519, 0.002984, 0.000000, PMPI_Sendrecv
State, "rank-49", MPI_STATE, 0.005522, 0.011463, 0.005941, 0.000000, PMPI_Sendrecv
State, "rank-49", MPI_STATE, 0.014457, 0.014457, 0.000000, 0.000000, PMPI_Reduce
State, "rank-49", MPI_STATE, 0.014462, 0.014462, 0.000000, 0.000000, PMPI_Reduce
State, "rank-49", MPI_STATE, 0.014464, 0.014950, 0.000486, 0.000000, PMPI_Barrier
State, "rank-49", MPI_STATE, 0.014952, 0.014952, 0.000000, 0.000000, PMPI_Finalize
Container, 0, MPI, 0, 0.014952, 0.014952, "rank-4"
State, "rank-4", MPI_STATE, 0.000000, 0.000000, 0.000000, 0.000000, PMPI_Init
State, "rank-4", MPI_STATE, 0.000043, 0.000407, 0.000364, 0.000000, PMPI_Barrier
State, "rank-4", MPI_STATE, 0.000409, 0.000692, 0.000283, 0.000000, PMPI_Scatter
State, "rank-4", MPI_STATE, 0.000698, 0.000708, 0.000010, 0.000000, PMPI_Sendrecv
State, "rank-4", MPI_STATE, 0.000709, 0.000726, 0.000017, 0.000000, PMPI_Sendrecv
State, "rank-4", MPI_STATE, 0.000729, 0.000968, 0.000239, 0.000000, PMPI_Sendrecv
State, "rank-4", MPI_STATE, 0.000970, 0.001019, 0.000049, 0.000000, PMPI_Sendrecv
State, "rank-4", MPI_STATE, 0.001021, 0.002538, 0.001517, 0.000000, PMPI_Sendrecv
State, "rank-4", MPI_STATE, 0.002540, 0.005541, 0.003001, 0.000000, PMPI_Sendrecv
State, "rank-4", MPI_STATE, 0.005543, 0.011536, 0.005993, 0.000000, PMPI_Sendrecv
State, "rank-4", MPI_STATE, 0.014748, 0.014748, 0.000000, 0.000000, PMPI_Reduce
State, "rank-4", MPI_STATE, 0.014750, 0.014750, 0.000000, 0.000000, PMPI_Reduce
State, "rank-4", MPI_STATE, 0.014753, 0.014950, 0.000197, 0.000000, PMPI_Barrier
State, "rank-4", MPI_STATE, 0.014952, 0.014952, 0.000000, 0.000000, PMPI_Finalize
Container, 0, MPI, 0, 0.014951, 0.014951, "rank-48"
State, "rank-48", MPI_STATE, 0.000000, 0.000000, 0.000000, 0.000000, PMPI_Init
State, "rank-48", MPI_STATE, 0.000038, 0.000408, 0.000370, 0.000000, PMPI_Barrier
State, "rank-48", MPI_STATE, 0.000411, 0.000923, 0.000512, 0.000000, PMPI_Scatter
State, "rank-48", MPI_STATE, 0.000930, 0.000938, 0.000008, 0.000000, PMPI_Sendrecv
State, "rank-48", MPI_STATE, 0.000939, 0.000954, 0.000015, 0.000000, PMPI_Sendrecv
State, "rank-48", MPI_STATE, 0.000956, 0.000987, 0.000031, 0.000000, PMPI_Sendrecv
State, "rank-48", MPI_STATE, 0.000989, 0.001038, 0.000049, 0.000000, PMPI_Sendrecv
State, "rank-48", MPI_STATE, 0.001039, 0.002540, 0.001501, 0.000000, PMPI_Sendrecv
State, "rank-48", MPI_STATE, 0.002541, 0.005540, 0.002999, 0.000000, PMPI_Sendrecv
State, "rank-48", MPI_STATE, 0.005542, 0.011534, 0.005992, 0.000000, PMPI_Sendrecv
State, "rank-48", MPI_STATE, 0.014723, 0.014723, 0.000000, 0.000000, PMPI_Reduce
State, "rank-48", MPI_STATE, 0.014725, 0.014725, 0.000000, 0.000000, PMPI_Reduce
State, "rank-48", MPI_STATE, 0.014727, 0.014950, 0.000223, 0.000000, PMPI_Barrier
State, "rank-48", MPI_STATE, 0.014951, 0.014951, 0.000000, 0.000000, PMPI_Finalize
Container, 0, MPI, 0, 0.014952, 0.014952, "rank-47"
State, "rank-47", MPI_STATE, 0.000000, 0.000000, 0.000000, 0.000000, PMPI_Init
State, "rank-47", MPI_STATE, 0.000038, 0.000408, 0.000370, 0.000000, PMPI_Barrier
State, "rank-47", MPI_STATE, 0.000412, 0.000923, 0.000511, 0.000000, PMPI_Scatter
State, "rank-47", MPI_STATE, 0.000930, 0.000938, 0.000008, 0.000000, PMPI_Sendrecv
State, "rank-47", MPI_STATE, 0.000939, 0.000956, 0.000017, 0.000000, PMPI_Sendrecv
State, "rank-47", MPI_STATE, 0.000959, 0.000985, 0.000026, 0.000000, PMPI_Sendrecv
State, "rank-47", MPI_STATE, 0.000987, 0.001036, 0.000049, 0.000000, PMPI_Sendrecv
State, "rank-47", MPI_STATE, 0.001038, 0.002540, 0.001502, 0.000000, PMPI_Sendrecv
State, "rank-47", MPI_STATE, 0.002542, 0.005541, 0.002999, 0.000000, PMPI_Sendrecv
State, "rank-47", MPI_STATE, 0.005543, 0.011536, 0.005993, 0.000000, PMPI_Sendrecv
State, "rank-47", MPI_STATE, 0.014709, 0.014709, 0.000000, 0.000000, PMPI_Reduce
State, "rank-47", MPI_STATE, 0.014711, 0.014711, 0.000000, 0.000000, PMPI_Reduce
State, "rank-47", MPI_STATE, 0.014713, 0.014950, 0.000237, 0.000000, PMPI_Barrier
State, "rank-47", MPI_STATE, 0.014952, 0.014952, 0.000000, 0.000000, PMPI_Finalize
Container, 0, MPI, 0, 0.014951, 0.014951, "rank-46"
State, "rank-46", MPI_STATE, 0.000000, 0.000000, 0.000000, 0.000000, PMPI_Init
State, "rank-46", MPI_STATE, 0.000038, 0.000408, 0.000370, 0.000000, PMPI_Barrier
State, "rank-46", MPI_STATE, 0.000412, 0.000923, 0.000511, 0.000000, PMPI_Scatter
State, "rank-46", MPI_STATE, 0.000928, 0.000938, 0.000010, 0.000000, PMPI_Sendrecv
State, "rank-46", MPI_STATE, 0.000940, 0.000957, 0.000017, 0.000000, PMPI_Sendrecv
State, "rank-46", MPI_STATE, 0.000959, 0.000985, 0.000026, 0.000000, PMPI_Sendrecv
State, "rank-46", MPI_STATE, 0.000986, 0.001035, 0.000049, 0.000000, PMPI_Sendrecv
State, "rank-46", MPI_STATE, 0.001037, 0.002540, 0.001503, 0.000000, PMPI_Sendrecv
State, "rank-46", MPI_STATE, 0.002541, 0.005537, 0.002996, 0.000000, PMPI_Sendrecv
State, "rank-46", MPI_STATE, 0.005538, 0.011536, 0.005998, 0.000000, PMPI_Sendrecv
State, "rank-46", MPI_STATE, 0.014831, 0.014831, 0.000000, 0.000000, PMPI_Reduce
State, "rank-46", MPI_STATE, 0.014833, 0.014833, 0.000000, 0.000000, PMPI_Reduce
State, "rank-46", MPI_STATE, 0.014834, 0.014950, 0.000116, 0.000000, PMPI_Barrier
State, "rank-46", MPI_STATE, 0.014951, 0.014951, 0.000000, 0.000000, PMPI_Finalize
Container, 0, MPI, 0, 0.014952, 0.014952, "rank-45"
State, "rank-45", MPI_STATE, 0.000000, 0.000000, 0.000000, 0.000000, PMPI_Init
State, "rank-45", MPI_STATE, 0.000038, 0.000408, 0.000370, 0.000000, PMPI_Barrier
State, "rank-45", MPI_STATE, 0.000412, 0.000923, 0.000511, 0.000000, PMPI_Scatter
State, "rank-45", MPI_STATE, 0.000933, 0.000941, 0.000008, 0.000000, PMPI_Sendrecv
State, "rank-45", MPI_STATE, 0.000942, 0.000956, 0.000014, 0.000000, PMPI_Sendrecv
State, "rank-45", MPI_STATE, 0.000957, 0.000983, 0.000026, 0.000000, PMPI_Sendrecv
State, "rank-45", MPI_STATE, 0.000985, 0.001034, 0.000049, 0.000000, PMPI_Sendrecv
State, "rank-45", MPI_STATE, 0.001036, 0.002540, 0.001504, 0.000000, PMPI_Sendrecv
State, "rank-45", MPI_STATE, 0.002543, 0.005541, 0.002998, 0.000000, PMPI_Sendrecv
State, "rank-45", MPI_STATE, 0.005543, 0.011536, 0.005993, 0.000000, PMPI_Sendrecv
State, "rank-45", MPI_STATE, 0.014706, 0.014706, 0.000000, 0.000000, PMPI_Reduce
State, "rank-45", MPI_STATE, 0.014708, 0.014708, 0.000000, 0.000000, PMPI_Reduce
State, "rank-45", MPI_STATE, 0.014710, 0.014950, 0.000240, 0.000000, PMPI_Barrier
State, "rank-45", MPI_STATE, 0.014952, 0.014952, 0.000000, 0.000000, PMPI_Finalize
Container, 0, MPI, 0, 0.014952, 0.014952, "rank-44"
State, "rank-44", MPI_STATE, 0.000000, 0.000000, 0.000000, 0.000000, PMPI_Init
State, "rank-44", MPI_STATE, 0.000038, 0.000408, 0.000370, 0.000000, PMPI_Barrier
State, "rank-44", MPI_STATE, 0.000412, 0.000923, 0.000511, 0.000000, PMPI_Scatter
State, "rank-44", MPI_STATE, 0.000931, 0.000941, 0.000010, 0.000000, PMPI_Sendrecv
State, "rank-44", MPI_STATE, 0.000943, 0.000957, 0.000014, 0.000000, PMPI_Sendrecv
State, "rank-44", MPI_STATE, 0.000958, 0.000984, 0.000026, 0.000000, PMPI_Sendrecv
State, "rank-44", MPI_STATE, 0.000986, 0.001035, 0.000049, 0.000000, PMPI_Sendrecv
State, "rank-44", MPI_STATE, 0.001036, 0.002540, 0.001504, 0.000000, PMPI_Sendrecv
State, "rank-44", MPI_STATE, 0.002543, 0.005541, 0.002998, 0.000000, PMPI_Sendrecv
State, "rank-44", MPI_STATE, 0.005543, 0.011536, 0.005993, 0.000000, PMPI_Sendrecv
State, "rank-44", MPI_STATE, 0.014760, 0.014760, 0.000000, 0.000000, PMPI_Reduce
State, "rank-44", MPI_STATE, 0.014762, 0.014762, 0.000000, 0.000000, PMPI_Reduce
State, "rank-44", MPI_STATE, 0.014763, 0.014950, 0.000187, 0.000000, PMPI_Barrier
State, "rank-44", MPI_STATE, 0.014952, 0.014952, 0.000000, 0.000000, PMPI_Finalize
Container, 0, MPI, 0, 0.014951, 0.014951, "rank-43"
State, "rank-43", MPI_STATE, 0.000000, 0.000000, 0.000000, 0.000000, PMPI_Init
State, "rank-43", MPI_STATE, 0.000037, 0.000408, 0.000371, 0.000000, PMPI_Barrier
State, "rank-43", MPI_STATE, 0.000411, 0.000923, 0.000512, 0.000000, PMPI_Scatter
State, "rank-43", MPI_STATE, 0.000929, 0.000938, 0.000009, 0.000000, PMPI_Sendrecv
State, "rank-43", MPI_STATE, 0.000940, 0.000954, 0.000014, 0.000000, PMPI_Sendrecv
State, "rank-43", MPI_STATE, 0.000956, 0.000985, 0.000029, 0.000000, PMPI_Sendrecv
State, "rank-43", MPI_STATE, 0.000987, 0.001036, 0.000049, 0.000000, PMPI_Sendrecv
State, "rank-43", MPI_STATE, 0.001037, 0.002540, 0.001503, 0.000000, PMPI_Sendrecv
State, "rank-43", MPI_STATE, 0.002542, 0.005541, 0.002999, 0.000000, PMPI_Sendrecv
State, "rank-43", MPI_STATE, 0.005543, 0.011536, 0.005993, 0.000000, PMPI_Sendrecv
State, "rank-43", MPI_STATE, 0.014749, 0.014749, 0.000000, 0.000000, PMPI_Reduce
State, "rank-43", MPI_STATE, 0.014755, 0.014755, 0.000000, 0.000000, PMPI_Reduce
State, "rank-43", MPI_STATE, 0.014758, 0.014950, 0.000192, 0.000000, PMPI_Barrier
State, "rank-43", MPI_STATE, 0.014951, 0.014951, 0.000000, 0.000000, PMPI_Finalize
Container, 0, MPI, 0, 0.014952, 0.014952, "rank-42"
State, "rank-42", MPI_STATE, 0.000000, 0.000000, 0.000000, 0.000000, PMPI_Init
State, "rank-42", MPI_STATE, 0.000037, 0.000408, 0.000371, 0.000000, PMPI_Barrier
State, "rank-42", MPI_STATE, 0.000412, 0.000923, 0.000511, 0.000000, PMPI_Scatter
State, "rank-42", MPI_STATE, 0.000930, 0.000938, 0.000008, 0.000000, PMPI_Sendrecv
State, "rank-42", MPI_STATE, 0.000940, 0.000954, 0.000014, 0.000000, PMPI_Sendrecv
State, "rank-42", MPI_STATE, 0.000956, 0.000985, 0.000029, 0.000000, PMPI_Sendrecv
State, "rank-42", MPI_STATE, 0.000987, 0.001036, 0.000049, 0.000000, PMPI_Sendrecv
State, "rank-42", MPI_STATE, 0.001038, 0.002540, 0.001502, 0.000000, PMPI_Sendrecv
State, "rank-42", MPI_STATE, 0.002542, 0.005541, 0.002999, 0.000000, PMPI_Sendrecv
State, "rank-42", MPI_STATE, 0.005543, 0.011536, 0.005993, 0.000000, PMPI_Sendrecv
State, "rank-42", MPI_STATE, 0.014711, 0.014711, 0.000000, 0.000000, PMPI_Reduce
State, "rank-42", MPI_STATE, 0.014713, 0.014713, 0.000000, 0.000000, PMPI_Reduce
State, "rank-42", MPI_STATE, 0.014714, 0.014950, 0.000236, 0.000000, PMPI_Barrier
State, "rank-42", MPI_STATE, 0.014952, 0.014952, 0.000000, 0.000000, PMPI_Finalize
Container, 0, MPI, 0, 0.014951, 0.014951, "rank-41"
State, "rank-41", MPI_STATE, 0.000000, 0.000000, 0.000000, 0.000000, PMPI_Init
State, "rank-41", MPI_STATE, 0.000038, 0.000408, 0.000370, 0.000000, PMPI_Barrier
State, "rank-41", MPI_STATE, 0.000412, 0.000923, 0.000511, 0.000000, PMPI_Scatter
State, "rank-41", MPI_STATE, 0.000930, 0.000938, 0.000008, 0.000000, PMPI_Sendrecv
State, "rank-41", MPI_STATE, 0.000940, 0.000954, 0.000014, 0.000000, PMPI_Sendrecv
State, "rank-41", MPI_STATE, 0.000955, 0.000983, 0.000028, 0.000000, PMPI_Sendrecv
State, "rank-41", MPI_STATE, 0.000984, 0.001034, 0.000050, 0.000000, PMPI_Sendrecv
State, "rank-41", MPI_STATE, 0.001036, 0.002518, 0.001482, 0.000000, PMPI_Sendrecv
State, "rank-41", MPI_STATE, 0.002519, 0.005522, 0.003003, 0.000000, PMPI_Sendrecv
State, "rank-41", MPI_STATE, 0.005524, 0.011531, 0.006007, 0.000000, PMPI_Sendrecv
State, "rank-41", MPI_STATE, 0.014867, 0.014867, 0.000000, 0.000000, PMPI_Reduce
State, "rank-41", MPI_STATE, 0.014869, 0.014869, 0.000000, 0.000000, PMPI_Reduce
State, "rank-41", MPI_STATE, 0.014871, 0.014950, 0.000079, 0.000000, PMPI_Barrier
State, "rank-41", MPI_STATE, 0.014951, 0.014951, 0.000000, 0.000000, PMPI_Finalize
Container, 0, MPI, 0, 0.014952, 0.014952, "rank-40"
State, "rank-40", MPI_STATE, 0.000000, 0.000000, 0.000000, 0.000000, PMPI_Init
State, "rank-40", MPI_STATE, 0.000040, 0.000408, 0.000368, 0.000000, PMPI_Barrier
State, "rank-40", MPI_STATE, 0.000412, 0.000923, 0.000511, 0.000000, PMPI_Scatter
State, "rank-40", MPI_STATE, 0.000930, 0.000938, 0.000008, 0.000000, PMPI_Sendrecv
State, "rank-40", MPI_STATE, 0.000940, 0.000954, 0.000014, 0.000000, PMPI_Sendrecv
State, "rank-40", MPI_STATE, 0.000956, 0.000984, 0.000028, 0.000000, PMPI_Sendrecv
State, "rank-40", MPI_STATE, 0.000986, 0.001035, 0.000049, 0.000000, PMPI_Sendrecv
State, "rank-40", MPI_STATE, 0.001036, 0.002540, 0.001504, 0.000000, PMPI_Sendrecv
State, "rank-40", MPI_STATE, 0.002542, 0.005541, 0.002999, 0.000000, PMPI_Sendrecv
State, "rank-40", MPI_STATE, 0.005543, 0.011536, 0.005993, 0.000000, PMPI_Sendrecv
State, "rank-40", MPI_STATE, 0.014709, 0.014709, 0.000000, 0.000000, PMPI_Reduce
State, "rank-40", MPI_STATE, 0.014711, 0.014711, 0.000000, 0.000000, PMPI_Reduce
State, "rank-40", MPI_STATE, 0.014713, 0.014950, 0.000237, 0.000000, PMPI_Barrier
State, "rank-40", MPI_STATE, 0.014952, 0.014952, 0.000000, 0.000000, PMPI_Finalize
Container, 0, MPI, 0, 0.014952, 0.014952, "rank-39"
State, "rank-39", MPI_STATE, 0.000000, 0.000000, 0.000000, 0.000000, PMPI_Init
State, "rank-39", MPI_STATE, 0.000043, 0.000408, 0.000365, 0.000000, PMPI_Barrier
State, "rank-39", MPI_STATE, 0.000412, 0.000923, 0.000511, 0.000000, PMPI_Scatter
State, "rank-39", MPI_STATE, 0.000928, 0.000937, 0.000009, 0.000000, PMPI_Sendrecv
State, "rank-39", MPI_STATE, 0.000939, 0.000955, 0.000016, 0.000000, PMPI_Sendrecv
State, "rank-39", MPI_STATE, 0.000957, 0.000983, 0.000026, 0.000000, PMPI_Sendrecv
State, "rank-39", MPI_STATE, 0.000986, 0.001036, 0.000050, 0.000000, PMPI_Sendrecv
State, "rank-39", MPI_STATE, 0.001037, 0.002540, 0.001503, 0.000000, PMPI_Sendrecv
State, "rank-39", MPI_STATE, 0.002542, 0.005541, 0.002999, 0.000000, PMPI_Sendrecv
State, "rank-39", MPI_STATE, 0.005543, 0.011536, 0.005993, 0.000000, PMPI_Sendrecv
State, "rank-39", MPI_STATE, 0.014779, 0.014779, 0.000000, 0.000000, PMPI_Reduce
State, "rank-39", MPI_STATE, 0.014781, 0.014781, 0.000000, 0.000000, PMPI_Reduce
State, "rank-39", MPI_STATE, 0.014783, 0.014950, 0.000167, 0.000000, PMPI_Barrier
State, "rank-39", MPI_STATE, 0.014952, 0.014952, 0.000000, 0.000000, PMPI_Finalize
Container, 0, MPI, 0, 0.014952, 0.014952, "rank-3"
State, "rank-3", MPI_STATE, 0.000000, 0.000000, 0.000000, 0.000000, PMPI_Init
State, "rank-3", MPI_STATE, 0.000043, 0.000407, 0.000364, 0.000000, PMPI_Barrier
State, "rank-3", MPI_STATE, 0.000411, 0.000692, 0.000281, 0.000000, PMPI_Scatter
State, "rank-3", MPI_STATE, 0.000699, 0.000708, 0.000009, 0.000000, PMPI_Sendrecv
State, "rank-3", MPI_STATE, 0.000709, 0.000940, 0.000231, 0.000000, PMPI_Sendrecv
State, "rank-3", MPI_STATE, 0.000943, 0.000969, 0.000026, 0.000000, PMPI_Sendrecv
State, "rank-3", MPI_STATE, 0.000970, 0.001019, 0.000049, 0.000000, PMPI_Sendrecv
State, "rank-3", MPI_STATE, 0.001021, 0.002536, 0.001515, 0.000000, PMPI_Sendrecv
State, "rank-3", MPI_STATE, 0.002538, 0.005537, 0.002999, 0.000000, PMPI_Sendrecv
State, "rank-3", MPI_STATE, 0.005539, 0.011522, 0.005983, 0.000000, PMPI_Sendrecv
State, "rank-3", MPI_STATE, 0.014693, 0.014693, 0.000000, 0.000000, PMPI_Reduce
State, "rank-3", MPI_STATE, 0.014695, 0.014695, 0.000000, 0.000000, PMPI_Reduce
State, "rank-3", MPI_STATE, 0.014696, 0.014950, 0.000254, 0.000000, PMPI_Barrier
State, "rank-3", MPI_STATE, 0.014952, 0.014952, 0.000000, 0.000000, PMPI_Finalize
Container, 0, MPI, 0, 0.014952, 0.014952, "rank-38"
State, "rank-38", MPI_STATE, 0.000000, 0.000000, 0.000000, 0.000000, PMPI_Init
State, "rank-38", MPI_STATE, 0.000040, 0.000408, 0.000368, 0.000000, PMPI_Barrier
State, "rank-38", MPI_STATE, 0.000412, 0.000923, 0.000511, 0.000000, PMPI_Scatter
State, "rank-38", MPI_STATE, 0.000929, 0.000937, 0.000008, 0.000000, PMPI_Sendrecv
State, "rank-38", MPI_STATE, 0.000939, 0.000956, 0.000017, 0.000000, PMPI_Sendrecv
State, "rank-38", MPI_STATE, 0.000958, 0.000984, 0.000026, 0.000000, PMPI_Sendrecv
State, "rank-38", MPI_STATE, 0.000986, 0.001035, 0.000049, 0.000000, PMPI_Sendrecv
State, "rank-38", MPI_STATE, 0.001036, 0.002540, 0.001504, 0.000000, PMPI_Sendrecv
State, "rank-38", MPI_STATE, 0.002542, 0.005541, 0.002999, 0.000000, PMPI_Sendrecv
State, "rank-38", MPI_STATE, 0.005543, 0.011536, 0.005993, 0.000000, PMPI_Sendrecv
State, "rank-38", MPI_STATE, 0.014677, 0.014677, 0.000000, 0.000000, PMPI_Reduce
State, "rank-38", MPI_STATE, 0.014679, 0.014679, 0.000000, 0.000000, PMPI_Reduce
State, "rank-38", MPI_STATE, 0.014681, 0.014950, 0.000269, 0.000000, PMPI_Barrier
State, "rank-38", MPI_STATE, 0.014952, 0.014952, 0.000000, 0.000000, PMPI_Finalize
Container, 0, MPI, 0, 0.014952, 0.014952, "rank-37"
State, "rank-37", MPI_STATE, 0.000000, 0.000000, 0.000000, 0.000000, PMPI_Init
State, "rank-37", MPI_STATE, 0.000044, 0.000408, 0.000364, 0.000000, PMPI_Barrier
State, "rank-37", MPI_STATE, 0.000411, 0.000923, 0.000512, 0.000000, PMPI_Scatter
State, "rank-37", MPI_STATE, 0.000932, 0.000940, 0.000008, 0.000000, PMPI_Sendrecv
State, "rank-37", MPI_STATE, 0.000941, 0.000955, 0.000014, 0.000000, PMPI_Sendrecv
State, "rank-37", MPI_STATE, 0.000957, 0.000983, 0.000026, 0.000000, PMPI_Sendrecv
State, "rank-37", MPI_STATE, 0.000984, 0.001034, 0.000050, 0.000000, PMPI_Sendrecv
State, "rank-37", MPI_STATE, 0.001035, 0.002540, 0.001505, 0.000000, PMPI_Sendrecv
State, "rank-37", MPI_STATE, 0.002542, 0.005541, 0.002999, 0.000000, PMPI_Sendrecv
State, "rank-37", MPI_STATE, 0.005543, 0.011536, 0.005993, 0.000000, PMPI_Sendrecv
State, "rank-37", MPI_STATE, 0.014711, 0.014711, 0.000000, 0.000000, PMPI_Reduce
State, "rank-37", MPI_STATE, 0.014713, 0.014713, 0.000000, 0.000000, PMPI_Reduce
State, "rank-37", MPI_STATE, 0.014714, 0.014950, 0.000236, 0.000000, PMPI_Barrier
State, "rank-37", MPI_STATE, 0.014952, 0.014952, 0.000000, 0.000000, PMPI_Finalize
Container, 0, MPI, 0, 0.014952, 0.014952, "rank-36"
State, "rank-36", MPI_STATE, 0.000000, 0.000000, 0.000000, 0.000000, PMPI_Init
State, "rank-36", MPI_STATE, 0.000039, 0.000408, 0.000369, 0.000000, PMPI_Barrier
State, "rank-36", MPI_STATE, 0.000412, 0.000923, 0.000511, 0.000000, PMPI_Scatter
State, "rank-36", MPI_STATE, 0.000930, 0.000940, 0.000010, 0.000000, PMPI_Sendrecv
State, "rank-36", MPI_STATE, 0.000942, 0.000956, 0.000014, 0.000000, PMPI_Sendrecv
State, "rank-36", MPI_STATE, 0.000958, 0.000984, 0.000026, 0.000000, PMPI_Sendrecv
State, "rank-36", MPI_STATE, 0.000986, 0.001035, 0.000049, 0.000000, PMPI_Sendrecv
State, "rank-36", MPI_STATE, 0.001037, 0.002540, 0.001503, 0.000000, PMPI_Sendrecv
State, "rank-36", MPI_STATE, 0.002543, 0.005541, 0.002998, 0.000000, PMPI_Sendrecv
State, "rank-36", MPI_STATE, 0.005543, 0.011536, 0.005993, 0.000000, PMPI_Sendrecv
State, "rank-36", MPI_STATE, 0.014690, 0.014690, 0.000000, 0.000000, PMPI_Reduce
State, "rank-36", MPI_STATE, 0.014692, 0.014692, 0.000000, 0.000000, PMPI_Reduce
State, "rank-36", MPI_STATE, 0.014694, 0.014950, 0.000256, 0.000000, PMPI_Barrier
State, "rank-36", MPI_STATE, 0.014952, 0.014952, 0.000000, 0.000000, PMPI_Finalize
Container, 0, MPI, 0, 0.014952, 0.014952, "rank-35"
State, "rank-35", MPI_STATE, 0.000000, 0.000000, 0.000000, 0.000000, PMPI_Init
State, "rank-35", MPI_STATE, 0.000044, 0.000408, 0.000364, 0.000000, PMPI_Barrier
State, "rank-35", MPI_STATE, 0.000412, 0.000923, 0.000511, 0.000000, PMPI_Scatter
State, "rank-35", MPI_STATE, 0.000931, 0.000939, 0.000008, 0.000000, PMPI_Sendrecv
State, "rank-35", MPI_STATE, 0.000941, 0.000955, 0.000014, 0.000000, PMPI_Sendrecv
State, "rank-35", MPI_STATE, 0.000957, 0.000983, 0.000026, 0.000000, PMPI_Sendrecv
State, "rank-35", MPI_STATE, 0.000985, 0.001036, 0.000051, 0.000000, PMPI_Sendrecv
State, "rank-35", MPI_STATE, 0.001038, 0.002540, 0.001502, 0.000000, PMPI_Sendrecv
State, "rank-35", MPI_STATE, 0.002541, 0.005537, 0.002996, 0.000000, PMPI_Sendrecv
State, "rank-35", MPI_STATE, 0.005539, 0.011519, 0.005980, 0.000000, PMPI_Sendrecv
State, "rank-35", MPI_STATE, 0.014506, 0.014506, 0.000000, 0.000000, PMPI_Reduce
State, "rank-35", MPI_STATE, 0.014508, 0.014508, 0.000000, 0.000000, PMPI_Reduce
State, "rank-35", MPI_STATE, 0.014509, 0.014950, 0.000441, 0.000000, PMPI_Barrier
State, "rank-35", MPI_STATE, 0.014952, 0.014952, 0.000000, 0.000000, PMPI_Finalize
Container, 0, MPI, 0, 0.014952, 0.014952, "rank-34"
State, "rank-34", MPI_STATE, 0.000000, 0.000000, 0.000000, 0.000000, PMPI_Init
State, "rank-34", MPI_STATE, 0.000042, 0.000408, 0.000366, 0.000000, PMPI_Barrier
State, "rank-34", MPI_STATE, 0.000411, 0.000923, 0.000512, 0.000000, PMPI_Scatter
State, "rank-34", MPI_STATE, 0.000931, 0.000939, 0.000008, 0.000000, PMPI_Sendrecv
State, "rank-34", MPI_STATE, 0.000941, 0.000955, 0.000014, 0.000000, PMPI_Sendrecv
State, "rank-34", MPI_STATE, 0.000957, 0.000984, 0.000027, 0.000000, PMPI_Sendrecv
State, "rank-34", MPI_STATE, 0.000985, 0.001036, 0.000051, 0.000000, PMPI_Sendrecv
State, "rank-34", MPI_STATE, 0.001038, 0.002540, 0.001502, 0.000000, PMPI_Sendrecv
State, "rank-34", MPI_STATE, 0.002542, 0.005541, 0.002999, 0.000000, PMPI_Sendrecv
State, "rank-34", MPI_STATE, 0.005543, 0.011536, 0.005993, 0.000000, PMPI_Sendrecv
State, "rank-34", MPI_STATE, 0.014697, 0.014697, 0.000000, 0.000000, PMPI_Reduce
State, "rank-34", MPI_STATE, 0.014700, 0.014700, 0.000000, 0.000000, PMPI_Reduce
State, "rank-34", MPI_STATE, 0.014701, 0.014950, 0.000249, 0.000000, PMPI_Barrier
State, "rank-34", MPI_STATE, 0.014952, 0.014952, 0.000000, 0.000000, PMPI_Finalize
Container, 0, MPI, 0, 0.014952, 0.014952, "rank-33"
State, "rank-33", MPI_STATE, 0.000000, 0.000000, 0.000000, 0.000000, PMPI_Init
State, "rank-33", MPI_STATE, 0.000041, 0.000408, 0.000367, 0.000000, PMPI_Barrier
State, "rank-33", MPI_STATE, 0.000412, 0.000923, 0.000511, 0.000000, PMPI_Scatter
State, "rank-33", MPI_STATE, 0.000929, 0.000937, 0.000008, 0.000000, PMPI_Sendrecv
State, "rank-33", MPI_STATE, 0.000938, 0.000955, 0.000017, 0.000000, PMPI_Sendrecv
State, "rank-33", MPI_STATE, 0.000956, 0.000983, 0.000027, 0.000000, PMPI_Sendrecv
State, "rank-33", MPI_STATE, 0.000985, 0.001034, 0.000049, 0.000000, PMPI_Sendrecv
State, "rank-33", MPI_STATE, 0.001035, 0.002533, 0.001498, 0.000000, PMPI_Sendrecv
State, "rank-33", MPI_STATE, 0.002535, 0.005538, 0.003003, 0.000000, PMPI_Sendrecv
State, "rank-33", MPI_STATE, 0.005539, 0.011509, 0.005970, 0.000000, PMPI_Sendrecv
State, "rank-33", MPI_STATE, 0.014733, 0.014733, 0.000000, 0.000000, PMPI_Reduce
State, "rank-33", MPI_STATE, 0.014736, 0.014736, 0.000000, 0.000000, PMPI_Reduce
State, "rank-33", MPI_STATE, 0.014737, 0.014950, 0.000213, 0.000000, PMPI_Barrier
State, "rank-33", MPI_STATE, 0.014952, 0.014952, 0.000000, 0.000000, PMPI_Finalize
Container, 0, MPI, 0, 0.014952, 0.014952, "rank-32"
State, "rank-32", MPI_STATE, 0.000000, 0.000000, 0.000000, 0.000000, PMPI_Init
State, "rank-32", MPI_STATE, 0.000044, 0.000408, 0.000364, 0.000000, PMPI_Barrier
State, "rank-32", MPI_STATE, 0.000412, 0.000923, 0.000511, 0.000000, PMPI_Scatter
State, "rank-32", MPI_STATE, 0.000929, 0.000937, 0.000008, 0.000000, PMPI_Sendrecv
State, "rank-32", MPI_STATE, 0.000938, 0.000955, 0.000017, 0.000000, PMPI_Sendrecv
State, "rank-32", MPI_STATE, 0.000957, 0.000984, 0.000027, 0.000000, PMPI_Sendrecv
State, "rank-32", MPI_STATE, 0.000986, 0.001035, 0.000049, 0.000000, PMPI_Sendrecv
State, "rank-32", MPI_STATE, 0.001036, 0.002540, 0.001504, 0.000000, PMPI_Sendrecv
State, "rank-32", MPI_STATE, 0.002542, 0.005541, 0.002999, 0.000000, PMPI_Sendrecv
State, "rank-32", MPI_STATE, 0.005543, 0.011536, 0.005993, 0.000000, PMPI_Sendrecv
State, "rank-32", MPI_STATE, 0.014766, 0.014766, 0.000000, 0.000000, PMPI_Reduce
State, "rank-32", MPI_STATE, 0.014768, 0.014768, 0.000000, 0.000000, PMPI_Reduce
State, "rank-32", MPI_STATE, 0.014771, 0.014950, 0.000179, 0.000000, PMPI_Barrier
State, "rank-32", MPI_STATE, 0.014952, 0.014952, 0.000000, 0.000000, PMPI_Finalize
Container, 0, MPI, 0, 0.014952, 0.014952, "rank-31"
State, "rank-31", MPI_STATE, 0.000000, 0.000000, 0.000000, 0.000000, PMPI_Init
State, "rank-31", MPI_STATE, 0.000042, 0.000408, 0.000366, 0.000000, PMPI_Barrier
State, "rank-31", MPI_STATE, 0.000412, 0.000923, 0.000511, 0.000000, PMPI_Scatter
State, "rank-31", MPI_STATE, 0.000930, 0.000938, 0.000008, 0.000000, PMPI_Sendrecv
State, "rank-31", MPI_STATE, 0.000940, 0.000956, 0.000016, 0.000000, PMPI_Sendrecv
State, "rank-31", MPI_STATE, 0.000957, 0.000983, 0.000026, 0.000000, PMPI_Sendrecv
State, "rank-31", MPI_STATE, 0.000985, 0.001034, 0.000049, 0.000000, PMPI_Sendrecv
State, "rank-31", MPI_STATE, 0.001036, 0.002537, 0.001501, 0.000000, PMPI_Sendrecv
State, "rank-31", MPI_STATE, 0.002538, 0.005541, 0.003003, 0.000000, PMPI_Sendrecv
State, "rank-31", MPI_STATE, 0.005543, 0.011533, 0.005990, 0.000000, PMPI_Sendrecv
State, "rank-31", MPI_STATE, 0.014684, 0.014684, 0.000000, 0.000000, PMPI_Reduce
State, "rank-31", MPI_STATE, 0.014686, 0.014686, 0.000000, 0.000000, PMPI_Reduce
State, "rank-31", MPI_STATE, 0.014687, 0.014950, 0.000263, 0.000000, PMPI_Barrier
State, "rank-31", MPI_STATE, 0.014952, 0.014952, 0.000000, 0.000000, PMPI_Finalize
Container, 0, MPI, 0, 0.014952, 0.014952, "rank-30"
State, "rank-30", MPI_STATE, 0.000000, 0.000000, 0.000000, 0.000000, PMPI_Init
State, "rank-30", MPI_STATE, 0.000044, 0.000408, 0.000364, 0.000000, PMPI_Barrier
State, "rank-30", MPI_STATE, 0.000412, 0.000923, 0.000511, 0.000000, PMPI_Scatter
State, "rank-30", MPI_STATE, 0.000929, 0.000938, 0.000009, 0.000000, PMPI_Sendrecv
State, "rank-30", MPI_STATE, 0.000939, 0.000955, 0.000016, 0.000000, PMPI_Sendrecv
State, "rank-30", MPI_STATE, 0.000956, 0.000982, 0.000026, 0.000000, PMPI_Sendrecv
State, "rank-30", MPI_STATE, 0.000985, 0.001034, 0.000049, 0.000000, PMPI_Sendrecv
State, "rank-30", MPI_STATE, 0.001036, 0.002537, 0.001501, 0.000000, PMPI_Sendrecv
State, "rank-30", MPI_STATE, 0.002539, 0.005541, 0.003002, 0.000000, PMPI_Sendrecv
State, "rank-30", MPI_STATE, 0.005543, 0.011533, 0.005990, 0.000000, PMPI_Sendrecv
State, "rank-30", MPI_STATE, 0.014717, 0.014717, 0.000000, 0.000000, PMPI_Reduce
State, "rank-30", MPI_STATE, 0.014720, 0.014720, 0.000000, 0.000000, PMPI_Reduce
State, "rank-30", MPI_STATE, 0.014722, 0.014950, 0.000228, 0.000000, PMPI_Barrier
State, "rank-30", MPI_STATE, 0.014952, 0.014952, 0.000000, 0.000000, PMPI_Finalize
Container, 0, MPI, 0, 0.014952, 0.014952, "rank-29"
State, "rank-29", MPI_STATE, 0.000000, 0.000000, 0.000000, 0.000000, PMPI_Init
State, "rank-29", MPI_STATE, 0.000067, 0.000408, 0.000341, 0.000000, PMPI_Barrier
State, "rank-29", MPI_STATE, 0.000412, 0.000923, 0.000511, 0.000000, PMPI_Scatter
State, "rank-29", MPI_STATE, 0.000932, 0.000940, 0.000008, 0.000000, PMPI_Sendrecv
State, "rank-29", MPI_STATE, 0.000942, 0.000956, 0.000014, 0.000000, PMPI_Sendrecv
State, "rank-29", MPI_STATE, 0.000958, 0.000984, 0.000026, 0.000000, PMPI_Sendrecv
State, "rank-29", MPI_STATE, 0.000985, 0.001034, 0.000049, 0.000000, PMPI_Sendrecv
State, "rank-29", MPI_STATE, 0.001035, 0.002536, 0.001501, 0.000000, PMPI_Sendrecv
State, "rank-29", MPI_STATE, 0.002538, 0.005540, 0.003002, 0.000000, PMPI_Sendrecv
State, "rank-29", MPI_STATE, 0.005542, 0.011533, 0.005991, 0.000000, PMPI_Sendrecv
State, "rank-29", MPI_STATE, 0.014857, 0.014857, 0.000000, 0.000000, PMPI_Reduce
State, "rank-29", MPI_STATE, 0.014859, 0.014859, 0.000000, 0.000000, PMPI_Reduce
State, "rank-29", MPI_STATE, 0.014862, 0.014950, 0.000088, 0.000000, PMPI_Barrier
State, "rank-29", MPI_STATE, 0.014952, 0.014952, 0.000000, 0.000000, PMPI_Finalize
Container, 0, MPI, 0, 0.014952, 0.014952, "rank-2"
State, "rank-2", MPI_STATE, 0.000000, 0.000000, 0.000000, 0.000000, PMPI_Init
State, "rank-2", MPI_STATE, 0.000046, 0.000407, 0.000361, 0.000000, PMPI_Barrier
State, "rank-2", MPI_STATE, 0.000411, 0.000692, 0.000281, 0.000000, PMPI_Scatter
State, "rank-2", MPI_STATE, 0.000698, 0.000708, 0.000010, 0.000000, PMPI_Sendrecv
State, "rank-2", MPI_STATE, 0.000710, 0.000940, 0.000230, 0.000000, PMPI_Sendrecv
State, "rank-2", MPI_STATE, 0.000941, 0.000967, 0.000026, 0.000000, PMPI_Sendrecv
State, "rank-2", MPI_STATE, 0.000968, 0.001017, 0.000049, 0.000000, PMPI_Sendrecv
State, "rank-2", MPI_STATE, 0.001019, 0.002536, 0.001517, 0.000000, PMPI_Sendrecv
State, "rank-2", MPI_STATE, 0.002538, 0.005541, 0.003003, 0.000000, PMPI_Sendrecv
State, "rank-2", MPI_STATE, 0.005543, 0.011535, 0.005992, 0.000000, PMPI_Sendrecv
State, "rank-2", MPI_STATE, 0.014772, 0.014772, 0.000000, 0.000000, PMPI_Reduce
State, "rank-2", MPI_STATE, 0.014775, 0.014775, 0.000000, 0.000000, PMPI_Reduce
State, "rank-2", MPI_STATE, 0.014777, 0.014950, 0.000173, 0.000000, PMPI_Barrier
State, "rank-2", MPI_STATE, 0.014952, 0.014952, 0.000000, 0.000000, PMPI_Finalize
Container, 0, MPI, 0, 0.014952, 0.014952, "rank-28"
State, "rank-28", MPI_STATE, 0.000000, 0.000000, 0.000000, 0.000000, PMPI_Init
State, "rank-28", MPI_STATE, 0.000043, 0.000408, 0.000365, 0.000000, PMPI_Barrier
State, "rank-28", MPI_STATE, 0.000411, 0.000923, 0.000512, 0.000000, PMPI_Scatter
State, "rank-28", MPI_STATE, 0.000930, 0.000940, 0.000010, 0.000000, PMPI_Sendrecv
State, "rank-28", MPI_STATE, 0.000941, 0.000955, 0.000014, 0.000000, PMPI_Sendrecv
State, "rank-28", MPI_STATE, 0.000958, 0.000984, 0.000026, 0.000000, PMPI_Sendrecv
State, "rank-28", MPI_STATE, 0.000986, 0.001035, 0.000049, 0.000000, PMPI_Sendrecv
State, "rank-28", MPI_STATE, 0.001038, 0.002538, 0.001500, 0.000000, PMPI_Sendrecv
State, "rank-28", MPI_STATE, 0.002540, 0.005541, 0.003001, 0.000000, PMPI_Sendrecv
State, "rank-28", MPI_STATE, 0.005543, 0.011534, 0.005991, 0.000000, PMPI_Sendrecv
State, "rank-28", MPI_STATE, 0.014760, 0.014760, 0.000000, 0.000000, PMPI_Reduce
State, "rank-28", MPI_STATE, 0.014762, 0.014762, 0.000000, 0.000000, PMPI_Reduce
State, "rank-28", MPI_STATE, 0.014764, 0.014950, 0.000186, 0.000000, PMPI_Barrier
State, "rank-28", MPI_STATE, 0.014952, 0.014952, 0.000000, 0.000000, PMPI_Finalize
Container, 0, MPI, 0, 0.014952, 0.014952, "rank-27"
State, "rank-27", MPI_STATE, 0.000000, 0.000000, 0.000000, 0.000000, PMPI_Init
State, "rank-27", MPI_STATE, 0.000044, 0.000408, 0.000364, 0.000000, PMPI_Barrier
State, "rank-27", MPI_STATE, 0.000412, 0.000923, 0.000511, 0.000000, PMPI_Scatter
State, "rank-27", MPI_STATE, 0.000930, 0.000938, 0.000008, 0.000000, PMPI_Sendrecv
State, "rank-27", MPI_STATE, 0.000939, 0.000953, 0.000014, 0.000000, PMPI_Sendrecv
State, "rank-27", MPI_STATE, 0.000954, 0.000983, 0.000029, 0.000000, PMPI_Sendrecv
State, "rank-27", MPI_STATE, 0.000984, 0.001033, 0.000049, 0.000000, PMPI_Sendrecv
State, "rank-27", MPI_STATE, 0.001035, 0.002536, 0.001501, 0.000000, PMPI_Sendrecv
State, "rank-27", MPI_STATE, 0.002538, 0.005541, 0.003003, 0.000000, PMPI_Sendrecv
State, "rank-27", MPI_STATE, 0.005543, 0.011532, 0.005989, 0.000000, PMPI_Sendrecv
State, "rank-27", MPI_STATE, 0.014690, 0.014690, 0.000000, 0.000000, PMPI_Reduce
State, "rank-27", MPI_STATE, 0.014692, 0.014692, 0.000000, 0.000000, PMPI_Reduce
State, "rank-27", MPI_STATE, 0.014695, 0.014950, 0.000255, 0.000000, PMPI_Barrier
State, "rank-27", MPI_STATE, 0.014952, 0.014952, 0.000000, 0.000000, PMPI_Finalize
Container, 0, MPI, 0, 0.014951, 0.014951, "rank-26"
State, "rank-26", MPI_STATE, 0.000000, 0.000000, 0.000000, 0.000000, PMPI_Init
State, "rank-26", MPI_STATE, 0.000043, 0.000408, 0.000365, 0.000000, PMPI_Barrier
State, "rank-26", MPI_STATE, 0.000412, 0.000923, 0.000511, 0.000000, PMPI_Scatter
State, "rank-26", MPI_STATE, 0.000930, 0.000938, 0.000008, 0.000000, PMPI_Sendrecv
State, "rank-26", MPI_STATE, 0.000939, 0.000954, 0.000015, 0.000000, PMPI_Sendrecv
State, "rank-26", MPI_STATE, 0.000955, 0.000982, 0.000027, 0.000000, PMPI_Sendrecv
State, "rank-26", MPI_STATE, 0.000984, 0.001033, 0.000049, 0.000000, PMPI_Sendrecv
State, "rank-26", MPI_STATE, 0.001035, 0.002536, 0.001501, 0.000000, PMPI_Sendrecv
State, "rank-26", MPI_STATE, 0.002537, 0.005540, 0.003003, 0.000000, PMPI_Sendrecv
State, "rank-26", MPI_STATE, 0.005543, 0.011533, 0.005990, 0.000000, PMPI_Sendrecv
State, "rank-26", MPI_STATE, 0.014881, 0.014881, 0.000000, 0.000000, PMPI_Reduce
State, "rank-26", MPI_STATE, 0.014884, 0.014884, 0.000000, 0.000000, PMPI_Reduce
State, "rank-26", MPI_STATE, 0.014886, 0.014950, 0.000064, 0.000000, PMPI_Barrier
State, "rank-26", MPI_STATE, 0.014951, 0.014951, 0.000000, 0.000000, PMPI_Finalize
Container, 0, MPI, 0, 0.014952, 0.014952, "rank-25"
State, "rank-25", MPI_STATE, 0.000000, 0.000000, 0.000000, 0.000000, PMPI_Init
State, "rank-25", MPI_STATE, 0.000042, 0.000408, 0.000366, 0.000000, PMPI_Barrier
State, "rank-25", MPI_STATE, 0.000412, 0.000923, 0.000511, 0.000000, PMPI_Scatter
State, "rank-25", MPI_STATE, 0.000930, 0.000938, 0.000008, 0.000000, PMPI_Sendrecv
State, "rank-25", MPI_STATE, 0.000939, 0.000953, 0.000014, 0.000000, PMPI_Sendrecv
State, "rank-25", MPI_STATE, 0.000955, 0.000984, 0.000029, 0.000000, PMPI_Sendrecv
State, "rank-25", MPI_STATE, 0.000986, 0.001035, 0.000049, 0.000000, PMPI_Sendrecv
State, "rank-25", MPI_STATE, 0.001037, 0.002538, 0.001501, 0.000000, PMPI_Sendrecv
State, "rank-25", MPI_STATE, 0.002540, 0.005532, 0.002992, 0.000000, PMPI_Sendrecv
State, "rank-25", MPI_STATE, 0.005533, 0.011509, 0.005976, 0.000000, PMPI_Sendrecv
State, "rank-25", MPI_STATE, 0.014518, 0.014518, 0.000000, 0.000000, PMPI_Reduce
State, "rank-25", MPI_STATE, 0.014520, 0.014520, 0.000000, 0.000000, PMPI_Reduce
State, "rank-25", MPI_STATE, 0.014522, 0.014950, 0.000428, 0.000000, PMPI_Barrier
State, "rank-25", MPI_STATE, 0.014952, 0.014952, 0.000000, 0.000000, PMPI_Finalize
Container, 0, MPI, 0, 0.014952, 0.014952, "rank-24"
State, "rank-24", MPI_STATE, 0.000000, 0.000000, 0.000000, 0.000000, PMPI_Init
State, "rank-24", MPI_STATE, 0.000048, 0.000408, 0.000360, 0.000000, PMPI_Barrier
State, "rank-24", MPI_STATE, 0.000411, 0.000923, 0.000512, 0.000000, PMPI_Scatter
State, "rank-24", MPI_STATE, 0.000930, 0.000938, 0.000008, 0.000000, PMPI_Sendrecv
State, "rank-24", MPI_STATE, 0.000940, 0.000954, 0.000014, 0.000000, PMPI_Sendrecv
State, "rank-24", MPI_STATE, 0.000956, 0.000984, 0.000028, 0.000000, PMPI_Sendrecv
State, "rank-24", MPI_STATE, 0.000987, 0.001036, 0.000049, 0.000000, PMPI_Sendrecv
State, "rank-24", MPI_STATE, 0.001037, 0.002538, 0.001501, 0.000000, PMPI_Sendrecv
State, "rank-24", MPI_STATE, 0.002539, 0.005541, 0.003002, 0.000000, PMPI_Sendrecv
State, "rank-24", MPI_STATE, 0.005543, 0.011534, 0.005991, 0.000000, PMPI_Sendrecv
State, "rank-24", MPI_STATE, 0.014745, 0.014745, 0.000000, 0.000000, PMPI_Reduce
State, "rank-24", MPI_STATE, 0.014748, 0.014748, 0.000000, 0.000000, PMPI_Reduce
State, "rank-24", MPI_STATE, 0.014751, 0.014950, 0.000199, 0.000000, PMPI_Barrier
State, "rank-24", MPI_STATE, 0.014952, 0.014952, 0.000000, 0.000000, PMPI_Finalize
Container, 0, MPI, 0, 0.014952, 0.014952, "rank-23"
State, "rank-23", MPI_STATE, 0.000000, 0.000000, 0.000000, 0.000000, PMPI_Init
State, "rank-23", MPI_STATE, 0.000046, 0.000408, 0.000362, 0.000000, PMPI_Barrier
State, "rank-23", MPI_STATE, 0.000412, 0.000923, 0.000511, 0.000000, PMPI_Scatter
State, "rank-23", MPI_STATE, 0.000929, 0.000937, 0.000008, 0.000000, PMPI_Sendrecv
State, "rank-23", MPI_STATE, 0.000939, 0.000954, 0.000015, 0.000000, PMPI_Sendrecv
State, "rank-23", MPI_STATE, 0.000956, 0.000982, 0.000026, 0.000000, PMPI_Sendrecv
State, "rank-23", MPI_STATE, 0.000984, 0.001034, 0.000050, 0.000000, PMPI_Sendrecv
State, "rank-23", MPI_STATE, 0.001035, 0.002536, 0.001501, 0.000000, PMPI_Sendrecv
State, "rank-23", MPI_STATE, 0.002537, 0.005541, 0.003004, 0.000000, PMPI_Sendrecv
State, "rank-23", MPI_STATE, 0.005543, 0.011533, 0.005990, 0.000000, PMPI_Sendrecv
State, "rank-23", MPI_STATE, 0.014677, 0.014677, 0.000000, 0.000000, PMPI_Reduce
State, "rank-23", MPI_STATE, 0.014681, 0.014681, 0.000000, 0.000000, PMPI_Reduce
State, "rank-23", MPI_STATE, 0.014684, 0.014950, 0.000266, 0.000000, PMPI_Barrier
State, "rank-23", MPI_STATE, 0.014952, 0.014952, 0.000000, 0.000000, PMPI_Finalize
Container, 0, MPI, 0, 0.014953, 0.014953, "rank-22"
State, "rank-22", MPI_STATE, 0.000000, 0.000000, 0.000000, 0.000000, PMPI_Init
State, "rank-22", MPI_STATE, 0.000047, 0.000408, 0.000361, 0.000000, PMPI_Barrier
State, "rank-22", MPI_STATE, 0.000412, 0.000923, 0.000511, 0.000000, PMPI_Scatter
State, "rank-22", MPI_STATE, 0.000929, 0.000937, 0.000008, 0.000000, PMPI_Sendrecv
State, "rank-22", MPI_STATE, 0.000938, 0.000953, 0.000015, 0.000000, PMPI_Sendrecv
State, "rank-22", MPI_STATE, 0.000955, 0.000981, 0.000026, 0.000000, PMPI_Sendrecv
State, "rank-22", MPI_STATE, 0.000983, 0.001034, 0.000051, 0.000000, PMPI_Sendrecv
State, "rank-22", MPI_STATE, 0.001036, 0.002537, 0.001501, 0.000000, PMPI_Sendrecv
State, "rank-22", MPI_STATE, 0.002539, 0.005540, 0.003001, 0.000000, PMPI_Sendrecv
State, "rank-22", MPI_STATE, 0.005542, 0.011534, 0.005992, 0.000000, PMPI_Sendrecv
State, "rank-22", MPI_STATE, 0.014781, 0.014781, 0.000000, 0.000000, PMPI_Reduce
State, "rank-22", MPI_STATE, 0.014783, 0.014783, 0.000000, 0.000000, PMPI_Reduce
State, "rank-22", MPI_STATE, 0.014785, 0.014950, 0.000165, 0.000000, PMPI_Barrier
State, "rank-22", MPI_STATE, 0.014953, 0.014953, 0.000000, 0.000000, PMPI_Finalize
Container, 0, MPI, 0, 0.014952, 0.014952, "rank-21"
State, "rank-21", MPI_STATE, 0.000000, 0.000000, 0.000000, 0.000000, PMPI_Init
State, "rank-21", MPI_STATE, 0.000043, 0.000408, 0.000365, 0.000000, PMPI_Barrier
State, "rank-21", MPI_STATE, 0.000413, 0.000923, 0.000510, 0.000000, PMPI_Scatter
State, "rank-21", MPI_STATE, 0.000930, 0.000938, 0.000008, 0.000000, PMPI_Sendrecv
State, "rank-21", MPI_STATE, 0.000940, 0.000954, 0.000014, 0.000000, PMPI_Sendrecv
State, "rank-21", MPI_STATE, 0.000955, 0.000981, 0.000026, 0.000000, PMPI_Sendrecv
State, "rank-21", MPI_STATE, 0.000983, 0.001034, 0.000051, 0.000000, PMPI_Sendrecv
State, "rank-21", MPI_STATE, 0.001036, 0.002537, 0.001501, 0.000000, PMPI_Sendrecv
State, "rank-21", MPI_STATE, 0.002538, 0.005541, 0.003003, 0.000000, PMPI_Sendrecv
State, "rank-21", MPI_STATE, 0.005543, 0.011532, 0.005989, 0.000000, PMPI_Sendrecv
State, "rank-21", MPI_STATE, 0.014677, 0.014677, 0.000000, 0.000000, PMPI_Reduce
State, "rank-21", MPI_STATE, 0.014679, 0.014679, 0.000000, 0.000000, PMPI_Reduce
State, "rank-21", MPI_STATE, 0.014681, 0.014950, 0.000269, 0.000000, PMPI_Barrier
State, "rank-21", MPI_STATE, 0.014952, 0.014952, 0.000000, 0.000000, PMPI_Finalize
Container, 0, MPI, 0, 0.014952, 0.014952, "rank-20"
State, "rank-20", MPI_STATE, 0.000000, 0.000000, 0.000000, 0.000000, PMPI_Init
State, "rank-20", MPI_STATE, 0.000045, 0.000408, 0.000363, 0.000000, PMPI_Barrier
State, "rank-20", MPI_STATE, 0.000413, 0.000923, 0.000510, 0.000000, PMPI_Scatter
State, "rank-20", MPI_STATE, 0.000929, 0.000938, 0.000009, 0.000000, PMPI_Sendrecv
State, "rank-20", MPI_STATE, 0.000939, 0.000953, 0.000014, 0.000000, PMPI_Sendrecv
State, "rank-20", MPI_STATE, 0.000954, 0.000981, 0.000027, 0.000000, PMPI_Sendrecv
State, "rank-20", MPI_STATE, 0.000983, 0.001035, 0.000052, 0.000000, PMPI_Sendrecv
State, "rank-20", MPI_STATE, 0.001037, 0.002538, 0.001501, 0.000000, PMPI_Sendrecv
State, "rank-20", MPI_STATE, 0.002539, 0.005540, 0.003001, 0.000000, PMPI_Sendrecv
State, "rank-20", MPI_STATE, 0.005541, 0.011533, 0.005992, 0.000000, PMPI_Sendrecv
State, "rank-20", MPI_STATE, 0.014673, 0.014673, 0.000000, 0.000000, PMPI_Reduce
State, "rank-20", MPI_STATE, 0.014676, 0.014676, 0.000000, 0.000000, PMPI_Reduce
State, "rank-20", MPI_STATE, 0.014679, 0.014950, 0.000271, 0.000000, PMPI_Barrier
State, "rank-20", MPI_STATE, 0.014952, 0.014952, 0.000000, 0.000000, PMPI_Finalize
Container, 0, MPI, 0, 0.014951, 0.014951, "rank-19"
State, "rank-19", MPI_STATE, 0.000000, 0.000000, 0.000000, 0.000000, PMPI_Init
State, "rank-19", MPI_STATE, 0.000041, 0.000408, 0.000367, 0.000000, PMPI_Barrier
State, "rank-19", MPI_STATE, 0.000412, 0.000923, 0.000511, 0.000000, PMPI_Scatter
State, "rank-19", MPI_STATE, 0.000930, 0.000939, 0.000009, 0.000000, PMPI_Sendrecv
State, "rank-19", MPI_STATE, 0.000940, 0.000954, 0.000014, 0.000000, PMPI_Sendrecv
State, "rank-19", MPI_STATE, 0.000956, 0.000982, 0.000026, 0.000000, PMPI_Sendrecv
State, "rank-19", MPI_STATE, 0.000983, 0.001033, 0.000050, 0.000000, PMPI_Sendrecv
State, "rank-19", MPI_STATE, 0.001035, 0.002536, 0.001501, 0.000000, PMPI_Sendrecv
State, "rank-19", MPI_STATE, 0.002538, 0.005540, 0.003002, 0.000000, PMPI_Sendrecv
State, "rank-19", MPI_STATE, 0.005542, 0.011528, 0.005986, 0.000000, PMPI_Sendrecv
State, "rank-19", MPI_STATE, 0.014514, 0.014514, 0.000000, 0.000000, PMPI_Reduce
State, "rank-19", MPI_STATE, 0.014516, 0.014516, 0.000000, 0.000000, PMPI_Reduce
State, "rank-19", MPI_STATE, 0.014517, 0.014950, 0.000433, 0.000000, PMPI_Barrier
State, "rank-19", MPI_STATE, 0.014951, 0.014951, 0.000000, 0.000000, PMPI_Finalize
Container, 0, MPI, 0, 0.014952, 0.014952, "rank-1"
State, "rank-1", MPI_STATE, 0.000000, 0.000000, 0.000000, 0.000000, PMPI_Init
State, "rank-1", MPI_STATE, 0.000057, 0.000407, 0.000350, 0.000000, PMPI_Barrier
State, "rank-1", MPI_STATE, 0.000475, 0.000744, 0.000269, 0.000000, PMPI_Scatter
State, "rank-1", MPI_STATE, 0.000752, 0.000925, 0.000173, 0.000000, PMPI_Sendrecv
State, "rank-1", MPI_STATE, 0.000926, 0.000940, 0.000014, 0.000000, PMPI_Sendrecv
State, "rank-1", MPI_STATE, 0.000942, 0.000968, 0.000026, 0.000000, PMPI_Sendrecv
State, "rank-1", MPI_STATE, 0.000969, 0.001018, 0.000049, 0.000000, PMPI_Sendrecv
State, "rank-1", MPI_STATE, 0.001019, 0.002538, 0.001519, 0.000000, PMPI_Sendrecv
State, "rank-1", MPI_STATE, 0.002541, 0.005538, 0.002997, 0.000000, PMPI_Sendrecv
State, "rank-1", MPI_STATE, 0.005538, 0.011486, 0.005948, 0.000000, PMPI_Sendrecv
State, "rank-1", MPI_STATE, 0.014490, 0.014490, 0.000000, 0.000000, PMPI_Reduce
State, "rank-1", MPI_STATE, 0.014492, 0.014492, 0.000000, 0.000000, PMPI_Reduce
State, "rank-1", MPI_STATE, 0.014494, 0.014950, 0.000456, 0.000000, PMPI_Barrier
State, "rank-1", MPI_STATE, 0.014952, 0.014952, 0.000000, 0.000000, PMPI_Finalize
Container, 0, MPI, 0, 0.014952, 0.014952, "rank-18"
State, "rank-18", MPI_STATE, 0.000000, 0.000000, 0.000000, 0.000000, PMPI_Init
State, "rank-18", MPI_STATE, 0.000043, 0.000408, 0.000365, 0.000000, PMPI_Barrier
State, "rank-18", MPI_STATE, 0.000411, 0.000923, 0.000512, 0.000000, PMPI_Scatter
State, "rank-18", MPI_STATE, 0.000931, 0.000939, 0.000008, 0.000000, PMPI_Sendrecv
State, "rank-18", MPI_STATE, 0.000940, 0.000954, 0.000014, 0.000000, PMPI_Sendrecv
State, "rank-18", MPI_STATE, 0.000955, 0.000981, 0.000026, 0.000000, PMPI_Sendrecv
State, "rank-18", MPI_STATE, 0.000983, 0.001033, 0.000050, 0.000000, PMPI_Sendrecv
State, "rank-18", MPI_STATE, 0.001035, 0.002536, 0.001501, 0.000000, PMPI_Sendrecv
State, "rank-18", MPI_STATE, 0.002537, 0.005541, 0.003004, 0.000000, PMPI_Sendrecv
State, "rank-18", MPI_STATE, 0.005544, 0.011534, 0.005990, 0.000000, PMPI_Sendrecv
State, "rank-18", MPI_STATE, 0.014834, 0.014834, 0.000000, 0.000000, PMPI_Reduce
State, "rank-18", MPI_STATE, 0.014836, 0.014836, 0.000000, 0.000000, PMPI_Reduce
State, "rank-18", MPI_STATE, 0.014838, 0.014950, 0.000112, 0.000000, PMPI_Barrier
State, "rank-18", MPI_STATE, 0.014952, 0.014952, 0.000000, 0.000000, PMPI_Finalize
Container, 0, MPI, 0, 0.014951, 0.014951, "rank-17"
State, "rank-17", MPI_STATE, 0.000000, 0.000000, 0.000000, 0.000000, PMPI_Init
State, "rank-17", MPI_STATE, 0.000042, 0.000408, 0.000366, 0.000000, PMPI_Barrier
State, "rank-17", MPI_STATE, 0.000412, 0.000923, 0.000511, 0.000000, PMPI_Scatter
State, "rank-17", MPI_STATE, 0.000929, 0.000938, 0.000009, 0.000000, PMPI_Sendrecv
State, "rank-17", MPI_STATE, 0.000939, 0.000954, 0.000015, 0.000000, PMPI_Sendrecv
State, "rank-17", MPI_STATE, 0.000955, 0.000981, 0.000026, 0.000000, PMPI_Sendrecv
State, "rank-17", MPI_STATE, 0.000982, 0.001035, 0.000053, 0.000000, PMPI_Sendrecv
State, "rank-17", MPI_STATE, 0.001038, 0.002538, 0.001500, 0.000000, PMPI_Sendrecv
State, "rank-17", MPI_STATE, 0.002539, 0.005519, 0.002980, 0.000000, PMPI_Sendrecv
State, "rank-17", MPI_STATE, 0.005521, 0.011473, 0.005952, 0.000000, PMPI_Sendrecv
State, "rank-17", MPI_STATE, 0.014466, 0.014466, 0.000000, 0.000000, PMPI_Reduce
State, "rank-17", MPI_STATE, 0.014468, 0.014468, 0.000000, 0.000000, PMPI_Reduce
State, "rank-17", MPI_STATE, 0.014469, 0.014950, 0.000481, 0.000000, PMPI_Barrier
State, "rank-17", MPI_STATE, 0.014951, 0.014951, 0.000000, 0.000000, PMPI_Finalize
Container, 0, MPI, 0, 0.014952, 0.014952, "rank-16"
State, "rank-16", MPI_STATE, 0.000000, 0.000000, 0.000000, 0.000000, PMPI_Init
State, "rank-16", MPI_STATE, 0.000062, 0.000408, 0.000346, 0.000000, PMPI_Barrier
State, "rank-16", MPI_STATE, 0.000412, 0.000923, 0.000511, 0.000000, PMPI_Scatter
State, "rank-16", MPI_STATE, 0.000930, 0.000938, 0.000008, 0.000000, PMPI_Sendrecv
State, "rank-16", MPI_STATE, 0.000939, 0.000954, 0.000015, 0.000000, PMPI_Sendrecv
State, "rank-16", MPI_STATE, 0.000955, 0.000981, 0.000026, 0.000000, PMPI_Sendrecv
State, "rank-16", MPI_STATE, 0.000983, 0.001036, 0.000053, 0.000000, PMPI_Sendrecv
State, "rank-16", MPI_STATE, 0.001037, 0.002538, 0.001501, 0.000000, PMPI_Sendrecv
State, "rank-16", MPI_STATE, 0.002540, 0.005540, 0.003000, 0.000000, PMPI_Sendrecv
State, "rank-16", MPI_STATE, 0.005542, 0.011533, 0.005991, 0.000000, PMPI_Sendrecv
State, "rank-16", MPI_STATE, 0.014757, 0.014757, 0.000000, 0.000000, PMPI_Reduce
State, "rank-16", MPI_STATE, 0.014759, 0.014759, 0.000000, 0.000000, PMPI_Reduce
State, "rank-16", MPI_STATE, 0.014761, 0.014950, 0.000189, 0.000000, PMPI_Barrier
State, "rank-16", MPI_STATE, 0.014952, 0.014952, 0.000000, 0.000000, PMPI_Finalize
Container, 0, MPI, 0, 0.014952, 0.014952, "rank-15"
State, "rank-15", MPI_STATE, 0.000000, 0.000000, 0.000000, 0.000000, PMPI_Init
State, "rank-15", MPI_STATE, 0.000044, 0.000407, 0.000363, 0.000000, PMPI_Barrier
State, "rank-15", MPI_STATE, 0.000414, 0.000692, 0.000278, 0.000000, PMPI_Scatter
State, "rank-15", MPI_STATE, 0.000704, 0.000713, 0.000009, 0.000000, PMPI_Sendrecv
State, "rank-15", MPI_STATE, 0.000715, 0.000729, 0.000014, 0.000000, PMPI_Sendrecv
State, "rank-15", MPI_STATE, 0.000730, 0.000756, 0.000026, 0.000000, PMPI_Sendrecv
State, "rank-15", MPI_STATE, 0.000758, 0.001021, 0.000263, 0.000000, PMPI_Sendrecv
State, "rank-15", MPI_STATE, 0.001024, 0.002537, 0.001513, 0.000000, PMPI_Sendrecv
State, "rank-15", MPI_STATE, 0.002538, 0.005541, 0.003003, 0.000000, PMPI_Sendrecv
State, "rank-15", MPI_STATE, 0.005543, 0.011535, 0.005992, 0.000000, PMPI_Sendrecv
State, "rank-15", MPI_STATE, 0.014781, 0.014781, 0.000000, 0.000000, PMPI_Reduce
State, "rank-15", MPI_STATE, 0.014783, 0.014783, 0.000000, 0.000000, PMPI_Reduce
State, "rank-15", MPI_STATE, 0.014784, 0.014950, 0.000166, 0.000000, PMPI_Barrier
State, "rank-15", MPI_STATE, 0.014952, 0.014952, 0.000000, 0.000000, PMPI_Finalize
Container, 0, MPI, 0, 0.014951, 0.014951, "rank-14"
State, "rank-14", MPI_STATE, 0.000000, 0.000000, 0.000000, 0.000000, PMPI_Init
State, "rank-14", MPI_STATE, 0.000047, 0.000407, 0.000360, 0.000000, PMPI_Barrier
State, "rank-14", MPI_STATE, 0.000411, 0.000692, 0.000281, 0.000000, PMPI_Scatter
State, "rank-14", MPI_STATE, 0.000702, 0.000713, 0.000011, 0.000000, PMPI_Sendrecv
State, "rank-14", MPI_STATE, 0.000714, 0.000728, 0.000014, 0.000000, PMPI_Sendrecv
State, "rank-14", MPI_STATE, 0.000730, 0.000756, 0.000026, 0.000000, PMPI_Sendrecv
State, "rank-14", MPI_STATE, 0.000757, 0.001018, 0.000261, 0.000000, PMPI_Sendrecv
State, "rank-14", MPI_STATE, 0.001020, 0.002537, 0.001517, 0.000000, PMPI_Sendrecv
State, "rank-14", MPI_STATE, 0.002539, 0.005537, 0.002998, 0.000000, PMPI_Sendrecv
State, "rank-14", MPI_STATE, 0.005539, 0.011535, 0.005996, 0.000000, PMPI_Sendrecv
State, "rank-14", MPI_STATE, 0.014942, 0.014942, 0.000000, 0.000000, PMPI_Reduce
State, "rank-14", MPI_STATE, 0.014944, 0.014944, 0.000000, 0.000000, PMPI_Reduce
State, "rank-14", MPI_STATE, 0.014946, 0.014950, 0.000004, 0.000000, PMPI_Barrier
State, "rank-14", MPI_STATE, 0.014951, 0.014951, 0.000000, 0.000000, PMPI_Finalize
Container, 0, MPI, 0, 0.014952, 0.014952, "rank-13"
State, "rank-13", MPI_STATE, 0.000000, 0.000000, 0.000000, 0.000000, PMPI_Init
State, "rank-13", MPI_STATE, 0.000043, 0.000407, 0.000364, 0.000000, PMPI_Barrier
State, "rank-13", MPI_STATE, 0.000411, 0.000692, 0.000281, 0.000000, PMPI_Scatter
State, "rank-13", MPI_STATE, 0.000701, 0.000710, 0.000009, 0.000000, PMPI_Sendrecv
State, "rank-13", MPI_STATE, 0.000712, 0.000729, 0.000017, 0.000000, PMPI_Sendrecv
State, "rank-13", MPI_STATE, 0.000730, 0.000756, 0.000026, 0.000000, PMPI_Sendrecv
State, "rank-13", MPI_STATE, 0.000757, 0.001019, 0.000262, 0.000000, PMPI_Sendrecv
State, "rank-13", MPI_STATE, 0.001020, 0.002536, 0.001516, 0.000000, PMPI_Sendrecv
State, "rank-13", MPI_STATE, 0.002537, 0.005541, 0.003004, 0.000000, PMPI_Sendrecv
State, "rank-13", MPI_STATE, 0.005544, 0.011536, 0.005992, 0.000000, PMPI_Sendrecv
State, "rank-13", MPI_STATE, 0.014853, 0.014853, 0.000000, 0.000000, PMPI_Reduce
State, "rank-13", MPI_STATE, 0.014856, 0.014856, 0.000000, 0.000000, PMPI_Reduce
State, "rank-13", MPI_STATE, 0.014857, 0.014950, 0.000093, 0.000000, PMPI_Barrier
State, "rank-13", MPI_STATE, 0.014952, 0.014952, 0.000000, 0.000000, PMPI_Finalize
Container, 0, MPI, 0, 0.014952, 0.014952, "rank-12"
State, "rank-12", MPI_STATE, 0.000000, 0.000000, 0.000000, 0.000000, PMPI_Init
State, "rank-12", MPI_STATE, 0.000043, 0.000407, 0.000364, 0.000000, PMPI_Barrier
State, "rank-12", MPI_STATE, 0.000411, 0.000692, 0.000281, 0.000000, PMPI_Scatter
State, "rank-12", MPI_STATE, 0.000699, 0.000710, 0.000011, 0.000000, PMPI_Sendrecv
State, "rank-12", MPI_STATE, 0.000711, 0.000728, 0.000017, 0.000000, PMPI_Sendrecv
State, "rank-12", MPI_STATE, 0.000730, 0.000756, 0.000026, 0.000000, PMPI_Sendrecv
State, "rank-12", MPI_STATE, 0.000758, 0.001019, 0.000261, 0.000000, PMPI_Sendrecv
State, "rank-12", MPI_STATE, 0.001021, 0.002538, 0.001517, 0.000000, PMPI_Sendrecv
State, "rank-12", MPI_STATE, 0.002539, 0.005541, 0.003002, 0.000000, PMPI_Sendrecv
State, "rank-12", MPI_STATE, 0.005543, 0.011536, 0.005993, 0.000000, PMPI_Sendrecv
State, "rank-12", MPI_STATE, 0.014722, 0.014722, 0.000000, 0.000000, PMPI_Reduce
State, "rank-12", MPI_STATE, 0.014725, 0.014725, 0.000000, 0.000000, PMPI_Reduce
State, "rank-12", MPI_STATE, 0.014727, 0.014950, 0.000223, 0.000000, PMPI_Barrier
State, "rank-12", MPI_STATE, 0.014952, 0.014952, 0.000000, 0.000000, PMPI_Finalize
Container, 0, MPI, 0, 0.014952, 0.014952, "rank-127"
State, "rank-127", MPI_STATE, 0.000000, 0.000000, 0.000000, 0.000000, PMPI_Init
State, "rank-127", MPI_STATE, 0.000032, 0.000408, 0.000376, 0.000000, PMPI_Barrier
State, "rank-127", MPI_STATE, 0.000411, 0.000923, 0.000512, 0.000000, PMPI_Scatter
State, "rank-127", MPI_STATE, 0.000934, 0.000942, 0.000008, 0.000000, PMPI_Sendrecv
State, "rank-127", MPI_STATE, 0.000945, 0.000959, 0.000014, 0.000000, PMPI_Sendrecv
State, "rank-127", MPI_STATE, 0.000960, 0.000987, 0.000027, 0.000000, PMPI_Sendrecv
State, "rank-127", MPI_STATE, 0.000989, 0.001038, 0.000049, 0.000000, PMPI_Sendrecv
State, "rank-127", MPI_STATE, 0.001039, 0.002532, 0.001493, 0.000000, PMPI_Sendrecv
State, "rank-127", MPI_STATE, 0.002534, 0.005539, 0.003005, 0.000000, PMPI_Sendrecv
State, "rank-127", MPI_STATE, 0.005541, 0.011533, 0.005992, 0.000000, PMPI_Sendrecv
State, "rank-127", MPI_STATE, 0.014702, 0.014702, 0.000000, 0.000000, PMPI_Reduce
State, "rank-127", MPI_STATE, 0.014704, 0.014704, 0.000000, 0.000000, PMPI_Reduce
State, "rank-127", MPI_STATE, 0.014706, 0.014950, 0.000244, 0.000000, PMPI_Barrier
State, "rank-127", MPI_STATE, 0.014952, 0.014952, 0.000000, 0.000000, PMPI_Finalize
Container, 0, MPI, 0, 0.014952, 0.014952, "rank-126"
State, "rank-126", MPI_STATE, 0.000000, 0.000000, 0.000000, 0.000000, PMPI_Init
State, "rank-126", MPI_STATE, 0.000031, 0.000408, 0.000377, 0.000000, PMPI_Barrier
State, "rank-126", MPI_STATE, 0.000412, 0.000923, 0.000511, 0.000000, PMPI_Scatter
State, "rank-126", MPI_STATE, 0.000929, 0.000942, 0.000013, 0.000000, PMPI_Sendrecv
State, "rank-126", MPI_STATE, 0.000944, 0.000959, 0.000015, 0.000000, PMPI_Sendrecv
State, "rank-126", MPI_STATE, 0.000962, 0.000988, 0.000026, 0.000000, PMPI_Sendrecv
State, "rank-126", MPI_STATE, 0.000989, 0.001041, 0.000052, 0.000000, PMPI_Sendrecv
State, "rank-126", MPI_STATE, 0.001043, 0.002542, 0.001499, 0.000000, PMPI_Sendrecv
State, "rank-126", MPI_STATE, 0.002543, 0.005542, 0.002999, 0.000000, PMPI_Sendrecv
State, "rank-126", MPI_STATE, 0.005544, 0.011534, 0.005990, 0.000000, PMPI_Sendrecv
State, "rank-126", MPI_STATE, 0.014757, 0.014757, 0.000000, 0.000000, PMPI_Reduce
State, "rank-126", MPI_STATE, 0.014760, 0.014760, 0.000000, 0.000000, PMPI_Reduce
State, "rank-126", MPI_STATE, 0.014763, 0.014950, 0.000187, 0.000000, PMPI_Barrier
State, "rank-126", MPI_STATE, 0.014952, 0.014952, 0.000000, 0.000000, PMPI_Finalize
Container, 0, MPI, 0, 0.014952, 0.014952, "rank-125"
State, "rank-125", MPI_STATE, 0.000000, 0.000000, 0.000000, 0.000000, PMPI_Init
State, "rank-125", MPI_STATE, 0.000032, 0.000408, 0.000376, 0.000000, PMPI_Barrier
State, "rank-125", MPI_STATE, 0.000412, 0.000923, 0.000511, 0.000000, PMPI_Scatter
State, "rank-125", MPI_STATE, 0.000934, 0.000943, 0.000009, 0.000000, PMPI_Sendrecv
State, "rank-125", MPI_STATE, 0.000945, 0.000959, 0.000014, 0.000000, PMPI_Sendrecv
State, "rank-125", MPI_STATE, 0.000961, 0.000987, 0.000026, 0.000000, PMPI_Sendrecv
State, "rank-125", MPI_STATE, 0.000989, 0.001039, 0.000050, 0.000000, PMPI_Sendrecv
State, "rank-125", MPI_STATE, 0.001042, 0.002542, 0.001500, 0.000000, PMPI_Sendrecv
State, "rank-125", MPI_STATE, 0.002543, 0.005541, 0.002998, 0.000000, PMPI_Sendrecv
State, "rank-125", MPI_STATE, 0.005543, 0.011534, 0.005991, 0.000000, PMPI_Sendrecv
State, "rank-125", MPI_STATE, 0.014843, 0.014843, 0.000000, 0.000000, PMPI_Reduce
State, "rank-125", MPI_STATE, 0.014845, 0.014845, 0.000000, 0.000000, PMPI_Reduce
State, "rank-125", MPI_STATE, 0.014847, 0.014950, 0.000103, 0.000000, PMPI_Barrier
State, "rank-125", MPI_STATE, 0.014952, 0.014952, 0.000000, 0.000000, PMPI_Finalize
Container, 0, MPI, 0, 0.014951, 0.014951, "rank-124"
State, "rank-124", MPI_STATE, 0.000000, 0.000000, 0.000000, 0.000000, PMPI_Init
State, "rank-124", MPI_STATE, 0.000032, 0.000408, 0.000376, 0.000000, PMPI_Barrier
State, "rank-124", MPI_STATE, 0.000412, 0.000923, 0.000511, 0.000000, PMPI_Scatter
State, "rank-124", MPI_STATE, 0.000935, 0.000943, 0.000008, 0.000000, PMPI_Sendrecv
State, "rank-124", MPI_STATE, 0.000945, 0.000959, 0.000014, 0.000000, PMPI_Sendrecv
State, "rank-124", MPI_STATE, 0.000960, 0.000987, 0.000027, 0.000000, PMPI_Sendrecv
State, "rank-124", MPI_STATE, 0.000990, 0.001040, 0.000050, 0.000000, PMPI_Sendrecv
State, "rank-124", MPI_STATE, 0.001043, 0.002542, 0.001499, 0.000000, PMPI_Sendrecv
State, "rank-124", MPI_STATE, 0.002544, 0.005542, 0.002998, 0.000000, PMPI_Sendrecv
State, "rank-124", MPI_STATE, 0.005543, 0.011533, 0.005990, 0.000000, PMPI_Sendrecv
State, "rank-124", MPI_STATE, 0.014806, 0.014806, 0.000000, 0.000000, PMPI_Reduce
State, "rank-124", MPI_STATE, 0.014809, 0.014809, 0.000000, 0.000000, PMPI_Reduce
State, "rank-124", MPI_STATE, 0.014810, 0.014950, 0.000140, 0.000000, PMPI_Barrier
State, "rank-124", MPI_STATE, 0.014951, 0.014951, 0.000000, 0.000000, PMPI_Finalize
Container, 0, MPI, 0, 0.014952, 0.014952, "rank-123"
State, "rank-123", MPI_STATE, 0.000000, 0.000000, 0.000000, 0.000000, PMPI_Init
State, "rank-123", MPI_STATE, 0.000033, 0.000408, 0.000375, 0.000000, PMPI_Barrier
State, "rank-123", MPI_STATE, 0.000412, 0.000923, 0.000511, 0.000000, PMPI_Scatter
State, "rank-123", MPI_STATE, 0.000932, 0.000941, 0.000009, 0.000000, PMPI_Sendrecv
State, "rank-123", MPI_STATE, 0.000943, 0.000959, 0.000016, 0.000000, PMPI_Sendrecv
State, "rank-123", MPI_STATE, 0.000961, 0.000987, 0.000026, 0.000000, PMPI_Sendrecv
State, "rank-123", MPI_STATE, 0.000989, 0.001038, 0.000049, 0.000000, PMPI_Sendrecv
State, "rank-123", MPI_STATE, 0.001040, 0.002539, 0.001499, 0.000000, PMPI_Sendrecv
State, "rank-123", MPI_STATE, 0.002540, 0.005539, 0.002999, 0.000000, PMPI_Sendrecv
State, "rank-123", MPI_STATE, 0.005540, 0.011533, 0.005993, 0.000000, PMPI_Sendrecv
State, "rank-123", MPI_STATE, 0.014736, 0.014736, 0.000000, 0.000000, PMPI_Reduce
State, "rank-123", MPI_STATE, 0.014738, 0.014738, 0.000000, 0.000000, PMPI_Reduce
State, "rank-123", MPI_STATE, 0.014741, 0.014950, 0.000209, 0.000000, PMPI_Barrier
State, "rank-123", MPI_STATE, 0.014952, 0.014952, 0.000000, 0.000000, PMPI_Finalize
Container, 0, MPI, 0, 0.014952, 0.014952, "rank-122"
State, "rank-122", MPI_STATE, 0.000000, 0.000000, 0.000000, 0.000000, PMPI_Init
State, "rank-122", MPI_STATE, 0.000040, 0.000408, 0.000368, 0.000000, PMPI_Barrier
State, "rank-122", MPI_STATE, 0.000412, 0.000923, 0.000511, 0.000000, PMPI_Scatter
State, "rank-122", MPI_STATE, 0.000933, 0.000941, 0.000008, 0.000000, PMPI_Sendrecv
State, "rank-122", MPI_STATE, 0.000943, 0.000959, 0.000016, 0.000000, PMPI_Sendrecv
State, "rank-122", MPI_STATE, 0.000960, 0.000988, 0.000028, 0.000000, PMPI_Sendrecv
State, "rank-122", MPI_STATE, 0.000990, 0.001040, 0.000050, 0.000000, PMPI_Sendrecv
State, "rank-122", MPI_STATE, 0.001041, 0.002541, 0.001500, 0.000000, PMPI_Sendrecv
State, "rank-122", MPI_STATE, 0.002543, 0.005541, 0.002998, 0.000000, PMPI_Sendrecv
State, "rank-122", MPI_STATE, 0.005542, 0.011532, 0.005990, 0.000000, PMPI_Sendrecv
State, "rank-122", MPI_STATE, 0.014707, 0.014707, 0.000000, 0.000000, PMPI_Reduce
State, "rank-122", MPI_STATE, 0.014710, 0.014710, 0.000000, 0.000000, PMPI_Reduce
State, "rank-122", MPI_STATE, 0.014712, 0.014950, 0.000238, 0.000000, PMPI_Barrier
State, "rank-122", MPI_STATE, 0.014952, 0.014952, 0.000000, 0.000000, PMPI_Finalize
Container, 0, MPI, 0, 0.014952, 0.014952, "rank-121"
State, "rank-121", MPI_STATE, 0.000000, 0.000000, 0.000000, 0.000000, PMPI_Init
State, "rank-121", MPI_STATE, 0.000033, 0.000408, 0.000375, 0.000000, PMPI_Barrier
State, "rank-121", MPI_STATE, 0.000411, 0.000923, 0.000512, 0.000000, PMPI_Scatter
State, "rank-121", MPI_STATE, 0.000929, 0.000943, 0.000014, 0.000000, PMPI_Sendrecv
State, "rank-121", MPI_STATE, 0.000945, 0.000959, 0.000014, 0.000000, PMPI_Sendrecv
State, "rank-121", MPI_STATE, 0.000960, 0.000987, 0.000027, 0.000000, PMPI_Sendrecv
State, "rank-121", MPI_STATE, 0.000989, 0.001038, 0.000049, 0.000000, PMPI_Sendrecv
State, "rank-121", MPI_STATE, 0.001040, 0.002539, 0.001499, 0.000000, PMPI_Sendrecv
State, "rank-121", MPI_STATE, 0.002540, 0.005538, 0.002998, 0.000000, PMPI_Sendrecv
State, "rank-121", MPI_STATE, 0.005541, 0.011526, 0.005985, 0.000000, PMPI_Sendrecv
State, "rank-121", MPI_STATE, 0.014511, 0.014511, 0.000000, 0.000000, PMPI_Reduce
State, "rank-121", MPI_STATE, 0.014514, 0.014514, 0.000000, 0.000000, PMPI_Reduce
State, "rank-121", MPI_STATE, 0.014516, 0.014950, 0.000434, 0.000000, PMPI_Barrier
State, "rank-121", MPI_STATE, 0.014952, 0.014952, 0.000000, 0.000000, PMPI_Finalize
Container, 0, MPI, 0, 0.014951, 0.014951, "rank-120"
State, "rank-120", MPI_STATE, 0.000000, 0.000000, 0.000000, 0.000000, PMPI_Init
State, "rank-120", MPI_STATE, 0.000032, 0.000408, 0.000376, 0.000000, PMPI_Barrier
State, "rank-120", MPI_STATE, 0.000412, 0.000923, 0.000511, 0.000000, PMPI_Scatter
State, "rank-120", MPI_STATE, 0.000935, 0.000943, 0.000008, 0.000000, PMPI_Sendrecv
State, "rank-120", MPI_STATE, 0.000945, 0.000959, 0.000014, 0.000000, PMPI_Sendrecv
State, "rank-120", MPI_STATE, 0.000961, 0.000987, 0.000026, 0.000000, PMPI_Sendrecv
State, "rank-120", MPI_STATE, 0.000988, 0.001041, 0.000053, 0.000000, PMPI_Sendrecv
State, "rank-120", MPI_STATE, 0.001043, 0.002542, 0.001499, 0.000000, PMPI_Sendrecv
State, "rank-120", MPI_STATE, 0.002544, 0.005542, 0.002998, 0.000000, PMPI_Sendrecv
State, "rank-120", MPI_STATE, 0.005544, 0.011534, 0.005990, 0.000000, PMPI_Sendrecv
State, "rank-120", MPI_STATE, 0.014861, 0.014861, 0.000000, 0.000000, PMPI_Reduce
State, "rank-120", MPI_STATE, 0.014863, 0.014863, 0.000000, 0.000000, PMPI_Reduce
State, "rank-120", MPI_STATE, 0.014865, 0.014950, 0.000085, 0.000000, PMPI_Barrier
State, "rank-120", MPI_STATE, 0.014951, 0.014951, 0.000000, 0.000000, PMPI_Finalize
Container, 0, MPI, 0, 0.014952, 0.014952, "rank-119"
State, "rank-119", MPI_STATE, 0.000000, 0.000000, 0.000000, 0.000000, PMPI_Init
State, "rank-119", MPI_STATE, 0.000033, 0.000408, 0.000375, 0.000000, PMPI_Barrier
State, "rank-119", MPI_STATE, 0.000411, 0.000923, 0.000512, 0.000000, PMPI_Scatter
State, "rank-119", MPI_STATE, 0.000934, 0.000942, 0.000008, 0.000000, PMPI_Sendrecv
State, "rank-119", MPI_STATE, 0.000944, 0.000960, 0.000016, 0.000000, PMPI_Sendrecv
State, "rank-119", MPI_STATE, 0.000961, 0.000987, 0.000026, 0.000000, PMPI_Sendrecv
State, "rank-119", MPI_STATE, 0.000989, 0.001038, 0.000049, 0.000000, PMPI_Sendrecv
State, "rank-119", MPI_STATE, 0.001040, 0.002539, 0.001499, 0.000000, PMPI_Sendrecv
State, "rank-119", MPI_STATE, 0.002541, 0.005539, 0.002998, 0.000000, PMPI_Sendrecv
State, "rank-119", MPI_STATE, 0.005541, 0.011533, 0.005992, 0.000000, PMPI_Sendrecv
State, "rank-119", MPI_STATE, 0.014739, 0.014739, 0.000000, 0.000000, PMPI_Reduce
State, "rank-119", MPI_STATE, 0.014741, 0.014741, 0.000000, 0.000000, PMPI_Reduce
State, "rank-119", MPI_STATE, 0.014743, 0.014950, 0.000207, 0.000000, PMPI_Barrier
State, "rank-119", MPI_STATE, 0.014952, 0.014952, 0.000000, 0.000000, PMPI_Finalize
Container, 0, MPI, 0, 0.014951, 0.014951, "rank-11"
State, "rank-11", MPI_STATE, 0.000000, 0.000000, 0.000000, 0.000000, PMPI_Init
State, "rank-11", MPI_STATE, 0.000044, 0.000407, 0.000363, 0.000000, PMPI_Barrier
State, "rank-11", MPI_STATE, 0.000411, 0.000692, 0.000281, 0.000000, PMPI_Scatter
State, "rank-11", MPI_STATE, 0.000698, 0.000707, 0.000009, 0.000000, PMPI_Sendrecv
State, "rank-11", MPI_STATE, 0.000708, 0.000723, 0.000015, 0.000000, PMPI_Sendrecv
State, "rank-11", MPI_STATE, 0.000725, 0.000756, 0.000031, 0.000000, PMPI_Sendrecv
State, "rank-11", MPI_STATE, 0.000757, 0.001019, 0.000262, 0.000000, PMPI_Sendrecv
State, "rank-11", MPI_STATE, 0.001021, 0.002536, 0.001515, 0.000000, PMPI_Sendrecv
State, "rank-11", MPI_STATE, 0.002537, 0.005541, 0.003004, 0.000000, PMPI_Sendrecv
State, "rank-11", MPI_STATE, 0.005543, 0.011535, 0.005992, 0.000000, PMPI_Sendrecv
State, "rank-11", MPI_STATE, 0.014826, 0.014826, 0.000000, 0.000000, PMPI_Reduce
State, "rank-11", MPI_STATE, 0.014828, 0.014828, 0.000000, 0.000000, PMPI_Reduce
State, "rank-11", MPI_STATE, 0.014829, 0.014950, 0.000121, 0.000000, PMPI_Barrier
State, "rank-11", MPI_STATE, 0.014951, 0.014951, 0.000000, 0.000000, PMPI_Finalize
Container, 0, MPI, 0, 0.014952, 0.014952, "rank-118"
State, "rank-118", MPI_STATE, 0.000000, 0.000000, 0.000000, 0.000000, PMPI_Init
State, "rank-118", MPI_STATE, 0.000031, 0.000408, 0.000377, 0.000000, PMPI_Barrier
State, "rank-118", MPI_STATE, 0.000412, 0.000923, 0.000511, 0.000000, PMPI_Scatter
State, "rank-118", MPI_STATE, 0.000930, 0.000942, 0.000012, 0.000000, PMPI_Sendrecv
State, "rank-118", MPI_STATE, 0.000943, 0.000961, 0.000018, 0.000000, PMPI_Sendrecv
State, "rank-118", MPI_STATE, 0.000964, 0.000990, 0.000026, 0.000000, PMPI_Sendrecv
State, "rank-118", MPI_STATE, 0.000992, 0.001041, 0.000049, 0.000000, PMPI_Sendrecv
State, "rank-118", MPI_STATE, 0.001043, 0.002542, 0.001499, 0.000000, PMPI_Sendrecv
State, "rank-118", MPI_STATE, 0.002544, 0.005542, 0.002998, 0.000000, PMPI_Sendrecv
State, "rank-118", MPI_STATE, 0.005544, 0.011534, 0.005990, 0.000000, PMPI_Sendrecv
State, "rank-118", MPI_STATE, 0.014745, 0.014745, 0.000000, 0.000000, PMPI_Reduce
State, "rank-118", MPI_STATE, 0.014747, 0.014747, 0.000000, 0.000000, PMPI_Reduce
State, "rank-118", MPI_STATE, 0.014748, 0.014950, 0.000202, 0.000000, PMPI_Barrier
State, "rank-118", MPI_STATE, 0.014952, 0.014952, 0.000000, 0.000000, PMPI_Finalize
Container, 0, MPI, 0, 0.014952, 0.014952, "rank-117"
State, "rank-117", MPI_STATE, 0.000000, 0.000000, 0.000000, 0.000000, PMPI_Init
State, "rank-117", MPI_STATE, 0.000031, 0.000408, 0.000377, 0.000000, PMPI_Barrier
State, "rank-117", MPI_STATE, 0.000412, 0.000923, 0.000511, 0.000000, PMPI_Scatter
State, "rank-117", MPI_STATE, 0.000932, 0.000944, 0.000012, 0.000000, PMPI_Sendrecv
State, "rank-117", MPI_STATE, 0.000946, 0.000960, 0.000014, 0.000000, PMPI_Sendrecv
State, "rank-117", MPI_STATE, 0.000962, 0.000988, 0.000026, 0.000000, PMPI_Sendrecv
State, "rank-117", MPI_STATE, 0.000990, 0.001039, 0.000049, 0.000000, PMPI_Sendrecv
State, "rank-117", MPI_STATE, 0.001041, 0.002541, 0.001500, 0.000000, PMPI_Sendrecv
State, "rank-117", MPI_STATE, 0.002542, 0.005540, 0.002998, 0.000000, PMPI_Sendrecv
State, "rank-117", MPI_STATE, 0.005541, 0.011533, 0.005992, 0.000000, PMPI_Sendrecv
State, "rank-117", MPI_STATE, 0.014700, 0.014700, 0.000000, 0.000000, PMPI_Reduce
State, "rank-117", MPI_STATE, 0.014702, 0.014702, 0.000000, 0.000000, PMPI_Reduce
State, "rank-117", MPI_STATE, 0.014705, 0.014950, 0.000245, 0.000000, PMPI_Barrier
State, "rank-117", MPI_STATE, 0.014952, 0.014952, 0.000000, 0.000000, PMPI_Finalize
Container, 0, MPI, 0, 0.014952, 0.014952, "rank-116"
State, "rank-116", MPI_STATE, 0.000000, 0.000000, 0.000000, 0.000000, PMPI_Init
State, "rank-116", MPI_STATE, 0.000033, 0.000408, 0.000375, 0.000000, PMPI_Barrier
State, "rank-116", MPI_STATE, 0.000411, 0.000923, 0.000512, 0.000000, PMPI_Scatter
State, "rank-116", MPI_STATE, 0.000936, 0.000944, 0.000008, 0.000000, PMPI_Sendrecv
State, "rank-116", MPI_STATE, 0.000947, 0.000961, 0.000014, 0.000000, PMPI_Sendrecv
State, "rank-116", MPI_STATE, 0.000963, 0.000989, 0.000026, 0.000000, PMPI_Sendrecv
State, "rank-116", MPI_STATE, 0.000991, 0.001040, 0.000049, 0.000000, PMPI_Sendrecv
State, "rank-116", MPI_STATE, 0.001042, 0.002542, 0.001500, 0.000000, PMPI_Sendrecv
State, "rank-116", MPI_STATE, 0.002543, 0.005541, 0.002998, 0.000000, PMPI_Sendrecv
State, "rank-116", MPI_STATE, 0.005543, 0.011534, 0.005991, 0.000000, PMPI_Sendrecv
State, "rank-116", MPI_STATE, 0.014794, 0.014794, 0.000000, 0.000000, PMPI_Reduce
State, "rank-116", MPI_STATE, 0.014796, 0.014796, 0.000000, 0.000000, PMPI_Reduce
State, "rank-116", MPI_STATE, 0.014798, 0.014950, 0.000152, 0.000000, PMPI_Barrier
State, "rank-116", MPI_STATE, 0.014952, 0.014952, 0.000000, 0.000000, PMPI_Finalize
Container, 0, MPI, 0, 0.014952, 0.014952, "rank-115"
State, "rank-115", MPI_STATE, 0.000000, 0.000000, 0.000000, 0.000000, PMPI_Init
State, "rank-115", MPI_STATE, 0.000035, 0.000408, 0.000373, 0.000000, PMPI_Barrier
State, "rank-115", MPI_STATE, 0.000412, 0.000923, 0.000511, 0.000000, PMPI_Scatter
State, "rank-115", MPI_STATE, 0.000932, 0.000944, 0.000012, 0.000000, PMPI_Sendrecv
State, "rank-115", MPI_STATE, 0.000945, 0.000959, 0.000014, 0.000000, PMPI_Sendrecv
State, "rank-115", MPI_STATE, 0.000960, 0.000987, 0.000027, 0.000000, PMPI_Sendrecv
State, "rank-115", MPI_STATE, 0.000989, 0.001038, 0.000049, 0.000000, PMPI_Sendrecv
State, "rank-115", MPI_STATE, 0.001040, 0.002539, 0.001499, 0.000000, PMPI_Sendrecv
State, "rank-115", MPI_STATE, 0.002541, 0.005538, 0.002997, 0.000000, PMPI_Sendrecv
State, "rank-115", MPI_STATE, 0.005540, 0.011523, 0.005983, 0.000000, PMPI_Sendrecv
State, "rank-115", MPI_STATE, 0.014533, 0.014533, 0.000000, 0.000000, PMPI_Reduce
State, "rank-115", MPI_STATE, 0.014535, 0.014535, 0.000000, 0.000000, PMPI_Reduce
State, "rank-115", MPI_STATE, 0.014538, 0.014950, 0.000412, 0.000000, PMPI_Barrier
State, "rank-115", MPI_STATE, 0.014952, 0.014952, 0.000000, 0.000000, PMPI_Finalize
Container, 0, MPI, 0, 0.014953, 0.014953, "rank-114"
State, "rank-114", MPI_STATE, 0.000000, 0.000000, 0.000000, 0.000000, PMPI_Init
State, "rank-114", MPI_STATE, 0.000033, 0.000408, 0.000375, 0.000000, PMPI_Barrier
State, "rank-114", MPI_STATE, 0.000412, 0.000923, 0.000511, 0.000000, PMPI_Scatter
State, "rank-114", MPI_STATE, 0.000936, 0.000944, 0.000008, 0.000000, PMPI_Sendrecv
State, "rank-114", MPI_STATE, 0.000945, 0.000959, 0.000014, 0.000000, PMPI_Sendrecv
State, "rank-114", MPI_STATE, 0.000960, 0.000990, 0.000030, 0.000000, PMPI_Sendrecv
State, "rank-114", MPI_STATE, 0.000991, 0.001040, 0.000049, 0.000000, PMPI_Sendrecv
State, "rank-114", MPI_STATE, 0.001042, 0.002542, 0.001500, 0.000000, PMPI_Sendrecv
State, "rank-114", MPI_STATE, 0.002544, 0.005542, 0.002998, 0.000000, PMPI_Sendrecv
State, "rank-114", MPI_STATE, 0.005544, 0.011534, 0.005990, 0.000000, PMPI_Sendrecv
State, "rank-114", MPI_STATE, 0.014774, 0.014774, 0.000000, 0.000000, PMPI_Reduce
State, "rank-114", MPI_STATE, 0.014776, 0.014776, 0.000000, 0.000000, PMPI_Reduce
State, "rank-114", MPI_STATE, 0.014777, 0.014950, 0.000173, 0.000000, PMPI_Barrier
State, "rank-114", MPI_STATE, 0.014953, 0.014953, 0.000000, 0.000000, PMPI_Finalize
Container, 0, MPI, 0, 0.014952, 0.014952, "rank-113"
State, "rank-113", MPI_STATE, 0.000000, 0.000000, 0.000000, 0.000000, PMPI_Init
State, "rank-113", MPI_STATE, 0.000032, 0.000408, 0.000376, 0.000000, PMPI_Barrier
State, "rank-113", MPI_STATE, 0.000411, 0.000923, 0.000512, 0.000000, PMPI_Scatter
State, "rank-113", MPI_STATE, 0.000933, 0.000941, 0.000008, 0.000000, PMPI_Sendrecv
State, "rank-113", MPI_STATE, 0.000943, 0.000959, 0.000016, 0.000000, PMPI_Sendrecv
State, "rank-113", MPI_STATE, 0.000960, 0.000988, 0.000028, 0.000000, PMPI_Sendrecv
State, "rank-113", MPI_STATE, 0.000989, 0.001038, 0.000049, 0.000000, PMPI_Sendrecv
State, "rank-113", MPI_STATE, 0.001039, 0.002532, 0.001493, 0.000000, PMPI_Sendrecv
State, "rank-113", MPI_STATE, 0.002533, 0.005526, 0.002993, 0.000000, PMPI_Sendrecv
State, "rank-113", MPI_STATE, 0.005528, 0.011463, 0.005935, 0.000000, PMPI_Sendrecv
State, "rank-113", MPI_STATE, 0.014479, 0.014479, 0.000000, 0.000000, PMPI_Reduce
State, "rank-113", MPI_STATE, 0.014481, 0.014481, 0.000000, 0.000000, PMPI_Reduce
State, "rank-113", MPI_STATE, 0.014482, 0.014950, 0.000468, 0.000000, PMPI_Barrier
State, "rank-113", MPI_STATE, 0.014952, 0.014952, 0.000000, 0.000000, PMPI_Finalize
Container, 0, MPI, 0, 0.014952, 0.014952, "rank-112"
State, "rank-112", MPI_STATE, 0.000000, 0.000000, 0.000000, 0.000000, PMPI_Init
State, "rank-112", MPI_STATE, 0.000030, 0.000408, 0.000378, 0.000000, PMPI_Barrier
State, "rank-112", MPI_STATE, 0.000412, 0.000923, 0.000511, 0.000000, PMPI_Scatter
State, "rank-112", MPI_STATE, 0.000933, 0.000941, 0.000008, 0.000000, PMPI_Sendrecv
State, "rank-112", MPI_STATE, 0.000942, 0.000959, 0.000017, 0.000000, PMPI_Sendrecv
State, "rank-112", MPI_STATE, 0.000961, 0.000989, 0.000028, 0.000000, PMPI_Sendrecv
State, "rank-112", MPI_STATE, 0.000992, 0.001041, 0.000049, 0.000000, PMPI_Sendrecv
State, "rank-112", MPI_STATE, 0.001043, 0.002542, 0.001499, 0.000000, PMPI_Sendrecv
State, "rank-112", MPI_STATE, 0.002543, 0.005542, 0.002999, 0.000000, PMPI_Sendrecv
State, "rank-112", MPI_STATE, 0.005544, 0.011534, 0.005990, 0.000000, PMPI_Sendrecv
State, "rank-112", MPI_STATE, 0.014757, 0.014757, 0.000000, 0.000000, PMPI_Reduce
State, "rank-112", MPI_STATE, 0.014759, 0.014759, 0.000000, 0.000000, PMPI_Reduce
State, "rank-112", MPI_STATE, 0.014761, 0.014950, 0.000189, 0.000000, PMPI_Barrier
State, "rank-112", MPI_STATE, 0.014952, 0.014952, 0.000000, 0.000000, PMPI_Finalize
Container, 0, MPI, 0, 0.014952, 0.014952, "rank-111"
State, "rank-111", MPI_STATE, 0.000000, 0.000000, 0.000000, 0.000000, PMPI_Init
State, "rank-111", MPI_STATE, 0.000032, 0.000408, 0.000376, 0.000000, PMPI_Barrier
State, "rank-111", MPI_STATE, 0.000412, 0.000923, 0.000511, 0.000000, PMPI_Scatter
State, "rank-111", MPI_STATE, 0.000934, 0.000942, 0.000008, 0.000000, PMPI_Sendrecv
State, "rank-111", MPI_STATE, 0.000943, 0.000959, 0.000016, 0.000000, PMPI_Sendrecv
State, "rank-111", MPI_STATE, 0.000960, 0.000986, 0.000026, 0.000000, PMPI_Sendrecv
State, "rank-111", MPI_STATE, 0.000988, 0.001037, 0.000049, 0.000000, PMPI_Sendrecv
State, "rank-111", MPI_STATE, 0.001038, 0.002532, 0.001494, 0.000000, PMPI_Sendrecv
State, "rank-111", MPI_STATE, 0.002535, 0.005521, 0.002986, 0.000000, PMPI_Sendrecv
State, "rank-111", MPI_STATE, 0.005524, 0.011536, 0.006012, 0.000000, PMPI_Sendrecv
State, "rank-111", MPI_STATE, 0.014732, 0.014732, 0.000000, 0.000000, PMPI_Reduce
State, "rank-111", MPI_STATE, 0.014734, 0.014734, 0.000000, 0.000000, PMPI_Reduce
State, "rank-111", MPI_STATE, 0.014735, 0.014950, 0.000215, 0.000000, PMPI_Barrier
State, "rank-111", MPI_STATE, 0.014952, 0.014952, 0.000000, 0.000000, PMPI_Finalize
Container, 0, MPI, 0, 0.014951, 0.014951, "rank-110"
State, "rank-110", MPI_STATE, 0.000000, 0.000000, 0.000000, 0.000000, PMPI_Init
State, "rank-110", MPI_STATE, 0.000038, 0.000408, 0.000370, 0.000000, PMPI_Barrier
State, "rank-110", MPI_STATE, 0.000412, 0.000923, 0.000511, 0.000000, PMPI_Scatter
State, "rank-110", MPI_STATE, 0.000929, 0.000942, 0.000013, 0.000000, PMPI_Sendrecv
State, "rank-110", MPI_STATE, 0.000944, 0.000960, 0.000016, 0.000000, PMPI_Sendrecv
State, "rank-110", MPI_STATE, 0.000962, 0.000988, 0.000026, 0.000000, PMPI_Sendrecv
State, "rank-110", MPI_STATE, 0.000990, 0.001039, 0.000049, 0.000000, PMPI_Sendrecv
State, "rank-110", MPI_STATE, 0.001040, 0.002542, 0.001502, 0.000000, PMPI_Sendrecv
State, "rank-110", MPI_STATE, 0.002543, 0.005541, 0.002998, 0.000000, PMPI_Sendrecv
State, "rank-110", MPI_STATE, 0.005543, 0.011536, 0.005993, 0.000000, PMPI_Sendrecv
State, "rank-110", MPI_STATE, 0.014772, 0.014772, 0.000000, 0.000000, PMPI_Reduce
State, "rank-110", MPI_STATE, 0.014774, 0.014774, 0.000000, 0.000000, PMPI_Reduce
State, "rank-110", MPI_STATE, 0.014776, 0.014950, 0.000174, 0.000000, PMPI_Barrier
State, "rank-110", MPI_STATE, 0.014951, 0.014951, 0.000000, 0.000000, PMPI_Finalize
Container, 0, MPI, 0, 0.014952, 0.014952, "rank-109"
State, "rank-109", MPI_STATE, 0.000000, 0.000000, 0.000000, 0.000000, PMPI_Init
State, "rank-109", MPI_STATE, 0.000033, 0.000408, 0.000375, 0.000000, PMPI_Barrier
State, "rank-109", MPI_STATE, 0.000411, 0.000923, 0.000512, 0.000000, PMPI_Scatter
State, "rank-109", MPI_STATE, 0.000936, 0.000944, 0.000008, 0.000000, PMPI_Sendrecv
State, "rank-109", MPI_STATE, 0.000945, 0.000959, 0.000014, 0.000000, PMPI_Sendrecv
State, "rank-109", MPI_STATE, 0.000961, 0.000987, 0.000026, 0.000000, PMPI_Sendrecv
State, "rank-109", MPI_STATE, 0.000989, 0.001038, 0.000049, 0.000000, PMPI_Sendrecv
State, "rank-109", MPI_STATE, 0.001039, 0.002542, 0.001503, 0.000000, PMPI_Sendrecv
State, "rank-109", MPI_STATE, 0.002543, 0.005540, 0.002997, 0.000000, PMPI_Sendrecv
State, "rank-109", MPI_STATE, 0.005542, 0.011536, 0.005994, 0.000000, PMPI_Sendrecv
State, "rank-109", MPI_STATE, 0.014738, 0.014738, 0.000000, 0.000000, PMPI_Reduce
State, "rank-109", MPI_STATE, 0.014740, 0.014740, 0.000000, 0.000000, PMPI_Reduce
State, "rank-109", MPI_STATE, 0.014742, 0.014950, 0.000208, 0.000000, PMPI_Barrier
State, "rank-109", MPI_STATE, 0.014952, 0.014952, 0.000000, 0.000000, PMPI_Finalize
Container, 0, MPI, 0, 0.014952, 0.014952, "rank-10"
State, "rank-10", MPI_STATE, 0.000000, 0.000000, 0.000000, 0.000000, PMPI_Init
State, "rank-10", MPI_STATE, 0.000053, 0.000407, 0.000354, 0.000000, PMPI_Barrier
State, "rank-10", MPI_STATE, 0.000411, 0.000692, 0.000281, 0.000000, PMPI_Scatter
State, "rank-10", MPI_STATE, 0.000698, 0.000707, 0.000009, 0.000000, PMPI_Sendrecv
State, "rank-10", MPI_STATE, 0.000709, 0.000723, 0.000014, 0.000000, PMPI_Sendrecv
State, "rank-10", MPI_STATE, 0.000724, 0.000756, 0.000032, 0.000000, PMPI_Sendrecv
State, "rank-10", MPI_STATE, 0.000757, 0.001017, 0.000260, 0.000000, PMPI_Sendrecv
State, "rank-10", MPI_STATE, 0.001019, 0.002536, 0.001517, 0.000000, PMPI_Sendrecv
State, "rank-10", MPI_STATE, 0.002538, 0.005541, 0.003003, 0.000000, PMPI_Sendrecv
State, "rank-10", MPI_STATE, 0.005543, 0.011535, 0.005992, 0.000000, PMPI_Sendrecv
State, "rank-10", MPI_STATE, 0.014798, 0.014798, 0.000000, 0.000000, PMPI_Reduce
State, "rank-10", MPI_STATE, 0.014801, 0.014801, 0.000000, 0.000000, PMPI_Reduce
State, "rank-10", MPI_STATE, 0.014803, 0.014950, 0.000147, 0.000000, PMPI_Barrier
State, "rank-10", MPI_STATE, 0.014952, 0.014952, 0.000000, 0.000000, PMPI_Finalize
Container, 0, MPI, 0, 0.014951, 0.014951, "rank-108"
State, "rank-108", MPI_STATE, 0.000000, 0.000000, 0.000000, 0.000000, PMPI_Init
State, "rank-108", MPI_STATE, 0.000030, 0.000408, 0.000378, 0.000000, PMPI_Barrier
State, "rank-108", MPI_STATE, 0.000415, 0.000923, 0.000508, 0.000000, PMPI_Scatter
State, "rank-108", MPI_STATE, 0.000930, 0.000944, 0.000014, 0.000000, PMPI_Sendrecv
State, "rank-108", MPI_STATE, 0.000946, 0.000960, 0.000014, 0.000000, PMPI_Sendrecv
State, "rank-108", MPI_STATE, 0.000961, 0.000987, 0.000026, 0.000000, PMPI_Sendrecv
State, "rank-108", MPI_STATE, 0.000989, 0.001038, 0.000049, 0.000000, PMPI_Sendrecv
State, "rank-108", MPI_STATE, 0.001039, 0.002542, 0.001503, 0.000000, PMPI_Sendrecv
State, "rank-108", MPI_STATE, 0.002543, 0.005541, 0.002998, 0.000000, PMPI_Sendrecv
State, "rank-108", MPI_STATE, 0.005543, 0.011536, 0.005993, 0.000000, PMPI_Sendrecv
State, "rank-108", MPI_STATE, 0.014762, 0.014762, 0.000000, 0.000000, PMPI_Reduce
State, "rank-108", MPI_STATE, 0.014763, 0.014763, 0.000000, 0.000000, PMPI_Reduce
State, "rank-108", MPI_STATE, 0.014766, 0.014950, 0.000184, 0.000000, PMPI_Barrier
State, "rank-108", MPI_STATE, 0.014951, 0.014951, 0.000000, 0.000000, PMPI_Finalize
Container, 0, MPI, 0, 0.014952, 0.014952, "rank-107"
State, "rank-107", MPI_STATE, 0.000000, 0.000000, 0.000000, 0.000000, PMPI_Init
State, "rank-107", MPI_STATE, 0.000032, 0.000408, 0.000376, 0.000000, PMPI_Barrier
State, "rank-107", MPI_STATE, 0.000412, 0.000923, 0.000511, 0.000000, PMPI_Scatter
State, "rank-107", MPI_STATE, 0.000930, 0.000938, 0.000008, 0.000000, PMPI_Sendrecv
State, "rank-107", MPI_STATE, 0.000941, 0.000956, 0.000015, 0.000000, PMPI_Sendrecv
State, "rank-107", MPI_STATE, 0.000957, 0.000986, 0.000029, 0.000000, PMPI_Sendrecv
State, "rank-107", MPI_STATE, 0.000988, 0.001037, 0.000049, 0.000000, PMPI_Sendrecv
State, "rank-107", MPI_STATE, 0.001038, 0.002539, 0.001501, 0.000000, PMPI_Sendrecv
State, "rank-107", MPI_STATE, 0.002541, 0.005536, 0.002995, 0.000000, PMPI_Sendrecv
State, "rank-107", MPI_STATE, 0.005537, 0.011536, 0.005999, 0.000000, PMPI_Sendrecv
State, "rank-107", MPI_STATE, 0.014754, 0.014754, 0.000000, 0.000000, PMPI_Reduce
State, "rank-107", MPI_STATE, 0.014757, 0.014757, 0.000000, 0.000000, PMPI_Reduce
State, "rank-107", MPI_STATE, 0.014758, 0.014950, 0.000192, 0.000000, PMPI_Barrier
State, "rank-107", MPI_STATE, 0.014952, 0.014952, 0.000000, 0.000000, PMPI_Finalize
Container, 0, MPI, 0, 0.014952, 0.014952, "rank-106"
State, "rank-106", MPI_STATE, 0.000000, 0.000000, 0.000000, 0.000000, PMPI_Init
State, "rank-106", MPI_STATE, 0.000034, 0.000408, 0.000374, 0.000000, PMPI_Barrier
State, "rank-106", MPI_STATE, 0.000412, 0.000923, 0.000511, 0.000000, PMPI_Scatter
State, "rank-106", MPI_STATE, 0.000929, 0.000938, 0.000009, 0.000000, PMPI_Sendrecv
State, "rank-106", MPI_STATE, 0.000940, 0.000956, 0.000016, 0.000000, PMPI_Sendrecv
State, "rank-106", MPI_STATE, 0.000958, 0.000988, 0.000030, 0.000000, PMPI_Sendrecv
State, "rank-106", MPI_STATE, 0.000989, 0.001038, 0.000049, 0.000000, PMPI_Sendrecv
State, "rank-106", MPI_STATE, 0.001040, 0.002541, 0.001501, 0.000000, PMPI_Sendrecv
State, "rank-106", MPI_STATE, 0.002543, 0.005540, 0.002997, 0.000000, PMPI_Sendrecv
State, "rank-106", MPI_STATE, 0.005541, 0.011536, 0.005995, 0.000000, PMPI_Sendrecv
State, "rank-106", MPI_STATE, 0.014729, 0.014729, 0.000000, 0.000000, PMPI_Reduce
State, "rank-106", MPI_STATE, 0.014731, 0.014731, 0.000000, 0.000000, PMPI_Reduce
State, "rank-106", MPI_STATE, 0.014733, 0.014950, 0.000217, 0.000000, PMPI_Barrier
State, "rank-106", MPI_STATE, 0.014952, 0.014952, 0.000000, 0.000000, PMPI_Finalize
Container, 0, MPI, 0, 0.014952, 0.014952, "rank-105"
State, "rank-105", MPI_STATE, 0.000000, 0.000000, 0.000000, 0.000000, PMPI_Init
State, "rank-105", MPI_STATE, 0.000033, 0.000408, 0.000375, 0.000000, PMPI_Barrier
State, "rank-105", MPI_STATE, 0.000411, 0.000923, 0.000512, 0.000000, PMPI_Scatter
State, "rank-105", MPI_STATE, 0.000929, 0.000940, 0.000011, 0.000000, PMPI_Sendrecv
State, "rank-105", MPI_STATE, 0.000942, 0.000956, 0.000014, 0.000000, PMPI_Sendrecv
State, "rank-105", MPI_STATE, 0.000958, 0.000987, 0.000029, 0.000000, PMPI_Sendrecv
State, "rank-105", MPI_STATE, 0.000988, 0.001037, 0.000049, 0.000000, PMPI_Sendrecv
State, "rank-105", MPI_STATE, 0.001039, 0.002539, 0.001500, 0.000000, PMPI_Sendrecv
State, "rank-105", MPI_STATE, 0.002541, 0.005541, 0.003000, 0.000000, PMPI_Sendrecv
State, "rank-105", MPI_STATE, 0.005542, 0.011531, 0.005989, 0.000000, PMPI_Sendrecv
State, "rank-105", MPI_STATE, 0.014699, 0.014699, 0.000000, 0.000000, PMPI_Reduce
State, "rank-105", MPI_STATE, 0.014701, 0.014701, 0.000000, 0.000000, PMPI_Reduce
State, "rank-105", MPI_STATE, 0.014704, 0.014950, 0.000246, 0.000000, PMPI_Barrier
State, "rank-105", MPI_STATE, 0.014952, 0.014952, 0.000000, 0.000000, PMPI_Finalize
Container, 0, MPI, 0, 0.014951, 0.014951, "rank-104"
State, "rank-104", MPI_STATE, 0.000000, 0.000000, 0.000000, 0.000000, PMPI_Init
State, "rank-104", MPI_STATE, 0.000034, 0.000408, 0.000374, 0.000000, PMPI_Barrier
State, "rank-104", MPI_STATE, 0.000412, 0.000923, 0.000511, 0.000000, PMPI_Scatter
State, "rank-104", MPI_STATE, 0.000932, 0.000940, 0.000008, 0.000000, PMPI_Sendrecv
State, "rank-104", MPI_STATE, 0.000942, 0.000956, 0.000014, 0.000000, PMPI_Sendrecv
State, "rank-104", MPI_STATE, 0.000957, 0.000987, 0.000030, 0.000000, PMPI_Sendrecv
State, "rank-104", MPI_STATE, 0.000988, 0.001037, 0.000049, 0.000000, PMPI_Sendrecv
State, "rank-104", MPI_STATE, 0.001039, 0.002542, 0.001503, 0.000000, PMPI_Sendrecv
State, "rank-104", MPI_STATE, 0.002544, 0.005541, 0.002997, 0.000000, PMPI_Sendrecv
State, "rank-104", MPI_STATE, 0.005543, 0.011536, 0.005993, 0.000000, PMPI_Sendrecv
State, "rank-104", MPI_STATE, 0.014697, 0.014697, 0.000000, 0.000000, PMPI_Reduce
State, "rank-104", MPI_STATE, 0.014699, 0.014699, 0.000000, 0.000000, PMPI_Reduce
State, "rank-104", MPI_STATE, 0.014701, 0.014950, 0.000249, 0.000000, PMPI_Barrier
State, "rank-104", MPI_STATE, 0.014951, 0.014951, 0.000000, 0.000000, PMPI_Finalize
Container, 0, MPI, 0, 0.014951, 0.014951, "rank-103"
State, "rank-103", MPI_STATE, 0.000000, 0.000000, 0.000000, 0.000000, PMPI_Init
State, "rank-103", MPI_STATE, 0.000038, 0.000408, 0.000370, 0.000000, PMPI_Barrier
State, "rank-103", MPI_STATE, 0.000412, 0.000923, 0.000511, 0.000000, PMPI_Scatter
State, "rank-103", MPI_STATE, 0.000930, 0.000938, 0.000008, 0.000000, PMPI_Sendrecv
State, "rank-103", MPI_STATE, 0.000939, 0.000956, 0.000017, 0.000000, PMPI_Sendrecv
State, "rank-103", MPI_STATE, 0.000958, 0.000984, 0.000026, 0.000000, PMPI_Sendrecv
State, "rank-103", MPI_STATE, 0.000986, 0.001037, 0.000051, 0.000000, PMPI_Sendrecv
State, "rank-103", MPI_STATE, 0.001039, 0.002539, 0.001500, 0.000000, PMPI_Sendrecv
State, "rank-103", MPI_STATE, 0.002540, 0.005536, 0.002996, 0.000000, PMPI_Sendrecv
State, "rank-103", MPI_STATE, 0.005538, 0.011536, 0.005998, 0.000000, PMPI_Sendrecv
State, "rank-103", MPI_STATE, 0.014817, 0.014817, 0.000000, 0.000000, PMPI_Reduce
State, "rank-103", MPI_STATE, 0.014819, 0.014819, 0.000000, 0.000000, PMPI_Reduce
State, "rank-103", MPI_STATE, 0.014821, 0.014950, 0.000129, 0.000000, PMPI_Barrier
State, "rank-103", MPI_STATE, 0.014951, 0.014951, 0.000000, 0.000000, PMPI_Finalize
Container, 0, MPI, 0, 0.014951, 0.014951, "rank-102"
State, "rank-102", MPI_STATE, 0.000000, 0.000000, 0.000000, 0.000000, PMPI_Init
State, "rank-102", MPI_STATE, 0.000033, 0.000408, 0.000375, 0.000000, PMPI_Barrier
State, "rank-102", MPI_STATE, 0.000411, 0.000923, 0.000512, 0.000000, PMPI_Scatter
State, "rank-102", MPI_STATE, 0.000930, 0.000938, 0.000008, 0.000000, PMPI_Sendrecv
State, "rank-102", MPI_STATE, 0.000940, 0.000956, 0.000016, 0.000000, PMPI_Sendrecv
State, "rank-102", MPI_STATE, 0.000958, 0.000984, 0.000026, 0.000000, PMPI_Sendrecv
State, "rank-102", MPI_STATE, 0.000986, 0.001039, 0.000053, 0.000000, PMPI_Sendrecv
State, "rank-102", MPI_STATE, 0.001040, 0.002542, 0.001502, 0.000000, PMPI_Sendrecv
State, "rank-102", MPI_STATE, 0.002545, 0.005541, 0.002996, 0.000000, PMPI_Sendrecv
State, "rank-102", MPI_STATE, 0.005543, 0.011536, 0.005993, 0.000000, PMPI_Sendrecv
State, "rank-102", MPI_STATE, 0.014732, 0.014732, 0.000000, 0.000000, PMPI_Reduce
State, "rank-102", MPI_STATE, 0.014734, 0.014734, 0.000000, 0.000000, PMPI_Reduce
State, "rank-102", MPI_STATE, 0.014736, 0.014950, 0.000214, 0.000000, PMPI_Barrier
State, "rank-102", MPI_STATE, 0.014951, 0.014951, 0.000000, 0.000000, PMPI_Finalize
Container, 0, MPI, 0, 0.014952, 0.014952, "rank-101"
State, "rank-101", MPI_STATE, 0.000000, 0.000000, 0.000000, 0.000000, PMPI_Init
State, "rank-101", MPI_STATE, 0.000034, 0.000408, 0.000374, 0.000000, PMPI_Barrier
State, "rank-101", MPI_STATE, 0.000412, 0.000923, 0.000511, 0.000000, PMPI_Scatter
State, "rank-101", MPI_STATE, 0.000932, 0.000940, 0.000008, 0.000000, PMPI_Sendrecv
State, "rank-101", MPI_STATE, 0.000942, 0.000956, 0.000014, 0.000000, PMPI_Sendrecv
State, "rank-101", MPI_STATE, 0.000957, 0.000983, 0.000026, 0.000000, PMPI_Sendrecv
State, "rank-101", MPI_STATE, 0.000985, 0.001038, 0.000053, 0.000000, PMPI_Sendrecv
State, "rank-101", MPI_STATE, 0.001039, 0.002541, 0.001502, 0.000000, PMPI_Sendrecv
State, "rank-101", MPI_STATE, 0.002543, 0.005540, 0.002997, 0.000000, PMPI_Sendrecv
State, "rank-101", MPI_STATE, 0.005541, 0.011536, 0.005995, 0.000000, PMPI_Sendrecv
State, "rank-101", MPI_STATE, 0.014772, 0.014772, 0.000000, 0.000000, PMPI_Reduce
State, "rank-101", MPI_STATE, 0.014774, 0.014774, 0.000000, 0.000000, PMPI_Reduce
State, "rank-101", MPI_STATE, 0.014776, 0.014950, 0.000174, 0.000000, PMPI_Barrier
State, "rank-101", MPI_STATE, 0.014952, 0.014952, 0.000000, 0.000000, PMPI_Finalize
Container, 0, MPI, 0, 0.014952, 0.014952, "rank-100"
State, "rank-100", MPI_STATE, 0.000000, 0.000000, 0.000000, 0.000000, PMPI_Init
State, "rank-100", MPI_STATE, 0.000041, 0.000408, 0.000367, 0.000000, PMPI_Barrier
State, "rank-100", MPI_STATE, 0.000412, 0.000923, 0.000511, 0.000000, PMPI_Scatter
State, "rank-100", MPI_STATE, 0.000932, 0.000940, 0.000008, 0.000000, PMPI_Sendrecv
State, "rank-100", MPI_STATE, 0.000942, 0.000956, 0.000014, 0.000000, PMPI_Sendrecv
State, "rank-100", MPI_STATE, 0.000958, 0.000984, 0.000026, 0.000000, PMPI_Sendrecv
State, "rank-100", MPI_STATE, 0.000986, 0.001038, 0.000052, 0.000000, PMPI_Sendrecv
State, "rank-100", MPI_STATE, 0.001039, 0.002542, 0.001503, 0.000000, PMPI_Sendrecv
State, "rank-100", MPI_STATE, 0.002544, 0.005541, 0.002997, 0.000000, PMPI_Sendrecv
State, "rank-100", MPI_STATE, 0.005543, 0.011536, 0.005993, 0.000000, PMPI_Sendrecv
State, "rank-100", MPI_STATE, 0.014777, 0.014777, 0.000000, 0.000000, PMPI_Reduce
State, "rank-100", MPI_STATE, 0.014779, 0.014779, 0.000000, 0.000000, PMPI_Reduce
State, "rank-100", MPI_STATE, 0.014781, 0.014950, 0.000169, 0.000000, PMPI_Barrier
State, "rank-100", MPI_STATE, 0.014952, 0.014952, 0.000000, 0.000000, PMPI_Finalize
Container, 0, MPI, 0, 0.014952, 0.014952, "rank-99"
State, "rank-99", MPI_STATE, 0.000000, 0.000000, 0.000000, 0.000000, PMPI_Init
State, "rank-99", MPI_STATE, 0.000033, 0.000408, 0.000375, 0.000000, PMPI_Barrier
State, "rank-99", MPI_STATE, 0.000412, 0.000923, 0.000511, 0.000000, PMPI_Scatter
State, "rank-99", MPI_STATE, 0.000930, 0.000938, 0.000008, 0.000000, PMPI_Sendrecv
State, "rank-99", MPI_STATE, 0.000940, 0.000954, 0.000014, 0.000000, PMPI_Sendrecv
State, "rank-99", MPI_STATE, 0.000956, 0.000984, 0.000028, 0.000000, PMPI_Sendrecv
State, "rank-99", MPI_STATE, 0.000986, 0.001037, 0.000051, 0.000000, PMPI_Sendrecv
State, "rank-99", MPI_STATE, 0.001039, 0.002539, 0.001500, 0.000000, PMPI_Sendrecv
State, "rank-99", MPI_STATE, 0.002542, 0.005539, 0.002997, 0.000000, PMPI_Sendrecv
State, "rank-99", MPI_STATE, 0.005540, 0.011519, 0.005979, 0.000000, PMPI_Sendrecv
State, "rank-99", MPI_STATE, 0.014512, 0.014512, 0.000000, 0.000000, PMPI_Reduce
State, "rank-99", MPI_STATE, 0.014513, 0.014513, 0.000000, 0.000000, PMPI_Reduce
State, "rank-99", MPI_STATE, 0.014515, 0.014950, 0.000435, 0.000000, PMPI_Barrier
State, "rank-99", MPI_STATE, 0.014952, 0.014952, 0.000000, 0.000000, PMPI_Finalize
Container, 0, MPI, 0, 0.014952, 0.014952, "rank-9"
State, "rank-9", MPI_STATE, 0.000000, 0.000000, 0.000000, 0.000000, PMPI_Init
State, "rank-9", MPI_STATE, 0.000047, 0.000407, 0.000360, 0.000000, PMPI_Barrier
State, "rank-9", MPI_STATE, 0.000410, 0.000692, 0.000282, 0.000000, PMPI_Scatter
State, "rank-9", MPI_STATE, 0.000699, 0.000708, 0.000009, 0.000000, PMPI_Sendrecv
State, "rank-9", MPI_STATE, 0.000709, 0.000723, 0.000014, 0.000000, PMPI_Sendrecv
State, "rank-9", MPI_STATE, 0.000725, 0.000756, 0.000031, 0.000000, PMPI_Sendrecv
State, "rank-9", MPI_STATE, 0.000758, 0.001018, 0.000260, 0.000000, PMPI_Sendrecv
State, "rank-9", MPI_STATE, 0.001020, 0.002538, 0.001518, 0.000000, PMPI_Sendrecv
State, "rank-9", MPI_STATE, 0.002540, 0.005522, 0.002982, 0.000000, PMPI_Sendrecv
State, "rank-9", MPI_STATE, 0.005524, 0.011534, 0.006010, 0.000000, PMPI_Sendrecv
State, "rank-9", MPI_STATE, 0.014719, 0.014719, 0.000000, 0.000000, PMPI_Reduce
State, "rank-9", MPI_STATE, 0.014721, 0.014721, 0.000000, 0.000000, PMPI_Reduce
State, "rank-9", MPI_STATE, 0.014723, 0.014950, 0.000227, 0.000000, PMPI_Barrier
State, "rank-9", MPI_STATE, 0.014952, 0.014952, 0.000000, 0.000000, PMPI_Finalize
Container, 0, MPI, 0, 0.014983, 0.014983, "rank-0"
State, "rank-0", MPI_STATE, 0.000000, 0.000000, 0.000000, 0.000000, PMPI_Init
State, "rank-0", MPI_STATE, 0.000406, 0.000407, 0.000001, 0.000000, PMPI_Barrier
State, "rank-0", MPI_STATE, 0.000415, 0.000415, 0.000000, 0.000000, PMPI_Scatter
State, "rank-0", MPI_STATE, 0.000467, 0.000925, 0.000458, 0.000000, PMPI_Sendrecv
State, "rank-0", MPI_STATE, 0.000926, 0.000940, 0.000014, 0.000000, PMPI_Sendrecv
State, "rank-0", MPI_STATE, 0.000942, 0.000968, 0.000026, 0.000000, PMPI_Sendrecv
State, "rank-0", MPI_STATE, 0.000969, 0.001018, 0.000049, 0.000000, PMPI_Sendrecv
State, "rank-0", MPI_STATE, 0.001020, 0.002538, 0.001518, 0.000000, PMPI_Sendrecv
State, "rank-0", MPI_STATE, 0.002539, 0.005541, 0.003002, 0.000000, PMPI_Sendrecv
State, "rank-0", MPI_STATE, 0.005544, 0.011536, 0.005992, 0.000000, PMPI_Sendrecv
State, "rank-0", MPI_STATE, 0.014559, 0.014942, 0.000383, 0.000000, PMPI_Reduce
State, "rank-0", MPI_STATE, 0.014945, 0.014946, 0.000001, 0.000000, PMPI_Reduce
State, "rank-0", MPI_STATE, 0.014948, 0.014949, 0.000001, 0.000000, PMPI_Barrier
State, "rank-0", MPI_STATE, 0.014983, 0.014983, 0.000000, 0.000000, PMPI_Finalize
