#This file was generated using SimGrid-4.1.0
#[/Users/j/Desktop/A-Bcast-Model-for-Given-Topologies/bin/runner /Users/j/Desktop/A-Bcast-Model-for-Given-Topologies/topo/FatTree/platform_fattree_128.xml bine 4194304 128 0 _ _ ]
%EventDef PajeDefineContainerType 0
%       Alias string
%       Type string
%       Name string
%EndEventDef
%EventDef PajeDefineVariableType 1
%       Alias string
%       Type string
%       Name string
%       Color color
%EndEventDef
%EventDef PajeDefineStateType 2
%       Alias string
%       Type string
%       Name string
%EndEventDef
%EventDef PajeDefineEventType 3
%       Alias string
%       Type string
%       Name string
%EndEventDef
%EventDef PajeDefineLinkType 4
%       Alias string
%       Type string
%       StartContainerType string
%       EndContainerType string
%       Name string
%EndEventDef
%EventDef PajeDefineEntityValue 5
%       Alias string
%       Type string
%       Name string
%       Color color
%EndEventDef
%EventDef PajeCreateContainer 6
%       Time date
%       Alias string
%       Type string
%       Container string
%       Name string
%EndEventDef
%EventDef PajeDestroyContainer 7
%       Time date
%       Type string
%       Name string
%EndEventDef
%EventDef PajeSetVariable 8
%       Time date
%       Type string
%       Container string
%       Value double
%EndEventDef
%EventDef PajeAddVariable 9
%       Time date
%       Type string
%       Container string
%       Value double
%EndEventDef
%EventDef PajeSubVariable 10
%       Time date
%       Type string
%       Container string
%       Value double
%EndEventDef
%EventDef PajeSetState 11
%       Time date
%       Type string
%       Container string
%       Value string
%EndEventDef
%EventDef PajePushState 12
%       Time date
%       Type string
%       Container string
%       Value string
%EndEventDef
%EventDef PajePopState 13
%       Time date
%       Type string
%       Container string
%EndEventDef
%EventDef PajeResetState 14
%       Time date
%       Type string
%       Container string
%EndEventDef
%EventDef PajeStartLink 15
%       Time date
%       Type string
%       Container string
%       Value string
%       StartContainer string
%       Key string
%EndEventDef
%EventDef PajeEndLink 16
%       Time date
%       Type string
%       Container string
%       Value string
%       EndContainer string
%       Key string
%EndEventDef
%EventDef PajeNewEvent 17
%       Time date
%       Type string
%       Container string
%       Value string
%EndEventDef
0 1 0 MPI
2 2 1 MPI_STATE
4 3 0 1 1 MPI_LINK
4 4 0 1 1 MIGRATE_LINK
2 5 1 MIGRATE_STATE
6 0.000000 1 1 0 "rank-0"
6 0.000000 2 1 0 "rank-1"
6 0.000000 3 1 0 "rank-2"
6 0.000000 4 1 0 "rank-3"
6 0.000000 5 1 0 "rank-4"
6 0.000000 6 1 0 "rank-5"
6 0.000000 7 1 0 "rank-6"
6 0.000000 8 1 0 "rank-7"
6 0.000000 9 1 0 "rank-8"
6 0.000000 10 1 0 "rank-9"
6 0.000000 11 1 0 "rank-10"
6 0.000000 12 1 0 "rank-11"
6 0.000000 13 1 0 "rank-12"
6 0.000000 14 1 0 "rank-13"
6 0.000000 15 1 0 "rank-14"
6 0.000000 16 1 0 "rank-15"
6 0.000000 17 1 0 "rank-16"
6 0.000000 18 1 0 "rank-17"
6 0.000000 19 1 0 "rank-18"
6 0.000000 20 1 0 "rank-19"
6 0.000000 21 1 0 "rank-20"
6 0.000000 22 1 0 "rank-21"
6 0.000000 23 1 0 "rank-22"
6 0.000000 24 1 0 "rank-23"
6 0.000000 25 1 0 "rank-24"
6 0.000000 26 1 0 "rank-25"
6 0.000000 27 1 0 "rank-26"
6 0.000000 28 1 0 "rank-27"
6 0.000000 29 1 0 "rank-28"
6 0.000000 30 1 0 "rank-29"
6 0.000000 31 1 0 "rank-30"
6 0.000000 32 1 0 "rank-31"
6 0.000000 33 1 0 "rank-32"
6 0.000000 34 1 0 "rank-33"
6 0.000000 35 1 0 "rank-34"
6 0.000000 36 1 0 "rank-35"
6 0.000000 37 1 0 "rank-36"
6 0.000000 38 1 0 "rank-37"
6 0.000000 39 1 0 "rank-38"
6 0.000000 40 1 0 "rank-39"
6 0.000000 41 1 0 "rank-40"
6 0.000000 42 1 0 "rank-41"
6 0.000000 43 1 0 "rank-42"
6 0.000000 44 1 0 "rank-43"
6 0.000000 45 1 0 "rank-44"
6 0.000000 46 1 0 "rank-45"
6 0.000000 47 1 0 "rank-46"
6 0.000000 48 1 0 "rank-47"
6 0.000000 49 1 0 "rank-48"
6 0.000000 50 1 0 "rank-49"
6 0.000000 51 1 0 "rank-50"
6 0.000000 52 1 0 "rank-51"
6 0.000000 53 1 0 "rank-52"
6 0.000000 54 1 0 "rank-53"
6 0.000000 55 1 0 "rank-54"
6 0.000000 56 1 0 "rank-55"
6 0.000000 57 1 0 "rank-56"
6 0.000000 58 1 0 "rank-57"
6 0.000000 59 1 0 "rank-58"
6 0.000000 60 1 0 "rank-59"
6 0.000000 61 1 0 "rank-60"
6 0.000000 62 1 0 "rank-61"
6 0.000000 63 1 0 "rank-62"
6 0.000000 64 1 0 "rank-63"
6 0.000000 65 1 0 "rank-64"
6 0.000000 66 1 0 "rank-65"
6 0.000000 67 1 0 "rank-66"
6 0.000000 68 1 0 "rank-67"
6 0.000000 69 1 0 "rank-68"
6 0.000000 70 1 0 "rank-69"
6 0.000000 71 1 0 "rank-70"
6 0.000000 72 1 0 "rank-71"
6 0.000000 73 1 0 "rank-72"
6 0.000000 74 1 0 "rank-73"
6 0.000000 75 1 0 "rank-74"
6 0.000000 76 1 0 "rank-75"
6 0.000000 77 1 0 "rank-76"
6 0.000000 78 1 0 "rank-77"
6 0.000000 79 1 0 "rank-78"
6 0.000000 80 1 0 "rank-79"
6 0.000000 81 1 0 "rank-80"
6 0.000000 82 1 0 "rank-81"
6 0.000000 83 1 0 "rank-82"
6 0.000000 84 1 0 "rank-83"
6 0.000000 85 1 0 "rank-84"
6 0.000000 86 1 0 "rank-85"
6 0.000000 87 1 0 "rank-86"
6 0.000000 88 1 0 "rank-87"
6 0.000000 89 1 0 "rank-88"
6 0.000000 90 1 0 "rank-89"
6 0.000000 91 1 0 "rank-90"
6 0.000000 92 1 0 "rank-91"
6 0.000000 93 1 0 "rank-92"
6 0.000000 94 1 0 "rank-93"
6 0.000000 95 1 0 "rank-94"
6 0.000000 96 1 0 "rank-95"
6 0.000000 97 1 0 "rank-96"
6 0.000000 98 1 0 "rank-97"
6 0.000000 99 1 0 "rank-98"
6 0.000000 100 1 0 "rank-99"
6 0.000000 101 1 0 "rank-100"
6 0.000000 102 1 0 "rank-101"
6 0.000000 103 1 0 "rank-102"
6 0.000000 104 1 0 "rank-103"
6 0.000000 105 1 0 "rank-104"
6 0.000000 106 1 0 "rank-105"
6 0.000000 107 1 0 "rank-106"
6 0.000000 108 1 0 "rank-107"
6 0.000000 109 1 0 "rank-108"
6 0.000000 110 1 0 "rank-109"
6 0.000000 111 1 0 "rank-110"
6 0.000000 112 1 0 "rank-111"
6 0.000000 113 1 0 "rank-112"
6 0.000000 114 1 0 "rank-113"
6 0.000000 115 1 0 "rank-114"
6 0.000000 116 1 0 "rank-115"
6 0.000000 117 1 0 "rank-116"
6 0.000000 118 1 0 "rank-117"
6 0.000000 119 1 0 "rank-118"
6 0.000000 120 1 0 "rank-119"
6 0.000000 121 1 0 "rank-120"
6 0.000000 122 1 0 "rank-121"
6 0.000000 123 1 0 "rank-122"
6 0.000000 124 1 0 "rank-123"
6 0.000000 125 1 0 "rank-124"
6 0.000000 126 1 0 "rank-125"
6 0.000000 127 1 0 "rank-126"
6 0.000000 128 1 0 "rank-127"
5 6 2 PMPI_Init "0 1 0"
12 0.000000 2 1 6
13 0.000000 2 1
12 0.000000 2 2 6
13 0.000000 2 2
12 0.000000 2 3 6
13 0.000000 2 3
12 0.000000 2 4 6
13 0.000000 2 4
12 0.000000 2 5 6
13 0.000000 2 5
12 0.000000 2 6 6
13 0.000000 2 6
12 0.000000 2 7 6
13 0.000000 2 7
12 0.000000 2 8 6
13 0.000000 2 8
12 0.000000 2 9 6
13 0.000000 2 9
12 0.000000 2 10 6
13 0.000000 2 10
12 0.000000 2 11 6
13 0.000000 2 11
12 0.000000 2 12 6
13 0.000000 2 12
12 0.000000 2 13 6
13 0.000000 2 13
12 0.000000 2 14 6
13 0.000000 2 14
12 0.000000 2 15 6
13 0.000000 2 15
12 0.000000 2 16 6
13 0.000000 2 16
12 0.000000 2 17 6
13 0.000000 2 17
12 0.000000 2 18 6
13 0.000000 2 18
12 0.000000 2 19 6
13 0.000000 2 19
12 0.000000 2 20 6
13 0.000000 2 20
12 0.000000 2 21 6
13 0.000000 2 21
12 0.000000 2 22 6
13 0.000000 2 22
12 0.000000 2 23 6
13 0.000000 2 23
12 0.000000 2 24 6
13 0.000000 2 24
12 0.000000 2 25 6
13 0.000000 2 25
12 0.000000 2 26 6
13 0.000000 2 26
12 0.000000 2 27 6
13 0.000000 2 27
12 0.000000 2 28 6
13 0.000000 2 28
12 0.000000 2 29 6
13 0.000000 2 29
12 0.000000 2 30 6
13 0.000000 2 30
12 0.000000 2 31 6
13 0.000000 2 31
12 0.000000 2 32 6
13 0.000000 2 32
12 0.000000 2 33 6
13 0.000000 2 33
12 0.000000 2 34 6
13 0.000000 2 34
12 0.000000 2 35 6
13 0.000000 2 35
12 0.000000 2 36 6
13 0.000000 2 36
12 0.000000 2 37 6
13 0.000000 2 37
12 0.000000 2 38 6
13 0.000000 2 38
12 0.000000 2 39 6
13 0.000000 2 39
12 0.000000 2 40 6
13 0.000000 2 40
12 0.000000 2 41 6
13 0.000000 2 41
12 0.000000 2 42 6
13 0.000000 2 42
12 0.000000 2 43 6
13 0.000000 2 43
12 0.000000 2 44 6
13 0.000000 2 44
12 0.000000 2 45 6
13 0.000000 2 45
12 0.000000 2 46 6
13 0.000000 2 46
12 0.000000 2 47 6
13 0.000000 2 47
12 0.000000 2 48 6
13 0.000000 2 48
12 0.000000 2 49 6
13 0.000000 2 49
12 0.000000 2 50 6
13 0.000000 2 50
12 0.000000 2 51 6
13 0.000000 2 51
12 0.000000 2 52 6
13 0.000000 2 52
12 0.000000 2 53 6
13 0.000000 2 53
12 0.000000 2 54 6
13 0.000000 2 54
12 0.000000 2 55 6
13 0.000000 2 55
12 0.000000 2 56 6
13 0.000000 2 56
12 0.000000 2 57 6
13 0.000000 2 57
12 0.000000 2 58 6
13 0.000000 2 58
12 0.000000 2 59 6
13 0.000000 2 59
12 0.000000 2 60 6
13 0.000000 2 60
12 0.000000 2 61 6
13 0.000000 2 61
12 0.000000 2 62 6
13 0.000000 2 62
12 0.000000 2 63 6
13 0.000000 2 63
12 0.000000 2 64 6
13 0.000000 2 64
12 0.000000 2 65 6
13 0.000000 2 65
12 0.000000 2 66 6
13 0.000000 2 66
12 0.000000 2 67 6
13 0.000000 2 67
12 0.000000 2 68 6
13 0.000000 2 68
12 0.000000 2 69 6
13 0.000000 2 69
12 0.000000 2 70 6
13 0.000000 2 70
12 0.000000 2 71 6
13 0.000000 2 71
12 0.000000 2 72 6
13 0.000000 2 72
12 0.000000 2 73 6
13 0.000000 2 73
12 0.000000 2 74 6
13 0.000000 2 74
12 0.000000 2 75 6
13 0.000000 2 75
12 0.000000 2 76 6
13 0.000000 2 76
12 0.000000 2 77 6
13 0.000000 2 77
12 0.000000 2 78 6
13 0.000000 2 78
12 0.000000 2 79 6
13 0.000000 2 79
12 0.000000 2 80 6
13 0.000000 2 80
12 0.000000 2 81 6
13 0.000000 2 81
12 0.000000 2 82 6
13 0.000000 2 82
12 0.000000 2 83 6
13 0.000000 2 83
12 0.000000 2 84 6
13 0.000000 2 84
12 0.000000 2 85 6
13 0.000000 2 85
12 0.000000 2 86 6
13 0.000000 2 86
12 0.000000 2 87 6
13 0.000000 2 87
12 0.000000 2 88 6
13 0.000000 2 88
12 0.000000 2 89 6
13 0.000000 2 89
12 0.000000 2 90 6
13 0.000000 2 90
12 0.000000 2 91 6
13 0.000000 2 91
12 0.000000 2 92 6
13 0.000000 2 92
12 0.000000 2 93 6
13 0.000000 2 93
12 0.000000 2 94 6
13 0.000000 2 94
12 0.000000 2 95 6
13 0.000000 2 95
12 0.000000 2 96 6
13 0.000000 2 96
12 0.000000 2 97 6
13 0.000000 2 97
12 0.000000 2 98 6
13 0.000000 2 98
12 0.000000 2 99 6
13 0.000000 2 99
12 0.000000 2 100 6
13 0.000000 2 100
12 0.000000 2 101 6
13 0.000000 2 101
12 0.000000 2 102 6
13 0.000000 2 102
12 0.000000 2 103 6
13 0.000000 2 103
12 0.000000 2 104 6
13 0.000000 2 104
12 0.000000 2 105 6
13 0.000000 2 105
12 0.000000 2 106 6
13 0.000000 2 106
12 0.000000 2 107 6
13 0.000000 2 107
12 0.000000 2 108 6
13 0.000000 2 108
12 0.000000 2 109 6
13 0.000000 2 109
12 0.000000 2 110 6
13 0.000000 2 110
12 0.000000 2 111 6
13 0.000000 2 111
12 0.000000 2 112 6
13 0.000000 2 112
12 0.000000 2 113 6
13 0.000000 2 113
12 0.000000 2 114 6
13 0.000000 2 114
12 0.000000 2 115 6
13 0.000000 2 115
12 0.000000 2 116 6
13 0.000000 2 116
12 0.000000 2 117 6
13 0.000000 2 117
12 0.000000 2 118 6
13 0.000000 2 118
12 0.000000 2 119 6
13 0.000000 2 119
12 0.000000 2 120 6
13 0.000000 2 120
12 0.000000 2 121 6
13 0.000000 2 121
12 0.000000 2 122 6
13 0.000000 2 122
12 0.000000 2 123 6
13 0.000000 2 123
12 0.000000 2 124 6
13 0.000000 2 124
12 0.000000 2 125 6
13 0.000000 2 125
12 0.000000 2 126 6
13 0.000000 2 126
12 0.000000 2 127 6
13 0.000000 2 127
12 0.000000 2 128 6
13 0.000000 2 128
5 7 2 PMPI_Barrier "0 0.39 0.78"
5 8 2 PMPI_Recv "1 0 0"
5 9 2 PMPI_Send "0 0 1"
5 10 2 PMPI_Reduce "0 1 0"
5 11 2 PMPI_Finalize "0 1 0"
12 0.000043 2 121 7
15 0.000043 3 0 PTP 121 121_1_-778_1
12 0.000043 2 126 7
15 0.000043 3 0 PTP 126 126_1_-778_2
12 0.000043 2 128 7
15 0.000043 3 0 PTP 128 128_1_-778_3
12 0.000044 2 119 7
15 0.000044 3 0 PTP 119 119_1_-778_4
12 0.000044 2 123 7
15 0.000044 3 0 PTP 123 123_1_-778_5
12 0.000044 2 125 7
15 0.000044 3 0 PTP 125 125_1_-778_6
12 0.000044 2 127 7
15 0.000044 3 0 PTP 127 127_1_-778_7
12 0.000045 2 116 7
15 0.000045 3 0 PTP 116 116_1_-778_8
12 0.000045 2 118 7
15 0.000045 3 0 PTP 118 118_1_-778_9
12 0.000045 2 120 7
15 0.000045 3 0 PTP 120 120_1_-778_10
12 0.000045 2 122 7
15 0.000045 3 0 PTP 122 122_1_-778_11
12 0.000045 2 124 7
15 0.000045 3 0 PTP 124 124_1_-778_12
12 0.000046 2 117 7
15 0.000046 3 0 PTP 117 117_1_-778_13
12 0.000048 2 69 7
15 0.000048 3 0 PTP 69 69_1_-778_14
12 0.000049 2 68 7
15 0.000049 3 0 PTP 68 68_1_-778_15
12 0.000049 2 115 7
15 0.000049 3 0 PTP 115 115_1_-778_16
12 0.000050 2 63 7
15 0.000050 3 0 PTP 63 63_1_-778_17
12 0.000050 2 67 7
15 0.000050 3 0 PTP 67 67_1_-778_18
12 0.000050 2 71 7
15 0.000050 3 0 PTP 71 71_1_-778_19
12 0.000051 2 46 7
15 0.000051 3 0 PTP 46 46_1_-778_20
12 0.000051 2 49 7
15 0.000051 3 0 PTP 49 49_1_-778_21
12 0.000051 2 51 7
15 0.000051 3 0 PTP 51 51_1_-778_22
12 0.000051 2 55 7
15 0.000051 3 0 PTP 55 55_1_-778_23
12 0.000051 2 60 7
15 0.000051 3 0 PTP 60 60_1_-778_24
12 0.000051 2 61 7
15 0.000051 3 0 PTP 61 61_1_-778_25
12 0.000051 2 62 7
15 0.000051 3 0 PTP 62 62_1_-778_26
12 0.000052 2 44 7
15 0.000052 3 0 PTP 44 44_1_-778_27
12 0.000052 2 70 7
15 0.000052 3 0 PTP 70 70_1_-778_28
12 0.000052 2 72 7
15 0.000052 3 0 PTP 72 72_1_-778_29
12 0.000053 2 57 7
15 0.000053 3 0 PTP 57 57_1_-778_30
12 0.000053 2 74 7
15 0.000053 3 0 PTP 74 74_1_-778_31
12 0.000054 2 45 7
15 0.000054 3 0 PTP 45 45_1_-778_32
12 0.000054 2 47 7
15 0.000054 3 0 PTP 47 47_1_-778_33
12 0.000054 2 48 7
15 0.000054 3 0 PTP 48 48_1_-778_34
12 0.000054 2 59 7
15 0.000054 3 0 PTP 59 59_1_-778_35
12 0.000054 2 65 7
15 0.000054 3 0 PTP 65 65_1_-778_36
12 0.000055 2 24 7
15 0.000055 3 0 PTP 24 24_1_-778_37
12 0.000055 2 50 7
15 0.000055 3 0 PTP 50 50_1_-778_38
12 0.000055 2 53 7
15 0.000055 3 0 PTP 53 53_1_-778_39
12 0.000055 2 66 7
15 0.000055 3 0 PTP 66 66_1_-778_40
12 0.000056 2 15 7
15 0.000056 3 0 PTP 15 15_1_-778_41
12 0.000056 2 22 7
15 0.000056 3 0 PTP 22 22_1_-778_42
12 0.000056 2 23 7
15 0.000056 3 0 PTP 23 23_1_-778_43
12 0.000056 2 25 7
15 0.000056 3 0 PTP 25 25_1_-778_44
12 0.000056 2 34 7
15 0.000056 3 0 PTP 34 34_1_-778_45
12 0.000056 2 56 7
15 0.000056 3 0 PTP 56 56_1_-778_46
12 0.000056 2 58 7
15 0.000056 3 0 PTP 58 58_1_-778_47
12 0.000056 2 64 7
15 0.000056 3 0 PTP 64 64_1_-778_48
12 0.000057 2 21 7
15 0.000057 3 0 PTP 21 21_1_-778_49
12 0.000057 2 27 7
15 0.000057 3 0 PTP 27 27_1_-778_50
12 0.000057 2 32 7
15 0.000057 3 0 PTP 32 32_1_-778_51
12 0.000057 2 43 7
15 0.000057 3 0 PTP 43 43_1_-778_52
12 0.000057 2 54 7
15 0.000057 3 0 PTP 54 54_1_-778_53
12 0.000058 2 20 7
15 0.000058 3 0 PTP 20 20_1_-778_54
12 0.000058 2 33 7
15 0.000058 3 0 PTP 33 33_1_-778_55
12 0.000058 2 36 7
15 0.000058 3 0 PTP 36 36_1_-778_56
12 0.000058 2 37 7
15 0.000058 3 0 PTP 37 37_1_-778_57
12 0.000058 2 40 7
15 0.000058 3 0 PTP 40 40_1_-778_58
12 0.000058 2 41 7
15 0.000058 3 0 PTP 41 41_1_-778_59
12 0.000058 2 52 7
15 0.000058 3 0 PTP 52 52_1_-778_60
12 0.000059 2 16 7
15 0.000059 3 0 PTP 16 16_1_-778_61
12 0.000059 2 19 7
15 0.000059 3 0 PTP 19 19_1_-778_62
12 0.000059 2 28 7
15 0.000059 3 0 PTP 28 28_1_-778_63
12 0.000059 2 35 7
15 0.000059 3 0 PTP 35 35_1_-778_64
12 0.000060 2 42 7
15 0.000060 3 0 PTP 42 42_1_-778_65
12 0.000060 2 75 7
15 0.000060 3 0 PTP 75 75_1_-778_66
12 0.000061 2 29 7
15 0.000061 3 0 PTP 29 29_1_-778_67
12 0.000062 2 26 7
15 0.000062 3 0 PTP 26 26_1_-778_68
12 0.000062 2 38 7
15 0.000062 3 0 PTP 38 38_1_-778_69
12 0.000062 2 39 7
15 0.000062 3 0 PTP 39 39_1_-778_70
12 0.000063 2 12 7
15 0.000063 3 0 PTP 12 12_1_-778_71
12 0.000063 2 14 7
15 0.000063 3 0 PTP 14 14_1_-778_72
12 0.000064 2 5 7
15 0.000064 3 0 PTP 5 5_1_-778_73
12 0.000064 2 13 7
15 0.000064 3 0 PTP 13 13_1_-778_74
12 0.000065 2 4 7
15 0.000065 3 0 PTP 4 4_1_-778_75
12 0.000065 2 7 7
15 0.000065 3 0 PTP 7 7_1_-778_76
12 0.000067 2 10 7
15 0.000067 3 0 PTP 10 10_1_-778_77
12 0.000067 2 11 7
15 0.000067 3 0 PTP 11 11_1_-778_78
12 0.000067 2 18 7
15 0.000067 3 0 PTP 18 18_1_-778_79
12 0.000067 2 92 7
15 0.000067 3 0 PTP 92 92_1_-778_80
12 0.000068 2 87 7
15 0.000068 3 0 PTP 87 87_1_-778_81
12 0.000068 2 89 7
15 0.000068 3 0 PTP 89 89_1_-778_82
12 0.000068 2 93 7
15 0.000068 3 0 PTP 93 93_1_-778_83
12 0.000068 2 95 7
15 0.000068 3 0 PTP 95 95_1_-778_84
12 0.000068 2 97 7
15 0.000068 3 0 PTP 97 97_1_-778_85
12 0.000068 2 101 7
15 0.000068 3 0 PTP 101 101_1_-778_86
12 0.000068 2 103 7
15 0.000068 3 0 PTP 103 103_1_-778_87
12 0.000068 2 104 7
15 0.000068 3 0 PTP 104 104_1_-778_88
12 0.000068 2 105 7
15 0.000068 3 0 PTP 105 105_1_-778_89
12 0.000068 2 106 7
15 0.000068 3 0 PTP 106 106_1_-778_90
12 0.000068 2 110 7
15 0.000068 3 0 PTP 110 110_1_-778_91
12 0.000068 2 111 7
15 0.000068 3 0 PTP 111 111_1_-778_92
12 0.000068 2 113 7
15 0.000068 3 0 PTP 113 113_1_-778_93
12 0.000069 2 91 7
15 0.000069 3 0 PTP 91 91_1_-778_94
12 0.000069 2 94 7
15 0.000069 3 0 PTP 94 94_1_-778_95
12 0.000069 2 99 7
15 0.000069 3 0 PTP 99 99_1_-778_96
12 0.000069 2 100 7
15 0.000069 3 0 PTP 100 100_1_-778_97
12 0.000069 2 102 7
15 0.000069 3 0 PTP 102 102_1_-778_98
12 0.000069 2 107 7
15 0.000069 3 0 PTP 107 107_1_-778_99
12 0.000069 2 109 7
15 0.000069 3 0 PTP 109 109_1_-778_100
12 0.000069 2 114 7
15 0.000069 3 0 PTP 114 114_1_-778_101
12 0.000070 2 31 7
15 0.000070 3 0 PTP 31 31_1_-778_102
12 0.000070 2 88 7
15 0.000070 3 0 PTP 88 88_1_-778_103
12 0.000070 2 96 7
15 0.000070 3 0 PTP 96 96_1_-778_104
12 0.000070 2 112 7
15 0.000070 3 0 PTP 112 112_1_-778_105
12 0.000071 2 6 7
15 0.000071 3 0 PTP 6 6_1_-778_106
12 0.000071 2 86 7
15 0.000071 3 0 PTP 86 86_1_-778_107
12 0.000072 2 9 7
15 0.000072 3 0 PTP 9 9_1_-778_108
12 0.000072 2 79 7
15 0.000072 3 0 PTP 79 79_1_-778_109
12 0.000072 2 82 7
15 0.000072 3 0 PTP 82 82_1_-778_110
12 0.000072 2 85 7
15 0.000072 3 0 PTP 85 85_1_-778_111
12 0.000072 2 98 7
15 0.000072 3 0 PTP 98 98_1_-778_112
12 0.000073 2 8 7
15 0.000073 3 0 PTP 8 8_1_-778_113
12 0.000073 2 83 7
15 0.000073 3 0 PTP 83 83_1_-778_114
12 0.000073 2 84 7
15 0.000073 3 0 PTP 84 84_1_-778_115
12 0.000073 2 90 7
15 0.000073 3 0 PTP 90 90_1_-778_116
12 0.000075 2 108 7
15 0.000075 3 0 PTP 108 108_1_-778_117
12 0.000076 2 77 7
15 0.000076 3 0 PTP 77 77_1_-778_118
12 0.000077 2 78 7
15 0.000077 3 0 PTP 78 78_1_-778_119
12 0.000078 2 17 7
15 0.000078 3 0 PTP 17 17_1_-778_120
12 0.000079 2 81 7
15 0.000079 3 0 PTP 81 81_1_-778_121
12 0.000080 2 30 7
15 0.000080 3 0 PTP 30 30_1_-778_122
12 0.000087 2 3 7
15 0.000087 3 0 PTP 3 3_1_-778_123
12 0.000096 2 2 7
15 0.000096 3 0 PTP 2 2_1_-778_124
12 0.000098 2 80 7
15 0.000098 3 0 PTP 80 80_1_-778_125
12 0.000125 2 73 7
15 0.000125 3 0 PTP 73 73_1_-778_126
12 0.000131 2 76 7
15 0.000131 3 0 PTP 76 76_1_-778_127
12 0.000457 2 1 7
16 0.000457 3 0 PTP 1 2_1_-778_124
16 0.000457 3 0 PTP 1 3_1_-778_123
16 0.000457 3 0 PTP 1 4_1_-778_75
16 0.000457 3 0 PTP 1 5_1_-778_73
16 0.000457 3 0 PTP 1 6_1_-778_106
16 0.000457 3 0 PTP 1 7_1_-778_76
16 0.000457 3 0 PTP 1 8_1_-778_113
16 0.000457 3 0 PTP 1 9_1_-778_108
16 0.000457 3 0 PTP 1 10_1_-778_77
16 0.000457 3 0 PTP 1 11_1_-778_78
16 0.000457 3 0 PTP 1 12_1_-778_71
16 0.000457 3 0 PTP 1 13_1_-778_74
16 0.000457 3 0 PTP 1 14_1_-778_72
16 0.000457 3 0 PTP 1 15_1_-778_41
16 0.000457 3 0 PTP 1 16_1_-778_61
16 0.000458 3 0 PTP 1 17_1_-778_120
16 0.000458 3 0 PTP 1 18_1_-778_79
16 0.000458 3 0 PTP 1 19_1_-778_62
16 0.000458 3 0 PTP 1 20_1_-778_54
16 0.000458 3 0 PTP 1 21_1_-778_49
16 0.000458 3 0 PTP 1 22_1_-778_42
16 0.000458 3 0 PTP 1 23_1_-778_43
16 0.000458 3 0 PTP 1 24_1_-778_37
16 0.000458 3 0 PTP 1 25_1_-778_44
16 0.000458 3 0 PTP 1 26_1_-778_68
16 0.000458 3 0 PTP 1 27_1_-778_50
16 0.000458 3 0 PTP 1 28_1_-778_63
16 0.000458 3 0 PTP 1 29_1_-778_67
16 0.000458 3 0 PTP 1 30_1_-778_122
16 0.000458 3 0 PTP 1 31_1_-778_102
16 0.000458 3 0 PTP 1 32_1_-778_51
16 0.000458 3 0 PTP 1 33_1_-778_55
16 0.000458 3 0 PTP 1 34_1_-778_45
16 0.000458 3 0 PTP 1 35_1_-778_64
16 0.000458 3 0 PTP 1 36_1_-778_56
16 0.000458 3 0 PTP 1 37_1_-778_57
16 0.000458 3 0 PTP 1 38_1_-778_69
16 0.000458 3 0 PTP 1 39_1_-778_70
16 0.000458 3 0 PTP 1 40_1_-778_58
16 0.000458 3 0 PTP 1 41_1_-778_59
16 0.000458 3 0 PTP 1 42_1_-778_65
16 0.000458 3 0 PTP 1 43_1_-778_52
16 0.000458 3 0 PTP 1 44_1_-778_27
16 0.000458 3 0 PTP 1 45_1_-778_32
16 0.000458 3 0 PTP 1 46_1_-778_20
16 0.000458 3 0 PTP 1 47_1_-778_33
16 0.000458 3 0 PTP 1 48_1_-778_34
16 0.000458 3 0 PTP 1 49_1_-778_21
16 0.000458 3 0 PTP 1 50_1_-778_38
16 0.000458 3 0 PTP 1 51_1_-778_22
16 0.000458 3 0 PTP 1 52_1_-778_60
16 0.000458 3 0 PTP 1 53_1_-778_39
16 0.000458 3 0 PTP 1 54_1_-778_53
16 0.000458 3 0 PTP 1 55_1_-778_23
16 0.000458 3 0 PTP 1 56_1_-778_46
16 0.000458 3 0 PTP 1 57_1_-778_30
16 0.000458 3 0 PTP 1 58_1_-778_47
16 0.000458 3 0 PTP 1 59_1_-778_35
16 0.000458 3 0 PTP 1 60_1_-778_24
16 0.000458 3 0 PTP 1 61_1_-778_25
16 0.000458 3 0 PTP 1 62_1_-778_26
16 0.000458 3 0 PTP 1 63_1_-778_17
16 0.000458 3 0 PTP 1 64_1_-778_48
16 0.000458 3 0 PTP 1 65_1_-778_36
16 0.000458 3 0 PTP 1 66_1_-778_40
16 0.000458 3 0 PTP 1 67_1_-778_18
16 0.000458 3 0 PTP 1 68_1_-778_15
16 0.000458 3 0 PTP 1 69_1_-778_14
16 0.000458 3 0 PTP 1 70_1_-778_28
16 0.000458 3 0 PTP 1 71_1_-778_19
16 0.000458 3 0 PTP 1 72_1_-778_29
16 0.000458 3 0 PTP 1 73_1_-778_126
16 0.000458 3 0 PTP 1 74_1_-778_31
16 0.000458 3 0 PTP 1 75_1_-778_66
16 0.000458 3 0 PTP 1 76_1_-778_127
16 0.000458 3 0 PTP 1 77_1_-778_118
16 0.000458 3 0 PTP 1 78_1_-778_119
16 0.000458 3 0 PTP 1 79_1_-778_109
16 0.000458 3 0 PTP 1 80_1_-778_125
16 0.000458 3 0 PTP 1 81_1_-778_121
16 0.000458 3 0 PTP 1 82_1_-778_110
16 0.000458 3 0 PTP 1 83_1_-778_114
16 0.000458 3 0 PTP 1 84_1_-778_115
16 0.000458 3 0 PTP 1 85_1_-778_111
16 0.000458 3 0 PTP 1 86_1_-778_107
16 0.000458 3 0 PTP 1 87_1_-778_81
16 0.000458 3 0 PTP 1 88_1_-778_103
16 0.000458 3 0 PTP 1 89_1_-778_82
16 0.000458 3 0 PTP 1 90_1_-778_116
16 0.000458 3 0 PTP 1 91_1_-778_94
16 0.000458 3 0 PTP 1 92_1_-778_80
16 0.000458 3 0 PTP 1 93_1_-778_83
16 0.000458 3 0 PTP 1 94_1_-778_95
16 0.000458 3 0 PTP 1 95_1_-778_84
16 0.000458 3 0 PTP 1 96_1_-778_104
16 0.000458 3 0 PTP 1 97_1_-778_85
16 0.000458 3 0 PTP 1 98_1_-778_112
16 0.000458 3 0 PTP 1 99_1_-778_96
16 0.000458 3 0 PTP 1 100_1_-778_97
16 0.000458 3 0 PTP 1 101_1_-778_86
16 0.000458 3 0 PTP 1 102_1_-778_98
16 0.000458 3 0 PTP 1 103_1_-778_87
16 0.000458 3 0 PTP 1 104_1_-778_88
16 0.000458 3 0 PTP 1 105_1_-778_89
16 0.000458 3 0 PTP 1 106_1_-778_90
16 0.000458 3 0 PTP 1 107_1_-778_99
16 0.000458 3 0 PTP 1 108_1_-778_117
16 0.000458 3 0 PTP 1 109_1_-778_100
16 0.000458 3 0 PTP 1 110_1_-778_91
16 0.000458 3 0 PTP 1 111_1_-778_92
16 0.000458 3 0 PTP 1 112_1_-778_105
16 0.000458 3 0 PTP 1 113_1_-778_93
16 0.000458 3 0 PTP 1 114_1_-778_101
16 0.000458 3 0 PTP 1 115_1_-778_16
16 0.000458 3 0 PTP 1 116_1_-778_8
16 0.000458 3 0 PTP 1 117_1_-778_13
16 0.000458 3 0 PTP 1 118_1_-778_9
16 0.000458 3 0 PTP 1 119_1_-778_4
16 0.000458 3 0 PTP 1 120_1_-778_10
16 0.000458 3 0 PTP 1 121_1_-778_1
16 0.000458 3 0 PTP 1 122_1_-778_11
16 0.000458 3 0 PTP 1 123_1_-778_5
16 0.000458 3 0 PTP 1 124_1_-778_12
16 0.000458 3 0 PTP 1 125_1_-778_6
16 0.000458 3 0 PTP 1 126_1_-778_2
16 0.000458 3 0 PTP 1 127_1_-778_7
16 0.000458 3 0 PTP 1 128_1_-778_3
15 0.000458 3 0 PTP 1 1_2_-778_128
15 0.000458 3 0 PTP 1 1_3_-778_129
15 0.000458 3 0 PTP 1 1_4_-778_130
15 0.000458 3 0 PTP 1 1_5_-778_131
15 0.000458 3 0 PTP 1 1_6_-778_132
15 0.000458 3 0 PTP 1 1_7_-778_133
15 0.000458 3 0 PTP 1 1_8_-778_134
15 0.000458 3 0 PTP 1 1_9_-778_135
15 0.000458 3 0 PTP 1 1_10_-778_136
15 0.000458 3 0 PTP 1 1_11_-778_137
15 0.000458 3 0 PTP 1 1_12_-778_138
15 0.000458 3 0 PTP 1 1_13_-778_139
15 0.000458 3 0 PTP 1 1_14_-778_140
15 0.000458 3 0 PTP 1 1_15_-778_141
15 0.000458 3 0 PTP 1 1_16_-778_142
15 0.000458 3 0 PTP 1 1_17_-778_143
15 0.000458 3 0 PTP 1 1_18_-778_144
15 0.000458 3 0 PTP 1 1_19_-778_145
15 0.000458 3 0 PTP 1 1_20_-778_146
15 0.000458 3 0 PTP 1 1_21_-778_147
15 0.000458 3 0 PTP 1 1_22_-778_148
15 0.000458 3 0 PTP 1 1_23_-778_149
15 0.000458 3 0 PTP 1 1_24_-778_150
15 0.000458 3 0 PTP 1 1_25_-778_151
15 0.000458 3 0 PTP 1 1_26_-778_152
15 0.000458 3 0 PTP 1 1_27_-778_153
15 0.000458 3 0 PTP 1 1_28_-778_154
15 0.000458 3 0 PTP 1 1_29_-778_155
15 0.000458 3 0 PTP 1 1_30_-778_156
15 0.000458 3 0 PTP 1 1_31_-778_157
15 0.000458 3 0 PTP 1 1_32_-778_158
15 0.000458 3 0 PTP 1 1_33_-778_159
15 0.000458 3 0 PTP 1 1_34_-778_160
15 0.000458 3 0 PTP 1 1_35_-778_161
15 0.000458 3 0 PTP 1 1_36_-778_162
15 0.000458 3 0 PTP 1 1_37_-778_163
15 0.000458 3 0 PTP 1 1_38_-778_164
15 0.000458 3 0 PTP 1 1_39_-778_165
15 0.000458 3 0 PTP 1 1_40_-778_166
15 0.000458 3 0 PTP 1 1_41_-778_167
15 0.000458 3 0 PTP 1 1_42_-778_168
15 0.000458 3 0 PTP 1 1_43_-778_169
15 0.000458 3 0 PTP 1 1_44_-778_170
15 0.000458 3 0 PTP 1 1_45_-778_171
15 0.000458 3 0 PTP 1 1_46_-778_172
15 0.000458 3 0 PTP 1 1_47_-778_173
15 0.000458 3 0 PTP 1 1_48_-778_174
15 0.000458 3 0 PTP 1 1_49_-778_175
15 0.000458 3 0 PTP 1 1_50_-778_176
15 0.000458 3 0 PTP 1 1_51_-778_177
15 0.000458 3 0 PTP 1 1_52_-778_178
15 0.000458 3 0 PTP 1 1_53_-778_179
15 0.000458 3 0 PTP 1 1_54_-778_180
15 0.000458 3 0 PTP 1 1_55_-778_181
15 0.000458 3 0 PTP 1 1_56_-778_182
15 0.000458 3 0 PTP 1 1_57_-778_183
15 0.000458 3 0 PTP 1 1_58_-778_184
15 0.000458 3 0 PTP 1 1_59_-778_185
15 0.000458 3 0 PTP 1 1_60_-778_186
15 0.000458 3 0 PTP 1 1_61_-778_187
15 0.000458 3 0 PTP 1 1_62_-778_188
15 0.000458 3 0 PTP 1 1_63_-778_189
15 0.000458 3 0 PTP 1 1_64_-778_190
15 0.000458 3 0 PTP 1 1_65_-778_191
15 0.000458 3 0 PTP 1 1_66_-778_192
15 0.000458 3 0 PTP 1 1_67_-778_193
15 0.000458 3 0 PTP 1 1_68_-778_194
15 0.000458 3 0 PTP 1 1_69_-778_195
15 0.000458 3 0 PTP 1 1_70_-778_196
15 0.000458 3 0 PTP 1 1_71_-778_197
15 0.000458 3 0 PTP 1 1_72_-778_198
15 0.000458 3 0 PTP 1 1_73_-778_199
15 0.000458 3 0 PTP 1 1_74_-778_200
15 0.000458 3 0 PTP 1 1_75_-778_201
15 0.000458 3 0 PTP 1 1_76_-778_202
15 0.000458 3 0 PTP 1 1_77_-778_203
15 0.000458 3 0 PTP 1 1_78_-778_204
15 0.000458 3 0 PTP 1 1_79_-778_205
15 0.000458 3 0 PTP 1 1_80_-778_206
15 0.000458 3 0 PTP 1 1_81_-778_207
15 0.000458 3 0 PTP 1 1_82_-778_208
15 0.000458 3 0 PTP 1 1_83_-778_209
15 0.000458 3 0 PTP 1 1_84_-778_210
15 0.000458 3 0 PTP 1 1_85_-778_211
15 0.000458 3 0 PTP 1 1_86_-778_212
15 0.000458 3 0 PTP 1 1_87_-778_213
15 0.000458 3 0 PTP 1 1_88_-778_214
15 0.000458 3 0 PTP 1 1_89_-778_215
15 0.000458 3 0 PTP 1 1_90_-778_216
15 0.000458 3 0 PTP 1 1_91_-778_217
15 0.000458 3 0 PTP 1 1_92_-778_218
15 0.000458 3 0 PTP 1 1_93_-778_219
15 0.000458 3 0 PTP 1 1_94_-778_220
15 0.000458 3 0 PTP 1 1_95_-778_221
15 0.000458 3 0 PTP 1 1_96_-778_222
15 0.000458 3 0 PTP 1 1_97_-778_223
15 0.000458 3 0 PTP 1 1_98_-778_224
15 0.000458 3 0 PTP 1 1_99_-778_225
15 0.000458 3 0 PTP 1 1_100_-778_226
15 0.000458 3 0 PTP 1 1_101_-778_227
15 0.000458 3 0 PTP 1 1_102_-778_228
15 0.000458 3 0 PTP 1 1_103_-778_229
15 0.000458 3 0 PTP 1 1_104_-778_230
15 0.000458 3 0 PTP 1 1_105_-778_231
15 0.000458 3 0 PTP 1 1_106_-778_232
15 0.000458 3 0 PTP 1 1_107_-778_233
15 0.000458 3 0 PTP 1 1_108_-778_234
15 0.000458 3 0 PTP 1 1_109_-778_235
15 0.000458 3 0 PTP 1 1_110_-778_236
15 0.000458 3 0 PTP 1 1_111_-778_237
15 0.000458 3 0 PTP 1 1_112_-778_238
15 0.000458 3 0 PTP 1 1_113_-778_239
15 0.000458 3 0 PTP 1 1_114_-778_240
15 0.000458 3 0 PTP 1 1_115_-778_241
15 0.000458 3 0 PTP 1 1_116_-778_242
15 0.000458 3 0 PTP 1 1_117_-778_243
15 0.000458 3 0 PTP 1 1_118_-778_244
15 0.000458 3 0 PTP 1 1_119_-778_245
15 0.000458 3 0 PTP 1 1_120_-778_246
15 0.000458 3 0 PTP 1 1_121_-778_247
15 0.000458 3 0 PTP 1 1_122_-778_248
15 0.000458 3 0 PTP 1 1_123_-778_249
15 0.000458 3 0 PTP 1 1_124_-778_250
15 0.000458 3 0 PTP 1 1_125_-778_251
15 0.000458 3 0 PTP 1 1_126_-778_252
15 0.000458 3 0 PTP 1 1_127_-778_253
15 0.000458 3 0 PTP 1 1_128_-778_254
13 0.000458 2 1
16 0.000458 3 0 PTP 16 1_16_-778_142
13 0.000458 2 16
16 0.000458 3 0 PTP 15 1_15_-778_141
13 0.000458 2 15
16 0.000458 3 0 PTP 14 1_14_-778_140
13 0.000458 2 14
16 0.000458 3 0 PTP 13 1_13_-778_139
13 0.000458 2 13
16 0.000458 3 0 PTP 12 1_12_-778_138
13 0.000458 2 12
16 0.000458 3 0 PTP 11 1_11_-778_137
13 0.000458 2 11
16 0.000458 3 0 PTP 10 1_10_-778_136
13 0.000458 2 10
16 0.000458 3 0 PTP 9 1_9_-778_135
13 0.000458 2 9
16 0.000458 3 0 PTP 8 1_8_-778_134
13 0.000458 2 8
16 0.000458 3 0 PTP 7 1_7_-778_133
13 0.000458 2 7
16 0.000458 3 0 PTP 6 1_6_-778_132
13 0.000458 2 6
16 0.000458 3 0 PTP 5 1_5_-778_131
13 0.000458 2 5
16 0.000458 3 0 PTP 4 1_4_-778_130
13 0.000458 2 4
16 0.000458 3 0 PTP 3 1_3_-778_129
13 0.000458 2 3
16 0.000458 3 0 PTP 2 1_2_-778_128
13 0.000458 2 2
16 0.000459 3 0 PTP 128 1_128_-778_254
13 0.000459 2 128
16 0.000459 3 0 PTP 127 1_127_-778_253
13 0.000459 2 127
16 0.000459 3 0 PTP 126 1_126_-778_252
13 0.000459 2 126
16 0.000459 3 0 PTP 125 1_125_-778_251
13 0.000459 2 125
16 0.000459 3 0 PTP 124 1_124_-778_250
13 0.000459 2 124
16 0.000459 3 0 PTP 123 1_123_-778_249
13 0.000459 2 123
16 0.000459 3 0 PTP 122 1_122_-778_248
13 0.000459 2 122
16 0.000459 3 0 PTP 121 1_121_-778_247
13 0.000459 2 121
16 0.000459 3 0 PTP 120 1_120_-778_246
13 0.000459 2 120
16 0.000459 3 0 PTP 119 1_119_-778_245
13 0.000459 2 119
16 0.000459 3 0 PTP 118 1_118_-778_244
13 0.000459 2 118
16 0.000459 3 0 PTP 117 1_117_-778_243
13 0.000459 2 117
16 0.000459 3 0 PTP 116 1_116_-778_242
13 0.000459 2 116
16 0.000459 3 0 PTP 115 1_115_-778_241
13 0.000459 2 115
16 0.000459 3 0 PTP 114 1_114_-778_240
13 0.000459 2 114
16 0.000459 3 0 PTP 113 1_113_-778_239
13 0.000459 2 113
16 0.000459 3 0 PTP 112 1_112_-778_238
13 0.000459 2 112
16 0.000459 3 0 PTP 111 1_111_-778_237
13 0.000459 2 111
16 0.000459 3 0 PTP 110 1_110_-778_236
13 0.000459 2 110
16 0.000459 3 0 PTP 109 1_109_-778_235
13 0.000459 2 109
16 0.000459 3 0 PTP 108 1_108_-778_234
13 0.000459 2 108
16 0.000459 3 0 PTP 107 1_107_-778_233
13 0.000459 2 107
16 0.000459 3 0 PTP 106 1_106_-778_232
13 0.000459 2 106
16 0.000459 3 0 PTP 105 1_105_-778_231
13 0.000459 2 105
16 0.000459 3 0 PTP 104 1_104_-778_230
13 0.000459 2 104
16 0.000459 3 0 PTP 103 1_103_-778_229
13 0.000459 2 103
16 0.000459 3 0 PTP 102 1_102_-778_228
13 0.000459 2 102
16 0.000459 3 0 PTP 101 1_101_-778_227
13 0.000459 2 101
16 0.000459 3 0 PTP 100 1_100_-778_226
13 0.000459 2 100
16 0.000459 3 0 PTP 99 1_99_-778_225
13 0.000459 2 99
16 0.000459 3 0 PTP 98 1_98_-778_224
13 0.000459 2 98
16 0.000459 3 0 PTP 97 1_97_-778_223
13 0.000459 2 97
16 0.000459 3 0 PTP 96 1_96_-778_222
13 0.000459 2 96
16 0.000459 3 0 PTP 95 1_95_-778_221
13 0.000459 2 95
16 0.000459 3 0 PTP 94 1_94_-778_220
13 0.000459 2 94
16 0.000459 3 0 PTP 93 1_93_-778_219
13 0.000459 2 93
16 0.000459 3 0 PTP 92 1_92_-778_218
13 0.000459 2 92
16 0.000459 3 0 PTP 91 1_91_-778_217
13 0.000459 2 91
16 0.000459 3 0 PTP 90 1_90_-778_216
13 0.000459 2 90
16 0.000459 3 0 PTP 89 1_89_-778_215
13 0.000459 2 89
16 0.000459 3 0 PTP 88 1_88_-778_214
13 0.000459 2 88
16 0.000459 3 0 PTP 87 1_87_-778_213
13 0.000459 2 87
16 0.000459 3 0 PTP 86 1_86_-778_212
13 0.000459 2 86
16 0.000459 3 0 PTP 85 1_85_-778_211
13 0.000459 2 85
16 0.000459 3 0 PTP 84 1_84_-778_210
13 0.000459 2 84
16 0.000459 3 0 PTP 83 1_83_-778_209
13 0.000459 2 83
16 0.000459 3 0 PTP 82 1_82_-778_208
13 0.000459 2 82
16 0.000459 3 0 PTP 81 1_81_-778_207
13 0.000459 2 81
16 0.000459 3 0 PTP 80 1_80_-778_206
13 0.000459 2 80
16 0.000459 3 0 PTP 79 1_79_-778_205
13 0.000459 2 79
16 0.000459 3 0 PTP 78 1_78_-778_204
13 0.000459 2 78
16 0.000459 3 0 PTP 77 1_77_-778_203
13 0.000459 2 77
16 0.000459 3 0 PTP 76 1_76_-778_202
13 0.000459 2 76
16 0.000459 3 0 PTP 75 1_75_-778_201
13 0.000459 2 75
16 0.000459 3 0 PTP 74 1_74_-778_200
13 0.000459 2 74
16 0.000459 3 0 PTP 73 1_73_-778_199
13 0.000459 2 73
16 0.000459 3 0 PTP 72 1_72_-778_198
13 0.000459 2 72
16 0.000459 3 0 PTP 71 1_71_-778_197
13 0.000459 2 71
16 0.000459 3 0 PTP 70 1_70_-778_196
13 0.000459 2 70
16 0.000459 3 0 PTP 69 1_69_-778_195
13 0.000459 2 69
16 0.000459 3 0 PTP 68 1_68_-778_194
13 0.000459 2 68
16 0.000459 3 0 PTP 67 1_67_-778_193
13 0.000459 2 67
16 0.000459 3 0 PTP 66 1_66_-778_192
13 0.000459 2 66
16 0.000459 3 0 PTP 65 1_65_-778_191
13 0.000459 2 65
16 0.000459 3 0 PTP 64 1_64_-778_190
13 0.000459 2 64
16 0.000459 3 0 PTP 63 1_63_-778_189
13 0.000459 2 63
16 0.000459 3 0 PTP 62 1_62_-778_188
13 0.000459 2 62
16 0.000459 3 0 PTP 61 1_61_-778_187
13 0.000459 2 61
16 0.000459 3 0 PTP 60 1_60_-778_186
13 0.000459 2 60
16 0.000459 3 0 PTP 59 1_59_-778_185
13 0.000459 2 59
16 0.000459 3 0 PTP 58 1_58_-778_184
13 0.000459 2 58
16 0.000459 3 0 PTP 57 1_57_-778_183
13 0.000459 2 57
16 0.000459 3 0 PTP 56 1_56_-778_182
13 0.000459 2 56
16 0.000459 3 0 PTP 55 1_55_-778_181
13 0.000459 2 55
16 0.000459 3 0 PTP 54 1_54_-778_180
13 0.000459 2 54
16 0.000459 3 0 PTP 53 1_53_-778_179
13 0.000459 2 53
16 0.000459 3 0 PTP 52 1_52_-778_178
13 0.000459 2 52
16 0.000459 3 0 PTP 51 1_51_-778_177
13 0.000459 2 51
16 0.000459 3 0 PTP 50 1_50_-778_176
13 0.000459 2 50
16 0.000459 3 0 PTP 49 1_49_-778_175
13 0.000459 2 49
16 0.000459 3 0 PTP 48 1_48_-778_174
13 0.000459 2 48
16 0.000459 3 0 PTP 47 1_47_-778_173
13 0.000459 2 47
16 0.000459 3 0 PTP 46 1_46_-778_172
13 0.000459 2 46
16 0.000459 3 0 PTP 45 1_45_-778_171
13 0.000459 2 45
16 0.000459 3 0 PTP 44 1_44_-778_170
13 0.000459 2 44
16 0.000459 3 0 PTP 43 1_43_-778_169
13 0.000459 2 43
16 0.000459 3 0 PTP 42 1_42_-778_168
13 0.000459 2 42
16 0.000459 3 0 PTP 41 1_41_-778_167
13 0.000459 2 41
16 0.000459 3 0 PTP 40 1_40_-778_166
13 0.000459 2 40
16 0.000459 3 0 PTP 39 1_39_-778_165
13 0.000459 2 39
16 0.000459 3 0 PTP 38 1_38_-778_164
13 0.000459 2 38
16 0.000459 3 0 PTP 37 1_37_-778_163
13 0.000459 2 37
16 0.000459 3 0 PTP 36 1_36_-778_162
13 0.000459 2 36
16 0.000459 3 0 PTP 35 1_35_-778_161
13 0.000459 2 35
16 0.000459 3 0 PTP 34 1_34_-778_160
13 0.000459 2 34
16 0.000459 3 0 PTP 33 1_33_-778_159
13 0.000459 2 33
16 0.000459 3 0 PTP 32 1_32_-778_158
13 0.000459 2 32
16 0.000459 3 0 PTP 31 1_31_-778_157
13 0.000459 2 31
16 0.000459 3 0 PTP 30 1_30_-778_156
13 0.000459 2 30
16 0.000459 3 0 PTP 29 1_29_-778_155
13 0.000459 2 29
16 0.000459 3 0 PTP 28 1_28_-778_154
13 0.000459 2 28
16 0.000459 3 0 PTP 27 1_27_-778_153
13 0.000459 2 27
16 0.000459 3 0 PTP 26 1_26_-778_152
13 0.000459 2 26
16 0.000459 3 0 PTP 25 1_25_-778_151
13 0.000459 2 25
16 0.000459 3 0 PTP 24 1_24_-778_150
13 0.000459 2 24
16 0.000459 3 0 PTP 23 1_23_-778_149
13 0.000459 2 23
16 0.000459 3 0 PTP 22 1_22_-778_148
13 0.000459 2 22
16 0.000459 3 0 PTP 21 1_21_-778_147
13 0.000459 2 21
16 0.000459 3 0 PTP 20 1_20_-778_146
13 0.000459 2 20
16 0.000459 3 0 PTP 19 1_19_-778_145
13 0.000459 2 19
16 0.000459 3 0 PTP 18 1_18_-778_144
13 0.000459 2 18
16 0.000459 3 0 PTP 17 1_17_-778_143
13 0.000459 2 17
12 0.000461 2 7 8
12 0.000461 2 11 8
12 0.000461 2 12 8
12 0.000462 2 28 8
12 0.000462 2 50 8
12 0.000462 2 69 8
12 0.000462 2 75 8
12 0.000462 2 82 8
12 0.000462 2 98 8
12 0.000462 2 104 8
12 0.000462 2 18 8
12 0.000462 2 24 8
12 0.000462 2 30 8
12 0.000462 2 38 8
12 0.000462 2 43 8
12 0.000462 2 47 8
12 0.000462 2 48 8
12 0.000462 2 54 8
12 0.000462 2 66 8
12 0.000462 2 72 8
12 0.000462 2 77 8
12 0.000462 2 85 8
12 0.000462 2 92 8
12 0.000462 2 95 8
12 0.000462 2 99 8
12 0.000462 2 103 8
12 0.000462 2 107 8
12 0.000462 2 112 8
12 0.000462 2 119 8
12 0.000462 2 121 8
12 0.000462 2 125 8
12 0.000462 2 2 8
12 0.000462 2 3 8
12 0.000462 2 4 8
12 0.000462 2 5 8
12 0.000462 2 6 8
12 0.000462 2 8 8
12 0.000462 2 9 8
12 0.000462 2 10 8
12 0.000462 2 13 8
12 0.000462 2 14 8
12 0.000462 2 15 8
12 0.000463 2 21 8
12 0.000463 2 22 8
12 0.000463 2 23 8
12 0.000463 2 25 8
12 0.000463 2 27 8
12 0.000463 2 29 8
12 0.000463 2 32 8
12 0.000463 2 33 8
12 0.000463 2 34 8
12 0.000463 2 39 8
12 0.000463 2 40 8
12 0.000463 2 41 8
12 0.000463 2 42 8
12 0.000463 2 44 8
12 0.000463 2 45 8
12 0.000463 2 46 8
12 0.000463 2 51 8
12 0.000463 2 52 8
12 0.000463 2 53 8
12 0.000463 2 56 8
12 0.000463 2 57 8
12 0.000463 2 58 8
12 0.000463 2 59 8
12 0.000463 2 61 8
12 0.000463 2 62 8
12 0.000463 2 63 8
12 0.000463 2 64 8
12 0.000463 2 65 8
12 0.000463 2 68 8
12 0.000463 2 70 8
12 0.000463 2 71 8
12 0.000463 2 73 8
12 0.000463 2 74 8
12 0.000463 2 76 8
12 0.000463 2 78 8
12 0.000463 2 79 8
12 0.000463 2 80 8
12 0.000463 2 81 8
12 0.000463 2 83 8
12 0.000463 2 84 8
12 0.000463 2 86 8
12 0.000463 2 87 8
12 0.000463 2 88 8
12 0.000463 2 89 8
12 0.000463 2 90 8
12 0.000463 2 91 8
12 0.000463 2 93 8
12 0.000463 2 94 8
12 0.000463 2 96 8
12 0.000463 2 97 8
12 0.000463 2 100 8
12 0.000463 2 102 8
12 0.000463 2 105 8
12 0.000463 2 106 8
12 0.000463 2 108 8
12 0.000463 2 109 8
12 0.000463 2 110 8
12 0.000463 2 111 8
12 0.000463 2 113 8
12 0.000463 2 114 8
12 0.000463 2 116 8
12 0.000463 2 117 8
12 0.000463 2 118 8
12 0.000463 2 120 8
12 0.000463 2 122 8
12 0.000463 2 123 8
12 0.000463 2 124 8
12 0.000463 2 127 8
12 0.000463 2 31 8
12 0.000463 2 55 8
12 0.000463 2 16 8
12 0.000464 2 17 8
12 0.000464 2 35 8
12 0.000464 2 37 8
12 0.000464 2 36 8
12 0.000464 2 49 8
12 0.000464 2 60 8
12 0.000464 2 101 8
12 0.000464 2 115 8
12 0.000464 2 126 8
12 0.000464 2 128 8
12 0.000465 2 19 8
12 0.000467 2 67 8
12 0.000468 2 26 8
12 0.000469 2 20 8
12 0.000469 2 1 9
15 0.000469 3 0 PTP 1 1_44_0_255
16 0.000848 3 0 PTP 44 1_44_0_255
13 0.000848 2 44
13 0.000848 2 1
12 0.000850 2 1 9
15 0.000850 3 0 PTP 1 1_108_1_256
12 0.000855 2 44 9
15 0.000855 3 0 PTP 44 44_65_1_257
16 0.001229 3 0 PTP 108 1_108_1_256
13 0.001229 2 108
13 0.001229 2 1
12 0.001230 2 1 9
15 0.001230 3 0 PTP 1 1_12_2_258
12 0.001233 2 108 9
15 0.001233 3 0 PTP 108 108_97_2_259
16 0.001234 3 0 PTP 65 44_65_1_257
13 0.001234 2 65
13 0.001234 2 44
12 0.001236 2 65 9
15 0.001236 3 0 PTP 65 65_76_2_260
12 0.001236 2 44 9
15 0.001236 3 0 PTP 44 44_33_2_261
16 0.001607 3 0 PTP 12 1_12_2_258
13 0.001607 2 12
13 0.001607 2 1
12 0.001609 2 12 9
15 0.001609 3 0 PTP 12 12_17_3_262
12 0.001609 2 1 9
15 0.001609 3 0 PTP 1 1_124_3_263
16 0.001610 3 0 PTP 97 108_97_2_259
13 0.001610 2 97
13 0.001610 2 108
12 0.001612 2 97 9
15 0.001612 3 0 PTP 97 97_92_3_264
12 0.001612 2 108 9
15 0.001612 3 0 PTP 108 108_113_3_265
16 0.001613 3 0 PTP 76 65_76_2_260
13 0.001613 2 76
13 0.001613 2 65
16 0.001613 3 0 PTP 33 44_33_2_261
13 0.001613 2 33
13 0.001613 2 44
12 0.001614 2 65 9
15 0.001614 3 0 PTP 65 65_60_3_266
12 0.001615 2 44 9
15 0.001615 3 0 PTP 44 44_49_3_267
12 0.001616 2 76 9
15 0.001616 3 0 PTP 76 76_81_3_268
12 0.001616 2 33 9
15 0.001616 3 0 PTP 33 33_28_3_269
16 0.002363 3 0 PTP 124 1_124_3_263
13 0.002363 2 124
13 0.002363 2 1
16 0.002363 3 0 PTP 17 12_17_3_262
13 0.002363 2 17
13 0.002363 2 12
12 0.002365 2 1 9
15 0.002365 3 0 PTP 1 1_4_4_270
12 0.002365 2 17 9
15 0.002365 3 0 PTP 17 17_20_4_271
12 0.002365 2 12 9
15 0.002365 3 0 PTP 12 12_9_4_272
12 0.002366 2 124 9
15 0.002366 3 0 PTP 124 124_121_4_273
16 0.002366 3 0 PTP 113 108_113_3_265
13 0.002366 2 113
13 0.002366 2 108
16 0.002366 3 0 PTP 92 97_92_3_264
13 0.002366 2 92
13 0.002366 2 97
12 0.002367 2 92 9
15 0.002367 3 0 PTP 92 92_89_4_274
12 0.002367 2 97 9
15 0.002367 3 0 PTP 97 97_100_4_275
16 0.002367 3 0 PTP 60 65_60_3_266
13 0.002367 2 60
13 0.002367 2 65
12 0.002368 2 113 9
15 0.002368 3 0 PTP 113 113_116_4_276
12 0.002368 2 108 9
15 0.002368 3 0 PTP 108 108_105_4_277
12 0.002368 2 65 9
15 0.002368 3 0 PTP 65 65_68_4_278
16 0.002368 3 0 PTP 81 76_81_3_268
13 0.002368 2 81
13 0.002368 2 76
12 0.002369 2 60 9
15 0.002369 3 0 PTP 60 60_57_4_279
16 0.002369 3 0 PTP 49 44_49_3_267
13 0.002369 2 49
13 0.002369 2 44
12 0.002369 2 76 9
15 0.002369 3 0 PTP 76 76_73_4_280
16 0.002369 3 0 PTP 28 33_28_3_269
13 0.002369 2 28
13 0.002369 2 33
12 0.002370 2 81 9
15 0.002370 3 0 PTP 81 81_84_4_281
12 0.002371 2 49 9
15 0.002371 3 0 PTP 49 49_52_4_282
12 0.002371 2 44 9
15 0.002371 3 0 PTP 44 44_41_4_283
12 0.002371 2 33 9
15 0.002371 3 0 PTP 33 33_36_4_284
12 0.002372 2 28 9
15 0.002372 3 0 PTP 28 28_25_4_285
16 0.002742 3 0 PTP 4 1_4_4_270
13 0.002742 2 4
13 0.002742 2 1
16 0.002742 3 0 PTP 20 17_20_4_271
13 0.002742 2 20
13 0.002742 2 17
16 0.002742 3 0 PTP 9 12_9_4_272
13 0.002742 2 9
13 0.002742 2 12
12 0.002743 2 17 9
15 0.002743 3 0 PTP 17 17_16_5_286
16 0.002743 3 0 PTP 121 124_121_4_273
13 0.002743 2 121
13 0.002743 2 124
12 0.002744 2 1 9
15 0.002744 3 0 PTP 1 1_128_5_287
12 0.002744 2 20 9
15 0.002744 3 0 PTP 20 20_21_5_288
12 0.002744 2 9 9
15 0.002744 3 0 PTP 9 9_8_5_289
12 0.002744 2 12 9
15 0.002744 3 0 PTP 12 12_13_5_290
16 0.002744 3 0 PTP 89 92_89_4_274
13 0.002744 2 89
13 0.002744 2 92
16 0.002744 3 0 PTP 100 97_100_4_275
13 0.002744 2 100
13 0.002744 2 97
12 0.002745 2 4 9
15 0.002745 3 0 PTP 4 4_5_5_291
12 0.002745 2 121 9
15 0.002745 3 0 PTP 121 121_120_5_292
12 0.002745 2 92 9
15 0.002745 3 0 PTP 92 92_93_5_293
16 0.002745 3 0 PTP 116 113_116_4_276
13 0.002745 2 116
13 0.002745 2 113
16 0.002745 3 0 PTP 105 108_105_4_277
13 0.002745 2 105
13 0.002745 2 108
16 0.002745 3 0 PTP 68 65_68_4_278
13 0.002745 2 68
13 0.002745 2 65
12 0.002746 2 89 9
15 0.002746 3 0 PTP 89 89_88_5_294
12 0.002746 2 100 9
15 0.002746 3 0 PTP 100 100_101_5_295
12 0.002746 2 97 9
15 0.002746 3 0 PTP 97 97_96_5_296
12 0.002746 2 124 9
15 0.002746 3 0 PTP 124 124_125_5_297
12 0.002746 2 113 9
15 0.002746 3 0 PTP 113 113_112_5_298
12 0.002746 2 108 9
15 0.002746 3 0 PTP 108 108_109_5_299
16 0.002746 3 0 PTP 57 60_57_4_279
13 0.002746 2 57
13 0.002746 2 60
16 0.002746 3 0 PTP 73 76_73_4_280
13 0.002746 2 73
13 0.002746 2 76
12 0.002747 2 116 9
15 0.002747 3 0 PTP 116 116_117_5_300
12 0.002747 2 105 9
15 0.002747 3 0 PTP 105 105_104_5_301
12 0.002747 2 68 9
15 0.002747 3 0 PTP 68 68_69_5_302
16 0.002747 3 0 PTP 84 81_84_4_281
13 0.002747 2 84
13 0.002747 2 81
12 0.002748 2 57 9
15 0.002748 3 0 PTP 57 57_56_5_303
12 0.002748 2 60 9
15 0.002748 3 0 PTP 60 60_61_5_304
12 0.002748 2 65 9
15 0.002748 3 0 PTP 65 65_64_5_305
16 0.002748 3 0 PTP 52 49_52_4_282
13 0.002748 2 52
13 0.002748 2 49
16 0.002748 3 0 PTP 41 44_41_4_283
13 0.002748 2 41
13 0.002748 2 44
12 0.002748 2 73 9
15 0.002748 3 0 PTP 73 73_72_5_306
12 0.002748 2 76 9
15 0.002748 3 0 PTP 76 76_77_5_307
16 0.002748 3 0 PTP 36 33_36_4_284
13 0.002748 2 36
13 0.002748 2 33
12 0.002749 2 84 9
15 0.002749 3 0 PTP 84 84_85_5_308
12 0.002749 2 81 9
15 0.002749 3 0 PTP 81 81_80_5_309
16 0.002749 3 0 PTP 25 28_25_4_285
13 0.002749 2 25
13 0.002749 2 28
12 0.002750 2 49 9
15 0.002750 3 0 PTP 49 49_48_5_310
12 0.002750 2 41 9
15 0.002750 3 0 PTP 41 41_40_5_311
12 0.002750 2 44 9
15 0.002750 3 0 PTP 44 44_45_5_312
12 0.002750 2 28 9
15 0.002750 3 0 PTP 28 28_29_5_313
12 0.002751 2 52 9
15 0.002751 3 0 PTP 52 52_53_5_314
12 0.002751 2 36 9
15 0.002751 3 0 PTP 36 36_37_5_315
12 0.002751 2 33 9
15 0.002751 3 0 PTP 33 33_32_5_316
12 0.002751 2 25 9
15 0.002751 3 0 PTP 25 25_24_5_317
16 0.003121 3 0 PTP 21 20_21_5_288
13 0.003121 2 21
13 0.003121 2 20
16 0.003121 3 0 PTP 8 9_8_5_289
13 0.003121 2 8
13 0.003121 2 9
16 0.003121 3 0 PTP 13 12_13_5_290
13 0.003121 2 13
13 0.003121 2 12
16 0.003122 3 0 PTP 5 4_5_5_291
13 0.003122 2 5
13 0.003122 2 4
16 0.003122 3 0 PTP 120 121_120_5_292
13 0.003122 2 120
13 0.003122 2 121
16 0.003122 3 0 PTP 93 92_93_5_293
13 0.003122 2 93
13 0.003122 2 92
12 0.003123 2 20 9
15 0.003123 3 0 PTP 20 20_19_6_318
12 0.003123 2 8 9
15 0.003123 3 0 PTP 8 8_7_6_319
12 0.003123 2 9 9
15 0.003123 3 0 PTP 9 9_10_6_320
12 0.003123 2 12 9
15 0.003123 3 0 PTP 12 12_11_6_321
16 0.003123 3 0 PTP 88 89_88_5_294
13 0.003123 2 88
13 0.003123 2 89
16 0.003123 3 0 PTP 101 100_101_5_295
13 0.003123 2 101
13 0.003123 2 100
16 0.003123 3 0 PTP 125 124_125_5_297
13 0.003123 2 125
13 0.003123 2 124
16 0.003123 3 0 PTP 109 108_109_5_299
13 0.003123 2 109
13 0.003123 2 108
12 0.003124 2 21 9
15 0.003124 3 0 PTP 21 21_22_6_322
12 0.003124 2 13 9
15 0.003124 3 0 PTP 13 13_14_6_323
12 0.003124 2 4 9
15 0.003124 3 0 PTP 4 4_3_6_324
12 0.003124 2 121 9
15 0.003124 3 0 PTP 121 121_122_6_325
12 0.003124 2 93 9
15 0.003124 3 0 PTP 93 93_94_6_326
12 0.003124 2 92 9
15 0.003124 3 0 PTP 92 92_91_6_327
12 0.003124 2 108 9
15 0.003124 3 0 PTP 108 108_107_6_328
16 0.003124 3 0 PTP 117 116_117_5_300
13 0.003124 2 117
13 0.003124 2 116
16 0.003124 3 0 PTP 104 105_104_5_301
13 0.003124 2 104
13 0.003124 2 105
16 0.003124 3 0 PTP 69 68_69_5_302
13 0.003124 2 69
13 0.003124 2 68
12 0.003125 2 88 9
15 0.003125 3 0 PTP 88 88_87_6_329
12 0.003125 2 89 9
15 0.003125 3 0 PTP 89 89_90_6_330
12 0.003125 2 100 9
15 0.003125 3 0 PTP 100 100_99_6_331
12 0.003125 2 125 9
15 0.003125 3 0 PTP 125 125_126_6_332
12 0.003125 2 124 9
15 0.003125 3 0 PTP 124 124_123_6_333
12 0.003125 2 109 9
15 0.003125 3 0 PTP 109 109_110_6_334
12 0.003125 2 5 9
15 0.003125 3 0 PTP 5 5_6_6_335
16 0.003125 3 0 PTP 56 57_56_5_303
13 0.003125 2 56
13 0.003125 2 57
16 0.003125 3 0 PTP 61 60_61_5_304
13 0.003125 2 61
13 0.003125 2 60
16 0.003125 3 0 PTP 72 73_72_5_306
13 0.003125 2 72
13 0.003125 2 73
16 0.003125 3 0 PTP 77 76_77_5_307
13 0.003125 2 77
13 0.003125 2 76
12 0.003126 2 101 9
15 0.003126 3 0 PTP 101 101_102_6_336
12 0.003126 2 105 9
15 0.003126 3 0 PTP 105 105_106_6_337
12 0.003126 2 69 9
15 0.003126 3 0 PTP 69 69_70_6_338
12 0.003126 2 68 9
15 0.003126 3 0 PTP 68 68_67_6_339
12 0.003126 2 120 9
15 0.003126 3 0 PTP 120 120_119_6_340
16 0.003126 3 0 PTP 85 84_85_5_308
13 0.003126 2 85
13 0.003126 2 84
12 0.003127 2 116 9
15 0.003127 3 0 PTP 116 116_115_6_341
12 0.003127 2 104 9
15 0.003127 3 0 PTP 104 104_103_6_342
16 0.003127 3 0 PTP 40 41_40_5_311
13 0.003127 2 40
13 0.003127 2 41
16 0.003127 3 0 PTP 45 44_45_5_312
13 0.003127 2 45
13 0.003127 2 44
12 0.003127 2 73 9
15 0.003127 3 0 PTP 73 73_74_6_343
12 0.003127 2 76 9
15 0.003127 3 0 PTP 76 76_75_6_344
16 0.003127 3 0 PTP 29 28_29_5_313
13 0.003127 2 29
13 0.003127 2 28
12 0.003128 2 57 9
15 0.003128 3 0 PTP 57 57_58_6_345
12 0.003128 2 61 9
15 0.003128 3 0 PTP 61 61_62_6_346
12 0.003128 2 60 9
15 0.003128 3 0 PTP 60 60_59_6_347
16 0.003128 3 0 PTP 53 52_53_5_314
13 0.003128 2 53
13 0.003128 2 52
12 0.003128 2 72 9
15 0.003128 3 0 PTP 72 72_71_6_348
12 0.003128 2 77 9
15 0.003128 3 0 PTP 77 77_78_6_349
12 0.003128 2 84 9
15 0.003128 3 0 PTP 84 84_83_6_350
16 0.003128 3 0 PTP 37 36_37_5_315
13 0.003128 2 37
13 0.003128 2 36
16 0.003128 3 0 PTP 24 25_24_5_317
13 0.003128 2 24
13 0.003128 2 25
12 0.003129 2 41 9
15 0.003129 3 0 PTP 41 41_42_6_351
12 0.003129 2 45 9
15 0.003129 3 0 PTP 45 45_46_6_352
12 0.003129 2 44 9
15 0.003129 3 0 PTP 44 44_43_6_353
12 0.003129 2 117 9
15 0.003129 3 0 PTP 117 117_118_6_354
12 0.003129 2 56 9
15 0.003129 3 0 PTP 56 56_55_6_355
12 0.003129 2 28 9
15 0.003129 3 0 PTP 28 28_27_6_356
12 0.003129 2 85 9
15 0.003129 3 0 PTP 85 85_86_6_357
12 0.003130 2 52 9
15 0.003130 3 0 PTP 52 52_51_6_358
12 0.003130 2 29 9
15 0.003130 3 0 PTP 29 29_30_6_359
12 0.003130 2 37 9
15 0.003130 3 0 PTP 37 37_38_6_360
12 0.003130 2 24 9
15 0.003130 3 0 PTP 24 24_23_6_361
12 0.003130 2 25 9
15 0.003130 3 0 PTP 25 25_26_6_362
12 0.003131 2 40 9
15 0.003131 3 0 PTP 40 40_39_6_363
12 0.003131 2 36 9
15 0.003131 3 0 PTP 36 36_35_6_364
12 0.003132 2 53 9
15 0.003132 3 0 PTP 53 53_54_6_365
16 0.003496 3 0 PTP 16 17_16_5_286
13 0.003496 2 16
13 0.003496 2 17
16 0.003498 3 0 PTP 128 1_128_5_287
13 0.003498 2 128
13 0.003498 2 1
12 0.003499 2 17 9
15 0.003499 3 0 PTP 17 17_18_6_366
12 0.003500 2 1 9
15 0.003500 3 0 PTP 1 1_2_6_367
12 0.003500 2 16 9
15 0.003500 3 0 PTP 16 16_15_6_368
16 0.003500 3 0 PTP 19 20_19_6_318
13 0.003500 2 19
13 0.003500 2 20
16 0.003500 3 0 PTP 7 8_7_6_319
13 0.003500 2 7
13 0.003500 2 8
16 0.003500 3 0 PTP 10 9_10_6_320
13 0.003500 2 10
13 0.003500 2 9
16 0.003500 3 0 PTP 11 12_11_6_321
13 0.003500 2 11
13 0.003500 2 12
16 0.003500 3 0 PTP 112 113_112_5_298
13 0.003500 2 112
13 0.003500 2 113
16 0.003500 3 0 PTP 96 97_96_5_296
13 0.003500 2 96
13 0.003500 2 97
16 0.003500 3 0 PTP 64 65_64_5_305
13 0.003500 2 64
13 0.003500 2 65
12 0.003501 2 128 9
15 0.003501 3 0 PTP 128 128_127_6_369
16 0.003501 3 0 PTP 22 21_22_6_322
13 0.003501 2 22
13 0.003501 2 21
16 0.003501 3 0 PTP 14 13_14_6_323
13 0.003501 2 14
13 0.003501 2 13
16 0.003501 3 0 PTP 3 4_3_6_324
13 0.003501 2 3
13 0.003501 2 4
16 0.003501 3 0 PTP 122 121_122_6_325
13 0.003501 2 122
13 0.003501 2 121
16 0.003501 3 0 PTP 94 93_94_6_326
13 0.003501 2 94
13 0.003501 2 93
16 0.003501 3 0 PTP 91 92_91_6_327
13 0.003501 2 91
13 0.003501 2 92
16 0.003501 3 0 PTP 107 108_107_6_328
13 0.003501 2 107
13 0.003501 2 108
12 0.003502 2 112 9
15 0.003502 3 0 PTP 112 112_111_6_370
12 0.003502 2 113 9
15 0.003502 3 0 PTP 113 113_114_6_371
12 0.003502 2 96 9
15 0.003502 3 0 PTP 96 96_95_6_372
12 0.003502 2 97 9
15 0.003502 3 0 PTP 97 97_98_6_373
16 0.003502 3 0 PTP 87 88_87_6_329
13 0.003502 2 87
13 0.003502 2 88
16 0.003502 3 0 PTP 90 89_90_6_330
13 0.003502 2 90
13 0.003502 2 89
16 0.003502 3 0 PTP 99 100_99_6_331
13 0.003502 2 99
13 0.003502 2 100
16 0.003502 3 0 PTP 126 125_126_6_332
13 0.003502 2 126
13 0.003502 2 125
16 0.003502 3 0 PTP 123 124_123_6_333
13 0.003502 2 123
13 0.003502 2 124
16 0.003502 3 0 PTP 110 109_110_6_334
13 0.003502 2 110
13 0.003502 2 109
16 0.003502 3 0 PTP 6 5_6_6_335
13 0.003502 2 6
13 0.003502 2 5
16 0.003502 3 0 PTP 80 81_80_5_309
13 0.003502 2 80
13 0.003502 2 81
12 0.003502 2 65 9
15 0.003502 3 0 PTP 65 65_66_6_374
16 0.003503 3 0 PTP 102 101_102_6_336
13 0.003503 2 102
13 0.003503 2 101
16 0.003503 3 0 PTP 106 105_106_6_337
13 0.003503 2 106
13 0.003503 2 105
16 0.003503 3 0 PTP 70 69_70_6_338
13 0.003503 2 70
13 0.003503 2 69
16 0.003503 3 0 PTP 67 68_67_6_339
13 0.003503 2 67
13 0.003503 2 68
16 0.003503 3 0 PTP 119 120_119_6_340
13 0.003503 2 119
13 0.003503 2 120
12 0.003503 2 64 9
15 0.003503 3 0 PTP 64 64_63_6_375
12 0.003504 2 81 9
15 0.003504 3 0 PTP 81 81_82_6_376
16 0.003504 3 0 PTP 115 116_115_6_341
13 0.003504 2 115
13 0.003504 2 116
16 0.003504 3 0 PTP 103 104_103_6_342
13 0.003504 2 103
13 0.003504 2 104
16 0.003504 3 0 PTP 48 49_48_5_310
13 0.003504 2 48
13 0.003504 2 49
16 0.003504 3 0 PTP 74 73_74_6_343
13 0.003504 2 74
13 0.003504 2 73
16 0.003504 3 0 PTP 75 76_75_6_344
13 0.003504 2 75
13 0.003504 2 76
16 0.003504 3 0 PTP 32 33_32_5_316
13 0.003504 2 32
13 0.003504 2 33
12 0.003505 2 80 9
15 0.003505 3 0 PTP 80 80_79_6_377
16 0.003505 3 0 PTP 58 57_58_6_345
13 0.003505 2 58
13 0.003505 2 57
16 0.003505 3 0 PTP 62 61_62_6_346
13 0.003505 2 62
13 0.003505 2 61
16 0.003505 3 0 PTP 59 60_59_6_347
13 0.003505 2 59
13 0.003505 2 60
16 0.003505 3 0 PTP 71 72_71_6_348
13 0.003505 2 71
13 0.003505 2 72
16 0.003505 3 0 PTP 78 77_78_6_349
13 0.003505 2 78
13 0.003505 2 77
16 0.003505 3 0 PTP 83 84_83_6_350
13 0.003505 2 83
13 0.003505 2 84
12 0.003506 2 48 9
15 0.003506 3 0 PTP 48 48_47_6_378
12 0.003506 2 49 9
15 0.003506 3 0 PTP 49 49_50_6_379
16 0.003506 3 0 PTP 42 41_42_6_351
13 0.003506 2 42
13 0.003506 2 41
16 0.003506 3 0 PTP 46 45_46_6_352
13 0.003506 2 46
13 0.003506 2 45
16 0.003506 3 0 PTP 43 44_43_6_353
13 0.003506 2 43
13 0.003506 2 44
16 0.003506 3 0 PTP 118 117_118_6_354
13 0.003506 2 118
13 0.003506 2 117
16 0.003506 3 0 PTP 55 56_55_6_355
13 0.003506 2 55
13 0.003506 2 56
16 0.003506 3 0 PTP 27 28_27_6_356
13 0.003506 2 27
13 0.003506 2 28
16 0.003506 3 0 PTP 86 85_86_6_357
13 0.003506 2 86
13 0.003506 2 85
12 0.003506 2 32 9
15 0.003506 3 0 PTP 32 32_31_6_380
12 0.003506 2 33 9
15 0.003506 3 0 PTP 33 33_34_6_381
16 0.003507 3 0 PTP 51 52_51_6_358
13 0.003507 2 51
13 0.003507 2 52
16 0.003507 3 0 PTP 30 29_30_6_359
13 0.003507 2 30
13 0.003507 2 29
16 0.003507 3 0 PTP 38 37_38_6_360
13 0.003507 2 38
13 0.003507 2 37
16 0.003507 3 0 PTP 23 24_23_6_361
13 0.003507 2 23
13 0.003507 2 24
16 0.003507 3 0 PTP 26 25_26_6_362
13 0.003507 2 26
13 0.003507 2 25
16 0.003508 3 0 PTP 39 40_39_6_363
13 0.003508 2 39
13 0.003508 2 40
16 0.003508 3 0 PTP 35 36_35_6_364
13 0.003508 2 35
13 0.003508 2 36
16 0.003509 3 0 PTP 54 53_54_6_365
13 0.003509 2 54
13 0.003509 2 53
16 0.003875 3 0 PTP 18 17_18_6_366
13 0.003875 2 18
13 0.003875 2 17
16 0.003876 3 0 PTP 2 1_2_6_367
13 0.003876 2 2
13 0.003876 2 1
16 0.003876 3 0 PTP 15 16_15_6_368
13 0.003876 2 15
13 0.003876 2 16
16 0.003877 3 0 PTP 127 128_127_6_369
13 0.003877 2 127
13 0.003877 2 128
16 0.003878 3 0 PTP 111 112_111_6_370
13 0.003878 2 111
13 0.003878 2 112
16 0.003878 3 0 PTP 114 113_114_6_371
13 0.003878 2 114
13 0.003878 2 113
16 0.003878 3 0 PTP 95 96_95_6_372
13 0.003878 2 95
13 0.003878 2 96
16 0.003878 3 0 PTP 98 97_98_6_373
13 0.003878 2 98
13 0.003878 2 97
16 0.003879 3 0 PTP 66 65_66_6_374
13 0.003879 2 66
13 0.003879 2 65
16 0.003880 3 0 PTP 63 64_63_6_375
13 0.003880 2 63
13 0.003880 2 64
16 0.003880 3 0 PTP 82 81_82_6_376
13 0.003880 2 82
13 0.003880 2 81
16 0.003881 3 0 PTP 79 80_79_6_377
13 0.003881 2 79
13 0.003881 2 80
16 0.003882 3 0 PTP 47 48_47_6_378
13 0.003882 2 47
13 0.003882 2 48
16 0.003882 3 0 PTP 50 49_50_6_379
13 0.003882 2 50
13 0.003882 2 49
16 0.003883 3 0 PTP 31 32_31_6_380
13 0.003883 2 31
13 0.003883 2 32
16 0.003883 3 0 PTP 34 33_34_6_381
13 0.003883 2 34
13 0.003883 2 33
12 0.006489 2 76 10
15 0.006489 3 0 PTP 76 76_1_-112_382
13 0.006489 2 76
12 0.006494 2 116 10
15 0.006494 3 0 PTP 116 116_1_-112_383
13 0.006494 2 116
12 0.006494 2 76 10
15 0.006494 3 0 PTP 76 76_1_-112_384
13 0.006494 2 76
12 0.006496 2 121 10
15 0.006496 3 0 PTP 121 121_1_-112_385
13 0.006496 2 121
12 0.006497 2 116 10
15 0.006497 3 0 PTP 116 116_1_-112_386
13 0.006497 2 116
12 0.006497 2 76 7
15 0.006497 3 0 PTP 76 76_1_-778_387
12 0.006497 2 73 10
15 0.006497 3 0 PTP 73 73_1_-112_388
12 0.006497 2 85 10
15 0.006497 3 0 PTP 85 85_1_-112_389
13 0.006497 2 73
13 0.006497 2 85
12 0.006498 2 121 10
15 0.006498 3 0 PTP 121 121_1_-112_390
13 0.006498 2 121
12 0.006499 2 116 7
15 0.006499 3 0 PTP 116 116_1_-778_391
12 0.006499 2 73 10
15 0.006499 3 0 PTP 73 73_1_-112_392
12 0.006499 2 85 10
15 0.006499 3 0 PTP 85 85_1_-112_393
13 0.006499 2 73
13 0.006499 2 85
12 0.006500 2 121 7
15 0.006500 3 0 PTP 121 121_1_-778_394
12 0.006501 2 37 10
15 0.006501 3 0 PTP 37 37_1_-112_395
12 0.006501 2 85 7
15 0.006501 3 0 PTP 85 85_1_-778_396
13 0.006501 2 37
12 0.006502 2 73 7
15 0.006502 3 0 PTP 73 73_1_-778_397
12 0.006503 2 37 10
15 0.006503 3 0 PTP 37 37_1_-112_398
13 0.006503 2 37
12 0.006504 2 37 7
15 0.006504 3 0 PTP 37 37_1_-778_399
12 0.006505 2 29 10
15 0.006505 3 0 PTP 29 29_1_-112_400
13 0.006505 2 29
12 0.006506 2 40 10
15 0.006506 3 0 PTP 40 40_1_-112_401
12 0.006506 2 108 10
15 0.006506 3 0 PTP 108 108_1_-112_402
12 0.006506 2 52 10
15 0.006506 3 0 PTP 52 52_1_-112_403
13 0.006506 2 40
13 0.006506 2 108
13 0.006506 2 52
12 0.006506 2 72 10
15 0.006506 3 0 PTP 72 72_1_-112_404
13 0.006506 2 72
12 0.006507 2 53 10
15 0.006507 3 0 PTP 53 53_1_-112_405
13 0.006507 2 53
12 0.006507 2 24 10
15 0.006507 3 0 PTP 24 24_1_-112_406
12 0.006507 2 29 10
15 0.006507 3 0 PTP 29 29_1_-112_407
13 0.006507 2 24
13 0.006507 2 29
12 0.006508 2 40 10
15 0.006508 3 0 PTP 40 40_1_-112_408
12 0.006508 2 108 10
15 0.006508 3 0 PTP 108 108_1_-112_409
12 0.006508 2 52 10
15 0.006508 3 0 PTP 52 52_1_-112_410
13 0.006508 2 40
13 0.006508 2 108
13 0.006508 2 52
12 0.006508 2 84 10
15 0.006508 3 0 PTP 84 84_1_-112_411
12 0.006508 2 72 10
15 0.006508 3 0 PTP 72 72_1_-112_412
13 0.006508 2 84
13 0.006508 2 72
12 0.006509 2 40 7
15 0.006509 3 0 PTP 40 40_1_-778_413
12 0.006509 2 108 7
15 0.006509 3 0 PTP 108 108_1_-778_414
12 0.006509 2 44 10
15 0.006509 3 0 PTP 44 44_1_-112_415
12 0.006509 2 53 10
15 0.006509 3 0 PTP 53 53_1_-112_416
13 0.006509 2 44
13 0.006509 2 53
12 0.006509 2 24 10
15 0.006509 3 0 PTP 24 24_1_-112_417
12 0.006509 2 29 7
15 0.006509 3 0 PTP 29 29_1_-778_418
13 0.006509 2 24
12 0.006510 2 88 10
15 0.006510 3 0 PTP 88 88_1_-112_419
12 0.006510 2 52 7
15 0.006510 3 0 PTP 52 52_1_-778_420
12 0.006510 2 53 7
15 0.006510 3 0 PTP 53 53_1_-778_421
13 0.006510 2 88
12 0.006510 2 84 10
15 0.006510 3 0 PTP 84 84_1_-112_422
12 0.006510 2 72 7
15 0.006510 3 0 PTP 72 72_1_-778_423
13 0.006510 2 84
12 0.006511 2 44 10
15 0.006511 3 0 PTP 44 44_1_-112_424
13 0.006511 2 44
12 0.006511 2 84 7
15 0.006511 3 0 PTP 84 84_1_-778_425
12 0.006511 2 24 7
15 0.006511 3 0 PTP 24 24_1_-778_426
12 0.006512 2 56 10
15 0.006512 3 0 PTP 56 56_1_-112_427
12 0.006512 2 88 10
15 0.006512 3 0 PTP 88 88_1_-112_428
12 0.006512 2 44 7
15 0.006512 3 0 PTP 44 44_1_-778_429
13 0.006512 2 56
13 0.006512 2 88
12 0.006513 2 88 7
15 0.006513 3 0 PTP 88 88_1_-778_430
12 0.006515 2 56 10
15 0.006515 3 0 PTP 56 56_1_-112_431
13 0.006515 2 56
12 0.006516 2 54 10
15 0.006516 3 0 PTP 54 54_1_-112_432
12 0.006516 2 56 7
15 0.006516 3 0 PTP 56 56_1_-778_433
13 0.006516 2 54
12 0.006517 2 45 10
15 0.006517 3 0 PTP 45 45_1_-112_434
13 0.006517 2 45
12 0.006517 2 36 10
15 0.006517 3 0 PTP 36 36_1_-112_435
13 0.006517 2 36
12 0.006518 2 61 10
15 0.006518 3 0 PTP 61 61_1_-112_436
12 0.006518 2 41 10
15 0.006518 3 0 PTP 41 41_1_-112_437
12 0.006518 2 54 10
15 0.006518 3 0 PTP 54 54_1_-112_438
13 0.006518 2 61
13 0.006518 2 41
13 0.006518 2 54
12 0.006519 2 45 10
15 0.006519 3 0 PTP 45 45_1_-112_439
13 0.006519 2 45
12 0.006519 2 36 10
15 0.006519 3 0 PTP 36 36_1_-112_440
13 0.006519 2 36
12 0.006520 2 41 10
15 0.006520 3 0 PTP 41 41_1_-112_441
12 0.006520 2 54 7
15 0.006520 3 0 PTP 54 54_1_-778_442
13 0.006520 2 41
12 0.006521 2 89 10
15 0.006521 3 0 PTP 89 89_1_-112_443
12 0.006521 2 61 10
15 0.006521 3 0 PTP 61 61_1_-112_444
12 0.006521 2 45 7
15 0.006521 3 0 PTP 45 45_1_-778_445
12 0.006521 2 41 7
15 0.006521 3 0 PTP 41 41_1_-778_446
13 0.006521 2 89
13 0.006521 2 61
12 0.006521 2 25 10
15 0.006521 3 0 PTP 25 25_1_-112_447
12 0.006521 2 36 7
15 0.006521 3 0 PTP 36 36_1_-778_448
13 0.006521 2 25
12 0.006523 2 124 10
15 0.006523 3 0 PTP 124 124_1_-112_449
12 0.006523 2 68 10
15 0.006523 3 0 PTP 68 68_1_-112_450
12 0.006523 2 89 10
15 0.006523 3 0 PTP 89 89_1_-112_451
12 0.006523 2 61 7
15 0.006523 3 0 PTP 61 61_1_-778_452
13 0.006523 2 124
13 0.006523 2 68
13 0.006523 2 89
12 0.006523 2 25 10
15 0.006523 3 0 PTP 25 25_1_-112_453
13 0.006523 2 25
12 0.006524 2 100 10
15 0.006524 3 0 PTP 100 100_1_-112_454
12 0.006524 2 89 7
15 0.006524 3 0 PTP 89 89_1_-778_455
13 0.006524 2 100
12 0.006524 2 77 10
15 0.006524 3 0 PTP 77 77_1_-112_456
13 0.006524 2 77
12 0.006525 2 124 10
15 0.006525 3 0 PTP 124 124_1_-112_457
12 0.006525 2 68 10
15 0.006525 3 0 PTP 68 68_1_-112_458
13 0.006525 2 124
13 0.006525 2 68
12 0.006525 2 25 7
15 0.006525 3 0 PTP 25 25_1_-778_459
12 0.006526 2 77 10
15 0.006526 3 0 PTP 77 77_1_-112_460
13 0.006526 2 77
12 0.006527 2 93 10
15 0.006527 3 0 PTP 93 93_1_-112_461
12 0.006527 2 100 10
15 0.006527 3 0 PTP 100 100_1_-112_462
12 0.006527 2 124 7
15 0.006527 3 0 PTP 124 124_1_-778_463
12 0.006527 2 68 7
15 0.006527 3 0 PTP 68 68_1_-778_464
13 0.006527 2 93
13 0.006527 2 100
12 0.006527 2 28 10
15 0.006527 3 0 PTP 28 28_1_-112_465
13 0.006527 2 28
12 0.006528 2 109 10
15 0.006528 3 0 PTP 109 109_1_-112_466
12 0.006528 2 57 10
15 0.006528 3 0 PTP 57 57_1_-112_467
12 0.006528 2 100 7
15 0.006528 3 0 PTP 100 100_1_-778_468
13 0.006528 2 109
13 0.006528 2 57
12 0.006528 2 77 7
15 0.006528 3 0 PTP 77 77_1_-778_469
12 0.006529 2 101 10
15 0.006529 3 0 PTP 101 101_1_-112_470
12 0.006529 2 93 10
15 0.006529 3 0 PTP 93 93_1_-112_471
13 0.006529 2 101
13 0.006529 2 93
12 0.006529 2 28 10
15 0.006529 3 0 PTP 28 28_1_-112_472
13 0.006529 2 28
12 0.006530 2 109 10
15 0.006530 3 0 PTP 109 109_1_-112_473
13 0.006530 2 109
12 0.006531 2 57 10
15 0.006531 3 0 PTP 57 57_1_-112_474
12 0.006531 2 101 10
15 0.006531 3 0 PTP 101 101_1_-112_475
12 0.006531 2 93 7
15 0.006531 3 0 PTP 93 93_1_-778_476
12 0.006531 2 109 7
15 0.006531 3 0 PTP 109 109_1_-778_477
13 0.006531 2 57
13 0.006531 2 101
12 0.006531 2 28 7
15 0.006531 3 0 PTP 28 28_1_-778_478
12 0.006532 2 69 10
15 0.006532 3 0 PTP 69 69_1_-112_479
13 0.006532 2 69
12 0.006533 2 57 7
15 0.006533 3 0 PTP 57 57_1_-778_480
12 0.006533 2 101 7
15 0.006533 3 0 PTP 101 101_1_-778_481
12 0.006534 2 69 10
15 0.006534 3 0 PTP 69 69_1_-112_482
13 0.006534 2 69
12 0.006535 2 13 10
15 0.006535 3 0 PTP 13 13_1_-112_483
12 0.006535 2 105 10
15 0.006535 3 0 PTP 105 105_1_-112_484
12 0.006535 2 69 7
15 0.006535 3 0 PTP 69 69_1_-778_485
13 0.006535 2 13
13 0.006535 2 105
12 0.006537 2 105 10
15 0.006537 3 0 PTP 105 105_1_-112_486
13 0.006537 2 105
12 0.006538 2 13 10
15 0.006538 3 0 PTP 13 13_1_-112_487
13 0.006538 2 13
12 0.006539 2 60 10
15 0.006539 3 0 PTP 60 60_1_-112_488
12 0.006539 2 4 10
15 0.006539 3 0 PTP 4 4_1_-112_489
12 0.006539 2 105 7
15 0.006539 3 0 PTP 105 105_1_-778_490
13 0.006539 2 60
13 0.006539 2 4
12 0.006540 2 13 7
15 0.006540 3 0 PTP 13 13_1_-778_491
12 0.006541 2 4 10
15 0.006541 3 0 PTP 4 4_1_-112_492
13 0.006541 2 4
12 0.006542 2 104 10
15 0.006542 3 0 PTP 104 104_1_-112_493
12 0.006542 2 60 10
15 0.006542 3 0 PTP 60 60_1_-112_494
13 0.006542 2 104
13 0.006542 2 60
12 0.006542 2 60 7
15 0.006542 3 0 PTP 60 60_1_-778_495
12 0.006543 2 4 7
15 0.006543 3 0 PTP 4 4_1_-778_496
12 0.006544 2 104 10
15 0.006544 3 0 PTP 104 104_1_-112_497
13 0.006544 2 104
12 0.006546 2 117 10
15 0.006546 3 0 PTP 117 117_1_-112_498
12 0.006546 2 104 7
15 0.006546 3 0 PTP 104 104_1_-778_499
13 0.006546 2 117
12 0.006548 2 117 10
15 0.006548 3 0 PTP 117 117_1_-112_500
13 0.006548 2 117
12 0.006550 2 5 10
15 0.006550 3 0 PTP 5 5_1_-112_501
12 0.006550 2 117 7
15 0.006550 3 0 PTP 117 117_1_-778_502
13 0.006550 2 5
12 0.006552 2 120 10
15 0.006552 3 0 PTP 120 120_1_-112_503
12 0.006552 2 5 10
15 0.006552 3 0 PTP 5 5_1_-112_504
13 0.006552 2 120
13 0.006552 2 5
12 0.006554 2 120 10
15 0.006554 3 0 PTP 120 120_1_-112_505
12 0.006554 2 5 7
15 0.006554 3 0 PTP 5 5_1_-778_506
13 0.006554 2 120
12 0.006556 2 120 7
15 0.006556 3 0 PTP 120 120_1_-778_507
12 0.006559 2 20 10
15 0.006559 3 0 PTP 20 20_1_-112_508
12 0.006559 2 21 10
15 0.006559 3 0 PTP 21 21_1_-112_509
13 0.006559 2 20
13 0.006559 2 21
12 0.006560 2 92 10
15 0.006560 3 0 PTP 92 92_1_-112_510
13 0.006560 2 92
12 0.006561 2 125 10
15 0.006561 3 0 PTP 125 125_1_-112_511
12 0.006561 2 20 10
15 0.006561 3 0 PTP 20 20_1_-112_512
12 0.006561 2 21 10
15 0.006561 3 0 PTP 21 21_1_-112_513
13 0.006561 2 125
13 0.006561 2 20
13 0.006561 2 21
12 0.006562 2 9 10
15 0.006562 3 0 PTP 9 9_1_-112_514
12 0.006562 2 20 7
15 0.006562 3 0 PTP 20 20_1_-778_515
13 0.006562 2 9
12 0.006563 2 92 10
15 0.006563 3 0 PTP 92 92_1_-112_516
12 0.006563 2 125 10
15 0.006563 3 0 PTP 125 125_1_-112_517
12 0.006563 2 21 7
15 0.006563 3 0 PTP 21 21_1_-778_518
13 0.006563 2 92
13 0.006563 2 125
12 0.006565 2 9 10
15 0.006565 3 0 PTP 9 9_1_-112_519
12 0.006565 2 92 7
15 0.006565 3 0 PTP 92 92_1_-778_520
12 0.006565 2 125 7
15 0.006565 3 0 PTP 125 125_1_-778_521
13 0.006565 2 9
12 0.006567 2 9 7
15 0.006567 3 0 PTP 9 9_1_-778_522
12 0.006619 2 12 10
15 0.006619 3 0 PTP 12 12_1_-112_523
13 0.006619 2 12
12 0.006621 2 12 10
15 0.006621 3 0 PTP 12 12_1_-112_524
13 0.006621 2 12
12 0.006623 2 12 7
15 0.006623 3 0 PTP 12 12_1_-778_525
12 0.006673 2 59 10
15 0.006673 3 0 PTP 59 59_1_-112_526
13 0.006673 2 59
12 0.006675 2 59 10
15 0.006675 3 0 PTP 59 59_1_-112_527
13 0.006675 2 59
12 0.006677 2 59 7
15 0.006677 3 0 PTP 59 59_1_-778_528
12 0.006683 2 8 10
15 0.006683 3 0 PTP 8 8_1_-112_529
13 0.006683 2 8
12 0.006686 2 8 10
15 0.006686 3 0 PTP 8 8_1_-112_530
13 0.006686 2 8
12 0.006687 2 8 7
15 0.006687 3 0 PTP 8 8_1_-778_531
12 0.006777 2 10 10
15 0.006777 3 0 PTP 10 10_1_-112_532
13 0.006777 2 10
12 0.006780 2 102 10
15 0.006780 3 0 PTP 102 102_1_-112_533
12 0.006780 2 10 10
15 0.006780 3 0 PTP 10 10_1_-112_534
13 0.006780 2 102
13 0.006780 2 10
12 0.006782 2 10 7
15 0.006782 3 0 PTP 10 10_1_-778_535
12 0.006783 2 102 10
15 0.006783 3 0 PTP 102 102_1_-112_536
13 0.006783 2 102
12 0.006785 2 102 7
15 0.006785 3 0 PTP 102 102_1_-778_537
12 0.006788 2 70 10
15 0.006788 3 0 PTP 70 70_1_-112_538
13 0.006788 2 70
12 0.006790 2 70 10
15 0.006790 3 0 PTP 70 70_1_-112_539
13 0.006790 2 70
12 0.006791 2 11 10
15 0.006791 3 0 PTP 11 11_1_-112_540
12 0.006791 2 119 10
15 0.006791 3 0 PTP 119 119_1_-112_541
13 0.006791 2 11
13 0.006791 2 119
12 0.006792 2 70 7
15 0.006792 3 0 PTP 70 70_1_-778_542
12 0.006793 2 11 10
15 0.006793 3 0 PTP 11 11_1_-112_543
12 0.006793 2 119 10
15 0.006793 3 0 PTP 119 119_1_-112_544
13 0.006793 2 11
13 0.006793 2 119
12 0.006794 2 99 10
15 0.006794 3 0 PTP 99 99_1_-112_545
12 0.006794 2 90 10
15 0.006794 3 0 PTP 90 90_1_-112_546
12 0.006794 2 119 7
15 0.006794 3 0 PTP 119 119_1_-778_547
13 0.006794 2 99
13 0.006794 2 90
12 0.006795 2 11 7
15 0.006795 3 0 PTP 11 11_1_-778_548
12 0.006796 2 90 10
15 0.006796 3 0 PTP 90 90_1_-112_549
13 0.006796 2 90
12 0.006797 2 99 10
15 0.006797 3 0 PTP 99 99_1_-112_550
12 0.006797 2 90 7
15 0.006797 3 0 PTP 90 90_1_-778_551
13 0.006797 2 99
12 0.006798 2 7 10
15 0.006798 3 0 PTP 7 7_1_-112_552
12 0.006798 2 126 10
15 0.006798 3 0 PTP 126 126_1_-112_553
12 0.006798 2 110 10
15 0.006798 3 0 PTP 110 110_1_-112_554
12 0.006798 2 3 10
15 0.006798 3 0 PTP 3 3_1_-112_555
13 0.006798 2 7
13 0.006798 2 126
13 0.006798 2 110
13 0.006798 2 3
12 0.006799 2 99 7
15 0.006799 3 0 PTP 99 99_1_-778_556
12 0.006800 2 91 10
15 0.006800 3 0 PTP 91 91_1_-112_557
12 0.006800 2 106 10
15 0.006800 3 0 PTP 106 106_1_-112_558
12 0.006800 2 7 10
15 0.006800 3 0 PTP 7 7_1_-112_559
12 0.006800 2 126 10
15 0.006800 3 0 PTP 126 126_1_-112_560
12 0.006800 2 110 10
15 0.006800 3 0 PTP 110 110_1_-112_561
13 0.006800 2 91
13 0.006800 2 106
13 0.006800 2 7
13 0.006800 2 126
13 0.006800 2 110
12 0.006801 2 3 10
15 0.006801 3 0 PTP 3 3_1_-112_562
13 0.006801 2 3
12 0.006802 2 91 10
15 0.006802 3 0 PTP 91 91_1_-112_563
12 0.006802 2 106 10
15 0.006802 3 0 PTP 106 106_1_-112_564
12 0.006802 2 7 7
15 0.006802 3 0 PTP 7 7_1_-778_565
12 0.006802 2 126 7
15 0.006802 3 0 PTP 126 126_1_-778_566
12 0.006802 2 3 7
15 0.006802 3 0 PTP 3 3_1_-778_567
13 0.006802 2 91
13 0.006802 2 106
12 0.006803 2 110 7
15 0.006803 3 0 PTP 110 110_1_-778_568
12 0.006804 2 106 7
15 0.006804 3 0 PTP 106 106_1_-778_569
12 0.006805 2 6 10
15 0.006805 3 0 PTP 6 6_1_-112_570
13 0.006805 2 6
12 0.006806 2 14 10
15 0.006806 3 0 PTP 14 14_1_-112_571
12 0.006806 2 19 10
15 0.006806 3 0 PTP 19 19_1_-112_572
12 0.006806 2 118 10
15 0.006806 3 0 PTP 118 118_1_-112_573
13 0.006806 2 14
13 0.006806 2 19
13 0.006806 2 118
12 0.006808 2 91 7
15 0.006808 3 0 PTP 91 91_1_-778_574
12 0.006808 2 6 10
15 0.006808 3 0 PTP 6 6_1_-112_575
12 0.006808 2 14 10
15 0.006808 3 0 PTP 14 14_1_-112_576
12 0.006808 2 19 10
15 0.006808 3 0 PTP 19 19_1_-112_577
12 0.006808 2 118 10
15 0.006808 3 0 PTP 118 118_1_-112_578
13 0.006808 2 6
13 0.006808 2 14
13 0.006808 2 19
12 0.006808 2 19 7
15 0.006808 3 0 PTP 19 19_1_-778_579
13 0.006808 2 118
12 0.006810 2 67 10
15 0.006810 3 0 PTP 67 67_1_-112_580
12 0.006810 2 14 7
15 0.006810 3 0 PTP 14 14_1_-778_581
12 0.006810 2 118 7
15 0.006810 3 0 PTP 118 118_1_-778_582
13 0.006810 2 67
12 0.006811 2 6 7
15 0.006811 3 0 PTP 6 6_1_-778_583
12 0.006813 2 67 10
15 0.006813 3 0 PTP 67 67_1_-112_584
13 0.006813 2 67
12 0.006813 2 30 10
15 0.006813 3 0 PTP 30 30_1_-112_585
13 0.006813 2 30
12 0.006815 2 67 7
15 0.006815 3 0 PTP 67 67_1_-778_586
12 0.006815 2 30 10
15 0.006815 3 0 PTP 30 30_1_-112_587
13 0.006815 2 30
12 0.006816 2 30 7
15 0.006816 3 0 PTP 30 30_1_-778_588
12 0.006818 2 39 10
15 0.006818 3 0 PTP 39 39_1_-112_589
13 0.006818 2 39
12 0.006820 2 39 10
15 0.006820 3 0 PTP 39 39_1_-112_590
13 0.006820 2 39
12 0.006822 2 39 7
15 0.006822 3 0 PTP 39 39_1_-778_591
12 0.006822 2 35 10
15 0.006822 3 0 PTP 35 35_1_-112_592
13 0.006822 2 35
12 0.006826 2 35 10
15 0.006826 3 0 PTP 35 35_1_-112_593
13 0.006826 2 35
12 0.006828 2 94 10
15 0.006828 3 0 PTP 94 94_1_-112_594
13 0.006828 2 94
12 0.006828 2 35 7
15 0.006828 3 0 PTP 35 35_1_-778_595
12 0.006830 2 94 10
15 0.006830 3 0 PTP 94 94_1_-112_596
13 0.006830 2 94
12 0.006831 2 94 7
15 0.006831 3 0 PTP 94 94_1_-778_597
12 0.006837 2 122 10
15 0.006837 3 0 PTP 122 122_1_-112_598
13 0.006837 2 122
12 0.006841 2 123 10
15 0.006841 3 0 PTP 123 123_1_-112_599
12 0.006841 2 122 10
15 0.006841 3 0 PTP 122 122_1_-112_600
13 0.006841 2 123
13 0.006841 2 122
12 0.006843 2 123 10
15 0.006843 3 0 PTP 123 123_1_-112_601
12 0.006843 2 122 7
15 0.006843 3 0 PTP 122 122_1_-778_602
13 0.006843 2 123
12 0.006845 2 123 7
15 0.006845 3 0 PTP 123 123_1_-778_603
12 0.006859 2 17 10
15 0.006859 3 0 PTP 17 17_1_-112_604
13 0.006859 2 17
12 0.006862 2 17 10
15 0.006862 3 0 PTP 17 17_1_-112_605
13 0.006862 2 17
12 0.006863 2 17 7
15 0.006863 3 0 PTP 17 17_1_-778_606
12 0.006871 2 128 10
15 0.006871 3 0 PTP 128 128_1_-112_607
13 0.006871 2 128
12 0.006873 2 128 10
15 0.006873 3 0 PTP 128 128_1_-112_608
13 0.006873 2 128
12 0.006874 2 64 10
15 0.006874 3 0 PTP 64 64_1_-112_609
13 0.006874 2 64
12 0.006874 2 97 10
15 0.006874 3 0 PTP 97 97_1_-112_610
13 0.006874 2 97
12 0.006875 2 128 7
15 0.006875 3 0 PTP 128 128_1_-778_611
12 0.006876 2 64 10
15 0.006876 3 0 PTP 64 64_1_-112_612
13 0.006876 2 64
12 0.006876 2 112 10
15 0.006876 3 0 PTP 112 112_1_-112_613
12 0.006876 2 97 10
15 0.006876 3 0 PTP 97 97_1_-112_614
13 0.006876 2 112
13 0.006876 2 97
12 0.006878 2 64 7
15 0.006878 3 0 PTP 64 64_1_-778_615
12 0.006878 2 97 7
15 0.006878 3 0 PTP 97 97_1_-778_616
12 0.006879 2 112 10
15 0.006879 3 0 PTP 112 112_1_-112_617
13 0.006879 2 112
12 0.006880 2 96 10
15 0.006880 3 0 PTP 96 96_1_-112_618
12 0.006880 2 112 7
15 0.006880 3 0 PTP 112 112_1_-778_619
13 0.006880 2 96
12 0.006882 2 107 10
15 0.006882 3 0 PTP 107 107_1_-112_620
13 0.006882 2 107
12 0.006882 2 65 10
15 0.006882 3 0 PTP 65 65_1_-112_621
13 0.006882 2 65
12 0.006882 2 96 10
15 0.006882 3 0 PTP 96 96_1_-112_622
13 0.006882 2 96
12 0.006884 2 107 10
15 0.006884 3 0 PTP 107 107_1_-112_623
13 0.006884 2 107
12 0.006884 2 65 10
15 0.006884 3 0 PTP 65 65_1_-112_624
13 0.006884 2 65
12 0.006885 2 107 7
15 0.006885 3 0 PTP 107 107_1_-778_625
12 0.006885 2 65 7
15 0.006885 3 0 PTP 65 65_1_-778_626
12 0.006885 2 96 7
15 0.006885 3 0 PTP 96 96_1_-778_627
12 0.006890 2 1 10
12 0.006890 2 49 10
15 0.006890 3 0 PTP 49 49_1_-112_628
13 0.006890 2 49
16 0.006891 3 0 PTP 1 3_1_-112_555
16 0.006891 3 0 PTP 1 4_1_-112_489
16 0.006891 3 0 PTP 1 5_1_-112_501
16 0.006891 3 0 PTP 1 6_1_-112_570
16 0.006891 3 0 PTP 1 7_1_-112_552
16 0.006891 3 0 PTP 1 8_1_-112_529
16 0.006891 3 0 PTP 1 9_1_-112_514
16 0.006891 3 0 PTP 1 10_1_-112_532
16 0.006891 3 0 PTP 1 11_1_-112_540
16 0.006891 3 0 PTP 1 12_1_-112_523
16 0.006891 3 0 PTP 1 13_1_-112_483
16 0.006891 3 0 PTP 1 14_1_-112_571
16 0.006891 3 0 PTP 1 17_1_-112_604
16 0.006891 3 0 PTP 1 19_1_-112_572
16 0.006891 3 0 PTP 1 20_1_-112_508
16 0.006891 3 0 PTP 1 21_1_-112_509
16 0.006891 3 0 PTP 1 24_1_-112_406
16 0.006891 3 0 PTP 1 25_1_-112_447
16 0.006891 3 0 PTP 1 28_1_-112_465
16 0.006891 3 0 PTP 1 29_1_-112_400
16 0.006891 3 0 PTP 1 30_1_-112_585
16 0.006891 3 0 PTP 1 35_1_-112_592
16 0.006891 3 0 PTP 1 36_1_-112_435
16 0.006891 3 0 PTP 1 37_1_-112_395
16 0.006891 3 0 PTP 1 39_1_-112_589
16 0.006891 3 0 PTP 1 40_1_-112_401
16 0.006891 3 0 PTP 1 41_1_-112_437
16 0.006891 3 0 PTP 1 44_1_-112_415
16 0.006891 3 0 PTP 1 45_1_-112_434
16 0.006891 3 0 PTP 1 49_1_-112_628
16 0.006891 3 0 PTP 1 52_1_-112_403
16 0.006891 3 0 PTP 1 53_1_-112_405
16 0.006891 3 0 PTP 1 54_1_-112_432
16 0.006891 3 0 PTP 1 56_1_-112_427
16 0.006891 3 0 PTP 1 57_1_-112_467
16 0.006891 3 0 PTP 1 59_1_-112_526
16 0.006891 3 0 PTP 1 60_1_-112_488
16 0.006891 3 0 PTP 1 61_1_-112_436
16 0.006891 3 0 PTP 1 64_1_-112_609
16 0.006891 3 0 PTP 1 65_1_-112_621
16 0.006891 3 0 PTP 1 67_1_-112_580
16 0.006891 3 0 PTP 1 68_1_-112_450
16 0.006891 3 0 PTP 1 69_1_-112_479
16 0.006891 3 0 PTP 1 70_1_-112_538
16 0.006891 3 0 PTP 1 72_1_-112_404
16 0.006891 3 0 PTP 1 73_1_-112_388
16 0.006891 3 0 PTP 1 76_1_-112_382
16 0.006891 3 0 PTP 1 77_1_-112_456
16 0.006891 3 0 PTP 1 84_1_-112_411
16 0.006891 3 0 PTP 1 85_1_-112_389
16 0.006891 3 0 PTP 1 88_1_-112_419
16 0.006891 3 0 PTP 1 89_1_-112_443
16 0.006891 3 0 PTP 1 90_1_-112_546
16 0.006891 3 0 PTP 1 91_1_-112_557
16 0.006891 3 0 PTP 1 92_1_-112_510
16 0.006891 3 0 PTP 1 93_1_-112_461
16 0.006891 3 0 PTP 1 94_1_-112_594
16 0.006891 3 0 PTP 1 96_1_-112_618
16 0.006891 3 0 PTP 1 97_1_-112_610
16 0.006891 3 0 PTP 1 99_1_-112_545
16 0.006891 3 0 PTP 1 100_1_-112_454
16 0.006891 3 0 PTP 1 101_1_-112_470
16 0.006891 3 0 PTP 1 102_1_-112_533
16 0.006891 3 0 PTP 1 104_1_-112_493
16 0.006891 3 0 PTP 1 105_1_-112_484
16 0.006891 3 0 PTP 1 106_1_-112_558
16 0.006891 3 0 PTP 1 107_1_-112_620
16 0.006891 3 0 PTP 1 108_1_-112_402
16 0.006891 3 0 PTP 1 109_1_-112_466
16 0.006891 3 0 PTP 1 110_1_-112_554
16 0.006891 3 0 PTP 1 112_1_-112_613
16 0.006891 3 0 PTP 1 116_1_-112_383
16 0.006891 3 0 PTP 1 117_1_-112_498
16 0.006891 3 0 PTP 1 118_1_-112_573
16 0.006891 3 0 PTP 1 119_1_-112_541
16 0.006891 3 0 PTP 1 120_1_-112_503
16 0.006891 3 0 PTP 1 121_1_-112_385
16 0.006891 3 0 PTP 1 122_1_-112_598
16 0.006891 3 0 PTP 1 123_1_-112_599
16 0.006891 3 0 PTP 1 124_1_-112_449
16 0.006891 3 0 PTP 1 125_1_-112_511
16 0.006891 3 0 PTP 1 126_1_-112_553
16 0.006891 3 0 PTP 1 128_1_-112_607
12 0.006892 2 103 10
15 0.006892 3 0 PTP 103 103_1_-112_629
13 0.006892 2 103
16 0.006892 3 0 PTP 1 103_1_-112_629
12 0.006893 2 33 10
15 0.006893 3 0 PTP 33 33_1_-112_630
13 0.006893 2 33
12 0.006893 2 16 10
15 0.006893 3 0 PTP 16 16_1_-112_631
12 0.006893 2 49 10
15 0.006893 3 0 PTP 49 49_1_-112_632
13 0.006893 2 16
13 0.006893 2 49
16 0.006894 3 0 PTP 1 16_1_-112_631
16 0.006894 3 0 PTP 1 33_1_-112_630
12 0.006894 2 80 10
15 0.006894 3 0 PTP 80 80_1_-112_633
12 0.006894 2 48 10
15 0.006894 3 0 PTP 48 48_1_-112_634
12 0.006894 2 49 7
15 0.006894 3 0 PTP 49 49_1_-778_635
13 0.006894 2 80
13 0.006894 2 48
12 0.006895 2 33 10
15 0.006895 3 0 PTP 33 33_1_-112_636
13 0.006895 2 33
16 0.006895 3 0 PTP 1 80_1_-112_633
16 0.006895 3 0 PTP 1 48_1_-112_634
12 0.006895 2 16 10
15 0.006895 3 0 PTP 16 16_1_-112_637
13 0.006895 2 16
12 0.006896 2 103 10
15 0.006896 3 0 PTP 103 103_1_-112_638
13 0.006896 2 103
12 0.006896 2 33 7
15 0.006896 3 0 PTP 33 33_1_-778_639
12 0.006896 2 80 10
15 0.006896 3 0 PTP 80 80_1_-112_640
12 0.006896 2 48 10
15 0.006896 3 0 PTP 48 48_1_-112_641
13 0.006896 2 80
13 0.006896 2 48
12 0.006897 2 75 10
15 0.006897 3 0 PTP 75 75_1_-112_642
13 0.006897 2 75
12 0.006897 2 16 7
15 0.006897 3 0 PTP 16 16_1_-778_643
12 0.006898 2 115 10
15 0.006898 3 0 PTP 115 115_1_-112_644
13 0.006898 2 115
16 0.006898 3 0 PTP 1 75_1_-112_642
16 0.006898 3 0 PTP 1 115_1_-112_644
12 0.006898 2 80 7
15 0.006898 3 0 PTP 80 80_1_-778_645
12 0.006898 2 48 7
15 0.006898 3 0 PTP 48 48_1_-778_646
12 0.006899 2 103 7
15 0.006899 3 0 PTP 103 103_1_-778_647
12 0.006899 2 32 10
15 0.006899 3 0 PTP 32 32_1_-112_648
13 0.006899 2 32
12 0.006900 2 115 10
15 0.006900 3 0 PTP 115 115_1_-112_649
13 0.006900 2 115
16 0.006900 3 0 PTP 1 32_1_-112_648
12 0.006900 2 75 10
15 0.006900 3 0 PTP 75 75_1_-112_650
13 0.006900 2 75
12 0.006900 2 34 10
15 0.006900 3 0 PTP 34 34_1_-112_651
12 0.006900 2 32 10
15 0.006900 3 0 PTP 32 32_1_-112_652
13 0.006900 2 34
13 0.006900 2 32
12 0.006901 2 115 7
15 0.006901 3 0 PTP 115 115_1_-778_653
16 0.006901 3 0 PTP 1 34_1_-112_651
12 0.006901 2 32 7
15 0.006901 3 0 PTP 32 32_1_-778_654
12 0.006902 2 75 7
15 0.006902 3 0 PTP 75 75_1_-778_655
12 0.006903 2 34 10
15 0.006903 3 0 PTP 34 34_1_-112_656
13 0.006903 2 34
12 0.006905 2 34 7
15 0.006905 3 0 PTP 34 34_1_-778_657
12 0.006911 2 113 10
15 0.006911 3 0 PTP 113 113_1_-112_658
13 0.006911 2 113
16 0.006912 3 0 PTP 1 113_1_-112_658
12 0.006913 2 113 10
15 0.006913 3 0 PTP 113 113_1_-112_659
13 0.006913 2 113
12 0.006914 2 113 7
15 0.006914 3 0 PTP 113 113_1_-778_660
12 0.006915 2 81 10
15 0.006915 3 0 PTP 81 81_1_-112_661
13 0.006915 2 81
16 0.006916 3 0 PTP 1 81_1_-112_661
12 0.006917 2 81 10
15 0.006917 3 0 PTP 81 81_1_-112_662
13 0.006917 2 81
12 0.006919 2 81 7
15 0.006919 3 0 PTP 81 81_1_-778_663
12 0.006922 2 62 10
15 0.006922 3 0 PTP 62 62_1_-112_664
13 0.006922 2 62
16 0.006922 3 0 PTP 1 62_1_-112_664
12 0.006924 2 62 10
15 0.006924 3 0 PTP 62 62_1_-112_665
13 0.006924 2 62
12 0.006924 2 23 10
15 0.006924 3 0 PTP 23 23_1_-112_666
13 0.006924 2 23
12 0.006925 2 62 7
15 0.006925 3 0 PTP 62 62_1_-778_667
16 0.006925 3 0 PTP 1 23_1_-112_666
12 0.006927 2 23 10
15 0.006927 3 0 PTP 23 23_1_-112_668
13 0.006927 2 23
12 0.006929 2 23 7
15 0.006929 3 0 PTP 23 23_1_-778_669
12 0.006955 2 38 10
15 0.006955 3 0 PTP 38 38_1_-112_670
13 0.006955 2 38
16 0.006956 3 0 PTP 1 38_1_-112_670
12 0.006957 2 38 10
15 0.006957 3 0 PTP 38 38_1_-112_671
13 0.006957 2 38
12 0.006958 2 87 10
15 0.006958 3 0 PTP 87 87_1_-112_672
13 0.006958 2 87
12 0.006958 2 38 7
15 0.006958 3 0 PTP 38 38_1_-778_673
16 0.006958 3 0 PTP 1 87_1_-112_672
12 0.006960 2 87 10
15 0.006960 3 0 PTP 87 87_1_-112_674
13 0.006960 2 87
12 0.006962 2 87 7
15 0.006962 3 0 PTP 87 87_1_-778_675
12 0.006964 2 74 10
15 0.006964 3 0 PTP 74 74_1_-112_676
13 0.006964 2 74
16 0.006965 3 0 PTP 1 74_1_-112_676
12 0.006966 2 22 10
15 0.006966 3 0 PTP 22 22_1_-112_677
13 0.006966 2 22
16 0.006966 3 0 PTP 1 22_1_-112_677
12 0.006967 2 74 10
15 0.006967 3 0 PTP 74 74_1_-112_678
13 0.006967 2 74
12 0.006968 2 22 10
15 0.006968 3 0 PTP 22 22_1_-112_679
13 0.006968 2 22
12 0.006968 2 74 7
15 0.006968 3 0 PTP 74 74_1_-778_680
12 0.006971 2 22 7
15 0.006971 3 0 PTP 22 22_1_-778_681
12 0.006979 2 58 10
15 0.006979 3 0 PTP 58 58_1_-112_682
13 0.006979 2 58
16 0.006979 3 0 PTP 1 58_1_-112_682
12 0.006981 2 71 10
15 0.006981 3 0 PTP 71 71_1_-112_683
13 0.006981 2 71
12 0.006982 2 58 10
15 0.006982 3 0 PTP 58 58_1_-112_684
13 0.006982 2 58
16 0.006982 3 0 PTP 1 71_1_-112_683
12 0.006983 2 71 10
15 0.006983 3 0 PTP 71 71_1_-112_685
13 0.006983 2 71
12 0.006983 2 127 10
15 0.006983 3 0 PTP 127 127_1_-112_686
13 0.006983 2 127
12 0.006984 2 58 7
15 0.006984 3 0 PTP 58 58_1_-778_687
16 0.006984 3 0 PTP 1 127_1_-112_686
12 0.006985 2 71 7
15 0.006985 3 0 PTP 71 71_1_-778_688
12 0.006985 2 127 10
15 0.006985 3 0 PTP 127 127_1_-112_689
13 0.006985 2 127
12 0.006986 2 42 10
15 0.006986 3 0 PTP 42 42_1_-112_690
13 0.006986 2 42
16 0.006986 3 0 PTP 1 42_1_-112_690
12 0.006988 2 43 10
15 0.006988 3 0 PTP 43 43_1_-112_691
12 0.006988 2 42 10
15 0.006988 3 0 PTP 42 42_1_-112_692
13 0.006988 2 43
13 0.006988 2 42
16 0.006988 3 0 PTP 1 43_1_-112_691
12 0.006989 2 42 7
15 0.006989 3 0 PTP 42 42_1_-778_693
12 0.006989 2 127 7
15 0.006989 3 0 PTP 127 127_1_-778_694
12 0.006990 2 43 10
15 0.006990 3 0 PTP 43 43_1_-112_695
13 0.006990 2 43
12 0.006993 2 43 7
15 0.006993 3 0 PTP 43 43_1_-778_696
12 0.006999 2 83 10
15 0.006999 3 0 PTP 83 83_1_-112_697
13 0.006999 2 83
12 0.007000 2 46 10
15 0.007000 3 0 PTP 46 46_1_-112_698
13 0.007000 2 46
16 0.007000 3 0 PTP 1 83_1_-112_697
16 0.007000 3 0 PTP 1 46_1_-112_698
12 0.007001 2 83 10
15 0.007001 3 0 PTP 83 83_1_-112_699
13 0.007001 2 83
12 0.007002 2 46 10
15 0.007002 3 0 PTP 46 46_1_-112_700
13 0.007002 2 46
12 0.007003 2 83 7
15 0.007003 3 0 PTP 83 83_1_-778_701
12 0.007004 2 46 7
15 0.007004 3 0 PTP 46 46_1_-778_702
12 0.007018 2 26 10
15 0.007018 3 0 PTP 26 26_1_-112_703
13 0.007018 2 26
16 0.007019 3 0 PTP 1 26_1_-112_703
12 0.007020 2 86 10
15 0.007020 3 0 PTP 86 86_1_-112_704
12 0.007020 2 26 10
15 0.007020 3 0 PTP 26 26_1_-112_705
13 0.007020 2 86
13 0.007020 2 26
12 0.007020 2 26 7
15 0.007020 3 0 PTP 26 26_1_-778_706
16 0.007021 3 0 PTP 1 86_1_-112_704
12 0.007022 2 50 10
15 0.007022 3 0 PTP 50 50_1_-112_707
13 0.007022 2 50
12 0.007023 2 86 10
15 0.007023 3 0 PTP 86 86_1_-112_708
13 0.007023 2 86
16 0.007023 3 0 PTP 1 50_1_-112_707
12 0.007024 2 86 7
15 0.007024 3 0 PTP 86 86_1_-778_709
12 0.007024 2 50 10
15 0.007024 3 0 PTP 50 50_1_-112_710
13 0.007024 2 50
12 0.007025 2 50 7
15 0.007025 3 0 PTP 50 50_1_-778_711
12 0.007027 2 51 10
15 0.007027 3 0 PTP 51 51_1_-112_712
13 0.007027 2 51
16 0.007027 3 0 PTP 1 51_1_-112_712
12 0.007030 2 51 10
15 0.007030 3 0 PTP 51 51_1_-112_713
13 0.007030 2 51
12 0.007032 2 51 7
15 0.007032 3 0 PTP 51 51_1_-778_714
12 0.007042 2 27 10
15 0.007042 3 0 PTP 27 27_1_-112_715
13 0.007042 2 27
16 0.007043 3 0 PTP 1 27_1_-112_715
12 0.007043 2 27 10
15 0.007043 3 0 PTP 27 27_1_-112_716
13 0.007043 2 27
12 0.007044 2 27 7
15 0.007044 3 0 PTP 27 27_1_-778_717
12 0.007055 2 78 10
15 0.007055 3 0 PTP 78 78_1_-112_718
13 0.007055 2 78
16 0.007056 3 0 PTP 1 78_1_-112_718
12 0.007057 2 78 10
15 0.007057 3 0 PTP 78 78_1_-112_719
13 0.007057 2 78
12 0.007059 2 78 7
15 0.007059 3 0 PTP 78 78_1_-778_720
12 0.007066 2 47 10
15 0.007066 3 0 PTP 47 47_1_-112_721
13 0.007066 2 47
16 0.007067 3 0 PTP 1 47_1_-112_721
12 0.007068 2 47 10
15 0.007068 3 0 PTP 47 47_1_-112_722
13 0.007068 2 47
12 0.007070 2 47 7
15 0.007070 3 0 PTP 47 47_1_-778_723
12 0.007139 2 55 10
15 0.007139 3 0 PTP 55 55_1_-112_724
13 0.007139 2 55
16 0.007139 3 0 PTP 1 55_1_-112_724
12 0.007141 2 55 10
15 0.007141 3 0 PTP 55 55_1_-112_725
13 0.007141 2 55
12 0.007143 2 55 7
15 0.007143 3 0 PTP 55 55_1_-778_726
12 0.007160 2 79 10
15 0.007160 3 0 PTP 79 79_1_-112_727
13 0.007160 2 79
16 0.007161 3 0 PTP 1 79_1_-112_727
12 0.007162 2 79 10
15 0.007162 3 0 PTP 79 79_1_-112_728
13 0.007162 2 79
12 0.007164 2 79 7
15 0.007164 3 0 PTP 79 79_1_-778_729
12 0.007197 2 31 10
15 0.007197 3 0 PTP 31 31_1_-112_730
13 0.007197 2 31
16 0.007198 3 0 PTP 1 31_1_-112_730
12 0.007200 2 31 10
15 0.007200 3 0 PTP 31 31_1_-112_731
13 0.007200 2 31
12 0.007201 2 31 7
15 0.007201 3 0 PTP 31 31_1_-778_732
12 0.007227 2 82 10
15 0.007227 3 0 PTP 82 82_1_-112_733
13 0.007227 2 82
16 0.007228 3 0 PTP 1 82_1_-112_733
12 0.007229 2 82 10
15 0.007229 3 0 PTP 82 82_1_-112_734
13 0.007229 2 82
12 0.007231 2 82 7
15 0.007231 3 0 PTP 82 82_1_-778_735
12 0.007242 2 2 10
15 0.007242 3 0 PTP 2 2_1_-112_736
13 0.007242 2 2
16 0.007243 3 0 PTP 1 2_1_-112_736
12 0.007244 2 2 10
15 0.007244 3 0 PTP 2 2_1_-112_737
13 0.007244 2 2
12 0.007245 2 15 10
15 0.007245 3 0 PTP 15 15_1_-112_738
13 0.007245 2 15
16 0.007246 3 0 PTP 1 15_1_-112_738
12 0.007246 2 2 7
15 0.007246 3 0 PTP 2 2_1_-778_739
12 0.007247 2 15 10
15 0.007247 3 0 PTP 15 15_1_-112_740
13 0.007247 2 15
12 0.007249 2 15 7
15 0.007249 3 0 PTP 15 15_1_-778_741
12 0.007275 2 98 10
15 0.007275 3 0 PTP 98 98_1_-112_742
13 0.007275 2 98
16 0.007276 3 0 PTP 1 98_1_-112_742
12 0.007277 2 98 10
15 0.007277 3 0 PTP 98 98_1_-112_743
13 0.007277 2 98
12 0.007279 2 98 7
15 0.007279 3 0 PTP 98 98_1_-778_744
12 0.007312 2 111 10
15 0.007312 3 0 PTP 111 111_1_-112_745
13 0.007312 2 111
16 0.007313 3 0 PTP 1 111_1_-112_745
12 0.007314 2 111 10
15 0.007314 3 0 PTP 111 111_1_-112_746
13 0.007314 2 111
12 0.007315 2 111 7
15 0.007315 3 0 PTP 111 111_1_-778_747
12 0.007328 2 114 10
15 0.007328 3 0 PTP 114 114_1_-112_748
13 0.007328 2 114
12 0.007329 2 63 10
15 0.007329 3 0 PTP 63 63_1_-112_749
13 0.007329 2 63
16 0.007329 3 0 PTP 1 114_1_-112_748
16 0.007330 3 0 PTP 1 63_1_-112_749
12 0.007331 2 63 10
15 0.007331 3 0 PTP 63 63_1_-112_750
13 0.007331 2 63
12 0.007331 2 114 10
15 0.007331 3 0 PTP 114 114_1_-112_751
13 0.007331 2 114
12 0.007332 2 63 7
15 0.007332 3 0 PTP 63 63_1_-778_752
12 0.007332 2 114 7
15 0.007332 3 0 PTP 114 114_1_-778_753
12 0.007347 2 95 10
15 0.007347 3 0 PTP 95 95_1_-112_754
13 0.007347 2 95
16 0.007348 3 0 PTP 1 95_1_-112_754
12 0.007349 2 95 10
15 0.007349 3 0 PTP 95 95_1_-112_755
13 0.007349 2 95
12 0.007351 2 95 7
15 0.007351 3 0 PTP 95 95_1_-778_756
12 0.007445 2 66 10
15 0.007445 3 0 PTP 66 66_1_-112_757
13 0.007445 2 66
16 0.007446 3 0 PTP 1 66_1_-112_757
12 0.007447 2 66 10
15 0.007447 3 0 PTP 66 66_1_-112_758
13 0.007447 2 66
12 0.007448 2 18 10
15 0.007448 3 0 PTP 18 18_1_-112_759
13 0.007448 2 18
12 0.007449 2 66 7
15 0.007449 3 0 PTP 66 66_1_-778_760
16 0.007449 3 0 PTP 1 18_1_-112_759
13 0.007449 2 1
12 0.007450 2 18 10
15 0.007450 3 0 PTP 18 18_1_-112_761
13 0.007450 2 18
12 0.007451 2 1 10
16 0.007452 3 0 PTP 1 2_1_-112_737
16 0.007452 3 0 PTP 1 3_1_-112_562
16 0.007452 3 0 PTP 1 4_1_-112_492
16 0.007452 3 0 PTP 1 5_1_-112_504
16 0.007452 3 0 PTP 1 6_1_-112_575
16 0.007452 3 0 PTP 1 7_1_-112_559
16 0.007452 3 0 PTP 1 8_1_-112_530
16 0.007452 3 0 PTP 1 9_1_-112_519
16 0.007452 3 0 PTP 1 10_1_-112_534
16 0.007452 3 0 PTP 1 11_1_-112_543
16 0.007452 3 0 PTP 1 12_1_-112_524
16 0.007452 3 0 PTP 1 13_1_-112_487
16 0.007452 3 0 PTP 1 14_1_-112_576
16 0.007452 3 0 PTP 1 15_1_-112_740
16 0.007452 3 0 PTP 1 16_1_-112_637
16 0.007452 3 0 PTP 1 17_1_-112_605
16 0.007452 3 0 PTP 1 18_1_-112_761
16 0.007452 3 0 PTP 1 19_1_-112_577
16 0.007452 3 0 PTP 1 20_1_-112_512
16 0.007452 3 0 PTP 1 21_1_-112_513
16 0.007452 3 0 PTP 1 22_1_-112_679
16 0.007452 3 0 PTP 1 23_1_-112_668
16 0.007452 3 0 PTP 1 24_1_-112_417
16 0.007452 3 0 PTP 1 25_1_-112_453
16 0.007452 3 0 PTP 1 26_1_-112_705
16 0.007452 3 0 PTP 1 27_1_-112_716
16 0.007452 3 0 PTP 1 28_1_-112_472
16 0.007452 3 0 PTP 1 29_1_-112_407
16 0.007452 3 0 PTP 1 30_1_-112_587
16 0.007452 3 0 PTP 1 31_1_-112_731
16 0.007452 3 0 PTP 1 32_1_-112_652
16 0.007452 3 0 PTP 1 33_1_-112_636
16 0.007452 3 0 PTP 1 34_1_-112_656
16 0.007452 3 0 PTP 1 35_1_-112_593
16 0.007452 3 0 PTP 1 36_1_-112_440
16 0.007452 3 0 PTP 1 37_1_-112_398
16 0.007452 3 0 PTP 1 38_1_-112_671
16 0.007452 3 0 PTP 1 39_1_-112_590
16 0.007452 3 0 PTP 1 40_1_-112_408
16 0.007452 3 0 PTP 1 41_1_-112_441
16 0.007452 3 0 PTP 1 42_1_-112_692
16 0.007452 3 0 PTP 1 43_1_-112_695
16 0.007452 3 0 PTP 1 44_1_-112_424
16 0.007452 3 0 PTP 1 45_1_-112_439
16 0.007452 3 0 PTP 1 46_1_-112_700
16 0.007452 3 0 PTP 1 47_1_-112_722
16 0.007452 3 0 PTP 1 48_1_-112_641
16 0.007452 3 0 PTP 1 49_1_-112_632
16 0.007452 3 0 PTP 1 50_1_-112_710
16 0.007452 3 0 PTP 1 51_1_-112_713
16 0.007452 3 0 PTP 1 52_1_-112_410
16 0.007452 3 0 PTP 1 53_1_-112_416
16 0.007452 3 0 PTP 1 54_1_-112_438
16 0.007452 3 0 PTP 1 55_1_-112_725
16 0.007452 3 0 PTP 1 56_1_-112_431
16 0.007452 3 0 PTP 1 57_1_-112_474
16 0.007452 3 0 PTP 1 58_1_-112_684
16 0.007452 3 0 PTP 1 59_1_-112_527
16 0.007452 3 0 PTP 1 60_1_-112_494
16 0.007452 3 0 PTP 1 61_1_-112_444
16 0.007452 3 0 PTP 1 62_1_-112_665
16 0.007452 3 0 PTP 1 63_1_-112_750
16 0.007452 3 0 PTP 1 64_1_-112_612
16 0.007452 3 0 PTP 1 65_1_-112_624
16 0.007452 3 0 PTP 1 66_1_-112_758
16 0.007452 3 0 PTP 1 67_1_-112_584
16 0.007452 3 0 PTP 1 68_1_-112_458
16 0.007452 3 0 PTP 1 69_1_-112_482
16 0.007452 3 0 PTP 1 70_1_-112_539
16 0.007452 3 0 PTP 1 71_1_-112_685
16 0.007452 3 0 PTP 1 72_1_-112_412
16 0.007452 3 0 PTP 1 73_1_-112_392
16 0.007452 3 0 PTP 1 74_1_-112_678
16 0.007452 3 0 PTP 1 75_1_-112_650
16 0.007452 3 0 PTP 1 76_1_-112_384
16 0.007452 3 0 PTP 1 77_1_-112_460
16 0.007452 3 0 PTP 1 78_1_-112_719
16 0.007452 3 0 PTP 1 79_1_-112_728
16 0.007452 3 0 PTP 1 80_1_-112_640
16 0.007452 3 0 PTP 1 81_1_-112_662
16 0.007452 3 0 PTP 1 82_1_-112_734
16 0.007452 3 0 PTP 1 83_1_-112_699
16 0.007452 3 0 PTP 1 84_1_-112_422
16 0.007452 3 0 PTP 1 85_1_-112_393
16 0.007452 3 0 PTP 1 86_1_-112_708
16 0.007452 3 0 PTP 1 87_1_-112_674
16 0.007452 3 0 PTP 1 88_1_-112_428
16 0.007452 3 0 PTP 1 89_1_-112_451
16 0.007452 3 0 PTP 1 90_1_-112_549
16 0.007452 3 0 PTP 1 91_1_-112_563
16 0.007452 3 0 PTP 1 92_1_-112_516
16 0.007452 3 0 PTP 1 93_1_-112_471
16 0.007452 3 0 PTP 1 94_1_-112_596
16 0.007452 3 0 PTP 1 95_1_-112_755
16 0.007452 3 0 PTP 1 96_1_-112_622
16 0.007452 3 0 PTP 1 97_1_-112_614
16 0.007452 3 0 PTP 1 98_1_-112_743
16 0.007452 3 0 PTP 1 99_1_-112_550
16 0.007452 3 0 PTP 1 100_1_-112_462
16 0.007452 3 0 PTP 1 101_1_-112_475
16 0.007452 3 0 PTP 1 102_1_-112_536
16 0.007452 3 0 PTP 1 103_1_-112_638
16 0.007452 3 0 PTP 1 104_1_-112_497
16 0.007452 3 0 PTP 1 105_1_-112_486
16 0.007452 3 0 PTP 1 106_1_-112_564
16 0.007452 3 0 PTP 1 107_1_-112_623
16 0.007452 3 0 PTP 1 108_1_-112_409
16 0.007452 3 0 PTP 1 109_1_-112_473
16 0.007452 3 0 PTP 1 110_1_-112_561
16 0.007452 3 0 PTP 1 111_1_-112_746
16 0.007452 3 0 PTP 1 112_1_-112_617
16 0.007452 3 0 PTP 1 113_1_-112_659
16 0.007452 3 0 PTP 1 114_1_-112_751
16 0.007452 3 0 PTP 1 115_1_-112_649
16 0.007452 3 0 PTP 1 116_1_-112_386
16 0.007452 3 0 PTP 1 117_1_-112_500
16 0.007452 3 0 PTP 1 118_1_-112_578
16 0.007452 3 0 PTP 1 119_1_-112_544
16 0.007452 3 0 PTP 1 120_1_-112_505
16 0.007452 3 0 PTP 1 121_1_-112_390
16 0.007452 3 0 PTP 1 122_1_-112_600
16 0.007452 3 0 PTP 1 123_1_-112_601
16 0.007452 3 0 PTP 1 124_1_-112_457
16 0.007452 3 0 PTP 1 125_1_-112_517
16 0.007452 3 0 PTP 1 126_1_-112_560
16 0.007452 3 0 PTP 1 127_1_-112_689
16 0.007452 3 0 PTP 1 128_1_-112_608
13 0.007452 2 1
12 0.007452 2 18 7
15 0.007452 3 0 PTP 18 18_1_-778_762
12 0.007455 2 1 7
16 0.007456 3 0 PTP 1 2_1_-778_739
16 0.007456 3 0 PTP 1 3_1_-778_567
16 0.007456 3 0 PTP 1 4_1_-778_496
16 0.007456 3 0 PTP 1 5_1_-778_506
16 0.007456 3 0 PTP 1 6_1_-778_583
16 0.007456 3 0 PTP 1 7_1_-778_565
16 0.007456 3 0 PTP 1 8_1_-778_531
16 0.007456 3 0 PTP 1 9_1_-778_522
16 0.007456 3 0 PTP 1 10_1_-778_535
16 0.007456 3 0 PTP 1 11_1_-778_548
16 0.007456 3 0 PTP 1 12_1_-778_525
16 0.007456 3 0 PTP 1 13_1_-778_491
16 0.007456 3 0 PTP 1 14_1_-778_581
16 0.007456 3 0 PTP 1 15_1_-778_741
16 0.007456 3 0 PTP 1 16_1_-778_643
16 0.007456 3 0 PTP 1 17_1_-778_606
16 0.007456 3 0 PTP 1 18_1_-778_762
16 0.007456 3 0 PTP 1 19_1_-778_579
16 0.007456 3 0 PTP 1 20_1_-778_515
16 0.007456 3 0 PTP 1 21_1_-778_518
16 0.007456 3 0 PTP 1 22_1_-778_681
16 0.007456 3 0 PTP 1 23_1_-778_669
16 0.007456 3 0 PTP 1 24_1_-778_426
16 0.007456 3 0 PTP 1 25_1_-778_459
16 0.007456 3 0 PTP 1 26_1_-778_706
16 0.007456 3 0 PTP 1 27_1_-778_717
16 0.007456 3 0 PTP 1 28_1_-778_478
16 0.007456 3 0 PTP 1 29_1_-778_418
16 0.007456 3 0 PTP 1 30_1_-778_588
16 0.007456 3 0 PTP 1 31_1_-778_732
16 0.007456 3 0 PTP 1 32_1_-778_654
16 0.007456 3 0 PTP 1 33_1_-778_639
16 0.007456 3 0 PTP 1 34_1_-778_657
16 0.007456 3 0 PTP 1 35_1_-778_595
16 0.007456 3 0 PTP 1 36_1_-778_448
16 0.007456 3 0 PTP 1 37_1_-778_399
16 0.007456 3 0 PTP 1 38_1_-778_673
16 0.007456 3 0 PTP 1 39_1_-778_591
16 0.007456 3 0 PTP 1 40_1_-778_413
16 0.007456 3 0 PTP 1 41_1_-778_446
16 0.007456 3 0 PTP 1 42_1_-778_693
16 0.007456 3 0 PTP 1 43_1_-778_696
16 0.007456 3 0 PTP 1 44_1_-778_429
16 0.007456 3 0 PTP 1 45_1_-778_445
16 0.007456 3 0 PTP 1 46_1_-778_702
16 0.007456 3 0 PTP 1 47_1_-778_723
16 0.007456 3 0 PTP 1 48_1_-778_646
16 0.007456 3 0 PTP 1 49_1_-778_635
16 0.007456 3 0 PTP 1 50_1_-778_711
16 0.007456 3 0 PTP 1 51_1_-778_714
16 0.007456 3 0 PTP 1 52_1_-778_420
16 0.007456 3 0 PTP 1 53_1_-778_421
16 0.007456 3 0 PTP 1 54_1_-778_442
16 0.007456 3 0 PTP 1 55_1_-778_726
16 0.007456 3 0 PTP 1 56_1_-778_433
16 0.007456 3 0 PTP 1 57_1_-778_480
16 0.007456 3 0 PTP 1 58_1_-778_687
16 0.007456 3 0 PTP 1 59_1_-778_528
16 0.007456 3 0 PTP 1 60_1_-778_495
16 0.007456 3 0 PTP 1 61_1_-778_452
16 0.007456 3 0 PTP 1 62_1_-778_667
16 0.007456 3 0 PTP 1 63_1_-778_752
16 0.007456 3 0 PTP 1 64_1_-778_615
16 0.007456 3 0 PTP 1 65_1_-778_626
16 0.007456 3 0 PTP 1 66_1_-778_760
16 0.007456 3 0 PTP 1 67_1_-778_586
16 0.007456 3 0 PTP 1 68_1_-778_464
16 0.007456 3 0 PTP 1 69_1_-778_485
16 0.007456 3 0 PTP 1 70_1_-778_542
16 0.007456 3 0 PTP 1 71_1_-778_688
16 0.007456 3 0 PTP 1 72_1_-778_423
16 0.007456 3 0 PTP 1 73_1_-778_397
16 0.007456 3 0 PTP 1 74_1_-778_680
16 0.007456 3 0 PTP 1 75_1_-778_655
16 0.007456 3 0 PTP 1 76_1_-778_387
16 0.007456 3 0 PTP 1 77_1_-778_469
16 0.007456 3 0 PTP 1 78_1_-778_720
16 0.007456 3 0 PTP 1 79_1_-778_729
16 0.007456 3 0 PTP 1 80_1_-778_645
16 0.007456 3 0 PTP 1 81_1_-778_663
16 0.007456 3 0 PTP 1 82_1_-778_735
16 0.007456 3 0 PTP 1 83_1_-778_701
16 0.007456 3 0 PTP 1 84_1_-778_425
16 0.007456 3 0 PTP 1 85_1_-778_396
16 0.007456 3 0 PTP 1 86_1_-778_709
16 0.007456 3 0 PTP 1 87_1_-778_675
16 0.007456 3 0 PTP 1 88_1_-778_430
16 0.007456 3 0 PTP 1 89_1_-778_455
16 0.007456 3 0 PTP 1 90_1_-778_551
16 0.007456 3 0 PTP 1 91_1_-778_574
16 0.007456 3 0 PTP 1 92_1_-778_520
16 0.007456 3 0 PTP 1 93_1_-778_476
16 0.007456 3 0 PTP 1 94_1_-778_597
16 0.007456 3 0 PTP 1 95_1_-778_756
16 0.007456 3 0 PTP 1 96_1_-778_627
16 0.007456 3 0 PTP 1 97_1_-778_616
16 0.007456 3 0 PTP 1 98_1_-778_744
16 0.007456 3 0 PTP 1 99_1_-778_556
16 0.007456 3 0 PTP 1 100_1_-778_468
16 0.007456 3 0 PTP 1 101_1_-778_481
16 0.007456 3 0 PTP 1 102_1_-778_537
16 0.007456 3 0 PTP 1 103_1_-778_647
16 0.007456 3 0 PTP 1 104_1_-778_499
16 0.007456 3 0 PTP 1 105_1_-778_490
16 0.007456 3 0 PTP 1 106_1_-778_569
16 0.007456 3 0 PTP 1 107_1_-778_625
16 0.007456 3 0 PTP 1 108_1_-778_414
16 0.007456 3 0 PTP 1 109_1_-778_477
16 0.007456 3 0 PTP 1 110_1_-778_568
16 0.007456 3 0 PTP 1 111_1_-778_747
16 0.007456 3 0 PTP 1 112_1_-778_619
16 0.007456 3 0 PTP 1 113_1_-778_660
16 0.007456 3 0 PTP 1 114_1_-778_753
16 0.007456 3 0 PTP 1 115_1_-778_653
16 0.007456 3 0 PTP 1 116_1_-778_391
16 0.007456 3 0 PTP 1 117_1_-778_502
16 0.007456 3 0 PTP 1 118_1_-778_582
16 0.007456 3 0 PTP 1 119_1_-778_547
16 0.007456 3 0 PTP 1 120_1_-778_507
16 0.007456 3 0 PTP 1 121_1_-778_394
16 0.007456 3 0 PTP 1 122_1_-778_602
16 0.007456 3 0 PTP 1 123_1_-778_603
16 0.007456 3 0 PTP 1 124_1_-778_463
16 0.007456 3 0 PTP 1 125_1_-778_521
16 0.007456 3 0 PTP 1 126_1_-778_566
16 0.007456 3 0 PTP 1 127_1_-778_694
16 0.007456 3 0 PTP 1 128_1_-778_611
15 0.007456 3 0 PTP 1 1_2_-778_763
15 0.007456 3 0 PTP 1 1_3_-778_764
15 0.007456 3 0 PTP 1 1_4_-778_765
15 0.007456 3 0 PTP 1 1_5_-778_766
15 0.007456 3 0 PTP 1 1_6_-778_767
15 0.007456 3 0 PTP 1 1_7_-778_768
15 0.007456 3 0 PTP 1 1_8_-778_769
15 0.007456 3 0 PTP 1 1_9_-778_770
15 0.007456 3 0 PTP 1 1_10_-778_771
15 0.007456 3 0 PTP 1 1_11_-778_772
15 0.007456 3 0 PTP 1 1_12_-778_773
15 0.007456 3 0 PTP 1 1_13_-778_774
15 0.007456 3 0 PTP 1 1_14_-778_775
15 0.007456 3 0 PTP 1 1_15_-778_776
15 0.007456 3 0 PTP 1 1_16_-778_777
15 0.007456 3 0 PTP 1 1_17_-778_778
15 0.007456 3 0 PTP 1 1_18_-778_779
15 0.007456 3 0 PTP 1 1_19_-778_780
15 0.007456 3 0 PTP 1 1_20_-778_781
15 0.007456 3 0 PTP 1 1_21_-778_782
15 0.007456 3 0 PTP 1 1_22_-778_783
15 0.007456 3 0 PTP 1 1_23_-778_784
15 0.007456 3 0 PTP 1 1_24_-778_785
15 0.007456 3 0 PTP 1 1_25_-778_786
15 0.007456 3 0 PTP 1 1_26_-778_787
15 0.007456 3 0 PTP 1 1_27_-778_788
15 0.007456 3 0 PTP 1 1_28_-778_789
15 0.007456 3 0 PTP 1 1_29_-778_790
15 0.007456 3 0 PTP 1 1_30_-778_791
15 0.007456 3 0 PTP 1 1_31_-778_792
15 0.007456 3 0 PTP 1 1_32_-778_793
15 0.007456 3 0 PTP 1 1_33_-778_794
15 0.007456 3 0 PTP 1 1_34_-778_795
15 0.007456 3 0 PTP 1 1_35_-778_796
15 0.007456 3 0 PTP 1 1_36_-778_797
15 0.007456 3 0 PTP 1 1_37_-778_798
15 0.007456 3 0 PTP 1 1_38_-778_799
15 0.007456 3 0 PTP 1 1_39_-778_800
15 0.007456 3 0 PTP 1 1_40_-778_801
15 0.007456 3 0 PTP 1 1_41_-778_802
15 0.007456 3 0 PTP 1 1_42_-778_803
15 0.007456 3 0 PTP 1 1_43_-778_804
15 0.007456 3 0 PTP 1 1_44_-778_805
15 0.007456 3 0 PTP 1 1_45_-778_806
15 0.007456 3 0 PTP 1 1_46_-778_807
15 0.007456 3 0 PTP 1 1_47_-778_808
15 0.007456 3 0 PTP 1 1_48_-778_809
15 0.007456 3 0 PTP 1 1_49_-778_810
15 0.007456 3 0 PTP 1 1_50_-778_811
15 0.007456 3 0 PTP 1 1_51_-778_812
15 0.007456 3 0 PTP 1 1_52_-778_813
15 0.007456 3 0 PTP 1 1_53_-778_814
15 0.007456 3 0 PTP 1 1_54_-778_815
15 0.007456 3 0 PTP 1 1_55_-778_816
15 0.007456 3 0 PTP 1 1_56_-778_817
15 0.007456 3 0 PTP 1 1_57_-778_818
15 0.007456 3 0 PTP 1 1_58_-778_819
15 0.007456 3 0 PTP 1 1_59_-778_820
15 0.007456 3 0 PTP 1 1_60_-778_821
15 0.007456 3 0 PTP 1 1_61_-778_822
15 0.007456 3 0 PTP 1 1_62_-778_823
15 0.007456 3 0 PTP 1 1_63_-778_824
15 0.007456 3 0 PTP 1 1_64_-778_825
15 0.007456 3 0 PTP 1 1_65_-778_826
15 0.007456 3 0 PTP 1 1_66_-778_827
15 0.007456 3 0 PTP 1 1_67_-778_828
15 0.007456 3 0 PTP 1 1_68_-778_829
15 0.007456 3 0 PTP 1 1_69_-778_830
15 0.007456 3 0 PTP 1 1_70_-778_831
15 0.007456 3 0 PTP 1 1_71_-778_832
15 0.007456 3 0 PTP 1 1_72_-778_833
15 0.007456 3 0 PTP 1 1_73_-778_834
15 0.007456 3 0 PTP 1 1_74_-778_835
15 0.007456 3 0 PTP 1 1_75_-778_836
15 0.007456 3 0 PTP 1 1_76_-778_837
15 0.007456 3 0 PTP 1 1_77_-778_838
15 0.007456 3 0 PTP 1 1_78_-778_839
15 0.007456 3 0 PTP 1 1_79_-778_840
15 0.007456 3 0 PTP 1 1_80_-778_841
15 0.007456 3 0 PTP 1 1_81_-778_842
15 0.007456 3 0 PTP 1 1_82_-778_843
15 0.007456 3 0 PTP 1 1_83_-778_844
15 0.007456 3 0 PTP 1 1_84_-778_845
15 0.007456 3 0 PTP 1 1_85_-778_846
15 0.007456 3 0 PTP 1 1_86_-778_847
15 0.007456 3 0 PTP 1 1_87_-778_848
15 0.007456 3 0 PTP 1 1_88_-778_849
15 0.007456 3 0 PTP 1 1_89_-778_850
15 0.007456 3 0 PTP 1 1_90_-778_851
15 0.007456 3 0 PTP 1 1_91_-778_852
15 0.007456 3 0 PTP 1 1_92_-778_853
15 0.007456 3 0 PTP 1 1_93_-778_854
15 0.007456 3 0 PTP 1 1_94_-778_855
15 0.007456 3 0 PTP 1 1_95_-778_856
15 0.007456 3 0 PTP 1 1_96_-778_857
15 0.007456 3 0 PTP 1 1_97_-778_858
15 0.007456 3 0 PTP 1 1_98_-778_859
15 0.007456 3 0 PTP 1 1_99_-778_860
15 0.007456 3 0 PTP 1 1_100_-778_861
15 0.007456 3 0 PTP 1 1_101_-778_862
15 0.007456 3 0 PTP 1 1_102_-778_863
15 0.007456 3 0 PTP 1 1_103_-778_864
15 0.007456 3 0 PTP 1 1_104_-778_865
15 0.007456 3 0 PTP 1 1_105_-778_866
15 0.007456 3 0 PTP 1 1_106_-778_867
15 0.007456 3 0 PTP 1 1_107_-778_868
15 0.007456 3 0 PTP 1 1_108_-778_869
15 0.007456 3 0 PTP 1 1_109_-778_870
15 0.007456 3 0 PTP 1 1_110_-778_871
15 0.007456 3 0 PTP 1 1_111_-778_872
15 0.007456 3 0 PTP 1 1_112_-778_873
15 0.007456 3 0 PTP 1 1_113_-778_874
15 0.007456 3 0 PTP 1 1_114_-778_875
15 0.007456 3 0 PTP 1 1_115_-778_876
15 0.007456 3 0 PTP 1 1_116_-778_877
15 0.007456 3 0 PTP 1 1_117_-778_878
15 0.007456 3 0 PTP 1 1_118_-778_879
15 0.007456 3 0 PTP 1 1_119_-778_880
15 0.007456 3 0 PTP 1 1_120_-778_881
15 0.007456 3 0 PTP 1 1_121_-778_882
15 0.007456 3 0 PTP 1 1_122_-778_883
15 0.007456 3 0 PTP 1 1_123_-778_884
15 0.007456 3 0 PTP 1 1_124_-778_885
15 0.007456 3 0 PTP 1 1_125_-778_886
15 0.007456 3 0 PTP 1 1_126_-778_887
15 0.007456 3 0 PTP 1 1_127_-778_888
15 0.007456 3 0 PTP 1 1_128_-778_889
13 0.007456 2 1
16 0.007457 3 0 PTP 16 1_16_-778_777
13 0.007457 2 16
16 0.007457 3 0 PTP 15 1_15_-778_776
13 0.007457 2 15
16 0.007457 3 0 PTP 14 1_14_-778_775
13 0.007457 2 14
16 0.007457 3 0 PTP 13 1_13_-778_774
13 0.007457 2 13
16 0.007457 3 0 PTP 12 1_12_-778_773
13 0.007457 2 12
16 0.007457 3 0 PTP 11 1_11_-778_772
13 0.007457 2 11
16 0.007457 3 0 PTP 10 1_10_-778_771
13 0.007457 2 10
16 0.007457 3 0 PTP 9 1_9_-778_770
13 0.007457 2 9
16 0.007457 3 0 PTP 8 1_8_-778_769
13 0.007457 2 8
16 0.007457 3 0 PTP 7 1_7_-778_768
13 0.007457 2 7
16 0.007457 3 0 PTP 6 1_6_-778_767
13 0.007457 2 6
16 0.007457 3 0 PTP 5 1_5_-778_766
13 0.007457 2 5
16 0.007457 3 0 PTP 4 1_4_-778_765
13 0.007457 2 4
16 0.007457 3 0 PTP 3 1_3_-778_764
13 0.007457 2 3
16 0.007457 3 0 PTP 2 1_2_-778_763
13 0.007457 2 2
16 0.007457 3 0 PTP 128 1_128_-778_889
13 0.007457 2 128
16 0.007457 3 0 PTP 127 1_127_-778_888
13 0.007457 2 127
16 0.007457 3 0 PTP 126 1_126_-778_887
13 0.007457 2 126
16 0.007457 3 0 PTP 125 1_125_-778_886
13 0.007457 2 125
16 0.007457 3 0 PTP 124 1_124_-778_885
13 0.007457 2 124
16 0.007457 3 0 PTP 123 1_123_-778_884
13 0.007457 2 123
16 0.007457 3 0 PTP 122 1_122_-778_883
13 0.007457 2 122
16 0.007457 3 0 PTP 121 1_121_-778_882
13 0.007457 2 121
16 0.007457 3 0 PTP 120 1_120_-778_881
13 0.007457 2 120
16 0.007457 3 0 PTP 119 1_119_-778_880
13 0.007457 2 119
16 0.007457 3 0 PTP 118 1_118_-778_879
13 0.007457 2 118
16 0.007457 3 0 PTP 117 1_117_-778_878
13 0.007457 2 117
16 0.007457 3 0 PTP 116 1_116_-778_877
13 0.007457 2 116
16 0.007457 3 0 PTP 115 1_115_-778_876
13 0.007457 2 115
16 0.007457 3 0 PTP 114 1_114_-778_875
13 0.007457 2 114
16 0.007457 3 0 PTP 113 1_113_-778_874
13 0.007457 2 113
16 0.007457 3 0 PTP 112 1_112_-778_873
13 0.007457 2 112
16 0.007457 3 0 PTP 111 1_111_-778_872
13 0.007457 2 111
16 0.007457 3 0 PTP 110 1_110_-778_871
13 0.007457 2 110
16 0.007457 3 0 PTP 109 1_109_-778_870
13 0.007457 2 109
16 0.007457 3 0 PTP 108 1_108_-778_869
13 0.007457 2 108
16 0.007457 3 0 PTP 107 1_107_-778_868
13 0.007457 2 107
16 0.007457 3 0 PTP 106 1_106_-778_867
13 0.007457 2 106
16 0.007457 3 0 PTP 105 1_105_-778_866
13 0.007457 2 105
16 0.007457 3 0 PTP 104 1_104_-778_865
13 0.007457 2 104
16 0.007457 3 0 PTP 103 1_103_-778_864
13 0.007457 2 103
16 0.007457 3 0 PTP 102 1_102_-778_863
13 0.007457 2 102
16 0.007457 3 0 PTP 101 1_101_-778_862
13 0.007457 2 101
16 0.007457 3 0 PTP 100 1_100_-778_861
13 0.007457 2 100
16 0.007457 3 0 PTP 99 1_99_-778_860
13 0.007457 2 99
16 0.007457 3 0 PTP 98 1_98_-778_859
13 0.007457 2 98
16 0.007457 3 0 PTP 97 1_97_-778_858
13 0.007457 2 97
16 0.007457 3 0 PTP 96 1_96_-778_857
13 0.007457 2 96
16 0.007457 3 0 PTP 95 1_95_-778_856
13 0.007457 2 95
16 0.007457 3 0 PTP 94 1_94_-778_855
13 0.007457 2 94
16 0.007457 3 0 PTP 93 1_93_-778_854
13 0.007457 2 93
16 0.007457 3 0 PTP 92 1_92_-778_853
13 0.007457 2 92
16 0.007457 3 0 PTP 91 1_91_-778_852
13 0.007457 2 91
16 0.007457 3 0 PTP 90 1_90_-778_851
13 0.007457 2 90
16 0.007457 3 0 PTP 89 1_89_-778_850
13 0.007457 2 89
16 0.007457 3 0 PTP 88 1_88_-778_849
13 0.007457 2 88
16 0.007457 3 0 PTP 87 1_87_-778_848
13 0.007457 2 87
16 0.007457 3 0 PTP 86 1_86_-778_847
13 0.007457 2 86
16 0.007457 3 0 PTP 85 1_85_-778_846
13 0.007457 2 85
16 0.007457 3 0 PTP 84 1_84_-778_845
13 0.007457 2 84
16 0.007457 3 0 PTP 83 1_83_-778_844
13 0.007457 2 83
16 0.007457 3 0 PTP 82 1_82_-778_843
13 0.007457 2 82
16 0.007457 3 0 PTP 81 1_81_-778_842
13 0.007457 2 81
16 0.007457 3 0 PTP 80 1_80_-778_841
13 0.007457 2 80
16 0.007457 3 0 PTP 79 1_79_-778_840
13 0.007457 2 79
16 0.007457 3 0 PTP 78 1_78_-778_839
13 0.007457 2 78
16 0.007457 3 0 PTP 77 1_77_-778_838
13 0.007457 2 77
16 0.007457 3 0 PTP 76 1_76_-778_837
13 0.007457 2 76
16 0.007457 3 0 PTP 75 1_75_-778_836
13 0.007457 2 75
16 0.007457 3 0 PTP 74 1_74_-778_835
13 0.007457 2 74
16 0.007457 3 0 PTP 73 1_73_-778_834
13 0.007457 2 73
16 0.007457 3 0 PTP 72 1_72_-778_833
13 0.007457 2 72
16 0.007457 3 0 PTP 71 1_71_-778_832
13 0.007457 2 71
16 0.007457 3 0 PTP 70 1_70_-778_831
13 0.007457 2 70
16 0.007457 3 0 PTP 69 1_69_-778_830
13 0.007457 2 69
16 0.007457 3 0 PTP 68 1_68_-778_829
13 0.007457 2 68
16 0.007457 3 0 PTP 67 1_67_-778_828
13 0.007457 2 67
16 0.007457 3 0 PTP 66 1_66_-778_827
13 0.007457 2 66
16 0.007457 3 0 PTP 65 1_65_-778_826
13 0.007457 2 65
16 0.007457 3 0 PTP 64 1_64_-778_825
13 0.007457 2 64
16 0.007457 3 0 PTP 63 1_63_-778_824
13 0.007457 2 63
16 0.007457 3 0 PTP 62 1_62_-778_823
13 0.007457 2 62
16 0.007457 3 0 PTP 61 1_61_-778_822
13 0.007457 2 61
16 0.007457 3 0 PTP 60 1_60_-778_821
13 0.007457 2 60
16 0.007457 3 0 PTP 59 1_59_-778_820
13 0.007457 2 59
16 0.007457 3 0 PTP 58 1_58_-778_819
13 0.007457 2 58
16 0.007457 3 0 PTP 57 1_57_-778_818
13 0.007457 2 57
16 0.007457 3 0 PTP 56 1_56_-778_817
13 0.007457 2 56
16 0.007457 3 0 PTP 55 1_55_-778_816
13 0.007457 2 55
16 0.007457 3 0 PTP 54 1_54_-778_815
13 0.007457 2 54
16 0.007457 3 0 PTP 53 1_53_-778_814
13 0.007457 2 53
16 0.007457 3 0 PTP 52 1_52_-778_813
13 0.007457 2 52
16 0.007457 3 0 PTP 51 1_51_-778_812
13 0.007457 2 51
16 0.007457 3 0 PTP 50 1_50_-778_811
13 0.007457 2 50
16 0.007457 3 0 PTP 49 1_49_-778_810
13 0.007457 2 49
16 0.007457 3 0 PTP 48 1_48_-778_809
13 0.007457 2 48
16 0.007457 3 0 PTP 47 1_47_-778_808
13 0.007457 2 47
16 0.007457 3 0 PTP 46 1_46_-778_807
13 0.007457 2 46
16 0.007457 3 0 PTP 45 1_45_-778_806
13 0.007457 2 45
16 0.007457 3 0 PTP 44 1_44_-778_805
13 0.007457 2 44
16 0.007457 3 0 PTP 43 1_43_-778_804
13 0.007457 2 43
16 0.007457 3 0 PTP 42 1_42_-778_803
13 0.007457 2 42
16 0.007457 3 0 PTP 41 1_41_-778_802
13 0.007457 2 41
16 0.007457 3 0 PTP 40 1_40_-778_801
13 0.007457 2 40
16 0.007457 3 0 PTP 39 1_39_-778_800
13 0.007457 2 39
16 0.007457 3 0 PTP 38 1_38_-778_799
13 0.007457 2 38
16 0.007457 3 0 PTP 37 1_37_-778_798
13 0.007457 2 37
16 0.007457 3 0 PTP 36 1_36_-778_797
13 0.007457 2 36
16 0.007457 3 0 PTP 35 1_35_-778_796
13 0.007457 2 35
16 0.007457 3 0 PTP 34 1_34_-778_795
13 0.007457 2 34
16 0.007457 3 0 PTP 33 1_33_-778_794
13 0.007457 2 33
16 0.007457 3 0 PTP 32 1_32_-778_793
13 0.007457 2 32
16 0.007457 3 0 PTP 31 1_31_-778_792
13 0.007457 2 31
16 0.007457 3 0 PTP 30 1_30_-778_791
13 0.007457 2 30
16 0.007457 3 0 PTP 29 1_29_-778_790
13 0.007457 2 29
16 0.007457 3 0 PTP 28 1_28_-778_789
13 0.007457 2 28
16 0.007457 3 0 PTP 27 1_27_-778_788
13 0.007457 2 27
16 0.007457 3 0 PTP 26 1_26_-778_787
13 0.007457 2 26
16 0.007457 3 0 PTP 25 1_25_-778_786
13 0.007457 2 25
16 0.007457 3 0 PTP 24 1_24_-778_785
13 0.007457 2 24
16 0.007457 3 0 PTP 23 1_23_-778_784
13 0.007457 2 23
16 0.007457 3 0 PTP 22 1_22_-778_783
13 0.007457 2 22
16 0.007457 3 0 PTP 21 1_21_-778_782
13 0.007457 2 21
16 0.007457 3 0 PTP 20 1_20_-778_781
13 0.007457 2 20
16 0.007457 3 0 PTP 19 1_19_-778_780
13 0.007457 2 19
16 0.007457 3 0 PTP 18 1_18_-778_779
13 0.007457 2 18
16 0.007457 3 0 PTP 17 1_17_-778_778
13 0.007457 2 17
12 0.007458 2 15 11
13 0.007458 2 15
7 0.007458 1 15
12 0.007458 2 8 11
13 0.007458 2 8
7 0.007458 1 8
12 0.007458 2 2 11
13 0.007458 2 2
7 0.007458 1 2
12 0.007458 2 126 11
13 0.007458 2 126
7 0.007458 1 126
12 0.007458 2 118 11
13 0.007458 2 118
7 0.007458 1 118
12 0.007458 2 115 11
13 0.007458 2 115
7 0.007458 1 115
12 0.007458 2 109 11
13 0.007458 2 109
7 0.007458 1 109
12 0.007458 2 105 11
13 0.007458 2 105
7 0.007458 1 105
12 0.007458 2 99 11
13 0.007458 2 99
7 0.007458 1 99
12 0.007458 2 96 11
13 0.007458 2 96
7 0.007458 1 96
12 0.007458 2 94 11
13 0.007458 2 94
7 0.007458 1 94
12 0.007458 2 90 11
13 0.007458 2 90
7 0.007458 1 90
12 0.007458 2 82 11
13 0.007458 2 82
7 0.007458 1 82
12 0.007458 2 77 11
13 0.007458 2 77
7 0.007458 1 77
12 0.007458 2 74 11
13 0.007458 2 74
7 0.007458 1 74
12 0.007458 2 63 11
13 0.007458 2 63
7 0.007458 1 63
12 0.007458 2 52 11
13 0.007458 2 52
7 0.007458 1 52
12 0.007458 2 46 11
13 0.007458 2 46
7 0.007458 1 46
12 0.007458 2 42 11
13 0.007458 2 42
7 0.007458 1 42
12 0.007458 2 37 11
13 0.007458 2 37
7 0.007458 1 37
12 0.007458 2 36 11
13 0.007458 2 36
7 0.007458 1 36
12 0.007458 2 30 11
13 0.007458 2 30
7 0.007458 1 30
12 0.007458 2 18 11
13 0.007458 2 18
7 0.007458 1 18
12 0.007459 2 16 11
13 0.007459 2 16
7 0.007459 1 16
12 0.007459 2 13 11
13 0.007459 2 13
7 0.007459 1 13
12 0.007459 2 12 11
13 0.007459 2 12
7 0.007459 1 12
12 0.007459 2 11 11
13 0.007459 2 11
7 0.007459 1 11
12 0.007459 2 10 11
13 0.007459 2 10
7 0.007459 1 10
12 0.007459 2 9 11
13 0.007459 2 9
7 0.007459 1 9
12 0.007459 2 7 11
13 0.007459 2 7
7 0.007459 1 7
12 0.007459 2 6 11
13 0.007459 2 6
7 0.007459 1 6
12 0.007459 2 5 11
13 0.007459 2 5
7 0.007459 1 5
12 0.007459 2 4 11
13 0.007459 2 4
7 0.007459 1 4
12 0.007459 2 3 11
13 0.007459 2 3
7 0.007459 1 3
12 0.007459 2 128 11
13 0.007459 2 128
7 0.007459 1 128
12 0.007459 2 127 11
13 0.007459 2 127
7 0.007459 1 127
12 0.007459 2 125 11
13 0.007459 2 125
7 0.007459 1 125
12 0.007459 2 124 11
13 0.007459 2 124
7 0.007459 1 124
12 0.007459 2 123 11
13 0.007459 2 123
7 0.007459 1 123
12 0.007459 2 122 11
13 0.007459 2 122
7 0.007459 1 122
12 0.007459 2 121 11
13 0.007459 2 121
7 0.007459 1 121
12 0.007459 2 120 11
13 0.007459 2 120
7 0.007459 1 120
12 0.007459 2 119 11
13 0.007459 2 119
7 0.007459 1 119
12 0.007459 2 117 11
13 0.007459 2 117
7 0.007459 1 117
12 0.007459 2 116 11
13 0.007459 2 116
7 0.007459 1 116
12 0.007459 2 114 11
13 0.007459 2 114
7 0.007459 1 114
12 0.007459 2 113 11
13 0.007459 2 113
7 0.007459 1 113
12 0.007459 2 112 11
13 0.007459 2 112
7 0.007459 1 112
12 0.007459 2 111 11
13 0.007459 2 111
7 0.007459 1 111
12 0.007459 2 110 11
13 0.007459 2 110
7 0.007459 1 110
12 0.007459 2 108 11
13 0.007459 2 108
7 0.007459 1 108
12 0.007459 2 107 11
13 0.007459 2 107
7 0.007459 1 107
12 0.007459 2 106 11
13 0.007459 2 106
7 0.007459 1 106
12 0.007459 2 104 11
13 0.007459 2 104
7 0.007459 1 104
12 0.007459 2 103 11
13 0.007459 2 103
7 0.007459 1 103
12 0.007459 2 102 11
13 0.007459 2 102
7 0.007459 1 102
12 0.007459 2 101 11
13 0.007459 2 101
7 0.007459 1 101
12 0.007459 2 100 11
13 0.007459 2 100
7 0.007459 1 100
12 0.007459 2 98 11
13 0.007459 2 98
7 0.007459 1 98
12 0.007459 2 97 11
13 0.007459 2 97
7 0.007459 1 97
12 0.007459 2 95 11
13 0.007459 2 95
7 0.007459 1 95
12 0.007459 2 93 11
13 0.007459 2 93
7 0.007459 1 93
12 0.007459 2 92 11
13 0.007459 2 92
7 0.007459 1 92
12 0.007459 2 91 11
13 0.007459 2 91
7 0.007459 1 91
12 0.007459 2 89 11
13 0.007459 2 89
7 0.007459 1 89
12 0.007459 2 88 11
13 0.007459 2 88
7 0.007459 1 88
12 0.007459 2 87 11
13 0.007459 2 87
7 0.007459 1 87
12 0.007459 2 86 11
13 0.007459 2 86
7 0.007459 1 86
12 0.007459 2 85 11
13 0.007459 2 85
7 0.007459 1 85
12 0.007459 2 84 11
13 0.007459 2 84
7 0.007459 1 84
12 0.007459 2 83 11
13 0.007459 2 83
7 0.007459 1 83
12 0.007459 2 81 11
13 0.007459 2 81
7 0.007459 1 81
12 0.007459 2 80 11
13 0.007459 2 80
7 0.007459 1 80
12 0.007459 2 79 11
13 0.007459 2 79
7 0.007459 1 79
12 0.007459 2 78 11
13 0.007459 2 78
7 0.007459 1 78
12 0.007459 2 76 11
13 0.007459 2 76
7 0.007459 1 76
12 0.007459 2 75 11
13 0.007459 2 75
7 0.007459 1 75
12 0.007459 2 73 11
13 0.007459 2 73
7 0.007459 1 73
12 0.007459 2 71 11
13 0.007459 2 71
7 0.007459 1 71
12 0.007459 2 70 11
13 0.007459 2 70
7 0.007459 1 70
12 0.007459 2 69 11
13 0.007459 2 69
7 0.007459 1 69
12 0.007459 2 68 11
13 0.007459 2 68
7 0.007459 1 68
12 0.007459 2 67 11
13 0.007459 2 67
7 0.007459 1 67
12 0.007459 2 66 11
13 0.007459 2 66
7 0.007459 1 66
12 0.007459 2 65 11
13 0.007459 2 65
7 0.007459 1 65
12 0.007459 2 64 11
13 0.007459 2 64
7 0.007459 1 64
12 0.007459 2 62 11
13 0.007459 2 62
7 0.007459 1 62
12 0.007459 2 61 11
13 0.007459 2 61
7 0.007459 1 61
12 0.007459 2 60 11
13 0.007459 2 60
7 0.007459 1 60
12 0.007459 2 59 11
13 0.007459 2 59
7 0.007459 1 59
12 0.007459 2 58 11
13 0.007459 2 58
7 0.007459 1 58
12 0.007459 2 57 11
13 0.007459 2 57
7 0.007459 1 57
12 0.007459 2 56 11
13 0.007459 2 56
7 0.007459 1 56
12 0.007459 2 55 11
13 0.007459 2 55
7 0.007459 1 55
12 0.007459 2 54 11
13 0.007459 2 54
7 0.007459 1 54
12 0.007459 2 53 11
13 0.007459 2 53
7 0.007459 1 53
12 0.007459 2 51 11
13 0.007459 2 51
7 0.007459 1 51
12 0.007459 2 50 11
13 0.007459 2 50
7 0.007459 1 50
12 0.007459 2 49 11
13 0.007459 2 49
7 0.007459 1 49
12 0.007459 2 48 11
13 0.007459 2 48
7 0.007459 1 48
12 0.007459 2 47 11
13 0.007459 2 47
7 0.007459 1 47
12 0.007459 2 45 11
13 0.007459 2 45
7 0.007459 1 45
12 0.007459 2 44 11
13 0.007459 2 44
7 0.007459 1 44
12 0.007459 2 43 11
13 0.007459 2 43
7 0.007459 1 43
12 0.007459 2 41 11
13 0.007459 2 41
7 0.007459 1 41
12 0.007459 2 40 11
13 0.007459 2 40
7 0.007459 1 40
12 0.007459 2 39 11
13 0.007459 2 39
7 0.007459 1 39
12 0.007459 2 38 11
13 0.007459 2 38
7 0.007459 1 38
12 0.007459 2 35 11
13 0.007459 2 35
7 0.007459 1 35
12 0.007459 2 33 11
13 0.007459 2 33
7 0.007459 1 33
12 0.007459 2 32 11
13 0.007459 2 32
7 0.007459 1 32
12 0.007459 2 31 11
13 0.007459 2 31
7 0.007459 1 31
12 0.007459 2 29 11
13 0.007459 2 29
7 0.007459 1 29
12 0.007459 2 28 11
13 0.007459 2 28
7 0.007459 1 28
12 0.007459 2 27 11
13 0.007459 2 27
7 0.007459 1 27
12 0.007459 2 26 11
13 0.007459 2 26
7 0.007459 1 26
12 0.007459 2 25 11
13 0.007459 2 25
7 0.007459 1 25
12 0.007459 2 24 11
13 0.007459 2 24
7 0.007459 1 24
12 0.007459 2 23 11
13 0.007459 2 23
7 0.007459 1 23
12 0.007459 2 22 11
13 0.007459 2 22
7 0.007459 1 22
12 0.007459 2 21 11
13 0.007459 2 21
7 0.007459 1 21
12 0.007459 2 20 11
13 0.007459 2 20
7 0.007459 1 20
12 0.007459 2 19 11
13 0.007459 2 19
7 0.007459 1 19
12 0.007459 2 17 11
13 0.007459 2 17
7 0.007459 1 17
12 0.007460 2 14 11
13 0.007460 2 14
7 0.007460 1 14
12 0.007460 2 72 11
13 0.007460 2 72
7 0.007460 1 72
12 0.007460 2 34 11
13 0.007460 2 34
7 0.007460 1 34
12 0.007499 2 1 11
13 0.007499 2 1
7 0.007499 1 1
