State,rank-98,MPI_STATE,0.000000,0.000000,0.000000,0.000000,PMPI_Init
State,rank-98,MPI_STATE,0.000035,0.000408,0.000373,0.000000,PMPI_Barrier
State,rank-98,MPI_STATE,0.000411,0.000923,0.000512,0.000000,PMPI_Scatter
State,rank-98,MPI_STATE,0.000929,0.000938,0.000009,0.000000,PMPI_Sendrecv
State,rank-98,MPI_STATE,0.000940,0.000957,0.000017,0.000000,PMPI_Sendrecv
State,rank-98,MPI_STATE,0.000958,0.000984,0.000026,0.000000,PMPI_Sendrecv
State,rank-98,MPI_STATE,0.000986,0.001038,0.000052,0.000000,PMPI_Sendrecv
State,rank-98,MPI_STATE,0.001040,0.002542,0.001502,0.000000,PMPI_Sendrecv
State,rank-98,MPI_STATE,0.002545,0.005541,0.002996,0.000000,PMPI_Sendrecv
State,rank-98,MPI_STATE,0.005543,0.011536,0.005993,0.000000,PMPI_Sendrecv
State,rank-98,MPI_STATE,0.014742,0.014742,0.000000,0.000000,PMPI_Reduce
State,rank-98,MPI_STATE,0.014744,0.014744,0.000000,0.000000,PMPI_Reduce
State,rank-98,MPI_STATE,0.014746,0.014950,0.000204,0.000000,PMPI_Barrier
State,rank-98,MPI_STATE,0.014951,0.014951,0.000000,0.000000,PMPI_Finalize
State,rank-97,MPI_STATE,0.000000,0.000000,0.000000,0.000000,PMPI_Init
State,rank-97,MPI_STATE,0.000036,0.000408,0.000372,0.000000,PMPI_Barrier
State,rank-97,MPI_STATE,0.000412,0.000923,0.000511,0.000000,PMPI_Scatter
State,rank-97,MPI_STATE,0.000928,0.000937,0.000009,0.000000,PMPI_Sendrecv
State,rank-97,MPI_STATE,0.000939,0.000954,0.000015,0.000000,PMPI_Sendrecv
State,rank-97,MPI_STATE,0.000957,0.000983,0.000026,0.000000,PMPI_Sendrecv
State,rank-97,MPI_STATE,0.000985,0.001037,0.000052,0.000000,PMPI_Sendrecv
State,rank-97,MPI_STATE,0.001038,0.002532,0.001494,0.000000,PMPI_Sendrecv
State,rank-97,MPI_STATE,0.002534,0.005536,0.003002,0.000000,PMPI_Sendrecv
State,rank-97,MPI_STATE,0.005538,0.011509,0.005971,0.000000,PMPI_Sendrecv
State,rank-97,MPI_STATE,0.014667,0.014667,0.000000,0.000000,PMPI_Reduce
State,rank-97,MPI_STATE,0.014671,0.014671,0.000000,0.000000,PMPI_Reduce
State,rank-97,MPI_STATE,0.014672,0.014950,0.000278,0.000000,PMPI_Barrier
State,rank-97,MPI_STATE,0.014952,0.014952,0.000000,0.000000,PMPI_Finalize
State,rank-96,MPI_STATE,0.000000,0.000000,0.000000,0.000000,PMPI_Init
State,rank-96,MPI_STATE,0.000035,0.000408,0.000373,0.000000,PMPI_Barrier
State,rank-96,MPI_STATE,0.000413,0.000923,0.000510,0.000000,PMPI_Scatter
State,rank-96,MPI_STATE,0.000929,0.000937,0.000008,0.000000,PMPI_Sendrecv
State,rank-96,MPI_STATE,0.000943,0.000957,0.000014,0.000000,PMPI_Sendrecv
State,rank-96,MPI_STATE,0.000957,0.000984,0.000027,0.000000,PMPI_Sendrecv
State,rank-96,MPI_STATE,0.000985,0.001037,0.000052,0.000000,PMPI_Sendrecv
State,rank-96,MPI_STATE,0.001038,0.002542,0.001504,0.000000,PMPI_Sendrecv
State,rank-96,MPI_STATE,0.002544,0.005541,0.002997,0.000000,PMPI_Sendrecv
State,rank-96,MPI_STATE,0.005543,0.011536,0.005993,0.000000,PMPI_Sendrecv
State,rank-96,MPI_STATE,0.014692,0.014692,0.000000,0.000000,PMPI_Reduce
State,rank-96,MPI_STATE,0.014694,0.014694,0.000000,0.000000,PMPI_Reduce
State,rank-96,MPI_STATE,0.014697,0.014950,0.000253,0.000000,PMPI_Barrier
State,rank-96,MPI_STATE,0.014952,0.014952,0.000000,0.000000,PMPI_Finalize
State,rank-95,MPI_STATE,0.000000,0.000000,0.000000,0.000000,PMPI_Init
State,rank-95,MPI_STATE,0.000037,0.000408,0.000371,0.000000,PMPI_Barrier
State,rank-95,MPI_STATE,0.000412,0.000923,0.000511,0.000000,PMPI_Scatter
State,rank-95,MPI_STATE,0.000929,0.000938,0.000009,0.000000,PMPI_Sendrecv
State,rank-95,MPI_STATE,0.000940,0.000956,0.000016,0.000000,PMPI_Sendrecv
State,rank-95,MPI_STATE,0.000959,0.000985,0.000026,0.000000,PMPI_Sendrecv
State,rank-95,MPI_STATE,0.000987,0.001036,0.000049,0.000000,PMPI_Sendrecv
State,rank-95,MPI_STATE,0.001037,0.002539,0.001502,0.000000,PMPI_Sendrecv
State,rank-95,MPI_STATE,0.002541,0.005539,0.002998,0.000000,PMPI_Sendrecv
State,rank-95,MPI_STATE,0.005541,0.011533,0.005992,0.000000,PMPI_Sendrecv
State,rank-95,MPI_STATE,0.014677,0.014677,0.000000,0.000000,PMPI_Reduce
State,rank-95,MPI_STATE,0.014680,0.014680,0.000000,0.000000,PMPI_Reduce
State,rank-95,MPI_STATE,0.014682,0.014950,0.000268,0.000000,PMPI_Barrier
State,rank-95,MPI_STATE,0.014952,0.014952,0.000000,0.000000,PMPI_Finalize
State,rank-94,MPI_STATE,0.000000,0.000000,0.000000,0.000000,PMPI_Init
State,rank-94,MPI_STATE,0.000038,0.000408,0.000370,0.000000,PMPI_Barrier
State,rank-94,MPI_STATE,0.000412,0.000923,0.000511,0.000000,PMPI_Scatter
State,rank-94,MPI_STATE,0.000930,0.000938,0.000008,0.000000,PMPI_Sendrecv
State,rank-94,MPI_STATE,0.000939,0.000956,0.000017,0.000000,PMPI_Sendrecv
State,rank-94,MPI_STATE,0.000958,0.000984,0.000026,0.000000,PMPI_Sendrecv
State,rank-94,MPI_STATE,0.000985,0.001037,0.000052,0.000000,PMPI_Sendrecv
State,rank-94,MPI_STATE,0.001039,0.002540,0.001501,0.000000,PMPI_Sendrecv
State,rank-94,MPI_STATE,0.002542,0.005542,0.003000,0.000000,PMPI_Sendrecv
State,rank-94,MPI_STATE,0.005544,0.011533,0.005989,0.000000,PMPI_Sendrecv
State,rank-94,MPI_STATE,0.014724,0.014724,0.000000,0.000000,PMPI_Reduce
State,rank-94,MPI_STATE,0.014727,0.014727,0.000000,0.000000,PMPI_Reduce
State,rank-94,MPI_STATE,0.014729,0.014950,0.000221,0.000000,PMPI_Barrier
State,rank-94,MPI_STATE,0.014951,0.014951,0.000000,0.000000,PMPI_Finalize
State,rank-93,MPI_STATE,0.000000,0.000000,0.000000,0.000000,PMPI_Init
State,rank-93,MPI_STATE,0.000034,0.000408,0.000374,0.000000,PMPI_Barrier
State,rank-93,MPI_STATE,0.000409,0.000923,0.000514,0.000000,PMPI_Scatter
State,rank-93,MPI_STATE,0.000932,0.000940,0.000008,0.000000,PMPI_Sendrecv
State,rank-93,MPI_STATE,0.000942,0.000956,0.000014,0.000000,PMPI_Sendrecv
State,rank-93,MPI_STATE,0.000958,0.000984,0.000026,0.000000,PMPI_Sendrecv
State,rank-93,MPI_STATE,0.000985,0.001035,0.000050,0.000000,PMPI_Sendrecv
State,rank-93,MPI_STATE,0.001037,0.002539,0.001502,0.000000,PMPI_Sendrecv
State,rank-93,MPI_STATE,0.002541,0.005541,0.003000,0.000000,PMPI_Sendrecv
State,rank-93,MPI_STATE,0.005543,0.011533,0.005990,0.000000,PMPI_Sendrecv
State,rank-93,MPI_STATE,0.014679,0.014679,0.000000,0.000000,PMPI_Reduce
State,rank-93,MPI_STATE,0.014681,0.014681,0.000000,0.000000,PMPI_Reduce
State,rank-93,MPI_STATE,0.014683,0.014950,0.000267,0.000000,PMPI_Barrier
State,rank-93,MPI_STATE,0.014953,0.014953,0.000000,0.000000,PMPI_Finalize
State,rank-92,MPI_STATE,0.000000,0.000000,0.000000,0.000000,PMPI_Init
State,rank-92,MPI_STATE,0.000034,0.000408,0.000374,0.000000,PMPI_Barrier
State,rank-92,MPI_STATE,0.000412,0.000923,0.000511,0.000000,PMPI_Scatter
State,rank-92,MPI_STATE,0.000929,0.000940,0.000011,0.000000,PMPI_Sendrecv
State,rank-92,MPI_STATE,0.000942,0.000956,0.000014,0.000000,PMPI_Sendrecv
State,rank-92,MPI_STATE,0.000959,0.000985,0.000026,0.000000,PMPI_Sendrecv
State,rank-92,MPI_STATE,0.000986,0.001036,0.000050,0.000000,PMPI_Sendrecv
State,rank-92,MPI_STATE,0.001039,0.002540,0.001501,0.000000,PMPI_Sendrecv
State,rank-92,MPI_STATE,0.002542,0.005542,0.003000,0.000000,PMPI_Sendrecv
State,rank-92,MPI_STATE,0.005544,0.011534,0.005990,0.000000,PMPI_Sendrecv
State,rank-92,MPI_STATE,0.014744,0.014744,0.000000,0.000000,PMPI_Reduce
State,rank-92,MPI_STATE,0.014746,0.014746,0.000000,0.000000,PMPI_Reduce
State,rank-92,MPI_STATE,0.014747,0.014950,0.000203,0.000000,PMPI_Barrier
State,rank-92,MPI_STATE,0.014952,0.014952,0.000000,0.000000,PMPI_Finalize
State,rank-91,MPI_STATE,0.000000,0.000000,0.000000,0.000000,PMPI_Init
State,rank-91,MPI_STATE,0.000034,0.000408,0.000374,0.000000,PMPI_Barrier
State,rank-91,MPI_STATE,0.000412,0.000923,0.000511,0.000000,PMPI_Scatter
State,rank-91,MPI_STATE,0.000932,0.000940,0.000008,0.000000,PMPI_Sendrecv
State,rank-91,MPI_STATE,0.000941,0.000955,0.000014,0.000000,PMPI_Sendrecv
State,rank-91,MPI_STATE,0.000956,0.000985,0.000029,0.000000,PMPI_Sendrecv
State,rank-91,MPI_STATE,0.000987,0.001036,0.000049,0.000000,PMPI_Sendrecv
State,rank-91,MPI_STATE,0.001038,0.002539,0.001501,0.000000,PMPI_Sendrecv
State,rank-91,MPI_STATE,0.002541,0.005539,0.002998,0.000000,PMPI_Sendrecv
State,rank-91,MPI_STATE,0.005541,0.011532,0.005991,0.000000,PMPI_Sendrecv
State,rank-91,MPI_STATE,0.014681,0.014681,0.000000,0.000000,PMPI_Reduce
State,rank-91,MPI_STATE,0.014684,0.014684,0.000000,0.000000,PMPI_Reduce
State,rank-91,MPI_STATE,0.014686,0.014950,0.000264,0.000000,PMPI_Barrier
State,rank-91,MPI_STATE,0.014952,0.014952,0.000000,0.000000,PMPI_Finalize
State,rank-90,MPI_STATE,0.000000,0.000000,0.000000,0.000000,PMPI_Init
State,rank-90,MPI_STATE,0.000035,0.000408,0.000373,0.000000,PMPI_Barrier
State,rank-90,MPI_STATE,0.000412,0.000923,0.000511,0.000000,PMPI_Scatter
State,rank-90,MPI_STATE,0.000930,0.000940,0.000010,0.000000,PMPI_Sendrecv
State,rank-90,MPI_STATE,0.000942,0.000956,0.000014,0.000000,PMPI_Sendrecv
State,rank-90,MPI_STATE,0.000958,0.000984,0.000026,0.000000,PMPI_Sendrecv
State,rank-90,MPI_STATE,0.000986,0.001038,0.000052,0.000000,PMPI_Sendrecv
State,rank-90,MPI_STATE,0.001040,0.002540,0.001500,0.000000,PMPI_Sendrecv
State,rank-90,MPI_STATE,0.002541,0.005541,0.003000,0.000000,PMPI_Sendrecv
State,rank-90,MPI_STATE,0.005543,0.011533,0.005990,0.000000,PMPI_Sendrecv
State,rank-90,MPI_STATE,0.014665,0.014665,0.000000,0.000000,PMPI_Reduce
State,rank-90,MPI_STATE,0.014667,0.014667,0.000000,0.000000,PMPI_Reduce
State,rank-90,MPI_STATE,0.014670,0.014950,0.000280,0.000000,PMPI_Barrier
State,rank-90,MPI_STATE,0.014952,0.014952,0.000000,0.000000,PMPI_Finalize
State,rank-89,MPI_STATE,0.000000,0.000000,0.000000,0.000000,PMPI_Init
State,rank-89,MPI_STATE,0.000036,0.000408,0.000372,0.000000,PMPI_Barrier
State,rank-89,MPI_STATE,0.000412,0.000923,0.000511,0.000000,PMPI_Scatter
State,rank-89,MPI_STATE,0.000930,0.000938,0.000008,0.000000,PMPI_Sendrecv
State,rank-89,MPI_STATE,0.000940,0.000955,0.000015,0.000000,PMPI_Sendrecv
State,rank-89,MPI_STATE,0.000957,0.000984,0.000027,0.000000,PMPI_Sendrecv
State,rank-89,MPI_STATE,0.000986,0.001035,0.000049,0.000000,PMPI_Sendrecv
State,rank-89,MPI_STATE,0.001036,0.002540,0.001504,0.000000,PMPI_Sendrecv
State,rank-89,MPI_STATE,0.002541,0.005538,0.002997,0.000000,PMPI_Sendrecv
State,rank-89,MPI_STATE,0.005539,0.011509,0.005970,0.000000,PMPI_Sendrecv
State,rank-89,MPI_STATE,0.014553,0.014553,0.000000,0.000000,PMPI_Reduce
State,rank-89,MPI_STATE,0.014555,0.014555,0.000000,0.000000,PMPI_Reduce
State,rank-89,MPI_STATE,0.014556,0.014950,0.000394,0.000000,PMPI_Barrier
State,rank-89,MPI_STATE,0.014952,0.014952,0.000000,0.000000,PMPI_Finalize
State,rank-8,MPI_STATE,0.000000,0.000000,0.000000,0.000000,PMPI_Init
State,rank-8,MPI_STATE,0.000043,0.000407,0.000364,0.000000,PMPI_Barrier
State,rank-8,MPI_STATE,0.000411,0.000692,0.000281,0.000000,PMPI_Scatter
State,rank-8,MPI_STATE,0.000699,0.000708,0.000009,0.000000,PMPI_Sendrecv
State,rank-8,MPI_STATE,0.000709,0.000723,0.000014,0.000000,PMPI_Sendrecv
State,rank-8,MPI_STATE,0.000725,0.000756,0.000031,0.000000,PMPI_Sendrecv
State,rank-8,MPI_STATE,0.000758,0.001018,0.000260,0.000000,PMPI_Sendrecv
State,rank-8,MPI_STATE,0.001020,0.002538,0.001518,0.000000,PMPI_Sendrecv
State,rank-8,MPI_STATE,0.002541,0.005541,0.003000,0.000000,PMPI_Sendrecv
State,rank-8,MPI_STATE,0.005543,0.011536,0.005993,0.000000,PMPI_Sendrecv
State,rank-8,MPI_STATE,0.014745,0.014745,0.000000,0.000000,PMPI_Reduce
State,rank-8,MPI_STATE,0.014747,0.014747,0.000000,0.000000,PMPI_Reduce
State,rank-8,MPI_STATE,0.014749,0.014950,0.000201,0.000000,PMPI_Barrier
State,rank-8,MPI_STATE,0.014952,0.014952,0.000000,0.000000,PMPI_Finalize
State,rank-88,MPI_STATE,0.000000,0.000000,0.000000,0.000000,PMPI_Init
State,rank-88,MPI_STATE,0.000036,0.000408,0.000372,0.000000,PMPI_Barrier
State,rank-88,MPI_STATE,0.000412,0.000923,0.000511,0.000000,PMPI_Scatter
State,rank-88,MPI_STATE,0.000929,0.000938,0.000009,0.000000,PMPI_Sendrecv
State,rank-88,MPI_STATE,0.000939,0.000956,0.000017,0.000000,PMPI_Sendrecv
State,rank-88,MPI_STATE,0.000957,0.000985,0.000028,0.000000,PMPI_Sendrecv
State,rank-88,MPI_STATE,0.000987,0.001037,0.000050,0.000000,PMPI_Sendrecv
State,rank-88,MPI_STATE,0.001039,0.002540,0.001501,0.000000,PMPI_Sendrecv
State,rank-88,MPI_STATE,0.002542,0.005542,0.003000,0.000000,PMPI_Sendrecv
State,rank-88,MPI_STATE,0.005544,0.011534,0.005990,0.000000,PMPI_Sendrecv
State,rank-88,MPI_STATE,0.014790,0.014790,0.000000,0.000000,PMPI_Reduce
State,rank-88,MPI_STATE,0.014793,0.014793,0.000000,0.000000,PMPI_Reduce
State,rank-88,MPI_STATE,0.014796,0.014950,0.000154,0.000000,PMPI_Barrier
State,rank-88,MPI_STATE,0.014952,0.014952,0.000000,0.000000,PMPI_Finalize
State,rank-87,MPI_STATE,0.000000,0.000000,0.000000,0.000000,PMPI_Init
State,rank-87,MPI_STATE,0.000049,0.000408,0.000359,0.000000,PMPI_Barrier
State,rank-87,MPI_STATE,0.000412,0.000923,0.000511,0.000000,PMPI_Scatter
State,rank-87,MPI_STATE,0.000933,0.000941,0.000008,0.000000,PMPI_Sendrecv
State,rank-87,MPI_STATE,0.000943,0.000957,0.000014,0.000000,PMPI_Sendrecv
State,rank-87,MPI_STATE,0.000959,0.000985,0.000026,0.000000,PMPI_Sendrecv
State,rank-87,MPI_STATE,0.000986,0.001036,0.000050,0.000000,PMPI_Sendrecv
State,rank-87,MPI_STATE,0.001038,0.002539,0.001501,0.000000,PMPI_Sendrecv
State,rank-87,MPI_STATE,0.002541,0.005539,0.002998,0.000000,PMPI_Sendrecv
State,rank-87,MPI_STATE,0.005539,0.011533,0.005994,0.000000,PMPI_Sendrecv
State,rank-87,MPI_STATE,0.014689,0.014689,0.000000,0.000000,PMPI_Reduce
State,rank-87,MPI_STATE,0.014692,0.014692,0.000000,0.000000,PMPI_Reduce
State,rank-87,MPI_STATE,0.014693,0.014950,0.000257,0.000000,PMPI_Barrier
State,rank-87,MPI_STATE,0.014952,0.014952,0.000000,0.000000,PMPI_Finalize
State,rank-86,MPI_STATE,0.000000,0.000000,0.000000,0.000000,PMPI_Init
State,rank-86,MPI_STATE,0.000034,0.000408,0.000374,0.000000,PMPI_Barrier
State,rank-86,MPI_STATE,0.000413,0.000923,0.000510,0.000000,PMPI_Scatter
State,rank-86,MPI_STATE,0.000929,0.000941,0.000012,0.000000,PMPI_Sendrecv
State,rank-86,MPI_STATE,0.000943,0.000958,0.000015,0.000000,PMPI_Sendrecv
State,rank-86,MPI_STATE,0.000960,0.000986,0.000026,0.000000,PMPI_Sendrecv
State,rank-86,MPI_STATE,0.000988,0.001037,0.000049,0.000000,PMPI_Sendrecv
State,rank-86,MPI_STATE,0.001038,0.002540,0.001502,0.000000,PMPI_Sendrecv
State,rank-86,MPI_STATE,0.002542,0.005542,0.003000,0.000000,PMPI_Sendrecv
State,rank-86,MPI_STATE,0.005544,0.011534,0.005990,0.000000,PMPI_Sendrecv
State,rank-86,MPI_STATE,0.014777,0.014777,0.000000,0.000000,PMPI_Reduce
State,rank-86,MPI_STATE,0.014780,0.014780,0.000000,0.000000,PMPI_Reduce
State,rank-86,MPI_STATE,0.014782,0.014950,0.000168,0.000000,PMPI_Barrier
State,rank-86,MPI_STATE,0.014952,0.014952,0.000000,0.000000,PMPI_Finalize
State,rank-85,MPI_STATE,0.000000,0.000000,0.000000,0.000000,PMPI_Init
State,rank-85,MPI_STATE,0.000041,0.000408,0.000367,0.000000,PMPI_Barrier
State,rank-85,MPI_STATE,0.000412,0.000923,0.000511,0.000000,PMPI_Scatter
State,rank-85,MPI_STATE,0.000931,0.000942,0.000011,0.000000,PMPI_Sendrecv
State,rank-85,MPI_STATE,0.000943,0.000957,0.000014,0.000000,PMPI_Sendrecv
State,rank-85,MPI_STATE,0.000958,0.000984,0.000026,0.000000,PMPI_Sendrecv
State,rank-85,MPI_STATE,0.000986,0.001035,0.000049,0.000000,PMPI_Sendrecv
State,rank-85,MPI_STATE,0.001037,0.002539,0.001502,0.000000,PMPI_Sendrecv
State,rank-85,MPI_STATE,0.002541,0.005540,0.002999,0.000000,PMPI_Sendrecv
State,rank-85,MPI_STATE,0.005542,0.011532,0.005990,0.000000,PMPI_Sendrecv
State,rank-85,MPI_STATE,0.014747,0.014747,0.000000,0.000000,PMPI_Reduce
State,rank-85,MPI_STATE,0.014749,0.014749,0.000000,0.000000,PMPI_Reduce
State,rank-85,MPI_STATE,0.014750,0.014950,0.000200,0.000000,PMPI_Barrier
State,rank-85,MPI_STATE,0.014952,0.014952,0.000000,0.000000,PMPI_Finalize
State,rank-84,MPI_STATE,0.000000,0.000000,0.000000,0.000000,PMPI_Init
State,rank-84,MPI_STATE,0.000034,0.000408,0.000374,0.000000,PMPI_Barrier
State,rank-84,MPI_STATE,0.000412,0.000923,0.000511,0.000000,PMPI_Scatter
State,rank-84,MPI_STATE,0.000934,0.000942,0.000008,0.000000,PMPI_Sendrecv
State,rank-84,MPI_STATE,0.000944,0.000958,0.000014,0.000000,PMPI_Sendrecv
State,rank-84,MPI_STATE,0.000960,0.000986,0.000026,0.000000,PMPI_Sendrecv
State,rank-84,MPI_STATE,0.000987,0.001036,0.000049,0.000000,PMPI_Sendrecv
State,rank-84,MPI_STATE,0.001038,0.002539,0.001501,0.000000,PMPI_Sendrecv
State,rank-84,MPI_STATE,0.002541,0.005541,0.003000,0.000000,PMPI_Sendrecv
State,rank-84,MPI_STATE,0.005543,0.011533,0.005990,0.000000,PMPI_Sendrecv
State,rank-84,MPI_STATE,0.014670,0.014670,0.000000,0.000000,PMPI_Reduce
State,rank-84,MPI_STATE,0.014673,0.014673,0.000000,0.000000,PMPI_Reduce
State,rank-84,MPI_STATE,0.014675,0.014950,0.000275,0.000000,PMPI_Barrier
State,rank-84,MPI_STATE,0.014952,0.014952,0.000000,0.000000,PMPI_Finalize
State,rank-83,MPI_STATE,0.000000,0.000000,0.000000,0.000000,PMPI_Init
State,rank-83,MPI_STATE,0.000059,0.000408,0.000349,0.000000,PMPI_Barrier
State,rank-83,MPI_STATE,0.000412,0.000923,0.000511,0.000000,PMPI_Scatter
State,rank-83,MPI_STATE,0.000930,0.000938,0.000008,0.000000,PMPI_Sendrecv
State,rank-83,MPI_STATE,0.000940,0.000954,0.000014,0.000000,PMPI_Sendrecv
State,rank-83,MPI_STATE,0.000956,0.000985,0.000029,0.000000,PMPI_Sendrecv
State,rank-83,MPI_STATE,0.000986,0.001036,0.000050,0.000000,PMPI_Sendrecv
State,rank-83,MPI_STATE,0.001037,0.002524,0.001487,0.000000,PMPI_Sendrecv
State,rank-83,MPI_STATE,0.002526,0.005538,0.003012,0.000000,PMPI_Sendrecv
State,rank-83,MPI_STATE,0.005540,0.011528,0.005988,0.000000,PMPI_Sendrecv
State,rank-83,MPI_STATE,0.014614,0.014614,0.000000,0.000000,PMPI_Reduce
State,rank-83,MPI_STATE,0.014616,0.014616,0.000000,0.000000,PMPI_Reduce
State,rank-83,MPI_STATE,0.014619,0.014950,0.000331,0.000000,PMPI_Barrier
State,rank-83,MPI_STATE,0.014952,0.014952,0.000000,0.000000,PMPI_Finalize
State,rank-82,MPI_STATE,0.000000,0.000000,0.000000,0.000000,PMPI_Init
State,rank-82,MPI_STATE,0.000042,0.000408,0.000366,0.000000,PMPI_Barrier
State,rank-82,MPI_STATE,0.000412,0.000923,0.000511,0.000000,PMPI_Scatter
State,rank-82,MPI_STATE,0.000929,0.000938,0.000009,0.000000,PMPI_Sendrecv
State,rank-82,MPI_STATE,0.000939,0.000953,0.000014,0.000000,PMPI_Sendrecv
State,rank-82,MPI_STATE,0.000955,0.000986,0.000031,0.000000,PMPI_Sendrecv
State,rank-82,MPI_STATE,0.000989,0.001038,0.000049,0.000000,PMPI_Sendrecv
State,rank-82,MPI_STATE,0.001040,0.002540,0.001500,0.000000,PMPI_Sendrecv
State,rank-82,MPI_STATE,0.002541,0.005542,0.003001,0.000000,PMPI_Sendrecv
State,rank-82,MPI_STATE,0.005546,0.011534,0.005988,0.000000,PMPI_Sendrecv
State,rank-82,MPI_STATE,0.014781,0.014781,0.000000,0.000000,PMPI_Reduce
State,rank-82,MPI_STATE,0.014782,0.014782,0.000000,0.000000,PMPI_Reduce
State,rank-82,MPI_STATE,0.014784,0.014950,0.000166,0.000000,PMPI_Barrier
State,rank-82,MPI_STATE,0.014952,0.014952,0.000000,0.000000,PMPI_Finalize
State,rank-81,MPI_STATE,0.000000,0.000000,0.000000,0.000000,PMPI_Init
State,rank-81,MPI_STATE,0.000038,0.000408,0.000370,0.000000,PMPI_Barrier
State,rank-81,MPI_STATE,0.000412,0.000923,0.000511,0.000000,PMPI_Scatter
State,rank-81,MPI_STATE,0.000929,0.000937,0.000008,0.000000,PMPI_Sendrecv
State,rank-81,MPI_STATE,0.000938,0.000954,0.000016,0.000000,PMPI_Sendrecv
State,rank-81,MPI_STATE,0.000956,0.000984,0.000028,0.000000,PMPI_Sendrecv
State,rank-81,MPI_STATE,0.000986,0.001035,0.000049,0.000000,PMPI_Sendrecv
State,rank-81,MPI_STATE,0.001037,0.002539,0.001502,0.000000,PMPI_Sendrecv
State,rank-81,MPI_STATE,0.002540,0.005526,0.002986,0.000000,PMPI_Sendrecv
State,rank-81,MPI_STATE,0.005527,0.011473,0.005946,0.000000,PMPI_Sendrecv
State,rank-81,MPI_STATE,0.014477,0.014477,0.000000,0.000000,PMPI_Reduce
State,rank-81,MPI_STATE,0.014480,0.014480,0.000000,0.000000,PMPI_Reduce
State,rank-81,MPI_STATE,0.014481,0.014950,0.000469,0.000000,PMPI_Barrier
State,rank-81,MPI_STATE,0.014952,0.014952,0.000000,0.000000,PMPI_Finalize
State,rank-80,MPI_STATE,0.000000,0.000000,0.000000,0.000000,PMPI_Init
State,rank-80,MPI_STATE,0.000039,0.000408,0.000369,0.000000,PMPI_Barrier
State,rank-80,MPI_STATE,0.000412,0.000923,0.000511,0.000000,PMPI_Scatter
State,rank-80,MPI_STATE,0.000929,0.000937,0.000008,0.000000,PMPI_Sendrecv
State,rank-80,MPI_STATE,0.000938,0.000953,0.000015,0.000000,PMPI_Sendrecv
State,rank-80,MPI_STATE,0.000956,0.000986,0.000030,0.000000,PMPI_Sendrecv
State,rank-80,MPI_STATE,0.000988,0.001037,0.000049,0.000000,PMPI_Sendrecv
State,rank-80,MPI_STATE,0.001038,0.002539,0.001501,0.000000,PMPI_Sendrecv
State,rank-80,MPI_STATE,0.002540,0.005542,0.003002,0.000000,PMPI_Sendrecv
State,rank-80,MPI_STATE,0.005544,0.011533,0.005989,0.000000,PMPI_Sendrecv
State,rank-80,MPI_STATE,0.014809,0.014809,0.000000,0.000000,PMPI_Reduce
State,rank-80,MPI_STATE,0.014812,0.014812,0.000000,0.000000,PMPI_Reduce
State,rank-80,MPI_STATE,0.014814,0.014950,0.000136,0.000000,PMPI_Barrier
State,rank-80,MPI_STATE,0.014952,0.014952,0.000000,0.000000,PMPI_Finalize
State,rank-79,MPI_STATE,0.000000,0.000000,0.000000,0.000000,PMPI_Init
State,rank-79,MPI_STATE,0.000046,0.000408,0.000362,0.000000,PMPI_Barrier
State,rank-79,MPI_STATE,0.000411,0.000923,0.000512,0.000000,PMPI_Scatter
State,rank-79,MPI_STATE,0.000929,0.000938,0.000009,0.000000,PMPI_Sendrecv
State,rank-79,MPI_STATE,0.000939,0.000958,0.000019,0.000000,PMPI_Sendrecv
State,rank-79,MPI_STATE,0.000960,0.000986,0.000026,0.000000,PMPI_Sendrecv
State,rank-79,MPI_STATE,0.000987,0.001036,0.000049,0.000000,PMPI_Sendrecv
State,rank-79,MPI_STATE,0.001038,0.002539,0.001501,0.000000,PMPI_Sendrecv
State,rank-79,MPI_STATE,0.002540,0.005521,0.002981,0.000000,PMPI_Sendrecv
State,rank-79,MPI_STATE,0.005523,0.011535,0.006012,0.000000,PMPI_Sendrecv
State,rank-79,MPI_STATE,0.014737,0.014737,0.000000,0.000000,PMPI_Reduce
State,rank-79,MPI_STATE,0.014740,0.014740,0.000000,0.000000,PMPI_Reduce
State,rank-79,MPI_STATE,0.014742,0.014950,0.000208,0.000000,PMPI_Barrier
State,rank-79,MPI_STATE,0.014952,0.014952,0.000000,0.000000,PMPI_Finalize
State,rank-7,MPI_STATE,0.000000,0.000000,0.000000,0.000000,PMPI_Init
State,rank-7,MPI_STATE,0.000042,0.000407,0.000365,0.000000,PMPI_Barrier
State,rank-7,MPI_STATE,0.000411,0.000692,0.000281,0.000000,PMPI_Scatter
State,rank-7,MPI_STATE,0.000701,0.000710,0.000009,0.000000,PMPI_Sendrecv
State,rank-7,MPI_STATE,0.000711,0.000725,0.000014,0.000000,PMPI_Sendrecv
State,rank-7,MPI_STATE,0.000727,0.000969,0.000242,0.000000,PMPI_Sendrecv
State,rank-7,MPI_STATE,0.000972,0.001021,0.000049,0.000000,PMPI_Sendrecv
State,rank-7,MPI_STATE,0.001023,0.002536,0.001513,0.000000,PMPI_Sendrecv
State,rank-7,MPI_STATE,0.002538,0.005541,0.003003,0.000000,PMPI_Sendrecv
State,rank-7,MPI_STATE,0.005543,0.011535,0.005992,0.000000,PMPI_Sendrecv
State,rank-7,MPI_STATE,0.014758,0.014758,0.000000,0.000000,PMPI_Reduce
State,rank-7,MPI_STATE,0.014760,0.014760,0.000000,0.000000,PMPI_Reduce
State,rank-7,MPI_STATE,0.014763,0.014950,0.000187,0.000000,PMPI_Barrier
State,rank-7,MPI_STATE,0.014953,0.014953,0.000000,0.000000,PMPI_Finalize
State,rank-78,MPI_STATE,0.000000,0.000000,0.000000,0.000000,PMPI_Init
State,rank-78,MPI_STATE,0.000038,0.000408,0.000370,0.000000,PMPI_Barrier
State,rank-78,MPI_STATE,0.000412,0.000923,0.000511,0.000000,PMPI_Scatter
State,rank-78,MPI_STATE,0.000930,0.000938,0.000008,0.000000,PMPI_Sendrecv
State,rank-78,MPI_STATE,0.000940,0.000958,0.000018,0.000000,PMPI_Sendrecv
State,rank-78,MPI_STATE,0.000960,0.000986,0.000026,0.000000,PMPI_Sendrecv
State,rank-78,MPI_STATE,0.000988,0.001037,0.000049,0.000000,PMPI_Sendrecv
State,rank-78,MPI_STATE,0.001038,0.002540,0.001502,0.000000,PMPI_Sendrecv
State,rank-78,MPI_STATE,0.002541,0.005541,0.003000,0.000000,PMPI_Sendrecv
State,rank-78,MPI_STATE,0.005543,0.011535,0.005992,0.000000,PMPI_Sendrecv
State,rank-78,MPI_STATE,0.014743,0.014743,0.000000,0.000000,PMPI_Reduce
State,rank-78,MPI_STATE,0.014745,0.014745,0.000000,0.000000,PMPI_Reduce
State,rank-78,MPI_STATE,0.014747,0.014950,0.000203,0.000000,PMPI_Barrier
State,rank-78,MPI_STATE,0.014952,0.014952,0.000000,0.000000,PMPI_Finalize
State,rank-77,MPI_STATE,0.000000,0.000000,0.000000,0.000000,PMPI_Init
State,rank-77,MPI_STATE,0.000038,0.000408,0.000370,0.000000,PMPI_Barrier
State,rank-77,MPI_STATE,0.000413,0.000923,0.000510,0.000000,PMPI_Scatter
State,rank-77,MPI_STATE,0.000934,0.000942,0.000008,0.000000,PMPI_Sendrecv
State,rank-77,MPI_STATE,0.000944,0.000958,0.000014,0.000000,PMPI_Sendrecv
State,rank-77,MPI_STATE,0.000960,0.000986,0.000026,0.000000,PMPI_Sendrecv
State,rank-77,MPI_STATE,0.000987,0.001036,0.000049,0.000000,PMPI_Sendrecv
State,rank-77,MPI_STATE,0.001038,0.002539,0.001501,0.000000,PMPI_Sendrecv
State,rank-77,MPI_STATE,0.002540,0.005540,0.003000,0.000000,PMPI_Sendrecv
State,rank-77,MPI_STATE,0.005543,0.011536,0.005993,0.000000,PMPI_Sendrecv
State,rank-77,MPI_STATE,0.014725,0.014725,0.000000,0.000000,PMPI_Reduce
State,rank-77,MPI_STATE,0.014727,0.014727,0.000000,0.000000,PMPI_Reduce
State,rank-77,MPI_STATE,0.014729,0.014950,0.000221,0.000000,PMPI_Barrier
State,rank-77,MPI_STATE,0.014952,0.014952,0.000000,0.000000,PMPI_Finalize
State,rank-76,MPI_STATE,0.000000,0.000000,0.000000,0.000000,PMPI_Init
State,rank-76,MPI_STATE,0.000039,0.000408,0.000369,0.000000,PMPI_Barrier
State,rank-76,MPI_STATE,0.000412,0.000923,0.000511,0.000000,PMPI_Scatter
State,rank-76,MPI_STATE,0.000928,0.000942,0.000014,0.000000,PMPI_Sendrecv
State,rank-76,MPI_STATE,0.000944,0.000958,0.000014,0.000000,PMPI_Sendrecv
State,rank-76,MPI_STATE,0.000959,0.000985,0.000026,0.000000,PMPI_Sendrecv
State,rank-76,MPI_STATE,0.000987,0.001036,0.000049,0.000000,PMPI_Sendrecv
State,rank-76,MPI_STATE,0.001038,0.002540,0.001502,0.000000,PMPI_Sendrecv
State,rank-76,MPI_STATE,0.002542,0.005541,0.002999,0.000000,PMPI_Sendrecv
State,rank-76,MPI_STATE,0.005544,0.011536,0.005992,0.000000,PMPI_Sendrecv
State,rank-76,MPI_STATE,0.014807,0.014807,0.000000,0.000000,PMPI_Reduce
State,rank-76,MPI_STATE,0.014809,0.014809,0.000000,0.000000,PMPI_Reduce
State,rank-76,MPI_STATE,0.014811,0.014950,0.000139,0.000000,PMPI_Barrier
State,rank-76,MPI_STATE,0.014952,0.014952,0.000000,0.000000,PMPI_Finalize
State,rank-75,MPI_STATE,0.000000,0.000000,0.000000,0.000000,PMPI_Init
State,rank-75,MPI_STATE,0.000039,0.000408,0.000369,0.000000,PMPI_Barrier
State,rank-75,MPI_STATE,0.000412,0.000923,0.000511,0.000000,PMPI_Scatter
State,rank-75,MPI_STATE,0.000930,0.000939,0.000009,0.000000,PMPI_Sendrecv
State,rank-75,MPI_STATE,0.000941,0.000955,0.000014,0.000000,PMPI_Sendrecv
State,rank-75,MPI_STATE,0.000957,0.000986,0.000029,0.000000,PMPI_Sendrecv
State,rank-75,MPI_STATE,0.000987,0.001036,0.000049,0.000000,PMPI_Sendrecv
State,rank-75,MPI_STATE,0.001038,0.002539,0.001501,0.000000,PMPI_Sendrecv
State,rank-75,MPI_STATE,0.002541,0.005536,0.002995,0.000000,PMPI_Sendrecv
State,rank-75,MPI_STATE,0.005537,0.011535,0.005998,0.000000,PMPI_Sendrecv
State,rank-75,MPI_STATE,0.014778,0.014778,0.000000,0.000000,PMPI_Reduce
State,rank-75,MPI_STATE,0.014780,0.014780,0.000000,0.000000,PMPI_Reduce
State,rank-75,MPI_STATE,0.014782,0.014950,0.000168,0.000000,PMPI_Barrier
State,rank-75,MPI_STATE,0.014952,0.014952,0.000000,0.000000,PMPI_Finalize
State,rank-74,MPI_STATE,0.000000,0.000000,0.000000,0.000000,PMPI_Init
State,rank-74,MPI_STATE,0.000039,0.000408,0.000369,0.000000,PMPI_Barrier
State,rank-74,MPI_STATE,0.000411,0.000923,0.000512,0.000000,PMPI_Scatter
State,rank-74,MPI_STATE,0.000931,0.000939,0.000008,0.000000,PMPI_Sendrecv
State,rank-74,MPI_STATE,0.000941,0.000955,0.000014,0.000000,PMPI_Sendrecv
State,rank-74,MPI_STATE,0.000956,0.000986,0.000030,0.000000,PMPI_Sendrecv
State,rank-74,MPI_STATE,0.000987,0.001036,0.000049,0.000000,PMPI_Sendrecv
State,rank-74,MPI_STATE,0.001037,0.002540,0.001503,0.000000,PMPI_Sendrecv
State,rank-74,MPI_STATE,0.002542,0.005540,0.002998,0.000000,PMPI_Sendrecv
State,rank-74,MPI_STATE,0.005541,0.011535,0.005994,0.000000,PMPI_Sendrecv
State,rank-74,MPI_STATE,0.014755,0.014755,0.000000,0.000000,PMPI_Reduce
State,rank-74,MPI_STATE,0.014757,0.014757,0.000000,0.000000,PMPI_Reduce
State,rank-74,MPI_STATE,0.014758,0.014950,0.000192,0.000000,PMPI_Barrier
State,rank-74,MPI_STATE,0.014952,0.014952,0.000000,0.000000,PMPI_Finalize
State,rank-73,MPI_STATE,0.000000,0.000000,0.000000,0.000000,PMPI_Init
State,rank-73,MPI_STATE,0.000038,0.000408,0.000370,0.000000,PMPI_Barrier
State,rank-73,MPI_STATE,0.000412,0.000923,0.000511,0.000000,PMPI_Scatter
State,rank-73,MPI_STATE,0.000928,0.000937,0.000009,0.000000,PMPI_Sendrecv
State,rank-73,MPI_STATE,0.000938,0.000955,0.000017,0.000000,PMPI_Sendrecv
State,rank-73,MPI_STATE,0.000956,0.000986,0.000030,0.000000,PMPI_Sendrecv
State,rank-73,MPI_STATE,0.000988,0.001037,0.000049,0.000000,PMPI_Sendrecv
State,rank-73,MPI_STATE,0.001039,0.002540,0.001501,0.000000,PMPI_Sendrecv
State,rank-73,MPI_STATE,0.002543,0.005541,0.002998,0.000000,PMPI_Sendrecv
State,rank-73,MPI_STATE,0.005543,0.011534,0.005991,0.000000,PMPI_Sendrecv
State,rank-73,MPI_STATE,0.014809,0.014809,0.000000,0.000000,PMPI_Reduce
State,rank-73,MPI_STATE,0.014811,0.014811,0.000000,0.000000,PMPI_Reduce
State,rank-73,MPI_STATE,0.014813,0.014950,0.000137,0.000000,PMPI_Barrier
State,rank-73,MPI_STATE,0.014952,0.014952,0.000000,0.000000,PMPI_Finalize
State,rank-72,MPI_STATE,0.000000,0.000000,0.000000,0.000000,PMPI_Init
State,rank-72,MPI_STATE,0.000038,0.000408,0.000370,0.000000,PMPI_Barrier
State,rank-72,MPI_STATE,0.000412,0.000923,0.000511,0.000000,PMPI_Scatter
State,rank-72,MPI_STATE,0.000929,0.000937,0.000008,0.000000,PMPI_Sendrecv
State,rank-72,MPI_STATE,0.000938,0.000955,0.000017,0.000000,PMPI_Sendrecv
State,rank-72,MPI_STATE,0.000956,0.000985,0.000029,0.000000,PMPI_Sendrecv
State,rank-72,MPI_STATE,0.000986,0.001035,0.000049,0.000000,PMPI_Sendrecv
State,rank-72,MPI_STATE,0.001036,0.002540,0.001504,0.000000,PMPI_Sendrecv
State,rank-72,MPI_STATE,0.002541,0.005541,0.003000,0.000000,PMPI_Sendrecv
State,rank-72,MPI_STATE,0.005544,0.011536,0.005992,0.000000,PMPI_Sendrecv
State,rank-72,MPI_STATE,0.014756,0.014756,0.000000,0.000000,PMPI_Reduce
State,rank-72,MPI_STATE,0.014758,0.014758,0.000000,0.000000,PMPI_Reduce
State,rank-72,MPI_STATE,0.014759,0.014950,0.000191,0.000000,PMPI_Barrier
State,rank-72,MPI_STATE,0.014952,0.014952,0.000000,0.000000,PMPI_Finalize
State,rank-71,MPI_STATE,0.000000,0.000000,0.000000,0.000000,PMPI_Init
State,rank-71,MPI_STATE,0.000037,0.000408,0.000371,0.000000,PMPI_Barrier
State,rank-71,MPI_STATE,0.000412,0.000923,0.000511,0.000000,PMPI_Scatter
State,rank-71,MPI_STATE,0.000932,0.000940,0.000008,0.000000,PMPI_Sendrecv
State,rank-71,MPI_STATE,0.000942,0.000956,0.000014,0.000000,PMPI_Sendrecv
State,rank-71,MPI_STATE,0.000958,0.000984,0.000026,0.000000,PMPI_Sendrecv
State,rank-71,MPI_STATE,0.000985,0.001036,0.000051,0.000000,PMPI_Sendrecv
State,rank-71,MPI_STATE,0.001037,0.002539,0.001502,0.000000,PMPI_Sendrecv
State,rank-71,MPI_STATE,0.002541,0.005536,0.002995,0.000000,PMPI_Sendrecv
State,rank-71,MPI_STATE,0.005538,0.011535,0.005997,0.000000,PMPI_Sendrecv
State,rank-71,MPI_STATE,0.014730,0.014730,0.000000,0.000000,PMPI_Reduce
State,rank-71,MPI_STATE,0.014733,0.014733,0.000000,0.000000,PMPI_Reduce
State,rank-71,MPI_STATE,0.014735,0.014950,0.000215,0.000000,PMPI_Barrier
State,rank-71,MPI_STATE,0.014952,0.014952,0.000000,0.000000,PMPI_Finalize
State,rank-70,MPI_STATE,0.000000,0.000000,0.000000,0.000000,PMPI_Init
State,rank-70,MPI_STATE,0.000038,0.000408,0.000370,0.000000,PMPI_Barrier
State,rank-70,MPI_STATE,0.000411,0.000923,0.000512,0.000000,PMPI_Scatter
State,rank-70,MPI_STATE,0.000932,0.000940,0.000008,0.000000,PMPI_Sendrecv
State,rank-70,MPI_STATE,0.000942,0.000956,0.000014,0.000000,PMPI_Sendrecv
State,rank-70,MPI_STATE,0.000958,0.000984,0.000026,0.000000,PMPI_Sendrecv
State,rank-70,MPI_STATE,0.000986,0.001037,0.000051,0.000000,PMPI_Sendrecv
State,rank-70,MPI_STATE,0.001039,0.002540,0.001501,0.000000,PMPI_Sendrecv
State,rank-70,MPI_STATE,0.002542,0.005541,0.002999,0.000000,PMPI_Sendrecv
State,rank-70,MPI_STATE,0.005543,0.011535,0.005992,0.000000,PMPI_Sendrecv
State,rank-70,MPI_STATE,0.014769,0.014769,0.000000,0.000000,PMPI_Reduce
State,rank-70,MPI_STATE,0.014771,0.014771,0.000000,0.000000,PMPI_Reduce
State,rank-70,MPI_STATE,0.014773,0.014950,0.000177,0.000000,PMPI_Barrier
State,rank-70,MPI_STATE,0.014952,0.014952,0.000000,0.000000,PMPI_Finalize
State,rank-69,MPI_STATE,0.000000,0.000000,0.000000,0.000000,PMPI_Init
State,rank-69,MPI_STATE,0.000038,0.000408,0.000370,0.000000,PMPI_Barrier
State,rank-69,MPI_STATE,0.000412,0.000923,0.000511,0.000000,PMPI_Scatter
State,rank-69,MPI_STATE,0.000932,0.000940,0.000008,0.000000,PMPI_Sendrecv
State,rank-69,MPI_STATE,0.000941,0.000956,0.000015,0.000000,PMPI_Sendrecv
State,rank-69,MPI_STATE,0.000958,0.000984,0.000026,0.000000,PMPI_Sendrecv
State,rank-69,MPI_STATE,0.000985,0.001036,0.000051,0.000000,PMPI_Sendrecv
State,rank-69,MPI_STATE,0.001038,0.002539,0.001501,0.000000,PMPI_Sendrecv
State,rank-69,MPI_STATE,0.002540,0.005540,0.003000,0.000000,PMPI_Sendrecv
State,rank-69,MPI_STATE,0.005542,0.011535,0.005993,0.000000,PMPI_Sendrecv
State,rank-69,MPI_STATE,0.014724,0.014724,0.000000,0.000000,PMPI_Reduce
State,rank-69,MPI_STATE,0.014726,0.014726,0.000000,0.000000,PMPI_Reduce
State,rank-69,MPI_STATE,0.014729,0.014950,0.000221,0.000000,PMPI_Barrier
State,rank-69,MPI_STATE,0.014952,0.014952,0.000000,0.000000,PMPI_Finalize
State,rank-6,MPI_STATE,0.000000,0.000000,0.000000,0.000000,PMPI_Init
State,rank-6,MPI_STATE,0.000047,0.000407,0.000360,0.000000,PMPI_Barrier
State,rank-6,MPI_STATE,0.000411,0.000692,0.000281,0.000000,PMPI_Scatter
State,rank-6,MPI_STATE,0.000697,0.000710,0.000013,0.000000,PMPI_Sendrecv
State,rank-6,MPI_STATE,0.000712,0.000726,0.000014,0.000000,PMPI_Sendrecv
State,rank-6,MPI_STATE,0.000727,0.000967,0.000240,0.000000,PMPI_Sendrecv
State,rank-6,MPI_STATE,0.000969,0.001018,0.000049,0.000000,PMPI_Sendrecv
State,rank-6,MPI_STATE,0.001020,0.002537,0.001517,0.000000,PMPI_Sendrecv
State,rank-6,MPI_STATE,0.002539,0.005541,0.003002,0.000000,PMPI_Sendrecv
State,rank-6,MPI_STATE,0.005543,0.011535,0.005992,0.000000,PMPI_Sendrecv
State,rank-6,MPI_STATE,0.014706,0.014706,0.000000,0.000000,PMPI_Reduce
State,rank-6,MPI_STATE,0.014708,0.014708,0.000000,0.000000,PMPI_Reduce
State,rank-6,MPI_STATE,0.014710,0.014950,0.000240,0.000000,PMPI_Barrier
State,rank-6,MPI_STATE,0.014952,0.014952,0.000000,0.000000,PMPI_Finalize
State,rank-68,MPI_STATE,0.000000,0.000000,0.000000,0.000000,PMPI_Init
State,rank-68,MPI_STATE,0.000037,0.000408,0.000371,0.000000,PMPI_Barrier
State,rank-68,MPI_STATE,0.000412,0.000923,0.000511,0.000000,PMPI_Scatter
State,rank-68,MPI_STATE,0.000930,0.000940,0.000010,0.000000,PMPI_Sendrecv
State,rank-68,MPI_STATE,0.000941,0.000956,0.000015,0.000000,PMPI_Sendrecv
State,rank-68,MPI_STATE,0.000958,0.000984,0.000026,0.000000,PMPI_Sendrecv
State,rank-68,MPI_STATE,0.000986,0.001036,0.000050,0.000000,PMPI_Sendrecv
State,rank-68,MPI_STATE,0.001037,0.002539,0.001502,0.000000,PMPI_Sendrecv
State,rank-68,MPI_STATE,0.002541,0.005541,0.003000,0.000000,PMPI_Sendrecv
State,rank-68,MPI_STATE,0.005544,0.011536,0.005992,0.000000,PMPI_Sendrecv
State,rank-68,MPI_STATE,0.014804,0.014804,0.000000,0.000000,PMPI_Reduce
State,rank-68,MPI_STATE,0.014807,0.014807,0.000000,0.000000,PMPI_Reduce
State,rank-68,MPI_STATE,0.014808,0.014950,0.000142,0.000000,PMPI_Barrier
State,rank-68,MPI_STATE,0.014952,0.014952,0.000000,0.000000,PMPI_Finalize
State,rank-67,MPI_STATE,0.000000,0.000000,0.000000,0.000000,PMPI_Init
State,rank-67,MPI_STATE,0.000037,0.000408,0.000371,0.000000,PMPI_Barrier
State,rank-67,MPI_STATE,0.000413,0.000923,0.000510,0.000000,PMPI_Scatter
State,rank-67,MPI_STATE,0.000931,0.000939,0.000008,0.000000,PMPI_Sendrecv
State,rank-67,MPI_STATE,0.000940,0.000954,0.000014,0.000000,PMPI_Sendrecv
State,rank-67,MPI_STATE,0.000956,0.000984,0.000028,0.000000,PMPI_Sendrecv
State,rank-67,MPI_STATE,0.000986,0.001036,0.000050,0.000000,PMPI_Sendrecv
State,rank-67,MPI_STATE,0.001037,0.002524,0.001487,0.000000,PMPI_Sendrecv
State,rank-67,MPI_STATE,0.002525,0.005539,0.003014,0.000000,PMPI_Sendrecv
State,rank-67,MPI_STATE,0.005541,0.011522,0.005981,0.000000,PMPI_Sendrecv
State,rank-67,MPI_STATE,0.014618,0.014618,0.000000,0.000000,PMPI_Reduce
State,rank-67,MPI_STATE,0.014620,0.014620,0.000000,0.000000,PMPI_Reduce
State,rank-67,MPI_STATE,0.014622,0.014950,0.000328,0.000000,PMPI_Barrier
State,rank-67,MPI_STATE,0.014952,0.014952,0.000000,0.000000,PMPI_Finalize
State,rank-66,MPI_STATE,0.000000,0.000000,0.000000,0.000000,PMPI_Init
State,rank-66,MPI_STATE,0.000038,0.000408,0.000370,0.000000,PMPI_Barrier
State,rank-66,MPI_STATE,0.000412,0.000923,0.000511,0.000000,PMPI_Scatter
State,rank-66,MPI_STATE,0.000929,0.000939,0.000010,0.000000,PMPI_Sendrecv
State,rank-66,MPI_STATE,0.000941,0.000955,0.000014,0.000000,PMPI_Sendrecv
State,rank-66,MPI_STATE,0.000956,0.000984,0.000028,0.000000,PMPI_Sendrecv
State,rank-66,MPI_STATE,0.000985,0.001036,0.000051,0.000000,PMPI_Sendrecv
State,rank-66,MPI_STATE,0.001038,0.002540,0.001502,0.000000,PMPI_Sendrecv
State,rank-66,MPI_STATE,0.002542,0.005541,0.002999,0.000000,PMPI_Sendrecv
State,rank-66,MPI_STATE,0.005543,0.011535,0.005992,0.000000,PMPI_Sendrecv
State,rank-66,MPI_STATE,0.014875,0.014875,0.000000,0.000000,PMPI_Reduce
State,rank-66,MPI_STATE,0.014876,0.014876,0.000000,0.000000,PMPI_Reduce
State,rank-66,MPI_STATE,0.014879,0.014950,0.000071,0.000000,PMPI_Barrier
State,rank-66,MPI_STATE,0.014952,0.014952,0.000000,0.000000,PMPI_Finalize
State,rank-65,MPI_STATE,0.000000,0.000000,0.000000,0.000000,PMPI_Init
State,rank-65,MPI_STATE,0.000036,0.000408,0.000372,0.000000,PMPI_Barrier
State,rank-65,MPI_STATE,0.000412,0.000923,0.000511,0.000000,PMPI_Scatter
State,rank-65,MPI_STATE,0.000930,0.000938,0.000008,0.000000,PMPI_Sendrecv
State,rank-65,MPI_STATE,0.000939,0.000954,0.000015,0.000000,PMPI_Sendrecv
State,rank-65,MPI_STATE,0.000956,0.000984,0.000028,0.000000,PMPI_Sendrecv
State,rank-65,MPI_STATE,0.000985,0.001037,0.000052,0.000000,PMPI_Sendrecv
State,rank-65,MPI_STATE,0.001038,0.002539,0.001501,0.000000,PMPI_Sendrecv
State,rank-65,MPI_STATE,0.002541,0.005536,0.002995,0.000000,PMPI_Sendrecv
State,rank-65,MPI_STATE,0.005538,0.011486,0.005948,0.000000,PMPI_Sendrecv
State,rank-65,MPI_STATE,0.014483,0.014483,0.000000,0.000000,PMPI_Reduce
State,rank-65,MPI_STATE,0.014486,0.014486,0.000000,0.000000,PMPI_Reduce
State,rank-65,MPI_STATE,0.014488,0.014950,0.000462,0.000000,PMPI_Barrier
State,rank-65,MPI_STATE,0.014952,0.014952,0.000000,0.000000,PMPI_Finalize
State,rank-64,MPI_STATE,0.000000,0.000000,0.000000,0.000000,PMPI_Init
State,rank-64,MPI_STATE,0.000039,0.000408,0.000369,0.000000,PMPI_Barrier
State,rank-64,MPI_STATE,0.000411,0.000923,0.000512,0.000000,PMPI_Scatter
State,rank-64,MPI_STATE,0.000930,0.000938,0.000008,0.000000,PMPI_Sendrecv
State,rank-64,MPI_STATE,0.000940,0.000955,0.000015,0.000000,PMPI_Sendrecv
State,rank-64,MPI_STATE,0.000957,0.000984,0.000027,0.000000,PMPI_Sendrecv
State,rank-64,MPI_STATE,0.000986,0.001035,0.000049,0.000000,PMPI_Sendrecv
State,rank-64,MPI_STATE,0.001037,0.002539,0.001502,0.000000,PMPI_Sendrecv
State,rank-64,MPI_STATE,0.002541,0.005541,0.003000,0.000000,PMPI_Sendrecv
State,rank-64,MPI_STATE,0.005543,0.011536,0.005993,0.000000,PMPI_Sendrecv
State,rank-64,MPI_STATE,0.014782,0.014782,0.000000,0.000000,PMPI_Reduce
State,rank-64,MPI_STATE,0.014785,0.014785,0.000000,0.000000,PMPI_Reduce
State,rank-64,MPI_STATE,0.014788,0.014950,0.000162,0.000000,PMPI_Barrier
State,rank-64,MPI_STATE,0.014951,0.014951,0.000000,0.000000,PMPI_Finalize
State,rank-63,MPI_STATE,0.000000,0.000000,0.000000,0.000000,PMPI_Init
State,rank-63,MPI_STATE,0.000036,0.000408,0.000372,0.000000,PMPI_Barrier
State,rank-63,MPI_STATE,0.000412,0.000923,0.000511,0.000000,PMPI_Scatter
State,rank-63,MPI_STATE,0.000929,0.000937,0.000008,0.000000,PMPI_Sendrecv
State,rank-63,MPI_STATE,0.000939,0.000958,0.000019,0.000000,PMPI_Sendrecv
State,rank-63,MPI_STATE,0.000960,0.000986,0.000026,0.000000,PMPI_Sendrecv
State,rank-63,MPI_STATE,0.000988,0.001038,0.000050,0.000000,PMPI_Sendrecv
State,rank-63,MPI_STATE,0.001040,0.002540,0.001500,0.000000,PMPI_Sendrecv
State,rank-63,MPI_STATE,0.002542,0.005541,0.002999,0.000000,PMPI_Sendrecv
State,rank-63,MPI_STATE,0.005543,0.011533,0.005990,0.000000,PMPI_Sendrecv
State,rank-63,MPI_STATE,0.014674,0.014674,0.000000,0.000000,PMPI_Reduce
State,rank-63,MPI_STATE,0.014679,0.014679,0.000000,0.000000,PMPI_Reduce
State,rank-63,MPI_STATE,0.014682,0.014950,0.000268,0.000000,PMPI_Barrier
State,rank-63,MPI_STATE,0.014952,0.014952,0.000000,0.000000,PMPI_Finalize
State,rank-62,MPI_STATE,0.000000,0.000000,0.000000,0.000000,PMPI_Init
State,rank-62,MPI_STATE,0.000038,0.000408,0.000370,0.000000,PMPI_Barrier
State,rank-62,MPI_STATE,0.000411,0.000923,0.000512,0.000000,PMPI_Scatter
State,rank-62,MPI_STATE,0.000928,0.000937,0.000009,0.000000,PMPI_Sendrecv
State,rank-62,MPI_STATE,0.000939,0.000959,0.000020,0.000000,PMPI_Sendrecv
State,rank-62,MPI_STATE,0.000961,0.000987,0.000026,0.000000,PMPI_Sendrecv
State,rank-62,MPI_STATE,0.000987,0.001038,0.000051,0.000000,PMPI_Sendrecv
State,rank-62,MPI_STATE,0.001039,0.002540,0.001501,0.000000,PMPI_Sendrecv
State,rank-62,MPI_STATE,0.002542,0.005541,0.002999,0.000000,PMPI_Sendrecv
State,rank-62,MPI_STATE,0.005543,0.011534,0.005991,0.000000,PMPI_Sendrecv
State,rank-62,MPI_STATE,0.014778,0.014778,0.000000,0.000000,PMPI_Reduce
State,rank-62,MPI_STATE,0.014780,0.014780,0.000000,0.000000,PMPI_Reduce
State,rank-62,MPI_STATE,0.014781,0.014950,0.000169,0.000000,PMPI_Barrier
State,rank-62,MPI_STATE,0.014952,0.014952,0.000000,0.000000,PMPI_Finalize
State,rank-61,MPI_STATE,0.000000,0.000000,0.000000,0.000000,PMPI_Init
State,rank-61,MPI_STATE,0.000038,0.000408,0.000370,0.000000,PMPI_Barrier
State,rank-61,MPI_STATE,0.000411,0.000923,0.000512,0.000000,PMPI_Scatter
State,rank-61,MPI_STATE,0.000935,0.000943,0.000008,0.000000,PMPI_Sendrecv
State,rank-61,MPI_STATE,0.000944,0.000958,0.000014,0.000000,PMPI_Sendrecv
State,rank-61,MPI_STATE,0.000959,0.000985,0.000026,0.000000,PMPI_Sendrecv
State,rank-61,MPI_STATE,0.000987,0.001037,0.000050,0.000000,PMPI_Sendrecv
State,rank-61,MPI_STATE,0.001039,0.002540,0.001501,0.000000,PMPI_Sendrecv
State,rank-61,MPI_STATE,0.002541,0.005540,0.002999,0.000000,PMPI_Sendrecv
State,rank-61,MPI_STATE,0.005542,0.011534,0.005992,0.000000,PMPI_Sendrecv
State,rank-61,MPI_STATE,0.014873,0.014873,0.000000,0.000000,PMPI_Reduce
State,rank-61,MPI_STATE,0.014875,0.014875,0.000000,0.000000,PMPI_Reduce
State,rank-61,MPI_STATE,0.014877,0.014950,0.000073,0.000000,PMPI_Barrier
State,rank-61,MPI_STATE,0.014951,0.014951,0.000000,0.000000,PMPI_Finalize
State,rank-60,MPI_STATE,0.000000,0.000000,0.000000,0.000000,PMPI_Init
State,rank-60,MPI_STATE,0.000037,0.000408,0.000371,0.000000,PMPI_Barrier
State,rank-60,MPI_STATE,0.000412,0.000923,0.000511,0.000000,PMPI_Scatter
State,rank-60,MPI_STATE,0.000929,0.000943,0.000014,0.000000,PMPI_Sendrecv
State,rank-60,MPI_STATE,0.000945,0.000959,0.000014,0.000000,PMPI_Sendrecv
State,rank-60,MPI_STATE,0.000960,0.000986,0.000026,0.000000,PMPI_Sendrecv
State,rank-60,MPI_STATE,0.000988,0.001037,0.000049,0.000000,PMPI_Sendrecv
State,rank-60,MPI_STATE,0.001039,0.002540,0.001501,0.000000,PMPI_Sendrecv
State,rank-60,MPI_STATE,0.002542,0.005541,0.002999,0.000000,PMPI_Sendrecv
State,rank-60,MPI_STATE,0.005543,0.011533,0.005990,0.000000,PMPI_Sendrecv
State,rank-60,MPI_STATE,0.014753,0.014753,0.000000,0.000000,PMPI_Reduce
State,rank-60,MPI_STATE,0.014755,0.014755,0.000000,0.000000,PMPI_Reduce
State,rank-60,MPI_STATE,0.014757,0.014950,0.000193,0.000000,PMPI_Barrier
State,rank-60,MPI_STATE,0.014951,0.014951,0.000000,0.000000,PMPI_Finalize
State,rank-59,MPI_STATE,0.000000,0.000000,0.000000,0.000000,PMPI_Init
State,rank-59,MPI_STATE,0.000042,0.000408,0.000366,0.000000,PMPI_Barrier
State,rank-59,MPI_STATE,0.000412,0.000923,0.000511,0.000000,PMPI_Scatter
State,rank-59,MPI_STATE,0.000930,0.000938,0.000008,0.000000,PMPI_Sendrecv
State,rank-59,MPI_STATE,0.000939,0.000955,0.000016,0.000000,PMPI_Sendrecv
State,rank-59,MPI_STATE,0.000957,0.000986,0.000029,0.000000,PMPI_Sendrecv
State,rank-59,MPI_STATE,0.000987,0.001038,0.000051,0.000000,PMPI_Sendrecv
State,rank-59,MPI_STATE,0.001039,0.002540,0.001501,0.000000,PMPI_Sendrecv
State,rank-59,MPI_STATE,0.002542,0.005541,0.002999,0.000000,PMPI_Sendrecv
State,rank-59,MPI_STATE,0.005543,0.011533,0.005990,0.000000,PMPI_Sendrecv
State,rank-59,MPI_STATE,0.014813,0.014813,0.000000,0.000000,PMPI_Reduce
State,rank-59,MPI_STATE,0.014815,0.014815,0.000000,0.000000,PMPI_Reduce
State,rank-59,MPI_STATE,0.014817,0.014950,0.000133,0.000000,PMPI_Barrier
State,rank-59,MPI_STATE,0.014952,0.014952,0.000000,0.000000,PMPI_Finalize
State,rank-5,MPI_STATE,0.000000,0.000000,0.000000,0.000000,PMPI_Init
State,rank-5,MPI_STATE,0.000044,0.000407,0.000363,0.000000,PMPI_Barrier
State,rank-5,MPI_STATE,0.000411,0.000692,0.000281,0.000000,PMPI_Scatter
State,rank-5,MPI_STATE,0.000699,0.000708,0.000009,0.000000,PMPI_Sendrecv
State,rank-5,MPI_STATE,0.000709,0.000725,0.000016,0.000000,PMPI_Sendrecv
State,rank-5,MPI_STATE,0.000726,0.000968,0.000242,0.000000,PMPI_Sendrecv
State,rank-5,MPI_STATE,0.000970,0.001019,0.000049,0.000000,PMPI_Sendrecv
State,rank-5,MPI_STATE,0.001021,0.002537,0.001516,0.000000,PMPI_Sendrecv
State,rank-5,MPI_STATE,0.002539,0.005541,0.003002,0.000000,PMPI_Sendrecv
State,rank-5,MPI_STATE,0.005543,0.011535,0.005992,0.000000,PMPI_Sendrecv
State,rank-5,MPI_STATE,0.014792,0.014792,0.000000,0.000000,PMPI_Reduce
State,rank-5,MPI_STATE,0.014794,0.014794,0.000000,0.000000,PMPI_Reduce
State,rank-5,MPI_STATE,0.014795,0.014950,0.000155,0.000000,PMPI_Barrier
State,rank-5,MPI_STATE,0.014952,0.014952,0.000000,0.000000,PMPI_Finalize
State,rank-58,MPI_STATE,0.000000,0.000000,0.000000,0.000000,PMPI_Init
State,rank-58,MPI_STATE,0.000046,0.000408,0.000362,0.000000,PMPI_Barrier
State,rank-58,MPI_STATE,0.000412,0.000923,0.000511,0.000000,PMPI_Scatter
State,rank-58,MPI_STATE,0.000929,0.000938,0.000009,0.000000,PMPI_Sendrecv
State,rank-58,MPI_STATE,0.000940,0.000957,0.000017,0.000000,PMPI_Sendrecv
State,rank-58,MPI_STATE,0.000959,0.000987,0.000028,0.000000,PMPI_Sendrecv
State,rank-58,MPI_STATE,0.000989,0.001038,0.000049,0.000000,PMPI_Sendrecv
State,rank-58,MPI_STATE,0.001039,0.002540,0.001501,0.000000,PMPI_Sendrecv
State,rank-58,MPI_STATE,0.002541,0.005540,0.002999,0.000000,PMPI_Sendrecv
State,rank-58,MPI_STATE,0.005541,0.011532,0.005991,0.000000,PMPI_Sendrecv
State,rank-58,MPI_STATE,0.014722,0.014722,0.000000,0.000000,PMPI_Reduce
State,rank-58,MPI_STATE,0.014724,0.014724,0.000000,0.000000,PMPI_Reduce
State,rank-58,MPI_STATE,0.014725,0.014950,0.000225,0.000000,PMPI_Barrier
State,rank-58,MPI_STATE,0.014953,0.014953,0.000000,0.000000,PMPI_Finalize
State,rank-57,MPI_STATE,0.000000,0.000000,0.000000,0.000000,PMPI_Init
State,rank-57,MPI_STATE,0.000037,0.000408,0.000371,0.000000,PMPI_Barrier
State,rank-57,MPI_STATE,0.000412,0.000923,0.000511,0.000000,PMPI_Scatter
State,rank-57,MPI_STATE,0.000932,0.000940,0.000008,0.000000,PMPI_Sendrecv
State,rank-57,MPI_STATE,0.000941,0.000955,0.000014,0.000000,PMPI_Sendrecv
State,rank-57,MPI_STATE,0.000956,0.000985,0.000029,0.000000,PMPI_Sendrecv
State,rank-57,MPI_STATE,0.000986,0.001036,0.000050,0.000000,PMPI_Sendrecv
State,rank-57,MPI_STATE,0.001037,0.002518,0.001481,0.000000,PMPI_Sendrecv
State,rank-57,MPI_STATE,0.002519,0.005532,0.003013,0.000000,PMPI_Sendrecv
State,rank-57,MPI_STATE,0.005534,0.011526,0.005992,0.000000,PMPI_Sendrecv
State,rank-57,MPI_STATE,0.014547,0.014547,0.000000,0.000000,PMPI_Reduce
State,rank-57,MPI_STATE,0.014549,0.014549,0.000000,0.000000,PMPI_Reduce
State,rank-57,MPI_STATE,0.014551,0.014950,0.000399,0.000000,PMPI_Barrier
State,rank-57,MPI_STATE,0.014952,0.014952,0.000000,0.000000,PMPI_Finalize
State,rank-56,MPI_STATE,0.000000,0.000000,0.000000,0.000000,PMPI_Init
State,rank-56,MPI_STATE,0.000040,0.000408,0.000368,0.000000,PMPI_Barrier
State,rank-56,MPI_STATE,0.000411,0.000923,0.000512,0.000000,PMPI_Scatter
State,rank-56,MPI_STATE,0.000930,0.000940,0.000010,0.000000,PMPI_Sendrecv
State,rank-56,MPI_STATE,0.000943,0.000957,0.000014,0.000000,PMPI_Sendrecv
State,rank-56,MPI_STATE,0.000959,0.000986,0.000027,0.000000,PMPI_Sendrecv
State,rank-56,MPI_STATE,0.000987,0.001038,0.000051,0.000000,PMPI_Sendrecv
State,rank-56,MPI_STATE,0.001039,0.002540,0.001501,0.000000,PMPI_Sendrecv
State,rank-56,MPI_STATE,0.002542,0.005541,0.002999,0.000000,PMPI_Sendrecv
State,rank-56,MPI_STATE,0.005543,0.011534,0.005991,0.000000,PMPI_Sendrecv
State,rank-56,MPI_STATE,0.014771,0.014771,0.000000,0.000000,PMPI_Reduce
State,rank-56,MPI_STATE,0.014773,0.014773,0.000000,0.000000,PMPI_Reduce
State,rank-56,MPI_STATE,0.014775,0.014950,0.000175,0.000000,PMPI_Barrier
State,rank-56,MPI_STATE,0.014952,0.014952,0.000000,0.000000,PMPI_Finalize
State,rank-55,MPI_STATE,0.000000,0.000000,0.000000,0.000000,PMPI_Init
State,rank-55,MPI_STATE,0.000037,0.000408,0.000371,0.000000,PMPI_Barrier
State,rank-55,MPI_STATE,0.000412,0.000923,0.000511,0.000000,PMPI_Scatter
State,rank-55,MPI_STATE,0.000935,0.000943,0.000008,0.000000,PMPI_Sendrecv
State,rank-55,MPI_STATE,0.000944,0.000959,0.000015,0.000000,PMPI_Sendrecv
State,rank-55,MPI_STATE,0.000961,0.000987,0.000026,0.000000,PMPI_Sendrecv
State,rank-55,MPI_STATE,0.000989,0.001038,0.000049,0.000000,PMPI_Sendrecv
State,rank-55,MPI_STATE,0.001040,0.002540,0.001500,0.000000,PMPI_Sendrecv
State,rank-55,MPI_STATE,0.002542,0.005541,0.002999,0.000000,PMPI_Sendrecv
State,rank-55,MPI_STATE,0.005543,0.011533,0.005990,0.000000,PMPI_Sendrecv
State,rank-55,MPI_STATE,0.014681,0.014681,0.000000,0.000000,PMPI_Reduce
State,rank-55,MPI_STATE,0.014685,0.014685,0.000000,0.000000,PMPI_Reduce
State,rank-55,MPI_STATE,0.014688,0.014950,0.000262,0.000000,PMPI_Barrier
State,rank-55,MPI_STATE,0.014952,0.014952,0.000000,0.000000,PMPI_Finalize
State,rank-54,MPI_STATE,0.000000,0.000000,0.000000,0.000000,PMPI_Init
State,rank-54,MPI_STATE,0.000037,0.000408,0.000371,0.000000,PMPI_Barrier
State,rank-54,MPI_STATE,0.000411,0.000923,0.000512,0.000000,PMPI_Scatter
State,rank-54,MPI_STATE,0.000930,0.000943,0.000013,0.000000,PMPI_Sendrecv
State,rank-54,MPI_STATE,0.000945,0.000959,0.000014,0.000000,PMPI_Sendrecv
State,rank-54,MPI_STATE,0.000961,0.000987,0.000026,0.000000,PMPI_Sendrecv
State,rank-54,MPI_STATE,0.000989,0.001038,0.000049,0.000000,PMPI_Sendrecv
State,rank-54,MPI_STATE,0.001039,0.002540,0.001501,0.000000,PMPI_Sendrecv
State,rank-54,MPI_STATE,0.002541,0.005540,0.002999,0.000000,PMPI_Sendrecv
State,rank-54,MPI_STATE,0.005541,0.011534,0.005993,0.000000,PMPI_Sendrecv
State,rank-54,MPI_STATE,0.014763,0.014763,0.000000,0.000000,PMPI_Reduce
State,rank-54,MPI_STATE,0.014765,0.014765,0.000000,0.000000,PMPI_Reduce
State,rank-54,MPI_STATE,0.014767,0.014950,0.000183,0.000000,PMPI_Barrier
State,rank-54,MPI_STATE,0.014952,0.014952,0.000000,0.000000,PMPI_Finalize
State,rank-53,MPI_STATE,0.000000,0.000000,0.000000,0.000000,PMPI_Init
State,rank-53,MPI_STATE,0.000037,0.000408,0.000371,0.000000,PMPI_Barrier
State,rank-53,MPI_STATE,0.000413,0.000923,0.000510,0.000000,PMPI_Scatter
State,rank-53,MPI_STATE,0.000935,0.000943,0.000008,0.000000,PMPI_Sendrecv
State,rank-53,MPI_STATE,0.000945,0.000959,0.000014,0.000000,PMPI_Sendrecv
State,rank-53,MPI_STATE,0.000960,0.000986,0.000026,0.000000,PMPI_Sendrecv
State,rank-53,MPI_STATE,0.000988,0.001037,0.000049,0.000000,PMPI_Sendrecv
State,rank-53,MPI_STATE,0.001039,0.002540,0.001501,0.000000,PMPI_Sendrecv
State,rank-53,MPI_STATE,0.002542,0.005541,0.002999,0.000000,PMPI_Sendrecv
State,rank-53,MPI_STATE,0.005543,0.011533,0.005990,0.000000,PMPI_Sendrecv
State,rank-53,MPI_STATE,0.014704,0.014704,0.000000,0.000000,PMPI_Reduce
State,rank-53,MPI_STATE,0.014706,0.014706,0.000000,0.000000,PMPI_Reduce
State,rank-53,MPI_STATE,0.014708,0.014950,0.000242,0.000000,PMPI_Barrier
State,rank-53,MPI_STATE,0.014952,0.014952,0.000000,0.000000,PMPI_Finalize
State,rank-52,MPI_STATE,0.000000,0.000000,0.000000,0.000000,PMPI_Init
State,rank-52,MPI_STATE,0.000037,0.000408,0.000371,0.000000,PMPI_Barrier
State,rank-52,MPI_STATE,0.000412,0.000923,0.000511,0.000000,PMPI_Scatter
State,rank-52,MPI_STATE,0.000929,0.000943,0.000014,0.000000,PMPI_Sendrecv
State,rank-52,MPI_STATE,0.000944,0.000959,0.000015,0.000000,PMPI_Sendrecv
State,rank-52,MPI_STATE,0.000961,0.000987,0.000026,0.000000,PMPI_Sendrecv
State,rank-52,MPI_STATE,0.000988,0.001037,0.000049,0.000000,PMPI_Sendrecv
State,rank-52,MPI_STATE,0.001039,0.002540,0.001501,0.000000,PMPI_Sendrecv
State,rank-52,MPI_STATE,0.002541,0.005540,0.002999,0.000000,PMPI_Sendrecv
State,rank-52,MPI_STATE,0.005542,0.011534,0.005992,0.000000,PMPI_Sendrecv
State,rank-52,MPI_STATE,0.014810,0.014810,0.000000,0.000000,PMPI_Reduce
State,rank-52,MPI_STATE,0.014812,0.014812,0.000000,0.000000,PMPI_Reduce
State,rank-52,MPI_STATE,0.014814,0.014950,0.000136,0.000000,PMPI_Barrier
State,rank-52,MPI_STATE,0.014952,0.014952,0.000000,0.000000,PMPI_Finalize
State,rank-51,MPI_STATE,0.000000,0.000000,0.000000,0.000000,PMPI_Init
State,rank-51,MPI_STATE,0.000037,0.000408,0.000371,0.000000,PMPI_Barrier
State,rank-51,MPI_STATE,0.000413,0.000923,0.000510,0.000000,PMPI_Scatter
State,rank-51,MPI_STATE,0.000931,0.000939,0.000008,0.000000,PMPI_Sendrecv
State,rank-51,MPI_STATE,0.000941,0.000955,0.000014,0.000000,PMPI_Sendrecv
State,rank-51,MPI_STATE,0.000956,0.000987,0.000031,0.000000,PMPI_Sendrecv
State,rank-51,MPI_STATE,0.000989,0.001038,0.000049,0.000000,PMPI_Sendrecv
State,rank-51,MPI_STATE,0.001039,0.002540,0.001501,0.000000,PMPI_Sendrecv
State,rank-51,MPI_STATE,0.002541,0.005540,0.002999,0.000000,PMPI_Sendrecv
State,rank-51,MPI_STATE,0.005541,0.011523,0.005982,0.000000,PMPI_Sendrecv
State,rank-51,MPI_STATE,0.014649,0.014649,0.000000,0.000000,PMPI_Reduce
State,rank-51,MPI_STATE,0.014651,0.014651,0.000000,0.000000,PMPI_Reduce
State,rank-51,MPI_STATE,0.014654,0.014950,0.000296,0.000000,PMPI_Barrier
State,rank-51,MPI_STATE,0.014952,0.014952,0.000000,0.000000,PMPI_Finalize
State,rank-50,MPI_STATE,0.000000,0.000000,0.000000,0.000000,PMPI_Init
State,rank-50,MPI_STATE,0.000036,0.000408,0.000372,0.000000,PMPI_Barrier
State,rank-50,MPI_STATE,0.000412,0.000923,0.000511,0.000000,PMPI_Scatter
State,rank-50,MPI_STATE,0.000929,0.000939,0.000010,0.000000,PMPI_Sendrecv
State,rank-50,MPI_STATE,0.000940,0.000954,0.000014,0.000000,PMPI_Sendrecv
State,rank-50,MPI_STATE,0.000956,0.000987,0.000031,0.000000,PMPI_Sendrecv
State,rank-50,MPI_STATE,0.000988,0.001038,0.000050,0.000000,PMPI_Sendrecv
State,rank-50,MPI_STATE,0.001039,0.002540,0.001501,0.000000,PMPI_Sendrecv
State,rank-50,MPI_STATE,0.002542,0.005541,0.002999,0.000000,PMPI_Sendrecv
State,rank-50,MPI_STATE,0.005543,0.011534,0.005991,0.000000,PMPI_Sendrecv
State,rank-50,MPI_STATE,0.014738,0.014738,0.000000,0.000000,PMPI_Reduce
State,rank-50,MPI_STATE,0.014740,0.014740,0.000000,0.000000,PMPI_Reduce
State,rank-50,MPI_STATE,0.014742,0.014950,0.000208,0.000000,PMPI_Barrier
State,rank-50,MPI_STATE,0.014952,0.014952,0.000000,0.000000,PMPI_Finalize
State,rank-49,MPI_STATE,0.000000,0.000000,0.000000,0.000000,PMPI_Init
State,rank-49,MPI_STATE,0.000041,0.000408,0.000367,0.000000,PMPI_Barrier
State,rank-49,MPI_STATE,0.000411,0.000923,0.000512,0.000000,PMPI_Scatter
State,rank-49,MPI_STATE,0.000930,0.000938,0.000008,0.000000,PMPI_Sendrecv
State,rank-49,MPI_STATE,0.000939,0.000955,0.000016,0.000000,PMPI_Sendrecv
State,rank-49,MPI_STATE,0.000957,0.000986,0.000029,0.000000,PMPI_Sendrecv
State,rank-49,MPI_STATE,0.000987,0.001036,0.000049,0.000000,PMPI_Sendrecv
State,rank-49,MPI_STATE,0.001038,0.002533,0.001495,0.000000,PMPI_Sendrecv
State,rank-49,MPI_STATE,0.002535,0.005519,0.002984,0.000000,PMPI_Sendrecv
State,rank-49,MPI_STATE,0.005522,0.011463,0.005941,0.000000,PMPI_Sendrecv
State,rank-49,MPI_STATE,0.014457,0.014457,0.000000,0.000000,PMPI_Reduce
State,rank-49,MPI_STATE,0.014462,0.014462,0.000000,0.000000,PMPI_Reduce
State,rank-49,MPI_STATE,0.014464,0.014950,0.000486,0.000000,PMPI_Barrier
State,rank-49,MPI_STATE,0.014952,0.014952,0.000000,0.000000,PMPI_Finalize
State,rank-4,MPI_STATE,0.000000,0.000000,0.000000,0.000000,PMPI_Init
State,rank-4,MPI_STATE,0.000043,0.000407,0.000364,0.000000,PMPI_Barrier
State,rank-4,MPI_STATE,0.000409,0.000692,0.000283,0.000000,PMPI_Scatter
State,rank-4,MPI_STATE,0.000698,0.000708,0.000010,0.000000,PMPI_Sendrecv
State,rank-4,MPI_STATE,0.000709,0.000726,0.000017,0.000000,PMPI_Sendrecv
State,rank-4,MPI_STATE,0.000729,0.000968,0.000239,0.000000,PMPI_Sendrecv
State,rank-4,MPI_STATE,0.000970,0.001019,0.000049,0.000000,PMPI_Sendrecv
State,rank-4,MPI_STATE,0.001021,0.002538,0.001517,0.000000,PMPI_Sendrecv
State,rank-4,MPI_STATE,0.002540,0.005541,0.003001,0.000000,PMPI_Sendrecv
State,rank-4,MPI_STATE,0.005543,0.011536,0.005993,0.000000,PMPI_Sendrecv
State,rank-4,MPI_STATE,0.014748,0.014748,0.000000,0.000000,PMPI_Reduce
State,rank-4,MPI_STATE,0.014750,0.014750,0.000000,0.000000,PMPI_Reduce
State,rank-4,MPI_STATE,0.014753,0.014950,0.000197,0.000000,PMPI_Barrier
State,rank-4,MPI_STATE,0.014952,0.014952,0.000000,0.000000,PMPI_Finalize
State,rank-48,MPI_STATE,0.000000,0.000000,0.000000,0.000000,PMPI_Init
State,rank-48,MPI_STATE,0.000038,0.000408,0.000370,0.000000,PMPI_Barrier
State,rank-48,MPI_STATE,0.000411,0.000923,0.000512,0.000000,PMPI_Scatter
State,rank-48,MPI_STATE,0.000930,0.000938,0.000008,0.000000,PMPI_Sendrecv
State,rank-48,MPI_STATE,0.000939,0.000954,0.000015,0.000000,PMPI_Sendrecv
State,rank-48,MPI_STATE,0.000956,0.000987,0.000031,0.000000,PMPI_Sendrecv
State,rank-48,MPI_STATE,0.000989,0.001038,0.000049,0.000000,PMPI_Sendrecv
State,rank-48,MPI_STATE,0.001039,0.002540,0.001501,0.000000,PMPI_Sendrecv
State,rank-48,MPI_STATE,0.002541,0.005540,0.002999,0.000000,PMPI_Sendrecv
State,rank-48,MPI_STATE,0.005542,0.011534,0.005992,0.000000,PMPI_Sendrecv
State,rank-48,MPI_STATE,0.014723,0.014723,0.000000,0.000000,PMPI_Reduce
State,rank-48,MPI_STATE,0.014725,0.014725,0.000000,0.000000,PMPI_Reduce
State,rank-48,MPI_STATE,0.014727,0.014950,0.000223,0.000000,PMPI_Barrier
State,rank-48,MPI_STATE,0.014951,0.014951,0.000000,0.000000,PMPI_Finalize
State,rank-47,MPI_STATE,0.000000,0.000000,0.000000,0.000000,PMPI_Init
State,rank-47,MPI_STATE,0.000038,0.000408,0.000370,0.000000,PMPI_Barrier
State,rank-47,MPI_STATE,0.000412,0.000923,0.000511,0.000000,PMPI_Scatter
State,rank-47,MPI_STATE,0.000930,0.000938,0.000008,0.000000,PMPI_Sendrecv
State,rank-47,MPI_STATE,0.000939,0.000956,0.000017,0.000000,PMPI_Sendrecv
State,rank-47,MPI_STATE,0.000959,0.000985,0.000026,0.000000,PMPI_Sendrecv
State,rank-47,MPI_STATE,0.000987,0.001036,0.000049,0.000000,PMPI_Sendrecv
State,rank-47,MPI_STATE,0.001038,0.002540,0.001502,0.000000,PMPI_Sendrecv
State,rank-47,MPI_STATE,0.002542,0.005541,0.002999,0.000000,PMPI_Sendrecv
State,rank-47,MPI_STATE,0.005543,0.011536,0.005993,0.000000,PMPI_Sendrecv
State,rank-47,MPI_STATE,0.014709,0.014709,0.000000,0.000000,PMPI_Reduce
State,rank-47,MPI_STATE,0.014711,0.014711,0.000000,0.000000,PMPI_Reduce
State,rank-47,MPI_STATE,0.014713,0.014950,0.000237,0.000000,PMPI_Barrier
State,rank-47,MPI_STATE,0.014952,0.014952,0.000000,0.000000,PMPI_Finalize
State,rank-46,MPI_STATE,0.000000,0.000000,0.000000,0.000000,PMPI_Init
State,rank-46,MPI_STATE,0.000038,0.000408,0.000370,0.000000,PMPI_Barrier
State,rank-46,MPI_STATE,0.000412,0.000923,0.000511,0.000000,PMPI_Scatter
State,rank-46,MPI_STATE,0.000928,0.000938,0.000010,0.000000,PMPI_Sendrecv
State,rank-46,MPI_STATE,0.000940,0.000957,0.000017,0.000000,PMPI_Sendrecv
State,rank-46,MPI_STATE,0.000959,0.000985,0.000026,0.000000,PMPI_Sendrecv
State,rank-46,MPI_STATE,0.000986,0.001035,0.000049,0.000000,PMPI_Sendrecv
State,rank-46,MPI_STATE,0.001037,0.002540,0.001503,0.000000,PMPI_Sendrecv
State,rank-46,MPI_STATE,0.002541,0.005537,0.002996,0.000000,PMPI_Sendrecv
State,rank-46,MPI_STATE,0.005538,0.011536,0.005998,0.000000,PMPI_Sendrecv
State,rank-46,MPI_STATE,0.014831,0.014831,0.000000,0.000000,PMPI_Reduce
State,rank-46,MPI_STATE,0.014833,0.014833,0.000000,0.000000,PMPI_Reduce
State,rank-46,MPI_STATE,0.014834,0.014950,0.000116,0.000000,PMPI_Barrier
State,rank-46,MPI_STATE,0.014951,0.014951,0.000000,0.000000,PMPI_Finalize
State,rank-45,MPI_STATE,0.000000,0.000000,0.000000,0.000000,PMPI_Init
State,rank-45,MPI_STATE,0.000038,0.000408,0.000370,0.000000,PMPI_Barrier
State,rank-45,MPI_STATE,0.000412,0.000923,0.000511,0.000000,PMPI_Scatter
State,rank-45,MPI_STATE,0.000933,0.000941,0.000008,0.000000,PMPI_Sendrecv
State,rank-45,MPI_STATE,0.000942,0.000956,0.000014,0.000000,PMPI_Sendrecv
State,rank-45,MPI_STATE,0.000957,0.000983,0.000026,0.000000,PMPI_Sendrecv
State,rank-45,MPI_STATE,0.000985,0.001034,0.000049,0.000000,PMPI_Sendrecv
State,rank-45,MPI_STATE,0.001036,0.002540,0.001504,0.000000,PMPI_Sendrecv
State,rank-45,MPI_STATE,0.002543,0.005541,0.002998,0.000000,PMPI_Sendrecv
State,rank-45,MPI_STATE,0.005543,0.011536,0.005993,0.000000,PMPI_Sendrecv
State,rank-45,MPI_STATE,0.014706,0.014706,0.000000,0.000000,PMPI_Reduce
State,rank-45,MPI_STATE,0.014708,0.014708,0.000000,0.000000,PMPI_Reduce
State,rank-45,MPI_STATE,0.014710,0.014950,0.000240,0.000000,PMPI_Barrier
State,rank-45,MPI_STATE,0.014952,0.014952,0.000000,0.000000,PMPI_Finalize
State,rank-44,MPI_STATE,0.000000,0.000000,0.000000,0.000000,PMPI_Init
State,rank-44,MPI_STATE,0.000038,0.000408,0.000370,0.000000,PMPI_Barrier
State,rank-44,MPI_STATE,0.000412,0.000923,0.000511,0.000000,PMPI_Scatter
State,rank-44,MPI_STATE,0.000931,0.000941,0.000010,0.000000,PMPI_Sendrecv
State,rank-44,MPI_STATE,0.000943,0.000957,0.000014,0.000000,PMPI_Sendrecv
State,rank-44,MPI_STATE,0.000958,0.000984,0.000026,0.000000,PMPI_Sendrecv
State,rank-44,MPI_STATE,0.000986,0.001035,0.000049,0.000000,PMPI_Sendrecv
State,rank-44,MPI_STATE,0.001036,0.002540,0.001504,0.000000,PMPI_Sendrecv
State,rank-44,MPI_STATE,0.002543,0.005541,0.002998,0.000000,PMPI_Sendrecv
State,rank-44,MPI_STATE,0.005543,0.011536,0.005993,0.000000,PMPI_Sendrecv
State,rank-44,MPI_STATE,0.014760,0.014760,0.000000,0.000000,PMPI_Reduce
State,rank-44,MPI_STATE,0.014762,0.014762,0.000000,0.000000,PMPI_Reduce
State,rank-44,MPI_STATE,0.014763,0.014950,0.000187,0.000000,PMPI_Barrier
State,rank-44,MPI_STATE,0.014952,0.014952,0.000000,0.000000,PMPI_Finalize
State,rank-43,MPI_STATE,0.000000,0.000000,0.000000,0.000000,PMPI_Init
State,rank-43,MPI_STATE,0.000037,0.000408,0.000371,0.000000,PMPI_Barrier
State,rank-43,MPI_STATE,0.000411,0.000923,0.000512,0.000000,PMPI_Scatter
State,rank-43,MPI_STATE,0.000929,0.000938,0.000009,0.000000,PMPI_Sendrecv
State,rank-43,MPI_STATE,0.000940,0.000954,0.000014,0.000000,PMPI_Sendrecv
State,rank-43,MPI_STATE,0.000956,0.000985,0.000029,0.000000,PMPI_Sendrecv
State,rank-43,MPI_STATE,0.000987,0.001036,0.000049,0.000000,PMPI_Sendrecv
State,rank-43,MPI_STATE,0.001037,0.002540,0.001503,0.000000,PMPI_Sendrecv
State,rank-43,MPI_STATE,0.002542,0.005541,0.002999,0.000000,PMPI_Sendrecv
State,rank-43,MPI_STATE,0.005543,0.011536,0.005993,0.000000,PMPI_Sendrecv
State,rank-43,MPI_STATE,0.014749,0.014749,0.000000,0.000000,PMPI_Reduce
State,rank-43,MPI_STATE,0.014755,0.014755,0.000000,0.000000,PMPI_Reduce
State,rank-43,MPI_STATE,0.014758,0.014950,0.000192,0.000000,PMPI_Barrier
State,rank-43,MPI_STATE,0.014951,0.014951,0.000000,0.000000,PMPI_Finalize
State,rank-42,MPI_STATE,0.000000,0.000000,0.000000,0.000000,PMPI_Init
State,rank-42,MPI_STATE,0.000037,0.000408,0.000371,0.000000,PMPI_Barrier
State,rank-42,MPI_STATE,0.000412,0.000923,0.000511,0.000000,PMPI_Scatter
State,rank-42,MPI_STATE,0.000930,0.000938,0.000008,0.000000,PMPI_Sendrecv
State,rank-42,MPI_STATE,0.000940,0.000954,0.000014,0.000000,PMPI_Sendrecv
State,rank-42,MPI_STATE,0.000956,0.000985,0.000029,0.000000,PMPI_Sendrecv
State,rank-42,MPI_STATE,0.000987,0.001036,0.000049,0.000000,PMPI_Sendrecv
State,rank-42,MPI_STATE,0.001038,0.002540,0.001502,0.000000,PMPI_Sendrecv
State,rank-42,MPI_STATE,0.002542,0.005541,0.002999,0.000000,PMPI_Sendrecv
State,rank-42,MPI_STATE,0.005543,0.011536,0.005993,0.000000,PMPI_Sendrecv
State,rank-42,MPI_STATE,0.014711,0.014711,0.000000,0.000000,PMPI_Reduce
State,rank-42,MPI_STATE,0.014713,0.014713,0.000000,0.000000,PMPI_Reduce
State,rank-42,MPI_STATE,0.014714,0.014950,0.000236,0.000000,PMPI_Barrier
State,rank-42,MPI_STATE,0.014952,0.014952,0.000000,0.000000,PMPI_Finalize
State,rank-41,MPI_STATE,0.000000,0.000000,0.000000,0.000000,PMPI_Init
State,rank-41,MPI_STATE,0.000038,0.000408,0.000370,0.000000,PMPI_Barrier
State,rank-41,MPI_STATE,0.000412,0.000923,0.000511,0.000000,PMPI_Scatter
State,rank-41,MPI_STATE,0.000930,0.000938,0.000008,0.000000,PMPI_Sendrecv
State,rank-41,MPI_STATE,0.000940,0.000954,0.000014,0.000000,PMPI_Sendrecv
State,rank-41,MPI_STATE,0.000955,0.000983,0.000028,0.000000,PMPI_Sendrecv
State,rank-41,MPI_STATE,0.000984,0.001034,0.000050,0.000000,PMPI_Sendrecv
State,rank-41,MPI_STATE,0.001036,0.002518,0.001482,0.000000,PMPI_Sendrecv
State,rank-41,MPI_STATE,0.002519,0.005522,0.003003,0.000000,PMPI_Sendrecv
State,rank-41,MPI_STATE,0.005524,0.011531,0.006007,0.000000,PMPI_Sendrecv
State,rank-41,MPI_STATE,0.014867,0.014867,0.000000,0.000000,PMPI_Reduce
State,rank-41,MPI_STATE,0.014869,0.014869,0.000000,0.000000,PMPI_Reduce
State,rank-41,MPI_STATE,0.014871,0.014950,0.000079,0.000000,PMPI_Barrier
State,rank-41,MPI_STATE,0.014951,0.014951,0.000000,0.000000,PMPI_Finalize
State,rank-40,MPI_STATE,0.000000,0.000000,0.000000,0.000000,PMPI_Init
State,rank-40,MPI_STATE,0.000040,0.000408,0.000368,0.000000,PMPI_Barrier
State,rank-40,MPI_STATE,0.000412,0.000923,0.000511,0.000000,PMPI_Scatter
State,rank-40,MPI_STATE,0.000930,0.000938,0.000008,0.000000,PMPI_Sendrecv
State,rank-40,MPI_STATE,0.000940,0.000954,0.000014,0.000000,PMPI_Sendrecv
State,rank-40,MPI_STATE,0.000956,0.000984,0.000028,0.000000,PMPI_Sendrecv
State,rank-40,MPI_STATE,0.000986,0.001035,0.000049,0.000000,PMPI_Sendrecv
State,rank-40,MPI_STATE,0.001036,0.002540,0.001504,0.000000,PMPI_Sendrecv
State,rank-40,MPI_STATE,0.002542,0.005541,0.002999,0.000000,PMPI_Sendrecv
State,rank-40,MPI_STATE,0.005543,0.011536,0.005993,0.000000,PMPI_Sendrecv
State,rank-40,MPI_STATE,0.014709,0.014709,0.000000,0.000000,PMPI_Reduce
State,rank-40,MPI_STATE,0.014711,0.014711,0.000000,0.000000,PMPI_Reduce
State,rank-40,MPI_STATE,0.014713,0.014950,0.000237,0.000000,PMPI_Barrier
State,rank-40,MPI_STATE,0.014952,0.014952,0.000000,0.000000,PMPI_Finalize
State,rank-39,MPI_STATE,0.000000,0.000000,0.000000,0.000000,PMPI_Init
State,rank-39,MPI_STATE,0.000043,0.000408,0.000365,0.000000,PMPI_Barrier
State,rank-39,MPI_STATE,0.000412,0.000923,0.000511,0.000000,PMPI_Scatter
State,rank-39,MPI_STATE,0.000928,0.000937,0.000009,0.000000,PMPI_Sendrecv
State,rank-39,MPI_STATE,0.000939,0.000955,0.000016,0.000000,PMPI_Sendrecv
State,rank-39,MPI_STATE,0.000957,0.000983,0.000026,0.000000,PMPI_Sendrecv
State,rank-39,MPI_STATE,0.000986,0.001036,0.000050,0.000000,PMPI_Sendrecv
State,rank-39,MPI_STATE,0.001037,0.002540,0.001503,0.000000,PMPI_Sendrecv
State,rank-39,MPI_STATE,0.002542,0.005541,0.002999,0.000000,PMPI_Sendrecv
State,rank-39,MPI_STATE,0.005543,0.011536,0.005993,0.000000,PMPI_Sendrecv
State,rank-39,MPI_STATE,0.014779,0.014779,0.000000,0.000000,PMPI_Reduce
State,rank-39,MPI_STATE,0.014781,0.014781,0.000000,0.000000,PMPI_Reduce
State,rank-39,MPI_STATE,0.014783,0.014950,0.000167,0.000000,PMPI_Barrier
State,rank-39,MPI_STATE,0.014952,0.014952,0.000000,0.000000,PMPI_Finalize
State,rank-3,MPI_STATE,0.000000,0.000000,0.000000,0.000000,PMPI_Init
State,rank-3,MPI_STATE,0.000043,0.000407,0.000364,0.000000,PMPI_Barrier
State,rank-3,MPI_STATE,0.000411,0.000692,0.000281,0.000000,PMPI_Scatter
State,rank-3,MPI_STATE,0.000699,0.000708,0.000009,0.000000,PMPI_Sendrecv
State,rank-3,MPI_STATE,0.000709,0.000940,0.000231,0.000000,PMPI_Sendrecv
State,rank-3,MPI_STATE,0.000943,0.000969,0.000026,0.000000,PMPI_Sendrecv
State,rank-3,MPI_STATE,0.000970,0.001019,0.000049,0.000000,PMPI_Sendrecv
State,rank-3,MPI_STATE,0.001021,0.002536,0.001515,0.000000,PMPI_Sendrecv
State,rank-3,MPI_STATE,0.002538,0.005537,0.002999,0.000000,PMPI_Sendrecv
State,rank-3,MPI_STATE,0.005539,0.011522,0.005983,0.000000,PMPI_Sendrecv
State,rank-3,MPI_STATE,0.014693,0.014693,0.000000,0.000000,PMPI_Reduce
State,rank-3,MPI_STATE,0.014695,0.014695,0.000000,0.000000,PMPI_Reduce
State,rank-3,MPI_STATE,0.014696,0.014950,0.000254,0.000000,PMPI_Barrier
State,rank-3,MPI_STATE,0.014952,0.014952,0.000000,0.000000,PMPI_Finalize
State,rank-38,MPI_STATE,0.000000,0.000000,0.000000,0.000000,PMPI_Init
State,rank-38,MPI_STATE,0.000040,0.000408,0.000368,0.000000,PMPI_Barrier
State,rank-38,MPI_STATE,0.000412,0.000923,0.000511,0.000000,PMPI_Scatter
State,rank-38,MPI_STATE,0.000929,0.000937,0.000008,0.000000,PMPI_Sendrecv
State,rank-38,MPI_STATE,0.000939,0.000956,0.000017,0.000000,PMPI_Sendrecv
State,rank-38,MPI_STATE,0.000958,0.000984,0.000026,0.000000,PMPI_Sendrecv
State,rank-38,MPI_STATE,0.000986,0.001035,0.000049,0.000000,PMPI_Sendrecv
State,rank-38,MPI_STATE,0.001036,0.002540,0.001504,0.000000,PMPI_Sendrecv
State,rank-38,MPI_STATE,0.002542,0.005541,0.002999,0.000000,PMPI_Sendrecv
State,rank-38,MPI_STATE,0.005543,0.011536,0.005993,0.000000,PMPI_Sendrecv
State,rank-38,MPI_STATE,0.014677,0.014677,0.000000,0.000000,PMPI_Reduce
State,rank-38,MPI_STATE,0.014679,0.014679,0.000000,0.000000,PMPI_Reduce
State,rank-38,MPI_STATE,0.014681,0.014950,0.000269,0.000000,PMPI_Barrier
State,rank-38,MPI_STATE,0.014952,0.014952,0.000000,0.000000,PMPI_Finalize
State,rank-37,MPI_STATE,0.000000,0.000000,0.000000,0.000000,PMPI_Init
State,rank-37,MPI_STATE,0.000044,0.000408,0.000364,0.000000,PMPI_Barrier
State,rank-37,MPI_STATE,0.000411,0.000923,0.000512,0.000000,PMPI_Scatter
State,rank-37,MPI_STATE,0.000932,0.000940,0.000008,0.000000,PMPI_Sendrecv
State,rank-37,MPI_STATE,0.000941,0.000955,0.000014,0.000000,PMPI_Sendrecv
State,rank-37,MPI_STATE,0.000957,0.000983,0.000026,0.000000,PMPI_Sendrecv
State,rank-37,MPI_STATE,0.000984,0.001034,0.000050,0.000000,PMPI_Sendrecv
State,rank-37,MPI_STATE,0.001035,0.002540,0.001505,0.000000,PMPI_Sendrecv
State,rank-37,MPI_STATE,0.002542,0.005541,0.002999,0.000000,PMPI_Sendrecv
State,rank-37,MPI_STATE,0.005543,0.011536,0.005993,0.000000,PMPI_Sendrecv
State,rank-37,MPI_STATE,0.014711,0.014711,0.000000,0.000000,PMPI_Reduce
State,rank-37,MPI_STATE,0.014713,0.014713,0.000000,0.000000,PMPI_Reduce
State,rank-37,MPI_STATE,0.014714,0.014950,0.000236,0.000000,PMPI_Barrier
State,rank-37,MPI_STATE,0.014952,0.014952,0.000000,0.000000,PMPI_Finalize
State,rank-36,MPI_STATE,0.000000,0.000000,0.000000,0.000000,PMPI_Init
State,rank-36,MPI_STATE,0.000039,0.000408,0.000369,0.000000,PMPI_Barrier
State,rank-36,MPI_STATE,0.000412,0.000923,0.000511,0.000000,PMPI_Scatter
State,rank-36,MPI_STATE,0.000930,0.000940,0.000010,0.000000,PMPI_Sendrecv
State,rank-36,MPI_STATE,0.000942,0.000956,0.000014,0.000000,PMPI_Sendrecv
State,rank-36,MPI_STATE,0.000958,0.000984,0.000026,0.000000,PMPI_Sendrecv
State,rank-36,MPI_STATE,0.000986,0.001035,0.000049,0.000000,PMPI_Sendrecv
State,rank-36,MPI_STATE,0.001037,0.002540,0.001503,0.000000,PMPI_Sendrecv
State,rank-36,MPI_STATE,0.002543,0.005541,0.002998,0.000000,PMPI_Sendrecv
State,rank-36,MPI_STATE,0.005543,0.011536,0.005993,0.000000,PMPI_Sendrecv
State,rank-36,MPI_STATE,0.014690,0.014690,0.000000,0.000000,PMPI_Reduce
State,rank-36,MPI_STATE,0.014692,0.014692,0.000000,0.000000,PMPI_Reduce
State,rank-36,MPI_STATE,0.014694,0.014950,0.000256,0.000000,PMPI_Barrier
State,rank-36,MPI_STATE,0.014952,0.014952,0.000000,0.000000,PMPI_Finalize
State,rank-35,MPI_STATE,0.000000,0.000000,0.000000,0.000000,PMPI_Init
State,rank-35,MPI_STATE,0.000044,0.000408,0.000364,0.000000,PMPI_Barrier
State,rank-35,MPI_STATE,0.000412,0.000923,0.000511,0.000000,PMPI_Scatter
State,rank-35,MPI_STATE,0.000931,0.000939,0.000008,0.000000,PMPI_Sendrecv
State,rank-35,MPI_STATE,0.000941,0.000955,0.000014,0.000000,PMPI_Sendrecv
State,rank-35,MPI_STATE,0.000957,0.000983,0.000026,0.000000,PMPI_Sendrecv
State,rank-35,MPI_STATE,0.000985,0.001036,0.000051,0.000000,PMPI_Sendrecv
State,rank-35,MPI_STATE,0.001038,0.002540,0.001502,0.000000,PMPI_Sendrecv
State,rank-35,MPI_STATE,0.002541,0.005537,0.002996,0.000000,PMPI_Sendrecv
State,rank-35,MPI_STATE,0.005539,0.011519,0.005980,0.000000,PMPI_Sendrecv
State,rank-35,MPI_STATE,0.014506,0.014506,0.000000,0.000000,PMPI_Reduce
State,rank-35,MPI_STATE,0.014508,0.014508,0.000000,0.000000,PMPI_Reduce
State,rank-35,MPI_STATE,0.014509,0.014950,0.000441,0.000000,PMPI_Barrier
State,rank-35,MPI_STATE,0.014952,0.014952,0.000000,0.000000,PMPI_Finalize
State,rank-34,MPI_STATE,0.000000,0.000000,0.000000,0.000000,PMPI_Init
State,rank-34,MPI_STATE,0.000042,0.000408,0.000366,0.000000,PMPI_Barrier
State,rank-34,MPI_STATE,0.000411,0.000923,0.000512,0.000000,PMPI_Scatter
State,rank-34,MPI_STATE,0.000931,0.000939,0.000008,0.000000,PMPI_Sendrecv
State,rank-34,MPI_STATE,0.000941,0.000955,0.000014,0.000000,PMPI_Sendrecv
State,rank-34,MPI_STATE,0.000957,0.000984,0.000027,0.000000,PMPI_Sendrecv
State,rank-34,MPI_STATE,0.000985,0.001036,0.000051,0.000000,PMPI_Sendrecv
State,rank-34,MPI_STATE,0.001038,0.002540,0.001502,0.000000,PMPI_Sendrecv
State,rank-34,MPI_STATE,0.002542,0.005541,0.002999,0.000000,PMPI_Sendrecv
State,rank-34,MPI_STATE,0.005543,0.011536,0.005993,0.000000,PMPI_Sendrecv
State,rank-34,MPI_STATE,0.014697,0.014697,0.000000,0.000000,PMPI_Reduce
State,rank-34,MPI_STATE,0.014700,0.014700,0.000000,0.000000,PMPI_Reduce
State,rank-34,MPI_STATE,0.014701,0.014950,0.000249,0.000000,PMPI_Barrier
State,rank-34,MPI_STATE,0.014952,0.014952,0.000000,0.000000,PMPI_Finalize
State,rank-33,MPI_STATE,0.000000,0.000000,0.000000,0.000000,PMPI_Init
State,rank-33,MPI_STATE,0.000041,0.000408,0.000367,0.000000,PMPI_Barrier
State,rank-33,MPI_STATE,0.000412,0.000923,0.000511,0.000000,PMPI_Scatter
State,rank-33,MPI_STATE,0.000929,0.000937,0.000008,0.000000,PMPI_Sendrecv
State,rank-33,MPI_STATE,0.000938,0.000955,0.000017,0.000000,PMPI_Sendrecv
State,rank-33,MPI_STATE,0.000956,0.000983,0.000027,0.000000,PMPI_Sendrecv
State,rank-33,MPI_STATE,0.000985,0.001034,0.000049,0.000000,PMPI_Sendrecv
State,rank-33,MPI_STATE,0.001035,0.002533,0.001498,0.000000,PMPI_Sendrecv
State,rank-33,MPI_STATE,0.002535,0.005538,0.003003,0.000000,PMPI_Sendrecv
State,rank-33,MPI_STATE,0.005539,0.011509,0.005970,0.000000,PMPI_Sendrecv
State,rank-33,MPI_STATE,0.014733,0.014733,0.000000,0.000000,PMPI_Reduce
State,rank-33,MPI_STATE,0.014736,0.014736,0.000000,0.000000,PMPI_Reduce
State,rank-33,MPI_STATE,0.014737,0.014950,0.000213,0.000000,PMPI_Barrier
State,rank-33,MPI_STATE,0.014952,0.014952,0.000000,0.000000,PMPI_Finalize
State,rank-32,MPI_STATE,0.000000,0.000000,0.000000,0.000000,PMPI_Init
State,rank-32,MPI_STATE,0.000044,0.000408,0.000364,0.000000,PMPI_Barrier
State,rank-32,MPI_STATE,0.000412,0.000923,0.000511,0.000000,PMPI_Scatter
State,rank-32,MPI_STATE,0.000929,0.000937,0.000008,0.000000,PMPI_Sendrecv
State,rank-32,MPI_STATE,0.000938,0.000955,0.000017,0.000000,PMPI_Sendrecv
State,rank-32,MPI_STATE,0.000957,0.000984,0.000027,0.000000,PMPI_Sendrecv
State,rank-32,MPI_STATE,0.000986,0.001035,0.000049,0.000000,PMPI_Sendrecv
State,rank-32,MPI_STATE,0.001036,0.002540,0.001504,0.000000,PMPI_Sendrecv
State,rank-32,MPI_STATE,0.002542,0.005541,0.002999,0.000000,PMPI_Sendrecv
State,rank-32,MPI_STATE,0.005543,0.011536,0.005993,0.000000,PMPI_Sendrecv
State,rank-32,MPI_STATE,0.014766,0.014766,0.000000,0.000000,PMPI_Reduce
State,rank-32,MPI_STATE,0.014768,0.014768,0.000000,0.000000,PMPI_Reduce
State,rank-32,MPI_STATE,0.014771,0.014950,0.000179,0.000000,PMPI_Barrier
State,rank-32,MPI_STATE,0.014952,0.014952,0.000000,0.000000,PMPI_Finalize
State,rank-31,MPI_STATE,0.000000,0.000000,0.000000,0.000000,PMPI_Init
State,rank-31,MPI_STATE,0.000042,0.000408,0.000366,0.000000,PMPI_Barrier
State,rank-31,MPI_STATE,0.000412,0.000923,0.000511,0.000000,PMPI_Scatter
State,rank-31,MPI_STATE,0.000930,0.000938,0.000008,0.000000,PMPI_Sendrecv
State,rank-31,MPI_STATE,0.000940,0.000956,0.000016,0.000000,PMPI_Sendrecv
State,rank-31,MPI_STATE,0.000957,0.000983,0.000026,0.000000,PMPI_Sendrecv
State,rank-31,MPI_STATE,0.000985,0.001034,0.000049,0.000000,PMPI_Sendrecv
State,rank-31,MPI_STATE,0.001036,0.002537,0.001501,0.000000,PMPI_Sendrecv
State,rank-31,MPI_STATE,0.002538,0.005541,0.003003,0.000000,PMPI_Sendrecv
State,rank-31,MPI_STATE,0.005543,0.011533,0.005990,0.000000,PMPI_Sendrecv
State,rank-31,MPI_STATE,0.014684,0.014684,0.000000,0.000000,PMPI_Reduce
State,rank-31,MPI_STATE,0.014686,0.014686,0.000000,0.000000,PMPI_Reduce
State,rank-31,MPI_STATE,0.014687,0.014950,0.000263,0.000000,PMPI_Barrier
State,rank-31,MPI_STATE,0.014952,0.014952,0.000000,0.000000,PMPI_Finalize
State,rank-30,MPI_STATE,0.000000,0.000000,0.000000,0.000000,PMPI_Init
State,rank-30,MPI_STATE,0.000044,0.000408,0.000364,0.000000,PMPI_Barrier
State,rank-30,MPI_STATE,0.000412,0.000923,0.000511,0.000000,PMPI_Scatter
State,rank-30,MPI_STATE,0.000929,0.000938,0.000009,0.000000,PMPI_Sendrecv
State,rank-30,MPI_STATE,0.000939,0.000955,0.000016,0.000000,PMPI_Sendrecv
State,rank-30,MPI_STATE,0.000956,0.000982,0.000026,0.000000,PMPI_Sendrecv
State,rank-30,MPI_STATE,0.000985,0.001034,0.000049,0.000000,PMPI_Sendrecv
State,rank-30,MPI_STATE,0.001036,0.002537,0.001501,0.000000,PMPI_Sendrecv
State,rank-30,MPI_STATE,0.002539,0.005541,0.003002,0.000000,PMPI_Sendrecv
State,rank-30,MPI_STATE,0.005543,0.011533,0.005990,0.000000,PMPI_Sendrecv
State,rank-30,MPI_STATE,0.014717,0.014717,0.000000,0.000000,PMPI_Reduce
State,rank-30,MPI_STATE,0.014720,0.014720,0.000000,0.000000,PMPI_Reduce
State,rank-30,MPI_STATE,0.014722,0.014950,0.000228,0.000000,PMPI_Barrier
State,rank-30,MPI_STATE,0.014952,0.014952,0.000000,0.000000,PMPI_Finalize
State,rank-29,MPI_STATE,0.000000,0.000000,0.000000,0.000000,PMPI_Init
State,rank-29,MPI_STATE,0.000067,0.000408,0.000341,0.000000,PMPI_Barrier
State,rank-29,MPI_STATE,0.000412,0.000923,0.000511,0.000000,PMPI_Scatter
State,rank-29,MPI_STATE,0.000932,0.000940,0.000008,0.000000,PMPI_Sendrecv
State,rank-29,MPI_STATE,0.000942,0.000956,0.000014,0.000000,PMPI_Sendrecv
State,rank-29,MPI_STATE,0.000958,0.000984,0.000026,0.000000,PMPI_Sendrecv
State,rank-29,MPI_STATE,0.000985,0.001034,0.000049,0.000000,PMPI_Sendrecv
State,rank-29,MPI_STATE,0.001035,0.002536,0.001501,0.000000,PMPI_Sendrecv
State,rank-29,MPI_STATE,0.002538,0.005540,0.003002,0.000000,PMPI_Sendrecv
State,rank-29,MPI_STATE,0.005542,0.011533,0.005991,0.000000,PMPI_Sendrecv
State,rank-29,MPI_STATE,0.014857,0.014857,0.000000,0.000000,PMPI_Reduce
State,rank-29,MPI_STATE,0.014859,0.014859,0.000000,0.000000,PMPI_Reduce
State,rank-29,MPI_STATE,0.014862,0.014950,0.000088,0.000000,PMPI_Barrier
State,rank-29,MPI_STATE,0.014952,0.014952,0.000000,0.000000,PMPI_Finalize
State,rank-2,MPI_STATE,0.000000,0.000000,0.000000,0.000000,PMPI_Init
State,rank-2,MPI_STATE,0.000046,0.000407,0.000361,0.000000,PMPI_Barrier
State,rank-2,MPI_STATE,0.000411,0.000692,0.000281,0.000000,PMPI_Scatter
State,rank-2,MPI_STATE,0.000698,0.000708,0.000010,0.000000,PMPI_Sendrecv
State,rank-2,MPI_STATE,0.000710,0.000940,0.000230,0.000000,PMPI_Sendrecv
State,rank-2,MPI_STATE,0.000941,0.000967,0.000026,0.000000,PMPI_Sendrecv
State,rank-2,MPI_STATE,0.000968,0.001017,0.000049,0.000000,PMPI_Sendrecv
State,rank-2,MPI_STATE,0.001019,0.002536,0.001517,0.000000,PMPI_Sendrecv
State,rank-2,MPI_STATE,0.002538,0.005541,0.003003,0.000000,PMPI_Sendrecv
State,rank-2,MPI_STATE,0.005543,0.011535,0.005992,0.000000,PMPI_Sendrecv
State,rank-2,MPI_STATE,0.014772,0.014772,0.000000,0.000000,PMPI_Reduce
State,rank-2,MPI_STATE,0.014775,0.014775,0.000000,0.000000,PMPI_Reduce
State,rank-2,MPI_STATE,0.014777,0.014950,0.000173,0.000000,PMPI_Barrier
State,rank-2,MPI_STATE,0.014952,0.014952,0.000000,0.000000,PMPI_Finalize
State,rank-28,MPI_STATE,0.000000,0.000000,0.000000,0.000000,PMPI_Init
State,rank-28,MPI_STATE,0.000043,0.000408,0.000365,0.000000,PMPI_Barrier
State,rank-28,MPI_STATE,0.000411,0.000923,0.000512,0.000000,PMPI_Scatter
State,rank-28,MPI_STATE,0.000930,0.000940,0.000010,0.000000,PMPI_Sendrecv
State,rank-28,MPI_STATE,0.000941,0.000955,0.000014,0.000000,PMPI_Sendrecv
State,rank-28,MPI_STATE,0.000958,0.000984,0.000026,0.000000,PMPI_Sendrecv
State,rank-28,MPI_STATE,0.000986,0.001035,0.000049,0.000000,PMPI_Sendrecv
State,rank-28,MPI_STATE,0.001038,0.002538,0.001500,0.000000,PMPI_Sendrecv
State,rank-28,MPI_STATE,0.002540,0.005541,0.003001,0.000000,PMPI_Sendrecv
State,rank-28,MPI_STATE,0.005543,0.011534,0.005991,0.000000,PMPI_Sendrecv
State,rank-28,MPI_STATE,0.014760,0.014760,0.000000,0.000000,PMPI_Reduce
State,rank-28,MPI_STATE,0.014762,0.014762,0.000000,0.000000,PMPI_Reduce
State,rank-28,MPI_STATE,0.014764,0.014950,0.000186,0.000000,PMPI_Barrier
State,rank-28,MPI_STATE,0.014952,0.014952,0.000000,0.000000,PMPI_Finalize
State,rank-27,MPI_STATE,0.000000,0.000000,0.000000,0.000000,PMPI_Init
State,rank-27,MPI_STATE,0.000044,0.000408,0.000364,0.000000,PMPI_Barrier
State,rank-27,MPI_STATE,0.000412,0.000923,0.000511,0.000000,PMPI_Scatter
State,rank-27,MPI_STATE,0.000930,0.000938,0.000008,0.000000,PMPI_Sendrecv
State,rank-27,MPI_STATE,0.000939,0.000953,0.000014,0.000000,PMPI_Sendrecv
State,rank-27,MPI_STATE,0.000954,0.000983,0.000029,0.000000,PMPI_Sendrecv
State,rank-27,MPI_STATE,0.000984,0.001033,0.000049,0.000000,PMPI_Sendrecv
State,rank-27,MPI_STATE,0.001035,0.002536,0.001501,0.000000,PMPI_Sendrecv
State,rank-27,MPI_STATE,0.002538,0.005541,0.003003,0.000000,PMPI_Sendrecv
State,rank-27,MPI_STATE,0.005543,0.011532,0.005989,0.000000,PMPI_Sendrecv
State,rank-27,MPI_STATE,0.014690,0.014690,0.000000,0.000000,PMPI_Reduce
State,rank-27,MPI_STATE,0.014692,0.014692,0.000000,0.000000,PMPI_Reduce
State,rank-27,MPI_STATE,0.014695,0.014950,0.000255,0.000000,PMPI_Barrier
State,rank-27,MPI_STATE,0.014952,0.014952,0.000000,0.000000,PMPI_Finalize
State,rank-26,MPI_STATE,0.000000,0.000000,0.000000,0.000000,PMPI_Init
State,rank-26,MPI_STATE,0.000043,0.000408,0.000365,0.000000,PMPI_Barrier
State,rank-26,MPI_STATE,0.000412,0.000923,0.000511,0.000000,PMPI_Scatter
State,rank-26,MPI_STATE,0.000930,0.000938,0.000008,0.000000,PMPI_Sendrecv
State,rank-26,MPI_STATE,0.000939,0.000954,0.000015,0.000000,PMPI_Sendrecv
State,rank-26,MPI_STATE,0.000955,0.000982,0.000027,0.000000,PMPI_Sendrecv
State,rank-26,MPI_STATE,0.000984,0.001033,0.000049,0.000000,PMPI_Sendrecv
State,rank-26,MPI_STATE,0.001035,0.002536,0.001501,0.000000,PMPI_Sendrecv
State,rank-26,MPI_STATE,0.002537,0.005540,0.003003,0.000000,PMPI_Sendrecv
State,rank-26,MPI_STATE,0.005543,0.011533,0.005990,0.000000,PMPI_Sendrecv
State,rank-26,MPI_STATE,0.014881,0.014881,0.000000,0.000000,PMPI_Reduce
State,rank-26,MPI_STATE,0.014884,0.014884,0.000000,0.000000,PMPI_Reduce
State,rank-26,MPI_STATE,0.014886,0.014950,0.000064,0.000000,PMPI_Barrier
State,rank-26,MPI_STATE,0.014951,0.014951,0.000000,0.000000,PMPI_Finalize
State,rank-25,MPI_STATE,0.000000,0.000000,0.000000,0.000000,PMPI_Init
State,rank-25,MPI_STATE,0.000042,0.000408,0.000366,0.000000,PMPI_Barrier
State,rank-25,MPI_STATE,0.000412,0.000923,0.000511,0.000000,PMPI_Scatter
State,rank-25,MPI_STATE,0.000930,0.000938,0.000008,0.000000,PMPI_Sendrecv
State,rank-25,MPI_STATE,0.000939,0.000953,0.000014,0.000000,PMPI_Sendrecv
State,rank-25,MPI_STATE,0.000955,0.000984,0.000029,0.000000,PMPI_Sendrecv
State,rank-25,MPI_STATE,0.000986,0.001035,0.000049,0.000000,PMPI_Sendrecv
State,rank-25,MPI_STATE,0.001037,0.002538,0.001501,0.000000,PMPI_Sendrecv
State,rank-25,MPI_STATE,0.002540,0.005532,0.002992,0.000000,PMPI_Sendrecv
State,rank-25,MPI_STATE,0.005533,0.011509,0.005976,0.000000,PMPI_Sendrecv
State,rank-25,MPI_STATE,0.014518,0.014518,0.000000,0.000000,PMPI_Reduce
State,rank-25,MPI_STATE,0.014520,0.014520,0.000000,0.000000,PMPI_Reduce
State,rank-25,MPI_STATE,0.014522,0.014950,0.000428,0.000000,PMPI_Barrier
State,rank-25,MPI_STATE,0.014952,0.014952,0.000000,0.000000,PMPI_Finalize
State,rank-24,MPI_STATE,0.000000,0.000000,0.000000,0.000000,PMPI_Init
State,rank-24,MPI_STATE,0.000048,0.000408,0.000360,0.000000,PMPI_Barrier
State,rank-24,MPI_STATE,0.000411,0.000923,0.000512,0.000000,PMPI_Scatter
State,rank-24,MPI_STATE,0.000930,0.000938,0.000008,0.000000,PMPI_Sendrecv
State,rank-24,MPI_STATE,0.000940,0.000954,0.000014,0.000000,PMPI_Sendrecv
State,rank-24,MPI_STATE,0.000956,0.000984,0.000028,0.000000,PMPI_Sendrecv
State,rank-24,MPI_STATE,0.000987,0.001036,0.000049,0.000000,PMPI_Sendrecv
State,rank-24,MPI_STATE,0.001037,0.002538,0.001501,0.000000,PMPI_Sendrecv
State,rank-24,MPI_STATE,0.002539,0.005541,0.003002,0.000000,PMPI_Sendrecv
State,rank-24,MPI_STATE,0.005543,0.011534,0.005991,0.000000,PMPI_Sendrecv
State,rank-24,MPI_STATE,0.014745,0.014745,0.000000,0.000000,PMPI_Reduce
State,rank-24,MPI_STATE,0.014748,0.014748,0.000000,0.000000,PMPI_Reduce
State,rank-24,MPI_STATE,0.014751,0.014950,0.000199,0.000000,PMPI_Barrier
State,rank-24,MPI_STATE,0.014952,0.014952,0.000000,0.000000,PMPI_Finalize
State,rank-23,MPI_STATE,0.000000,0.000000,0.000000,0.000000,PMPI_Init
State,rank-23,MPI_STATE,0.000046,0.000408,0.000362,0.000000,PMPI_Barrier
State,rank-23,MPI_STATE,0.000412,0.000923,0.000511,0.000000,PMPI_Scatter
State,rank-23,MPI_STATE,0.000929,0.000937,0.000008,0.000000,PMPI_Sendrecv
State,rank-23,MPI_STATE,0.000939,0.000954,0.000015,0.000000,PMPI_Sendrecv
State,rank-23,MPI_STATE,0.000956,0.000982,0.000026,0.000000,PMPI_Sendrecv
State,rank-23,MPI_STATE,0.000984,0.001034,0.000050,0.000000,PMPI_Sendrecv
State,rank-23,MPI_STATE,0.001035,0.002536,0.001501,0.000000,PMPI_Sendrecv
State,rank-23,MPI_STATE,0.002537,0.005541,0.003004,0.000000,PMPI_Sendrecv
State,rank-23,MPI_STATE,0.005543,0.011533,0.005990,0.000000,PMPI_Sendrecv
State,rank-23,MPI_STATE,0.014677,0.014677,0.000000,0.000000,PMPI_Reduce
State,rank-23,MPI_STATE,0.014681,0.014681,0.000000,0.000000,PMPI_Reduce
State,rank-23,MPI_STATE,0.014684,0.014950,0.000266,0.000000,PMPI_Barrier
State,rank-23,MPI_STATE,0.014952,0.014952,0.000000,0.000000,PMPI_Finalize
State,rank-22,MPI_STATE,0.000000,0.000000,0.000000,0.000000,PMPI_Init
State,rank-22,MPI_STATE,0.000047,0.000408,0.000361,0.000000,PMPI_Barrier
State,rank-22,MPI_STATE,0.000412,0.000923,0.000511,0.000000,PMPI_Scatter
State,rank-22,MPI_STATE,0.000929,0.000937,0.000008,0.000000,PMPI_Sendrecv
State,rank-22,MPI_STATE,0.000938,0.000953,0.000015,0.000000,PMPI_Sendrecv
State,rank-22,MPI_STATE,0.000955,0.000981,0.000026,0.000000,PMPI_Sendrecv
State,rank-22,MPI_STATE,0.000983,0.001034,0.000051,0.000000,PMPI_Sendrecv
State,rank-22,MPI_STATE,0.001036,0.002537,0.001501,0.000000,PMPI_Sendrecv
State,rank-22,MPI_STATE,0.002539,0.005540,0.003001,0.000000,PMPI_Sendrecv
State,rank-22,MPI_STATE,0.005542,0.011534,0.005992,0.000000,PMPI_Sendrecv
State,rank-22,MPI_STATE,0.014781,0.014781,0.000000,0.000000,PMPI_Reduce
State,rank-22,MPI_STATE,0.014783,0.014783,0.000000,0.000000,PMPI_Reduce
State,rank-22,MPI_STATE,0.014785,0.014950,0.000165,0.000000,PMPI_Barrier
State,rank-22,MPI_STATE,0.014953,0.014953,0.000000,0.000000,PMPI_Finalize
State,rank-21,MPI_STATE,0.000000,0.000000,0.000000,0.000000,PMPI_Init
State,rank-21,MPI_STATE,0.000043,0.000408,0.000365,0.000000,PMPI_Barrier
State,rank-21,MPI_STATE,0.000413,0.000923,0.000510,0.000000,PMPI_Scatter
State,rank-21,MPI_STATE,0.000930,0.000938,0.000008,0.000000,PMPI_Sendrecv
State,rank-21,MPI_STATE,0.000940,0.000954,0.000014,0.000000,PMPI_Sendrecv
State,rank-21,MPI_STATE,0.000955,0.000981,0.000026,0.000000,PMPI_Sendrecv
State,rank-21,MPI_STATE,0.000983,0.001034,0.000051,0.000000,PMPI_Sendrecv
State,rank-21,MPI_STATE,0.001036,0.002537,0.001501,0.000000,PMPI_Sendrecv
State,rank-21,MPI_STATE,0.002538,0.005541,0.003003,0.000000,PMPI_Sendrecv
State,rank-21,MPI_STATE,0.005543,0.011532,0.005989,0.000000,PMPI_Sendrecv
State,rank-21,MPI_STATE,0.014677,0.014677,0.000000,0.000000,PMPI_Reduce
State,rank-21,MPI_STATE,0.014679,0.014679,0.000000,0.000000,PMPI_Reduce
State,rank-21,MPI_STATE,0.014681,0.014950,0.000269,0.000000,PMPI_Barrier
State,rank-21,MPI_STATE,0.014952,0.014952,0.000000,0.000000,PMPI_Finalize
State,rank-20,MPI_STATE,0.000000,0.000000,0.000000,0.000000,PMPI_Init
State,rank-20,MPI_STATE,0.000045,0.000408,0.000363,0.000000,PMPI_Barrier
State,rank-20,MPI_STATE,0.000413,0.000923,0.000510,0.000000,PMPI_Scatter
State,rank-20,MPI_STATE,0.000929,0.000938,0.000009,0.000000,PMPI_Sendrecv
State,rank-20,MPI_STATE,0.000939,0.000953,0.000014,0.000000,PMPI_Sendrecv
State,rank-20,MPI_STATE,0.000954,0.000981,0.000027,0.000000,PMPI_Sendrecv
State,rank-20,MPI_STATE,0.000983,0.001035,0.000052,0.000000,PMPI_Sendrecv
State,rank-20,MPI_STATE,0.001037,0.002538,0.001501,0.000000,PMPI_Sendrecv
State,rank-20,MPI_STATE,0.002539,0.005540,0.003001,0.000000,PMPI_Sendrecv
State,rank-20,MPI_STATE,0.005541,0.011533,0.005992,0.000000,PMPI_Sendrecv
State,rank-20,MPI_STATE,0.014673,0.014673,0.000000,0.000000,PMPI_Reduce
State,rank-20,MPI_STATE,0.014676,0.014676,0.000000,0.000000,PMPI_Reduce
State,rank-20,MPI_STATE,0.014679,0.014950,0.000271,0.000000,PMPI_Barrier
State,rank-20,MPI_STATE,0.014952,0.014952,0.000000,0.000000,PMPI_Finalize
State,rank-19,MPI_STATE,0.000000,0.000000,0.000000,0.000000,PMPI_Init
State,rank-19,MPI_STATE,0.000041,0.000408,0.000367,0.000000,PMPI_Barrier
State,rank-19,MPI_STATE,0.000412,0.000923,0.000511,0.000000,PMPI_Scatter
State,rank-19,MPI_STATE,0.000930,0.000939,0.000009,0.000000,PMPI_Sendrecv
State,rank-19,MPI_STATE,0.000940,0.000954,0.000014,0.000000,PMPI_Sendrecv
State,rank-19,MPI_STATE,0.000956,0.000982,0.000026,0.000000,PMPI_Sendrecv
State,rank-19,MPI_STATE,0.000983,0.001033,0.000050,0.000000,PMPI_Sendrecv
State,rank-19,MPI_STATE,0.001035,0.002536,0.001501,0.000000,PMPI_Sendrecv
State,rank-19,MPI_STATE,0.002538,0.005540,0.003002,0.000000,PMPI_Sendrecv
State,rank-19,MPI_STATE,0.005542,0.011528,0.005986,0.000000,PMPI_Sendrecv
State,rank-19,MPI_STATE,0.014514,0.014514,0.000000,0.000000,PMPI_Reduce
State,rank-19,MPI_STATE,0.014516,0.014516,0.000000,0.000000,PMPI_Reduce
State,rank-19,MPI_STATE,0.014517,0.014950,0.000433,0.000000,PMPI_Barrier
State,rank-19,MPI_STATE,0.014951,0.014951,0.000000,0.000000,PMPI_Finalize
State,rank-1,MPI_STATE,0.000000,0.000000,0.000000,0.000000,PMPI_Init
State,rank-1,MPI_STATE,0.000057,0.000407,0.000350,0.000000,PMPI_Barrier
State,rank-1,MPI_STATE,0.000475,0.000744,0.000269,0.000000,PMPI_Scatter
State,rank-1,MPI_STATE,0.000752,0.000925,0.000173,0.000000,PMPI_Sendrecv
State,rank-1,MPI_STATE,0.000926,0.000940,0.000014,0.000000,PMPI_Sendrecv
State,rank-1,MPI_STATE,0.000942,0.000968,0.000026,0.000000,PMPI_Sendrecv
State,rank-1,MPI_STATE,0.000969,0.001018,0.000049,0.000000,PMPI_Sendrecv
State,rank-1,MPI_STATE,0.001019,0.002538,0.001519,0.000000,PMPI_Sendrecv
State,rank-1,MPI_STATE,0.002541,0.005538,0.002997,0.000000,PMPI_Sendrecv
State,rank-1,MPI_STATE,0.005538,0.011486,0.005948,0.000000,PMPI_Sendrecv
State,rank-1,MPI_STATE,0.014490,0.014490,0.000000,0.000000,PMPI_Reduce
State,rank-1,MPI_STATE,0.014492,0.014492,0.000000,0.000000,PMPI_Reduce
State,rank-1,MPI_STATE,0.014494,0.014950,0.000456,0.000000,PMPI_Barrier
State,rank-1,MPI_STATE,0.014952,0.014952,0.000000,0.000000,PMPI_Finalize
State,rank-18,MPI_STATE,0.000000,0.000000,0.000000,0.000000,PMPI_Init
State,rank-18,MPI_STATE,0.000043,0.000408,0.000365,0.000000,PMPI_Barrier
State,rank-18,MPI_STATE,0.000411,0.000923,0.000512,0.000000,PMPI_Scatter
State,rank-18,MPI_STATE,0.000931,0.000939,0.000008,0.000000,PMPI_Sendrecv
State,rank-18,MPI_STATE,0.000940,0.000954,0.000014,0.000000,PMPI_Sendrecv
State,rank-18,MPI_STATE,0.000955,0.000981,0.000026,0.000000,PMPI_Sendrecv
State,rank-18,MPI_STATE,0.000983,0.001033,0.000050,0.000000,PMPI_Sendrecv
State,rank-18,MPI_STATE,0.001035,0.002536,0.001501,0.000000,PMPI_Sendrecv
State,rank-18,MPI_STATE,0.002537,0.005541,0.003004,0.000000,PMPI_Sendrecv
State,rank-18,MPI_STATE,0.005544,0.011534,0.005990,0.000000,PMPI_Sendrecv
State,rank-18,MPI_STATE,0.014834,0.014834,0.000000,0.000000,PMPI_Reduce
State,rank-18,MPI_STATE,0.014836,0.014836,0.000000,0.000000,PMPI_Reduce
State,rank-18,MPI_STATE,0.014838,0.014950,0.000112,0.000000,PMPI_Barrier
State,rank-18,MPI_STATE,0.014952,0.014952,0.000000,0.000000,PMPI_Finalize
State,rank-17,MPI_STATE,0.000000,0.000000,0.000000,0.000000,PMPI_Init
State,rank-17,MPI_STATE,0.000042,0.000408,0.000366,0.000000,PMPI_Barrier
State,rank-17,MPI_STATE,0.000412,0.000923,0.000511,0.000000,PMPI_Scatter
State,rank-17,MPI_STATE,0.000929,0.000938,0.000009,0.000000,PMPI_Sendrecv
State,rank-17,MPI_STATE,0.000939,0.000954,0.000015,0.000000,PMPI_Sendrecv
State,rank-17,MPI_STATE,0.000955,0.000981,0.000026,0.000000,PMPI_Sendrecv
State,rank-17,MPI_STATE,0.000982,0.001035,0.000053,0.000000,PMPI_Sendrecv
State,rank-17,MPI_STATE,0.001038,0.002538,0.001500,0.000000,PMPI_Sendrecv
State,rank-17,MPI_STATE,0.002539,0.005519,0.002980,0.000000,PMPI_Sendrecv
State,rank-17,MPI_STATE,0.005521,0.011473,0.005952,0.000000,PMPI_Sendrecv
State,rank-17,MPI_STATE,0.014466,0.014466,0.000000,0.000000,PMPI_Reduce
State,rank-17,MPI_STATE,0.014468,0.014468,0.000000,0.000000,PMPI_Reduce
State,rank-17,MPI_STATE,0.014469,0.014950,0.000481,0.000000,PMPI_Barrier
State,rank-17,MPI_STATE,0.014951,0.014951,0.000000,0.000000,PMPI_Finalize
State,rank-16,MPI_STATE,0.000000,0.000000,0.000000,0.000000,PMPI_Init
State,rank-16,MPI_STATE,0.000062,0.000408,0.000346,0.000000,PMPI_Barrier
State,rank-16,MPI_STATE,0.000412,0.000923,0.000511,0.000000,PMPI_Scatter
State,rank-16,MPI_STATE,0.000930,0.000938,0.000008,0.000000,PMPI_Sendrecv
State,rank-16,MPI_STATE,0.000939,0.000954,0.000015,0.000000,PMPI_Sendrecv
State,rank-16,MPI_STATE,0.000955,0.000981,0.000026,0.000000,PMPI_Sendrecv
State,rank-16,MPI_STATE,0.000983,0.001036,0.000053,0.000000,PMPI_Sendrecv
State,rank-16,MPI_STATE,0.001037,0.002538,0.001501,0.000000,PMPI_Sendrecv
State,rank-16,MPI_STATE,0.002540,0.005540,0.003000,0.000000,PMPI_Sendrecv
State,rank-16,MPI_STATE,0.005542,0.011533,0.005991,0.000000,PMPI_Sendrecv
State,rank-16,MPI_STATE,0.014757,0.014757,0.000000,0.000000,PMPI_Reduce
State,rank-16,MPI_STATE,0.014759,0.014759,0.000000,0.000000,PMPI_Reduce
State,rank-16,MPI_STATE,0.014761,0.014950,0.000189,0.000000,PMPI_Barrier
State,rank-16,MPI_STATE,0.014952,0.014952,0.000000,0.000000,PMPI_Finalize
State,rank-15,MPI_STATE,0.000000,0.000000,0.000000,0.000000,PMPI_Init
State,rank-15,MPI_STATE,0.000044,0.000407,0.000363,0.000000,PMPI_Barrier
State,rank-15,MPI_STATE,0.000414,0.000692,0.000278,0.000000,PMPI_Scatter
State,rank-15,MPI_STATE,0.000704,0.000713,0.000009,0.000000,PMPI_Sendrecv
State,rank-15,MPI_STATE,0.000715,0.000729,0.000014,0.000000,PMPI_Sendrecv
State,rank-15,MPI_STATE,0.000730,0.000756,0.000026,0.000000,PMPI_Sendrecv
State,rank-15,MPI_STATE,0.000758,0.001021,0.000263,0.000000,PMPI_Sendrecv
State,rank-15,MPI_STATE,0.001024,0.002537,0.001513,0.000000,PMPI_Sendrecv
State,rank-15,MPI_STATE,0.002538,0.005541,0.003003,0.000000,PMPI_Sendrecv
State,rank-15,MPI_STATE,0.005543,0.011535,0.005992,0.000000,PMPI_Sendrecv
State,rank-15,MPI_STATE,0.014781,0.014781,0.000000,0.000000,PMPI_Reduce
State,rank-15,MPI_STATE,0.014783,0.014783,0.000000,0.000000,PMPI_Reduce
State,rank-15,MPI_STATE,0.014784,0.014950,0.000166,0.000000,PMPI_Barrier
State,rank-15,MPI_STATE,0.014952,0.014952,0.000000,0.000000,PMPI_Finalize
State,rank-14,MPI_STATE,0.000000,0.000000,0.000000,0.000000,PMPI_Init
State,rank-14,MPI_STATE,0.000047,0.000407,0.000360,0.000000,PMPI_Barrier
State,rank-14,MPI_STATE,0.000411,0.000692,0.000281,0.000000,PMPI_Scatter
State,rank-14,MPI_STATE,0.000702,0.000713,0.000011,0.000000,PMPI_Sendrecv
State,rank-14,MPI_STATE,0.000714,0.000728,0.000014,0.000000,PMPI_Sendrecv
State,rank-14,MPI_STATE,0.000730,0.000756,0.000026,0.000000,PMPI_Sendrecv
State,rank-14,MPI_STATE,0.000757,0.001018,0.000261,0.000000,PMPI_Sendrecv
State,rank-14,MPI_STATE,0.001020,0.002537,0.001517,0.000000,PMPI_Sendrecv
State,rank-14,MPI_STATE,0.002539,0.005537,0.002998,0.000000,PMPI_Sendrecv
State,rank-14,MPI_STATE,0.005539,0.011535,0.005996,0.000000,PMPI_Sendrecv
State,rank-14,MPI_STATE,0.014942,0.014942,0.000000,0.000000,PMPI_Reduce
State,rank-14,MPI_STATE,0.014944,0.014944,0.000000,0.000000,PMPI_Reduce
State,rank-14,MPI_STATE,0.014946,0.014950,0.000004,0.000000,PMPI_Barrier
State,rank-14,MPI_STATE,0.014951,0.014951,0.000000,0.000000,PMPI_Finalize
State,rank-13,MPI_STATE,0.000000,0.000000,0.000000,0.000000,PMPI_Init
State,rank-13,MPI_STATE,0.000043,0.000407,0.000364,0.000000,PMPI_Barrier
State,rank-13,MPI_STATE,0.000411,0.000692,0.000281,0.000000,PMPI_Scatter
State,rank-13,MPI_STATE,0.000701,0.000710,0.000009,0.000000,PMPI_Sendrecv
State,rank-13,MPI_STATE,0.000712,0.000729,0.000017,0.000000,PMPI_Sendrecv
State,rank-13,MPI_STATE,0.000730,0.000756,0.000026,0.000000,PMPI_Sendrecv
State,rank-13,MPI_STATE,0.000757,0.001019,0.000262,0.000000,PMPI_Sendrecv
State,rank-13,MPI_STATE,0.001020,0.002536,0.001516,0.000000,PMPI_Sendrecv
State,rank-13,MPI_STATE,0.002537,0.005541,0.003004,0.000000,PMPI_Sendrecv
State,rank-13,MPI_STATE,0.005544,0.011536,0.005992,0.000000,PMPI_Sendrecv
State,rank-13,MPI_STATE,0.014853,0.014853,0.000000,0.000000,PMPI_Reduce
State,rank-13,MPI_STATE,0.014856,0.014856,0.000000,0.000000,PMPI_Reduce
State,rank-13,MPI_STATE,0.014857,0.014950,0.000093,0.000000,PMPI_Barrier
State,rank-13,MPI_STATE,0.014952,0.014952,0.000000,0.000000,PMPI_Finalize
State,rank-12,MPI_STATE,0.000000,0.000000,0.000000,0.000000,PMPI_Init
State,rank-12,MPI_STATE,0.000043,0.000407,0.000364,0.000000,PMPI_Barrier
State,rank-12,MPI_STATE,0.000411,0.000692,0.000281,0.000000,PMPI_Scatter
State,rank-12,MPI_STATE,0.000699,0.000710,0.000011,0.000000,PMPI_Sendrecv
State,rank-12,MPI_STATE,0.000711,0.000728,0.000017,0.000000,PMPI_Sendrecv
State,rank-12,MPI_STATE,0.000730,0.000756,0.000026,0.000000,PMPI_Sendrecv
State,rank-12,MPI_STATE,0.000758,0.001019,0.000261,0.000000,PMPI_Sendrecv
State,rank-12,MPI_STATE,0.001021,0.002538,0.001517,0.000000,PMPI_Sendrecv
State,rank-12,MPI_STATE,0.002539,0.005541,0.003002,0.000000,PMPI_Sendrecv
State,rank-12,MPI_STATE,0.005543,0.011536,0.005993,0.000000,PMPI_Sendrecv
State,rank-12,MPI_STATE,0.014722,0.014722,0.000000,0.000000,PMPI_Reduce
State,rank-12,MPI_STATE,0.014725,0.014725,0.000000,0.000000,PMPI_Reduce
State,rank-12,MPI_STATE,0.014727,0.014950,0.000223,0.000000,PMPI_Barrier
State,rank-12,MPI_STATE,0.014952,0.014952,0.000000,0.000000,PMPI_Finalize
State,rank-127,MPI_STATE,0.000000,0.000000,0.000000,0.000000,PMPI_Init
State,rank-127,MPI_STATE,0.000032,0.000408,0.000376,0.000000,PMPI_Barrier
State,rank-127,MPI_STATE,0.000411,0.000923,0.000512,0.000000,PMPI_Scatter
State,rank-127,MPI_STATE,0.000934,0.000942,0.000008,0.000000,PMPI_Sendrecv
State,rank-127,MPI_STATE,0.000945,0.000959,0.000014,0.000000,PMPI_Sendrecv
State,rank-127,MPI_STATE,0.000960,0.000987,0.000027,0.000000,PMPI_Sendrecv
State,rank-127,MPI_STATE,0.000989,0.001038,0.000049,0.000000,PMPI_Sendrecv
State,rank-127,MPI_STATE,0.001039,0.002532,0.001493,0.000000,PMPI_Sendrecv
State,rank-127,MPI_STATE,0.002534,0.005539,0.003005,0.000000,PMPI_Sendrecv
State,rank-127,MPI_STATE,0.005541,0.011533,0.005992,0.000000,PMPI_Sendrecv
State,rank-127,MPI_STATE,0.014702,0.014702,0.000000,0.000000,PMPI_Reduce
State,rank-127,MPI_STATE,0.014704,0.014704,0.000000,0.000000,PMPI_Reduce
State,rank-127,MPI_STATE,0.014706,0.014950,0.000244,0.000000,PMPI_Barrier
State,rank-127,MPI_STATE,0.014952,0.014952,0.000000,0.000000,PMPI_Finalize
State,rank-126,MPI_STATE,0.000000,0.000000,0.000000,0.000000,PMPI_Init
State,rank-126,MPI_STATE,0.000031,0.000408,0.000377,0.000000,PMPI_Barrier
State,rank-126,MPI_STATE,0.000412,0.000923,0.000511,0.000000,PMPI_Scatter
State,rank-126,MPI_STATE,0.000929,0.000942,0.000013,0.000000,PMPI_Sendrecv
State,rank-126,MPI_STATE,0.000944,0.000959,0.000015,0.000000,PMPI_Sendrecv
State,rank-126,MPI_STATE,0.000962,0.000988,0.000026,0.000000,PMPI_Sendrecv
State,rank-126,MPI_STATE,0.000989,0.001041,0.000052,0.000000,PMPI_Sendrecv
State,rank-126,MPI_STATE,0.001043,0.002542,0.001499,0.000000,PMPI_Sendrecv
State,rank-126,MPI_STATE,0.002543,0.005542,0.002999,0.000000,PMPI_Sendrecv
State,rank-126,MPI_STATE,0.005544,0.011534,0.005990,0.000000,PMPI_Sendrecv
State,rank-126,MPI_STATE,0.014757,0.014757,0.000000,0.000000,PMPI_Reduce
State,rank-126,MPI_STATE,0.014760,0.014760,0.000000,0.000000,PMPI_Reduce
State,rank-126,MPI_STATE,0.014763,0.014950,0.000187,0.000000,PMPI_Barrier
State,rank-126,MPI_STATE,0.014952,0.014952,0.000000,0.000000,PMPI_Finalize
State,rank-125,MPI_STATE,0.000000,0.000000,0.000000,0.000000,PMPI_Init
State,rank-125,MPI_STATE,0.000032,0.000408,0.000376,0.000000,PMPI_Barrier
State,rank-125,MPI_STATE,0.000412,0.000923,0.000511,0.000000,PMPI_Scatter
State,rank-125,MPI_STATE,0.000934,0.000943,0.000009,0.000000,PMPI_Sendrecv
State,rank-125,MPI_STATE,0.000945,0.000959,0.000014,0.000000,PMPI_Sendrecv
State,rank-125,MPI_STATE,0.000961,0.000987,0.000026,0.000000,PMPI_Sendrecv
State,rank-125,MPI_STATE,0.000989,0.001039,0.000050,0.000000,PMPI_Sendrecv
State,rank-125,MPI_STATE,0.001042,0.002542,0.001500,0.000000,PMPI_Sendrecv
State,rank-125,MPI_STATE,0.002543,0.005541,0.002998,0.000000,PMPI_Sendrecv
State,rank-125,MPI_STATE,0.005543,0.011534,0.005991,0.000000,PMPI_Sendrecv
State,rank-125,MPI_STATE,0.014843,0.014843,0.000000,0.000000,PMPI_Reduce
State,rank-125,MPI_STATE,0.014845,0.014845,0.000000,0.000000,PMPI_Reduce
State,rank-125,MPI_STATE,0.014847,0.014950,0.000103,0.000000,PMPI_Barrier
State,rank-125,MPI_STATE,0.014952,0.014952,0.000000,0.000000,PMPI_Finalize
State,rank-124,MPI_STATE,0.000000,0.000000,0.000000,0.000000,PMPI_Init
State,rank-124,MPI_STATE,0.000032,0.000408,0.000376,0.000000,PMPI_Barrier
State,rank-124,MPI_STATE,0.000412,0.000923,0.000511,0.000000,PMPI_Scatter
State,rank-124,MPI_STATE,0.000935,0.000943,0.000008,0.000000,PMPI_Sendrecv
State,rank-124,MPI_STATE,0.000945,0.000959,0.000014,0.000000,PMPI_Sendrecv
State,rank-124,MPI_STATE,0.000960,0.000987,0.000027,0.000000,PMPI_Sendrecv
State,rank-124,MPI_STATE,0.000990,0.001040,0.000050,0.000000,PMPI_Sendrecv
State,rank-124,MPI_STATE,0.001043,0.002542,0.001499,0.000000,PMPI_Sendrecv
State,rank-124,MPI_STATE,0.002544,0.005542,0.002998,0.000000,PMPI_Sendrecv
State,rank-124,MPI_STATE,0.005543,0.011533,0.005990,0.000000,PMPI_Sendrecv
State,rank-124,MPI_STATE,0.014806,0.014806,0.000000,0.000000,PMPI_Reduce
State,rank-124,MPI_STATE,0.014809,0.014809,0.000000,0.000000,PMPI_Reduce
State,rank-124,MPI_STATE,0.014810,0.014950,0.000140,0.000000,PMPI_Barrier
State,rank-124,MPI_STATE,0.014951,0.014951,0.000000,0.000000,PMPI_Finalize
State,rank-123,MPI_STATE,0.000000,0.000000,0.000000,0.000000,PMPI_Init
State,rank-123,MPI_STATE,0.000033,0.000408,0.000375,0.000000,PMPI_Barrier
State,rank-123,MPI_STATE,0.000412,0.000923,0.000511,0.000000,PMPI_Scatter
State,rank-123,MPI_STATE,0.000932,0.000941,0.000009,0.000000,PMPI_Sendrecv
State,rank-123,MPI_STATE,0.000943,0.000959,0.000016,0.000000,PMPI_Sendrecv
State,rank-123,MPI_STATE,0.000961,0.000987,0.000026,0.000000,PMPI_Sendrecv
State,rank-123,MPI_STATE,0.000989,0.001038,0.000049,0.000000,PMPI_Sendrecv
State,rank-123,MPI_STATE,0.001040,0.002539,0.001499,0.000000,PMPI_Sendrecv
State,rank-123,MPI_STATE,0.002540,0.005539,0.002999,0.000000,PMPI_Sendrecv
State,rank-123,MPI_STATE,0.005540,0.011533,0.005993,0.000000,PMPI_Sendrecv
State,rank-123,MPI_STATE,0.014736,0.014736,0.000000,0.000000,PMPI_Reduce
State,rank-123,MPI_STATE,0.014738,0.014738,0.000000,0.000000,PMPI_Reduce
State,rank-123,MPI_STATE,0.014741,0.014950,0.000209,0.000000,PMPI_Barrier
State,rank-123,MPI_STATE,0.014952,0.014952,0.000000,0.000000,PMPI_Finalize
State,rank-122,MPI_STATE,0.000000,0.000000,0.000000,0.000000,PMPI_Init
State,rank-122,MPI_STATE,0.000040,0.000408,0.000368,0.000000,PMPI_Barrier
State,rank-122,MPI_STATE,0.000412,0.000923,0.000511,0.000000,PMPI_Scatter
State,rank-122,MPI_STATE,0.000933,0.000941,0.000008,0.000000,PMPI_Sendrecv
State,rank-122,MPI_STATE,0.000943,0.000959,0.000016,0.000000,PMPI_Sendrecv
State,rank-122,MPI_STATE,0.000960,0.000988,0.000028,0.000000,PMPI_Sendrecv
State,rank-122,MPI_STATE,0.000990,0.001040,0.000050,0.000000,PMPI_Sendrecv
State,rank-122,MPI_STATE,0.001041,0.002541,0.001500,0.000000,PMPI_Sendrecv
State,rank-122,MPI_STATE,0.002543,0.005541,0.002998,0.000000,PMPI_Sendrecv
State,rank-122,MPI_STATE,0.005542,0.011532,0.005990,0.000000,PMPI_Sendrecv
State,rank-122,MPI_STATE,0.014707,0.014707,0.000000,0.000000,PMPI_Reduce
State,rank-122,MPI_STATE,0.014710,0.014710,0.000000,0.000000,PMPI_Reduce
State,rank-122,MPI_STATE,0.014712,0.014950,0.000238,0.000000,PMPI_Barrier
State,rank-122,MPI_STATE,0.014952,0.014952,0.000000,0.000000,PMPI_Finalize
State,rank-121,MPI_STATE,0.000000,0.000000,0.000000,0.000000,PMPI_Init
State,rank-121,MPI_STATE,0.000033,0.000408,0.000375,0.000000,PMPI_Barrier
State,rank-121,MPI_STATE,0.000411,0.000923,0.000512,0.000000,PMPI_Scatter
State,rank-121,MPI_STATE,0.000929,0.000943,0.000014,0.000000,PMPI_Sendrecv
State,rank-121,MPI_STATE,0.000945,0.000959,0.000014,0.000000,PMPI_Sendrecv
State,rank-121,MPI_STATE,0.000960,0.000987,0.000027,0.000000,PMPI_Sendrecv
State,rank-121,MPI_STATE,0.000989,0.001038,0.000049,0.000000,PMPI_Sendrecv
State,rank-121,MPI_STATE,0.001040,0.002539,0.001499,0.000000,PMPI_Sendrecv
State,rank-121,MPI_STATE,0.002540,0.005538,0.002998,0.000000,PMPI_Sendrecv
State,rank-121,MPI_STATE,0.005541,0.011526,0.005985,0.000000,PMPI_Sendrecv
State,rank-121,MPI_STATE,0.014511,0.014511,0.000000,0.000000,PMPI_Reduce
State,rank-121,MPI_STATE,0.014514,0.014514,0.000000,0.000000,PMPI_Reduce
State,rank-121,MPI_STATE,0.014516,0.014950,0.000434,0.000000,PMPI_Barrier
State,rank-121,MPI_STATE,0.014952,0.014952,0.000000,0.000000,PMPI_Finalize
State,rank-120,MPI_STATE,0.000000,0.000000,0.000000,0.000000,PMPI_Init
State,rank-120,MPI_STATE,0.000032,0.000408,0.000376,0.000000,PMPI_Barrier
State,rank-120,MPI_STATE,0.000412,0.000923,0.000511,0.000000,PMPI_Scatter
State,rank-120,MPI_STATE,0.000935,0.000943,0.000008,0.000000,PMPI_Sendrecv
State,rank-120,MPI_STATE,0.000945,0.000959,0.000014,0.000000,PMPI_Sendrecv
State,rank-120,MPI_STATE,0.000961,0.000987,0.000026,0.000000,PMPI_Sendrecv
State,rank-120,MPI_STATE,0.000988,0.001041,0.000053,0.000000,PMPI_Sendrecv
State,rank-120,MPI_STATE,0.001043,0.002542,0.001499,0.000000,PMPI_Sendrecv
State,rank-120,MPI_STATE,0.002544,0.005542,0.002998,0.000000,PMPI_Sendrecv
State,rank-120,MPI_STATE,0.005544,0.011534,0.005990,0.000000,PMPI_Sendrecv
State,rank-120,MPI_STATE,0.014861,0.014861,0.000000,0.000000,PMPI_Reduce
State,rank-120,MPI_STATE,0.014863,0.014863,0.000000,0.000000,PMPI_Reduce
State,rank-120,MPI_STATE,0.014865,0.014950,0.000085,0.000000,PMPI_Barrier
State,rank-120,MPI_STATE,0.014951,0.014951,0.000000,0.000000,PMPI_Finalize
State,rank-119,MPI_STATE,0.000000,0.000000,0.000000,0.000000,PMPI_Init
State,rank-119,MPI_STATE,0.000033,0.000408,0.000375,0.000000,PMPI_Barrier
State,rank-119,MPI_STATE,0.000411,0.000923,0.000512,0.000000,PMPI_Scatter
State,rank-119,MPI_STATE,0.000934,0.000942,0.000008,0.000000,PMPI_Sendrecv
State,rank-119,MPI_STATE,0.000944,0.000960,0.000016,0.000000,PMPI_Sendrecv
State,rank-119,MPI_STATE,0.000961,0.000987,0.000026,0.000000,PMPI_Sendrecv
State,rank-119,MPI_STATE,0.000989,0.001038,0.000049,0.000000,PMPI_Sendrecv
State,rank-119,MPI_STATE,0.001040,0.002539,0.001499,0.000000,PMPI_Sendrecv
State,rank-119,MPI_STATE,0.002541,0.005539,0.002998,0.000000,PMPI_Sendrecv
State,rank-119,MPI_STATE,0.005541,0.011533,0.005992,0.000000,PMPI_Sendrecv
State,rank-119,MPI_STATE,0.014739,0.014739,0.000000,0.000000,PMPI_Reduce
State,rank-119,MPI_STATE,0.014741,0.014741,0.000000,0.000000,PMPI_Reduce
State,rank-119,MPI_STATE,0.014743,0.014950,0.000207,0.000000,PMPI_Barrier
State,rank-119,MPI_STATE,0.014952,0.014952,0.000000,0.000000,PMPI_Finalize
State,rank-11,MPI_STATE,0.000000,0.000000,0.000000,0.000000,PMPI_Init
State,rank-11,MPI_STATE,0.000044,0.000407,0.000363,0.000000,PMPI_Barrier
State,rank-11,MPI_STATE,0.000411,0.000692,0.000281,0.000000,PMPI_Scatter
State,rank-11,MPI_STATE,0.000698,0.000707,0.000009,0.000000,PMPI_Sendrecv
State,rank-11,MPI_STATE,0.000708,0.000723,0.000015,0.000000,PMPI_Sendrecv
State,rank-11,MPI_STATE,0.000725,0.000756,0.000031,0.000000,PMPI_Sendrecv
State,rank-11,MPI_STATE,0.000757,0.001019,0.000262,0.000000,PMPI_Sendrecv
State,rank-11,MPI_STATE,0.001021,0.002536,0.001515,0.000000,PMPI_Sendrecv
State,rank-11,MPI_STATE,0.002537,0.005541,0.003004,0.000000,PMPI_Sendrecv
State,rank-11,MPI_STATE,0.005543,0.011535,0.005992,0.000000,PMPI_Sendrecv
State,rank-11,MPI_STATE,0.014826,0.014826,0.000000,0.000000,PMPI_Reduce
State,rank-11,MPI_STATE,0.014828,0.014828,0.000000,0.000000,PMPI_Reduce
State,rank-11,MPI_STATE,0.014829,0.014950,0.000121,0.000000,PMPI_Barrier
State,rank-11,MPI_STATE,0.014951,0.014951,0.000000,0.000000,PMPI_Finalize
State,rank-118,MPI_STATE,0.000000,0.000000,0.000000,0.000000,PMPI_Init
State,rank-118,MPI_STATE,0.000031,0.000408,0.000377,0.000000,PMPI_Barrier
State,rank-118,MPI_STATE,0.000412,0.000923,0.000511,0.000000,PMPI_Scatter
State,rank-118,MPI_STATE,0.000930,0.000942,0.000012,0.000000,PMPI_Sendrecv
State,rank-118,MPI_STATE,0.000943,0.000961,0.000018,0.000000,PMPI_Sendrecv
State,rank-118,MPI_STATE,0.000964,0.000990,0.000026,0.000000,PMPI_Sendrecv
State,rank-118,MPI_STATE,0.000992,0.001041,0.000049,0.000000,PMPI_Sendrecv
State,rank-118,MPI_STATE,0.001043,0.002542,0.001499,0.000000,PMPI_Sendrecv
State,rank-118,MPI_STATE,0.002544,0.005542,0.002998,0.000000,PMPI_Sendrecv
State,rank-118,MPI_STATE,0.005544,0.011534,0.005990,0.000000,PMPI_Sendrecv
State,rank-118,MPI_STATE,0.014745,0.014745,0.000000,0.000000,PMPI_Reduce
State,rank-118,MPI_STATE,0.014747,0.014747,0.000000,0.000000,PMPI_Reduce
State,rank-118,MPI_STATE,0.014748,0.014950,0.000202,0.000000,PMPI_Barrier
State,rank-118,MPI_STATE,0.014952,0.014952,0.000000,0.000000,PMPI_Finalize
State,rank-117,MPI_STATE,0.000000,0.000000,0.000000,0.000000,PMPI_Init
State,rank-117,MPI_STATE,0.000031,0.000408,0.000377,0.000000,PMPI_Barrier
State,rank-117,MPI_STATE,0.000412,0.000923,0.000511,0.000000,PMPI_Scatter
State,rank-117,MPI_STATE,0.000932,0.000944,0.000012,0.000000,PMPI_Sendrecv
State,rank-117,MPI_STATE,0.000946,0.000960,0.000014,0.000000,PMPI_Sendrecv
State,rank-117,MPI_STATE,0.000962,0.000988,0.000026,0.000000,PMPI_Sendrecv
State,rank-117,MPI_STATE,0.000990,0.001039,0.000049,0.000000,PMPI_Sendrecv
State,rank-117,MPI_STATE,0.001041,0.002541,0.001500,0.000000,PMPI_Sendrecv
State,rank-117,MPI_STATE,0.002542,0.005540,0.002998,0.000000,PMPI_Sendrecv
State,rank-117,MPI_STATE,0.005541,0.011533,0.005992,0.000000,PMPI_Sendrecv
State,rank-117,MPI_STATE,0.014700,0.014700,0.000000,0.000000,PMPI_Reduce
State,rank-117,MPI_STATE,0.014702,0.014702,0.000000,0.000000,PMPI_Reduce
State,rank-117,MPI_STATE,0.014705,0.014950,0.000245,0.000000,PMPI_Barrier
State,rank-117,MPI_STATE,0.014952,0.014952,0.000000,0.000000,PMPI_Finalize
State,rank-116,MPI_STATE,0.000000,0.000000,0.000000,0.000000,PMPI_Init
State,rank-116,MPI_STATE,0.000033,0.000408,0.000375,0.000000,PMPI_Barrier
State,rank-116,MPI_STATE,0.000411,0.000923,0.000512,0.000000,PMPI_Scatter
State,rank-116,MPI_STATE,0.000936,0.000944,0.000008,0.000000,PMPI_Sendrecv
State,rank-116,MPI_STATE,0.000947,0.000961,0.000014,0.000000,PMPI_Sendrecv
State,rank-116,MPI_STATE,0.000963,0.000989,0.000026,0.000000,PMPI_Sendrecv
State,rank-116,MPI_STATE,0.000991,0.001040,0.000049,0.000000,PMPI_Sendrecv
State,rank-116,MPI_STATE,0.001042,0.002542,0.001500,0.000000,PMPI_Sendrecv
State,rank-116,MPI_STATE,0.002543,0.005541,0.002998,0.000000,PMPI_Sendrecv
State,rank-116,MPI_STATE,0.005543,0.011534,0.005991,0.000000,PMPI_Sendrecv
State,rank-116,MPI_STATE,0.014794,0.014794,0.000000,0.000000,PMPI_Reduce
State,rank-116,MPI_STATE,0.014796,0.014796,0.000000,0.000000,PMPI_Reduce
State,rank-116,MPI_STATE,0.014798,0.014950,0.000152,0.000000,PMPI_Barrier
State,rank-116,MPI_STATE,0.014952,0.014952,0.000000,0.000000,PMPI_Finalize
State,rank-115,MPI_STATE,0.000000,0.000000,0.000000,0.000000,PMPI_Init
State,rank-115,MPI_STATE,0.000035,0.000408,0.000373,0.000000,PMPI_Barrier
State,rank-115,MPI_STATE,0.000412,0.000923,0.000511,0.000000,PMPI_Scatter
State,rank-115,MPI_STATE,0.000932,0.000944,0.000012,0.000000,PMPI_Sendrecv
State,rank-115,MPI_STATE,0.000945,0.000959,0.000014,0.000000,PMPI_Sendrecv
State,rank-115,MPI_STATE,0.000960,0.000987,0.000027,0.000000,PMPI_Sendrecv
State,rank-115,MPI_STATE,0.000989,0.001038,0.000049,0.000000,PMPI_Sendrecv
State,rank-115,MPI_STATE,0.001040,0.002539,0.001499,0.000000,PMPI_Sendrecv
State,rank-115,MPI_STATE,0.002541,0.005538,0.002997,0.000000,PMPI_Sendrecv
State,rank-115,MPI_STATE,0.005540,0.011523,0.005983,0.000000,PMPI_Sendrecv
State,rank-115,MPI_STATE,0.014533,0.014533,0.000000,0.000000,PMPI_Reduce
State,rank-115,MPI_STATE,0.014535,0.014535,0.000000,0.000000,PMPI_Reduce
State,rank-115,MPI_STATE,0.014538,0.014950,0.000412,0.000000,PMPI_Barrier
State,rank-115,MPI_STATE,0.014952,0.014952,0.000000,0.000000,PMPI_Finalize
State,rank-114,MPI_STATE,0.000000,0.000000,0.000000,0.000000,PMPI_Init
State,rank-114,MPI_STATE,0.000033,0.000408,0.000375,0.000000,PMPI_Barrier
State,rank-114,MPI_STATE,0.000412,0.000923,0.000511,0.000000,PMPI_Scatter
State,rank-114,MPI_STATE,0.000936,0.000944,0.000008,0.000000,PMPI_Sendrecv
State,rank-114,MPI_STATE,0.000945,0.000959,0.000014,0.000000,PMPI_Sendrecv
State,rank-114,MPI_STATE,0.000960,0.000990,0.000030,0.000000,PMPI_Sendrecv
State,rank-114,MPI_STATE,0.000991,0.001040,0.000049,0.000000,PMPI_Sendrecv
State,rank-114,MPI_STATE,0.001042,0.002542,0.001500,0.000000,PMPI_Sendrecv
State,rank-114,MPI_STATE,0.002544,0.005542,0.002998,0.000000,PMPI_Sendrecv
State,rank-114,MPI_STATE,0.005544,0.011534,0.005990,0.000000,PMPI_Sendrecv
State,rank-114,MPI_STATE,0.014774,0.014774,0.000000,0.000000,PMPI_Reduce
State,rank-114,MPI_STATE,0.014776,0.014776,0.000000,0.000000,PMPI_Reduce
State,rank-114,MPI_STATE,0.014777,0.014950,0.000173,0.000000,PMPI_Barrier
State,rank-114,MPI_STATE,0.014953,0.014953,0.000000,0.000000,PMPI_Finalize
State,rank-113,MPI_STATE,0.000000,0.000000,0.000000,0.000000,PMPI_Init
State,rank-113,MPI_STATE,0.000032,0.000408,0.000376,0.000000,PMPI_Barrier
State,rank-113,MPI_STATE,0.000411,0.000923,0.000512,0.000000,PMPI_Scatter
State,rank-113,MPI_STATE,0.000933,0.000941,0.000008,0.000000,PMPI_Sendrecv
State,rank-113,MPI_STATE,0.000943,0.000959,0.000016,0.000000,PMPI_Sendrecv
State,rank-113,MPI_STATE,0.000960,0.000988,0.000028,0.000000,PMPI_Sendrecv
State,rank-113,MPI_STATE,0.000989,0.001038,0.000049,0.000000,PMPI_Sendrecv
State,rank-113,MPI_STATE,0.001039,0.002532,0.001493,0.000000,PMPI_Sendrecv
State,rank-113,MPI_STATE,0.002533,0.005526,0.002993,0.000000,PMPI_Sendrecv
State,rank-113,MPI_STATE,0.005528,0.011463,0.005935,0.000000,PMPI_Sendrecv
State,rank-113,MPI_STATE,0.014479,0.014479,0.000000,0.000000,PMPI_Reduce
State,rank-113,MPI_STATE,0.014481,0.014481,0.000000,0.000000,PMPI_Reduce
State,rank-113,MPI_STATE,0.014482,0.014950,0.000468,0.000000,PMPI_Barrier
State,rank-113,MPI_STATE,0.014952,0.014952,0.000000,0.000000,PMPI_Finalize
State,rank-112,MPI_STATE,0.000000,0.000000,0.000000,0.000000,PMPI_Init
State,rank-112,MPI_STATE,0.000030,0.000408,0.000378,0.000000,PMPI_Barrier
State,rank-112,MPI_STATE,0.000412,0.000923,0.000511,0.000000,PMPI_Scatter
State,rank-112,MPI_STATE,0.000933,0.000941,0.000008,0.000000,PMPI_Sendrecv
State,rank-112,MPI_STATE,0.000942,0.000959,0.000017,0.000000,PMPI_Sendrecv
State,rank-112,MPI_STATE,0.000961,0.000989,0.000028,0.000000,PMPI_Sendrecv
State,rank-112,MPI_STATE,0.000992,0.001041,0.000049,0.000000,PMPI_Sendrecv
State,rank-112,MPI_STATE,0.001043,0.002542,0.001499,0.000000,PMPI_Sendrecv
State,rank-112,MPI_STATE,0.002543,0.005542,0.002999,0.000000,PMPI_Sendrecv
State,rank-112,MPI_STATE,0.005544,0.011534,0.005990,0.000000,PMPI_Sendrecv
State,rank-112,MPI_STATE,0.014757,0.014757,0.000000,0.000000,PMPI_Reduce
State,rank-112,MPI_STATE,0.014759,0.014759,0.000000,0.000000,PMPI_Reduce
State,rank-112,MPI_STATE,0.014761,0.014950,0.000189,0.000000,PMPI_Barrier
State,rank-112,MPI_STATE,0.014952,0.014952,0.000000,0.000000,PMPI_Finalize
State,rank-111,MPI_STATE,0.000000,0.000000,0.000000,0.000000,PMPI_Init
State,rank-111,MPI_STATE,0.000032,0.000408,0.000376,0.000000,PMPI_Barrier
State,rank-111,MPI_STATE,0.000412,0.000923,0.000511,0.000000,PMPI_Scatter
State,rank-111,MPI_STATE,0.000934,0.000942,0.000008,0.000000,PMPI_Sendrecv
State,rank-111,MPI_STATE,0.000943,0.000959,0.000016,0.000000,PMPI_Sendrecv
State,rank-111,MPI_STATE,0.000960,0.000986,0.000026,0.000000,PMPI_Sendrecv
State,rank-111,MPI_STATE,0.000988,0.001037,0.000049,0.000000,PMPI_Sendrecv
State,rank-111,MPI_STATE,0.001038,0.002532,0.001494,0.000000,PMPI_Sendrecv
State,rank-111,MPI_STATE,0.002535,0.005521,0.002986,0.000000,PMPI_Sendrecv
State,rank-111,MPI_STATE,0.005524,0.011536,0.006012,0.000000,PMPI_Sendrecv
State,rank-111,MPI_STATE,0.014732,0.014732,0.000000,0.000000,PMPI_Reduce
State,rank-111,MPI_STATE,0.014734,0.014734,0.000000,0.000000,PMPI_Reduce
State,rank-111,MPI_STATE,0.014735,0.014950,0.000215,0.000000,PMPI_Barrier
State,rank-111,MPI_STATE,0.014952,0.014952,0.000000,0.000000,PMPI_Finalize
State,rank-110,MPI_STATE,0.000000,0.000000,0.000000,0.000000,PMPI_Init
State,rank-110,MPI_STATE,0.000038,0.000408,0.000370,0.000000,PMPI_Barrier
State,rank-110,MPI_STATE,0.000412,0.000923,0.000511,0.000000,PMPI_Scatter
State,rank-110,MPI_STATE,0.000929,0.000942,0.000013,0.000000,PMPI_Sendrecv
State,rank-110,MPI_STATE,0.000944,0.000960,0.000016,0.000000,PMPI_Sendrecv
State,rank-110,MPI_STATE,0.000962,0.000988,0.000026,0.000000,PMPI_Sendrecv
State,rank-110,MPI_STATE,0.000990,0.001039,0.000049,0.000000,PMPI_Sendrecv
State,rank-110,MPI_STATE,0.001040,0.002542,0.001502,0.000000,PMPI_Sendrecv
State,rank-110,MPI_STATE,0.002543,0.005541,0.002998,0.000000,PMPI_Sendrecv
State,rank-110,MPI_STATE,0.005543,0.011536,0.005993,0.000000,PMPI_Sendrecv
State,rank-110,MPI_STATE,0.014772,0.014772,0.000000,0.000000,PMPI_Reduce
State,rank-110,MPI_STATE,0.014774,0.014774,0.000000,0.000000,PMPI_Reduce
State,rank-110,MPI_STATE,0.014776,0.014950,0.000174,0.000000,PMPI_Barrier
State,rank-110,MPI_STATE,0.014951,0.014951,0.000000,0.000000,PMPI_Finalize
State,rank-109,MPI_STATE,0.000000,0.000000,0.000000,0.000000,PMPI_Init
State,rank-109,MPI_STATE,0.000033,0.000408,0.000375,0.000000,PMPI_Barrier
State,rank-109,MPI_STATE,0.000411,0.000923,0.000512,0.000000,PMPI_Scatter
State,rank-109,MPI_STATE,0.000936,0.000944,0.000008,0.000000,PMPI_Sendrecv
State,rank-109,MPI_STATE,0.000945,0.000959,0.000014,0.000000,PMPI_Sendrecv
State,rank-109,MPI_STATE,0.000961,0.000987,0.000026,0.000000,PMPI_Sendrecv
State,rank-109,MPI_STATE,0.000989,0.001038,0.000049,0.000000,PMPI_Sendrecv
State,rank-109,MPI_STATE,0.001039,0.002542,0.001503,0.000000,PMPI_Sendrecv
State,rank-109,MPI_STATE,0.002543,0.005540,0.002997,0.000000,PMPI_Sendrecv
State,rank-109,MPI_STATE,0.005542,0.011536,0.005994,0.000000,PMPI_Sendrecv
State,rank-109,MPI_STATE,0.014738,0.014738,0.000000,0.000000,PMPI_Reduce
State,rank-109,MPI_STATE,0.014740,0.014740,0.000000,0.000000,PMPI_Reduce
State,rank-109,MPI_STATE,0.014742,0.014950,0.000208,0.000000,PMPI_Barrier
State,rank-109,MPI_STATE,0.014952,0.014952,0.000000,0.000000,PMPI_Finalize
State,rank-10,MPI_STATE,0.000000,0.000000,0.000000,0.000000,PMPI_Init
State,rank-10,MPI_STATE,0.000053,0.000407,0.000354,0.000000,PMPI_Barrier
State,rank-10,MPI_STATE,0.000411,0.000692,0.000281,0.000000,PMPI_Scatter
State,rank-10,MPI_STATE,0.000698,0.000707,0.000009,0.000000,PMPI_Sendrecv
State,rank-10,MPI_STATE,0.000709,0.000723,0.000014,0.000000,PMPI_Sendrecv
State,rank-10,MPI_STATE,0.000724,0.000756,0.000032,0.000000,PMPI_Sendrecv
State,rank-10,MPI_STATE,0.000757,0.001017,0.000260,0.000000,PMPI_Sendrecv
State,rank-10,MPI_STATE,0.001019,0.002536,0.001517,0.000000,PMPI_Sendrecv
State,rank-10,MPI_STATE,0.002538,0.005541,0.003003,0.000000,PMPI_Sendrecv
State,rank-10,MPI_STATE,0.005543,0.011535,0.005992,0.000000,PMPI_Sendrecv
State,rank-10,MPI_STATE,0.014798,0.014798,0.000000,0.000000,PMPI_Reduce
State,rank-10,MPI_STATE,0.014801,0.014801,0.000000,0.000000,PMPI_Reduce
State,rank-10,MPI_STATE,0.014803,0.014950,0.000147,0.000000,PMPI_Barrier
State,rank-10,MPI_STATE,0.014952,0.014952,0.000000,0.000000,PMPI_Finalize
State,rank-108,MPI_STATE,0.000000,0.000000,0.000000,0.000000,PMPI_Init
State,rank-108,MPI_STATE,0.000030,0.000408,0.000378,0.000000,PMPI_Barrier
State,rank-108,MPI_STATE,0.000415,0.000923,0.000508,0.000000,PMPI_Scatter
State,rank-108,MPI_STATE,0.000930,0.000944,0.000014,0.000000,PMPI_Sendrecv
State,rank-108,MPI_STATE,0.000946,0.000960,0.000014,0.000000,PMPI_Sendrecv
State,rank-108,MPI_STATE,0.000961,0.000987,0.000026,0.000000,PMPI_Sendrecv
State,rank-108,MPI_STATE,0.000989,0.001038,0.000049,0.000000,PMPI_Sendrecv
State,rank-108,MPI_STATE,0.001039,0.002542,0.001503,0.000000,PMPI_Sendrecv
State,rank-108,MPI_STATE,0.002543,0.005541,0.002998,0.000000,PMPI_Sendrecv
State,rank-108,MPI_STATE,0.005543,0.011536,0.005993,0.000000,PMPI_Sendrecv
State,rank-108,MPI_STATE,0.014762,0.014762,0.000000,0.000000,PMPI_Reduce
State,rank-108,MPI_STATE,0.014763,0.014763,0.000000,0.000000,PMPI_Reduce
State,rank-108,MPI_STATE,0.014766,0.014950,0.000184,0.000000,PMPI_Barrier
State,rank-108,MPI_STATE,0.014951,0.014951,0.000000,0.000000,PMPI_Finalize
State,rank-107,MPI_STATE,0.000000,0.000000,0.000000,0.000000,PMPI_Init
State,rank-107,MPI_STATE,0.000032,0.000408,0.000376,0.000000,PMPI_Barrier
State,rank-107,MPI_STATE,0.000412,0.000923,0.000511,0.000000,PMPI_Scatter
State,rank-107,MPI_STATE,0.000930,0.000938,0.000008,0.000000,PMPI_Sendrecv
State,rank-107,MPI_STATE,0.000941,0.000956,0.000015,0.000000,PMPI_Sendrecv
State,rank-107,MPI_STATE,0.000957,0.000986,0.000029,0.000000,PMPI_Sendrecv
State,rank-107,MPI_STATE,0.000988,0.001037,0.000049,0.000000,PMPI_Sendrecv
State,rank-107,MPI_STATE,0.001038,0.002539,0.001501,0.000000,PMPI_Sendrecv
State,rank-107,MPI_STATE,0.002541,0.005536,0.002995,0.000000,PMPI_Sendrecv
State,rank-107,MPI_STATE,0.005537,0.011536,0.005999,0.000000,PMPI_Sendrecv
State,rank-107,MPI_STATE,0.014754,0.014754,0.000000,0.000000,PMPI_Reduce
State,rank-107,MPI_STATE,0.014757,0.014757,0.000000,0.000000,PMPI_Reduce
State,rank-107,MPI_STATE,0.014758,0.014950,0.000192,0.000000,PMPI_Barrier
State,rank-107,MPI_STATE,0.014952,0.014952,0.000000,0.000000,PMPI_Finalize
State,rank-106,MPI_STATE,0.000000,0.000000,0.000000,0.000000,PMPI_Init
State,rank-106,MPI_STATE,0.000034,0.000408,0.000374,0.000000,PMPI_Barrier
State,rank-106,MPI_STATE,0.000412,0.000923,0.000511,0.000000,PMPI_Scatter
State,rank-106,MPI_STATE,0.000929,0.000938,0.000009,0.000000,PMPI_Sendrecv
State,rank-106,MPI_STATE,0.000940,0.000956,0.000016,0.000000,PMPI_Sendrecv
State,rank-106,MPI_STATE,0.000958,0.000988,0.000030,0.000000,PMPI_Sendrecv
State,rank-106,MPI_STATE,0.000989,0.001038,0.000049,0.000000,PMPI_Sendrecv
State,rank-106,MPI_STATE,0.001040,0.002541,0.001501,0.000000,PMPI_Sendrecv
State,rank-106,MPI_STATE,0.002543,0.005540,0.002997,0.000000,PMPI_Sendrecv
State,rank-106,MPI_STATE,0.005541,0.011536,0.005995,0.000000,PMPI_Sendrecv
State,rank-106,MPI_STATE,0.014729,0.014729,0.000000,0.000000,PMPI_Reduce
State,rank-106,MPI_STATE,0.014731,0.014731,0.000000,0.000000,PMPI_Reduce
State,rank-106,MPI_STATE,0.014733,0.014950,0.000217,0.000000,PMPI_Barrier
State,rank-106,MPI_STATE,0.014952,0.014952,0.000000,0.000000,PMPI_Finalize
State,rank-105,MPI_STATE,0.000000,0.000000,0.000000,0.000000,PMPI_Init
State,rank-105,MPI_STATE,0.000033,0.000408,0.000375,0.000000,PMPI_Barrier
State,rank-105,MPI_STATE,0.000411,0.000923,0.000512,0.000000,PMPI_Scatter
State,rank-105,MPI_STATE,0.000929,0.000940,0.000011,0.000000,PMPI_Sendrecv
State,rank-105,MPI_STATE,0.000942,0.000956,0.000014,0.000000,PMPI_Sendrecv
State,rank-105,MPI_STATE,0.000958,0.000987,0.000029,0.000000,PMPI_Sendrecv
State,rank-105,MPI_STATE,0.000988,0.001037,0.000049,0.000000,PMPI_Sendrecv
State,rank-105,MPI_STATE,0.001039,0.002539,0.001500,0.000000,PMPI_Sendrecv
State,rank-105,MPI_STATE,0.002541,0.005541,0.003000,0.000000,PMPI_Sendrecv
State,rank-105,MPI_STATE,0.005542,0.011531,0.005989,0.000000,PMPI_Sendrecv
State,rank-105,MPI_STATE,0.014699,0.014699,0.000000,0.000000,PMPI_Reduce
State,rank-105,MPI_STATE,0.014701,0.014701,0.000000,0.000000,PMPI_Reduce
State,rank-105,MPI_STATE,0.014704,0.014950,0.000246,0.000000,PMPI_Barrier
State,rank-105,MPI_STATE,0.014952,0.014952,0.000000,0.000000,PMPI_Finalize
State,rank-104,MPI_STATE,0.000000,0.000000,0.000000,0.000000,PMPI_Init
State,rank-104,MPI_STATE,0.000034,0.000408,0.000374,0.000000,PMPI_Barrier
State,rank-104,MPI_STATE,0.000412,0.000923,0.000511,0.000000,PMPI_Scatter
State,rank-104,MPI_STATE,0.000932,0.000940,0.000008,0.000000,PMPI_Sendrecv
State,rank-104,MPI_STATE,0.000942,0.000956,0.000014,0.000000,PMPI_Sendrecv
State,rank-104,MPI_STATE,0.000957,0.000987,0.000030,0.000000,PMPI_Sendrecv
State,rank-104,MPI_STATE,0.000988,0.001037,0.000049,0.000000,PMPI_Sendrecv
State,rank-104,MPI_STATE,0.001039,0.002542,0.001503,0.000000,PMPI_Sendrecv
State,rank-104,MPI_STATE,0.002544,0.005541,0.002997,0.000000,PMPI_Sendrecv
State,rank-104,MPI_STATE,0.005543,0.011536,0.005993,0.000000,PMPI_Sendrecv
State,rank-104,MPI_STATE,0.014697,0.014697,0.000000,0.000000,PMPI_Reduce
State,rank-104,MPI_STATE,0.014699,0.014699,0.000000,0.000000,PMPI_Reduce
State,rank-104,MPI_STATE,0.014701,0.014950,0.000249,0.000000,PMPI_Barrier
State,rank-104,MPI_STATE,0.014951,0.014951,0.000000,0.000000,PMPI_Finalize
State,rank-103,MPI_STATE,0.000000,0.000000,0.000000,0.000000,PMPI_Init
State,rank-103,MPI_STATE,0.000038,0.000408,0.000370,0.000000,PMPI_Barrier
State,rank-103,MPI_STATE,0.000412,0.000923,0.000511,0.000000,PMPI_Scatter
State,rank-103,MPI_STATE,0.000930,0.000938,0.000008,0.000000,PMPI_Sendrecv
State,rank-103,MPI_STATE,0.000939,0.000956,0.000017,0.000000,PMPI_Sendrecv
State,rank-103,MPI_STATE,0.000958,0.000984,0.000026,0.000000,PMPI_Sendrecv
State,rank-103,MPI_STATE,0.000986,0.001037,0.000051,0.000000,PMPI_Sendrecv
State,rank-103,MPI_STATE,0.001039,0.002539,0.001500,0.000000,PMPI_Sendrecv
State,rank-103,MPI_STATE,0.002540,0.005536,0.002996,0.000000,PMPI_Sendrecv
State,rank-103,MPI_STATE,0.005538,0.011536,0.005998,0.000000,PMPI_Sendrecv
State,rank-103,MPI_STATE,0.014817,0.014817,0.000000,0.000000,PMPI_Reduce
State,rank-103,MPI_STATE,0.014819,0.014819,0.000000,0.000000,PMPI_Reduce
State,rank-103,MPI_STATE,0.014821,0.014950,0.000129,0.000000,PMPI_Barrier
State,rank-103,MPI_STATE,0.014951,0.014951,0.000000,0.000000,PMPI_Finalize
State,rank-102,MPI_STATE,0.000000,0.000000,0.000000,0.000000,PMPI_Init
State,rank-102,MPI_STATE,0.000033,0.000408,0.000375,0.000000,PMPI_Barrier
State,rank-102,MPI_STATE,0.000411,0.000923,0.000512,0.000000,PMPI_Scatter
State,rank-102,MPI_STATE,0.000930,0.000938,0.000008,0.000000,PMPI_Sendrecv
State,rank-102,MPI_STATE,0.000940,0.000956,0.000016,0.000000,PMPI_Sendrecv
State,rank-102,MPI_STATE,0.000958,0.000984,0.000026,0.000000,PMPI_Sendrecv
State,rank-102,MPI_STATE,0.000986,0.001039,0.000053,0.000000,PMPI_Sendrecv
State,rank-102,MPI_STATE,0.001040,0.002542,0.001502,0.000000,PMPI_Sendrecv
State,rank-102,MPI_STATE,0.002545,0.005541,0.002996,0.000000,PMPI_Sendrecv
State,rank-102,MPI_STATE,0.005543,0.011536,0.005993,0.000000,PMPI_Sendrecv
State,rank-102,MPI_STATE,0.014732,0.014732,0.000000,0.000000,PMPI_Reduce
State,rank-102,MPI_STATE,0.014734,0.014734,0.000000,0.000000,PMPI_Reduce
State,rank-102,MPI_STATE,0.014736,0.014950,0.000214,0.000000,PMPI_Barrier
State,rank-102,MPI_STATE,0.014951,0.014951,0.000000,0.000000,PMPI_Finalize
State,rank-101,MPI_STATE,0.000000,0.000000,0.000000,0.000000,PMPI_Init
State,rank-101,MPI_STATE,0.000034,0.000408,0.000374,0.000000,PMPI_Barrier
State,rank-101,MPI_STATE,0.000412,0.000923,0.000511,0.000000,PMPI_Scatter
State,rank-101,MPI_STATE,0.000932,0.000940,0.000008,0.000000,PMPI_Sendrecv
State,rank-101,MPI_STATE,0.000942,0.000956,0.000014,0.000000,PMPI_Sendrecv
State,rank-101,MPI_STATE,0.000957,0.000983,0.000026,0.000000,PMPI_Sendrecv
State,rank-101,MPI_STATE,0.000985,0.001038,0.000053,0.000000,PMPI_Sendrecv
State,rank-101,MPI_STATE,0.001039,0.002541,0.001502,0.000000,PMPI_Sendrecv
State,rank-101,MPI_STATE,0.002543,0.005540,0.002997,0.000000,PMPI_Sendrecv
State,rank-101,MPI_STATE,0.005541,0.011536,0.005995,0.000000,PMPI_Sendrecv
State,rank-101,MPI_STATE,0.014772,0.014772,0.000000,0.000000,PMPI_Reduce
State,rank-101,MPI_STATE,0.014774,0.014774,0.000000,0.000000,PMPI_Reduce
State,rank-101,MPI_STATE,0.014776,0.014950,0.000174,0.000000,PMPI_Barrier
State,rank-101,MPI_STATE,0.014952,0.014952,0.000000,0.000000,PMPI_Finalize
State,rank-100,MPI_STATE,0.000000,0.000000,0.000000,0.000000,PMPI_Init
State,rank-100,MPI_STATE,0.000041,0.000408,0.000367,0.000000,PMPI_Barrier
State,rank-100,MPI_STATE,0.000412,0.000923,0.000511,0.000000,PMPI_Scatter
State,rank-100,MPI_STATE,0.000932,0.000940,0.000008,0.000000,PMPI_Sendrecv
State,rank-100,MPI_STATE,0.000942,0.000956,0.000014,0.000000,PMPI_Sendrecv
State,rank-100,MPI_STATE,0.000958,0.000984,0.000026,0.000000,PMPI_Sendrecv
State,rank-100,MPI_STATE,0.000986,0.001038,0.000052,0.000000,PMPI_Sendrecv
State,rank-100,MPI_STATE,0.001039,0.002542,0.001503,0.000000,PMPI_Sendrecv
State,rank-100,MPI_STATE,0.002544,0.005541,0.002997,0.000000,PMPI_Sendrecv
State,rank-100,MPI_STATE,0.005543,0.011536,0.005993,0.000000,PMPI_Sendrecv
State,rank-100,MPI_STATE,0.014777,0.014777,0.000000,0.000000,PMPI_Reduce
State,rank-100,MPI_STATE,0.014779,0.014779,0.000000,0.000000,PMPI_Reduce
State,rank-100,MPI_STATE,0.014781,0.014950,0.000169,0.000000,PMPI_Barrier
State,rank-100,MPI_STATE,0.014952,0.014952,0.000000,0.000000,PMPI_Finalize
State,rank-99,MPI_STATE,0.000000,0.000000,0.000000,0.000000,PMPI_Init
State,rank-99,MPI_STATE,0.000033,0.000408,0.000375,0.000000,PMPI_Barrier
State,rank-99,MPI_STATE,0.000412,0.000923,0.000511,0.000000,PMPI_Scatter
State,rank-99,MPI_STATE,0.000930,0.000938,0.000008,0.000000,PMPI_Sendrecv
State,rank-99,MPI_STATE,0.000940,0.000954,0.000014,0.000000,PMPI_Sendrecv
State,rank-99,MPI_STATE,0.000956,0.000984,0.000028,0.000000,PMPI_Sendrecv
State,rank-99,MPI_STATE,0.000986,0.001037,0.000051,0.000000,PMPI_Sendrecv
State,rank-99,MPI_STATE,0.001039,0.002539,0.001500,0.000000,PMPI_Sendrecv
State,rank-99,MPI_STATE,0.002542,0.005539,0.002997,0.000000,PMPI_Sendrecv
State,rank-99,MPI_STATE,0.005540,0.011519,0.005979,0.000000,PMPI_Sendrecv
State,rank-99,MPI_STATE,0.014512,0.014512,0.000000,0.000000,PMPI_Reduce
State,rank-99,MPI_STATE,0.014513,0.014513,0.000000,0.000000,PMPI_Reduce
State,rank-99,MPI_STATE,0.014515,0.014950,0.000435,0.000000,PMPI_Barrier
State,rank-99,MPI_STATE,0.014952,0.014952,0.000000,0.000000,PMPI_Finalize
State,rank-9,MPI_STATE,0.000000,0.000000,0.000000,0.000000,PMPI_Init
State,rank-9,MPI_STATE,0.000047,0.000407,0.000360,0.000000,PMPI_Barrier
State,rank-9,MPI_STATE,0.000410,0.000692,0.000282,0.000000,PMPI_Scatter
State,rank-9,MPI_STATE,0.000699,0.000708,0.000009,0.000000,PMPI_Sendrecv
State,rank-9,MPI_STATE,0.000709,0.000723,0.000014,0.000000,PMPI_Sendrecv
State,rank-9,MPI_STATE,0.000725,0.000756,0.000031,0.000000,PMPI_Sendrecv
State,rank-9,MPI_STATE,0.000758,0.001018,0.000260,0.000000,PMPI_Sendrecv
State,rank-9,MPI_STATE,0.001020,0.002538,0.001518,0.000000,PMPI_Sendrecv
State,rank-9,MPI_STATE,0.002540,0.005522,0.002982,0.000000,PMPI_Sendrecv
State,rank-9,MPI_STATE,0.005524,0.011534,0.006010,0.000000,PMPI_Sendrecv
State,rank-9,MPI_STATE,0.014719,0.014719,0.000000,0.000000,PMPI_Reduce
State,rank-9,MPI_STATE,0.014721,0.014721,0.000000,0.000000,PMPI_Reduce
State,rank-9,MPI_STATE,0.014723,0.014950,0.000227,0.000000,PMPI_Barrier
State,rank-9,MPI_STATE,0.014952,0.014952,0.000000,0.000000,PMPI_Finalize
State,rank-0,MPI_STATE,0.000000,0.000000,0.000000,0.000000,PMPI_Init
State,rank-0,MPI_STATE,0.000406,0.000407,0.000001,0.000000,PMPI_Barrier
State,rank-0,MPI_STATE,0.000415,0.000415,0.000000,0.000000,PMPI_Scatter
State,rank-0,MPI_STATE,0.000467,0.000925,0.000458,0.000000,PMPI_Sendrecv
State,rank-0,MPI_STATE,0.000926,0.000940,0.000014,0.000000,PMPI_Sendrecv
State,rank-0,MPI_STATE,0.000942,0.000968,0.000026,0.000000,PMPI_Sendrecv
State,rank-0,MPI_STATE,0.000969,0.001018,0.000049,0.000000,PMPI_Sendrecv
State,rank-0,MPI_STATE,0.001020,0.002538,0.001518,0.000000,PMPI_Sendrecv
State,rank-0,MPI_STATE,0.002539,0.005541,0.003002,0.000000,PMPI_Sendrecv
State,rank-0,MPI_STATE,0.005544,0.011536,0.005992,0.000000,PMPI_Sendrecv
State,rank-0,MPI_STATE,0.014559,0.014942,0.000383,0.000000,PMPI_Reduce
State,rank-0,MPI_STATE,0.014945,0.014946,0.000001,0.000000,PMPI_Reduce
State,rank-0,MPI_STATE,0.014948,0.014949,0.000001,0.000000,PMPI_Barrier
State,rank-0,MPI_STATE,0.014983,0.014983,0.000000,0.000000,PMPI_Finalize
